F0semitoneFrom27.5Hz_sma3nz_amean,F0semitoneFrom27.5Hz_sma3nz_stddevNorm,F0semitoneFrom27.5Hz_sma3nz_percentile20.0,F0semitoneFrom27.5Hz_sma3nz_percentile50.0,F0semitoneFrom27.5Hz_sma3nz_percentile80.0,F0semitoneFrom27.5Hz_sma3nz_pctlrange0-2,F0semitoneFrom27.5Hz_sma3nz_meanRisingSlope,F0semitoneFrom27.5Hz_sma3nz_stddevRisingSlope,F0semitoneFrom27.5Hz_sma3nz_meanFallingSlope,F0semitoneFrom27.5Hz_sma3nz_stddevFallingSlope,loudness_sma3_amean,loudness_sma3_stddevNorm,loudness_sma3_percentile20.0,loudness_sma3_percentile50.0,loudness_sma3_percentile80.0,loudness_sma3_pctlrange0-2,loudness_sma3_meanRisingSlope,loudness_sma3_stddevRisingSlope,loudness_sma3_meanFallingSlope,loudness_sma3_stddevFallingSlope,spectralFlux_sma3_amean,spectralFlux_sma3_stddevNorm,mfcc1_sma3_amean,mfcc1_sma3_stddevNorm,mfcc2_sma3_amean,mfcc2_sma3_stddevNorm,mfcc3_sma3_amean,mfcc3_sma3_stddevNorm,mfcc4_sma3_amean,mfcc4_sma3_stddevNorm,jitterLocal_sma3nz_amean,jitterLocal_sma3nz_stddevNorm,shimmerLocaldB_sma3nz_amean,shimmerLocaldB_sma3nz_stddevNorm,HNRdBACF_sma3nz_amean,HNRdBACF_sma3nz_stddevNorm,logRelF0-H1-H2_sma3nz_amean,logRelF0-H1-H2_sma3nz_stddevNorm,logRelF0-H1-A3_sma3nz_amean,logRelF0-H1-A3_sma3nz_stddevNorm,F1frequency_sma3nz_amean,F1frequency_sma3nz_stddevNorm,F1bandwidth_sma3nz_amean,F1bandwidth_sma3nz_stddevNorm,F1amplitudeLogRelF0_sma3nz_amean,F1amplitudeLogRelF0_sma3nz_stddevNorm,F2frequency_sma3nz_amean,F2frequency_sma3nz_stddevNorm,F2bandwidth_sma3nz_amean,F2bandwidth_sma3nz_stddevNorm,F2amplitudeLogRelF0_sma3nz_amean,F2amplitudeLogRelF0_sma3nz_stddevNorm,F3frequency_sma3nz_amean,F3frequency_sma3nz_stddevNorm,F3bandwidth_sma3nz_amean,F3bandwidth_sma3nz_stddevNorm,F3amplitudeLogRelF0_sma3nz_amean,F3amplitudeLogRelF0_sma3nz_stddevNorm,alphaRatioV_sma3nz_amean,alphaRatioV_sma3nz_stddevNorm,hammarbergIndexV_sma3nz_amean,hammarbergIndexV_sma3nz_stddevNorm,slopeV0-500_sma3nz_amean,slopeV0-500_sma3nz_stddevNorm,slopeV500-1500_sma3nz_amean,slopeV500-1500_sma3nz_stddevNorm,spectralFluxV_sma3nz_amean,spectralFluxV_sma3nz_stddevNorm,mfcc1V_sma3nz_amean,mfcc1V_sma3nz_stddevNorm,mfcc2V_sma3nz_amean,mfcc2V_sma3nz_stddevNorm,mfcc3V_sma3nz_amean,mfcc3V_sma3nz_stddevNorm,mfcc4V_sma3nz_amean,mfcc4V_sma3nz_stddevNorm,alphaRatioUV_sma3nz_amean,hammarbergIndexUV_sma3nz_amean,slopeUV0-500_sma3nz_amean,slopeUV500-1500_sma3nz_amean,spectralFluxUV_sma3nz_amean,loudnessPeaksPerSec,VoicedSegmentsPerSec,MeanVoicedSegmentLengthSec,StddevVoicedSegmentLengthSec,MeanUnvoicedSegmentLength,StddevUnvoicedSegmentLength,equivalentSoundLevel_dBp,participant,session,engagement_id,speaker,engagement_start_time,engagement_end_time,speaker_start_time,speaker_end_time,num_segments,speech_duration,label
38.17635,0.09772308,35.278057,36.993576,39.521873,4.2438164,86.409035,37.297623,103.80061,145.39279,1.8283371,0.6183835,0.8341443,1.5340433,2.8905845,2.05644,16.373339,6.5511966,7.4473267,4.599641,1.1109024,0.7506612,19.074747,0.71085393,0.6200911,21.10482,-11.795535,-0.8410406,-18.021574,-0.75083804,0.020853773,1.3870704,1.0233691,0.50442064,6.535958,0.6213808,3.5219536,3.0046885,20.766397,0.6889134,818.8817,0.23802127,1236.1359,0.2119694,-40.053978,-1.8181827,1865.2853,0.13491595,1125.6091,0.25998428,-47.172523,-1.3341877,2897.5962,0.08641482,964.95746,0.40295073,-51.3716,-1.194562,-9.184592,-1.0414827,22.428656,0.5022014,0.057296533,0.46632117,-0.01769209,-0.901078,1.2130746,0.68629384,20.122107,0.6775615,0.12964413,104.19868,-11.886678,-0.83930284,-19.856277,-0.6718152,-7.086336,16.146837,0.05040367,-0.017545916,0.72617424,2.6717558,2.7237356,0.29714283,0.2229487,0.064,0.054258637,-13.164045,9,15,0,SPEAKER_00,0.0,45.266667,0.03096875,2.6634687500000003,1,2.6325,engaged
38.43686,0.12573342,35.68488,36.49347,39.050793,3.3659134,105.20556,162.44553,162.20491,140.08357,1.5352094,0.6047057,0.80104476,1.31382,1.9919481,1.1909034,10.510097,4.81117,8.594689,3.3217716,1.0566262,0.74312544,27.481684,0.4142506,5.705925,1.9404798,-13.053029,-0.9294043,-20.834076,-0.4187596,0.02339179,1.3660674,1.0889344,0.59419316,7.977769,0.4237893,6.4382496,1.033226,32.027115,0.30112126,829.79443,0.22138718,1364.473,0.18040475,-49.118507,-1.5395274,1830.8671,0.12700059,1116.6626,0.22327356,-56.9512,-1.1689929,2983.657,0.07750597,918.673,0.25080577,-64.998795,-0.9618097,-16.410818,-0.4791809,28.903786,0.28448895,0.075188585,0.29563436,-0.029986203,-0.34811527,1.129088,0.6396549,28.566816,0.40852866,5.866436,2.0077498,-13.666279,-0.9324736,-22.000525,-0.39090154,-13.470598,22.895998,0.07244557,-0.028323004,0.8991142,2.469136,2.5210085,0.31,0.24406284,0.078,0.04354308,-12.816104,9,15,0,SPEAKER_00,0.0,45.266667,3.0515937500000003,5.498468750000001,1,2.446875,engaged
35.305733,0.029735172,34.178013,35.569458,36.201115,2.0231018,27.226704,17.30226,0.6411972,12.928668,1.0753242,0.38539544,0.71271205,1.0133636,1.4061459,0.6934339,13.957386,3.469707,3.1210415,3.9615417,0.82130647,0.48464057,27.264994,0.33771777,9.681352,1.2487738,-3.1810832,-2.6993263,-27.389454,-0.43905845,0.02656593,1.0171688,1.0778716,0.45406777,7.0177875,0.443853,3.9171827,1.4668369,36.45958,0.1664842,755.1384,0.18472074,1500.7953,0.15451327,-121.535736,-0.73059565,1837.2217,0.133738,1322.7574,0.22553046,-126.40991,-0.62355185,2873.0564,0.061113022,1053.4935,0.3705867,-127.56339,-0.60841477,-20.585272,-0.24913651,30.35359,0.23326796,0.079387054,0.21081948,-0.038737576,-0.24810378,1.0578797,0.27059186,31.673365,0.24561305,14.890468,0.61762995,-4.7211213,-1.9170604,-33.713173,-0.22922316,-14.96452,22.175774,0.05971328,-0.030111987,0.7170194,4.8192773,3.846154,0.103333324,0.07930251,0.099999994,0.025495097,-16.4337,9,15,0,SPEAKER_00,0.0,45.266667,5.886593750000001,6.730343750000001,1,0.84375,engaged
36.844563,0.07139167,35.753372,36.536594,38.560318,2.8069458,39.08873,18.318796,17.774998,9.200939,1.0264204,0.5328479,0.5539747,0.9580549,1.4774857,0.92351097,10.037217,5.6685185,8.391344,3.2991068,0.8858098,0.70563084,25.818558,0.43353045,16.802105,0.7420436,-3.2401574,-3.7812862,-17.128942,-0.7062625,0.038076345,2.232708,1.1463331,0.52848226,7.917315,0.45814732,10.6698065,0.836889,29.33511,0.931612,800.10925,0.20137516,1366.4797,0.19807263,-53.03218,-1.3245898,1927.8041,0.11180162,1122.4387,0.281104,-63.96329,-0.9544594,2999.6597,0.08064668,903.28033,0.259079,-67.4811,-0.8737018,-21.231941,-0.3727779,31.422195,0.26703727,0.071460985,0.2809513,-0.02856657,-0.619263,1.0077277,0.6212781,28.253431,0.34421796,17.375235,0.76176935,-3.8529885,-3.3751001,-18.488457,-0.64538413,-16.514046,25.446218,0.052504778,-0.007844784,0.5676978,2.966102,2.5974026,0.30666664,0.20303255,0.048571426,0.039070837,-13.406176,9,15,0,SPEAKER_00,0.0,45.266667,9.78471875,12.164093750000005,1,2.379375,engaged
36.812897,0.08235944,35.520077,36.327587,38.036697,2.5166206,96.828865,73.06982,119.17374,118.052666,1.2038507,0.53243136,0.69420743,1.1379983,1.6804699,0.98626244,8.516886,6.1392393,7.492435,3.9832935,0.7071948,0.64144385,24.343075,0.4324776,11.269934,1.2264725,-5.5056043,-2.558999,-18.161863,-0.5701184,0.018855747,1.5546727,1.0845306,0.58468795,8.960349,0.36108786,10.269472,1.1073331,30.997143,0.33220226,744.77454,0.24166283,1378.9846,0.16629615,-60.953926,-1.3849777,1843.8918,0.13549551,1134.7964,0.29516616,-69.44193,-1.0731559,2916.459,0.08974863,989.93713,0.32203293,-73.77222,-0.9718691,-18.147202,-0.48240185,28.72918,0.26841265,0.07322289,0.23426124,-0.026891498,-0.4478581,0.8251369,0.477461,27.246506,0.31926224,10.750844,1.4088639,-5.3824186,-2.8242993,-20.692003,-0.43106994,-10.524104,18.80116,0.03808964,-0.016275944,0.38232738,2.2569447,1.7513134,0.417,0.18628204,0.12090909,0.13687782,-14.348137,9,15,0,SPEAKER_00,0.0,45.266667,12.484718750000004,18.25596875,1,5.77125,engaged
36.917656,0.051432107,36.22099,37.01337,38.3289,2.1079102,112.48259,123.96733,16.147919,11.238317,1.0602016,0.52293766,0.5476817,0.9419403,1.5936468,1.0459651,12.592098,8.909467,8.237195,2.7887948,0.85280925,0.71002895,28.690441,0.3216929,10.006785,1.2250348,-2.6597824,-5.271557,-15.797195,-0.47152746,0.027056247,1.306485,1.2950258,0.5817921,8.2067175,0.45773622,7.189702,1.5385327,30.995768,0.28472775,806.1182,0.1868863,1324.572,0.19086535,-69.3307,-1.1895417,1888.0686,0.09607093,1073.529,0.32357895,-79.44612,-0.9377236,3002.3386,0.05992801,996.2215,0.39845672,-83.995895,-0.84555495,-20.67661,-0.36233908,31.489494,0.24092978,0.05668529,0.4000202,-0.03148909,-0.27458757,1.035631,0.58164126,31.336939,0.19221887,9.040718,1.384857,-2.843617,-5.257993,-17.432625,-0.37501627,-14.886994,23.536982,0.04707291,-0.024276724,0.46942332,3.8834953,2.631579,0.25875,0.16661613,0.08888889,0.037843082,-13.690585,9,15,0,SPEAKER_00,0.0,45.266667,18.74534375,21.85034375,1,3.105,engaged
38.177753,0.07878218,38.876633,38.988388,39.281185,0.40455246,5.190862,0.0,-244.13309,0.0,0.49261537,0.31855702,0.3813656,0.48939764,0.60111284,0.21974725,5.5809026,3.4825642,1.7539687,3.360572,0.13766004,0.59881914,17.351824,0.2400069,14.434846,0.44570857,0.61238545,12.659981,-14.507547,-0.44574362,0.030662166,1.5369364,1.1173526,0.6584981,10.353668,0.2758736,12.966712,0.39738044,24.528114,0.19658412,829.00806,0.1547436,1379.5211,0.12264146,-71.18382,-1.0839365,1903.6138,0.09106383,1091.5964,0.1461064,-76.21525,-0.9195201,2867.8025,0.052796073,730.8678,0.22879706,-74.6303,-0.95019335,-18.501804,-0.18451345,28.165031,0.15925385,0.03680414,0.45765942,-0.017282432,-0.47910568,0.1076206,0.4429946,18.534693,0.17700231,17.876719,0.21264294,4.619979,1.2110802,-14.411918,-0.48005453,-9.381295,20.520815,0.046462286,-0.01821705,0.24931875,5.6603775,2.0833335,0.35,0.0,0.11,0.0,-29.789024,9,15,0,SPEAKER_01,0.0,45.266667,6.98346875,7.523468750000001,1,0.54,engaged
38.993614,0.0076358104,38.728058,38.893307,39.28509,0.55703354,9.531034,2.9294736,8.809402,2.276948,0.33298692,0.33212656,0.2227253,0.34910345,0.41183513,0.18910983,0.6221951,1.512737,1.0785719,0.0,0.070999175,0.5992862,18.05359,0.53021497,15.605942,0.46780097,2.1444929,1.7808121,-13.495718,-0.97540885,0.013505094,0.8453815,0.67282224,0.8297768,12.493838,0.17789178,10.989938,0.28235272,24.280231,0.1405121,847.12317,0.10613663,1251.3812,0.17308773,-59.83504,-1.1952178,1911.1287,0.06612127,1075.5267,0.11759396,-71.27653,-0.9037542,2889.921,0.033810146,627.01654,0.31816924,-69.65072,-0.93624085,-19.606005,-0.38638988,29.558004,0.29828456,0.045010205,0.3033791,-0.023691656,-0.7927127,0.08823855,0.4496609,22.160772,0.3609763,18.288256,0.36516875,2.008082,1.7868274,-18.0759,-0.7150287,-5.268711,10.732533,0.011373416,0.0031961654,0.02342106,2.2727273,2.631579,0.29,0.0,0.07,0.0,-30.295464,9,15,0,SPEAKER_01,0.0,45.266667,8.215343750000002,8.67096875,1,0.455625,engaged
43.23962,0.011077884,42.80647,43.2431,43.673107,0.8666382,14.553406,2.8241935,4.0447235,10.932285,0.45560274,0.5069642,0.23406008,0.40286615,0.7141227,0.48006263,5.7992163,0.0,-3.9809473,0.0,0.18493624,0.5603175,24.838928,0.24009174,6.565859,0.7663235,-12.409673,-0.9375356,-34.15046,-0.41438025,0.015360976,1.1228194,1.0379399,0.67455053,12.281175,0.21065776,11.108028,0.3971476,33.489788,0.1447404,939.8979,0.101092085,1189.1409,0.081972435,-29.884254,-1.607479,2126.086,0.06639843,1211.0298,0.23567367,-51.592335,-0.7835573,3103.4028,0.033740703,977.2368,0.2494595,-51.67194,-0.7804478,-16.867432,-0.2933145,30.07297,0.1843148,0.05431918,0.17676482,-0.021973884,-0.3342511,0.21773483,0.4492236,25.812546,0.17430605,6.935606,0.8319366,-14.627114,-0.8029027,-38.803074,-0.3175934,-4.846917,10.648163,0.032163315,-0.0016522849,0.02934758,3.448276,4.3478265,0.19999999,0.0,0.0,0.0,-26.536736,9,15,0,SPEAKER_01,0.0,45.266667,9.36284375,9.66659375,1,0.30375,engaged
43.754314,0.015920334,42.924633,43.763042,44.489178,1.5645447,0.07667879,0.0,0.0,0.0,1.7423773,0.18154162,1.3505744,1.7308619,2.0568442,0.70626986,10.144069,0.0,4.760543,0.0,0.5058071,0.32360712,9.178611,0.43915322,-5.961899,-0.85722506,-23.480734,-0.22757423,-29.26642,-0.38655126,0.017617498,0.42211276,0.9856231,0.43016338,6.690511,0.35013425,10.597908,0.63237727,27.90879,0.18501566,525.3259,0.26686892,1406.9763,0.08794398,3.5517862,0.56006473,1518.8093,0.07172338,1112.8461,0.12597235,-14.046151,-0.6397427,2683.0244,0.070040524,1180.909,0.4754418,-24.157387,-0.16423525,-6.6047845,-0.7698992,18.252369,0.20173521,0.047073085,0.35898787,-0.014238852,-0.8518534,0.4546572,0.17191367,8.95968,0.45507744,-7.0589347,-0.65193045,-25.665407,-0.10859723,-32.111595,-0.32714227,0.0,0.0,0.0,0.0,0.0,0.0,3.846154,0.25,0.0,0.0,0.0,-18.396715,9,15,0,SPEAKER_01,0.0,45.266667,40.07534375,40.41284375,1,0.3375,engaged
47.559612,0.1414164,41.1474,44.323727,56.06209,14.914692,66.21922,0.0,1.4131546,0.0,1.1633154,0.5890218,0.53932077,0.9576504,1.8394791,1.3001583,1.1827674,7.130486,8.843194,0.0,0.8813242,0.86765486,13.097355,0.5096454,-5.269113,-3.224053,-0.24379031,-56.665466,-37.51619,-0.37444797,0.038045354,0.6896817,1.1922528,0.72513556,8.561882,0.39995652,14.318875,0.39402196,11.955891,0.7428731,765.06946,0.22866566,1262.475,0.14004065,-47.613647,-1.3633126,1943.3444,0.116343096,809.0724,0.36951786,-43.885574,-0.8495212,2854.9583,0.07278132,825.4614,0.3434267,-36.503532,-1.0788107,-10.9345045,-0.5635402,14.394352,0.49434668,0.057197727,0.4058839,-0.03419074,-0.37566805,1.0780113,0.6926088,13.502264,0.5479028,-2.486291,-6.8583956,-0.16921765,-85.995,-42.353714,-0.2927929,-3.7676802,6.5030756,0.0017455202,-0.0069073075,0.7495784,2.3809524,2.857143,0.32,0.0,0.0,0.0,-16.848766,9,15,0,SPEAKER_01,0.0,45.266667,41.69534375,42.134093750000005,1,0.43875,engaged
43.190273,0.038782295,41.649933,43.036167,45.089264,3.439331,24.195862,0.0,18.05724,21.178526,0.38704562,0.3776848,0.24969871,0.3907417,0.54365563,0.29395694,2.924968,0.8810883,1.6845717,0.13805324,0.15524197,0.7193978,16.816612,0.5449904,20.231113,0.36514583,7.368808,1.1647455,-28.138414,-0.5095123,0.019286642,0.4820431,0.9595441,0.3690639,11.342287,0.24872157,15.513416,0.30187476,22.909082,0.20705307,846.46875,0.13112223,1104.4608,0.07353637,-110.24596,-0.7896113,2045.7013,0.0712426,934.64404,0.14244491,-120.05541,-0.61544955,2974.742,0.030471567,563.31506,0.27334604,-114.928185,-0.6839251,-23.308128,-0.15010025,30.729582,0.124366626,0.045767885,0.55246013,-0.029266493,-0.37561214,0.20940737,0.47622472,24.809994,0.17971781,17.800308,0.49570292,2.8013794,2.5274856,-37.75205,-0.36755612,-11.394238,16.015076,0.017633276,-0.01812781,0.11748577,3.125,1.6949153,0.31,0.0,0.26,0.0,-27.559704,9,15,0,SPEAKER_01,0.0,45.266667,42.60659375,43.26471875,1,0.658125,engaged
51.300163,0.006091366,51.039215,51.351116,51.59541,0.5561943,0.0,0.0,-0.16925888,0.0,0.8486953,0.24795024,0.6722487,0.7223085,1.0867822,0.4145335,5.886854,0.0,-6.9898725,0.0,0.5360786,0.68959624,12.810919,0.25391027,-22.674572,-0.10838357,-21.823494,-0.41039398,-13.328369,-0.3794827,0.026637709,0.1194297,2.0881956,0.12351952,4.8872223,0.1740395,31.800797,0.071920596,24.855377,0.3815939,702.8618,0.18620583,1286.8157,0.13090374,17.290161,0.022736508,1688.2188,0.14060909,1410.76,0.19658405,-4.6288376,-1.2618114,2553.3884,0.08947585,977.9289,0.12832355,-11.740999,-0.5598035,5.303579,0.46568906,12.464183,0.20595159,-0.004518648,-1.3626816,-0.010687732,-0.39027253,0.25554356,0.1640429,15.582553,0.07820044,-20.992008,-0.10298104,-12.526529,-0.30081847,-8.104202,-0.23149258,0.0,0.0,0.0,0.0,0.0,8.333334,20.000002,0.04,0.0,0.0,0.0,-21.145319,9,15,0,SPEAKER_01,0.0,45.266667,44.90159375,45.03659375,1,0.135,engaged
41.200153,0.041918494,39.943264,40.526096,43.321995,3.3787308,13.84215,0.0,-3.30472,0.0,0.7165328,0.49900395,0.34200066,0.61024547,1.1489394,0.8069387,2.1290088,1.2393498,2.5029624,0.0,0.2447868,0.7354505,20.01952,0.45226938,9.316046,0.5277539,-18.360447,-0.9633231,-33.453995,-0.27225846,0.021312874,0.6880464,0.79529464,0.48269928,9.885241,0.30060533,3.9931455,3.1241128,35.528908,0.20759058,811.534,0.06267101,1264.8667,0.09526708,-40.070133,-1.9726933,1814.6172,0.07311672,1056.252,0.17480089,-58.739784,-1.1955743,3007.796,0.01872084,622.7604,0.19083686,-68.10902,-0.94822615,-18.658157,-0.20676635,30.224567,0.21807194,0.039060142,0.4912331,-0.037055247,-0.12923127,0.31247467,0.5227984,23.824636,0.26854005,9.530799,0.53439945,-25.954704,-0.50095284,-37.660538,-0.13010971,-7.7648387,14.103007,0.0333656,-0.018547993,0.06608644,1.4705882,1.5873016,0.48999998,0.0,0.055,0.015,-22.000746,9,15,0,SPEAKER_02,0.0,45.266667,30.05159375,30.74346875,1,0.691875,engaged
41.358112,0.037911516,39.812634,42.09542,42.684723,2.8720894,0.0,0.0,-0.19229968,0.0,0.5407818,0.47225806,0.28704935,0.5170388,0.83903915,0.5519898,1.279635,1.9205539,2.275455,0.0,0.20904686,0.6019409,16.221905,0.38011935,10.607861,0.6173694,-4.2333508,-3.3572235,-32.3488,-0.34589592,0.03547897,0.44414994,1.448951,0.6193009,4.6493435,0.84140456,9.30536,0.8084242,35.00195,0.09493264,832.1837,0.11397815,1375.2498,0.21576159,-125.97242,-0.72754157,1852.2646,0.08581197,1171.5854,0.11416872,-131.53714,-0.6173599,2954.13,0.043096796,949.7101,0.31750944,-133.01532,-0.5970994,-17.004374,-0.17996696,24.65738,0.159796,0.0841351,0.17800993,-0.03466503,-0.35178882,0.3046436,0.3290288,21.69436,0.20921081,8.863842,0.51692814,-19.565016,-0.3123388,-41.657387,-0.19381824,-9.428383,15.541719,0.047879294,-0.017489538,0.16839346,1.5625,1.6949153,0.22999999,0.0,0.16499999,0.085,-26.742496,9,15,0,SPEAKER_02,0.0,45.266667,31.992218750000006,32.650343750000005,1,0.658125,engaged
40.904385,0.03782733,39.678993,41.04828,42.486084,2.8070908,23.057579,0.0,-34.913662,0.0,0.8226094,0.8000536,0.25275296,0.5477026,1.4377422,1.1849892,17.731825,1.9601496,1.2655016,3.4308436,0.47260773,0.97591096,18.109175,0.38378623,-0.6447087,-14.20655,-4.1272464,-2.5314772,-31.163994,-0.67411125,0.032002907,1.0014186,1.1861204,0.47943056,7.849782,0.50820565,6.995824,1.0283526,27.465189,0.3961218,844.179,0.14749393,1335.1304,0.15275465,-114.4301,-0.82456785,1895.6151,0.13774809,1020.65106,0.37811822,-114.45841,-0.7487604,2925.0217,0.06274379,1113.2394,0.3321302,-115.3544,-0.73757106,-12.728402,-0.38334423,21.455334,0.32886785,0.027932083,0.71754944,-0.031028729,-0.4927552,0.7263882,0.6847,20.587303,0.35747975,-3.015591,-3.306871,-11.053174,-0.99998397,-40.178043,-0.41228077,-8.615282,15.781775,0.035277553,-0.019201573,0.29429972,4.054054,2.8985507,0.155,0.055,0.11,0.032659862,-19.085356,9,15,0,SPEAKER_02,0.0,45.266667,33.76409375,34.52346875,1,0.759375,engaged
43.922386,0.037313208,42.813137,43.49642,46.00998,3.1968422,-22.455355,0.0,24.235535,0.0,0.45011106,0.3111518,0.32590902,0.429408,0.60306704,0.27715802,0.3797096,1.8976318,1.8074542,0.0,0.20016,0.77992094,22.877722,0.32289916,14.520583,0.2553482,-3.8318334,-2.6809154,-27.297915,-0.35802066,0.019389927,0.765173,1.0526093,0.6780861,12.084754,0.24667467,4.5925817,1.0555403,22.760254,0.49742377,882.92883,0.26444876,1268.1478,0.23529756,-45.667774,-1.1824292,1964.6205,0.13519543,1145.0376,0.16566412,-61.815407,-0.64102495,2968.725,0.080622196,1009.2632,0.24667332,-60.94482,-0.65884715,-18.580412,-0.2450502,34.330788,0.20831098,0.05764183,0.17305255,-0.01668333,-0.68546176,0.21510874,0.7945322,21.248499,0.34673196,13.458118,0.22975105,-6.4334054,-1.5893182,-29.758965,-0.32888135,-19.268972,29.761728,0.02852766,-0.026978415,0.24772605,3.125,3.7037039,0.22999999,0.0,0.0,0.0,-24.751865,9,15,0,SPEAKER_02,0.0,45.266667,36.83534375,37.172843750000006,1,0.3375,engaged
38.581406,0.037462972,37.412125,38.390255,38.895508,1.4833832,18.765041,0.0,-14.586876,17.794472,0.8382135,0.6703992,0.28685504,0.730355,1.3524914,1.0656364,6.783837,3.454845,2.2068148,6.1710324,0.46843007,0.95270735,15.483424,0.5183799,4.1807284,1.5265154,-7.149139,-0.9921506,-32.25366,-0.49027348,0.009919633,0.5359426,1.0246416,0.5453697,8.775848,0.35213357,0.20934539,42.449585,17.277283,2.354772,786.6005,0.17979972,1221.1385,0.117306665,-91.82935,-1.0653049,1969.5519,0.10596728,875.2164,0.2560065,-95.23649,-0.90972286,2978.1086,0.08142323,949.7197,0.34405613,-97.25682,-0.8717023,-16.10289,-0.24345972,22.514038,0.22876526,0.06254805,0.25692278,-0.032576837,-0.7435915,0.5769548,0.63474935,19.013649,0.36503,5.349441,1.1648207,-11.216669,-0.45861253,-39.750443,-0.284969,-10.895197,17.121859,0.057418365,-0.011560656,0.48213208,2.4691358,2.631579,0.21499999,0.105,0.09333333,0.03091206,-20.434246,9,15,0,SPEAKER_02,0.0,45.266667,37.35846875,38.18534375,1,0.826875,engaged
30.345161,0.0,30.345161,30.345161,30.345161,0.0,0.0,0.0,0.0,0.0,0.65792257,0.075369954,0.61340404,0.64475,0.70477736,0.091373324,2.2915914,0.36350292,2.1592283,0.2931856,0.16039951,0.4093072,8.420656,0.16106875,-18.12584,-0.29992795,-17.675745,-0.16532324,-17.671928,-0.39643455,0.025582172,1.2094327,1.6765788,0.46134108,4.699502,0.481364,10.70444,0.4590933,-1.9159478,-3.2405918,470.05133,0.40549013,1043.8561,0.06677749,1.8168482,2.0014472,1484.5839,0.10193684,871.9927,0.06697503,15.131936,0.28421092,2475.7495,0.062101323,772.4663,0.09562636,9.903194,0.20333685,-7.8136015,-0.3285483,17.946968,0.1562272,0.0016251787,3.505242,-0.01373364,-0.29005674,0.20102967,0.36887503,8.734297,0.116722584,-21.978485,-0.12598917,-18.694874,-0.2005145,-12.7059765,-0.33482677,0.0,0.0,0.0,0.0,0.0,8.333334,0.0,0.0,0.0,0.0,0.0,-28.046343,9,15,1,SPEAKER_01,45.3,46.133333,45.99846875,46.133333,1,0.134875,disengaged
41.753475,0.034598403,40.393703,42.17878,43.11444,2.7207375,0.0,0.0,-0.1585016,0.0,0.6235271,0.30129868,0.4413417,0.64699745,0.77399445,0.33265275,2.3088405,0.0,-0.15471315,1.9224162,0.24601367,0.31097895,22.00631,0.38353795,10.004431,0.57116735,-8.225742,-1.0982921,-39.518105,-0.3686388,0.030556126,0.76244986,0.9205861,0.33814508,8.542131,0.16341093,15.096304,0.21369979,30.318546,0.37196273,839.12024,0.088668495,1203.3219,0.1782791,-47.25892,-1.4381363,2038.5126,0.085152686,976.97284,0.3286623,-58.43257,-0.9642591,2930.4917,0.048438143,936.82947,0.21771404,-57.824486,-0.97791463,-18.991547,-0.09800763,28.844921,0.16846843,0.064292625,0.18804371,-0.041777045,-0.14711775,0.26579967,0.2936801,18.577993,0.37076166,9.104088,0.70341,-10.850741,-0.8105575,-46.92614,-0.16055068,-20.591167,32.98287,0.015835125,-0.037505526,0.2868272,2.5641026,2.9411764,0.28,0.0,0.04,0.0,-24.84723,9,15,2,SPEAKER_01,46.166667,65.6,46.166667,46.572218750000005,1,0.4055625,engaged
34.926907,0.0,34.926907,34.926907,34.926907,0.0,0.0,0.0,0.0,0.0,0.5010934,0.04615505,0.48235828,0.49802163,0.50970817,0.02734989,3.2598526,0.0,1.1057824,0.0,0.2038187,0.46983206,24.693207,0.027348995,1.7317749,2.000147,-14.523145,-0.30449623,-33.583435,-0.06616839,0.0,0.0,0.004168433,0.0,7.2444835,0.0,36.61584,0.0,42.670006,0.0,845.3714,0.0,1012.3861,0.0,13.061251,0.0,1827.824,0.0,776.1523,0.0,5.0917025,0.0,2950.8135,0.0,426.51712,0.0,-7.3218203,0.0,-27.783813,0.0,35.07194,0.0,0.09841573,0.0,-0.02131004,0.0,0.0,0.0,23.66725,0.0,9.792771,0.0,-3.4462087,0.0,-38.653683,0.0,0.0,0.0,0.0,0.0,0.0,0.0,0.0,0.0,0.0,0.0,0.0,-25.234396,9,15,2,SPEAKER_01,46.166667,65.6,48.17534375,48.242843750000006,1,0.0675,engaged
39.5854,0.055730544,37.362495,39.974003,40.541588,3.1790924,68.86495,63.086147,18.41391,19.59127,1.3933612,0.50060993,0.9068146,1.2583195,2.1786466,1.271832,6.0932508,2.9688306,5.795064,5.60474,0.46314967,0.5683973,9.620311,0.6898341,-9.341091,-1.1511487,-2.0918903,-3.7971551,-34.498684,-0.35357383,0.01696323,1.3223087,0.97211343,0.66629326,7.364643,0.605178,2.6627264,3.5046654,7.5233645,4.197629,825.97406,0.21450685,1223.1636,0.12266497,-40.962566,-1.8536913,1940.7866,0.051806968,807.2998,0.32094228,-44.841206,-1.555507,2834.26,0.07278346,1055.0264,0.4548791,-44.6397,-1.5788352,-7.156009,-0.82469076,10.732864,0.6105731,0.057197552,0.38782164,-0.03138539,-0.6874307,0.49303946,0.51791304,10.380336,0.5657202,-10.141307,-1.0037814,-0.90591353,-8.934084,-37.631535,-0.2285799,-8.950495,13.057083,0.0607561,-0.016399838,0.42342812,2.6666667,3.4722223,0.22399999,0.16835676,0.044,0.028705398,-19.598541,9,15,2,SPEAKER_01,46.166667,65.6,49.508468750000006,51.02721875,1,1.51875,engaged
40.17536,0.009818338,39.703712,40.295364,40.450554,0.74684143,15.132081,8.028116,3.1049175,0.0,2.412486,0.17254966,2.02151,2.5973604,2.7146606,0.69315076,3.8647404,1.9225078,0.67876977,7.106742,0.47535482,0.42543447,5.7022877,0.41066185,-23.343805,-0.39870065,1.6517035,4.4507074,-36.966732,-0.1559775,0.0034984373,0.4609363,0.66437596,0.58371437,9.650416,0.28415075,-6.66606,-0.33111975,2.2387366,1.3701468,749.76874,0.24774164,1410.8989,0.16448154,-11.228835,-5.716572,1838.3162,0.044044107,744.9916,0.25692615,-20.69969,-2.4920287,2882.0073,0.04462741,974.99585,0.35651872,-13.871244,-3.8676317,-0.8302323,-2.3289964,4.9912133,0.80766046,0.03812852,0.39765158,-0.028829874,-0.13426208,0.41779634,0.2518328,5.2723308,0.41162172,-26.98077,-0.18511806,-0.7863341,-4.884194,-37.17873,-0.14832513,-4.238962,7.99842,0.064266525,-0.037471034,1.0063908,5.6603775,2.0833335,0.42999998,0.0,0.03,0.0,-15.981722,9,15,2,SPEAKER_00,46.166667,65.6,51.02721875,51.56721875,1,0.54,engaged
36.55359,0.18378666,33.401665,38.409508,41.597897,8.196232,228.54074,0.0,47.634758,11.156844,1.0040162,0.60821193,0.39306885,0.8920684,1.824581,1.4315121,8.237126,3.6658177,4.2620068,2.9658663,0.5850147,0.7120371,26.591038,0.28721753,0.9776975,14.159348,-15.65138,-0.46795627,-21.633368,-1.0008304,0.032389753,1.3813491,1.4927548,0.7679337,5.8373227,0.8645731,5.7760024,2.0843518,27.776415,0.27014396,871.29144,0.1368882,1259.8112,0.18164645,-71.768814,-1.2398175,1833.9353,0.10328762,1105.91,0.22521839,-76.1699,-1.0823581,2929.4978,0.06960532,889.78296,0.2007196,-82.1144,-0.9545874,-11.857534,-0.7571829,26.101578,0.32079226,0.08023876,0.1650894,-0.020672351,-0.7713441,0.76175493,0.552015,28.286484,0.22166367,-2.15378,-7.2695565,-15.582803,-0.4278087,-20.61132,-1.0651456,-11.431959,29.449957,0.057251092,-0.010621679,0.22836576,3.7500002,4.054054,0.15666667,0.12119772,0.105,0.085,-18.499475,9,15,2,SPEAKER_00,46.166667,65.6,55.515968750000006,56.32596875,1,0.81,engaged
38.368862,0.09777242,36.05117,37.149033,43.214993,7.163822,75.524124,28.79099,383.32602,423.88,1.1911551,0.41836232,0.6888443,1.1518296,1.6108454,0.9220011,6.832808,2.3959367,7.2275777,2.4511445,0.80163133,0.5710517,19.157822,0.44123632,7.04957,1.7306554,-14.049323,-0.9255442,-21.384789,-0.39701638,0.021683408,0.47329026,1.6416568,0.4344956,3.4075458,0.9393758,14.800088,0.72181016,29.484905,0.24940284,865.059,0.1277465,1173.2683,0.18338327,-92.59135,-0.95246047,2028.3098,0.07651542,980.2052,0.4410419,-99.941185,-0.79898274,3053.0352,0.081318535,999.76276,0.19290443,-102.64133,-0.75756246,-13.547864,-0.5413269,24.428053,0.21860147,0.0880058,0.17278549,-0.035636038,-0.2190595,1.0424674,0.43889642,23.254986,0.29715446,7.413,1.9898815,-10.054605,-1.2611816,-22.381758,-0.33920476,-8.193266,21.358803,0.08565732,-0.026665747,0.5904444,3.0,6.451613,0.07666666,0.026246693,0.068,0.034292858,-17.384314,9,15,2,SPEAKER_00,46.166667,65.6,56.359718750000006,57.37221875,1,1.0125,engaged
35.99938,0.051107537,34.29145,35.657475,37.867188,3.575737,38.276516,22.42603,21.364798,13.147875,1.1103162,0.4067844,0.7125762,1.0070019,1.5421349,0.8295587,11.374632,6.352811,7.2443533,3.9027507,0.7338932,0.6479469,25.378428,0.453696,9.1282,1.2344452,-6.789047,-1.451356,-21.605204,-0.46538728,0.023010958,0.7565391,1.33858,0.50053865,5.545948,0.6344273,4.078377,2.412702,29.066965,0.2864296,729.4979,0.26661715,1385.4646,0.15161246,-39.74324,-1.6658815,1842.6661,0.16167924,1068.7169,0.22658128,-48.84534,-1.1767404,2911.7522,0.09390924,1000.3503,0.3839931,-53.926502,-1.0333062,-16.512869,-0.3474455,27.45727,0.24606827,0.07897124,0.19177039,-0.03480225,-0.30540958,0.8285147,0.56157285,28.779152,0.2721529,7.524201,1.4616549,-6.0996237,-1.6380863,-23.049494,-0.4369113,-8.007579,13.937286,0.065916106,-0.022384651,0.27185804,4.477612,2.0408163,0.4125,0.5540476,0.057499997,0.0449305,-16.330605,9,15,2,SPEAKER_00,46.166667,65.6,58.67159375000001,60.696593750000005,1,2.025,engaged
39.041523,0.06041873,37.012817,39.305794,41.720856,4.7080383,34.699165,38.611637,30.800459,25.00427,0.9777725,0.49197093,0.48948786,0.9158519,1.5553392,1.0658513,6.460945,2.2247303,8.241787,2.2354555,0.68271935,0.9161611,18.91965,0.7461935,6.586106,1.2902747,-17.055883,-0.8571679,-9.939682,-1.1050042,0.017876096,1.1061982,1.0881075,0.46058202,8.185392,0.4245544,5.0828424,2.612617,32.308567,0.20875032,745.728,0.22927664,1352.7788,0.17861573,-80.73251,-1.1365916,1755.6886,0.12012358,1041.9888,0.24270293,-82.77705,-0.9738147,2903.8684,0.07442463,944.566,0.3239546,-90.76692,-0.8272208,-16.1597,-0.3394579,28.478367,0.21845683,0.06826168,0.31583738,-0.023634072,-0.5109973,0.94289213,0.6635459,24.23766,0.39801896,6.5176325,1.3745298,-18.061144,-0.8700261,-14.2343025,-0.66195846,-6.029752,14.863518,0.058747806,-0.004951615,0.26633427,3.4188035,2.6785715,0.23666665,0.1575507,0.085,0.026925823,-16.432735,9,15,2,SPEAKER_00,46.166667,65.6,61.25346875,62.43471875,1,1.18125,engaged
41.76474,0.15356801,37.054287,39.42121,51.148067,14.0937805,228.21153,162.73793,146.65042,89.4573,1.0481336,0.73889095,0.41800842,0.67423224,1.8166456,1.3986372,5.983381,4.3673377,9.924629,0.0,0.8324099,1.001162,22.168585,0.3866243,-3.4767513,-3.986008,-11.948635,-0.94041145,-22.088846,-0.78308237,0.054489933,0.639528,1.8090909,0.30058712,4.2828426,0.60688144,9.449382,1.5601529,21.975628,0.48115003,799.8053,0.29495347,1208.4827,0.16473903,-98.88235,-0.88555574,1843.8018,0.12653586,1151.9685,0.18843691,-97.766014,-0.8400685,2873.4487,0.039010525,997.1829,0.22635117,-100.63412,-0.78820896,-12.050164,-0.6655583,27.678072,0.28673318,0.07999261,0.15438262,-0.028132325,-0.30726483,1.130988,0.6652037,25.682278,0.29643986,-7.175353,-1.9063476,-14.395873,-0.7724814,-30.700731,-0.3442792,-10.966016,23.79708,0.06038623,-0.017961372,0.59715426,1.724138,5.6603775,0.089999996,0.043204937,0.06,0.021602469,-16.380877,9,15,2,SPEAKER_00,46.166667,65.6,62.63721875,63.227843750000005,1,0.590625,engaged
34.99094,0.07159529,33.993683,35.634083,36.387787,2.394104,146.3913,64.51879,32.36781,36.798332,0.9011451,0.503284,0.5497513,0.75781906,1.3492444,0.7994931,13.192081,7.451228,7.5759454,3.8965635,0.70068765,0.72717077,25.194664,0.47060755,14.174446,0.8965959,-8.311415,-2.0623147,-14.245728,-0.80351996,0.026472569,1.329494,1.6013412,0.53355044,5.9001746,0.43249834,5.4759393,1.767723,33.31596,0.28704813,739.72754,0.22701295,1455.0471,0.12303449,-84.008286,-1.0425148,1791.4995,0.13325682,1239.2804,0.30358523,-87.62123,-0.90808433,2907.9165,0.086883314,1095.2892,0.32091057,-92.934074,-0.8095776,-17.52021,-0.6271598,30.312435,0.254597,0.07518099,0.23046134,-0.028538503,-0.56602335,0.907543,0.593599,30.410217,0.28012574,12.661145,1.1663069,-9.406488,-1.8447132,-17.307777,-0.6135342,-14.717131,21.094183,0.05978981,-0.018962026,0.401265,4.255319,3.8251367,0.15714285,0.08810939,0.0725,0.08785641,-17.32173,9,15,2,SPEAKER_00,46.166667,65.6,63.548468750000005,65.43846875,1,1.89,engaged
41.901352,0.0,41.901352,41.901352,41.901352,0.0,0.0,0.0,0.0,0.0,0.284845,0.028112441,0.2777766,0.28742528,0.2913364,0.013559788,0.642289,0.10516918,0.4070416,0.34837425,0.09010798,0.3012247,25.389946,0.06942464,13.649726,0.2894719,-5.6868,-0.9506401,-18.974209,-0.20546497,0.017052589,0.46664008,0.7553405,0.5034801,11.47582,0.17739849,2.907448,1.5749432,25.359167,0.090844125,924.5244,0.046137717,1315.0352,0.12935507,-21.584558,-0.34210032,1954.2479,0.03441441,1119.9889,0.122967854,-39.075417,-0.07854035,3124.2202,0.038320884,876.2175,0.19264662,-44.036278,-0.05324669,-26.732555,-0.1284525,39.489872,0.07275736,0.050834652,0.20684008,-0.015567775,-0.6482387,0.11870514,0.32005733,24.414412,0.07177505,15.858337,0.22150207,-2.8472562,-1.9554065,-20.373451,-0.30609903,0.0,0.0,0.0,0.0,0.0,16.666668,0.0,0.0,0.0,0.0,0.0,-31.678843,9,15,2,SPEAKER_02,46.166667,65.6,52.680968750000005,52.81596875,1,0.135,engaged
39.385086,0.06638914,39.524548,39.68425,40.631012,1.1064644,37.7238,0.0,-1.8440471,0.0,0.4958059,0.33526728,0.34882176,0.56675637,0.6514042,0.30258244,-0.5653569,1.4049052,2.1229546,0.0,0.1521278,0.5052488,32.34589,0.07433352,6.060078,0.5670767,-33.468964,-0.16993435,-33.601223,-0.19252983,0.005959113,0.61858016,0.76351845,0.5806771,11.50795,0.2612687,-5.607514,-0.9189632,38.899868,0.14262997,825.70776,0.10534233,1397.878,0.133091,-10.340796,-3.9598753,1655.8846,0.08530198,1280.5021,0.23612556,-30.898586,-1.1569822,2984.1821,0.039850857,700.41315,0.17080626,-50.793854,-0.6188464,-13.66944,-0.105309,35.013996,0.044926617,0.0649431,0.25622043,-0.020450147,-0.21620846,0.1673581,0.4509537,32.532375,0.07469631,5.2838116,0.45098686,-35.166763,-0.12168966,-34.98391,-0.16953678,-16.542484,34.497128,0.078595676,-0.012017084,0.0791741,1.7857143,4.0,0.225,0.205,0.02,0.0,-28.011627,9,15,2,SPEAKER_02,46.166667,65.6,53.22096875,53.79471875,1,0.57375,engaged
35.888687,0.106224336,34.23687,35.76672,38.096607,3.8597374,42.408913,31.619308,28.031961,15.595975,1.1131669,0.3784601,0.7546348,1.0254892,1.5424149,0.7877801,11.251895,6.258071,7.894247,3.5640917,0.8151306,0.71051973,27.748552,0.41852623,6.7712684,1.9579878,-10.367224,-1.1721932,-17.280537,-0.5012972,0.029013142,1.5189627,1.4007326,0.47001055,6.3922896,0.56946295,6.7234755,1.5176544,29.952154,0.33642387,815.72473,0.17685908,1320.5088,0.17996417,-57.113697,-1.4333065,1876.3658,0.121734686,1096.2279,0.2193562,-66.06465,-1.0977416,2978.6497,0.07025603,998.5996,0.39962295,-72.310875,-0.9500044,-15.564252,-0.62917656,30.32872,0.2903543,0.07033017,0.26370993,-0.024239466,-0.61125964,0.9338682,0.6368198,30.125309,0.29749238,6.6428385,2.1762164,-11.039227,-1.1373343,-19.3199,-0.4281506,-11.126921,20.126764,0.051719323,-0.017257415,0.51386577,4.6808515,2.6086957,0.28,0.10645813,0.08,0.05131601,-15.187854,9,15,3,SPEAKER_00,65.633333,164.533333,65.82659375,68.18909375,1,2.3625,disengaged
37.228867,0.062025733,36.20651,37.08865,38.89688,2.6903725,22.908415,15.5569315,14.597557,7.2240257,0.9813127,0.52913445,0.5264265,0.92674625,1.4237036,0.89727706,13.554847,8.027055,7.9440055,2.3128898,0.82780045,0.71882445,28.857004,0.31664392,12.116687,0.95533913,-4.0562043,-3.7543473,-17.415657,-0.53196526,0.030089507,1.6832483,1.3372139,0.685082,8.590137,0.4308877,9.265483,1.1131427,32.03582,0.27767307,797.93713,0.22365572,1330.5015,0.19045074,-75.261246,-1.1098106,1888.5149,0.12405939,1098.6678,0.28029776,-84.08132,-0.8837078,3005.837,0.07577549,955.2194,0.286869,-88.82925,-0.79314744,-20.76493,-0.35975134,32.45424,0.23227595,0.071674176,0.2764264,-0.029637849,-0.3478061,1.0402586,0.5621141,31.651175,0.19963256,10.373896,1.1501697,-3.7966208,-4.202628,-19.442955,-0.4353241,-16.383614,26.145388,0.06561577,-0.020313255,0.4130319,3.9215686,2.9900331,0.2211111,0.119391456,0.10125,0.058829732,-13.771127,9,15,3,SPEAKER_00,65.633333,164.533333,68.81346875,71.88471875,1,3.07125,disengaged
39.96986,0.010169306,39.60592,40.090122,40.23838,0.63246155,10.139001,3.458145,4.4765673,1.4210312,0.30588722,0.5659095,0.119630605,0.3418643,0.49087316,0.37124255,0.5710715,0.5242644,1.0560046,0.0,0.076636024,0.7070573,25.670204,0.3883274,15.176195,0.45777497,-9.557456,-0.76542795,-30.092804,-0.5312186,0.0076611647,1.1785692,0.54136723,0.7007556,11.829149,0.33511624,8.743702,0.79651177,22.730724,2.3362682,774.44275,0.1394803,1249.6366,0.11473386,-48.979824,-1.5332475,1920.4106,0.08683938,1195.7776,0.19732134,-67.36394,-0.930366,2965.0906,0.03513859,854.1911,0.6879161,-69.802284,-0.8796239,-25.66589,-0.111236446,35.118767,0.08267926,0.0471248,0.41933692,-0.034473788,-0.85153514,0.0958127,0.4847366,30.616224,0.07833745,18.357313,0.2530788,-12.493377,-0.54255456,-38.294296,-0.27619275,-13.018216,21.947517,0.059459172,0.020401994,0.08482281,1.5625,3.3898306,0.22999999,0.19999999,0.044999998,0.005,-30.715435,9,15,3,SPEAKER_00,65.633333,164.533333,88.96221875,89.62034375,1,0.658125,disengaged
38.84446,0.01831642,38.63112,39.115402,39.27884,0.64772034,4.0603075,1.9444472,12.968671,6.4406886,0.282551,0.44834584,0.17991039,0.2724048,0.33595586,0.15604547,1.4262499,0.9365824,1.7143232,1.137508,0.07949175,0.8227629,24.505486,0.3459027,16.73716,0.46265054,-0.762387,-13.123411,-27.629522,-0.3905412,0.0147629045,1.1486962,0.69214004,0.61070734,11.520481,0.28515622,7.0280747,1.9672067,29.706705,0.2887491,790.26886,0.12908429,1275.8025,0.12285941,-71.69082,-1.1524652,1918.1754,0.07936014,1136.4218,0.12389027,-86.62549,-0.78612673,2928.8064,0.041216332,688.2362,0.3735162,-84.92545,-0.8154324,-22.61722,-0.3439877,30.979368,0.27436477,0.05806596,0.20700401,-0.034883186,-0.3843175,0.098589614,0.7262983,27.69538,0.27388436,18.813637,0.39101338,-0.29609334,-36.11217,-32.873657,-0.26448324,-12.21468,20.280619,0.025890952,-0.0135224685,0.04612266,2.7027028,2.8985507,0.235,0.044999998,0.056666665,0.03091206,-31.6691,9,15,3,SPEAKER_00,65.633333,164.533333,89.94096875000001,90.70034375,1,0.759375,disengaged
46.883453,0.17424971,39.445538,46.499893,55.171814,15.726276,105.517975,73.77483,257.3415,182.05194,0.5637126,0.62166315,0.25246903,0.44872612,0.9553166,0.7028476,5.085075,3.1417139,5.628122,2.4800146,0.37353778,0.9456148,19.744629,0.36455116,8.760925,0.998825,-13.792659,-0.8431892,-38.35738,-0.43206573,0.048095867,1.7509756,1.0842152,0.7064994,10.972615,0.49038267,12.310936,0.865931,20.843004,0.7999163,863.8287,0.12974176,1306.2062,0.13111831,-96.13247,-0.976195,1945.0607,0.09177134,1038.1814,0.31827298,-86.27277,-0.8634882,3020.1392,0.067152314,806.7252,0.2652501,-85.09807,-0.8660696,-23.07985,-0.20608476,31.671299,0.20971148,0.07060091,0.40963298,-0.04034258,-0.30000204,0.52422863,0.6520866,20.515741,0.40385646,7.5779576,1.3317567,-16.904396,-0.6963401,-47.672478,-0.18956181,-13.715567,21.31672,0.03335825,-0.022335678,0.07465144,4.0,1.0526316,0.65999997,0.0,0.13,0.089999996,-19.924253,9,15,3,SPEAKER_00,65.633333,164.533333,91.05471875,92.06721875,1,1.0125,disengaged
38.43987,0.033347093,37.278503,38.28355,39.14938,1.8708763,37.900085,55.43784,12.008954,4.1458693,0.2458093,0.42112902,0.16486725,0.2162163,0.3285944,0.16372713,2.4533563,1.1944711,1.1706479,0.48449314,0.06800896,0.7671368,21.860468,0.36400843,11.690193,0.977961,-2.9592314,-1.9573184,-15.435137,-0.908933,0.023805857,1.0045531,1.026182,0.46272862,9.502017,0.27820393,10.227001,0.8565681,29.608782,0.27988473,841.4948,0.18604381,1253.5867,0.15518032,-99.92584,-0.91168904,1976.459,0.11919773,1119.2668,0.19233592,-106.46933,-0.7570145,2929.7002,0.07521548,998.54095,0.5337213,-107.00499,-0.7467904,-17.63822,-0.5261253,28.29218,0.2824694,0.052267913,0.26561466,-0.020824555,-0.9598156,0.08878282,0.6095798,25.964693,0.19802128,13.492303,0.98766136,-4.5104184,-1.3102368,-19.924723,-0.82291335,-10.084329,18.717657,0.026247542,-0.004718853,0.038977444,3.0769231,1.9607843,0.278,0.1921874,0.175,0.16520189,-34.44795,9,15,3,SPEAKER_00,65.633333,164.533333,94.81784375,97.43346875,1,2.615625,disengaged
39.843334,0.006781861,39.62684,39.786514,40.07505,0.44821167,11.89444,4.7573595,5.661901,0.0,0.34370032,0.5392756,0.1813216,0.24996074,0.6204697,0.43914807,2.9190447,1.5400951,0.53861284,0.6666335,0.10091242,0.7365177,20.428099,0.4534298,7.61571,0.83312315,0.6787139,10.848737,-26.860374,-0.5422383,0.008971025,0.64162654,0.84164226,0.56680834,11.050232,0.37061802,6.38156,0.60756195,31.291698,0.20880327,791.86816,0.13517961,1247.2712,0.10314601,-94.38003,-0.99896175,2014.081,0.104510546,998.5393,0.187007,-96.88028,-0.8264282,2938.693,0.06585304,943.6794,0.20357135,-97.95342,-0.8082204,-20.747232,-0.28071582,27.546349,0.26285487,0.045015443,0.26433238,-0.03985799,-0.39422643,0.15504427,0.37940052,27.160334,0.20102264,8.825587,0.82629627,-1.2489431,-6.5702786,-35.40193,-0.4086402,-7.0207186,11.497444,0.022160787,-0.009501414,0.037576616,3.9215686,2.1739132,0.26999998,0.0,0.08,0.06,-29.709654,9,15,3,SPEAKER_01,65.633333,164.533333,74.73659375000001,75.25971875,1,0.523125,disengaged
39.63555,0.011920762,39.231857,39.724445,40.079865,0.8480072,3.7931395,6.7622037,7.0476294,2.2097263,0.37208176,0.5839174,0.19039913,0.3467936,0.54243,0.35203087,2.1227865,0.64676523,3.8488877,1.1244749,0.1107181,0.74740523,17.991009,0.5572609,16.09265,0.5506349,-6.5971704,-1.3165623,-19.598276,-0.89004594,0.015369741,0.70374024,0.7925797,0.76234585,9.651397,0.41513884,14.588964,0.5139242,25.583649,1.6043649,750.74927,0.20973329,1467.589,0.24894775,-108.07926,-0.82123613,1852.7372,0.09207915,1176.3834,0.28207034,-109.750946,-0.712195,2894.3015,0.059945185,857.2466,0.3382367,-109.44892,-0.7167779,-19.557177,-0.33364236,29.50434,0.26304266,0.045256797,0.44151002,-0.030428153,-0.9284618,0.1431223,0.6194791,20.396292,0.5639514,22.472004,0.28015062,-9.536594,-0.96170527,-29.799873,-0.5998792,-12.411406,23.476948,0.034852277,-0.002617863,0.099737026,3.125,3.2967033,0.16,0.058878407,0.089999996,0.0441588,-29.19027,9,15,3,SPEAKER_01,65.633333,164.533333,75.73221875,76.71096875,1,0.97875,disengaged
40.77205,0.026948856,39.30428,41.33394,41.770405,2.4661255,3.6566577,0.5146525,23.0619,0.0,0.36831573,0.41663018,0.23530875,0.3433086,0.5109525,0.2756437,1.1618636,0.97368693,1.8621373,0.786199,0.117785215,0.6954681,19.256107,0.5090572,22.999693,0.2641312,-7.3450823,-0.823761,-33.47675,-0.44560495,0.019783502,0.8709702,0.7605805,0.60991526,11.378458,0.32818678,15.514097,0.63609236,37.143597,0.20646015,792.356,0.061846875,1133.5525,0.09128194,-87.30451,-0.9856384,1952.8193,0.051515978,1002.2401,0.10222666,-104.29164,-0.67917705,2997.9163,0.043364976,612.4697,0.298801,-100.832214,-0.7286805,-25.265469,-0.25646675,31.870163,0.21977782,0.04158589,0.24935013,-0.043759197,-0.29114625,0.15891977,0.5233101,22.383879,0.3803777,26.562351,0.17317942,-8.592737,-0.5772947,-42.152576,-0.2999946,-11.3639555,17.320377,0.03498995,-0.021816025,0.06830744,2.9411764,1.5873016,0.39,0.0,0.105,0.044999998,-27.809042,9,15,3,SPEAKER_01,65.633333,164.533333,82.43159375,83.12346875,1,0.691875,disengaged
39.1053,0.00047087562,39.09122,39.109108,39.120903,0.02968216,0.0,0.0,-0.0056858063,0.0,0.2427975,0.18368414,0.22053818,0.249247,0.27566066,0.05512248,1.2398721,0.15674354,-0.72366863,1.1736276,0.06755482,0.3618148,22.516895,0.18329732,4.780982,1.5643367,-3.0472956,-1.6847954,-10.29604,-1.0752418,0.020643845,0.0,2.7475243,0.043284964,8.07983,0.041656204,-2.9214182,-0.81832355,20.871607,0.043052007,736.11865,0.15092298,1293.0328,0.12798002,-186.4571,-0.21491624,1807.2565,0.101892054,1182.7039,0.041257124,-183.11536,-0.24377213,2838.0156,0.037746448,808.95526,0.08491116,-183.50241,-0.2366015,-14.130732,-0.1433826,24.687826,0.11361915,0.034711827,0.06965842,-0.0069812792,-0.3286785,0.09756135,0.10468768,24.605137,0.061194908,12.827431,0.083667435,-1.5550278,-0.9436667,-26.928621,-0.038162693,-7.0760636,19.932756,0.027423438,0.0036266898,0.06474885,7.1428576,2.7027028,0.03,0.0,0.155,0.095,-40.71804,9,15,3,SPEAKER_01,65.633333,164.533333,83.89971875,84.33846875,1,0.43875,disengaged
38.177265,0.022923859,37.240784,38.417965,39.053036,1.812252,0.0,0.0,-0.28276587,0.0,0.16908793,0.15906791,0.1528152,0.16413707,0.18134272,0.028527528,0.48233026,0.23832765,1.038025,0.06725368,0.04152214,0.44665456,17.414442,0.5555492,22.436882,0.29206008,-1.5930636,-3.4401727,-21.269873,-0.22176915,0.015088549,0.3817312,1.3494525,0.1543441,8.127088,0.23030952,0.04881507,48.830097,24.21842,0.18882729,935.17957,0.08612961,1141.8143,0.06391707,-125.204834,-0.64136183,2030.2166,0.012495365,1087.2821,0.20362352,-133.15402,-0.5337209,2994.5825,0.04267115,612.9042,0.18419266,-132.2182,-0.54713905,-18.230478,-0.3304594,24.913776,0.28225273,0.024000527,0.58333004,-0.021956963,-0.6506239,0.062106322,0.30444947,18.595945,0.2882241,25.335903,0.29038408,2.5862272,1.8678654,-21.441168,-0.26173556,-10.716247,15.658497,0.020652762,-0.013208643,0.031098591,4.166667,5.263158,0.07,0.0,0.044999998,0.005,-42.33765,9,15,3,SPEAKER_01,65.633333,164.533333,86.56596875000001,86.81909375000001,1,0.253125,disengaged
38.90983,0.016479969,38.444954,39.027596,39.47775,1.032795,27.646732,10.502658,31.454632,0.0,0.3349381,0.44416225,0.19655381,0.30190733,0.4532722,0.2567184,1.2437735,1.6335979,3.4260352,0.0,0.10338188,0.6253069,18.550848,0.36886635,3.2693663,1.8882686,-0.50491285,-8.406199,-13.761257,-0.39993024,0.023240706,0.55909,1.1354887,0.5325999,6.990519,0.46211976,9.79433,0.49007988,19.421099,0.18000089,856.50116,0.21805263,1239.5872,0.2127968,-120.918076,-0.6631651,2003.5254,0.14394696,1060.4403,0.20992194,-120.42878,-0.627177,2885.7073,0.08118303,1046.7424,0.22584032,-120.54586,-0.6234323,-8.273852,-0.59581745,19.27571,0.41667962,0.053157423,0.19244654,-0.01142842,-0.85547966,0.10842672,0.43362522,17.459515,0.43016845,3.7503412,1.0822341,-1.2184175,-3.3091507,-15.117204,-0.41146767,-5.1596355,16.46014,0.038766388,-0.002904593,0.10068086,2.7027028,6.25,0.065,0.024999999,0.046666663,0.018856179,-34.26707,9,15,3,SPEAKER_01,65.633333,164.533333,87.61221875000001,88.00034375,1,0.388125,disengaged
38.14921,0.010358564,37.773865,38.041004,38.475372,0.70150757,14.511999,0.0,20.019913,0.0,0.1720979,0.2070357,0.1344537,0.17670591,0.20485125,0.070397556,1.7238015,0.5481268,0.9060488,0.23439261,0.040697716,0.5393284,16.10119,0.48053938,23.527534,0.23192473,2.9488726,1.059739,-20.116676,-0.25622654,0.05002914,0.69494194,1.6875781,0.44120392,9.766769,0.10986565,17.162897,0.17844857,34.397774,0.10322163,701.7544,0.2313631,1403.5946,0.13577612,-134.30322,-0.6331104,1805.4072,0.13173136,1155.6512,0.11678564,-132.4084,-0.5653162,2838.3345,0.0740576,754.89905,0.110990964,-132.53561,-0.5652922,-20.061953,-0.29597482,26.842785,0.27993777,0.049538825,0.1991361,-0.019584777,-0.33411133,0.06031868,0.40217748,20.12858,0.29634386,27.267347,0.1785324,5.631407,0.36817032,-22.24397,-0.16474693,-7.3831725,11.613702,0.030318053,-0.009931825,0.029669464,6.896552,4.3478265,0.089999996,0.0,0.12,0.0,-41.421043,9,15,3,SPEAKER_01,65.633333,164.533333,88.65846875000001,88.96221875,1,0.30375,disengaged
42.231556,0.0306534,40.961555,42.745285,43.41433,2.452774,12.8247175,4.3656116,13.47433,7.262519,0.2808151,0.62067765,0.11784434,0.24863558,0.46212775,0.3442834,1.7989472,1.3458079,1.6600521,0.5135562,0.07388794,1.1986376,18.089157,0.31241035,17.294432,0.6108716,-6.7717166,-1.1186879,-25.440931,-0.77238786,0.01547345,0.86123943,0.697562,0.5821717,12.541271,0.22421424,18.761093,0.23879927,33.947727,0.16813765,825.15686,0.091284476,1153.659,0.09388863,-116.2421,-0.7786503,2010.6295,0.042787332,1019.4952,0.13744795,-127.32071,-0.60762584,3031.1543,0.02774053,684.3171,0.34666014,-124.97887,-0.6390225,-22.36496,-0.1781208,29.585169,0.15223448,0.05701385,0.27795532,-0.03432973,-0.25886095,0.07963001,0.41985863,19.329405,0.24652612,27.06985,0.20379849,-12.248895,-0.58281296,-43.399223,-0.30357113,-9.926695,18.882662,0.030683048,-0.0047848155,0.07109092,1.6722409,0.68027216,0.68,0.32999998,0.51,0.33655113,-32.35709,9,15,3,SPEAKER_01,65.633333,164.533333,108.36846875,111.37221875,1,3.00375,disengaged
39.856018,0.015959179,39.275013,39.60992,40.592884,1.3178711,6.1922674,1.9611146,8.444987,5.15457,0.46847096,0.6734935,0.20904605,0.41890913,0.5991971,0.39015102,2.6443133,1.6299694,3.5625944,0.0,0.18691693,1.0815482,21.74325,0.31206703,8.369003,0.89159197,-3.4681602,-1.3254374,-21.479452,-0.6030278,0.020084882,1.0426805,0.8216369,0.41832668,10.08428,0.27252868,6.73308,1.9440709,32.372883,0.12345526,754.1946,0.19209479,1218.6974,0.16643904,-112.02569,-0.83047867,1878.7399,0.08302591,1038.6615,0.17925687,-118.80555,-0.6579896,2913.633,0.06446058,834.234,0.34544083,-119.31996,-0.65265536,-20.111942,-0.24008697,27.979866,0.1734856,0.039672066,0.2718253,-0.031223955,-0.36071205,0.1299756,0.41025278,24.662813,0.18625683,13.447349,0.35289267,-3.6767056,-1.314832,-30.041595,-0.41798398,-9.6121645,19.29796,0.027677676,-0.014982596,0.2835536,1.5151516,3.3333335,0.14,0.07,0.14,0.06,-28.514166,9,15,3,SPEAKER_01,65.633333,164.533333,111.96284375,112.63784375,1,0.675,disengaged
40.15521,0.04983489,38.220657,40.454376,41.92828,3.7076225,0.0,0.0,-0.25814736,0.0,0.39659998,0.35903618,0.23874171,0.4801782,0.5137661,0.2750244,2.842565,1.0928963,0.13384032,1.1985594,0.1292708,0.48413286,23.683651,0.10568336,5.739233,1.4212692,-5.1793413,-0.7002022,-29.12191,-0.51133406,0.012436945,0.6391513,0.8300401,0.83482534,10.701467,0.3123788,14.646026,0.5595966,26.645132,0.1958365,720.8601,0.22227588,1322.6719,0.09970764,-72.22326,-1.1316713,1854.8547,0.13319641,1262.1691,0.18392877,-74.58318,-0.9135858,2840.568,0.06764276,905.4012,0.5209178,-72.195015,-0.96233714,-20.036467,-0.23661901,24.923725,0.18764831,0.05869312,0.24998003,-0.034243796,-0.21061802,0.16355789,0.26291808,24.020966,0.048546374,9.1576,0.7506792,-5.3640347,-0.7852459,-38.564114,-0.21376954,-9.382189,20.534315,0.046985667,-0.0032848543,0.084937654,4.878049,2.777778,0.26,0.0,0.035,0.015,-30.059368,9,15,3,SPEAKER_01,65.633333,164.533333,114.35909375,114.78096875,1,0.421875,disengaged
44.793007,0.110625,41.4899,45.748604,49.46386,7.973961,19.89285,18.497343,32.23873,27.668839,0.5591743,0.43392745,0.34392607,0.5307256,0.7537751,0.40984905,4.1901746,3.3879378,3.4041197,1.992617,0.22859053,0.60093176,20.772114,0.30813628,-3.8289392,-3.3101187,-9.603353,-1.3045928,-26.688473,-0.47005585,0.019876624,0.8925579,1.104859,0.58601856,10.682881,0.36454454,12.890577,0.60346544,21.950584,0.77858615,874.1465,0.1517354,1203.8989,0.1662528,-43.586185,-1.5474707,1928.7546,0.1012725,1011.17206,0.35259825,-53.38182,-1.1086127,2918.8674,0.058304798,879.02094,0.43566585,-56.99451,-1.0093173,-15.355751,-0.32068816,25.422739,0.23814705,0.08349524,0.2780626,-0.018848324,-0.94952273,0.24790621,0.51227236,21.364119,0.2549355,-5.0580244,-2.6402714,-11.57007,-1.0785812,-28.668695,-0.42146182,-10.548358,19.428473,0.061996967,-0.007141042,0.15780646,3.2258067,1.8648019,0.445,0.4192553,0.08833333,0.05983774,-25.14467,9,15,3,SPEAKER_01,65.633333,164.533333,124.83846875,129.19221875,1,4.35375,disengaged
39.86168,0.022507114,39.16466,39.843056,40.777367,1.6127052,18.898106,0.0,15.363706,24.57356,0.40421164,0.2999382,0.2982663,0.3894537,0.54094285,0.24267656,2.376019,0.0,-2.1944315,0.0,0.16276747,0.3767306,29.62886,0.12500928,29.8224,0.18887098,-1.9879546,-1.9226037,-43.008846,-0.15357159,0.00906838,0.5053696,0.59856826,0.43739265,12.341072,0.18895856,18.42781,0.33624512,39.40973,0.09608126,769.7615,0.0737897,1239.2064,0.08496632,-17.815048,-0.3780093,1920.2871,0.054432694,1018.51935,0.116274334,-48.900455,-0.131406,3085.3503,0.008915613,560.3502,0.19555058,-42.428413,-0.083445005,-27.925919,-0.04698221,34.7775,0.08951463,0.040171936,0.45358956,-0.041710075,-0.1764259,0.1798249,0.30497962,30.922903,0.08283285,28.858648,0.19722322,-2.5289118,-1.5150373,-44.451736,-0.13541973,0.0,0.0,0.0,0.0,0.0,2.9411764,3.5714285,0.26999998,0.0,0.0,0.0,-26.548927,9,15,3,SPEAKER_01,65.633333,164.533333,130.39034375,130.74471875,1,0.354375,disengaged
0.0,0.0,0.0,0.0,0.0,0.0,0.0,0.0,0.0,0.0,0.20200804,0.2372,0.15978312,0.19438915,0.24801815,0.08823502,0.012809765,0.0,0.0,0.0,0.058753673,0.3106719,22.64093,0.2656927,17.685232,0.23724867,-6.7117553,-1.217044,-22.485075,-0.2823684,0.0,0.0,0.0,0.0,0.0,0.0,0.0,0.0,0.0,0.0,0.0,0.0,0.0,0.0,-201.0,0.0,0.0,0.0,0.0,0.0,-201.0,0.0,0.0,0.0,0.0,0.0,-201.0,0.0,0.0,0.0,0.0,0.0,0.0,0.0,0.0,0.0,0.0,0.0,0.0,0.0,0.0,0.0,0.0,0.0,0.0,0.0,-21.878033,32.06975,0.034165543,-0.006267332,0.07308087,0.0,0.0,0.0,0.0,0.03,0.0,-40.157413,9,15,3,SPEAKER_01,65.633333,164.533333,131.58846875,131.72346875,1,0.135,disengaged
43.43699,0.13250035,38.660007,45.877266,48.845257,10.185249,110.668945,27.884869,88.4886,33.268208,0.6704134,0.2647763,0.4996585,0.72155154,0.84218276,0.34252426,1.750304,1.2910794,2.3967173,0.6072253,0.2717643,0.42853647,23.432405,0.15074271,-5.8970985,-0.91616225,-15.96373,-0.54623556,-27.770563,-0.3557657,0.034879517,0.62271714,1.8497775,0.44101557,4.4366136,0.8129869,11.462494,0.7496569,26.407166,0.19626641,896.90796,0.06710455,1130.0867,0.11398704,-34.20136,-1.7599708,1935.6241,0.04771063,832.4952,0.15563682,-45.951294,-1.2130232,3056.6707,0.037227333,672.41254,0.30752927,-52.724686,-1.0118122,-13.638166,-0.30351552,23.66773,0.2952362,0.09556608,0.19244252,-0.030323938,-0.2604792,0.2655215,0.42042255,22.806036,0.1498048,-6.283535,-0.90941554,-17.119736,-0.5388225,-29.271282,-0.3106231,-14.070358,21.738014,0.09170738,-0.03762831,0.25443655,3.6363635,3.960396,0.205,0.21891779,0.044999998,0.024999999,-26.067333,9,15,3,SPEAKER_01,65.633333,164.533333,132.02721875,133.14096875,1,1.11375,disengaged
40.915348,0.0,40.915348,40.915348,40.915348,0.0,0.0,0.0,0.0,0.0,0.30175152,0.074457556,0.28525275,0.31401697,0.31613326,0.03088051,0.59500486,0.0,-0.67103136,0.7119504,0.07349924,0.26205257,26.505003,0.058989592,16.38566,0.23023933,-10.425777,-0.29158318,-44.829407,-0.12164858,0.011876452,0.28689882,0.76046324,0.23460415,12.035819,0.015469307,7.256604,0.14599505,33.843464,0.1706861,847.8175,0.012277732,1047.8016,0.019998351,-4.298159,-0.19595975,1997.3685,0.020102967,1075.6183,0.024766989,-37.771687,-0.033902206,3059.0571,0.0031371294,516.3219,0.045746602,-30.885017,-0.18364921,-23.712097,-0.05863198,28.868406,0.12286167,0.024266422,0.21538341,-0.045724973,-0.10263955,0.08276525,0.07979023,27.112404,0.08355941,19.086498,0.06102452,-11.920522,-0.13643478,-46.889755,-0.16735134,0.0,0.0,0.0,0.0,0.0,11.111112,0.0,0.0,0.0,0.0,0.0,-35.32696,9,15,3,SPEAKER_01,65.633333,164.533333,133.98471875,134.08596875,1,0.10125,disengaged
42.109703,0.10264534,41.146378,43.507282,44.978024,3.831646,90.04417,89.77113,228.98962,197.02531,0.31915987,0.4307959,0.21612519,0.26714054,0.44438088,0.22825569,2.3939183,0.8581097,2.0166621,0.65329105,0.10177724,0.8642863,7.0599346,1.3700091,15.575558,0.4896217,-6.6746492,-1.0883924,-30.644026,-0.70928675,0.041024826,0.9237188,1.2939588,0.41361463,7.3699193,0.52113086,9.3951845,1.0463952,18.76838,0.3997402,822.501,0.22703685,1270.6844,0.22979155,-122.959816,-0.72633415,1943.912,0.14457291,1093.8262,0.3348759,-122.05084,-0.6648119,2916.4275,0.0575667,805.38055,0.64431804,-120.13289,-0.68981665,-16.512321,-0.27908084,23.40246,0.2720692,0.08437347,0.23954746,-0.026054604,-0.7113341,0.16191891,0.52285457,13.185278,0.36933836,17.465677,0.56779844,-6.99216,-1.2885507,-47.424786,-0.3442593,-5.733151,11.424685,0.051328894,-0.0043277377,0.055865634,2.3622048,2.4590163,0.17999999,0.045460604,0.1525,0.11475517,-32.657887,9,15,3,SPEAKER_01,65.633333,164.533333,148.49721875,149.77971875,1,1.2825,disengaged
38.776142,0.13411047,33.226963,38.585197,45.18827,11.961308,26.798098,10.879467,314.62585,284.18738,0.21196797,0.2616416,0.16460901,0.20638435,0.27090216,0.10629314,1.9800422,1.4136287,1.5655378,1.6320543,0.061637748,0.5209418,25.831232,0.40986666,12.806083,0.63596505,-1.4895911,-4.612987,-8.551931,-0.792015,0.030114055,0.54449886,1.2041028,0.4794499,8.8028,0.32155922,6.6165524,1.6328074,27.483418,0.29845417,724.48706,0.22799581,1431.5458,0.13250968,-82.18123,-1.0081913,1753.8434,0.099558674,1142.3907,0.24767856,-85.18213,-0.8808066,2896.2473,0.082155675,991.4736,0.30070907,-90.815254,-0.7852721,-20.071829,-0.2608958,31.571892,0.21180072,0.052118227,0.34402305,-0.020275084,-0.62426627,0.07016143,0.47625336,29.745447,0.26212743,11.644306,0.7487489,-0.94925195,-8.16254,-10.038086,-0.73991674,-12.970508,22.566738,0.03378049,-0.0081453305,0.048466194,4.8275867,2.857143,0.22749999,0.0990896,0.08,0.07563068,-37.00373,9,15,3,SPEAKER_02,65.633333,164.533333,104.85846875,106.32659375,1,1.468125,disengaged
39.10626,0.025078295,37.987057,39.670353,39.920666,1.933609,7.248497,0.0,-3.920683,18.017227,0.28466523,0.38651162,0.17880408,0.26157677,0.41737273,0.23856865,2.8342152,0.0,-1.9509823,0.0,0.10330512,0.5800734,27.272434,0.094068125,7.9395494,0.3332367,-15.837805,-0.44207305,-34.74342,-0.2334789,0.025201714,0.4857413,1.2540013,0.42959827,7.176577,0.18471476,7.5027285,0.5357639,38.306335,0.050036844,808.35956,0.11168023,1413.7421,0.099763475,-83.56134,-1.104004,1718.1561,0.052804843,1206.7958,0.16596037,-90.905975,-0.9200182,2977.676,0.03597714,722.1995,0.18632056,-98.900406,-0.78297514,-16.866001,-0.16720785,27.49791,0.123619765,0.056184314,0.2581605,-0.026543375,-0.29016468,0.10234168,0.5070786,27.922977,0.11222656,7.4147925,0.4579867,-13.197598,-0.6626725,-31.326859,-0.24631579,-16.975336,26.676086,0.07573166,-0.037356824,0.14430088,3.2258065,3.846154,0.14999999,0.0,0.089999996,0.0,-35.851738,9,15,3,SPEAKER_02,65.633333,164.533333,159.01034375,159.33096875,1,0.320625,disengaged
45.031174,0.024578808,43.714233,45.507782,46.115868,2.4016342,14.693849,18.271248,8.727839,5.082281,0.31600097,0.33471894,0.20597422,0.31758887,0.4340694,0.22809517,2.3918092,1.3124733,1.6140417,0.5805209,0.10492643,0.6296403,22.227846,0.22922169,16.794886,0.17911558,-7.9891944,-0.96329683,-38.4352,-0.4475058,0.020632114,0.5900475,0.8461954,0.6098208,13.641688,0.20393613,18.725431,0.30452603,27.30141,0.21454254,869.58905,0.09268293,1124.6715,0.1861681,-32.8696,-1.3277432,2003.2212,0.057127308,995.9759,0.22229029,-57.936802,-0.59750026,3044.0608,0.04249438,679.7184,0.28948408,-53.479366,-0.6661186,-24.511505,-0.12613313,34.29876,0.1053728,0.0654206,0.45271268,-0.019091731,-0.49688435,0.11630829,0.58217037,23.601833,0.13034205,17.182894,0.15720224,-8.752629,-0.8725164,-41.76131,-0.38760415,-16.063648,24.842148,0.027467253,-0.006131926,0.04797865,3.7500002,2.6666667,0.33499998,0.155,0.02,0.0,-29.109451,9,15,4,SPEAKER_01,164.566667,232.966667,207.72846875,208.53846875,1,0.81,engaged
41.584053,0.10787925,42.298138,43.45509,43.713306,1.4151688,0.0,0.0,-0.44143546,0.0,0.24061239,0.52353716,0.1431706,0.24704853,0.32408053,0.18090993,1.2118617,0.0,-2.495325,0.0,0.09447303,1.1624868,23.498438,0.2997544,13.449914,0.3562014,-5.322321,-1.4597218,-35.01035,-0.4019285,0.03619721,1.4577622,0.95175576,0.70343125,10.923031,0.43276593,22.03484,0.49585044,33.99473,0.17917776,803.9146,0.047377408,1144.0858,0.14622536,-58.81149,-1.5004008,2024.1251,0.04930534,905.6509,0.19681081,-79.50325,-0.92369825,2981.1362,0.030301772,746.53394,0.19927172,-79.26578,-0.9268503,-23.957823,-0.09687006,32.472694,0.07774797,0.04946565,0.17049778,-0.03482321,-0.25202623,0.12083009,1.050239,25.929148,0.073390804,14.046336,0.27030402,-7.693166,-1.0355984,-43.839085,-0.13487041,-19.440178,25.877209,0.03405494,-0.032651115,0.056136824,1.8518519,2.0408163,0.34,0.0,0.06,0.01,-32.66523,9,15,4,SPEAKER_01,164.566667,232.966667,217.60034375,218.15721875000003,1,0.556875,engaged
37.47509,0.22898318,24.56213,38.477898,45.578316,21.016186,266.27023,237.98654,177.94916,198.84814,0.83560073,0.62073517,0.37400997,0.6834655,1.3571596,0.98314965,10.134306,5.3773336,6.8872867,3.5354517,0.58977455,0.8924723,23.603949,0.4640932,7.607051,1.2360721,-15.5906925,-0.7328869,-13.881721,-1.0557803,0.033545017,0.53793687,1.7605196,0.48242912,4.692627,0.7229455,8.813228,1.2298573,35.614967,0.13581239,747.8203,0.18099101,1413.1991,0.10760441,-137.76001,-0.63516897,1764.8077,0.12571341,1106.506,0.1960548,-137.61067,-0.58948934,2934.3518,0.064435765,1068.8674,0.34029135,-141.35677,-0.53807217,-15.182181,-0.27308226,27.321226,0.28555256,0.07288893,0.21251585,-0.029847708,-0.31109846,0.93482,0.4756123,28.120024,0.17448463,3.6636574,2.3413913,-17.09816,-0.74016076,-21.054968,-0.54642355,-12.898531,22.675844,0.058749173,-0.019917686,0.45046696,2.9850748,3.8759692,0.078,0.049558047,0.13166666,0.078404225,-18.791111,9,15,6,SPEAKER_00,235.266667,244.8,235.35284375,236.70284375000003,1,1.35,engaged
34.204277,0.050945852,32.68174,33.099506,36.072342,3.390602,-1.7246248,0.0,22.681156,0.0,0.7996876,0.722366,0.33896077,0.49680647,1.430782,1.0918212,7.150185,8.391332,4.131927,0.32779837,0.4786651,1.1421403,18.23896,0.8040328,8.52607,1.3250334,-22.974108,-0.49595496,-13.379242,-0.755172,0.019313632,0.8495804,1.4739956,0.3192835,4.285505,0.5830507,4.7474937,1.5369523,32.070354,0.13745745,848.55096,0.17030142,1308.4716,0.09338852,-110.05434,-0.8809238,1810.7115,0.11684224,1124.4097,0.21010263,-115.555695,-0.7681798,2973.3403,0.08561721,909.37,0.18489169,-120.77145,-0.68580776,-10.219753,-0.5805536,28.645742,0.103459895,0.07559678,0.16889904,-0.025635136,-0.4651077,0.94020516,0.59075624,32.317146,0.0991391,-1.3803717,-6.6365037,-22.699995,-0.6450738,-18.722437,-0.36888722,-7.8609934,17.399748,0.050674807,-0.015448493,0.13318582,2.4691358,2.631579,0.16499999,0.145,0.12666667,0.07717224,-19.94786,9,15,6,SPEAKER_00,235.266667,244.8,236.83784375,237.66471875,1,0.826875,engaged
34.937695,0.069677524,34.313316,35.68239,36.0697,1.756382,91.055695,66.76959,19.994946,25.516254,0.8752252,0.46134415,0.54769975,0.7731905,1.2433174,0.6956176,12.261331,5.6618567,6.528725,2.3920379,0.5620985,0.7304784,25.73634,0.42399493,8.042309,1.7334026,-12.94845,-1.3232507,-13.482501,-0.7559413,0.02923295,2.3754056,1.1984718,0.4521157,7.0384297,0.44649658,1.9885112,5.8722196,30.620909,0.3576557,792.9561,0.21097529,1406.1821,0.13404207,-54.888634,-1.49931,1844.3912,0.13259014,1177.8513,0.28336957,-63.080128,-1.1939603,3003.2688,0.082849614,989.6681,0.2615981,-71.47355,-0.98036695,-15.56785,-0.7008976,30.420803,0.22458872,0.071839124,0.2622662,-0.021238891,-0.6801003,0.6426287,0.581605,30.141294,0.22076328,7.87284,2.0131905,-13.619058,-1.2958212,-16.190966,-0.5729514,-10.090631,17.591417,0.056282762,-0.009276516,0.37332797,4.888889,2.2727273,0.322,0.12560254,0.08,0.07593857,-18.663677,9,15,6,SPEAKER_00,235.266667,244.8,237.76596875,240.02721875,1,2.26125,engaged
39.00154,0.12373429,35.99459,37.451107,39.277565,3.2829742,240.08693,268.58917,86.950966,102.90902,1.5372123,0.3544202,1.1271056,1.5409341,1.9883362,0.8612306,9.230184,4.321904,11.199259,6.7785187,0.97297734,0.4883619,24.129534,0.40347013,0.4906415,18.749836,-4.2167573,-2.31284,-23.782324,-0.6453598,0.039820865,1.2873278,1.1331875,0.48717833,6.5747128,0.63377714,7.9692965,1.0346453,21.865685,0.42176402,868.96985,0.16250084,1187.1259,0.1486944,-41.783188,-1.4949576,1964.4595,0.13007407,1006.69025,0.4984684,-51.18026,-1.0852791,2958.7363,0.062221345,867.6492,0.18284196,-53.17825,-1.0293454,-12.805249,-0.5332797,24.151989,0.36024716,0.069117785,0.32621765,-0.023542313,-0.6012067,1.016067,0.47844705,24.514912,0.38897634,0.5464947,16.560139,-4.288486,-2.2461104,-22.822412,-0.6509052,-10.401049,18.112608,0.08532277,-0.03149612,0.97950876,3.8674035,2.857143,0.292,0.26483202,0.056666665,0.024944384,-12.397504,9,15,6,SPEAKER_00,235.266667,244.8,240.55034375,242.37284375,1,1.8225,engaged
38.976234,0.007963752,38.764328,38.816124,39.20562,0.4412918,22.205353,0.0,3.986486,0.0,0.5249695,0.10836509,0.45034862,0.5471177,0.5671892,0.1168406,0.347086,0.551609,0.6972214,0.0,0.14916728,0.27209452,13.738356,0.122213386,-20.665474,-0.35382038,-13.968896,-0.24594343,-23.058847,-0.21830398,0.032210495,0.47443208,1.5724298,0.53276545,1.7131047,0.47201678,4.9711823,0.34394285,18.781963,0.07730184,797.69617,0.35092163,1281.5315,0.0733997,-136.91281,-0.64931905,1772.1082,0.14745927,1108.6506,0.031459723,-125.31274,-0.7332238,2625.3599,0.07541473,1146.8179,0.10313542,-127.167595,-0.7052971,-7.7179127,-0.106608145,13.265468,0.103324175,0.07885802,0.1947169,-0.017968787,-0.21493699,0.12347295,0.27648777,13.51505,0.16505654,-10.38377,-0.4031059,-10.713069,-0.31431806,-19.69518,-0.3535052,-3.3203712,10.423974,0.06289262,-0.014722408,0.17271835,3.846154,4.7619047,0.07,0.0,0.12,0.0,-35.010426,9,15,7,SPEAKER_01,244.833333,288.433333,250.48971875,250.75971875,1,0.27,disengaged
48.91761,0.0,48.91761,48.91761,48.91761,0.0,0.0,0.0,0.0,0.0,0.513775,0.056803945,0.50037473,0.5194627,0.5298171,0.02944237,1.1104927,0.0,-0.7791453,1.3123579,0.10824716,0.18985337,15.18066,0.11078108,-23.208954,-0.081447996,-18.39525,-0.07466753,-20.923094,-0.16547464,0.038279295,0.23726965,1.9559374,0.2321918,5.6846094,0.37712625,2.4783776,0.9691533,16.716606,0.049464513,1022.5319,0.024442606,1156.5862,0.11412478,-6.766552,-0.28451836,1890.6753,0.025351904,1026.5652,0.05600359,-16.437168,-0.19983004,3038.0928,0.031043578,609.2482,0.26311153,-23.483158,-0.06400381,-3.8459878,-0.45311698,18.415623,0.041036356,0.08708014,0.13747549,0.006339619,1.191908,0.12924118,0.15973425,14.350111,0.105878584,-23.479345,-0.085005686,-19.110477,-0.07442269,-22.43785,-0.17089233,0.0,0.0,0.0,0.0,0.0,8.333334,0.0,0.0,0.0,0.0,0.0,-34.213707,9,15,7,SPEAKER_01,244.833333,288.433333,250.77659375,250.91159375,1,0.135,disengaged
34.712868,0.119231656,31.088093,34.264957,37.931885,6.843792,25.503136,7.335572,14.433725,4.037769,0.53811896,0.3872605,0.32355347,0.5079229,0.7494836,0.4259301,1.4649942,0.9111209,1.5443392,0.7480478,0.16574088,0.48516154,27.77573,0.24244209,1.7939478,4.297483,-27.322094,-0.2974838,-30.443638,-0.4242604,0.016052485,1.4534886,1.0437167,0.47832724,7.7693205,0.4944981,-3.750346,-2.112435,31.39381,0.21725775,823.0174,0.20871253,1380.0717,0.13318521,-27.479193,-2.6305556,1797.0981,0.12635228,1345.2499,0.18705866,-42.49409,-1.4785278,2911.0125,0.07302469,967.6246,0.36102837,-52.06512,-1.1284176,-14.9538965,-0.25148,33.037727,0.08458227,0.055647623,0.33171928,-0.03621736,-0.22249418,0.18206882,0.4139184,28.926811,0.1646038,3.5057201,1.7461067,-28.71655,-0.27672857,-34.159657,-0.28167054,-9.296646,21.0354,0.041907124,-0.02145518,0.0914833,1.3043479,0.8888889,0.955,0.005,0.09666667,0.07039571,-26.59013,9,15,7,SPEAKER_01,244.833333,288.433333,259.09596875,261.40784375000004,1,2.311875,disengaged
36.94655,0.11986176,34.21989,36.000633,41.066963,6.8470726,70.89723,46.035072,33.201378,14.231444,0.820974,0.33567187,0.47482333,0.8730666,1.1038511,0.6290277,2.7054343,1.9475673,2.6218653,0.9277652,0.2857393,0.5194888,19.3532,0.31060797,-4.0609612,-1.6965426,-22.89713,-0.4554554,-30.436998,-0.31857246,0.024031304,1.2491622,1.2838013,0.4695923,5.284003,0.6525311,-5.5695148,-1.1608841,23.19097,0.36126253,732.61707,0.24121352,1454.4022,0.15233627,-15.912947,-3.713983,1673.6202,0.1261523,1182.9971,0.2093909,-21.731548,-2.3405879,2858.5745,0.073942,923.5042,0.45923468,-34.053646,-1.3830945,-8.259425,-0.70817,20.930246,0.22588453,0.038776748,0.45992544,-0.018558262,-0.57222104,0.30539578,0.47226816,18.60606,0.29813087,-4.5930443,-1.5141206,-23.872282,-0.4406467,-32.17869,-0.26658732,-11.076254,23.591364,0.030161407,-0.023781855,0.12102236,3.1413612,1.0752689,0.84499997,0.044999998,0.055,0.015,-25.534481,9,15,7,SPEAKER_01,244.833333,288.433333,267.63471875,269.55846875000003,1,1.92375,disengaged
40.27953,0.047989823,37.598415,41.217255,41.828514,4.2300987,15.157085,6.2645254,16.840088,2.722477,0.82121426,0.39560854,0.48731962,0.78396696,1.1366146,0.649295,7.7666607,3.0463085,6.3826036,2.0370076,0.32865885,0.5068599,19.968166,0.31940112,-10.678501,-0.6403259,2.5829096,3.252953,-16.086956,-0.81637084,0.012295974,1.0207545,1.1020124,0.5176142,8.99825,0.29306042,13.93171,0.4597545,17.245272,0.40829036,667.20483,0.34417257,1461.5922,0.21441866,-69.48372,-1.2741129,1742.7018,0.09719581,1011.31305,0.30165917,-52.997437,-1.39644,2676.4502,0.096418396,1063.8158,0.21247521,-50.96804,-1.4737694,-9.5286045,-0.3870332,13.802808,0.35373664,0.041019842,0.8045402,-0.02761355,-0.38678774,0.35697377,0.44386828,17.976372,0.31388155,-12.411652,-0.46964312,3.2478216,2.702416,-20.278584,-0.5637195,-11.983474,18.833073,0.005603549,-0.021847326,0.27075323,5.4421773,1.4084507,0.55,0.29999998,0.13,0.01,-23.322245,9,15,7,SPEAKER_01,244.833333,288.433333,269.98034375000003,271.46534375000005,1,1.485,disengaged
40.006203,0.021695506,39.28837,40.42228,40.6939,1.4055328,13.994472,0.0,-24.811207,0.0,0.9910841,0.4864309,0.49290442,0.89259034,1.5712689,1.0783645,13.016265,0.0,-5.6429067,0.0,0.4784027,0.5514222,17.821037,0.2760611,0.58350873,7.6322913,8.075452,1.0474075,-26.536919,-0.4951785,0.012939699,0.827299,1.1468991,0.49377206,8.813965,0.42526585,19.008244,0.39434248,20.017254,0.095521286,602.4973,0.27914146,1480.895,0.2262559,-96.77485,-0.9632997,1740.0582,0.1179918,938.4201,0.3315757,-74.778336,-1.080248,2669.4163,0.08969976,861.0119,0.18621963,-69.703354,-1.2099574,-12.480125,-0.29643387,16.782686,0.24061236,0.039535604,0.5146808,-0.036860574,-0.46609247,0.5544213,0.45707297,15.55813,0.34764424,-1.5335711,-2.560273,1.780082,2.9064996,-23.870926,-0.6580048,-11.647117,14.365857,0.037312217,-0.05644344,0.5537876,3.2258065,3.846154,0.17,0.0,0.07,0.0,-19.77048,9,15,7,SPEAKER_01,244.833333,288.433333,274.80659375,275.12721875,1,0.320625,disengaged
48.272205,0.045526147,47.168392,48.76892,49.82037,2.6519775,276.33972,433.164,18.148611,9.081556,1.4658966,0.5443028,0.8384044,1.249983,1.9038115,1.065407,14.231897,16.295473,7.1961336,8.253889,0.58046144,1.0437611,7.107073,1.146667,-8.45521,-1.0046201,-8.052971,-1.3581507,-30.35358,-0.43727034,0.01808644,0.99754614,1.0331197,0.54231447,9.190557,0.45980883,9.993327,0.6965629,12.142422,0.7615881,888.0138,0.1840744,1157.8225,0.20879842,-31.061506,-1.8031694,1902.4954,0.11431202,942.026,0.3690748,-35.662014,-1.3449155,2864.273,0.077248074,906.629,0.4798043,-36.419533,-1.303557,-8.303259,-0.7916816,15.940912,0.433666,0.06641293,0.42497358,-0.0083081955,-1.3600597,0.52206004,0.87581253,6.980932,1.2033896,-8.440781,-1.0501516,-7.714059,-1.470829,-31.530449,-0.39499158,-3.8425918,13.40239,0.04520483,-0.00573637,1.2701886,1.6,2.4590163,0.35833332,0.26378128,0.0425,0.024874683,-17.80515,9,15,7,SPEAKER_01,244.833333,288.433333,276.96659375,279.48096875000005,1,2.514375,disengaged
48.984642,0.02285439,47.984238,48.489887,50.368523,2.384285,15.423245,10.81711,21.119555,0.0,1.0247644,0.4017689,0.6142067,1.0611378,1.4094336,0.79522693,10.776439,2.7183838,0.9407375,6.044903,0.63608783,0.6064348,13.171983,0.38052547,-9.072687,-0.80197746,-5.854866,-1.6364082,-39.371502,-0.21224539,0.038669918,0.8933104,0.99562055,0.44045398,10.576064,0.39959076,22.841282,0.2341324,12.263233,0.96618617,933.0425,0.058455043,1053.4211,0.12697597,-58.40011,-1.1533052,2053.9927,0.037382063,510.61453,0.32180884,-67.765236,-0.93023723,2981.564,0.028889118,871.3846,0.2376441,-67.05634,-0.94546807,-13.367979,-0.23110424,17.654295,0.20248285,0.10176982,0.20951831,-0.03422779,-0.29498085,0.7209525,0.51626635,11.721511,0.3741135,-9.008132,-0.79059947,-4.315033,-2.4467502,-42.78516,-0.16176164,-10.60668,19.89761,0.10696932,-0.034541737,0.72763664,4.0816326,4.651163,0.16,0.04,0.07,0.0,-18.485666,9,15,7,SPEAKER_01,244.833333,288.433333,281.16846875000005,281.67471875,1,0.50625,disengaged
46.785954,0.029089667,46.34972,47.186916,47.693344,1.3436241,-13.932535,14.044499,10.738297,0.0,0.57385564,0.5004499,0.34587523,0.55587405,0.87670434,0.5308291,3.1366746,0.9868584,-0.58564264,3.2043285,0.20147422,0.6740129,8.968599,0.8843609,-9.004645,-1.3233776,-7.9514036,-0.9893453,-14.038978,-0.79507124,0.013923834,0.67800903,1.1172379,0.36754313,8.252577,0.3770639,11.310199,0.368958,10.740248,0.5215242,825.14795,0.20291206,1273.6937,0.15324828,-80.424614,-1.1020668,1821.5099,0.08923137,923.2555,0.183156,-70.572586,-1.1667193,2798.697,0.06315186,976.3328,0.61557746,-71.525536,-1.1475096,-8.600839,-0.53186494,13.363168,0.4273102,0.06305748,0.19575436,-0.005567644,-1.1011258,0.19384284,0.5553989,8.4326315,0.5486198,-9.187763,-1.2269406,-4.756522,-1.2628336,-17.14948,-0.44313604,-3.6092756,15.525232,0.0508228,-0.0073381355,0.2797613,5.172414,1.8867925,0.35999998,0.0,0.07,0.03,-30.07598,9,15,7,SPEAKER_01,244.833333,288.433333,282.11346875000004,282.70409375,1,0.590625,disengaged
46.26017,0.061232176,44.203213,47.806538,48.30653,4.1033173,105.29801,110.15407,267.01773,351.71442,0.75425094,0.3300513,0.55610573,0.74010694,0.92597437,0.36986864,6.250388,3.3802211,3.8807147,1.5229056,0.35088348,0.5391777,16.682747,0.36045745,-6.3700366,-1.3050545,-12.942837,-0.81819844,-31.931896,-0.3076532,0.024340974,1.2732934,1.1379559,0.39722437,10.408206,0.32639378,15.575624,0.55987334,24.492483,0.4600112,857.6208,0.16000666,1228.2749,0.17671174,-34.854908,-1.9367888,1915.6907,0.09908377,928.1018,0.24905528,-47.286522,-1.24493,2896.7722,0.060373552,844.2575,0.2939868,-50.57693,-1.1375223,-14.688603,-0.2570429,24.723137,0.19385384,0.077020325,0.3141594,-0.017630793,-0.6850076,0.34165385,0.52976227,16.34651,0.28132537,-7.61578,-1.0300393,-14.839506,-0.70000035,-32.260235,-0.25663716,-11.790391,16.599924,0.06715068,-0.040845204,0.45027348,4.268293,1.2578617,0.675,0.545,0.06333333,0.03091206,-23.698584,9,15,7,SPEAKER_01,244.833333,288.433333,285.67409375,287.32784375,1,1.65375,disengaged
45.696075,0.11336723,45.370968,47.320843,48.595734,3.2247658,45.61089,0.0,-1.7035484,0.0,0.7009835,0.39265335,0.3228082,0.7892499,0.9529644,0.6301562,1.0332115,1.8855817,1.0497231,0.0,0.17825186,0.49870473,10.253635,0.30888274,-10.317623,-1.3092988,-7.4453244,-0.7991046,-20.737074,-0.46691182,0.010719783,1.568922,0.837722,0.43856966,11.179491,0.3480232,8.195843,0.790644,14.688175,0.5007093,846.5316,0.20520674,1219.7233,0.15653677,-31.965368,-1.809677,1827.9423,0.10057126,1019.7229,0.22087617,-32.538757,-1.5394528,2851.0552,0.095649414,932.52155,0.28943923,-37.47525,-1.2924905,-8.131519,-0.77945083,15.478019,0.35313898,0.08530554,0.26763636,-0.0034393703,-1.6959721,0.19854528,0.41743717,9.737761,0.3288342,-11.556582,-1.0893652,-8.477242,-0.56227785,-22.754555,-0.40535712,-12.252301,22.138054,0.030874655,-0.0040540965,0.040682472,1.724138,3.846154,0.225,0.195,0.04,0.0,-27.476606,9,15,7,SPEAKER_01,244.833333,288.433333,287.83409375,288.433333,1,0.59925,disengaged
40.264133,0.07418731,37.812103,40.22382,42.134605,4.322502,22.874323,1.1463699,-1.0580139,10.800584,0.41055015,0.38185656,0.27185115,0.3729235,0.5679186,0.29606745,3.0055912,1.243321,2.0680254,1.2749374,0.12440421,0.7413364,23.446367,0.39410034,-3.7807765,-1.2970101,-18.872423,-0.48573765,-17.810621,-0.82307905,0.013862009,0.76520276,0.89315516,0.4527659,9.840381,0.35100374,7.5358005,1.2634362,34.663578,0.23147324,703.8314,0.26626202,1410.6444,0.12453546,-86.750374,-1.1116517,1676.7535,0.10592326,1207.4519,0.17033182,-81.444885,-1.0149492,2827.157,0.08470697,978.4911,0.26827726,-89.96928,-0.8512734,-14.901849,-0.31562436,29.277548,0.2128678,0.044727046,0.6645939,-0.022179382,-0.516787,0.15207264,0.61983943,27.048946,0.22135203,-2.6417165,-1.5387461,-20.5077,-0.4774755,-24.614178,-0.4727683,-3.8705041,15.78846,0.029102681,-0.0019220699,0.077769555,3.1390135,2.293578,0.276,0.14880858,0.136,0.093509346,-30.298996,9,15,7,SPEAKER_02,244.833333,288.433333,253.32471875,255.56909375,1,2.244375,disengaged
0.0,0.0,0.0,0.0,0.0,0.0,0.0,0.0,0.0,0.0,0.29811662,0.1288236,0.25764903,0.30349466,0.33310658,0.07545754,1.1250902,0.85406494,1.6845499,1.1619588,0.06595154,0.24757399,14.49376,0.37361443,9.17541,0.6273172,-2.2928877,-4.7384114,-8.493724,-1.0375037,0.0,0.0,0.0,0.0,0.0,0.0,0.0,0.0,0.0,0.0,0.0,0.0,0.0,0.0,-201.0,0.0,0.0,0.0,0.0,0.0,-201.0,0.0,0.0,0.0,0.0,0.0,-201.0,0.0,0.0,0.0,0.0,0.0,0.0,0.0,0.0,0.0,0.0,0.0,0.0,0.0,0.0,0.0,0.0,0.0,0.0,0.0,-8.5777445,18.173006,0.024362547,-0.00257038,0.07004314,6.896552,0.0,0.0,0.0,0.21,0.0,-40.55239,9,15,7,SPEAKER_02,244.833333,288.433333,280.08846875,280.39221875000004,1,0.30375,disengaged
39.258537,0.12034441,34.318943,39.865593,44.07859,9.759647,0.0,0.0,-0.32113135,0.0,0.6247165,0.23574017,0.5160504,0.6735526,0.75456333,0.23851293,1.1143043,0.7213664,2.858216,1.5772847,0.23761539,0.2927719,23.246601,0.13235785,-2.9367623,-3.2321756,-10.407375,-0.8766283,-23.67304,-0.35396954,0.018265134,0.3889623,1.347756,0.38727853,6.2832828,0.55099726,7.1102977,0.97353375,27.984798,0.20010155,829.3937,0.2064684,1303.7814,0.15006427,-41.315388,-1.778886,1928.7675,0.12698999,1089.2585,0.21444571,-48.864285,-1.3087364,2919.5403,0.097645685,1029.6202,0.20070216,-52.706455,-1.1819016,-12.858925,-0.24945235,23.18285,0.16530274,0.08020611,0.25465652,-0.029106608,-0.5748441,0.26712537,0.18096456,23.791378,0.1376981,-6.737787,-1.0589536,-14.3204565,-0.4099641,-27.343782,-0.20022333,-14.040832,22.788355,0.051322635,-0.028273793,0.1826047,6.451613,1.754386,0.47,0.0,0.08,0.0,-27.23645,9,15,8,SPEAKER_01,288.466667,291.9,288.466667,289.09971875,1,0.6330625,engaged
37.233086,0.12899698,36.05941,39.540276,40.266468,4.207058,170.09543,20.744904,87.19515,90.07016,1.2716798,0.38741255,0.7909229,1.2142355,1.757788,0.96686506,14.704633,5.6464143,7.6869917,4.3824067,1.3561063,0.6615652,29.11969,0.18424161,5.6677074,1.656232,-8.930455,-1.0587661,-17.74863,-0.44838667,0.032746654,1.3228528,1.4089448,0.55759877,9.433181,0.39851898,7.9647837,1.1706263,33.172062,0.24798076,806.6379,0.21526669,1342.9445,0.13957818,-39.808056,-1.4893987,1881.7197,0.11929756,1087.381,0.18736574,-49.81413,-1.086687,3016.536,0.0970233,974.86743,0.21530804,-57.186295,-0.88743687,-20.445564,-0.27339762,32.69936,0.19989468,0.06068982,0.25252455,-0.029760068,-0.38084862,1.5174788,0.5626886,30.23541,0.1373955,6.328271,1.4397674,-8.067278,-1.2279699,-18.454006,-0.43526486,-15.133351,26.525574,0.059001416,-0.022528457,0.7471708,5.0,3.1578948,0.26666665,0.049888764,0.04,0.01,-11.452043,9,15,8,SPEAKER_00,288.466667,291.9,290.88846875,291.9,1,1.0115625,engaged
33.818348,0.016245976,33.114204,33.96301,34.34927,1.2350655,7.645607,4.128503,14.0452385,5.790043,0.96635395,0.2576366,0.7386996,0.9128361,1.148919,0.41021937,4.071365,2.4796512,5.318502,2.1623168,0.51787627,0.5503962,23.92135,0.321928,2.4353766,3.5590332,-10.5455265,-0.74793106,-22.48517,-0.383326,0.011279503,0.27776363,1.3424768,0.5179631,6.9139504,0.28310367,-0.84815234,-7.045421,30.293453,0.12683715,744.498,0.18951963,1421.4714,0.14206894,-102.885345,-0.90442324,1857.5024,0.09174023,1143.6636,0.17782386,-106.49704,-0.79862225,2952.6052,0.054546893,927.6879,0.17143913,-108.29944,-0.768161,-15.838921,-0.30936566,28.13614,0.2045263,0.06676616,0.13222842,-0.038016517,-0.23339796,0.7250928,0.38731563,28.372314,0.1978444,9.22005,0.8604394,-9.932376,-0.5685948,-24.762045,-0.3289302,-7.3415103,16.487707,0.0600228,-0.02471803,0.35968214,4.878049,2.777778,0.17999999,0.0,0.074999996,0.035,-20.061111,9,15,9,SPEAKER_00,291.933333,292.933333,291.933333,292.35659375,1,0.42325,disengaged
41.910847,0.0,41.910847,41.910847,41.910847,0.0,0.0,0.0,0.0,0.0,0.64256096,0.37136292,0.4138875,0.57530564,0.89298636,0.47909886,0.08878936,0.0,0.0,0.0,0.48901927,0.8242384,24.640293,0.31873116,-6.1635795,-1.5483824,-11.361145,-0.49611908,-14.705781,-0.23304713,0.009960717,0.0,3.0408115,0.0,6.3570447,0.06835982,-6.9504037,-0.24761835,15.287898,0.1146979,603.1392,0.11995481,1686.9589,0.025645385,-8.435188,-0.984908,1533.4104,0.0055278316,1459.6532,0.04707716,-16.2111,-0.2941631,2512.2532,0.03187079,1024.261,0.03459879,-29.109833,-0.11928569,-2.9947965,-0.999692,18.205868,0.1634042,0.054555744,0.11499881,-0.0008696385,-7.248302,0.10090195,0.35812992,15.807048,0.06626737,-17.04155,-0.16338733,-18.106773,-0.038471878,-10.219671,-0.23078781,0.0,0.0,0.0,0.0,0.0,0.0,0.0,0.0,0.0,0.0,0.0,-21.278675,9,15,9,SPEAKER_00,291.933333,292.933333,292.84596875,292.933333,1,0.087375,disengaged
37.32489,0.20929213,33.93994,34.91585,35.99609,2.0561485,683.82086,0.0,8.844874,0.0,0.9343131,0.50301576,0.5440517,0.820974,1.2738506,0.72979885,10.402949,7.1926956,3.5174286,1.0829403,0.554719,0.7425141,23.206892,0.5848312,5.1596475,1.6415557,-18.979223,-0.5632613,-13.659539,-0.89634347,0.015860206,0.59580415,1.2252874,0.59314895,6.976615,0.49977624,-1.2289251,-4.6064157,32.715557,0.32382327,697.74677,0.2578415,1434.691,0.1158006,-117.15379,-0.8023163,1674.4562,0.15455414,1242.3629,0.20579223,-118.69006,-0.724279,2810.6897,0.08004304,1082.5225,0.38834205,-125.07469,-0.6311949,-16.14142,-0.2942994,32.373653,0.22648157,0.062226817,0.38923284,-0.030997297,-0.38847902,0.76879364,0.588226,30.027481,0.4159334,8.731507,0.7932513,-20.929277,-0.5043396,-21.26407,-0.6948227,-10.873157,19.87067,0.049176443,-0.02016542,0.4480096,2.0833335,3.3333335,0.12666667,0.1367073,0.15333332,0.10077477,-17.157782,9,15,10,SPEAKER_00,292.966667,297.666667,292.966667,293.94284375,1,0.9761875,engaged
35.7966,0.036503345,34.383057,35.60072,36.680855,2.2977982,35.227726,41.869644,17.361105,10.997951,0.90097845,0.3928407,0.6659008,0.8480629,1.1675433,0.50164247,10.13694,7.497316,5.396899,2.3880165,0.514183,0.691081,24.091555,0.4922695,6.175816,1.6682241,-8.374127,-1.275564,-16.63828,-0.66949207,0.020864194,0.70465004,1.1429592,0.4621321,6.4057,0.5442598,7.9426417,1.0904871,27.581564,0.8547476,803.46967,0.19298941,1319.4927,0.14027959,-64.4421,-1.2638078,1883.6072,0.12069134,1101.9,0.34566772,-71.83978,-1.0217348,2924.8464,0.08119297,1018.28467,0.40860215,-76.02687,-0.93143255,-15.057112,-0.40125075,27.01961,0.27410007,0.06911313,0.29597935,-0.023215882,-0.7194099,0.5909769,0.59880775,29.30125,0.22036539,6.0234914,1.6899654,-7.030598,-1.5134428,-19.177975,-0.5521316,-8.000423,17.099712,0.0583605,-0.004412412,0.38975862,3.3653848,3.0,0.235,0.096046865,0.074999996,0.041932486,-19.494574,9,15,10,SPEAKER_00,292.966667,297.666667,294.55034375,296.64284375,1,2.0925,engaged
38.160297,0.03864687,36.996822,37.41603,40.404312,3.4074898,11.722126,0.43950987,18.197554,15.329497,1.1102835,0.4236689,0.6668732,1.069246,1.6796801,1.0128069,9.849821,2.0590084,7.0389524,0.0,0.7996189,0.7410081,20.486567,0.70423985,2.6019962,2.9077785,-24.395857,-0.47629067,-16.719204,-0.41257507,0.016855361,0.4704552,1.1820973,0.54814905,7.113501,0.3702562,10.590086,0.47023836,35.653885,0.16386634,692.5954,0.2726889,1464.8523,0.09389521,-73.08786,-1.0969976,1685.2279,0.14484113,1141.5095,0.12488589,-64.39178,-1.0856829,2840.5718,0.08104732,1006.12897,0.12733424,-73.314835,-0.88951814,-12.940102,-0.28285557,29.50337,0.26114345,0.085555434,0.18136244,-0.019068439,-0.2876643,0.93402076,0.56165826,23.251684,0.59574074,4.2099047,1.3048273,-26.011597,-0.4166011,-17.54169,-0.4539893,-5.988321,18.418255,0.05716471,-0.004749914,0.19802846,2.2727273,5.1282053,0.13499999,0.065,0.049999997,0.0,-16.097773,9,15,10,SPEAKER_00,292.966667,297.666667,297.21659375,297.666667,1,0.4500625,engaged
36.56899,0.07819616,34.683857,36.040943,38.433918,3.750061,164.84549,200.16106,29.02854,24.789602,1.1176876,0.34211686,0.74812835,1.0250435,1.4572769,0.7091486,8.897995,3.4722204,6.375338,3.8505347,0.73469007,0.52902436,26.506916,0.41023177,5.195245,2.5108635,-10.79713,-1.2030126,-16.360462,-0.5728653,0.024141105,1.7033911,1.2320846,0.4689984,6.98481,0.5073299,8.650248,1.2128413,32.451256,0.30711374,750.417,0.24786322,1405.3162,0.17556487,-63.61829,-1.2842519,1776.4781,0.14375585,1132.0135,0.2310968,-67.05212,-1.0987059,2888.2234,0.0851916,1035.0354,0.39750472,-74.75151,-0.9199775,-15.048116,-0.6006972,29.198837,0.30240145,0.07215664,0.28576112,-0.022388611,-0.55220425,0.80594397,0.48399132,29.754372,0.2791956,5.195273,2.5917773,-12.331562,-1.1320803,-16.781403,-0.5777473,-11.80763,20.548904,0.058618378,-0.0199639,0.56676733,4.710145,3.6900368,0.191,0.14922802,0.0725,0.04205651,-16.011274,9,15,11,SPEAKER_00,297.7,318.366667,297.7,300.47346875,1,2.7734375,disengaged
36.214333,0.08510224,34.527317,36.09283,38.056488,3.529171,37.074642,27.489145,18.956657,7.57139,1.1264256,0.36864945,0.75187206,1.0757725,1.4914529,0.73958087,10.771257,6.5035357,6.980998,4.17257,0.7755885,0.71883494,27.874748,0.4639941,5.36429,2.455132,-8.111291,-1.7373157,-14.287878,-0.72574276,0.027154421,1.7375695,1.2180457,0.6333908,8.418319,0.37514773,7.819784,1.2206246,30.981947,0.34831667,768.969,0.23544526,1370.7808,0.17155197,-61.085434,-1.3424834,1797.5029,0.13408978,1132.0936,0.23614933,-68.163414,-1.0573978,2948.711,0.07855918,888.3608,0.27518472,-74.665306,-0.91108423,-17.227846,-0.5714708,32.050014,0.28624514,0.07414215,0.24752071,-0.019939102,-0.9052421,0.8732061,0.6784924,31.405308,0.27996415,7.184829,1.892431,-7.1066074,-1.8414949,-16.047478,-0.5639897,-7.068453,18.72677,0.06442056,-0.007691251,0.5391984,5.0,2.3715415,0.30833334,0.17723963,0.09166667,0.042979326,-13.919026,9,15,11,SPEAKER_00,297.7,318.366667,300.99659375000005,303.61221875,1,2.615625,disengaged
36.33768,0.08775534,34.63072,35.88442,38.285797,3.655079,62.701134,54.06909,174.54652,298.01163,1.0936311,0.46028638,0.6838522,0.9635109,1.5218656,0.8380134,9.956576,5.0688505,9.361103,7.021904,0.7808121,0.68625855,28.471636,0.33737594,9.02427,1.2001567,-10.9661045,-1.1472955,-10.1521845,-0.9828774,0.02327427,1.0220804,1.3108292,0.604245,7.9122,0.42323676,10.076988,0.9858465,34.9109,0.24961069,785.41064,0.22120272,1404.7881,0.16332002,-64.87477,-1.2207135,1823.6393,0.120545946,1181.4257,0.2302072,-72.63526,-0.9872931,2972.9578,0.08101182,1049.1631,0.25923398,-80.09917,-0.83632195,-17.86608,-0.45495602,32.46959,0.20172544,0.063780755,0.3944593,-0.02172166,-0.53022635,0.9247905,0.5756965,31.424702,0.21556723,9.552751,1.1734262,-10.252949,-1.2916411,-12.179952,-0.8007114,-10.828563,22.937578,0.048237994,-0.008699784,0.44512036,3.6101084,3.6429875,0.191,0.18400815,0.07176471,0.041335825,-13.807349,9,15,11,SPEAKER_00,297.7,318.366667,304.11846875000003,309.67034375000003,1,5.551875,disengaged
37.378956,0.083824754,36.10972,37.060623,38.921665,2.8119469,64.18177,20.820927,15.79598,5.8832607,1.0103284,0.43240035,0.62449527,0.91590226,1.3641454,0.73965013,9.258126,5.352676,7.318063,2.8764808,0.73380744,0.68124545,28.345127,0.31569815,6.4560146,1.5238096,-10.585983,-1.0824903,-19.17394,-0.40150502,0.024810627,1.0032392,1.2465647,0.52638006,7.3988886,0.5511668,10.275408,0.9453569,31.375233,0.2562342,841.0674,0.14144298,1241.2036,0.21029998,-61.642235,-1.2712736,1919.0773,0.09807333,1059.3483,0.24092026,-72.7509,-0.9667642,3000.1438,0.074537665,937.2005,0.38397393,-77.705864,-0.8609935,-17.780893,-0.40897545,30.831347,0.25485095,0.06888226,0.27554893,-0.026122075,-0.4298005,0.8596874,0.5977163,29.940866,0.26682582,7.169936,1.3737584,-10.0743,-1.1772231,-19.545021,-0.39854634,-13.606937,25.066261,0.056405567,-0.0204293,0.4400424,4.5751634,3.3444817,0.21299998,0.13986064,0.072222225,0.06178417,-14.5957,9,15,11,SPEAKER_00,297.7,318.366667,310.22721875,313.29846875000004,1,3.07125,disengaged
41.221832,0.05769368,41.89711,41.92297,41.956417,0.0593071,180.65111,0.0,5.497444,0.0,0.48412335,0.09924307,0.44488376,0.48249492,0.5228811,0.07799733,0.94353896,0.52003676,1.3990712,0.56627107,0.086663835,0.20597327,18.72774,0.13592812,-11.231815,-0.30611318,-27.703705,-0.1262305,-29.572222,-0.15507877,0.020622412,0.75485486,0.9501346,0.21734643,9.2768955,0.17903925,-11.997431,-0.5054389,23.942825,0.30246446,785.439,0.13405523,1254.9609,0.16271405,7.3266654,1.0071467,1783.0297,0.053784586,1054.4746,0.106830776,-12.907329,-0.8314527,2938.0889,0.03400134,745.351,0.29592955,-26.437351,-0.46729425,-12.903048,-0.14348817,28.708504,0.07365561,0.047581196,0.22327763,-0.0077243745,-0.9810496,0.085663125,0.20701693,19.275284,0.11366331,-10.97691,-0.3311575,-28.860743,-0.105900995,-30.878927,-0.13554403,0.0,0.0,0.0,0.0,0.0,6.3492064,2.1276596,0.45999998,0.0,0.0,0.0,-30.746136,9,15,12,SPEAKER_01,318.4,448.4,319.77846875,320.41971875,1,0.64125,engaged
33.01776,0.0,33.01776,33.01776,33.01776,0.0,0.0,0.0,0.0,0.0,0.3823334,0.4715232,0.23237069,0.48643455,0.5123195,0.27994883,0.0,0.0,-0.04923656,0.0,0.09482104,0.38415956,11.469018,0.5226927,-14.412788,-0.3214802,-24.619364,-0.3540871,-26.442902,-0.41545367,0.005459353,0.3796326,0.9119653,0.45900023,2.0411198,0.31872207,7.1308627,0.36307967,8.100227,0.1896138,863.2022,0.011271992,1111.6462,0.04436008,40.57974,0.1420393,1791.8352,0.018109813,860.6002,0.06151334,19.324188,0.46472254,2924.974,0.029015556,670.98816,0.048182912,8.105172,0.49510178,-10.436241,-0.12588799,25.76823,0.033948846,0.085320264,0.161678,-0.012385236,-0.43185562,0.100798786,0.11918591,15.71135,0.07405097,-17.475039,-0.06890568,-30.504524,-0.060379386,-34.71659,-0.10465202,0.0,0.0,0.0,0.0,0.0,0.0,0.0,0.0,0.0,0.0,0.0,-33.64065,9,15,12,SPEAKER_01,318.4,448.4,334.18971875,334.30784375,1,0.118125,engaged
54.116226,0.20648123,42.679104,60.890083,60.920883,18.24178,321.06116,81.95104,99.349785,70.5344,0.6742716,0.40957916,0.43964243,0.6293205,0.925563,0.48592055,5.1386986,3.774359,7.454636,0.4729228,0.24676795,0.7648214,10.556041,0.45644215,-13.541431,-0.26334468,-10.238928,-0.79434085,-37.08956,-0.25823104,0.040521238,0.42134908,1.7060254,0.2115992,4.7392373,0.52959055,-2.141574,-4.3192463,-6.523122,-3.7043111,713.40533,0.2669878,1202.2789,0.094140954,-150.44948,-0.53375787,1803.7571,0.1526127,1056.3145,0.39651993,-124.458084,-0.66211253,2725.2966,0.09757401,874.73,0.3876412,-102.59517,-0.81598824,-5.6783385,-0.49132082,15.154753,0.41039294,0.04429736,0.5366467,-0.011189501,-1.6079408,0.24981512,0.80298424,8.113564,0.65999454,-15.465301,-0.20884338,-9.146815,-0.8037677,-36.977367,-0.2424376,-6.4098406,13.550576,0.060836717,-0.025251623,0.2974292,2.9411764,4.83871,0.103333324,0.07586537,0.08333333,0.032998316,-28.24893,9,15,12,SPEAKER_01,318.4,448.4,354.69284375,355.38471875000005,1,0.691875,engaged
48.42918,0.1614172,39.809082,49.046432,57.696075,17.886993,257.64313,138.2182,56.406593,39.54986,0.34895086,0.07579588,0.32855952,0.34162557,0.37212914,0.043569624,1.0816306,0.4769635,1.0901344,0.15562138,0.07399292,0.2647042,16.105394,0.21907227,-14.138453,-0.4516664,-24.252138,-0.25919673,-21.636034,-0.31101128,0.06850422,0.92050827,2.1981277,0.27634373,1.7045397,1.5437516,5.9738393,2.2480478,10.976935,2.8527186,651.8097,0.31397298,1197.868,0.11602281,-71.352776,-1.3128186,1630.4083,0.09001583,1102.2435,0.13468033,-65.988266,-1.2435824,2629.6672,0.08546609,809.42346,0.16292419,-63.930473,-1.1931022,-7.6423097,-0.28354603,20.080717,0.16064918,0.053982574,0.3739811,-0.01044994,-1.0551916,0.069459386,0.25304842,14.418038,0.15174975,-16.47132,-0.36494395,-21.40096,-0.27155674,-20.223522,-0.33412284,-8.291077,25.3742,0.061820302,-0.01278511,0.08021913,9.25926,4.255319,0.16499999,0.085,0.049999997,0.01,-37.7823,9,15,12,SPEAKER_01,318.4,448.4,396.99846875,397.55534375,1,0.556875,engaged
37.74403,0.09074875,33.080643,38.341824,41.20107,8.120426,405.08286,320.89905,-44.828545,137.73726,0.3322667,0.07419653,0.31263486,0.33224177,0.3575369,0.044902056,1.0019579,0.39958832,1.0453786,0.45979434,0.06952848,0.20517227,15.33864,0.2367927,-15.120853,-0.20745634,-23.456673,-0.2969848,-21.31984,-0.1864182,0.14157869,0.8351509,2.3104918,0.2639356,-0.52912015,-1.4895735,-11.073536,-0.4134329,14.866347,0.57986563,711.8477,0.25846288,1543.8718,0.084430575,-132.14062,-0.6812654,1706.3898,0.09462467,1213.0549,0.10704856,-126.9736,-0.6936203,2752.8916,0.06784102,947.0242,0.16940168,-130.2248,-0.64723843,-7.233579,-0.17405006,23.36987,0.14078721,0.037585817,0.23603421,-0.011459663,-0.6714549,0.07394028,0.22794059,16.427496,0.088090494,-17.791931,-0.11280246,-23.528906,-0.25347903,-21.254116,-0.18651344,-6.681371,19.832436,0.036796268,-0.011170921,0.06931192,12.765958,7.3170733,0.04,0.008164966,0.12,0.099999994,-39.01206,9,15,12,SPEAKER_01,318.4,448.4,397.77471875,398.26409375,1,0.489375,engaged
40.57622,0.020946873,39.659985,40.747684,41.423485,1.7635002,0.0,0.0,-0.2552647,0.0,1.4381258,0.4186218,0.87758315,1.2621028,1.9766312,1.099048,40.78377,0.0,-12.962951,0.0,1.7513386,0.6233469,32.748585,0.12865883,-1.9192822,-2.2467413,-16.808958,-0.24250309,-11.263959,-0.49887323,0.018022655,0.37774494,1.8385357,0.49696612,8.480451,0.27120733,7.9671144,1.0541945,29.32367,0.22438015,809.268,0.1765947,1472.7021,0.24791062,-87.92056,-1.0169368,1757.7389,0.10012114,1143.4608,0.08925327,-91.213356,-0.8278409,2961.1416,0.03236809,880.315,0.18859464,-98.17743,-0.7272057,-11.579256,-0.5561811,32.083527,0.12542818,0.043599293,0.22261637,-0.010260946,-1.0310364,2.6690927,0.30709708,29.458109,0.14760071,-5.64803,-0.6225404,-17.603086,-0.33491623,-15.128614,-0.3381469,-11.248558,37.352757,0.061106525,-0.015517862,1.970563,5.0000005,7.142857,0.08,0.0,0.04,0.0,-11.128729,9,15,12,SPEAKER_00,318.4,448.4,447.18471875,447.40409375,1,0.219375,engaged
36.184555,0.122991376,36.4738,38.13214,38.61629,2.1424904,133.7151,0.0,-9.170151,0.0,1.1095155,0.2239321,0.8542142,1.0609225,1.3265905,0.47237635,9.452661,1.9752179,2.4001217,4.592639,1.3278629,0.3673997,30.481665,0.1308178,11.74743,0.48851842,5.3339667,1.2426307,-23.48796,-0.41046858,0.03511641,0.54998624,1.9131677,0.48933384,8.043809,0.33371702,11.479139,0.6185029,30.313509,0.18521976,876.5294,0.15116602,1344.901,0.15703171,-78.968445,-0.98797804,1964.5021,0.07407429,1081.5852,0.25775525,-86.18542,-0.8263422,3073.8325,0.043243535,808.9833,0.32813746,-87.319984,-0.80782044,-23.996433,-0.13123594,34.613483,0.18007927,0.066572644,0.23856215,-0.032451473,-0.29261333,1.4983093,0.3173054,32.263515,0.07901299,13.264193,0.4171978,5.2093177,1.0719736,-20.862093,-0.44999626,-20.287504,29.136427,0.07412439,-0.033073876,1.3175845,8.474577,5.6603775,0.11,0.09899495,0.046666663,0.03091206,-13.376905,9,15,12,SPEAKER_00,318.4,448.4,447.79221875,448.4,1,0.6078125,engaged
37.625183,0.08277171,33.80554,40.07872,40.286037,6.4804993,6.8943024,0.0,21.500246,0.0,1.1690264,0.5369505,0.7249352,0.92505974,1.9985847,1.2736496,0.53278804,2.471209,6.6853333,2.1029437,0.59627795,0.8229853,23.544048,0.2177885,-11.572397,-0.61945486,-16.443512,-0.54901755,-9.166942,-0.742708,0.012691111,0.7087579,0.99431026,0.40647268,6.345294,0.47154862,-3.691307,-1.6723876,21.816195,0.20870274,882.9135,0.12802063,1121.8898,0.11533644,-58.43322,-1.4793531,1912.9075,0.08329944,834.43005,0.20580937,-66.12362,-1.2219721,3078.7744,0.065868154,773.79376,0.22426409,-75.55851,-0.9905963,-2.7031627,-1.990215,16.358206,0.21889786,0.056576736,0.25626656,-0.018318478,-0.7624424,0.8167826,0.67147624,23.349274,0.19557849,-15.007892,-0.41835588,-18.556965,-0.5114307,-9.607187,-0.86146575,-5.4447794,19.709885,0.02362489,-0.014287027,0.26839077,1.8867925,4.166667,0.16,0.03,0.06,0.02,-17.222918,9,15,13,SPEAKER_00,448.433333,622.633333,448.433333,448.97346875000005,1,0.540125,disengaged
37.641148,0.12026984,34.974945,37.319695,39.16065,4.1857033,276.72354,100.2924,79.25998,97.9884,1.0027328,0.49328995,0.6150584,0.97160536,1.314318,0.6992595,10.079062,5.145642,7.1659856,6.561561,0.654239,0.77304,27.403187,0.41343567,1.4618725,6.325102,-10.642425,-0.9774917,-16.474434,-0.5623257,0.024294509,1.7268617,1.1597496,0.491553,7.4152417,0.5069544,7.1023993,1.4064361,24.384047,1.2386713,821.76227,0.18234271,1226.7599,0.20263693,-48.063244,-1.4770018,1887.5558,0.10969883,988.83844,0.25348657,-56.451115,-1.1068697,2995.5107,0.08319252,926.6234,0.29861292,-62.39911,-0.9386352,-15.850039,-0.45329842,28.204117,0.29550406,0.07142042,0.28744802,-0.023116516,-0.89256954,0.746151,0.66802585,30.661081,0.23410702,1.3021469,7.2979546,-10.185081,-0.9914169,-17.943035,-0.46883336,-11.8504305,21.044224,0.06651508,-0.0050607985,0.4175285,3.6082475,3.7037036,0.21285714,0.1491609,0.048,0.023151672,-14.635076,9,15,13,SPEAKER_00,448.433333,622.633333,449.20971875,451.16721875,1,1.9575,disengaged
37.05109,0.050117627,34.312943,36.872192,39.04448,4.731537,45.495514,28.261381,9.472083,6.5012875,0.8960519,0.56903553,0.53080076,0.72730607,1.0172595,0.48645872,4.1770644,2.6776426,9.235131,4.421547,0.6877967,0.7148082,29.442875,0.25453708,11.206225,1.0708717,-3.8615308,-2.3577726,-18.289131,-0.21110268,0.03487504,0.714029,1.7066083,0.7151557,8.490597,0.5234294,11.257682,0.5632439,31.310707,0.18955494,868.48303,0.16738707,1227.418,0.16110827,-98.31664,-0.79277915,2006.7756,0.10747563,1158.7308,0.1924758,-105.70144,-0.6495426,3005.5466,0.057287503,886.6997,0.2802458,-106.85791,-0.63433456,-22.571657,-0.22725293,35.88293,0.13825862,0.058446005,0.17698526,-0.028689137,-0.23282684,0.83159703,0.57653797,31.414816,0.20822906,17.524918,0.48272854,-0.012319776,-670.01385,-16.900795,-0.14318968,-15.779645,25.83438,0.0702391,-0.027034393,0.6295088,3.125,5.084746,0.11,0.08286535,0.0475,0.031124748,-13.208605,9,15,13,SPEAKER_00,448.433333,622.633333,451.58909375,452.24721875,1,0.658125,disengaged
36.51882,0.052684322,34.423103,36.783436,38.700546,4.277443,9.936654,4.238124,13.17152,1.6248474,0.9726887,0.40175083,0.65186584,0.8722692,1.3664379,0.7145721,12.502074,10.00151,6.9945107,3.519597,0.6398721,0.6606788,34.02904,0.14949557,5.8688803,2.0563128,-7.555704,-1.5684332,-17.446955,-0.4273175,0.01487217,0.68332237,1.150675,0.5244786,8.799269,0.46769497,9.383311,1.3233029,33.69669,0.2603267,762.1132,0.21450233,1355.3956,0.1393829,-34.440323,-1.5490125,1809.9281,0.11551051,1172.7957,0.2053979,-44.85419,-1.0693024,2935.448,0.081139125,939.86975,0.21450445,-52.422638,-0.86204636,-18.74337,-0.5349905,33.553688,0.20660363,0.073014654,0.16732731,-0.026732907,-0.48600036,0.729655,0.5550926,34.89168,0.13638775,7.0700083,1.7706528,-6.154104,-1.9750834,-16.091843,-0.44359574,-12.335088,26.849691,0.069363855,-0.03090382,0.20944585,5.8823533,1.2500001,0.71999997,0.0,0.06,0.0,-13.842611,9,15,13,SPEAKER_00,448.433333,622.633333,452.48346875,453.34409375,1,0.860625,disengaged
36.125103,0.07585632,34.58619,36.245087,37.7269,3.140709,142.21811,96.44591,6.94625,18.68433,0.9995931,0.39422217,0.6729179,0.9072066,1.282758,0.6098401,8.293565,4.8449984,5.5703483,3.231553,0.65565234,0.66401654,26.855661,0.36978588,7.175318,1.7113839,-14.403974,-0.9688702,-16.482286,-0.62890965,0.029724166,2.6229255,1.2855033,0.5243735,7.6077447,0.40020552,6.1721354,1.8232961,32.37069,0.3524332,821.7271,0.19090159,1311.2489,0.18124574,-56.648605,-1.408808,1830.216,0.11882779,1187.268,0.28513554,-64.45568,-1.1048424,2951.0588,0.07287297,925.1272,0.3007167,-71.963234,-0.9254114,-15.239622,-0.6409891,31.448715,0.2132054,0.07068641,0.2641716,-0.024088548,-0.54179305,0.74320644,0.6089459,29.098051,0.2832113,7.1508803,1.7675929,-14.983518,-0.9547887,-16.70215,-0.6196335,-11.507583,22.645664,0.054891285,-0.016382251,0.40158576,4.0462427,2.9325514,0.251,0.23458259,0.06272727,0.0559368,-16.28338,9,15,13,SPEAKER_00,448.433333,622.633333,453.85034375,457.32659375,1,3.47625,disengaged
36.936863,0.08566143,35.037125,36.451397,39.05058,4.0134544,159.53177,144.59163,17.58069,20.46355,1.0899893,0.36786088,0.76825124,0.9923368,1.4079078,0.6396566,8.093722,4.1818633,7.1711645,3.7259145,0.69506174,0.62034786,24.724508,0.39453074,5.331436,1.8386426,-14.315494,-0.81386626,-17.80014,-0.5385053,0.025084604,1.5261672,1.2604167,0.57691425,7.3616457,0.55193144,6.4220214,1.5296717,31.057499,0.25413662,829.5951,0.20978692,1320.6669,0.17053518,-69.212906,-1.1805911,1855.8104,0.13709265,1238.4541,0.25073862,-74.75267,-0.99119395,2954.8735,0.08680909,970.64484,0.3534685,-80.785164,-0.8673745,-14.904577,-0.48722443,31.09158,0.24082397,0.05786473,0.45980257,-0.021831365,-0.50101775,0.82224375,0.5226082,27.930305,0.28184655,6.5446024,1.408955,-14.159739,-0.8409376,-19.540197,-0.47324315,-6.925334,21.04002,0.03880935,-0.012353943,0.40544724,4.2016807,3.821656,0.1761111,0.15279394,0.064444445,0.040718846,-14.621252,9,15,13,SPEAKER_00,448.433333,622.633333,457.95096875,462.72659375,1,4.775625,disengaged
44.121544,0.080767676,41.999233,42.15441,49.332848,7.3336143,41.005577,28.345297,240.2834,0.0,0.82292587,0.25633326,0.62889564,0.8607496,0.967582,0.33868635,4.5701146,2.9392774,4.0225587,1.4923375,0.2787966,0.53921413,11.325407,0.31296495,-25.99245,-0.18680891,-24.674784,-0.22829197,-17.612783,-0.3362688,0.028193612,0.35458142,1.4950614,0.37250265,1.5708574,1.7142004,7.187185,0.8611909,18.544304,0.34836006,992.34326,0.15835339,1245.6406,0.22576238,-16.768875,-3.9032807,1906.8104,0.09449741,1196.8629,0.11146143,-21.990496,-2.3842564,2834.023,0.045953,1019.74713,0.23382886,-24.930973,-2.07403,-2.724513,-1.0605003,16.68447,0.33957067,0.06809957,0.114714175,-0.0073725455,-0.96635604,0.32937565,0.45314333,10.449109,0.23717283,-26.118347,-0.21367925,-26.728657,-0.18267068,-19.402443,-0.21115513,-3.0404453,10.202827,0.076092154,-0.0025118007,0.25050828,5.882353,7.4074078,0.11,0.06,0.02,0.0,-26.823112,9,15,13,SPEAKER_01,448.433333,622.633333,472.2440937500001,472.59846875000005,1,0.354375,disengaged
41.985893,0.019150378,41.924995,42.004192,42.130714,0.205719,11.884169,0.0,-0.26433182,39.12866,0.6658489,0.14926937,0.59324425,0.6445573,0.74305606,0.1498118,1.5292599,0.9381091,1.4884667,0.4338927,0.18359359,0.35266516,11.845299,0.38918117,-17.798132,-0.27614427,-19.624037,-0.25213894,-23.326767,-0.5081283,0.04357803,1.0115663,1.683716,0.3776635,2.4092174,1.4994936,-5.5120215,-1.5844653,15.007587,0.4174456,732.3681,0.28838995,1354.6267,0.17313835,-73.18972,-1.2729261,1709.8551,0.15906747,1182.0137,0.32477438,-61.888676,-1.3113813,2700.2385,0.09062911,952.3209,0.21118039,-67.96502,-1.139645,-6.075116,-0.6430374,18.348663,0.1775136,0.056347124,0.25086138,-0.011994438,-1.063581,0.19541094,0.31654802,13.195284,0.29865932,-17.829273,-0.3047047,-20.230652,-0.24155481,-26.448074,-0.42434937,-3.3293366,15.019874,0.059261825,-0.006363403,0.15178876,4.0816326,4.4444447,0.14999999,0.098234415,0.055,0.03774917,-30.527298,9,15,13,SPEAKER_01,448.433333,622.633333,475.14659375,476.14221875,1,0.995625,disengaged
40.55808,0.032344025,38.84698,41.054718,41.88597,3.03899,26.136644,0.0,-11.916161,0.0,0.6440072,0.18965878,0.5221845,0.66979396,0.7531265,0.23094201,1.2282357,1.0815214,2.9147997,1.0935618,0.24022004,0.41045973,17.097105,0.12884033,-20.548569,-0.17510964,-22.58819,-0.26920474,-34.375004,-0.4016108,0.068338946,0.9525081,1.7040147,0.19185609,1.0087115,1.5599194,-3.2405598,-1.6897886,19.523718,0.26076907,761.2272,0.31897628,1404.802,0.13919404,-110.35703,-0.8745062,1590.4464,0.09728839,1425.058,0.23243862,-99.96118,-0.8825905,2610.8286,0.052386004,1007.8347,0.1889168,-105.415436,-0.793679,-4.8048487,-0.38045052,17.190172,0.18306656,0.06562106,0.21764769,-0.007699323,-1.0154545,0.20626625,0.3156385,17.516197,0.12360911,-22.270735,-0.13700204,-18.926891,-0.23481436,-29.613646,-0.40723535,-5.6259646,18.249413,0.059576347,-0.012626486,0.30579802,4.7619047,5.4054055,0.085,0.044999998,0.07,0.049999997,-29.9326,9,15,13,SPEAKER_01,448.433333,622.633333,478.1503437500001,478.58909375,1,0.43875,disengaged
38.666786,0.092891894,34.28344,40.242737,41.92426,7.6408195,184.72784,82.938675,107.04499,99.4954,0.47417507,0.093287684,0.43486863,0.469792,0.5166791,0.081810474,1.3857197,0.8072044,1.192134,0.38023934,0.12630719,0.38868293,18.781956,0.30082136,-9.005096,-0.35523194,-25.071976,-0.16449766,-31.404022,-0.1785314,0.060716648,0.90454835,1.3183712,0.38277784,3.5350585,0.6879326,-6.4034553,-2.3336625,17.58092,0.6378254,803.7108,0.14935413,1236.8884,0.117856406,-14.165281,-4.801412,1821.7501,0.09255605,1171.2452,0.17763802,-32.563152,-1.8491691,2888.3137,0.0592329,863.4263,0.27847594,-37.653984,-1.5509148,-10.93069,-0.17216381,27.028221,0.11060173,0.05306304,0.2629915,-0.011120299,-1.0188658,0.12062951,0.38405335,17.914196,0.33917403,-8.986669,-0.37567303,-24.701235,-0.1779977,-30.169792,-0.18524991,-10.016978,25.214727,0.0742395,-0.02607758,0.19318339,8.823529,1.6666667,0.52,0.0,0.06,0.0,-32.297504,9,15,13,SPEAKER_01,448.433333,622.633333,479.24721875000006,479.93909375,1,0.691875,disengaged
42.194843,0.26721486,33.015686,38.164494,60.86543,27.849743,126.40181,21.276058,52.465874,7.4964557,0.73278236,0.47044906,0.4967148,0.5742205,1.0133047,0.5165899,1.2115301,0.24895608,1.3744549,0.59862125,0.24888396,0.7622036,12.091533,0.5168546,-12.659065,-0.86289734,-25.441158,-0.29229856,-23.096582,-0.50609976,0.041740205,0.8881904,1.5067612,0.346506,3.6532435,0.7341854,10.3371725,1.5925611,14.823842,0.8349502,866.9955,0.18830268,1150.0166,0.13468799,-41.197144,-2.4371269,1887.6273,0.08106242,1083.8917,0.18756066,-51.992096,-1.6010952,2866.2993,0.04829078,868.8445,0.49894544,-53.65168,-1.4976741,-6.576632,-1.0604094,21.519804,0.26581687,0.047606472,0.59161663,-0.0030780265,-2.5995135,0.21482544,0.8781743,10.963334,0.5192542,-10.640021,-1.0114411,-25.264553,-0.25552514,-25.919155,-0.43883738,-2.217117,18.741735,0.042819615,-0.0032114056,0.3923612,1.5384616,2.4793391,0.29999998,0.2997777,0.13,0.03,-26.655039,9,15,13,SPEAKER_01,448.433333,622.633333,515.41034375,516.7265937500001,1,1.31625,disengaged
40.876915,0.09740574,39.568863,40.48397,43.258743,3.6898804,108.31488,48.851162,-61.43761,114.41966,0.74816734,0.42575657,0.4695074,0.62869924,1.181779,0.71227163,2.5972643,2.5970225,2.6525962,0.376746,0.21937554,0.69785506,16.243145,0.35245648,-11.577401,-0.6129137,-20.419258,-0.39869627,-30.82018,-0.2727446,0.06893793,1.0490584,1.325686,0.28020087,2.821266,0.8035045,3.9806974,4.888948,21.26637,0.5496101,900.6712,0.052544236,1102.2279,0.11038043,-59.334667,-1.6094681,1952.0602,0.063335344,1036.0693,0.37867424,-71.00237,-1.2230833,2968.4524,0.036929794,809.6548,0.3172314,-74.075294,-1.1404438,-10.186309,-0.21346731,21.821684,0.3152289,0.049905393,0.41180506,-0.022370027,-0.39628777,0.13276467,0.29419574,19.893774,0.18226647,-7.9374743,-0.69831914,-19.290241,-0.46628672,-35.428143,-0.19606894,-5.4922905,17.788027,0.05658903,-0.014682722,0.3211211,3.6144578,1.3513514,0.5,0.0,0.22,0.0,-27.505663,9,15,13,SPEAKER_01,448.433333,622.633333,522.0590937500001,522.9028437500001,1,0.84375,disengaged
46.40514,0.16140723,38.97923,47.95088,57.056957,18.077728,78.821175,39.23846,94.49524,48.870663,0.7600849,0.36895835,0.4594792,0.76101583,1.0785284,0.6190492,3.7582064,2.1649876,3.7327044,1.8968134,0.33621386,0.6660846,11.246494,0.80059224,-17.628265,-0.40383485,-31.998344,-0.16436554,-20.80063,-1.1062312,0.03900514,1.565624,1.3538101,0.41057342,7.0787497,0.48439518,-3.168738,-3.6823168,15.467053,0.5655897,964.89923,0.15373148,1223.8053,0.12083479,14.485236,0.6821405,1908.8544,0.10496469,1203.8104,0.17404804,-9.3094425,-1.8835871,2916.8875,0.057230446,846.0915,0.32725278,-16.57084,-0.94503456,-6.6847134,-1.4816403,25.525932,0.22256882,0.044469886,0.43952817,0.0018966895,12.642295,0.35417464,0.6280795,10.837075,0.8439463,-17.954477,-0.40279037,-32.437878,-0.15694992,-20.119856,-1.1728224,0.0,0.0,0.0,0.0,0.0,6.19469,0.9433963,1.05,0.0,0.0,0.0,-23.9362,9,15,13,SPEAKER_01,448.433333,622.633333,529.9734687499999,531.12096875,1,1.1475,disengaged
55.826477,0.074706696,53.328865,58.078598,58.228394,4.8995285,127.85526,0.0,2.1145632,0.0,0.59165406,0.24236704,0.47360274,0.5456929,0.7427065,0.26910374,1.0236287,0.8970412,2.973357,0.0,0.20761637,0.49593467,10.871911,0.4180691,-5.989157,-0.817544,-18.36628,-0.2548003,-32.129734,-0.3327482,0.051039305,0.64857227,1.9440637,0.16853464,7.66335,0.3256604,12.047845,0.48659593,0.6537011,20.859367,966.42883,0.12595901,1319.924,0.09559777,-158.86255,-0.47662663,2105.5454,0.09854454,1368.5304,0.33732563,-106.24723,-0.74147993,2798.6995,0.04748343,861.2232,0.34294042,-100.41544,-0.8332637,-13.124043,-0.16251671,17.239296,0.20073375,0.026432054,0.42165342,-0.013524597,-0.4286537,0.29224908,0.25220314,8.023805,0.19816887,-6.1939497,-0.5292316,-19.816956,-0.17759997,-36.422493,-0.20190349,-10.088553,21.189232,0.025449827,-0.008134361,0.18475723,2.777778,3.7037039,0.14,0.0,0.049999997,0.02,-27.823042,9,15,13,SPEAKER_01,448.433333,622.633333,532.6059687500001,532.97721875,1,0.37125,disengaged
46.878475,0.24967404,36.380257,41.085075,60.8953,24.515045,348.3986,0.0,26.971308,59.459316,0.5853564,0.2647966,0.42579985,0.57539344,0.7072355,0.28143567,4.790581,3.6367958,0.5596122,1.439284,0.11381915,0.32835373,6.4746594,1.430551,-6.7449427,-0.768095,-21.947124,-0.229261,-27.389414,-0.10325755,0.04237329,0.43969926,1.4787438,0.20417236,3.016637,0.44856295,-5.289045,-2.6243212,6.1136475,1.4111346,677.27875,0.30687642,1274.742,0.105112545,-76.681404,-1.3857862,1664.6796,0.11092768,1228.8964,0.26835486,-83.409744,-1.102841,2732.5518,0.11071108,841.8039,0.3489448,-77.543755,-1.0221478,-8.779195,-0.29655582,23.329762,0.31423563,0.055569373,0.17935143,-0.0066913115,-0.8953764,0.101844564,0.18687135,10.548575,0.8867239,-9.207862,-0.45841756,-24.394363,-0.12091212,-27.602184,-0.12335992,-3.049674,10.51007,0.05069088,-0.011124866,0.15094839,7.1428576,5.714286,0.11,0.02,0.099999994,0.0,-32.680275,9,15,13,SPEAKER_01,448.433333,622.633333,535.2722187500001,535.7109687500001,1,0.43875,disengaged
41.12283,0.11333539,34.851658,42.072056,45.485264,10.633606,62.88797,45.435566,39.92543,0.0,0.49945053,0.14857665,0.40860623,0.50974727,0.5732004,0.16459417,1.5873975,0.18902722,1.8570963,0.58764184,0.13787985,0.46284527,12.6069145,0.17953065,-6.899937,-0.5658742,-28.752144,-0.11051648,-31.949259,-0.18571448,0.06596481,0.76028043,1.9123604,0.40481904,0.7251231,4.975408,1.5760757,10.505431,19.498186,0.45208102,663.614,0.33840805,1547.371,0.11368169,2.9608638,2.1037385,1654.9666,0.15877013,1424.9679,0.09042691,-9.022037,-1.1192614,2822.9397,0.10344118,1047.8635,0.2957734,-17.783705,-0.47827578,-10.0827465,-0.17927581,24.42332,0.108426176,0.055238925,0.3634496,-0.004276982,-1.6428684,0.13986728,0.4468859,12.336389,0.19180335,-5.993915,-0.56919515,-29.743807,-0.07844803,-32.299347,-0.1928283,0.0,0.0,0.0,0.0,0.0,6.25,3.7037039,0.26,0.0,0.0,0.0,-31.79771,9,15,13,SPEAKER_01,448.433333,622.633333,535.81221875,536.1497187500001,1,0.3375,disengaged
47.288395,0.15087177,43.774017,45.66154,48.965336,5.1913185,380.87228,172.27249,165.04865,182.83104,0.9434557,0.48448676,0.5653765,0.85985225,1.1518813,0.5865048,4.336113,3.331821,3.3422692,2.356339,0.42540717,1.095448,12.086316,0.4605642,-13.581394,-0.7200045,-12.691257,-0.8293183,-33.278297,-0.27400985,0.040312033,0.8479868,1.7651669,0.45067075,3.1769497,0.8918599,5.2130165,2.0140088,12.224052,0.7738331,846.3762,0.19332458,1202.5121,0.3542254,-97.064064,-1.0186236,1951.5167,0.12772453,1013.44806,0.35446164,-92.66258,-0.9332949,2868.153,0.065715075,939.2514,0.3028554,-89.72988,-0.9569196,-7.253243,-0.65678024,18.50277,0.3047807,0.057642702,0.2898342,-0.010017773,-1.0602515,0.5259236,1.125345,12.37768,0.49648142,-13.741766,-0.7711957,-13.608077,-0.90240693,-34.589592,-0.25137076,-5.0470223,14.0882635,0.05999236,-0.013851201,0.319887,2.2988505,3.0120482,0.192,0.096415766,0.12,0.110634536,-22.128416,9,15,13,SPEAKER_01,448.433333,622.633333,577.42596875,579.1809687500001,1,1.755,disengaged
37.097687,0.030285897,36.408947,36.86568,37.798958,1.3900108,17.609724,9.566606,24.819061,29.715424,1.1009301,0.381304,0.6889895,1.0285677,1.5050073,0.81601775,6.738766,2.4568784,7.658015,2.4752398,0.6942549,0.5679807,28.345936,0.2282575,1.8752072,5.8417296,-17.397957,-0.55911213,-15.438098,-0.59043026,0.022007667,1.1299865,1.2360702,0.5167175,8.1897545,0.36352727,7.0734444,1.3953366,31.018703,0.24840084,773.12427,0.24578756,1372.625,0.16823599,-46.084366,-1.5743864,1781.6686,0.14546734,1214.5541,0.21035981,-51.635098,-1.1969883,2901.512,0.09092879,1047.9122,0.25912312,-60.935406,-0.9454194,-13.075961,-0.61251485,29.182474,0.22154102,0.08228752,0.15864559,-0.020813636,-0.5117792,0.764045,0.5205449,29.117897,0.19267656,2.0013604,5.5245523,-16.895576,-0.5779535,-15.817674,-0.58948684,-8.706035,22.26003,0.07859289,-0.01966468,0.4075873,3.2432435,2.234637,0.36499998,0.1918984,0.0625,0.019202864,-17.14973,9,15,14,SPEAKER_00,622.666667,627.233333,625.36784375,627.233333,1,1.8655,engaged
37.426346,0.22920941,34.18881,35.19602,36.752533,2.5637245,340.6711,105.22897,45.0388,42.313484,0.676519,0.510838,0.37153098,0.5874243,0.95370173,0.5821707,8.287326,4.0488153,6.8440795,6.598876,0.40199107,0.9100343,24.573973,0.4173414,3.7408252,2.4886308,-9.580933,-0.892878,-16.57588,-0.5276544,0.028557979,0.889617,1.3634299,0.50372136,6.4731064,0.4356367,7.379105,1.2519308,32.68697,0.37821174,783.47394,0.17872709,1321.2356,0.123436324,-117.89767,-0.75802124,1854.36,0.106859826,1073.6453,0.21046534,-119.08265,-0.6892897,2972.2683,0.075845115,964.30096,0.39766645,-120.4844,-0.6513422,-16.74333,-0.38921565,28.359146,0.275825,0.074809365,0.36502123,-0.028945206,-0.5178071,0.6082339,0.69211996,29.133373,0.37405127,7.6050043,0.96932507,-10.782837,-0.77769655,-21.618345,-0.36200297,-11.151801,20.968292,0.049194034,-0.013741207,0.23294544,4.347826,3.846154,0.11333333,0.07110243,0.125,0.09691061,-20.708532,9,15,15,SPEAKER_00,627.266667,731.3,627.266667,628.89471875,1,1.6280625,disengaged
35.769302,0.07867435,33.244247,36.23703,37.607574,4.363327,128.94049,68.85204,10.508907,15.750007,0.90255404,0.42174816,0.602991,0.838547,1.17432,0.571329,6.4089465,3.721629,5.5564594,3.035074,0.5759571,0.6890946,25.678852,0.40897527,7.1299543,1.8416584,-12.859589,-1.1573431,-15.238905,-0.685009,0.027811337,2.1460083,1.2650249,0.47730252,7.3923798,0.466075,8.280095,1.3558288,31.182447,0.33265778,819.71466,0.19169623,1340.2587,0.16057232,-65.095726,-1.2799479,1846.8433,0.11795283,1185.2511,0.2504088,-71.59108,-1.037179,2937.1582,0.070427276,1014.6527,0.2602402,-77.67675,-0.9069728,-15.5078125,-0.67123264,29.94425,0.22193055,0.076344855,0.24003156,-0.022892868,-0.6153737,0.6799761,0.595715,28.197027,0.27705142,6.9526296,2.0099344,-13.458807,-1.1312093,-16.672295,-0.5876129,-11.820386,22.2891,0.06522212,-0.009810008,0.35512322,3.3802817,3.142857,0.22181818,0.24597923,0.07545454,0.06005507,-17.349846,9,15,15,SPEAKER_00,627.266667,731.3,629.5022187500001,633.06284375,1,3.560625,disengaged
36.834854,0.0866373,35.093925,36.446644,39.02449,3.9305649,102.9535,65.072464,45.461906,32.332684,1.0747024,0.37063903,0.7144698,1.007376,1.4163649,0.7018951,8.242299,4.2201967,6.7549963,3.2711701,0.6933173,0.56774336,26.256374,0.36862528,4.551457,2.572282,-16.098894,-0.6443144,-16.295048,-0.63929415,0.028901353,1.5844917,1.273716,0.57449114,7.249703,0.5654756,7.1188407,1.3628403,32.538284,0.2490102,815.63904,0.20041014,1326.7568,0.17934904,-72.43315,-1.1536008,1832.686,0.12869528,1165.9031,0.20220312,-79.31558,-0.9417473,2951.2676,0.084409535,989.84766,0.3180475,-85.72399,-0.8216486,-16.251642,-0.43114385,32.149696,0.22506584,0.06930837,0.3136868,-0.024628047,-0.43822402,0.81362855,0.4810019,29.690134,0.24968863,7.1981936,1.4496409,-15.668755,-0.71928257,-17.676695,-0.5976607,-8.426071,20.074575,0.06077134,-0.01655696,0.44900683,4.8117156,3.601695,0.18294117,0.1580307,0.07,0.048762463,-14.826849,9,15,15,SPEAKER_00,627.266667,731.3,633.67034375,638.46284375,1,4.7925,disengaged
35.16717,0.119800985,35.00032,35.88342,36.864296,1.8639755,7.9296384,0.0,19.16243,0.0,1.0622766,0.35995,0.74892783,1.0109905,1.4431492,0.6942214,6.954988,4.958127,5.5133195,2.1641834,0.61432815,0.53663635,32.134716,0.2520711,2.9738204,3.6987133,-16.406136,-0.72296214,-13.887978,-0.60761684,0.024064094,1.7195452,1.0577959,0.552685,8.596025,0.36787677,5.453731,1.6491334,35.010883,0.2950428,807.893,0.20899493,1425.4993,0.1687968,-33.73939,-1.9757158,1778.5597,0.12187676,1219.0732,0.18874095,-44.291428,-1.3611096,2936.9692,0.08599643,986.54266,0.20895681,-55.66253,-1.0049211,-14.713749,-0.61506504,33.963017,0.18058571,0.075426616,0.21464422,-0.020856002,-0.66621673,0.66668344,0.4873829,33.627453,0.21647622,4.027901,2.8552668,-16.568758,-0.729892,-14.826493,-0.5740822,-8.9316635,18.04652,0.06679859,-0.028488608,0.41668975,4.0697675,1.7964072,0.47,0.19304577,0.06666666,0.036817867,-15.622448,9,15,15,SPEAKER_00,627.266667,731.3,638.98596875,640.7240937500001,1,1.738125,disengaged
35.90987,0.06906188,33.555283,35.826237,38.162987,4.607704,134.39592,71.089195,6.9371796,11.226113,1.0889949,0.37051052,0.7365917,1.0166725,1.4548049,0.7182132,8.659177,3.0542407,7.5710187,3.8547661,0.6999772,0.6337686,24.338179,0.44973195,4.937058,2.112292,-14.701445,-0.6656646,-18.592173,-0.44891208,0.019037643,0.7205802,1.0864745,0.47721007,6.5986776,0.51424015,6.7180405,1.4710964,33.247013,0.23962039,744.35065,0.23061116,1382.451,0.15310568,-73.80264,-1.2109729,1801.4344,0.1348342,1100.1532,0.15804704,-78.83561,-1.0154421,2921.7683,0.08096496,1034.5573,0.35680562,-85.401855,-0.8854102,-16.388279,-0.33325714,28.858192,0.25823995,0.07101463,0.21980207,-0.031217678,-0.30041233,0.87855923,0.4801993,29.26947,0.263619,5.699557,1.8853619,-14.347668,-0.64473397,-19.846756,-0.43214998,-8.464605,17.780804,0.068904184,-0.018660553,0.38382307,5.172414,2.366864,0.2775,0.19562401,0.12,0.037416574,-16.253939,9,15,15,SPEAKER_00,627.266667,731.3,641.1797187500001,642.93471875,1,1.755,disengaged
37.773914,0.054066427,36.03545,37.902344,39.293015,3.2575645,55.112152,69.60358,15.961518,6.4236727,1.1105028,0.5000886,0.6039557,1.0425411,1.6063033,1.0023477,7.9989295,5.116036,6.6635594,3.5306113,0.6723811,0.7015436,21.677835,0.5264632,3.3434098,3.2722387,-18.428497,-0.73668474,-12.863189,-0.7987967,0.020433208,0.93175465,1.1119032,0.44974566,7.569222,0.54239875,4.2509074,2.1875353,27.271427,0.3639127,792.2495,0.22399732,1335.1427,0.16892408,-69.58162,-1.2068466,1806.803,0.14321275,1166.2369,0.24910083,-72.045265,-1.0509969,2905.5854,0.08683361,959.7434,0.2513223,-79.67167,-0.8884572,-13.5152445,-0.58719844,30.414625,0.23635635,0.06362122,0.2721177,-0.020138739,-0.69169855,0.80946296,0.52432543,26.677523,0.2898545,3.9500039,3.0454156,-17.077204,-0.7943295,-13.781343,-0.6975904,-6.2674904,17.50403,0.056333546,-0.003507922,0.37650082,2.8037384,2.21519,0.31857142,0.14671923,0.11,0.10836446,-14.499519,9,15,15,SPEAKER_00,627.266667,731.3,643.20471875,646.42784375,1,3.223125,disengaged
34.335316,0.022835532,33.517574,34.166107,35.15768,1.6401062,19.132471,0.61584973,16.286152,8.31585,0.4189562,0.28831947,0.27866676,0.46410733,0.53042203,0.25175527,1.2704481,1.297066,1.6230346,0.9064139,0.10926144,0.46568692,23.690023,0.30130807,-8.695076,-0.5364173,-15.558502,-0.3068785,-11.293081,-0.5522029,0.025014862,1.1405269,1.3671004,0.3939388,2.0347774,1.55446,-3.5463076,-1.32689,18.968035,0.3511984,785.3389,0.1366159,1343.0165,0.08940716,-41.0884,-1.8445393,1690.2834,0.06687332,1054.0205,0.11406182,-48.065426,-1.4879532,2803.557,0.052239984,729.55505,0.17352754,-56.481613,-1.1952168,-7.1864967,-0.3085895,21.373652,0.17503777,0.052077428,0.1899067,-0.0146067375,-0.5281135,0.12660748,0.37088287,26.0245,0.26738125,-7.917221,-0.49232033,-15.3152075,-0.3351721,-12.135126,-0.44990593,-4.7314043,19.446321,0.03067982,0.0035193267,0.0670342,3.5714285,1.9607843,0.39999998,0.0,0.04,0.01,-35.1958,9,15,15,SPEAKER_01,627.266667,731.3,698.35221875,698.92596875,1,0.57375,disengaged
33.040462,0.036988955,32.854183,33.261364,34.005444,1.1512604,112.40368,0.0,60.247707,37.99252,0.40056267,0.2158888,0.29951552,0.40713072,0.49585977,0.19634426,1.2279207,0.26585227,0.2686493,0.6780308,0.0949303,0.30205253,23.65046,0.19441468,-3.996226,-1.4021367,-11.000661,-0.34530976,-11.157025,-1.1626792,0.007883313,0.39115268,0.9927519,0.43217495,4.7372627,0.35221827,-11.14596,-0.5866892,15.92762,0.17051877,863.3372,0.1095955,1273.0168,0.17390727,-84.34304,-1.1622045,1844.8982,0.07744754,958.4723,0.2718525,-90.32511,-1.0315912,2960.8276,0.06838846,747.5433,0.3182815,-96.47157,-0.9124194,-10.371249,-0.41411105,21.49016,0.24269442,0.028963396,0.69032377,-0.027328787,-0.32504508,0.097827725,0.18560289,23.47386,0.07864687,-4.999412,-1.3876156,-11.0961895,-0.3238785,-18.404686,-0.6076042,-8.038452,19.284542,0.007491175,-0.009254761,0.099950954,5.357143,1.9607843,0.28,0.0,0.099999994,0.01,-35.260464,9,15,15,SPEAKER_01,627.266667,731.3,701.99721875,702.57096875,1,0.57375,disengaged
22.187622,0.0040120017,22.128544,22.219837,22.259586,0.13104248,0.0,0.0,-0.05609989,0.0,0.40107548,0.047069374,0.3802557,0.40398315,0.41681692,0.03656122,1.297839,0.0,-0.1276493,0.35963905,0.07386938,0.2217095,27.391722,0.029684925,-8.675241,-0.23415466,-39.57666,-0.068434976,-40.70966,-0.050823003,0.014132591,0.0097776875,1.470725,0.24165288,4.2208915,0.044683874,5.1505833,0.13823952,13.426797,0.0839704,805.5603,0.2775443,1438.1276,0.07849254,24.856495,0.1189297,1730.1396,0.11732736,1389.0065,0.011721371,9.279131,0.611131,2776.695,0.081139036,917.0039,0.18440518,-2.0529535,-0.4560546,-11.07183,-0.075848125,30.630922,0.03375406,0.08484547,0.13956423,-0.03416612,-0.02522982,0.09267208,0.03848553,27.68205,0.01422571,-7.60743,-0.16035195,-36.68481,-0.0326579,-39.769073,-0.025595121,0.0,0.0,0.0,0.0,0.0,10.000001,25.0,0.03,0.0,0.0,0.0,-33.09262,9,15,15,SPEAKER_01,627.266667,731.3,714.4172187500001,714.53534375,1,0.118125,disengaged
29.34381,0.16840963,26.257343,26.333544,36.226147,9.968803,105.71547,38.84955,18.238398,48.69535,0.7993705,0.44648218,0.43760085,0.71242386,1.2239676,0.7863667,6.8755193,6.2217393,3.1885865,0.0,0.2516485,0.38675603,20.044184,0.17599416,-19.216028,-0.44917294,-48.989643,-0.11703941,-33.55949,-0.3420917,0.033840366,1.6917912,1.2944789,1.0103645,2.985502,1.4504378,-10.09052,-0.44716644,3.6612384,2.7375338,995.84393,0.08228115,1129.1715,0.17884071,-8.175397,-9.715522,1956.774,0.11310133,1258.2094,0.09963356,-25.525606,-2.8698902,2997.8977,0.034631316,1042.9932,0.34380826,-32.754498,-2.1270547,-0.69655114,-5.5201087,29.499876,0.065141365,0.0740102,0.27347648,-0.017866299,-0.8777308,0.29963133,0.25632808,18.35574,0.1474027,-23.984106,-0.21888605,-50.069626,-0.12873681,-29.70319,-0.3890212,-7.5602784,33.077374,0.0852506,-0.036709875,0.19187912,2.4390244,3.0303032,0.28,0.0,0.03,0.0,-22.950808,9,15,15,SPEAKER_01,627.266667,731.3,718.0959687500001,718.5178437500001,1,0.421875,disengaged
40.42691,0.058090262,38.26756,40.266407,42.824585,4.557026,0.26850903,0.0,0.0,0.0,0.41422155,0.40296754,0.25401983,0.39515975,0.5892277,0.33520785,2.7800794,0.08244383,-1.5357406,1.9332734,0.1419688,0.66423863,23.526491,0.2531769,4.4351287,1.3965019,-14.703159,-0.5639372,-34.757267,-0.31901053,0.018170591,0.8037125,0.7824078,0.456373,10.196135,0.28224438,9.547551,0.65796447,35.514503,0.07924745,726.4191,0.31112033,1495.796,0.1660046,-80.41233,-1.1361445,1769.2826,0.21544895,1299.0894,0.13361722,-76.36908,-0.99092585,2901.9355,0.08677978,1005.6308,0.23674148,-81.85541,-0.8857172,-16.658632,-0.10034112,29.94787,0.10074988,0.047996648,0.35132912,-0.031491954,-0.20840907,0.17776579,0.5291253,26.626179,0.093591474,5.32246,1.3876486,-15.764011,-0.57635677,-41.87308,-0.14314932,-11.368778,23.989052,0.031728975,-0.014770063,0.09685782,4.3478265,2.4390244,0.28,0.0,0.049999997,0.03,-29.958826,9,15,15,SPEAKER_01,627.266667,731.3,729.40221875,729.87471875,1,0.4725,disengaged
40.724274,0.111035116,40.33311,41.860687,43.768486,3.4353752,54.7528,0.0,-27.977943,0.0,0.57377076,0.43939728,0.3047514,0.63476044,0.8067181,0.5019667,3.7806544,1.072771,2.2281413,0.99054044,0.21409404,0.56333953,21.250797,0.3165057,-6.1647987,-1.4868648,-26.828316,-0.453005,-26.944351,-0.3292276,0.075707816,1.4017867,1.716229,0.80338895,5.015672,1.047457,15.522178,0.47396597,33.134842,0.1627763,642.601,0.29269737,1429.9833,0.13765158,-59.781948,-1.4144135,1727.9347,0.1588492,1140.3384,0.17861296,-53.968826,-1.2084788,2896.9165,0.12702139,1086.7518,0.2820832,-62.24974,-0.9793736,-11.832182,-0.59746045,28.767075,0.16589157,0.06827683,0.2750923,-0.015736984,-1.0153297,0.2182868,0.45047855,24.496595,0.19825956,-5.025476,-1.5599105,-27.487406,-0.39331824,-29.731949,-0.2917302,-6.0685406,20.523117,0.048250467,0.00070857693,0.11595653,3.508772,4.0,0.19,0.0,0.03,0.0,-27.548248,9,15,15,SPEAKER_01,627.266667,731.3,730.71846875,731.3,1,0.5815625,disengaged
34.828724,0.13412352,33.548832,34.045834,34.488182,0.9393501,137.65474,94.116104,41.741386,0.0,0.47272122,0.3880403,0.31565014,0.45828253,0.5933679,0.27771774,5.2330875,5.7910256,3.5234864,2.1070063,0.1383422,0.7392183,26.470676,0.31357363,3.5803623,1.8463584,-9.651645,-1.0023533,-10.10907,-1.0194486,0.015139733,0.97562724,1.1450778,0.5439286,7.3304086,0.4234731,-5.360031,-1.3902086,23.924654,0.32817182,635.26697,0.29571792,1396.0408,0.116575435,-54.404156,-1.5038015,1634.4978,0.14525868,1207.5646,0.18089096,-60.993626,-1.2111926,2731.826,0.09152264,1015.8941,0.22790235,-67.93751,-1.0159228,-14.253892,-0.34010592,27.158072,0.23332566,0.035940047,0.6777496,-0.022030681,-0.67687666,0.13704321,0.4208914,29.123333,0.22179513,4.148594,1.4797482,-9.583475,-1.0707897,-11.489346,-0.952761,-8.87841,21.661016,0.023487182,-0.009308021,0.15904659,3.6082475,2.6455026,0.28,0.2536139,0.078,0.04489989,-28.77025,9,15,15,SPEAKER_02,627.266667,731.3,710.4853437500001,712.4428437500001,1,1.9575,disengaged
36.37132,0.03543765,35.402702,36.626545,37.56977,2.1670685,53.47249,33.79123,21.905354,0.0,0.37107834,0.5159676,0.18909833,0.34776187,0.5040309,0.31493255,3.1937754,2.7278032,3.011523,0.3860929,0.12819155,0.70464045,25.66418,0.3056131,7.339172,1.189888,-6.653826,-1.674626,-9.789535,-0.6512204,0.016721146,0.92449695,1.1544415,0.5191695,8.14141,0.43773082,11.506586,1.1445856,30.941332,0.2839524,598.91284,0.20710371,1465.0941,0.10319388,-40.5045,-1.7645664,1661.4722,0.082716785,1104.7,0.1342196,-51.02153,-1.1876236,2769.1082,0.05969966,1053.1559,0.34721044,-57.782436,-0.99700737,-16.808628,-0.4238066,28.8174,0.2488172,0.06801561,0.38227543,-0.019524986,-0.5475168,0.15517434,0.54403484,26.560139,0.28176856,9.10969,0.9924029,-5.8838387,-2.0822015,-10.332789,-0.6690234,-6.9876904,19.741062,0.036480915,0.0018141267,0.038611352,3.1746032,1.724138,0.48,0.0,0.035,0.015,-29.581657,9,15,15,SPEAKER_02,627.266667,731.3,713.1684687500001,713.80971875,1,0.64125,disengaged
0.0,0.0,0.0,0.0,0.0,0.0,0.0,0.0,0.0,0.0,0.38808414,0.14632377,0.33529395,0.37523225,0.43891212,0.103618175,0.0,0.0,-0.023920208,0.0,0.1123335,0.23954514,24.009111,0.041322533,-6.7948356,-0.29149327,-17.018589,-0.090816624,-22.675974,-0.041502457,0.0,0.0,0.0,0.0,0.0,0.0,0.0,0.0,0.0,0.0,0.0,0.0,0.0,0.0,-201.0,0.0,0.0,0.0,0.0,0.0,-201.0,0.0,0.0,0.0,0.0,0.0,-201.0,0.0,0.0,0.0,0.0,0.0,0.0,0.0,0.0,0.0,0.0,0.0,0.0,0.0,0.0,0.0,0.0,0.0,0.0,0.0,-7.614043,19.299908,0.05718489,-0.03717809,0.16811906,0.0,0.0,0.0,0.0,0.0,0.0,-35.72846,9,15,15,SPEAKER_02,627.266667,731.3,714.3328437499999,714.4172187500001,1,0.084375,disengaged
42.07291,0.11142815,39.37018,40.961964,46.672356,7.3021774,179.82446,0.0,16.877436,0.0,1.4684494,0.33383626,1.0583175,1.2923435,1.9214106,0.863093,3.8074398,2.305095,6.928246,0.0,0.55062383,0.55110294,-0.72454256,-15.709945,-16.648418,-0.47489786,-19.630365,-0.46633312,-21.59705,-0.5738683,0.017759975,0.83407605,0.937634,0.49089736,6.2089076,0.8220862,-7.26909,-1.0684983,13.120825,0.77828515,780.3206,0.31127775,1291.7488,0.15962233,-61.757267,-1.4060555,1758.3314,0.14046589,1196.7085,0.23116465,-52.01804,-1.4415128,2710.4734,0.09068279,926.4388,0.18584114,-54.56004,-1.3525034,-5.9188776,-1.625588,15.91478,0.44705245,0.056916736,0.2887083,-0.016976634,-0.76068777,0.64113593,0.48555037,3.0461092,3.3432012,-16.550762,-0.48832023,-22.91753,-0.40215987,-27.06341,-0.3645132,4.4636707,9.726261,0.061172828,0.0030975284,0.37859926,1.5873016,5.263158,0.13333333,0.13960262,0.036666665,0.016996732,-16.9766,9,15,15,SPEAKER_02,627.266667,731.3,716.34096875,716.9822187500001,1,0.64125,disengaged
40.992496,0.049916286,38.92075,41.660976,42.87425,3.9534988,15.745046,4.4449596,17.093914,0.0,0.51018375,0.40443003,0.2944262,0.4976996,0.7446936,0.45026737,0.84696376,1.2559898,2.510921,0.0,0.16753364,0.6568941,18.633934,0.57057893,0.26776105,28.613628,-11.892313,-1.2042563,-42.907864,-0.3379563,0.015011804,0.5476356,1.1592182,0.8003578,9.795245,0.35953003,11.872599,1.3183141,27.278801,0.22644264,728.7707,0.19361402,1432.018,0.13101804,-58.07969,-1.5184435,1870.5265,0.122864306,1103.6393,0.26554394,-60.309864,-1.1911061,2897.3816,0.06329885,967.2674,0.3339274,-62.10728,-1.1405926,-13.598856,-0.45512715,23.967192,0.26595008,0.062005304,0.16340835,-0.035818417,-0.27621722,0.21207178,0.4713202,21.146383,0.39115646,-0.8458792,-10.051746,-14.949548,-0.7930007,-46.172253,-0.3104403,-7.475055,20.019615,0.05364018,-0.021121975,0.06812721,1.6949153,1.8518519,0.41,0.0,0.049999997,0.02,-27.026968,9,15,15,SPEAKER_02,627.266667,731.3,719.73284375,720.3403437500001,1,0.6075,disengaged
38.57053,0.10226642,34.663113,39.669365,42.266853,7.6037407,26.410307,17.834368,38.190685,0.0,0.41831374,0.5130435,0.21514118,0.45689383,0.5860147,0.3708735,1.5540186,1.2229806,1.7583176,0.29536378,0.17562272,0.8878796,21.792376,0.38955122,6.03877,1.424771,-2.4992929,-3.6927338,-36.794113,-0.5921111,0.03840463,2.329803,0.8945626,0.5922709,8.758487,0.58192474,11.23588,1.1377178,20.961641,1.6148597,756.0534,0.121561766,1239.384,0.12110655,-48.040195,-1.6241645,1990.2527,0.0836671,1035.7681,0.35489523,-63.184055,-1.062777,2845.9202,0.05882727,867.5641,0.2460443,-60.81105,-1.1199555,-20.346956,-0.23050143,26.744965,0.20335962,0.06733199,0.24910834,-0.044854656,-0.55702704,0.21891735,0.69157493,24.198929,0.25999895,8.185927,1.1290146,-3.5140889,-2.8349166,-47.135593,-0.33884674,-10.613788,19.492855,0.054747622,0.01052974,0.140164,2.1978023,2.3809524,0.325,0.155,0.046666663,0.018856179,-27.76583,9,15,15,SPEAKER_02,627.266667,731.3,720.82971875,721.7578437500001,1,0.928125,disengaged
41.712105,0.14933869,36.055775,41.50632,48.227882,12.172108,42.251663,21.17958,76.67638,33.29426,0.60521346,0.5131077,0.35124505,0.5742313,0.7949523,0.44370723,4.6021423,3.0125883,5.1606026,2.4641247,0.31138682,0.90912527,21.144157,0.35484776,-0.38413215,-33.423584,-13.019049,-1.345615,-28.935173,-0.5018395,0.037316956,1.6005696,1.094602,0.711785,8.869584,0.48437968,7.035094,1.9078183,25.142567,0.49382108,833.1835,0.17859168,1218.3234,0.14853407,-43.63303,-1.6808518,1863.1918,0.09081359,1022.06104,0.34296224,-54.9809,-1.1709026,2932.9146,0.060603227,714.23956,0.33423212,-59.597534,-1.0476344,-15.019824,-0.47787455,26.180122,0.28147566,0.08423213,0.28415582,-0.02668489,-0.58587176,0.3412128,0.8222704,21.510513,0.36256203,-1.3772354,-9.328039,-15.21347,-1.186262,-29.786682,-0.4910404,-13.540476,21.282213,0.06427142,-0.021109601,0.18785216,3.4013608,2.0833335,0.385,0.23300573,0.074999996,0.09305016,-23.403267,9,15,15,SPEAKER_02,627.266667,731.3,722.0278437500001,724.9809687500001,1,2.953125,disengaged
40.044724,0.053239,38.195526,39.215157,41.965878,3.7703514,9.140753,0.0,25.954897,0.0,0.42774108,0.34947667,0.27731347,0.4055441,0.5746073,0.29729384,-0.11079514,1.5943886,1.2145519,0.0,0.10461272,0.6176509,25.854399,0.18816918,1.3168896,5.646424,-19.19747,-0.51535976,-33.252293,-0.25216112,0.016762339,0.98702776,0.75281745,0.74652195,11.4379225,0.16928992,8.000993,0.55476797,37.428192,0.0799061,666.5388,0.29357955,1564.426,0.10281488,-19.28002,-2.3752468,1615.5452,0.14601311,1327.6877,0.11057179,-30.417862,-1.1905733,2817.1055,0.070851095,1009.26044,0.2472925,-43.36364,-0.7564189,-14.048133,-0.20299424,29.260483,0.20378166,0.06401644,0.22988372,-0.022501193,-0.3294161,0.11004849,0.59571135,27.213177,0.14949937,3.10385,2.271116,-19.881916,-0.5118089,-35.491478,-0.18446054,-3.7133188,12.273548,0.0567341,0.008120607,0.03191157,2.2727273,2.631579,0.35,0.0,0.0,0.0,-30.326939,9,15,15,SPEAKER_02,627.266667,731.3,726.1284687500001,726.58409375,1,0.455625,disengaged
28.932217,0.12545198,26.101738,27.744751,31.810982,5.709244,33.696606,13.648148,111.38603,2.128776,0.52714616,0.29985774,0.3893764,0.5316517,0.63487375,0.24549735,2.8927321,2.0196643,3.017729,1.2167231,0.13231394,0.47163263,14.908748,0.60181063,-9.323872,-0.93581086,-31.449022,-0.4112722,-22.3096,-0.596792,0.024234204,1.7724828,1.3532254,0.65003765,3.7294505,0.8873877,-10.565803,-1.0653491,6.9164433,1.153293,971.3397,0.134019,1149.7258,0.13375285,-24.29163,-3.8790061,1944.7404,0.082730584,1200.0656,0.24798167,-37.61527,-2.2370923,2931.6655,0.050528463,880.18384,0.22405311,-43.67082,-1.8583452,-3.2810767,-0.99734294,24.63362,0.26166853,0.067583054,0.29368788,-0.021590976,-0.68092734,0.14810567,0.416423,18.852049,0.26335284,-12.380209,-0.6279429,-37.47719,-0.20456217,-27.839682,-0.370459,2.311644,5.8166904,0.025769271,0.0069094766,0.102957875,3.738318,1.9607843,0.385,0.175,0.06666666,0.044969123,-30.954756,9,15,15,SPEAKER_02,627.266667,731.3,727.4109687499999,728.4909687500001,1,1.08,disengaged
42.102997,0.0,42.102997,42.102997,42.102997,0.0,0.0,0.0,0.0,0.0,0.7878358,0.032661293,0.78171617,0.7888635,0.8102335,0.028517306,2.011825,1.5643551,1.677373,0.0,0.23209803,0.3327664,19.073822,0.021413863,-20.416592,-0.19992149,-19.875536,-0.14136882,-38.281605,-0.13520893,0.0101012215,0.0048237136,0.5430238,0.22025229,6.5692058,0.21813084,3.1118157,0.39756885,26.573576,0.04485815,953.16254,0.0007659321,1019.37616,0.00014771431,3.1282485,0.30785307,2151.325,0.0035872534,744.3552,0.09117782,-15.478415,-0.047894984,3141.0422,0.008515371,1030.0402,0.17242156,-20.333511,-0.07210577,-11.476672,-0.041709017,22.267237,0.08797095,0.039053068,0.10151415,-0.02663955,-0.16480064,0.2332126,0.25931993,19.45407,0.028480714,-14.89943,-0.17579259,-23.64854,-0.016978905,-44.605812,-0.009429311,0.0,0.0,0.0,0.0,0.0,14.285714,0.0,0.0,0.0,0.0,0.0,-26.944067,9,15,16,SPEAKER_01,731.333333,738.4,731.4440937500001,731.52846875,1,0.084375,engaged
34.09284,0.18308051,26.372143,37.113235,40.323666,13.951523,119.047325,0.0,80.5876,57.835747,0.63236004,0.48240873,0.28409612,0.63622546,0.94950265,0.6654065,1.0561248,2.6641114,4.2287407,0.90524304,0.28117633,0.58672875,26.515608,0.1266944,-3.4759557,-4.1723022,-17.581026,-0.52427876,-33.276463,-0.21851708,0.085986294,0.5942013,1.3688518,0.45044392,-1.3388819,-2.0135114,-0.2104478,-28.05791,20.402203,0.19797288,759.6272,0.32044563,1396.7141,0.14428642,-109.69401,-0.80105895,1744.787,0.19590797,1367.2609,0.21456382,-100.332214,-0.8122777,2734.771,0.1290982,962.34753,0.15776095,-103.628136,-0.75853294,-9.019811,-0.5027662,24.000778,0.24890015,0.073163874,0.15966068,-0.030758535,-0.26926503,0.34927678,0.21766843,25.385479,0.13479577,-13.21051,-0.6941188,-23.302162,-0.19127163,-34.222816,-0.20736107,-14.000734,28.091288,0.06379386,-0.03508004,0.3194809,2.4390244,8.823529,0.049999997,0.029439203,0.06,0.01,-26.975098,9,15,16,SPEAKER_00,731.333333,738.4,731.52846875,731.95034375,1,0.421875,engaged
38.225616,0.03194078,37.245975,38.13876,38.64421,1.3982353,47.855957,54.831482,23.152214,6.121011,1.1076618,0.5763584,0.6125089,1.0931542,1.5542637,0.9417548,8.438878,7.1531262,2.7694995,4.9115195,0.6613045,0.669041,21.19119,0.68582624,-2.117343,-6.440122,-14.729109,-0.7772235,-4.379232,-1.6361512,0.018556574,0.6659447,1.1161822,0.4219973,7.5172973,0.44599658,3.2545195,1.8306437,23.539713,0.4105007,827.87164,0.2247204,1198.5195,0.18691535,-81.31764,-1.011818,1845.2959,0.13763645,1102.2407,0.42047355,-80.78999,-0.96379757,2927.7646,0.10737825,918.6671,0.2182611,-88.2063,-0.82842,-11.109027,-0.7670338,25.033113,0.41685176,0.07283199,0.2314187,-0.0104981465,-1.2534387,0.8090266,0.5030449,27.75748,0.3660443,-1.4718426,-8.709107,-12.540379,-0.87561095,-4.7120476,-1.7182615,-0.9454504,13.922916,0.07769599,0.021482004,0.3956592,2.3255816,3.7037036,0.17333333,0.08730534,0.11,0.01,-16.74192,9,15,16,SPEAKER_00,731.333333,738.4,733.9922187500001,734.86971875,1,0.8775,engaged
35.98682,0.082191885,34.111095,35.488922,36.584805,2.473709,319.5429,322.25443,192.93013,285.25504,0.8841309,0.6095988,0.41159904,0.7509949,1.4208269,1.0092279,8.389987,3.6257696,8.932149,3.2026515,0.48785546,0.8121201,23.673742,0.28152117,-5.718484,-1.517264,-14.298831,-0.82486576,-2.2771225,-8.929944,0.035655014,1.5974233,1.8019629,0.5351805,2.443337,1.3195448,6.154335,1.5100577,28.560596,0.26778755,853.64777,0.2533673,1304.1263,0.23667794,-106.550476,-0.87299025,1814.0597,0.15550245,1249.8771,0.16793704,-101.4622,-0.8867258,2858.9353,0.07701691,1038.0643,0.21717761,-108.68959,-0.7687143,-3.8671496,-2.0233443,27.597855,0.17197502,0.0837572,0.18739635,-0.00012682349,-152.22577,0.7513062,0.49248222,26.753242,0.255409,-3.837434,-2.1401331,-19.450974,-0.60022134,-2.8437612,-6.9454865,-3.2901614,17.180046,0.050436605,-0.0056681046,0.23041193,3.3557048,2.777778,0.17999999,0.11401754,0.21,0.13589211,-20.267918,9,15,16,SPEAKER_00,731.333333,738.4,735.2747187500001,736.7765937500001,1,1.501875,engaged
38.038998,0.030178621,37.20506,38.04473,39.189854,1.9847946,-5.677289,9.816078,14.689684,0.0,1.1186473,0.32785797,0.7509089,1.0415548,1.5605506,0.80964166,10.290948,3.7857907,6.6236124,3.3794796,0.7372039,0.45015827,34.915966,0.095592976,14.769819,0.59574234,-4.011356,-2.121277,-25.064503,-0.223343,0.014696612,0.88951087,0.82256734,0.6999058,11.405134,0.29459584,9.626127,1.0646334,31.530853,0.31992775,804.40906,0.18711443,1231.8711,0.10621225,-35.522125,-1.3856508,1907.1545,0.10555017,1084.0995,0.25294608,-49.46367,-0.7894941,3021.0645,0.05827346,864.35864,0.2685122,-54.201828,-0.703641,-22.256546,-0.2694424,36.821243,0.16140832,0.063276544,0.33557516,-0.03238878,-0.2365981,0.75615144,0.45138386,34.89285,0.09015134,13.093203,0.63905,-3.5120547,-2.4833043,-24.818398,-0.23140085,-15.468376,38.723484,0.086569585,-0.028919324,0.8005218,4.7619047,1.724138,0.53,0.0,0.03,0.0,-11.370506,9,15,16,SPEAKER_00,731.333333,738.4,737.28284375,737.9240937500001,1,0.64125,engaged
0.0,0.0,0.0,0.0,0.0,0.0,0.0,0.0,0.0,0.0,0.4162131,0.23291202,0.31105492,0.43385014,0.5174668,0.20641187,0.0,0.0,-0.022589827,0.0,0.07203295,0.40811116,7.069747,0.8971248,10.553363,0.59546024,-20.850122,-0.10049847,13.916074,0.14981887,0.0,0.0,0.0,0.0,0.0,0.0,0.0,0.0,0.0,0.0,0.0,0.0,0.0,0.0,-201.0,0.0,0.0,0.0,0.0,0.0,-201.0,0.0,0.0,0.0,0.0,0.0,-201.0,0.0,0.0,0.0,0.0,0.0,0.0,0.0,0.0,0.0,0.0,0.0,0.0,0.0,0.0,0.0,0.0,0.0,0.0,0.0,-4.0353274,10.572186,0.06670659,-0.0105842315,0.10915256,0.0,0.0,0.0,0.0,0.049999997,0.0,-37.662994,9,15,16,SPEAKER_00,731.333333,738.4,738.27846875,738.4,1,0.1215625,engaged
38.886505,0.093132876,33.424847,40.068207,41.840073,8.415226,226.52066,151.21194,3.7005959,11.682113,0.51452005,0.4346693,0.28754845,0.4884068,0.6827966,0.39524814,3.4243145,1.3955555,4.4411635,1.2540168,0.1659145,0.76299924,14.542284,0.9377989,4.7193985,2.2664056,-4.2254567,-2.709009,-23.897743,-0.87462384,0.024762012,1.1258445,0.8330997,0.75601256,9.073591,0.47093672,8.6469345,0.8223656,23.13683,0.36131087,839.4087,0.20662752,1219.1998,0.16719387,-112.791794,-0.80597883,1968.1317,0.122903414,974.07965,0.39354235,-112.62399,-0.7368683,2931.7107,0.07432849,905.72626,0.30989423,-113.05633,-0.7289334,-11.427879,-0.6934922,20.89241,0.4423867,0.057872254,0.19506663,-0.019751016,-1.217025,0.19072984,0.47063255,20.791845,0.43584725,4.831173,2.3584728,-2.810114,-3.4406357,-28.79553,-0.9289194,-6.0488257,11.560531,0.042407013,-0.01068789,0.106235236,2.857143,4.0,0.114999995,0.095262796,0.114999995,0.10234745,-28.292599,9,15,17,SPEAKER_00,738.433333,938.6,738.433333,739.4934687500001,1,1.060125,disengaged
35.42447,0.06547521,34.99307,35.962112,36.61081,1.6177406,38.88148,33.12866,18.084574,14.428181,0.8945428,0.47897726,0.52744806,0.7896339,1.2044909,0.67704284,7.5022435,3.383703,5.619682,2.6295776,0.49080822,0.62015784,27.35098,0.31956592,6.3210826,2.7129698,-17.303272,-0.9537824,-9.8762665,-0.95836043,0.020137966,1.7888924,1.2797452,0.48553017,7.637659,0.34461346,6.0504856,1.8455726,31.65777,0.3451123,752.70123,0.27271542,1405.3555,0.13918258,-54.386375,-1.5140655,1762.2406,0.1478201,1247.5496,0.2420611,-60.215683,-1.1920217,2860.1921,0.09293685,1025.541,0.25950897,-68.85912,-0.96968263,-12.535915,-0.9290006,30.252745,0.2171009,0.07837756,0.20680869,-0.016885249,-0.8977675,0.5356598,0.5874847,28.515,0.26030922,6.572092,2.679821,-18.123075,-0.9117755,-11.022415,-0.8360012,-9.12525,24.047974,0.07146985,-0.00945868,0.36698565,4.621849,3.4334764,0.21499999,0.18967077,0.074999996,0.065,-19.522081,9,15,17,SPEAKER_00,738.433333,938.6,740.0165937500001,742.4128437500001,1,2.39625,disengaged
37.55511,0.10448656,34.97779,36.506756,40.991703,6.013912,328.74527,480.29276,24.815844,12.340006,0.95641315,0.4862491,0.5655186,0.87611073,1.3648529,0.7993343,9.027802,6.344316,6.52029,3.07191,0.5932171,0.7181979,25.467482,0.4284359,3.299282,4.8323,-16.25764,-0.8470964,-13.265228,-1.1321683,0.026137888,1.4525388,1.2012787,0.6117968,7.6516643,0.5103589,6.099955,1.7568836,29.680376,0.59113264,724.0354,0.28917918,1444.7184,0.1965878,-63.821182,-1.3023409,1728.3236,0.15208992,1218.7792,0.24011976,-63.865177,-1.1511917,2854.044,0.10074957,1083.1053,0.32689613,-72.71827,-0.941837,-14.042582,-0.68182766,30.053139,0.2923964,0.068894885,0.3119478,-0.017600395,-0.9813328,0.6612614,0.6362081,27.117472,0.35085848,3.9636946,4.1679554,-16.676727,-0.8560173,-15.92675,-0.9288878,-7.389804,22.268587,0.06557849,-0.005468575,0.43037632,4.2328043,3.0249112,0.24,0.21193784,0.074374996,0.04834366,-15.625084,9,15,17,SPEAKER_00,738.433333,938.6,742.9697187500001,748.65659375,1,5.686875,disengaged
37.205624,0.10823761,35.83236,37.154324,39.369946,3.5375862,51.35443,52.72665,41.279167,49.123848,1.1619622,0.41258204,0.7369908,1.0525249,1.6229234,0.88593256,9.91112,6.4850745,8.324,8.170137,0.79062873,0.6490104,27.043903,0.34857395,3.5498266,4.074955,-16.016361,-0.80561787,-13.479487,-0.7830362,0.030323194,2.3640735,1.1934211,0.526676,7.696832,0.573004,6.9249897,1.5551653,30.576004,0.31847125,759.4337,0.26083884,1384.0472,0.15100312,-43.39002,-1.6007923,1764.6456,0.13799374,1178.174,0.17688037,-48.58926,-1.2260659,2904.3862,0.09217277,1018.15784,0.28710204,-57.859653,-0.9551957,-13.725815,-0.7481675,31.038916,0.25653526,0.058917325,0.35132235,-0.019319806,-0.78027904,0.87564003,0.5801748,29.053282,0.28186446,4.1818624,3.5465324,-16.088987,-0.77169055,-13.606886,-0.70190495,-7.1898417,20.698797,0.061588075,-0.010797383,0.3892043,3.3412888,2.6570048,0.30909088,0.29773247,0.049,0.032695565,-14.351482,9,15,17,SPEAKER_00,738.433333,938.6,748.9097187500001,753.1115937500001,1,4.201875,disengaged
36.495754,0.059517607,34.4819,36.78404,38.711185,4.229286,70.63045,74.168564,39.73293,47.867313,0.900029,0.4398886,0.5305598,0.82620937,1.2489873,0.71842754,8.072926,3.3390064,5.157688,1.6777871,0.5714001,0.6887764,28.860405,0.3689017,2.2419422,6.117919,-16.54616,-0.73558736,-8.995533,-0.9906476,0.020949332,0.75861883,1.2104299,0.51995134,6.864624,0.5444507,6.465509,1.3352658,32.289307,0.3160304,738.5648,0.2768409,1441.9802,0.18256113,-78.313446,-1.1173857,1700.7997,0.15202104,1208.7012,0.2680006,-77.60013,-1.0244557,2898.5251,0.090611085,1030.1028,0.24721062,-88.41371,-0.8158585,-14.238064,-0.67906547,31.088974,0.24400797,0.06609919,0.27796164,-0.017679801,-0.7869345,0.71509093,0.5470454,33.654964,0.18790169,4.234919,3.3190165,-13.950208,-0.901607,-10.429217,-0.83307934,-4.863984,21.958755,0.044770036,-0.004662849,0.31212336,4.7393365,2.9126215,0.225,0.2930728,0.09833333,0.075148,-18.18382,9,15,17,SPEAKER_00,738.433333,938.6,753.43221875,755.55846875,1,2.12625,disengaged
43.08357,0.117794394,38.469315,41.845245,48.276276,9.806961,179.3996,50.02022,321.50702,70.370094,0.522438,0.39038962,0.29604587,0.5934742,0.71012527,0.4140794,1.1016741,2.177398,2.9079494,1.4260979,0.26593813,0.61668,14.552567,0.43207282,-2.0950892,-3.751993,-22.055119,-0.36901626,-44.73429,-0.15711828,0.10908183,1.0032893,2.1015258,0.23050232,4.6714563,0.6462071,10.276939,1.4004093,26.39664,0.37297657,920.613,0.11692996,1288.4723,0.10824762,-19.301573,-2.3421245,1949.0691,0.076907374,1148.943,0.12792228,-33.410435,-1.2555318,2980.0718,0.035000388,884.988,0.36216402,-35.134,-1.1353387,-14.007271,-0.5763237,27.500315,0.22194755,0.082234725,0.16778585,-0.04219302,-0.32761297,0.3431948,0.40530863,12.780051,0.5144023,-4.958893,-1.4311044,-25.717876,-0.2311233,-45.111446,-0.1859103,-13.796092,27.999865,0.11237777,-0.043254744,0.35192284,2.4390244,6.451613,0.13499999,0.065,0.0,0.0,-27.258259,9,15,17,SPEAKER_01,738.433333,938.6,765.26159375,765.68346875,1,0.421875,disengaged
50.96634,0.052484866,48.55896,52.09375,52.85679,4.2978287,51.419987,35.26194,21.942356,17.263597,0.728827,0.33453104,0.4489242,0.77062005,0.9775443,0.5286201,4.0920143,3.3196561,2.7388513,2.6357584,0.20527564,0.5265882,-2.0881548,-3.1441507,-21.339808,-0.43858203,-10.776005,-0.5135444,-24.463387,-0.9176666,0.021452378,1.5503825,1.1974397,0.3134546,7.062528,0.6318324,12.826766,0.63839567,9.582684,0.76625454,883.06616,0.26487935,1186.6578,0.22337382,-30.678646,-2.2205586,1958.913,0.14822069,999.66284,0.33051777,-24.095503,-2.0942678,2821.183,0.08656313,899.47034,0.22041476,-19.590788,-2.613035,3.9336812,2.9570913,10.881183,0.49125946,0.04483275,0.34246156,0.00025706078,72.80418,0.20479622,0.5592669,-1.153569,-5.6588206,-19.854248,-0.4574921,-9.3698435,-0.516107,-30.29863,-0.6105815,10.444418,6.185635,0.062485024,0.030020325,0.20951584,2.970297,2.1739132,0.41,0.22999999,0.049999997,0.0,-28.621967,9,15,17,SPEAKER_01,738.433333,938.6,765.8859687500001,766.9153437500001,1,1.029375,disengaged
46.32474,0.10660753,39.371777,48.70263,49.087933,9.716156,63.243324,39.64497,118.704285,25.50386,0.3983233,0.70424765,0.15209931,0.2718907,0.74439013,0.5922908,1.9234462,1.3229547,1.9627228,1.5816675,0.13278775,0.80147797,13.573585,0.5516279,5.2066126,2.0643535,-10.340175,-1.0719732,-37.687435,-0.23176041,0.0343429,0.46203646,1.6613652,0.36031258,6.0331926,0.79590213,20.075344,0.4400076,24.063066,0.3368946,825.26184,0.2332765,1173.4447,0.18853644,-156.49258,-0.47767287,1983.635,0.14263047,1144.4762,0.35014194,-151.04147,-0.4715073,2837.6326,0.07333785,915.48474,0.44180816,-150.50014,-0.47868803,-13.871407,-0.47487417,21.999863,0.31324434,0.07443118,0.2213006,-0.030855177,-0.30078733,0.1353917,0.60876167,14.297431,0.5175889,5.294219,1.9866662,-10.543699,-0.91002333,-41.688473,-0.17416582,-10.75575,19.722366,0.057511143,-0.029012037,0.13628852,2.3076923,4.0,0.061999995,0.028565714,0.13833332,0.09334821,-33.113476,9,15,17,SPEAKER_01,738.433333,938.6,768.26534375,769.5815937500001,1,1.31625,disengaged
49.725563,0.055662777,48.820717,51.206398,51.2333,2.4125824,399.6029,0.0,-1.5577699,0.0,0.8747821,0.11423253,0.81041944,0.85751295,0.99398017,0.18356073,4.319841,0.3066764,1.1860545,0.6366939,0.24331114,0.245631,-6.4594097,-0.29646122,-21.822311,-0.15516552,-8.10093,-0.41163787,-1.5016693,-4.8497853,0.010151107,0.13713431,1.1116626,0.16313012,6.1417017,0.10255164,-3.5409036,-2.0624907,2.2633767,1.4495949,828.714,0.20866577,1056.1508,0.07295897,5.5352626,0.6820395,1869.9677,0.10420362,1057.1826,0.07187276,5.709603,1.0660524,2857.9897,0.06343639,769.2727,0.2052616,4.3977785,1.0010165,15.255923,0.13339746,10.950819,0.20890923,0.038839955,0.10946944,0.020957699,0.18849312,0.25665933,0.20758806,-6.5235157,-0.32947508,-19.804115,-0.103169836,-5.9434853,-0.16615957,4.3610077,0.4487507,0.0,0.0,0.0,0.0,0.0,14.285714,12.5,0.07,0.0,0.0,0.0,-28.667147,9,15,17,SPEAKER_01,738.433333,938.6,778.23846875,778.39034375,1,0.151875,disengaged
47.721596,0.2424888,44.26242,52.801884,55.06914,10.806721,194.08853,154.05753,-107.27759,136.44331,0.4113921,0.26010114,0.3217469,0.44996735,0.5066522,0.18490529,1.2667809,0.72977585,2.2497337,0.8111586,0.24587037,0.4694806,18.427294,0.3418206,-0.26975793,-14.575729,-13.865753,-0.35343245,-51.486572,-0.17928506,0.0816234,1.1604967,1.8181193,0.22966124,7.2122083,0.518718,8.036791,1.140414,3.6285949,0.877047,906.82135,0.19667418,1324.0398,0.08814746,-112.85946,-0.78759474,2123.9521,0.10845104,929.4156,0.26614437,-97.599686,-0.8254461,3033.1807,0.06566876,951.94086,0.24115293,-97.18178,-0.83356386,-17.739988,-0.23844099,25.56206,0.19825235,0.07386529,0.19201359,-0.04699912,-0.14121288,0.31145024,0.38137743,14.114213,0.32255584,-2.4302108,-1.3110183,-15.922705,-0.23269275,-57.542904,-0.06763374,-20.724482,29.81086,0.082109265,-0.04346761,0.20983812,6.1224494,4.5454545,0.12,0.01,0.14999999,0.0,-29.856266,9,15,17,SPEAKER_01,738.433333,938.6,778.91346875,779.4197187500001,1,0.50625,disengaged
48.740902,0.04388825,48.46682,49.450764,50.012276,1.5454559,21.028435,10.722692,29.020836,26.558784,0.52427375,0.24861903,0.37065673,0.5611459,0.6388681,0.26821136,2.2090516,0.89553624,1.8319294,0.88534755,0.1272659,0.35864955,5.5289826,1.260765,-8.619134,-0.5683886,-11.261115,-0.3608491,-40.348618,-0.1876015,0.01759198,0.7982071,1.1874205,0.3573041,6.8913937,0.49214432,12.600831,0.523312,13.902702,0.3583624,764.99854,0.2865019,1175.3726,0.15311924,-44.79889,-1.7348135,1874.628,0.1595353,953.7378,0.25267237,-40.720875,-1.6017231,2769.7405,0.08061902,868.48474,0.19621234,-40.156914,-1.6248016,-6.5718594,-0.6545269,13.841851,0.3909859,0.07539852,0.2155054,-0.009694027,-1.2030655,0.13811561,0.30864918,3.33516,1.6586511,-8.969674,-0.5747768,-11.968351,-0.31415626,-40.85462,-0.18976042,-8.649921,16.70961,0.07619326,-0.025442801,0.091939114,5.3030305,1.5748031,0.53,0.44,0.085,0.005,-32.368973,9,15,17,SPEAKER_01,738.433333,938.6,779.63909375,780.9722187500001,1,1.333125,disengaged
56.720318,0.0015593716,56.663254,56.699017,56.77462,0.11136627,3.471756,0.0,3.959885,0.0,0.51461846,0.40243372,0.2705671,0.5441228,0.68131816,0.41075107,0.26381427,1.1082789,2.9265847,0.03593874,0.1917384,0.5593245,9.054462,0.7531172,-5.800239,-1.4857714,-17.53035,-0.3159003,-36.963234,-0.183103,0.039281495,0.3716038,2.6533954,0.17714415,6.816555,0.058912594,7.479805,0.4290762,5.954322,0.5221976,850.9359,0.12744783,1409.0328,0.08286284,-201.0,0.0,1925.3625,0.07166394,992.2669,0.052024953,-162.57008,-0.4026347,2845.2017,0.029098282,1520.0164,0.6362156,-162.72333,-0.4003592,-17.30492,-0.089441165,26.600845,0.08712226,0.072442636,0.24047023,-0.044307865,-0.111318216,0.31422162,0.1705044,11.402244,0.04598834,-6.918227,-0.29335263,-22.550602,-0.0928523,-43.673744,-0.09259713,-11.12872,19.76225,0.06345491,-0.035203584,0.18463719,2.2727273,2.5641026,0.08,0.0,0.14,0.02,-31.001593,9,15,17,SPEAKER_01,738.433333,938.6,781.9678437500002,782.42346875,1,0.455625,disengaged
48.314,0.0013955148,48.28302,48.31993,48.369183,0.08616257,4.138279,0.33548924,3.3705394,0.0,0.20323937,0.15464029,0.17254505,0.21673477,0.22718175,0.054636702,0.50569344,0.6653315,0.5721301,0.0,0.048314136,0.28412098,19.721958,0.25070527,12.330316,0.16056828,-0.13205063,-37.123314,-44.863564,-0.13420327,0.03676321,0.23094538,1.3464538,0.19084093,10.353492,0.17725645,21.18161,0.1006877,22.702068,0.13286184,955.05286,0.078658186,1258.7854,0.21711381,-20.288225,-0.1859742,2124.4912,0.05197189,1105.2979,0.20790939,-44.016068,-0.06413227,3047.2102,0.0882871,725.9985,0.1268504,-38.774776,-0.084903084,-21.050943,-0.08001238,29.233568,0.03850742,0.085884646,0.22751763,-0.026060022,-0.079079166,0.049548667,0.14321555,22.422455,0.17585419,13.292148,0.12465064,-2.6633024,-1.5278338,-43.490505,-0.16191375,0.0,0.0,0.0,0.0,0.0,5.882353,9.090909,0.099999994,0.0,0.0,0.0,-39.78643,9,15,17,SPEAKER_01,738.433333,938.6,784.7690937500001,784.95471875,1,0.185625,disengaged
50.25888,0.024767702,50.679546,50.69851,50.737366,0.057819366,226.20259,0.0,1.7244513,0.0,0.72918177,0.062424637,0.67908484,0.7362702,0.7654786,0.08639377,0.9680764,0.0,1.1313658,0.3499776,0.12915924,0.3945354,-1.1655413,-2.2462502,-23.38735,-0.13327554,-29.815998,-0.22378017,-8.809849,-0.57572293,0.032318935,0.39687386,1.7742624,0.24070926,4.0014877,0.50527495,7.9509497,0.9741358,20.88321,0.26511937,787.07025,0.38647708,1335.2257,0.11545365,12.942035,0.92217064,1779.2689,0.18112965,1335.8175,0.28758398,-1.3641365,-3.998614,2690.5676,0.1084461,850.9653,0.18741217,-7.2097006,-0.57668257,9.729711,0.09842025,17.640593,0.19422917,0.06276796,0.22206895,0.010546346,0.81303823,0.10989377,0.14302675,0.14014311,13.436297,-21.783092,-0.0929317,-32.070206,-0.2005704,-9.759335,-0.57694846,0.0,0.0,0.0,0.0,0.0,5.0000005,7.142857,0.13,0.0,0.0,0.0,-29.949585,9,15,17,SPEAKER_01,738.433333,938.6,790.4053437500002,790.62471875,1,0.219375,disengaged
0.0,0.0,0.0,0.0,0.0,0.0,0.0,0.0,0.0,0.0,0.33539352,0.17139122,0.29668137,0.30309463,0.37640813,0.079726756,0.8496031,0.0,3.7218213,0.0,0.11762469,0.8433911,10.000205,0.176812,7.984728,0.112308286,-9.018041,-0.30755767,-38.193146,-0.17666188,0.0,0.0,0.0,0.0,0.0,0.0,0.0,0.0,0.0,0.0,0.0,0.0,0.0,0.0,-201.0,0.0,0.0,0.0,0.0,0.0,-201.0,0.0,0.0,0.0,0.0,0.0,-201.0,0.0,0.0,0.0,0.0,0.0,0.0,0.0,0.0,0.0,0.0,0.0,0.0,0.0,0.0,0.0,0.0,0.0,0.0,0.0,-12.292262,18.323391,0.06764458,-0.02379072,0.07719039,14.285714,0.0,0.0,0.0,0.0,0.0,-35.604996,9,15,17,SPEAKER_01,738.433333,938.6,794.96159375,795.0459687500002,1,0.084375,disengaged
42.879948,0.056054384,41.106167,42.976246,44.758156,3.651989,32.246838,8.30268,11.841408,6.334367,0.45678416,0.48221645,0.28907633,0.37784994,0.61706525,0.32798892,3.535138,2.17038,2.094816,1.3147224,0.16314003,0.6348819,20.024284,0.31829244,-10.290175,-0.98392874,-17.301811,-0.6715242,-24.158594,-0.34288743,0.022709718,0.87991756,1.4591634,0.33793998,6.211968,0.605036,11.7484865,0.6382852,25.615046,0.4045677,864.3614,0.23477031,1331.91,0.19757684,-67.258514,-1.3393877,1881.3456,0.14318997,1058.7511,0.25525716,-64.77035,-1.2339715,2891.7158,0.09241681,1009.5082,0.26568365,-68.66482,-1.1264255,-8.828534,-0.41473162,21.17095,0.35338748,0.041635465,0.4631492,-0.01717747,-0.5710342,0.18164034,0.6320144,19.283669,0.30802122,-12.339503,-0.7879353,-18.696226,-0.6438307,-26.000813,-0.3141987,-7.8071036,20.886133,0.03417452,-0.017191162,0.1292564,3.5874438,3.6697247,0.18124999,0.16684105,0.06,0.033993464,-31.406721,9,15,17,SPEAKER_01,738.433333,938.6,795.1472187500001,797.3915937500001,1,2.244375,disengaged
45.248478,0.081444964,41.86391,43.96202,49.98573,8.121819,113.13124,68.77388,214.25526,153.20808,0.5375738,0.3365437,0.37538627,0.5570717,0.7079758,0.33258954,0.3513869,1.3760736,1.5578063,0.0,0.16443379,0.5047166,14.19503,0.2403862,-14.234565,-0.67421126,-25.276346,-0.4566542,-21.376266,-0.3650346,0.03355497,0.7550557,1.5878915,0.4768582,2.9106438,1.3094624,3.0352054,3.218503,23.39986,0.20339228,876.666,0.16891055,1391.6592,0.17980109,-66.65916,-1.2170461,1701.8562,0.07375329,1161.6003,0.10722885,-64.92979,-1.1122351,2814.119,0.074627705,827.12537,0.22777472,-76.48451,-0.8608498,-1.8069259,-2.0454335,20.480415,0.19393106,0.043991182,0.71334124,0.003573982,1.6344663,0.15668611,0.6399624,15.021147,0.20336139,-13.020124,-0.78849167,-25.238487,-0.49815053,-18.757385,-0.39999673,0.20261408,18.292208,0.056668885,0.0051112194,0.19827338,1.8867925,8.695653,0.07,0.06442049,0.035,0.015,-32.72991,9,15,17,SPEAKER_01,738.433333,938.6,798.21846875,798.75846875,1,0.54,disengaged
45.41466,0.05385122,44.09533,46.305725,47.432007,3.3366776,-4.4869957,14.609004,30.38095,26.637518,0.8361622,0.27504146,0.7077943,0.8113462,0.9884229,0.28062856,2.321682,1.2615966,2.376085,0.4976212,0.35773084,0.43247366,17.410063,0.28705522,-7.1342387,-0.7022639,-16.152092,-0.6732201,-38.316525,-0.25656888,0.018637573,0.8533488,1.1866614,0.4110091,8.697662,0.37788993,10.426847,0.88665843,23.375147,0.34415588,757.3012,0.2823593,1271.4562,0.161922,-30.043385,-2.2744217,1828.491,0.17745537,1092.8658,0.22302595,-40.07112,-1.3206588,2825.6887,0.075150065,772.34106,0.27256247,-42.10833,-1.2286576,-10.1693535,-0.43773833,21.37862,0.24303208,0.090761,0.26926413,-0.016949655,-0.4728632,0.3766734,0.39540526,16.922037,0.27480474,-7.5003486,-0.6095992,-18.313555,-0.532143,-40.29861,-0.21602152,-8.356264,11.521814,0.07198355,-0.011164904,0.18414956,3.90625,1.6393442,0.53499997,0.505,0.055,0.035,-23.767315,9,15,17,SPEAKER_01,738.433333,938.6,804.4622187500001,805.76159375,1,1.299375,disengaged
45.94397,0.0112761,45.41809,46.08987,46.454773,1.0366821,13.668858,0.0,-4.561615,0.0,0.3533889,0.45888042,0.2417022,0.27573538,0.54561096,0.30390877,5.037038,4.092232,-1.6416565,1.7403961,0.10654094,0.62728614,9.903097,1.4459847,13.510055,0.32817137,-0.52883804,-14.190413,-43.215935,-0.14271316,0.046783913,0.40164578,2.0229857,0.26976535,3.6571517,0.52385485,19.177149,0.18175285,16.698944,0.33823848,876.1725,0.034741607,1097.1254,0.103793845,-72.23636,-1.1542156,2154.2542,0.054744884,933.51855,0.19974245,-89.529465,-0.80516183,2871.258,0.024033474,718.9194,0.3405935,-83.29626,-0.90876853,-17.432116,-0.110246874,22.67186,0.11318306,0.084415115,0.20137769,-0.03610221,-0.14755552,0.07444508,0.16761926,19.896303,0.060836174,10.641377,0.33480743,-4.8964405,-0.8105225,-43.962345,-0.12005579,-7.2599134,12.805827,0.061835285,-0.026489837,0.11918099,6.896552,4.166667,0.14999999,0.0,0.03,0.0,-36.041996,9,15,17,SPEAKER_01,738.433333,938.6,862.17471875,862.47846875,1,0.30375,disengaged
43.995018,0.026261851,42.852203,44.41014,44.97871,2.1265068,12.981576,8.024435,-10.404105,10.1583185,0.27816644,0.45378846,0.20262116,0.26067805,0.34007445,0.13745329,0.8381311,0.43179128,0.80199695,0.18945703,0.05824124,0.5874892,16.875807,0.46695477,0.7687912,6.99011,-18.5269,-0.54590964,-21.306067,-0.4046791,0.016047446,0.5898721,1.1151853,0.4578794,8.381319,0.46877116,8.214354,0.7996116,27.865509,0.96549636,692.54895,0.30737296,1363.3455,0.1445855,-66.940926,-1.3800807,1672.8192,0.1366167,1236.9282,0.19029027,-54.35039,-1.3502773,2764.0925,0.07255871,974.5664,0.31579617,-64.01659,-1.0687923,-9.288263,-0.5341867,26.712807,0.20511924,0.04337625,0.35080463,-0.003490802,-4.232655,0.06453675,0.5333363,17.549677,0.34500402,0.83791536,7.347241,-22.375273,-0.32012394,-23.59005,-0.2904193,-7.572213,20.040113,0.030028503,0.010819156,0.051797137,1.3793104,2.1582735,0.35666668,0.24499433,0.086666666,0.024944382,-37.697227,9,15,17,SPEAKER_01,738.433333,938.6,862.86659375,864.3347187500001,1,1.468125,disengaged
50.43025,0.024011184,49.389137,50.87263,51.587833,2.1986961,79.64665,80.99412,42.779537,23.5973,1.4652072,0.28365007,1.025665,1.6173049,1.8556867,0.8300216,6.0623765,6.6185265,3.947383,1.1200892,0.95776707,0.49884892,3.0452871,1.5833638,-31.37124,-0.07349979,-36.66894,-0.06178385,-12.152159,-0.2975697,0.019199561,0.7524844,1.385447,0.52760315,6.4618945,0.8828382,11.108899,0.97995853,32.22288,0.23062615,792.82434,0.26756254,1457.8895,0.15320766,-93.5191,-1.105741,1740.9308,0.08082299,1078.0928,0.11425049,-63.2154,-1.4687591,2897.061,0.04711324,1034.3158,0.22195154,-75.83663,-1.1116878,12.518861,0.4959172,23.254784,0.13085678,0.054109525,0.3828462,0.005129736,3.196614,1.2969224,0.24783668,-0.35294685,-6.804181,-31.926588,-0.06289385,-36.5087,-0.062278666,-10.298289,-0.3585883,3.3542333,17.797003,0.07757166,0.028669842,0.6058381,4.7619047,2.7027028,0.24,0.0,0.11,0.0,-16.44098,9,15,17,SPEAKER_01,738.433333,938.6,895.9753437500001,896.4140937500001,1,0.43875,disengaged
43.154102,0.0,43.154102,43.154102,43.154102,0.0,0.0,0.0,0.0,0.0,0.18662511,0.121098965,0.165482,0.18573277,0.2069589,0.041476905,0.012270379,0.0,0.0,0.0,0.036544673,0.31185383,25.309233,0.13136813,-2.8537295,-1.5565815,-24.389484,-0.23180969,-15.773359,-0.40418065,0.0133787375,0.0,2.0311165,0.0,6.1182876,0.0,-17.11427,0.0,21.337238,0.0,800.3098,0.0,1411.4066,0.0,-7.607497,0.0,2021.5459,0.0,1239.4519,0.0,-18.594715,0.0,3074.2515,0.0,976.148,0.0,-28.944735,0.0,-15.974358,0.0,28.805616,0.0,0.05129723,0.0,-0.018303605,0.0,0.0,0.0,30.920212,0.0,8.346458,0.0,-13.069539,0.0,-29.760763,0.0,0.0,0.0,0.0,0.0,0.0,0.0,0.0,0.0,0.0,0.0,0.0,-44.07887,9,15,17,SPEAKER_01,738.433333,938.6,900.97034375,901.03784375,1,0.0675,disengaged
45.35998,0.08679913,40.72281,47.05643,48.961754,8.238945,26.529524,16.240105,13.578461,0.0,0.563471,0.48112306,0.2046105,0.6737192,0.8008547,0.5962442,1.8010057,1.1726768,3.3316169,0.7692556,0.21471784,0.63598764,10.400784,0.58638924,-15.636968,-1.0079612,-19.628231,-0.49918726,-23.741842,-0.57012373,0.021988796,0.76732093,1.4990782,0.49221808,5.776489,0.7822039,2.5068383,4.2663727,19.525776,0.78556895,815.4643,0.34255418,1316.3469,0.18184048,-93.51222,-1.0925996,1837.94,0.17937694,1187.3479,0.18849432,-84.38063,-1.085773,2775.9595,0.08167659,929.06146,0.36568046,-88.71485,-0.9931491,-2.5470035,-2.6882355,19.403162,0.2432603,0.06837464,0.28301683,0.011343352,1.7004337,0.23811375,0.53320163,11.359136,0.5328575,-21.600775,-0.6150326,-20.305874,-0.39164203,-24.090698,-0.42899436,-3.6754558,16.353542,0.06275509,0.00019030573,0.21408759,3.521127,2.189781,0.26666665,0.24997777,0.16333334,0.024944384,-30.07158,9,15,17,SPEAKER_01,738.433333,938.6,901.66221875,903.09659375,1,1.434375,disengaged
46.162403,0.07544051,44.635582,48.04848,48.179398,3.5438156,41.518757,0.0,-0.09178889,0.0,1.4207958,0.48874852,0.708814,1.5901248,2.104816,1.3960019,4.293693,4.877999,9.124241,3.6014073,0.7095059,0.57375926,9.121621,1.0001119,-24.782555,-0.69836694,-15.580732,-0.8256032,-25.224113,-0.5443894,0.021124553,1.1906871,1.117978,0.46987882,7.9315214,0.43215224,5.106246,1.4261968,14.436588,0.46649566,996.1181,0.2142483,1244.4935,0.1445944,-63.123898,-1.5127157,1885.045,0.08399222,1086.5013,0.20809369,-61.886158,-1.4433255,2872.4102,0.061542094,889.54596,0.5157148,-64.73612,-1.3478172,-3.7522912,-1.8713471,15.556594,0.37576452,0.060251117,0.25926146,0.004091256,3.9158967,0.78202814,0.52874196,5.175916,1.6526505,-27.070116,-0.722156,-12.539561,-1.0232717,-17.520731,-0.46719125,-3.054441,16.26708,0.08533104,-0.018482108,0.67332375,2.7027028,2.8985507,0.22999999,0.17999999,0.17999999,0.0,-19.059189,9,15,17,SPEAKER_01,738.433333,938.6,905.61096875,906.37034375,1,0.759375,disengaged
47.685684,0.039408483,45.95545,48.310802,49.158524,3.2030754,93.775085,96.20149,-8.462791,52.969948,0.7901891,0.4189552,0.4726285,0.7435312,1.1778696,0.7052411,3.388824,1.7051675,4.699703,1.7335641,0.30093002,0.64647037,5.590958,0.75917625,-12.301354,-1.2342702,-5.4767895,-2.1700737,-39.17788,-0.22431572,0.022812087,0.8154378,1.2436047,0.5032044,7.719905,0.4586709,15.423578,0.9826006,16.735117,0.52442247,815.6747,0.19119504,1376.7513,0.15788773,-91.758575,-1.1417618,1917.3367,0.09197306,889.46185,0.24379772,-90.838844,-1.0250565,2867.2585,0.07057532,962.0745,0.33757782,-90.61384,-1.0277023,-7.5961437,-0.2935576,14.783245,0.18599781,0.0814805,0.13746195,-0.0058054295,-1.8405826,0.42933038,0.40389958,4.5472608,0.93263364,-23.73345,-0.29481277,-13.602513,-0.45848686,-37.39854,-0.12869106,-5.0528193,9.70142,0.06591709,-0.017847309,0.16398528,3.1578948,2.2222223,0.24499999,0.21499999,0.12,0.061644137,-24.600048,9,15,17,SPEAKER_01,738.433333,938.6,906.8428437500002,907.80471875,1,0.961875,disengaged
45.362335,0.08141834,42.33203,44.55677,48.974327,6.642296,22.074469,17.502361,23.011232,8.50798,0.4487333,0.2551118,0.34924245,0.45249206,0.5521904,0.20294797,2.223829,1.085627,1.8302554,0.7627766,0.13643427,0.4111783,13.5421295,0.640174,-5.7074914,-1.7200375,-1.0838017,-12.097622,-28.760382,-0.33137798,0.02346401,0.62341535,1.2482474,0.30912897,6.683489,0.44412518,9.156019,0.6363502,9.589157,1.4218516,947.1082,0.21004605,1221.7365,0.18165919,-57.000446,-1.2599263,1985.8936,0.12338407,912.8978,0.32279727,-53.47806,-1.2291023,2920.599,0.087173216,1048.9414,0.35542217,-52.495968,-1.254543,-8.216247,-0.49157602,16.087376,0.40646696,0.07207724,0.28878847,-0.011134911,-0.86551726,0.13670091,0.42366496,11.868096,0.5983453,-7.531433,-1.2233654,0.61579865,19.34971,-28.53047,-0.35484815,-8.956649,20.49253,0.06931354,-0.009136593,0.14932793,3.9772727,2.3391814,0.34,0.35305804,0.067499995,0.0481534,-32.92618,9,15,17,SPEAKER_01,738.433333,938.6,908.86784375,910.6397187500002,1,1.771875,disengaged
44.635452,0.10317899,41.75894,47.67796,47.85814,6.0991974,166.10425,0.0,84.67947,69.34409,1.4702071,0.290527,1.1804817,1.447483,1.9108819,0.7304002,4.1905904,5.4927697,7.382902,4.335785,0.8304322,0.4038766,5.7982244,0.8849347,-32.72996,-0.21650541,-27.809278,-0.25002083,-23.174112,-0.21574107,0.0678715,1.4157337,1.861458,0.38918814,5.285236,0.8387764,0.20858103,59.46531,17.0141,0.6438495,890.8092,0.23800106,1258.4647,0.20455316,-11.778954,-4.854072,1907.0854,0.10991075,1126.093,0.18436421,-12.313984,-3.9748263,2902.3044,0.07834558,1091.8739,0.30995595,-20.048824,-2.3653193,-4.0143824,-0.88161224,18.088789,0.13752599,0.06492312,0.23403178,0.0027702446,5.011094,0.90614426,0.3652115,6.1672425,0.88664305,-32.12011,-0.2489134,-27.345036,-0.27583256,-22.828938,-0.23174445,1.7799474,19.135235,0.05315415,-0.0026487294,0.6147887,5.1282053,6.0606065,0.14,0.099999994,0.02,0.0,-17.883553,9,15,17,SPEAKER_01,738.433333,938.6,913.74471875,914.14971875,1,0.405,disengaged
43.978218,0.09189143,42.27663,45.106834,47.10295,4.8263206,-56.724724,63.572693,45.571438,0.0,1.1012442,0.51519793,0.4654409,1.1283364,1.6906627,1.2252219,3.4696214,4.4853997,4.0058503,0.0,0.6577061,0.6132915,14.984639,0.31658158,-25.75035,-0.36822474,-30.209652,-0.2877934,-30.321924,-0.24439956,0.040411,1.1220025,1.7566581,0.39046097,4.082214,1.1234221,0.56949687,17.31372,19.358624,0.40417418,1032.649,0.14046612,1205.9268,0.11635839,-69.26273,-1.4159073,2002.8062,0.09344007,1455.1141,0.41897818,-74.12789,-1.2079257,2909.7002,0.07100657,1254.5757,0.27492127,-76.60877,-1.1484854,-4.365626,-1.034249,20.533335,0.17658752,0.062057853,0.18967167,0.0006888588,15.147014,0.8289913,0.45659688,13.681837,0.40121838,-26.045124,-0.4587196,-27.557304,-0.36888847,-30.065744,-0.29455683,-0.76441807,22.168293,0.06432199,-0.004457947,0.5196084,1.6393442,3.5714285,0.17,0.11,0.089999996,0.06,-20.330936,9,15,17,SPEAKER_01,738.433333,938.6,915.55034375,916.17471875,1,0.624375,disengaged
48.63465,0.03091948,47.572678,49.07119,49.998665,2.4259872,12.352894,16.2254,6.5395837,0.0,1.9161822,0.30174235,1.3217582,1.9461975,2.4736316,1.1518735,6.835779,3.9596348,10.325877,3.9356863,1.1284387,0.41709763,6.009233,1.0195711,-34.21634,-0.18104918,-26.694946,-0.15921684,-23.691727,-0.6460617,0.014219972,0.48507807,1.289583,0.32189333,5.574494,0.6394853,4.113379,1.2073585,17.950762,0.29119107,1022.9988,0.17832828,1343.9459,0.20236894,-42.749733,-2.1663685,1920.7527,0.12932633,1243.0662,0.15132143,-43.973206,-1.9503617,2927.9314,0.06645818,1056.8186,0.4136579,-49.52403,-1.6741599,1.1759355,3.2802675,15.119414,0.24542733,0.06985013,0.18469076,0.02010442,0.3766079,1.168664,0.42017028,3.461217,1.3420385,-36.773666,-0.12729043,-26.293516,-0.17204238,-17.420015,-0.7478325,-2.3032873,16.497198,0.066815875,-0.009438618,1.2121267,3.4883723,1.2345679,0.61,0.0,0.17999999,0.0,-15.505708,9,15,17,SPEAKER_01,738.433333,938.6,921.91221875,922.78971875,1,0.8775,disengaged
50.172977,0.012581766,50.250973,50.38466,50.620464,0.36949158,61.655426,0.0,-6.0049872,0.0,1.5940394,0.45477074,0.96515214,1.5198579,2.3970475,1.4318954,14.615782,0.0,-9.608536,0.0,0.69790375,0.59456635,-1.3507789,-4.6988187,-30.664747,-0.31661123,-8.2192545,-0.35000166,-18.493263,-0.446065,0.016262366,0.19504775,1.4425012,0.30199343,2.2984834,1.7415228,13.576982,0.32568014,9.037154,0.4147851,975.22296,0.10190562,1162.2428,0.11419668,-128.2254,-0.6841776,1974.3141,0.03783058,790.16846,0.20087911,-129.44704,-0.63983685,2914.1277,0.016417103,889.55566,0.1675453,-126.362915,-0.6841509,1.6599159,4.939313,8.189327,0.6275711,0.09346452,0.0714122,-0.007071643,-1.411828,0.599717,0.58913296,-0.66845906,-12.847297,-22.263298,-0.40518323,-7.1471853,-0.40098247,-28.134958,-0.27164623,5.4084973,1.9692224,0.07737944,0.008303323,0.89848983,2.9411764,3.448276,0.08,0.0,0.14999999,0.0,-20.661163,9,15,17,SPEAKER_01,738.433333,938.6,923.81909375,924.17346875,1,0.354375,disengaged
41.815308,0.02581461,41.17007,41.91728,42.693184,1.5231133,56.33469,0.0,3.2278605,4.816828,0.31755313,0.30373508,0.22981484,0.2999377,0.40914693,0.17933209,2.5632973,1.2340915,0.33312714,0.7291715,0.07740493,0.4886513,18.426506,0.2474936,2.187631,3.211609,-13.294723,-0.35749066,-20.30182,-0.27022654,0.01779729,0.792834,1.0374748,0.67877376,8.826191,0.3157544,10.952916,0.99795616,29.82931,0.22098987,784.9088,0.2750358,1384.2563,0.13860868,-103.625626,-0.89417624,1748.0461,0.11204133,1170.4952,0.23099393,-95.72504,-0.90817714,2884.0713,0.061215933,922.9601,0.36944193,-102.224266,-0.7937289,-12.94221,-0.22490524,25.52436,0.17926644,0.031143382,0.46173877,-0.010390405,-0.65735024,0.07172156,0.63391525,21.670855,0.12279192,2.0631502,4.1047955,-14.005097,-0.41819993,-19.165174,-0.30045444,-9.845912,19.084124,0.042017482,-0.019182686,0.08613356,4.3956046,2.3255816,0.24,0.21,0.17,0.01,-38.22609,9,15,17,SPEAKER_01,738.433333,938.6,930.85596875,931.78409375,1,0.928125,disengaged
43.852943,0.0035561295,43.730675,43.75386,43.9953,0.26462555,1.2419893,0.0,2.015686,1.6187087,0.5758942,0.49829793,0.33350056,0.46537572,0.8675456,0.53404504,5.838478,3.85232,0.46770835,1.7569805,0.14139667,0.78219736,7.520943,0.6807594,-9.241289,-0.6438505,-4.9337354,-0.84968615,-16.387743,-0.50820076,0.033517398,0.95424235,0.8372436,0.343488,8.36318,0.32795635,24.01818,0.24300757,26.773712,0.22334284,676.0702,0.4136865,1256.6527,0.13069576,-160.66522,-0.4820216,1743.0902,0.16936152,1179.2415,0.22676672,-135.88391,-0.6197983,2665.7266,0.11720203,1055.787,0.20638688,-135.99895,-0.6182135,-10.277841,-0.44439292,21.104342,0.2489425,0.033233136,0.23572499,0.00410308,1.9565338,0.061952867,0.11500393,12.689302,0.19894584,-5.530947,-0.55313045,-6.256896,-0.79810643,-23.308098,-0.30876705,1.1650184,8.758968,0.056698162,0.0060041244,0.21137165,3.448276,1.923077,0.17999999,0.0,0.32,0.0,-32.884594,9,15,17,SPEAKER_01,738.433333,938.6,932.29034375,932.88096875,1,0.590625,disengaged
39.991215,0.07774159,38.117073,39.468735,40.22879,2.1117172,33.17786,18.062971,87.9747,56.916824,0.34945986,0.42610788,0.21908838,0.3041661,0.47184268,0.2527543,1.8872294,1.095079,1.5703359,0.73750454,0.09537382,0.63495475,15.844483,0.5148865,4.287371,1.9586334,-7.374881,-1.2675601,-22.147697,-0.5205078,0.022065226,1.1569934,1.1739862,0.430793,7.6464405,0.43436682,7.3062325,1.7931516,27.939068,0.24667476,715.52295,0.26593003,1441.5625,0.21991932,-105.365105,-0.93019444,1762.9597,0.15134397,1144.8573,0.28198707,-93.95046,-0.94651616,2800.1821,0.09592067,948.486,0.27978063,-97.005486,-0.8900074,-15.042978,-0.26421753,25.186594,0.26429242,0.031445466,0.6025553,-0.027567778,-0.35119402,0.1315466,0.41303885,20.215601,0.2240749,2.3198168,3.4082875,-11.657421,-0.8394592,-28.423313,-0.32966995,-7.479609,14.724344,0.018477082,-0.008494673,0.049531914,2.8925622,2.1097047,0.262,0.09152049,0.15833333,0.10350791,-32.86067,9,15,17,SPEAKER_01,738.433333,938.6,933.31971875,935.74971875,1,2.43,disengaged
37.15111,0.022672517,36.499825,37.158657,37.944824,1.4449997,19.234753,0.0,-10.673334,15.220896,0.7713706,0.2859568,0.5732115,0.8224489,0.9546282,0.38141674,3.0131626,1.7194225,2.4698124,0.053468466,0.27302232,0.38953462,13.522227,0.38638493,0.17916547,25.586689,-8.475314,-0.56629574,-27.986788,-0.3403867,0.026313795,0.51320755,1.2410439,0.5340724,3.826141,0.8447409,2.4649413,3.216729,27.249622,0.14186472,815.42786,0.23244412,1335.7815,0.10765353,-100.40274,-0.99530655,1810.0236,0.11173237,1122.1227,0.1857198,-97.980286,-0.94606954,2808.3586,0.06610487,807.9753,0.1825475,-100.159256,-0.90767545,-12.283106,-0.25914562,20.846144,0.21246493,0.078989856,0.16806422,-0.021709574,-0.26688802,0.31994468,0.16740578,14.916873,0.23403421,-1.2020961,-1.4977454,-10.164609,-0.35951367,-33.527473,-0.22654405,-9.774923,19.736288,0.054865673,-0.01635469,0.25144637,3.2786884,1.7857143,0.29,0.0,0.12,0.03,-26.427862,9,15,17,SPEAKER_01,738.433333,938.6,935.88471875,936.50909375,1,0.624375,disengaged
48.172638,0.08726798,44.878845,47.731598,49.333176,4.4543304,174.0807,68.95268,49.706894,36.139503,0.7886571,0.3174531,0.51895875,0.8747578,1.0258316,0.50687283,2.7170584,1.1345177,2.9126291,1.1899087,0.23869097,0.5127868,7.998576,0.64721084,-11.128866,-1.0054893,-11.442928,-1.0468677,-31.953693,-0.23284574,0.040359944,0.8128145,1.4794925,0.30253312,5.6213984,0.43175268,9.066127,1.7226311,11.7999325,0.95007926,772.4126,0.23238112,1263.6101,0.18411905,-55.83204,-1.6388601,1862.2596,0.13515289,1006.61456,0.32815713,-51.224663,-1.4373418,2775.7493,0.07782023,1037.503,0.35250938,-50.554943,-1.4606351,-8.427367,-0.36955267,15.579729,0.35011625,0.07954773,0.33109236,-0.00920133,-0.8527422,0.26607403,0.46851745,7.8748274,0.61415803,-15.0736685,-0.6011281,-16.535717,-0.5084624,-33.20635,-0.23308787,-8.135589,11.636978,0.052336354,-0.0114529375,0.1443125,2.5316458,2.7027028,0.285,0.225,0.14,0.0,-26.053446,9,15,17,SPEAKER_01,738.433333,938.6,937.7915937500002,938.6,1,0.8084375,disengaged
45.942066,0.06562616,43.291817,44.153378,49.490917,6.1991005,1.6144753,0.0,19.267048,0.0,0.39378384,0.41659832,0.26056713,0.33072025,0.57483613,0.314269,-0.4148215,0.0,1.2269427,0.0,0.08490041,0.5084411,10.635361,0.39185795,3.0102308,1.4221827,-4.7433143,-0.6157412,-37.439735,-0.19976425,0.022512596,0.59756887,1.3035151,0.45058337,5.7385693,0.63183236,19.215258,0.22880456,16.713709,0.76519674,739.1073,0.31293,1180.9312,0.17070095,-28.812243,-1.6777982,1880.721,0.17164463,920.8884,0.4632788,-33.633194,-1.090951,2752.696,0.09177273,928.72565,0.18264951,-28.36421,-1.312121,-10.245358,-0.33809245,15.766474,0.38132605,0.068575814,0.3856048,-0.019230979,-0.2901036,0.08869061,0.53981113,10.027,0.4207061,3.0138698,1.5551612,-4.733746,-0.653313,-37.977264,-0.20391548,-8.519195,11.70713,0.08899714,-0.023159847,0.101223655,0.0,4.255319,0.21,0.04,0.02,0.0,-33.821236,9,15,18,SPEAKER_01,938.633333,1016.566667,938.633333,939.17534375,1,0.542,engaged
46.032295,0.08133049,44.67717,45.64433,51.56771,6.890541,20.8581,12.652419,159.12056,0.0,0.46344167,0.26659104,0.34304523,0.46756515,0.6033443,0.2602991,2.150638,0.728874,2.4039667,0.4697091,0.15146595,0.52966255,9.111968,0.5661954,-5.601728,-1.3191583,-15.49548,-0.3888023,-37.520546,-0.21789207,0.025870245,1.0607241,1.397711,0.321311,6.4886074,0.42268467,10.534556,0.89330924,13.601669,0.50347275,952.2599,0.12638019,1159.523,0.14059642,-44.94588,-1.8465466,2120.4707,0.07174251,853.39417,0.28884643,-51.843502,-1.418365,2960.663,0.058324777,986.28723,0.17323124,-47.84169,-1.5729622,-6.4717746,-1.1002219,16.72261,0.24794617,0.05459684,0.42694765,-0.018714705,-1.2591273,0.17949264,0.46342212,6.4871016,0.5504355,-9.038138,-0.62264144,-17.943737,-0.28019318,-37.941353,-0.254122,-11.892004,18.070381,0.058281597,-0.033898413,0.121267974,3.3898306,3.9215686,0.19,0.04,0.044999998,0.005,-32.430473,9,15,18,SPEAKER_01,938.633333,1016.566667,942.7022187500002,943.30971875,1,0.6075,engaged
43.82717,0.03086189,43.218494,44.178944,44.910355,1.6918602,209.43756,0.0,-32.278538,0.0,1.1467736,0.12775956,1.0375578,1.1833748,1.2578895,0.22033167,4.6863203,0.0,-5.6634073,0.0,0.413947,0.3643244,3.0397506,1.172611,-17.167,-0.20607781,-5.326587,-0.4701212,-40.430115,-0.11509631,0.02477332,0.9834239,0.89965683,0.07890172,5.5223083,0.35511994,7.5183616,1.6848046,9.927359,0.6561337,710.4384,0.1803261,1423.3062,0.06059848,-101.25064,-0.92152935,1947.6968,0.029421296,1110.9366,0.40545785,-86.980194,-1.0139296,2604.2253,0.059375167,1394.3076,0.2122814,-82.36256,-1.1230584,-7.3428116,-0.4555606,13.106744,0.29587325,0.056634065,0.12015138,-0.024231924,-0.20669438,0.33514506,0.30912176,5.1075096,0.49088368,-18.27373,-0.120609276,-4.994072,-0.5277138,-42.33375,-0.03292755,-2.9631844,7.3960204,0.04410543,-0.03486207,0.51004714,5.882353,8.333334,0.06,0.0,0.04,0.0,-23.912464,9,15,18,SPEAKER_01,938.633333,1016.566667,966.98534375,967.1709687500002,1,0.185625,engaged
41.108322,0.13666643,33.359615,43.65912,45.957413,12.597797,208.06273,156.35353,45.648026,36.476406,0.33114526,0.15126169,0.27737454,0.33603024,0.37712216,0.09974763,1.29619,0.4928138,0.94374853,0.92361563,0.08888799,0.42915696,17.943241,0.41831267,0.98944414,5.877498,-17.363836,-0.52668387,-21.59517,-0.31052607,0.065276235,1.3885424,1.6137607,0.4571597,5.8137484,0.62684643,6.7025967,1.9705856,25.955715,0.30396926,779.422,0.21328372,1334.454,0.18712212,-37.814426,-1.9922646,1759.9846,0.088750236,1060.6461,0.18517774,-42.73292,-1.3532209,2832.6514,0.064640634,954.3954,0.3017702,-50.110714,-1.1060344,-12.676753,-0.24030744,25.936563,0.22677661,0.052297365,0.6567483,-0.020131463,-0.5896962,0.095748,0.3886233,18.887505,0.38441136,0.20746185,27.765808,-19.249,-0.39992133,-23.08893,-0.26786244,-7.8535757,18.812326,0.051428523,-0.010751699,0.059050325,7.042254,4.545455,0.17666666,0.05436502,0.03,0.0,-36.37486,9,15,18,SPEAKER_01,938.633333,1016.566667,967.39034375,968.11596875,1,0.725625,engaged
44.35091,0.113124564,40.79119,41.791042,51.646103,10.854912,30.928892,0.0,3.0348804,6.8699923,0.5279789,0.8846678,0.20529875,0.2274862,1.141443,0.93614423,3.9870605,2.4269319,4.68851,1.8457364,0.20234396,1.1768553,14.564333,0.7012321,-1.2095977,-12.769333,-8.237219,-0.991815,-24.925318,-0.45924413,0.023079945,0.7405504,1.2492548,0.4259642,7.8571005,0.43429068,14.50566,0.38682896,23.618408,0.70874906,783.5805,0.2582993,1233.5919,0.19024602,-114.79292,-0.7981198,1839.0238,0.10473788,904.6101,0.31172886,-102.80046,-0.8266282,2867.7615,0.0741845,862.2378,0.33278996,-103.94085,-0.81168884,-13.298235,-0.6520943,21.575888,0.5186072,0.041819427,0.6273989,-0.029898748,-0.32850933,0.25992128,1.0551691,15.298523,0.70332676,-1.4527502,-11.605124,-7.432651,-0.6287125,-29.645428,-0.37903446,-8.30765,18.89037,0.04401402,-0.016517587,0.10713182,1.6393442,3.448276,0.1475,0.15122417,0.16,0.07788881,-27.445374,9,15,18,SPEAKER_01,938.633333,1016.566667,968.95971875,970.19159375,1,1.231875,engaged
48.414032,0.09132056,44.332863,48.62703,53.075127,8.742264,110.97546,87.46951,117.66571,128.46443,0.5372419,0.26369315,0.4275552,0.54600215,0.6540361,0.2264809,3.0259633,1.6600175,2.5061505,1.7150868,0.24000621,0.5027885,13.295554,0.5093531,-1.1385313,-4.581222,-4.49743,-2.1727102,-46.78882,-0.2473876,0.044030704,1.7046716,1.4551514,0.33599043,7.803249,0.44430336,13.820926,0.39203084,8.525405,1.5435915,886.8027,0.22713846,1170.1892,0.15690272,-89.18677,-0.97403926,2042.1761,0.14938326,880.52014,0.6635316,-78.954185,-0.9793514,2927.8457,0.073772304,952.92413,0.4014133,-75.46377,-1.0474606,-11.166937,-0.31082207,18.112816,0.24398866,0.07565395,0.34054625,-0.029233828,-0.26596352,0.27958968,0.43408397,10.949911,0.64133185,-2.4309883,-1.6968071,-5.5222826,-1.6427324,-50.008804,-0.19780014,-9.9867735,15.0908785,0.07367507,-0.03060119,0.1851861,5.633803,2.2556393,0.29999998,0.25152865,0.12333333,0.12552114,-28.25727,9,15,18,SPEAKER_01,938.633333,1016.566667,971.59221875,973.02659375,1,1.434375,engaged
50.110634,0.018417433,49.245564,49.94371,51.14165,1.8960876,4.1255774,6.185706,11.294235,2.4927754,0.5547567,0.5291319,0.37365252,0.43847463,0.6434747,0.26982218,3.048414,1.3016781,-0.5751292,1.4575168,0.21358116,0.6023576,14.561608,0.4372211,-0.88652825,-10.885985,-8.797039,-1.042409,-36.753952,-0.35182643,0.021497952,0.48191434,1.3230437,0.3319769,10.839922,0.23479782,15.38498,0.37559035,7.561505,1.1782084,944.02435,0.10233533,1089.4402,0.14035931,-126.57364,-0.6982096,2162.4102,0.09408947,994.3581,0.555468,-130.8021,-0.60961235,2938.7366,0.063091904,779.17,0.3241405,-125.87418,-0.672721,-14.182125,-0.18755144,22.011671,0.2224798,0.08359557,0.19432491,-0.02714268,-0.34749126,0.19344173,0.36095485,15.651625,0.40525416,0.4180005,8.162565,-8.991758,-0.7056071,-49.13124,-0.12005447,-7.132145,15.4615965,0.051760174,-0.017463207,0.22789033,2.238806,0.7751938,0.55,0.0,0.355,0.285,-29.697987,9,15,18,SPEAKER_01,938.633333,1016.566667,973.68471875,975.03471875,1,1.35,engaged
51.06218,0.0010471253,51.02381,51.059566,51.116825,0.09301376,3.2203357,0.17868023,2.7634485,0.4275458,0.6534732,0.32122186,0.43522975,0.6686348,0.8506033,0.41537353,3.6092951,0.0,-3.290005,0.0,0.22939421,0.52729404,12.879288,0.23591024,0.8585404,3.914965,-10.669821,-0.5038261,-19.582693,-0.2302293,0.015686588,0.57680845,1.3766333,0.341523,8.018213,0.246908,2.4740229,2.0378838,16.702179,0.33986497,954.3833,0.095050566,1207.3286,0.08844702,-53.839375,-1.3124682,1877.17,0.048720196,867.5745,0.102575354,-53.720997,-1.2382625,3023.4626,0.037341766,707.7241,0.119004786,-63.96661,-0.9715922,-8.268151,-0.3259923,15.530975,0.21252005,0.044981163,0.3569603,-0.031116722,-0.2871508,0.30065843,0.32619876,11.184646,0.19920076,0.12890284,31.233988,-10.936149,-0.58867294,-21.001184,-0.20777535,-10.747648,17.436733,0.058141246,-0.024261938,0.17317355,3.846154,4.7619047,0.16,0.0,0.03,0.0,-27.787579,9,15,18,SPEAKER_01,938.633333,1016.566667,978.24096875,978.51096875,1,0.27,engaged
41.568478,0.07707812,41.114483,41.998123,42.29345,1.1789665,211.67088,117.115364,28.723322,14.748562,0.18294846,0.22834727,0.150729,0.17282005,0.2212228,0.0704938,0.8101147,0.55378306,0.51334167,0.19567306,0.04250877,0.48113102,20.554401,0.25531387,12.613184,0.4069037,0.2616349,22.26081,-15.0642395,-0.4304228,0.03004057,0.5072695,1.2193096,0.44561046,7.017897,0.32969734,6.8795824,0.78489584,20.246582,0.29841343,843.50793,0.20708452,1316.0295,0.32731456,-129.34554,-0.6535673,1972.1007,0.13766205,1147.6711,0.26685703,-127.074036,-0.6182225,2820.3445,0.0674244,1033.0533,0.33567214,-126.68353,-0.6236073,-15.107968,-0.29374894,25.09054,0.21865842,0.017642688,0.8751183,-0.011891453,-0.58873546,0.040047828,0.4998732,19.81496,0.29477564,12.891814,0.364124,-0.11863311,-44.397835,-17.030466,-0.36382335,-14.073776,23.578377,0.0061450936,-0.0133077875,0.04516631,2.9333334,4.0540543,0.09666667,0.07656515,0.13,0.11798304,-42.68121,9,15,18,SPEAKER_01,938.633333,1016.566667,981.8015937500002,985.56471875,1,3.763125,engaged
51.63963,0.12159691,50.350746,53.743256,55.39899,5.0482445,99.780975,72.500626,3.4840717,21.912123,1.0165076,0.3948893,0.64647555,1.010385,1.3236616,0.677186,3.7516892,0.8350144,2.4000475,2.3554313,0.35771185,0.5903976,-4.627781,-1.2849374,-16.451452,-0.7705835,-16.9619,-0.6052029,-19.217394,-0.5982719,0.038598962,1.0779972,1.5949029,0.2842883,2.8203254,1.1072316,13.054587,1.0957657,15.317704,0.71324885,969.1845,0.17683432,1136.4299,0.1755271,-62.01648,-1.4933712,1999.3992,0.10353621,1154.131,0.22516342,-45.789917,-1.5406238,2894.2356,0.06013485,884.51807,0.3408722,-45.86124,-1.5237876,8.756245,0.8999223,12.456882,0.38139975,0.020814272,0.8744406,0.019151213,0.8290867,0.38712496,0.55993897,-5.7963657,-0.88862383,-18.482206,-0.64568686,-16.2825,-0.649464,-16.598658,-0.6412975,1.6633137,11.59335,0.023141999,-0.001384962,0.24900532,2.1739132,3.3519554,0.22999999,0.18726094,0.054,0.030066589,-25.036415,9,15,18,SPEAKER_01,938.633333,1016.566667,986.3072187500002,988.16346875,1,1.85625,engaged
29.777906,0.1772016,23.991013,32.866737,34.14187,10.150856,20.733173,0.0,66.416695,0.0,0.95058185,0.25875077,0.7570003,1.0047388,1.1605735,0.40357316,6.0483418,4.7863955,2.8968089,1.1054684,0.49404675,0.5368207,20.715452,0.5506892,5.4223757,2.613846,-10.679619,-1.1508938,-0.61565584,-16.376678,0.03385732,1.4648229,1.0245783,0.3118167,4.3671556,0.78454304,5.947927,1.4563398,27.648685,0.23252812,838.396,0.13263126,1332.6671,0.11965855,-79.16516,-1.2614927,1851.7357,0.08320752,1195.4685,0.21048181,-83.37248,-1.110466,2874.6294,0.06822151,1141.5428,0.38165605,-89.089615,-0.98721814,-10.153136,-0.8008982,26.036394,0.30807903,0.057826318,0.35242406,-0.009116527,-1.692441,0.5311984,0.5492523,28.123737,0.22318354,3.3752708,3.6979513,-16.55732,-0.83644015,-4.966619,-1.8133771,-10.11955,22.551899,0.049989235,-0.00439246,0.46927056,4.4117646,3.3333335,0.17,0.12,0.07,0.029439203,-21.153656,9,15,18,SPEAKER_00,938.633333,1016.566667,1012.19346875,1012.8853437500002,1,0.691875,engaged
37.15792,0.14103927,35.623222,36.705967,37.241764,1.6185417,9.701157,0.0,29.19871,0.0,1.292962,0.34615874,0.8735431,1.2722906,1.6991365,0.8255934,6.128547,3.605332,8.052839,4.08496,0.67741436,0.5453329,16.275686,0.5470692,-1.2594957,-5.4684825,-13.326072,-0.65366644,-21.988384,-0.6000935,0.016122997,0.7885215,1.3889184,0.36665112,5.4088326,0.68011856,-0.56592613,-18.310745,22.66595,0.37060848,757.1629,0.24002942,1367.7972,0.180385,-66.926056,-1.3136954,1693.3057,0.1538882,1262.8486,0.22040875,-62.733063,-1.2895715,2749.06,0.09003257,998.8826,0.46025842,-70.99951,-1.0616766,-5.4379206,-1.6151476,21.817453,0.29693338,0.06611115,0.3868564,-0.004981371,-3.6352444,0.7760923,0.4597578,17.012753,0.5423361,-1.4028013,-5.6642222,-13.031592,-0.7246882,-22.84172,-0.62796867,-3.9556139,18.341848,0.050755702,-0.0100955805,0.51737905,2.877698,2.9850748,0.2325,0.29380053,0.082499996,0.016393596,-18.01254,9,15,18,SPEAKER_00,938.633333,1016.566667,1013.1553437500002,1014.55596875,1,1.400625,engaged
35.294033,0.16634049,31.998827,34.600887,40.912933,8.914106,239.86919,149.5686,27.827295,24.930939,0.8067042,0.47086802,0.5041408,0.72929436,1.027748,0.5236072,6.097613,2.5834508,5.974457,2.551406,0.5814022,0.9291279,21.046047,0.6464707,9.135168,1.2800134,-3.6657557,-2.706761,-13.597953,-0.83805466,0.036851857,1.2287061,1.5672174,0.5806737,7.100655,0.58080065,6.9087358,1.4696314,28.456604,0.31809673,876.22107,0.14851049,1284.968,0.16697869,-67.278,-1.2160697,1927.1571,0.112655446,1120.9343,0.24452996,-73.731865,-1.0320274,2980.7593,0.076767966,948.16876,0.3283825,-78.75952,-0.9252021,-17.482374,-0.54931647,29.868101,0.28051144,0.06078343,0.25869626,-0.0204036,-0.9254982,0.7337115,0.7679864,27.558985,0.24291629,9.433768,1.4539927,-4.34525,-2.4060168,-16.134653,-0.70833766,-6.232508,12.303183,0.048772585,-0.011018736,0.26583248,4.0983605,2.5641026,0.26999998,0.029439203,0.0725,0.062199276,-16.061459,9,15,18,SPEAKER_00,938.633333,1016.566667,1014.96096875,1016.19284375,1,1.231875,engaged
36.51358,0.11444204,34.221916,36.34745,37.930786,3.70887,68.17448,47.91471,11.725972,18.09607,1.0999906,0.4764623,0.64608186,1.0380949,1.6058882,0.9598064,7.549448,4.4393926,5.3763537,3.8271012,0.6175521,0.67944187,18.110794,0.6039373,6.171215,2.3919823,-5.903373,-2.5346186,-16.1946,-0.66399324,0.02402374,1.0510087,1.3317415,0.51141745,6.467687,0.56851417,6.0241923,1.8547862,21.705912,1.1125331,771.13446,0.27698836,1394.5326,0.18368986,-58.20325,-1.388185,1797.2189,0.1436459,1208.6493,0.34337863,-61.434223,-1.1823382,2815.199,0.0895489,976.42175,0.29977867,-65.384544,-1.0701259,-11.945784,-0.9323441,23.888826,0.41442415,0.0688981,0.25568736,-0.015906153,-1.1947895,0.69627315,0.6151276,20.131796,0.47594365,4.6831717,3.3501704,-7.2783446,-2.1075268,-16.805885,-0.6197404,-10.159896,18.628134,0.065025955,-0.0064499225,0.44546986,3.0470915,3.9325843,0.18428572,0.18078062,0.056666665,0.041699987,-16.88257,9,15,19,SPEAKER_00,1016.6,1075.233333,1016.78346875,1020.41159375,1,3.628125,disengaged
36.86444,0.06684642,34.94962,36.06256,38.960514,4.010895,96.35941,142.63167,14.869203,13.865406,0.9415231,0.4687236,0.53885543,0.8207125,1.3592755,0.82042,9.650764,5.0865498,6.655262,3.8812697,0.61916757,0.6685825,26.513496,0.39679062,11.254241,1.1176164,-13.05931,-1.0229546,-14.490878,-0.7599491,0.023984578,1.7288716,1.3383119,0.53660786,7.8860073,0.47675303,6.4063644,1.5850596,33.57463,0.2486005,758.3871,0.2570994,1428.1277,0.14832269,-74.02762,-1.1324017,1784.1431,0.14475669,1255.2301,0.23793189,-79.057816,-0.9401257,2942.005,0.08758596,1042.9337,0.34782848,-85.711464,-0.81432855,-17.754269,-0.4524202,33.287548,0.20097557,0.060104318,0.34601638,-0.02458838,-0.44087002,0.7318148,0.57681626,29.695852,0.26799697,12.094134,1.025181,-13.491435,-1.0555851,-17.09235,-0.6202523,-10.862787,23.11353,0.051044103,-0.015844423,0.37880373,4.742268,3.541667,0.18764706,0.18370466,0.081999995,0.05856051,-15.228506,9,15,19,SPEAKER_00,1016.6,1075.233333,1020.91784375,1025.77784375,1,4.86,disengaged
36.956284,0.047122702,35.183743,36.876675,38.92005,3.736309,13.344523,4.380003,10.649079,1.8359994,1.0427988,0.52245986,0.59414715,0.9715296,1.4384705,0.84432334,7.9503884,6.4116206,6.2357416,2.5424469,0.6026671,0.69510573,26.398968,0.33608568,10.946049,0.97197515,-9.134132,-1.3687967,-15.22484,-0.5119284,0.020274082,1.0626668,1.1420825,0.6263001,9.051532,0.42783967,5.075299,1.7231517,30.6548,0.26767147,750.1218,0.2438476,1394.051,0.1983284,-53.11367,-1.3910773,1790.9469,0.13035917,1156.814,0.20908585,-61.909527,-1.054178,2906.6838,0.08360451,975.8129,0.24605775,-69.16472,-0.88843113,-18.553734,-0.39064175,32.336468,0.21781653,0.064093865,0.2777982,-0.02294036,-0.53949094,0.68664116,0.5595857,29.33439,0.2046639,11.155806,1.012715,-9.184264,-1.2973022,-14.783519,-0.4216339,-10.248454,20.268892,0.052483965,-0.015264146,0.32072815,3.4615386,1.9607843,0.39999998,0.24240461,0.07333333,0.04784233,-13.176436,9,15,19,SPEAKER_00,1016.6,1075.233333,1026.31784375,1028.9334687500002,1,2.615625,disengaged
35.64967,0.066696346,33.688034,35.503212,38.04671,4.358677,101.7398,136.58107,22.458754,44.32534,0.82155865,0.49155793,0.5244317,0.7558579,1.1241786,0.59974694,10.721196,5.5984893,4.882955,2.9662466,0.5282419,0.801079,24.59539,0.44142535,11.65235,1.1554785,-10.990164,-1.306719,-14.814739,-0.7585173,0.018261548,0.8744561,1.204516,0.5037074,7.002886,0.5295154,6.7972407,1.3817964,32.909214,0.39504007,767.005,0.2376888,1399.7141,0.17609295,-62.800636,-1.3049866,1805.8312,0.14108482,1179.2975,0.29551923,-69.92966,-1.0615002,2915.8735,0.091763966,1020.0572,0.3017642,-76.934296,-0.9058751,-16.599829,-0.5591684,30.174873,0.2356979,0.06865495,0.27828255,-0.02253758,-0.6881692,0.6175,0.7008258,28.254139,0.28044894,10.53777,1.3388389,-13.17233,-1.1275359,-15.6778965,-0.70114946,-12.93033,21.123959,0.060497526,-0.011630203,0.32580352,3.4965036,2.5943398,0.27545452,0.2576595,0.08166667,0.053980444,-17.861141,9,15,19,SPEAKER_00,1016.6,1075.233333,1029.00096875,1033.3040937500002,1,4.303125,disengaged
43.060383,0.084902905,42.214996,43.82494,45.06632,2.8513222,67.67331,30.173409,66.8594,52.134094,0.37064746,0.48527598,0.24364206,0.35984218,0.42591625,0.1822742,3.4490092,1.6263266,0.668318,0.91676664,0.118343495,0.68073654,17.504648,0.49467534,4.581052,1.9189366,-8.169189,-1.3633406,-26.89695,-0.5740582,0.030064004,1.6609484,1.1441201,0.39616033,8.250671,0.38070992,12.227805,0.7217795,26.886322,0.4287903,771.1617,0.21118309,1366.3405,0.22433124,-79.59766,-1.1376315,1828.0165,0.14095975,1085.3999,0.2498,-77.91451,-1.02463,2839.4573,0.08358493,952.77637,0.26474762,-81.65355,-0.94102025,-12.209593,-0.46894786,22.48756,0.25019312,0.057660047,0.28464305,-0.016688522,-0.67865866,0.13530873,0.4538123,19.856419,0.389244,2.1200264,3.958008,-10.561025,-1.0751507,-32.88661,-0.38699612,-11.023891,19.49502,0.045126088,-0.010633919,0.05631467,2.4390244,2.5157235,0.265,0.23478714,0.15333332,0.07133645,-33.648846,9,15,19,SPEAKER_01,1016.6,1075.233333,1034.77221875,1036.42596875,1,1.65375,disengaged
38.99855,0.1069117,37.621048,39.395485,41.97636,4.3553123,88.475266,0.0,87.120575,73.75305,0.3292584,0.2797358,0.23887637,0.3302294,0.42678887,0.1879125,2.284081,0.29694897,0.81503963,0.6743003,0.10119649,0.6060868,15.934797,0.38082615,-5.7328386,-0.63192123,-6.106408,-2.6799362,-35.913918,-0.46776655,0.03043137,0.4551684,1.8430777,0.3266746,2.518321,0.7145907,4.477664,2.1120353,19.987589,0.4562815,822.8753,0.24115834,1310.6305,0.13755105,-110.87352,-0.8137088,1901.4921,0.120997936,1183.1494,0.6875035,-106.50068,-0.775382,2825.7502,0.0615692,1247.4344,0.52949244,-106.525406,-0.77833056,-7.1229506,-0.4878849,17.198648,0.4698744,0.060490746,0.26336697,-0.028420033,-0.41359726,0.101671584,0.60051346,16.019249,0.45045114,-5.28629,-0.74959725,-7.447548,-2.301539,-40.010334,-0.3895047,-6.3588014,16.374,0.059304573,-0.030086868,0.11332375,3.529412,7.692308,0.055,0.02813657,0.068,0.026381811,-36.93633,9,15,19,SPEAKER_01,1016.6,1075.233333,1037.40471875,1038.26534375,1,0.860625,disengaged
35.196674,0.029900286,34.493977,34.520412,36.706486,2.2125092,8.857038,0.0,-0.65557694,0.0,0.35945514,0.48039025,0.16680615,0.35882416,0.55266815,0.385862,1.8929386,0.43784383,0.6300748,0.9069318,0.07911953,0.7486519,17.709932,0.28822723,-11.77644,-0.81078625,-9.630664,-0.66069984,-5.354281,-1.6078862,0.008241752,1.2969673,0.9480384,0.58568054,6.347872,0.4047828,-2.6622765,-2.2957444,11.586284,0.31421474,758.4373,0.23489076,1356.2313,0.10230369,-119.866486,-0.79203695,1708.8036,0.12873481,1203.5226,0.11777049,-119.69197,-0.783803,2709.8826,0.076516464,1068.2295,0.53138614,-124.56663,-0.7060447,-2.0742955,-1.5108817,18.790236,0.20434293,0.039948206,0.35827672,0.002136353,3.4464204,0.06022271,0.43048742,21.200106,0.19882496,-13.219775,-0.578019,-14.415995,-0.42712602,-10.25391,-0.77913815,-0.1754186,14.333772,0.035401277,0.008716463,0.095146775,3.2258065,2.2727273,0.17,0.07,0.16333334,0.08653836,-37.705437,9,15,19,SPEAKER_01,1016.6,1075.233333,1038.67034375,1039.6153437500002,1,0.945,disengaged
39.636295,0.13098413,36.135983,38.283653,39.418396,3.2824135,152.7769,96.39112,45.680023,36.401,0.34777752,0.33872354,0.23201871,0.33189288,0.4404934,0.2084747,1.7208598,1.1339568,1.6021348,0.98565274,0.092868395,0.658852,19.102365,0.3693906,-4.203386,-1.872104,0.088207215,116.49061,-16.900505,-0.62764335,0.024634277,0.97056377,1.4388494,0.48704925,4.4350014,0.34151027,-0.4545784,-19.433931,15.333639,0.5418585,673.5061,0.25004712,1363.2817,0.108353436,-124.82045,-0.73086244,1712.4293,0.10208257,1073.4182,0.32800156,-112.6353,-0.7840581,2717.7368,0.08247405,993.5086,0.30322513,-113.950836,-0.7636971,-7.329299,-0.6059771,16.994282,0.3659383,0.048918556,0.33398455,-0.0145077985,-0.81287557,0.09136736,0.35099283,19.287163,0.31163305,-7.0358973,-1.0922956,-0.64427364,-16.5217,-19.902042,-0.56442404,-7.2333384,16.044958,0.041812994,-0.010139945,0.09937316,2.5974026,3.3783784,0.13,0.08988882,0.146,0.055353407,-36.828445,9,15,19,SPEAKER_01,1016.6,1075.233333,1039.80096875,1041.35346875,1,1.5525,disengaged
43.926945,0.0031582129,43.82328,43.90031,44.025284,0.20200348,0.11222458,0.0,0.0,0.0,0.33057436,0.052214146,0.31748402,0.32580298,0.3390538,0.021569788,1.2394111,0.58514184,-0.0050120354,1.125432,0.09630881,0.38937253,22.290894,0.069169186,-2.562577,-0.8102415,-22.739086,-0.123276375,-32.025063,-0.07561219,0.018356057,0.13091421,1.0234786,0.06021026,10.393419,0.02700091,9.951747,0.038993422,35.02248,0.041972376,777.9732,0.016190654,1381.5016,0.009657012,-1.316546,-0.23178536,1836.0723,0.00013047244,1063.4258,0.030361613,-20.470652,-0.07058563,3022.4514,0.010294781,725.76025,0.08310413,-36.339027,-0.048849188,-14.164988,-0.04004405,29.386457,0.036352858,0.060022376,0.066580035,-0.02197734,-0.11019731,0.06979388,0.17623262,23.302114,0.02374187,-1.6556573,-0.51442426,-20.583214,-0.038364902,-34.720284,-0.039580666,0.0,0.0,0.0,0.0,0.0,20.000002,33.333336,0.02,0.0,0.0,0.0,-35.716656,9,15,19,SPEAKER_01,1016.6,1075.233333,1041.91034375,1042.0284687500002,1,0.118125,disengaged
44.079277,0.14586766,42.249672,44.971584,50.43266,8.182987,268.9211,320.277,126.17462,105.45216,0.70789087,0.3959681,0.47050667,0.6287709,1.0451477,0.574641,3.2990327,3.0397527,1.8362253,1.2354599,0.24451655,0.64152896,6.6951976,1.2301836,-7.108898,-1.6934799,-10.1299305,-0.72374386,-30.491283,-0.37942818,0.039692298,1.0691808,1.475067,0.5063158,5.523584,0.74442255,12.018581,0.90632147,17.594982,0.52268696,805.57806,0.2651843,1365.8856,0.17700143,-106.351685,-0.8732632,1863.5173,0.14464287,1103.3135,0.29751718,-98.217125,-0.8836623,2820.1729,0.09240164,909.1561,0.2654315,-98.3804,-0.88079417,-7.577469,-1.1921703,18.63954,0.46083185,0.06975523,0.29124114,-0.017053232,-1.3130158,0.30865985,0.5345696,8.857853,0.87741536,-9.700129,-1.1104509,-12.820968,-0.60041237,-35.939323,-0.3074371,-3.774976,9.558074,0.06757623,-0.008169101,0.18075359,3.10559,3.846154,0.13333333,0.103064165,0.103333324,0.1286684,-26.965792,9,15,19,SPEAKER_01,1016.6,1075.233333,1048.71096875,1050.3309687500002,1,1.62,disengaged
40.105274,0.05603278,38.268143,40.242165,41.867332,3.5991898,75.56554,74.71823,20.98539,17.670546,0.6549897,0.4681455,0.406793,0.65290344,0.92621183,0.51941884,6.5788884,3.9721215,2.5912247,1.0847601,0.21949604,0.8300244,17.121153,0.48628628,-2.7140672,-4.0099745,-18.71495,-0.7782153,-31.189352,-0.42865044,0.016215585,4.157756,0.915193,0.7559794,9.747377,0.45106465,5.7170587,1.5878628,31.21783,0.28360766,827.0013,0.23184663,1349.5627,0.15321843,-56.478085,-1.5542278,1882.7463,0.14276783,1193.9058,0.23210959,-62.73754,-1.1972048,2871.4019,0.06983166,936.2474,0.24655782,-67.560104,-1.068856,-10.981346,-0.76708376,26.56715,0.24281281,0.060274594,0.22705515,-0.022438081,-0.76935464,0.261942,0.7176202,19.626574,0.3487345,-3.3784008,-3.4537818,-22.33292,-0.6046209,-35.463688,-0.33888814,-4.273196,13.858801,0.038486183,-0.007597538,0.10745071,2.21519,2.250804,0.3242857,0.1973291,0.08625,0.06537153,-25.23845,9,15,19,SPEAKER_01,1016.6,1075.233333,1052.64284375,1055.8153437500002,1,3.1725,disengaged
42.32617,0.025822414,41.614475,41.949528,42.99862,1.3841438,14.249215,0.0,-19.894072,0.0,0.47852314,0.3653291,0.30943337,0.49766403,0.6427546,0.33332124,3.3363278,0.4337424,2.2037146,1.7029227,0.13693817,0.61325186,11.187992,0.37953293,-5.4624715,-1.147352,-3.8281498,-2.8232677,-35.78126,-0.38038093,0.023558564,0.7308592,1.3236965,0.27678016,5.2744646,0.58569777,10.618052,0.63867664,18.246534,0.56895286,857.42285,0.21327548,1262.9556,0.17384872,-88.81311,-1.0450875,2022.9567,0.12676732,1149.9529,0.4545653,-84.35861,-0.9893895,2840.602,0.06829045,1177.6714,0.358957,-81.99247,-1.0420188,-7.717514,-0.53815657,14.768705,0.38540998,0.04114117,0.3278801,-0.016162813,-0.609837,0.1629511,0.5332169,10.541706,0.4721611,-2.379605,-1.3996158,-7.9629564,-1.5307778,-43.472458,-0.23823003,-5.709528,9.59239,0.04535011,-0.024764923,0.11128251,5.263158,2.8169014,0.21499999,0.16499999,0.07666666,0.06649979,-32.09043,9,15,19,SPEAKER_01,1016.6,1075.233333,1055.9165937500002,1056.69284375,1,0.77625,disengaged
41.258522,0.051621232,39.35207,41.521503,43.70705,4.3549805,28.95784,0.0,-4.1738133,0.0,0.6269024,0.3809592,0.48651028,0.6002527,0.7448514,0.25834113,5.1400084,0.5814918,4.870626,1.5453266,0.23541504,0.6331066,22.237663,0.19426613,-8.012934,-1.5710027,-23.191875,-0.5081773,-30.236649,-0.36798206,0.018763721,0.52071893,1.3197074,1.101009,8.011393,0.32734114,-1.1346383,-3.6829627,27.808197,0.14623825,783.4016,0.2948766,1336.5577,0.13258088,-30.676167,-2.214591,1847.6844,0.17942302,1114.5764,0.19009557,-37.13567,-1.4810796,2927.027,0.12926157,1024.3904,0.19897063,-47.493343,-1.0813645,-6.8630157,-0.82811356,23.31317,0.124796495,0.055141512,0.24547298,-0.017734246,-0.81632596,0.274724,0.52944267,22.793865,0.13189365,-9.735985,-1.2714984,-25.825815,-0.386444,-34.063705,-0.2524221,-8.655439,17.818378,0.025074456,0.000577645,0.020499181,4.878049,2.857143,0.29999998,0.0,0.03,0.0,-27.163212,9,15,19,SPEAKER_01,1016.6,1075.233333,1057.55346875,1057.97534375,1,0.421875,disengaged
34.567474,0.0077801617,34.33321,34.446213,34.8225,0.48928833,5.4951987,0.0,1.6604958,5.3141146,0.41971686,0.510774,0.25997046,0.3298344,0.74350905,0.4835386,1.460222,0.7709757,2.063789,0.86603343,0.10690123,0.83354264,8.667147,0.88788086,6.3107457,0.994349,1.9252837,4.2678347,-27.088928,-0.53904736,0.039162133,0.60878724,1.4595952,0.14056292,0.26898855,13.080014,-11.892684,-0.3059805,11.82224,0.13911815,933.82574,0.052099198,1247.6249,0.09521476,-168.95854,-0.42261258,2151.323,0.02774259,693.7065,0.122343086,-171.51675,-0.3824212,3016.7383,0.03161956,870.9461,0.25141278,-170.89787,-0.39189625,-11.965965,-0.29992938,18.359936,0.2894963,0.07180264,0.11310284,-0.043515377,-0.1939491,0.24842775,0.23857847,16.898989,0.272554,0.2661254,10.044392,3.3933892,1.0242465,-49.69873,-0.03492805,-5.206437,8.733487,0.030693293,-0.018639587,0.08669176,4.0,1.0526316,0.14,0.0,0.39,0.32999998,-32.483643,9,15,19,SPEAKER_01,1016.6,1075.233333,1062.02534375,1063.03784375,1,1.0125,disengaged
36.569077,0.09452284,33.996704,34.372627,42.07095,8.074245,5.613372,0.0,32.655952,0.0,0.88977534,0.30545592,0.6716716,0.8274931,1.1029314,0.43125975,5.366943,2.4517243,4.5351043,2.5467546,0.41833004,0.679778,22.656439,0.17174889,-5.6406894,-0.9749048,-7.486127,-1.3019832,-32.047832,-0.27009937,0.031688944,1.0126786,1.1459467,0.33907017,4.663983,1.1125963,-3.8015199,-2.404214,20.419792,0.4498247,823.5113,0.21794577,1380.688,0.102352805,-98.324295,-0.92749715,1875.5829,0.11437505,1099.1971,0.23600154,-98.645775,-0.862395,2922.1245,0.08980232,812.9604,0.22103678,-100.723404,-0.82895255,-12.339218,-0.3893124,23.606041,0.22461036,0.054610584,0.208857,-0.035184033,-0.37028113,0.38847926,0.5072273,22.425953,0.16601063,-4.496555,-1.4425079,-8.298928,-1.5031129,-35.670856,-0.24142715,-10.73334,21.229136,0.06041304,-0.032031197,0.52945167,4.5454545,5.0000005,0.099999994,0.09797959,0.08,0.025495097,-23.114315,9,15,19,SPEAKER_01,1016.6,1075.233333,1064.33721875,1065.2315937500002,1,0.894375,disengaged
40.429276,0.021689106,39.63492,40.68209,41.259155,1.6242371,0.19399889,0.0,0.0,0.0,0.98886645,0.39928427,0.61477387,1.00007,1.2451347,0.63036084,9.737236,2.6860025,8.183702,0.0,0.53588444,0.8085886,28.156036,0.092728406,1.4217645,4.9385133,-10.802804,-0.7439376,-32.361008,-0.43403023,0.010438663,0.5931062,0.7565001,0.51378965,11.614314,0.23922756,18.764261,0.16419208,36.34253,0.065367885,702.812,0.14049283,1560.2134,0.07180255,-88.80397,-1.057565,1844.6835,0.08698149,1223.27,0.16748556,-83.55827,-0.9441537,2882.2688,0.049553927,977.9796,0.15266247,-85.67925,-0.9083421,-21.398045,-0.13724416,30.588186,0.080448456,0.06582011,0.09793611,-0.043202627,-0.22929995,0.26136625,0.2833445,26.005098,0.03734858,5.9285216,0.99909025,-7.3511777,-1.2669395,-43.640167,-0.1905532,-11.329684,30.626818,0.057439297,-0.025124438,0.6988036,3.846154,4.7619047,0.13,0.0,0.06,0.0,-19.665884,9,15,19,SPEAKER_01,1016.6,1075.233333,1066.9022187500002,1067.1722187500002,1,0.27,disengaged
40.515163,0.14419597,36.896225,42.353756,43.496414,6.600189,27.962456,29.536764,23.923029,17.41565,0.7669649,0.38565823,0.49434185,0.7268145,0.9815025,0.48716062,5.5486283,3.8039856,3.1652617,0.88971424,0.24724577,0.64584655,14.1372595,0.7662514,-5.1725144,-1.6268628,-16.117706,-0.6448,-37.635338,-0.31983835,0.024636684,1.6884558,0.80186075,0.5873605,9.597343,0.46086508,7.043761,2.048845,24.455318,0.44459733,776.9409,0.24846943,1395.2687,0.1648117,-56.013454,-1.6410625,1833.4119,0.1293392,1101.3496,0.31366798,-57.444225,-1.3333435,2872.4365,0.08639729,948.163,0.29807553,-60.9603,-1.2242223,-13.543159,-0.44334507,22.851389,0.29304668,0.06975001,0.3191558,-0.028428188,-0.55498827,0.2774776,0.5924079,16.334547,0.47751322,-6.453735,-1.3621969,-18.008347,-0.53027886,-41.089878,-0.26137036,-4.9893656,13.223555,0.06266339,-0.015892752,0.16026554,2.7173915,1.9283748,0.3857143,0.14734383,0.0975,0.07206767,-22.73593,9,15,19,SPEAKER_01,1016.6,1075.233333,1070.2772187500002,1073.97284375,1,3.695625,disengaged
34.77594,0.09037474,33.42161,33.894268,37.64653,4.2249184,158.96039,164.89821,34.589558,30.481163,0.45568123,0.63912094,0.22789788,0.36716652,0.6787832,0.4508853,2.091533,1.0055932,2.8092458,1.2842761,0.13410456,1.1159637,21.537043,0.47108424,2.4714968,3.5041544,-13.894112,-0.8455013,-22.329103,-0.51898247,0.02406292,2.1087787,0.9448346,0.6395309,7.651949,0.5054773,-5.031767,-1.4918551,25.912619,0.40594268,753.71576,0.2447726,1432.8541,0.14417359,-88.03681,-1.1092694,1785.7115,0.14429456,1151.6602,0.19425724,-93.293816,-0.95086956,2925.3918,0.08899316,979.2196,0.43402368,-98.504524,-0.8544331,-13.480978,-0.49748436,28.279446,0.24682903,0.054187864,0.31567276,-0.02975129,-0.46322125,0.18918242,0.91663545,26.37092,0.29665148,1.4010444,7.035357,-18.538307,-0.6828618,-28.639805,-0.35894904,-8.368664,16.76404,0.034278873,-0.01230176,0.061809976,1.6528926,2.234637,0.24875,0.17737232,0.20285715,0.23926759,-27.665283,9,15,19,SPEAKER_02,1016.6,1075.233333,1057.97534375,1061.62034375,1,3.645,disengaged
42.899883,0.08951968,39.165527,43.48483,45.40192,6.236393,116.91797,45.257397,83.02112,70.53592,0.69101536,0.33028626,0.5470685,0.67027295,0.8417427,0.29467422,3.613412,3.1058743,3.1452057,1.7623863,0.29480708,0.4872844,17.091393,0.52422786,-5.026465,-2.7336016,-9.1897545,-2.090789,-40.72088,-0.4119803,0.046908878,0.7244394,1.5417778,0.3621411,7.818467,0.3786101,19.282469,0.21346855,22.243395,0.6497213,815.55774,0.19205882,1244.5303,0.10139097,-141.9242,-0.5780173,2000.8287,0.12099192,807.35205,0.40832078,-131.57706,-0.6164143,3012.927,0.07702284,911.74677,0.22998217,-130.31706,-0.632199,-11.643541,-0.42769518,23.271088,0.37816826,0.075574845,0.21031837,-0.02843857,-0.3675511,0.30650696,0.48476017,18.463501,0.55774605,1.668277,2.104926,-5.71181,-2.538021,-49.261192,-0.25239766,-4.536329,15.52391,0.07273256,-0.027729383,0.31446746,3.846154,2.739726,0.13499999,0.055,0.205,0.13499999,-26.681532,9,15,20,SPEAKER_01,1075.266667,1102.166667,1085.27909375,1086.07221875,1,0.793125,engaged
36.43798,0.1389396,30.473446,37.409855,41.516655,11.043209,1.7242298,0.0,0.0,0.0,0.59363985,0.2468834,0.44135562,0.57270104,0.7664052,0.3250496,0.0,0.0,-0.031927463,0.0,0.19669999,0.2907528,7.74188,0.5023877,-6.5911636,-0.51893324,6.9259057,0.9064525,-38.82358,-0.239302,0.037260693,0.8763162,1.0002704,0.26736873,6.0736713,0.16951463,17.839634,0.08235225,7.4988875,1.3119869,1021.8104,0.071486756,1711.0822,0.23135324,3.430442,4.500693,2013.6105,0.025471438,472.7595,0.15991046,-1.017797,-15.701319,3085.112,0.014956755,981.22107,0.15920857,6.287194,2.883751,-8.132059,-0.38214073,11.525371,0.4142512,0.04576398,0.1102162,-0.027705664,-0.08171641,0.24748278,0.116093285,5.12496,0.59541917,-8.394173,-0.37221032,3.1284945,1.7595401,-45.29313,-0.1515885,0.0,0.0,0.0,0.0,0.0,0.0,14.285714,0.06,0.0,0.0,0.0,-29.40049,9,15,20,SPEAKER_01,1075.266667,1102.166667,1092.58596875,1092.72096875,1,0.135,engaged
48.117264,0.06706221,46.999794,47.650608,50.768585,3.7687912,16.533422,44.296535,42.082653,40.724686,0.8232271,0.46048492,0.52657205,0.7821853,0.98330474,0.4567327,2.9577281,0.8984442,3.4019496,1.982376,0.3540727,0.60864574,12.357459,0.44638836,-7.0495167,-2.0075243,-7.0150094,-1.488884,-47.857094,-0.34220517,0.027397836,0.8769594,1.2959056,0.43821204,8.314053,0.63050663,13.365874,0.73422843,8.928467,1.074695,868.8604,0.17789446,1160.8359,0.1871347,-71.00612,-1.215704,2051.8376,0.13535954,715.415,0.5709257,-74.39521,-1.0253774,2968.346,0.059964623,962.711,0.3956428,-68.683334,-1.1552536,-10.181842,-0.66114175,16.575459,0.4000948,0.086469635,0.2253115,-0.021680314,-0.8865859,0.36060235,0.6183859,10.731523,0.46094495,-7.705363,-1.4171648,-7.983108,-1.1471967,-51.843704,-0.29387334,-7.1452456,16.777916,0.0771382,-0.017594554,0.37367645,1.459854,2.2727275,0.30666664,0.37007508,0.11333333,0.057927158,-23.152145,9,15,20,SPEAKER_01,1075.266667,1102.166667,1099.6565937500002,1101.04034375,1,1.38375,engaged
43.20605,0.05678723,40.81085,42.581757,45.52355,4.7127,0.31270722,0.0,0.0,0.0,2.6436229,0.31727305,1.643141,2.835046,3.567022,1.923881,13.642932,0.0,-2.75468,7.4421754,1.9359094,0.41758168,13.432255,0.32421356,-21.25662,-0.29924724,-29.240597,-0.111403815,-32.170795,-0.15804052,0.024782892,0.39627907,1.379085,0.46818456,2.1001673,1.1599053,-2.9281697,-1.1102114,21.442465,0.18207051,950.27734,0.09990423,1195.1432,0.056566577,-19.83195,-3.5080802,1853.6888,0.06269693,1115.1306,0.08494364,-30.653355,-2.0884843,2932.1694,0.047276963,783.61237,0.20909876,-39.720222,-1.53545,-0.5356299,-6.6952033,18.990484,0.16849677,0.07802168,0.1890359,-0.02288509,-0.3809406,1.9946243,0.42335922,13.031744,0.3387203,-20.200296,-0.21862413,-28.891794,-0.11387338,-32.89493,-0.092300974,-9.360236,27.301872,0.11172673,-0.040588696,1.3263801,2.7027028,3.448276,0.24,0.0,0.03,0.0,-11.754022,9,15,20,SPEAKER_01,1075.266667,1102.166667,1101.31034375,1101.69846875,1,0.388125,engaged
0.0,0.0,0.0,0.0,0.0,0.0,0.0,0.0,0.0,0.0,0.17253883,0.05647548,0.1653277,0.17853688,0.18009996,0.014772266,0.0,0.0,-0.0046095015,0.0,0.017456705,0.30283687,11.662194,0.05121954,-1.0207781,-1.7658541,-5.8466926,-0.51819557,-16.763964,-0.27940717,0.0,0.0,0.0,0.0,0.0,0.0,0.0,0.0,0.0,0.0,0.0,0.0,0.0,0.0,-201.0,0.0,0.0,0.0,0.0,0.0,-201.0,0.0,0.0,0.0,0.0,0.0,-201.0,0.0,0.0,0.0,0.0,0.0,0.0,0.0,0.0,0.0,0.0,0.0,0.0,0.0,0.0,0.0,0.0,0.0,0.0,0.0,-9.454814,20.751049,0.0053403354,-0.0015890369,0.0,0.0,0.0,0.0,0.0,0.0,0.0,-49.53073,9,15,21,SPEAKER_01,1102.2,1292.766667,1110.96284375,1111.0303437500002,1,0.0675,disengaged
46.07831,0.12583587,42.677826,44.40734,52.39984,9.722015,315.0827,239.23126,128.76273,140.57045,0.44157028,0.26815426,0.32845932,0.42959857,0.56374204,0.23528272,1.6191161,0.6145046,1.9741446,0.7506306,0.17665762,0.6515409,11.883784,0.50951976,3.195031,2.118481,-9.295115,-0.55207783,-35.763504,-0.34795943,0.047018234,0.9681229,1.516496,0.3513091,5.730227,0.7708454,10.684753,0.7110361,16.181532,0.56242007,810.5399,0.21049196,1373.1774,0.115402065,-119.088585,-0.72408134,1894.148,0.12508497,1146.8129,0.21275945,-106.349236,-0.7635968,2843.098,0.06335259,995.97797,0.49253514,-105.837616,-0.7716624,-13.49295,-0.34991422,21.398523,0.32814348,0.05935727,0.4787178,-0.03281234,-0.28221753,0.2124175,0.5790999,12.237031,0.58207715,2.6163054,3.040755,-10.000931,-0.4353036,-39.310986,-0.3416158,-12.518099,19.537672,0.036777437,-0.029944513,0.15724443,3.409091,4.878049,0.099999994,0.040620193,0.16,0.049999997,-30.841864,9,15,21,SPEAKER_01,1102.2,1292.766667,1111.23284375,1112.12721875,1,0.894375,disengaged
44.2368,0.034039572,42.93055,44.770844,45.40484,2.474289,-2.9687371,12.043174,8.35413,0.0,0.39748135,0.40574452,0.22232412,0.3866013,0.5513033,0.3289792,1.9805071,1.2455604,1.3898346,0.608244,0.10585476,0.60384965,16.932592,0.27700928,-10.746851,-0.83523494,-18.849154,-0.46493855,-8.947043,-1.1404508,0.020849776,0.9570847,1.2178452,0.4319248,6.117258,1.2326014,1.1326846,8.497085,19.9328,0.5203386,864.8329,0.16607256,1274.0067,0.16991559,-67.804855,-1.4110287,1909.0964,0.11197936,1022.8384,0.23935445,-67.476295,-1.3087271,2929.3757,0.08750735,1115.8182,0.29051453,-75.72327,-1.096088,1.1990707,6.919243,18.049068,0.39244783,0.03932211,0.31219065,0.011770649,1.5871392,0.13067704,0.5070977,15.430967,0.27385587,-14.243715,-0.5379326,-23.60399,-0.28274482,-7.6482077,-1.4483632,-7.7277594,20.6425,0.038454413,-0.0023769226,0.056781456,3.2,1.6806724,0.39999998,0.08,0.35999998,0.0,-33.998188,9,15,21,SPEAKER_01,1102.2,1292.766667,1113.5615937500002,1114.8272187500002,1,1.265625,disengaged
42.33838,0.037193336,40.878998,41.709114,44.073128,3.19413,0.17581381,0.0,0.0,0.0,0.42506298,0.35692698,0.26206818,0.4364013,0.5887225,0.32665434,1.9990444,0.08061743,-0.23659575,1.877373,0.14921717,0.5671915,20.014025,0.17105079,-9.162684,-1.2529935,-13.088372,-0.80711377,-25.339455,-0.2544932,0.02065672,0.7728784,1.3991873,0.45048666,7.816033,0.3726902,10.046927,0.35551247,29.216257,0.1852199,868.8023,0.08517866,1207.4633,0.085412905,-68.8853,-1.2119206,1935.2505,0.04336094,860.0322,0.19032447,-75.677635,-1.0082881,2982.4243,0.047264986,903.339,0.22496225,-82.04526,-0.87663853,-13.737004,-0.38927191,20.447088,0.31214535,0.062113196,0.19838718,-0.024521751,-0.2831216,0.16220163,0.5254963,21.562937,0.14659338,-7.0440617,-1.6939495,-10.473878,-0.83252513,-29.17048,-0.10534353,-10.1493225,21.977045,0.06079613,-0.013466315,0.16175069,4.3478265,4.878049,0.13,0.099999994,0.03333333,0.0047140447,-32.681877,9,15,21,SPEAKER_01,1102.2,1292.766667,1115.73846875,1116.21096875,1,0.4725,disengaged
43.35654,0.12979425,35.667908,46.95659,47.436646,11.768738,-30.910053,0.0,35.660255,0.0,0.5663131,0.24726287,0.4652816,0.5810176,0.65631145,0.19102985,1.9432384,0.4674829,1.2330166,1.6589127,0.16142157,0.6088688,11.104759,0.41381273,-17.568382,-0.48011476,-17.86768,-0.52658,-34.230587,-0.6172678,0.029845232,1.5473148,1.0258968,0.35867018,6.889455,0.6256949,-0.6556581,-15.8069315,17.790668,0.32116774,944.8496,0.10599779,1114.4114,0.11710209,0.64940685,76.590195,1992.6261,0.07668855,953.05145,0.20451236,-15.4601555,-2.6520667,2951.181,0.04670952,792.5964,0.19689585,-18.34829,-2.2034354,-5.456161,-1.5274528,16.71822,0.39318943,0.07199228,0.25451493,-0.0074464064,-3.574694,0.150415,0.6374464,10.564369,0.43883583,-19.092916,-0.42819822,-16.587744,-0.5162404,-32.5914,-0.6573634,-9.067485,17.74246,0.07335741,-0.019304363,0.2645163,5.555556,2.0408163,0.45,0.0,0.0,0.0,-30.385963,9,15,21,SPEAKER_01,1102.2,1292.766667,1116.44721875,1117.00409375,1,0.556875,disengaged
41.441673,0.0280244,40.581547,40.762356,42.89717,2.3156242,14.517231,10.083361,30.285095,0.0,0.6841226,0.3798921,0.4706421,0.63172,0.9371134,0.4664713,8.489236,5.3656397,-0.44653955,2.3481345,0.26578546,0.49946094,15.630129,0.21285237,-15.247502,-0.5212814,-8.782176,-0.9519433,-24.94523,-0.38980082,0.02935992,0.6445073,1.5723666,0.31402612,4.2574134,0.6720016,17.463755,0.29703212,26.392838,0.12377182,860.7813,0.21167268,1372.0513,0.13919276,-134.0621,-0.6762686,1837.1028,0.045360245,1282.4834,0.58472955,-124.20441,-0.7317578,2866.9321,0.060339846,1069.8438,0.51890934,-126.13567,-0.7010486,-10.489622,-0.3587649,19.97708,0.274228,0.062186174,0.20995845,-0.027561108,-0.44761723,0.27606907,0.5036371,17.684904,0.20174842,-15.210816,-0.6183777,-11.276811,-0.6247119,-28.704414,-0.2408544,-6.253196,13.07207,0.064536735,-0.024788585,0.2516455,4.109589,2.9411764,0.125,0.024999999,0.195,0.015,-28.383305,9,15,21,SPEAKER_01,1102.2,1292.766667,1117.5440937500002,1118.28659375,1,0.7425,disengaged
50.231247,0.0628608,47.943165,49.179363,50.021202,2.0780373,506.59576,489.62543,0.5436363,10.014553,1.0680094,0.2745231,0.90819436,1.1490216,1.2955031,0.38730878,4.534222,0.8585562,1.4632946,2.6704416,0.3674215,0.38104528,-2.7813795,-2.331529,-16.115482,-0.26215947,-4.348304,-1.5884149,-36.52368,-0.1608383,0.01963727,1.2616313,1.2219071,0.27415806,4.711951,0.4452121,6.1882677,1.507042,2.3752294,2.1589203,936.3406,0.22460999,1121.0029,0.15100057,-44.687775,-1.4934529,1970.5846,0.064098045,793.2996,0.30034906,-43.247337,-1.3343263,2909.6545,0.051141992,925.43585,0.24347468,-40.72248,-1.4531453,-0.5484444,-6.6189156,5.7808056,0.74797595,0.0649776,0.16904867,-0.0036138822,-2.1764464,0.38238305,0.3396413,-4.4752345,-1.1347835,-16.17984,-0.2658547,-2.8764768,-2.2421286,-37.63077,-0.11369514,-1.923381,6.2629337,0.053595237,-0.009279544,0.30024564,6.1224494,4.5454545,0.175,0.125,0.02,0.0,-26.082684,9,15,21,SPEAKER_01,1102.2,1292.766667,1119.3328437500002,1119.83909375,1,0.50625,disengaged
45.932846,0.11878323,43.934746,48.407684,49.794296,5.8595505,95.38378,46.406685,168.76387,219.17252,0.7495467,0.42303452,0.53457063,0.7449905,0.9307304,0.39615977,6.0253687,2.6373436,2.2183638,0.6700452,0.32837006,0.780821,13.008724,0.4717243,-15.065594,-0.6991221,-11.248787,-0.9921766,-26.812529,-0.5279791,0.029652715,1.2572814,1.302176,0.41290545,6.350718,0.656607,11.875189,0.9388761,8.27252,3.6252255,927.6806,0.14055936,1203.7458,0.18758498,-48.730984,-1.6100554,1886.2988,0.08496339,1073.3779,0.3047567,-50.49283,-1.3843926,2846.493,0.069700964,896.6103,0.4612752,-51.87056,-1.3393476,-6.7462773,-0.7624341,16.323801,0.45479771,0.074298754,0.20803946,-0.009429419,-1.9785223,0.31882828,0.6465151,13.095846,0.45452222,-16.855465,-0.61775345,-11.088686,-0.9944332,-26.837477,-0.4992241,-7.6357503,18.422922,0.07436991,-0.0044493047,0.45857042,2.2727273,3.5087721,0.21833333,0.2725446,0.046666663,0.034480266,-25.210815,9,15,21,SPEAKER_01,1102.2,1292.766667,1120.95284375,1122.7247187500002,1,1.771875,disengaged
39.00363,0.0071983677,38.748898,39.009697,39.26079,0.5118942,0.0,0.0,-0.17239857,0.0,0.3917231,0.13883302,0.38945234,0.39258337,0.42696238,0.037510037,3.1245675,1.2817949,1.765819,0.0,0.086255334,0.4294768,8.269236,0.49933589,-0.36453807,-10.746321,-3.706039,-1.875861,-24.2262,-0.15988958,0.012117165,0.06732249,2.3693848,0.27908003,1.8144814,0.09892872,8.77487,0.3175977,17.318035,0.18198806,323.14133,0.16270514,1462.943,0.07214775,-201.0,0.0,1352.531,0.012415968,1207.5757,0.036100283,-94.065315,-0.8538133,2383.6472,0.021581698,861.4811,0.17080498,-92.97759,-0.8613131,-4.8946238,-0.53971016,13.196605,0.3619211,0.04948596,0.064395316,-0.016487626,-0.08138244,0.09487588,0.12269372,10.396748,0.5217675,-4.670166,-0.38333365,1.4150357,3.477583,-28.51268,-0.109325975,-5.9488997,13.758046,0.06745906,-0.014266346,0.077405006,8.333334,14.285714,0.03,0.0,0.02,0.0,-38.486286,9,15,21,SPEAKER_01,1102.2,1292.766667,1124.22659375,1124.36159375,1,0.135,disengaged
44.82938,0.0061552627,44.619335,44.784576,45.13261,0.51327515,0.1415741,0.0,0.0,0.0,0.25682583,0.11259584,0.21949375,0.26901805,0.27842042,0.05892667,0.57371753,0.4102155,0.60467565,0.17713948,0.06301245,0.28735214,17.854046,0.27718535,1.433431,2.8909624,2.764618,1.6888762,-17.083109,-0.19690731,0.01868485,0.21129188,1.477948,0.15146345,6.438565,0.072242506,19.796026,0.039838355,17.702774,0.08282298,743.15405,0.12065154,1350.8511,0.06721104,-191.51498,-0.2188871,1782.3342,0.07246358,1024.0653,0.04028315,-181.00798,-0.27720025,2717.5005,0.031219738,829.09546,0.19670923,-180.59773,-0.28251013,-10.166,-0.23055984,15.81538,0.21060352,0.045672018,0.42218488,-0.006532931,-0.36325416,0.085184015,0.112020686,13.815432,0.1669537,0.32235834,3.6935635,4.164938,0.406588,-16.768883,-0.066743255,-10.521874,18.745644,0.037168376,-0.0103800455,0.06290252,6.1224494,2.2727273,0.04,0.0,0.185,0.005,-41.55572,9,15,21,SPEAKER_01,1102.2,1292.766667,1124.63159375,1125.1378437500002,1,0.50625,disengaged
44.020306,0.042935718,42.040676,45.27699,45.500256,3.4595795,14.450324,5.5054326,83.85881,0.0,0.25391975,0.37559873,0.14540093,0.24324457,0.33022356,0.18482263,1.3358161,0.25880557,0.6338918,0.79705274,0.057937864,0.52737737,13.488548,0.41211927,3.257738,2.5193343,6.8941035,0.86312276,-21.258085,-0.48340106,0.029197741,0.6649049,1.2693199,0.37411073,8.969256,0.2069614,9.333204,0.42345065,10.987215,0.33976033,856.5909,0.20144771,1309.6544,0.14097808,-131.02925,-0.65705603,1918.3894,0.096331954,881.38293,0.22557928,-126.74766,-0.649649,2848.6904,0.05751654,745.4979,0.26960784,-126.99319,-0.6441754,-11.456885,-0.23306711,17.38816,0.18867792,0.062261414,0.19797918,-0.010112949,-0.72708917,0.07606884,0.37501207,11.808679,0.21755405,2.9459088,3.6193078,9.240952,0.36597502,-28.791605,-0.3017406,-8.15926,14.6945305,0.034566958,-0.005392181,0.04538683,2.8985507,3.125,0.125,0.085,0.11333333,0.06599663,-39.562256,9,15,21,SPEAKER_01,1102.2,1292.766667,1126.3865937500002,1127.0953437500002,1,0.70875,disengaged
47.888126,0.12850127,47.44841,49.81541,50.18802,2.7396088,282.22546,6.2997847,11.713817,0.0,0.7565813,0.41872248,0.5248526,0.66114724,1.0054522,0.48059958,4.820237,0.7114089,0.015388648,2.0857503,0.3363289,0.612063,16.582628,0.35061693,-13.866352,-0.66578674,-16.496132,-0.60013187,-39.84926,-0.35541135,0.077817276,1.785574,1.5188227,0.39923042,4.7405357,0.5980911,4.4737716,1.7638239,13.466354,0.72445405,821.4851,0.25786942,1236.0272,0.12024871,-114.34882,-0.83773035,1793.8099,0.14794622,1314.3665,0.32092658,-106.01532,-0.8490888,2785.1028,0.05355861,848.3954,0.39374864,-106.33748,-0.8226007,-6.919316,-0.66287607,16.954212,0.3990285,0.06699006,0.398078,-0.011435082,-1.4744718,0.26743096,0.51639086,16.375603,0.311731,-12.356245,-0.5330034,-13.155264,-0.6720909,-38.261585,-0.35980046,-7.4837055,20.203655,0.06640965,-0.022976648,0.44352168,3.409091,2.4096386,0.205,0.095,0.12333333,0.08178562,-25.86348,9,15,21,SPEAKER_01,1102.2,1292.766667,1128.46221875,1129.3565937500002,1,0.894375,disengaged
40.338142,0.019490195,39.444904,40.493595,41.147827,1.7029228,14.396896,2.951202,-1.8754139,12.330693,0.741735,0.36060783,0.4662516,0.82470196,1.0111073,0.5448557,3.7990646,0.988184,-0.07120216,2.8352866,0.33231694,0.5719722,17.158476,0.17378701,-20.458529,-0.47066873,-28.984758,-0.31989828,-28.664915,-0.25610167,0.020510333,0.65696585,1.4321451,0.567098,5.2171373,0.56123227,-2.8665764,-1.5975848,19.61205,0.20697735,870.8593,0.16245013,1442.7288,0.11922047,-76.251366,-1.2672544,1810.1864,0.09106198,1452.3127,0.25219226,-77.55595,-1.1753877,2734.8372,0.035883117,989.1927,0.18044074,-82.79392,-1.0494752,-5.0626683,-0.857982,20.416185,0.15003817,0.056417704,0.18810591,-0.013289716,-0.92022115,0.2942147,0.4634015,16.817802,0.18355238,-22.730356,-0.4723417,-26.056538,-0.30673417,-24.091848,-0.24294576,-5.9776506,23.333101,0.07122031,-0.01857379,0.46383116,3.9215686,2.1739132,0.28,0.0,0.074999996,0.055,-26.562689,9,15,21,SPEAKER_01,1102.2,1292.766667,1131.4490937500002,1131.97221875,1,0.523125,disengaged
43.393307,0.048490122,41.05445,44.54319,45.24678,4.1923294,7.9120827,5.0047455,2.9077334,0.0,0.28780127,0.35356915,0.20967567,0.30660555,0.37058872,0.16091305,2.046552,1.2765405,0.62724984,0.5668379,0.06630033,0.4174597,17.421001,0.50081277,-2.0617244,-3.4110434,-11.184124,-0.91372025,-22.55698,-0.4233715,0.028430864,0.80668765,1.1971194,0.49338442,7.293094,0.54068965,13.086098,0.6603167,26.783981,0.27098328,778.2297,0.24828811,1334.1716,0.14913417,-89.90826,-1.0210973,1821.3737,0.15170997,1049.8966,0.21278587,-82.86732,-1.0106351,2881.791,0.062186047,985.45746,0.25596687,-88.51099,-0.8964451,-11.925596,-0.42863372,24.976194,0.1886694,0.062515795,0.2817767,-0.006732083,-1.4385936,0.07182326,0.330395,21.889387,0.19400522,-3.0773616,-2.6055372,-14.730868,-0.65609235,-27.001537,-0.25581235,-4.7993093,13.930802,0.064240284,0.010688899,0.0704708,2.777778,2.173913,0.29,0.17454702,0.14999999,0.09416298,-38.442722,9,15,21,SPEAKER_01,1102.2,1292.766667,1133.4065937500002,1134.85784375,1,1.45125,disengaged
42.23382,0.03830503,41.16483,42.788654,43.580376,2.4155464,-2.384138,20.479877,9.978734,0.0,0.29206222,0.24259523,0.22328883,0.2915163,0.37634993,0.15306109,0.6479429,0.24007541,0.9938656,0.153283,0.06780247,0.37508348,18.862255,0.26767159,-4.4966536,-2.1073968,-9.198117,-1.0216593,-26.740232,-0.22434367,0.031106032,0.9838442,1.2880172,0.4562529,7.8349676,0.5080446,8.626206,1.067262,21.50882,0.20002599,734.3379,0.2525091,1337.3173,0.13655455,-77.68599,-1.1655277,1755.8234,0.15540588,1074.2909,0.2598759,-68.36106,-1.1567973,2771.3733,0.103372574,912.68207,0.2557512,-72.40521,-1.0578865,-13.677713,-0.32135782,19.672808,0.358059,0.049289748,0.2214116,-0.018740391,-0.49280325,0.06478624,0.32176378,20.539719,0.18623997,-1.4125175,-5.9561567,-5.3410015,-1.2351495,-28.989407,-0.1998924,-6.3335466,16.045446,0.043236505,-0.018659707,0.08004708,2.5641026,1.369863,0.52,0.0,0.089999996,0.049999997,-38.661297,9,15,21,SPEAKER_01,1102.2,1292.766667,1135.88721875,1136.68034375,1,0.793125,disengaged
43.57247,0.06594595,40.969536,43.405273,45.665108,4.695572,28.96834,16.229258,121.56119,199.28917,0.51553744,0.33275834,0.3556174,0.51250964,0.6841893,0.32857192,2.0788648,1.4241751,1.7291747,1.1517069,0.1703543,0.5123949,13.98865,0.3639282,-14.976871,-0.6005575,-5.6540513,-2.2346606,-31.190704,-0.30535764,0.01913693,0.9821861,1.2458432,0.37690666,6.87462,0.5310123,9.496513,1.1167643,18.343685,0.4419861,800.0333,0.26098874,1310.6604,0.15673548,-69.18155,-1.3900509,1818.6881,0.115605034,994.52844,0.34746498,-62.067085,-1.3715804,2820.2773,0.06594677,946.7683,0.33833873,-64.40088,-1.2939526,-6.9574084,-0.57027656,17.096428,0.3184538,0.061626267,0.3041724,-0.014371337,-0.9650084,0.16946867,0.44061083,13.092005,0.3393212,-17.819542,-0.4368447,-8.669906,-1.4667755,-31.272404,-0.29441306,-11.202563,17.18098,0.07421728,-0.030743161,0.18225814,2.690583,1.3761468,0.5133333,0.1575507,0.19333334,0.122836836,-31.23201,9,15,21,SPEAKER_01,1102.2,1292.766667,1137.3722187500002,1139.6165937500002,1,2.244375,disengaged
44.558414,0.0204943,43.408142,44.981705,45.396427,1.9882851,17.584347,0.0,-8.939552,0.0,0.17125587,0.30163342,0.11976379,0.15135829,0.2357524,0.11598861,0.34097686,0.31015763,0.5849455,0.0,0.04287524,0.66011524,17.290169,0.27398428,12.819724,0.29387355,-6.364819,-0.5574763,-15.32936,-0.27799985,0.027118914,0.26175165,1.2975335,0.39343497,8.823041,0.16554132,16.099062,0.40960586,24.865017,0.18310358,869.54974,0.08766317,1339.1606,0.18159193,-120.78373,-0.72393686,1901.4207,0.071297355,1037.7053,0.12432628,-119.745705,-0.68275106,2960.0037,0.031919047,742.5239,0.17245367,-122.91009,-0.63954276,-17.539433,-0.13410586,29.846712,0.11941757,0.051907174,0.15974748,-0.009861981,-0.5550353,0.049086254,0.28710228,17.450771,0.19460906,13.21657,0.28652093,-7.816861,-0.4772864,-17.38106,-0.18639034,-14.057526,25.119686,0.037546843,-0.0051343786,0.044749532,2.1276596,2.3809524,0.19,0.0,0.099999994,0.03,-41.841988,9,15,21,SPEAKER_01,1102.2,1292.766667,1145.55659375,1146.0459687500002,1,0.489375,disengaged
35.993492,0.04842033,34.25862,36.24793,37.828213,3.5695915,3.1973753,0.0,14.040997,0.0,0.21931124,0.22513111,0.17862406,0.2041289,0.24302061,0.064396545,0.84516835,0.5417202,0.57505834,0.3679273,0.053721946,0.551627,17.328295,0.5286723,0.7771273,14.589661,-6.9737797,-1.8179324,-19.48544,-0.3921451,0.021417633,0.77417284,1.5073081,0.32943445,6.629941,0.38972184,2.7076917,4.701106,29.771584,0.24580485,652.9166,0.25525996,1570.808,0.14987752,-119.15825,-0.8258197,1693.0862,0.13441758,1175.3375,0.17552151,-115.9167,-0.7884929,2767.8757,0.08153042,949.03326,0.31685778,-118.60261,-0.7460966,-17.896048,-0.27803183,29.14099,0.17153573,0.057799652,0.32862642,-0.023331326,-0.3881918,0.060347453,0.39857504,22.44283,0.18812674,7.7779026,1.0520974,-3.992951,-2.027954,-25.033918,-0.22862062,-1.7389401,15.509798,0.04924086,0.00691143,0.052549988,3.6363635,0.97087383,0.45999998,0.0,0.26999998,0.17,-41.736015,9,15,21,SPEAKER_01,1102.2,1292.766667,1146.2147187500002,1147.3284687500002,1,1.11375,disengaged
0.0,0.0,0.0,0.0,0.0,0.0,0.0,0.0,0.0,0.0,0.14966553,0.24555737,0.121992566,0.13545874,0.17471027,0.052717708,0.5946249,0.20486839,-0.27631658,0.4526102,0.029463349,0.3996211,17.39954,0.26991835,7.22881,1.0108628,1.7704345,2.6892018,-16.48202,-0.40365124,0.0,0.0,0.0,0.0,0.0,0.0,0.0,0.0,0.0,0.0,0.0,0.0,0.0,0.0,-201.0,0.0,0.0,0.0,0.0,0.0,-201.0,0.0,0.0,0.0,0.0,0.0,-201.0,0.0,0.0,0.0,0.0,0.0,0.0,0.0,0.0,0.0,0.0,0.0,0.0,0.0,0.0,0.0,0.0,0.0,0.0,0.0,-12.050528,20.37167,0.037621032,-0.010041942,0.026863532,5.555556,0.0,0.0,0.0,0.29999998,0.0,-48.565216,9,15,21,SPEAKER_01,1102.2,1292.766667,1148.96534375,1149.33659375,1,0.37125,disengaged
46.60807,0.02104764,45.709366,46.290844,47.53914,1.829773,0.7027042,4.710703,16.97867,0.0,0.6400765,0.2976209,0.44489244,0.6451268,0.82591873,0.3810263,2.5824747,0.0037128925,-0.51051676,1.7889324,0.18352051,0.4339715,9.916128,0.49798316,-20.958862,-0.29870912,-17.875725,-0.32515192,-14.592774,-0.3801487,0.012959587,0.37531865,1.1135901,0.34278792,7.0213604,0.40754083,-0.50975853,-18.2515,16.199587,0.3929891,994.1557,0.08739922,1167.1483,0.12127193,-20.981556,-2.880855,1990.646,0.07032624,1159.4398,0.39582777,-28.538403,-1.9740914,2925.3694,0.06166315,1187.7565,0.48629367,-36.572083,-1.4666948,-0.27250665,-28.451849,11.989433,0.4987513,0.07332106,0.22848776,0.008160545,1.0752542,0.18501319,0.42523494,9.932413,0.52580196,-21.358793,-0.31942734,-18.924747,-0.29965672,-14.608539,-0.4132787,5.8408628,11.29872,0.061010376,0.0122355465,0.26678523,2.631579,1.4285715,0.62,0.0,0.06,0.0,-31.169493,9,15,21,SPEAKER_01,1102.2,1292.766667,1149.8765937500002,1150.65284375,1,0.77625,disengaged
36.393456,0.007092746,36.376766,36.48193,36.560368,0.18360138,-5.3240504,4.432991,5.8742523,0.0,0.16915692,0.21375187,0.13949843,0.1726641,0.19496052,0.055462092,0.9622646,0.16724373,0.20647375,0.41130012,0.028621338,0.31575486,20.20359,0.4647829,8.4082775,0.61834747,2.5549276,1.5209419,-16.8091,-0.34120297,0.025760284,0.7595976,1.0593914,0.23949169,6.740549,0.53709394,10.577097,0.65666777,29.76904,0.19411814,707.1217,0.12623788,1609.7871,0.07886408,-96.85674,-0.9351385,1699.5516,0.1201801,1284.8688,0.25567222,-95.30651,-0.8847688,2760.2598,0.07645051,865.0628,0.24337135,-98.576614,-0.82899797,-17.921667,-0.2193552,26.410782,0.101517394,0.06572869,0.1840255,-0.018292926,-0.2815165,0.031114778,0.2278043,27.802868,0.092883915,8.219654,0.6179774,3.9416275,1.0195827,-20.541576,-0.15022273,-8.141583,15.373474,0.03965869,-0.009424346,0.030827349,6.1224494,2.2727273,0.25,0.0,0.16,0.0,-44.717297,9,15,21,SPEAKER_01,1102.2,1292.766667,1153.60596875,1154.1122187500002,1,0.50625,disengaged
39.773163,0.05294699,37.09996,40.4013,41.424393,4.3244324,166.14203,118.49824,17.774069,3.1655116,0.41344348,0.5682524,0.21593125,0.34246784,0.6233202,0.407389,2.4448233,1.979341,2.377376,0.34964287,0.13202451,0.8146575,14.404737,0.332736,-4.985656,-2.5548594,-1.568503,-7.65845,-24.299946,-0.4172873,0.022541419,0.6245726,1.4778116,0.42913675,4.6763062,0.5998186,9.831596,0.68438166,20.605307,0.39196366,716.6829,0.31672645,1437.5529,0.12933289,-127.71556,-0.69531393,1744.3032,0.09948987,1158.7971,0.17581356,-106.94049,-0.833622,2683.997,0.058061637,1091.0951,0.36843666,-108.34393,-0.8148556,-8.9868765,-0.4418954,16.501688,0.43914735,0.062900946,0.29656863,-0.019764852,-0.590768,0.14203888,0.7279192,13.789137,0.44031367,-5.4868107,-2.1226764,-1.9378741,-5.14189,-24.472504,-0.45242015,-9.3353,17.12473,0.06355017,-0.017244603,0.13317502,1.6393442,3.4188035,0.13499999,0.07697402,0.108,0.065543875,-33.88528,9,15,21,SPEAKER_01,1102.2,1292.766667,1154.2303437500002,1155.46221875,1,1.231875,disengaged
35.5968,0.12451223,30.688852,35.43327,39.374435,8.685583,59.748432,22.40167,22.871178,30.78903,0.29856154,0.6178503,0.18548065,0.25198236,0.34324425,0.1577636,2.3470683,2.465879,1.2913809,0.9963127,0.0791814,0.99480623,15.755948,0.38425073,-3.1775477,-3.3588479,-1.6624738,-7.0517316,-22.590698,-0.5536667,0.02609362,0.8893869,1.5433486,0.39618313,4.937725,0.5737013,3.806973,3.073876,19.891764,0.4571027,769.8252,0.32591015,1398.0565,0.18184708,-123.423325,-0.7635768,1782.775,0.15103397,1214.5792,0.3760966,-119.51135,-0.74510473,2740.7483,0.09506868,944.0239,0.38972577,-120.314995,-0.7321256,-9.81919,-0.48083484,20.092705,0.29437473,0.061419427,0.24868797,-0.021688689,-0.50630593,0.10118159,0.7522496,18.866266,0.27284566,-2.189004,-4.043383,-4.0778437,-3.1596866,-30.411676,-0.45306575,-6.462152,14.067317,0.05110706,-0.00584263,0.06663029,1.9553072,3.1161473,0.12727273,0.11306401,0.15833333,0.1358819,-36.128796,9,15,21,SPEAKER_01,1102.2,1292.766667,1157.50409375,1161.0984687500002,1,3.594375,disengaged
41.52858,0.13340554,35.320797,43.91871,46.236103,10.915306,70.36084,60.27672,48.360905,41.829582,0.2984281,0.31047836,0.1912034,0.30900484,0.38098073,0.18977733,1.7428668,1.0896039,0.12251502,0.5593636,0.08727053,0.57092726,17.484585,0.27080515,7.526275,0.7147179,-6.4371495,-0.676894,-28.90848,-0.30541813,0.053159922,0.7146423,1.3764163,0.2938047,7.2691216,0.34726125,11.333472,0.686813,25.361675,0.22781172,885.6283,0.13369639,1253.7733,0.07996815,-54.313007,-1.451724,1946.3986,0.07453722,1034.9757,0.16776243,-58.69553,-1.2446504,2960.4321,0.05401973,809.94696,0.36720052,-61.65993,-1.1672775,-17.495714,-0.17783166,27.79248,0.15538394,0.072532505,0.3621588,-0.016480293,-0.6816349,0.073628396,0.519665,17.827078,0.29319364,9.316238,0.40912387,-5.993895,-0.80820084,-28.89174,-0.31999034,-13.6587305,21.410229,0.07988367,-0.03107014,0.14889169,4.651163,1.2345679,0.63,0.0,0.16,0.0,-35.19257,9,15,21,SPEAKER_01,1102.2,1292.766667,1162.70159375,1163.57909375,1,0.8775,disengaged
0.0,0.0,0.0,0.0,0.0,0.0,0.0,0.0,0.0,0.0,0.26206273,0.33193797,0.1640118,0.2798949,0.34894,0.18492821,0.7470742,1.2125201,0.7249348,0.0,0.08128481,0.38043827,27.35156,0.10030489,-1.1247494,-10.496608,-8.544626,-1.1220566,-25.040812,-0.37903893,0.0,0.0,0.0,0.0,0.0,0.0,0.0,0.0,0.0,0.0,0.0,0.0,0.0,0.0,-201.0,0.0,0.0,0.0,0.0,0.0,-201.0,0.0,0.0,0.0,0.0,0.0,-201.0,0.0,0.0,0.0,0.0,0.0,0.0,0.0,0.0,0.0,0.0,0.0,0.0,0.0,0.0,0.0,0.0,0.0,0.0,0.0,-12.595838,24.89812,0.04690651,-0.025413815,0.08943602,2.3809524,0.0,0.0,0.0,0.35999998,0.0,-39.810352,9,15,21,SPEAKER_01,1102.2,1292.766667,1164.38909375,1164.82784375,1,0.43875,disengaged
39.507114,0.039867125,38.05537,39.589584,41.26248,3.2071114,25.96105,0.0,-7.384793,11.23843,0.19063856,0.20611136,0.16558868,0.177556,0.23102443,0.06543575,1.3872876,0.4281924,0.07416862,0.38922188,0.02910237,0.30563393,11.849637,0.65769166,3.3222563,2.0630846,4.6031523,1.7106725,-15.146701,-0.64674246,0.019681998,0.51712126,1.0913789,0.26322684,7.2481017,0.33801636,15.360399,0.47910362,25.139076,0.33671227,767.8849,0.39058983,1394.5889,0.13343686,-101.766106,-0.88154167,1784.4199,0.12076281,1109.8649,0.25686395,-91.10414,-0.9149136,2773.6348,0.093271494,921.1104,0.21305065,-92.25969,-0.89384574,-13.397355,-0.3143667,21.978207,0.26704416,0.050360534,0.28753892,-0.013862841,-0.8105228,0.032117687,0.22302729,14.957563,0.5033336,6.7652965,0.8915183,3.8066335,2.2308347,-20.391153,-0.43646756,-2.9723825,8.4772835,0.033722218,0.005213956,0.025806263,4.3010755,2.2727273,0.26,0.19,0.103333324,0.062360957,-45.438633,9,15,21,SPEAKER_01,1102.2,1292.766667,1168.8778437500002,1169.8228437500002,1,0.945,disengaged
44.673576,0.017297192,43.65901,44.704025,45.4248,1.765789,10.680329,0.0,1.6432285,0.0,0.259122,0.30191496,0.19942115,0.23313096,0.2964748,0.09705366,0.985104,0.0,-0.7819239,1.0882077,0.047065113,0.5762576,14.2282095,0.37465188,-3.237375,-2.1917503,-8.732812,-0.6243982,-10.659816,-0.60205346,0.01835037,0.41175106,1.1110665,0.24278641,8.754118,0.22650634,11.597541,0.34222215,26.801758,0.08011812,842.82745,0.09802944,1311.0035,0.10679887,-102.9035,-0.9032695,1771.7327,0.040071182,987.14386,0.2064875,-103.246895,-0.8657865,2910.9055,0.03304477,742.5189,0.19114853,-111.766464,-0.7286401,-10.527308,-0.26602575,25.696358,0.17924474,0.046387088,0.25301436,-0.001496411,-4.2444263,0.03649212,0.1381157,17.076927,0.22464967,0.387067,10.9301,-11.929143,-0.43221715,-12.845607,-0.34856084,-4.337632,14.419994,0.04911863,0.0020505672,0.058982294,1.724138,1.8867925,0.26999998,0.0,0.114999995,0.015,-42.18133,9,15,21,SPEAKER_01,1102.2,1292.766667,1170.59909375,1171.18971875,1,0.590625,disengaged
39.686478,0.012200177,39.235382,39.740555,40.20483,0.9694481,47.919388,52.01247,16.755161,2.053203,0.25782484,0.31759384,0.18608965,0.24454874,0.32426676,0.13817711,1.1791265,0.7802582,1.6233149,0.11472237,0.06794207,0.47805408,17.561941,0.32390943,1.4792886,4.632995,5.7282643,1.0996286,-18.286087,-0.40715346,0.018670497,1.0569355,1.4219075,0.46583945,9.055582,0.28362858,18.607168,0.2746808,23.467583,0.2839197,566.3172,0.263393,1324.6659,0.11020594,-119.31967,-0.7673985,1719.531,0.09288485,893.7265,0.19846861,-81.591354,-0.9752449,2673.251,0.069912925,1245.9191,0.5478818,-78.70668,-1.035236,-14.219645,-0.26477697,20.34081,0.30895355,0.055506483,0.18706629,-0.026780536,-0.36701885,0.08597615,0.33932775,20.429478,0.22878456,0.56195104,14.524178,5.244988,1.1781418,-19.758057,-0.40156525,-9.49423,14.093145,0.05572142,-0.016116424,0.045836035,3.5714285,3.9215686,0.16,0.07,0.074999996,0.055,-38.15452,9,15,21,SPEAKER_01,1102.2,1292.766667,1181.75346875,1182.3272187500002,1,0.57375,disengaged
37.710506,0.017542312,37.07198,37.969288,38.379242,1.3072624,8.362795,7.888795,8.580303,0.0,0.25197476,0.24346836,0.18926023,0.26946285,0.3027919,0.113531664,1.5031286,0.203995,0.46860293,0.8457627,0.06477229,0.40251717,25.844772,0.13647166,-0.8408341,-8.831248,-11.257091,-0.78666985,-28.3531,-0.3184247,0.017291509,0.8092535,1.2909726,0.371795,7.478215,0.32262427,9.152347,0.8396122,32.18546,0.11345714,898.1176,0.12569273,1226.9783,0.14654492,-5.2327056,-5.421224,1949.7869,0.05757218,1369.0139,0.35210666,-26.065125,-0.9342261,2899.9702,0.044199627,748.7473,0.27043933,-29.427887,-0.78001815,-13.035125,-0.30794793,28.41908,0.09384689,0.06849036,0.22535037,-0.019593833,-0.4611804,0.06875787,0.3615912,26.294271,0.118122935,0.3906361,17.939562,-11.578793,-0.8031351,-29.24426,-0.31203133,-7.805628,18.699417,0.039632924,0.006439598,0.0,7.3170733,2.777778,0.34,0.0,0.0,0.0,-38.933613,9,15,21,SPEAKER_01,1102.2,1292.766667,1183.40721875,1183.82909375,1,0.421875,disengaged
48.174316,0.0,48.174316,48.174316,48.174316,0.0,0.0,0.0,0.0,0.0,0.43509957,0.11384286,0.38633758,0.42668855,0.48605257,0.099714994,1.2254082,0.43612638,0.48839,0.8532748,0.07084527,0.25120935,15.188654,0.041707247,-5.893025,-1.14213,-9.9241495,-0.37685904,-31.141796,-0.21309622,0.009083307,0.5687725,0.4190436,0.1255282,16.460913,0.039486103,4.880212,0.4508418,13.308263,0.23579234,941.87256,0.08488898,969.11786,0.07602906,-15.525587,-0.20898704,2079.1687,0.07679569,699.3281,0.15774108,-24.024916,-0.3584838,3010.7666,0.020333027,961.82825,0.35996947,-28.279783,-0.020475013,-16.25894,-0.10858357,23.090513,0.17080383,0.10614437,0.089458875,-0.0004158021,-11.725639,0.071455985,0.26132253,15.165103,0.05720954,-3.4561312,-1.8745521,-9.76884,-0.4627113,-31.665174,-0.24547845,0.0,0.0,0.0,0.0,0.0,15.789474,0.0,0.0,0.0,0.0,0.0,-30.956467,9,15,21,SPEAKER_01,1102.2,1292.766667,1185.06096875,1185.26346875,1,0.2025,disengaged
45.205414,0.001617897,45.141853,45.235474,45.272522,0.13066864,4.914729,0.0,-0.3085711,2.9142423,0.25506127,0.7422574,0.0011160411,0.33028567,0.38687226,0.38575622,0.16112065,0.945539,1.5751668,0.0,0.0739292,0.6774266,13.121936,0.6754405,-7.772773,-0.9002298,-8.897361,-0.7790763,-24.299992,-0.68256485,0.0053473967,0.53809786,0.73756576,0.45425653,8.338612,0.3251053,7.4087477,0.45896414,-26.79588,-3.030871,809.7189,0.21304959,1275.6093,0.082745455,-92.58464,-1.084703,1757.0057,0.14903596,1277.2059,0.26529175,-82.12469,-1.0548533,2868.2256,0.06830726,647.05035,0.10661866,-86.37943,-0.96246237,-6.8669147,-0.21793973,18.015926,0.10733161,0.06187204,0.4078929,0.014758623,1.9760373,0.11133444,0.15689576,18.002657,0.07557016,-14.859691,-0.27981862,-13.550038,-0.32477334,-33.29379,-0.18362148,-3.7262015,9.764763,0.09820018,0.05729213,0.105004735,4.166667,10.526316,0.055,0.015,0.049999997,0.0,-36.38575,9,15,21,SPEAKER_01,1102.2,1292.766667,1185.9890937500002,1186.24221875,1,0.253125,disengaged
39.193142,0.014358729,38.672195,38.960945,39.84938,1.177185,0.0,0.0,-0.16974878,0.0,0.59005076,0.09323715,0.5295619,0.60189086,0.6291771,0.099615216,0.39319286,0.5832612,1.9116402,0.68413675,0.1833839,0.2439345,17.72385,0.081073575,-23.66372,-0.09924071,-6.670065,-0.8089617,-11.70099,-0.3048439,0.022121226,0.23604017,1.6222941,0.17308939,-0.14750192,-8.462968,7.2410736,0.09418186,11.146396,0.13311468,562.67004,0.44340762,1477.3497,0.08542722,-164.3143,-0.48231393,1530.6938,0.06566267,1102.9812,0.12750734,-129.40128,-0.6689856,2408.858,0.021347987,1021.57574,0.060971763,-128.13927,-0.68514615,-2.1313813,-0.7239906,7.8378606,0.19860451,0.071030706,0.337545,-0.021373868,-0.2029298,0.21298146,0.13630497,16.663837,0.0717138,-26.108213,-0.11937212,-6.4886193,-1.018885,-12.957796,-0.21056645,-2.402011,7.67592,0.07662936,-0.018738229,0.19515471,7.4074078,4.5454545,0.07,0.0,0.11,0.0,-33.223022,9,15,21,SPEAKER_01,1102.2,1292.766667,1186.78221875,1187.06909375,1,0.286875,disengaged
45.683758,0.044552516,44.98383,45.896046,47.357582,2.3737526,20.46647,3.1294255,8.354342,2.7602267,0.44962382,0.27683678,0.3478762,0.4203804,0.5549923,0.20711613,2.8402793,0.6252013,1.1626803,0.7343671,0.12498803,0.53126496,12.399944,0.39951754,-14.847878,-0.54026437,-9.214149,-1.0016376,-25.33662,-0.3570754,0.028032854,1.4003438,1.3638607,0.36561197,5.75338,0.70718646,10.394444,0.5146499,17.135784,0.40181172,781.52386,0.25143075,1369.3494,0.13067384,-42.91157,-1.7215487,1747.4799,0.10808117,1094.368,0.24941188,-37.52863,-1.6854683,2788.3413,0.06276505,935.1169,0.37823346,-43.084957,-1.4190656,-6.2662177,-0.5320748,15.1022005,0.360953,0.07061158,0.33559728,-0.008403157,-1.5689814,0.13049218,0.52433664,13.228243,0.31810808,-16.08209,-0.43220076,-8.833569,-1.1109649,-25.458063,-0.372101,-5.563913,10.734782,0.08249862,-0.014449287,0.11606202,3.6585367,2.5316458,0.3275,0.42798218,0.06666666,0.03858612,-34.61969,9,15,21,SPEAKER_01,1102.2,1292.766667,1187.50784375,1189.16159375,1,1.65375,disengaged
42.69672,0.029725656,41.88978,43.117252,43.26796,1.3781815,12.23823,0.0,-33.07147,0.0,0.37458614,0.38875252,0.2588719,0.3303789,0.5207686,0.26189667,2.244137,0.92204183,0.29510885,1.6165392,0.117098436,0.65609163,15.307954,0.48520142,-7.5398917,-1.4253538,-8.660096,-1.861993,-24.494764,-0.47497925,0.029360387,0.55703557,1.347023,0.3614411,6.087801,0.39362887,11.651061,0.6943429,18.990803,0.5012741,736.77075,0.28286612,1476.8434,0.22996399,-134.60599,-0.645714,1779.4531,0.1141818,1011.60443,0.180136,-114.52588,-0.7448411,2785.0496,0.0900619,1043.506,0.50115323,-114.470276,-0.748231,-11.242505,-0.3260538,19.49482,0.29518044,0.05677969,0.24640799,-0.020647153,-0.42784408,0.09103835,0.49410465,13.575919,0.5860999,-0.043646567,-211.78781,-2.2821362,-5.5466094,-27.672243,-0.40144092,-5.8436737,15.880331,0.059809554,-0.01828795,0.15260777,2.3255816,2.4691358,0.185,0.085,0.13,0.058878407,-35.43076,9,15,21,SPEAKER_01,1102.2,1292.766667,1189.58346875,1190.46096875,1,0.8775,disengaged
46.87977,0.07281073,43.635166,48.979168,49.57042,5.935253,125.87564,43.3411,23.732962,16.620325,0.3633384,0.46121547,0.20211436,0.31530777,0.55796695,0.3558526,1.6681168,1.1426344,1.5797611,0.71788937,0.09966315,0.56935066,9.601543,0.87919813,3.6780708,2.6584284,11.656427,0.6638194,-36.09125,-0.4288946,0.026452774,0.67269653,1.4101523,0.20644946,5.2665434,0.35866192,13.552986,0.33777392,3.3356035,3.0361927,897.18054,0.12903434,1122.7522,0.17843437,-135.10417,-0.615821,2002.599,0.067270204,593.3126,0.49631792,-134.66316,-0.59009004,2932.086,0.043501712,895.627,0.16387288,-130.98535,-0.6428554,-6.2481723,-0.8534138,10.832562,0.6004053,0.07839588,0.31534708,-0.013407815,-0.5460373,0.116085894,0.4655242,8.499414,0.9661117,-2.9388456,-2.9607644,10.598398,0.36120275,-37.77272,-0.32058212,-7.252395,11.860257,0.060278278,-0.021702917,0.09580413,2.8037386,3.9215686,0.085,0.06946222,0.118,0.08657944,-36.874348,9,15,21,SPEAKER_01,1102.2,1292.766667,1190.84909375,1191.9290937500002,1,1.08,disengaged
48.001938,0.059634462,47.937065,48.784214,49.447113,1.5100479,59.727264,86.28728,71.6559,11.285757,0.8307822,0.34721494,0.5398103,0.811937,1.1342759,0.5944656,4.324208,1.9368169,3.301696,0.81937003,0.39906225,0.5923921,14.597762,0.41184756,-17.071783,-0.64399844,-19.106047,-0.83246124,-31.26693,-0.42651662,0.03749585,1.173249,1.3161297,0.29067186,5.4344873,0.72478133,8.287124,1.0474038,12.670852,1.1984528,909.1152,0.21068864,1173.8691,0.22114694,-87.47535,-1.0517231,1878.404,0.12652858,1069.6074,0.36719275,-82.15654,-1.0385106,2840.4434,0.071487986,860.85065,0.33308086,-83.424675,-1.010383,-2.982341,-1.8604503,15.669614,0.5259376,0.08509953,0.19658627,-0.006305898,-1.825301,0.4055512,0.58130646,12.237389,0.4683679,-20.854486,-0.3235948,-16.915665,-0.97716916,-29.1506,-0.39176896,-5.6149774,19.07222,0.07875107,-0.017968642,0.41937074,4.6875,3.2520325,0.185,0.15107945,0.08,0.048989795,-24.61122,9,15,21,SPEAKER_01,1102.2,1292.766667,1210.2215937500002,1211.52096875,1,1.299375,disengaged
50.8159,0.028948655,48.881287,51.744236,51.943245,3.0619583,-14.238628,0.0,8.292262,0.0,0.6070981,0.23603523,0.48947632,0.5797416,0.74586225,0.25638592,1.65186,1.2064519,2.8456059,0.613724,0.20206684,0.4294464,8.261138,0.8411404,-3.3998516,-2.5175726,-16.337997,-0.43396705,-31.777456,-0.36925116,0.021010162,0.51407075,1.2529138,0.25048372,7.175812,0.43103033,16.569513,0.37715092,19.413565,0.31914902,860.1668,0.17744705,1079.3425,0.15200679,-122.20146,-0.78174365,1896.8782,0.11092987,1003.4026,0.20844588,-116.69334,-0.7687211,2899.8308,0.059938747,705.8938,0.40046364,-115.22409,-0.77817786,2.1182945,4.643843,15.988945,0.23389529,0.057110876,0.38089436,-0.0079587875,-1.7003002,0.26212102,0.3319857,3.774283,1.5218439,-5.3829947,-1.6313179,-22.07897,-0.15298127,-30.118608,-0.36048588,-3.8589053,11.676049,0.054536603,-0.016341142,0.1644859,3.846154,1.369863,0.32999998,0.0,0.185,0.095,-30.71522,9,15,21,SPEAKER_01,1102.2,1292.766667,1214.89596875,1215.6890937500002,1,0.793125,disengaged
43.414967,0.053420525,42.594505,43.544643,45.384785,2.7902794,21.167307,7.639481,59.303013,53.44847,0.63920355,0.4236556,0.4025228,0.57911456,0.89792776,0.49540496,4.805354,1.6663607,0.61491185,1.3328049,0.21321821,0.7054276,11.697558,0.40940693,-14.623687,-0.6420951,-7.2094975,-1.7892706,-26.140478,-0.36910027,0.026196046,0.97096145,1.3015805,0.35175845,4.894767,0.7709576,6.48396,1.7087272,13.548252,0.6195026,878.4175,0.20552258,1273.7216,0.19772708,-80.50029,-1.1977818,1918.8407,0.093734935,1056.314,0.243677,-79.33781,-1.1302596,2804.8782,0.06944652,959.2453,0.30896622,-79.7616,-1.11615,-3.0284443,-1.2387785,13.070004,0.39174697,0.053614244,0.2604999,-0.0071166875,-1.2401406,0.1765474,0.6682124,10.032073,0.45292735,-15.221241,-0.6759054,-4.706834,-3.217765,-27.60697,-0.37562183,-5.0210085,13.872983,0.063660786,-0.013446967,0.28966296,3.10559,1.923077,0.32,0.16391054,0.17333333,0.0837987,-30.318804,9,15,21,SPEAKER_01,1102.2,1292.766667,1216.3640937500002,1217.98409375,1,1.62,disengaged
41.170372,0.041316792,38.997616,41.20524,42.76013,3.762516,16.402435,8.601735,9.357677,0.0,0.35976067,0.41064808,0.25303662,0.31362158,0.4815077,0.22847107,2.828144,0.972281,0.84461516,1.1042316,0.10112668,0.55464786,19.019238,0.38124552,-11.579398,-0.7714124,-6.0748544,-2.3326318,-23.15832,-0.6779666,0.018159425,0.9395042,1.2238915,0.34336653,6.5493345,0.5613816,9.513458,1.0428343,21.349884,0.38983694,770.7875,0.27388865,1320.9451,0.10873477,-82.946754,-1.1426814,1800.7023,0.104428045,988.3806,0.21000513,-74.375374,-1.1285299,2779.0806,0.06594449,946.67377,0.291782,-75.280235,-1.1135896,-9.354706,-0.572891,17.639006,0.3884967,0.038831446,0.36796084,-0.022349754,-0.56535655,0.09958204,0.5258499,17.109737,0.47016007,-7.5701575,-0.8790879,0.30352905,43.153862,-30.91494,-0.39469174,-3.9595287,15.601595,0.05336625,-0.009527382,0.115677364,2.970297,2.0833335,0.315,0.195,0.14,0.049999997,-34.84203,9,15,21,SPEAKER_01,1102.2,1292.766667,1218.74346875,1219.7728437500002,1,1.029375,disengaged
45.150963,0.075541295,42.106968,44.121857,49.901325,7.7943573,29.378471,17.68134,10.204867,9.3716755,0.38555044,0.41086456,0.21651125,0.3782182,0.54421175,0.3277005,2.5478098,1.3617435,1.691418,0.3097397,0.10763618,0.7407312,8.051405,0.55878454,2.959832,2.8534813,17.23719,0.44730565,-35.849094,-0.31775856,0.018611476,0.6511416,1.0708017,0.38949355,8.721911,0.32561263,16.243635,0.4380043,8.19077,0.7078821,753.73566,0.23076443,1334.1628,0.1506083,-45.777935,-1.4258678,1886.7904,0.09983306,864.38666,0.6040759,-47.398373,-1.0871388,2762.8096,0.07764503,1001.5053,0.38487902,-41.924862,-1.2719395,-9.449941,-0.39543074,14.516119,0.36481532,0.05058624,0.5887289,-0.017555365,-0.34171784,0.12246696,0.6602194,9.076713,0.4428801,1.3906512,5.8376822,18.387585,0.36459023,-39.013878,-0.23873731,-6.8895345,12.822289,0.044161286,-0.009346951,0.046899267,2.9126215,3.0612247,0.27666664,0.012472192,0.04,0.02,-33.19589,9,15,21,SPEAKER_01,1102.2,1292.766667,1222.1522187500002,1223.19846875,1,1.04625,disengaged
34.399113,0.19620453,24.413527,36.715637,39.31861,14.905085,60.09102,0.0,-169.49637,0.0,0.2812691,0.16670564,0.2296034,0.2799548,0.33525282,0.10564943,2.5590408,0.55854243,-0.15838654,0.7691668,0.06794974,0.37515387,23.248531,0.10800505,4.3565807,2.243427,2.041965,6.648488,-25.872803,-0.48588356,0.0801986,1.2613426,1.8608695,0.4358714,3.36734,0.4830504,4.1584897,1.8229686,18.55854,0.24215825,826.91486,0.11024065,1325.623,0.11951756,-17.83382,-2.601237,1904.4486,0.11268687,989.83563,0.33204803,-25.663273,-1.6935824,2873.2773,0.051450714,995.8078,0.5784018,-25.485613,-1.7158207,-10.963377,-0.46490395,19.708227,0.1793953,0.046476252,0.26019847,-0.0208323,-0.6777798,0.06701624,0.2596363,22.734869,0.118029416,0.76133156,12.030743,-1.0599341,-14.213768,-22.770426,-0.55024946,-14.36775,27.149773,0.035801403,-0.011702806,0.028382216,9.375,8.333334,0.099999994,0.0,0.0,0.0,-37.627018,9,15,21,SPEAKER_01,1102.2,1292.766667,1224.17721875,1224.5147187500002,1,0.3375,disengaged
42.549866,0.053544626,39.917927,44.490246,44.66615,4.7482224,80.411026,0.0,17.250776,8.35509,0.50202,0.8845598,0.175813,0.24993734,1.0779103,0.9020973,2.0310163,0.0,5.3126388,0.0,0.21279702,1.2070692,14.35036,0.34080023,-3.8325717,-5.5264115,-5.844198,-1.9364152,-19.121744,-0.35737744,0.019753093,0.5591563,1.3972685,0.4552717,7.605916,0.31698108,17.608732,0.45961955,26.487219,0.17664923,808.274,0.25531936,1458.3118,0.086666696,-97.88945,-0.94253623,1829.5488,0.046170186,1005.0524,0.15923616,-91.8785,-0.9509118,2890.1313,0.037722528,818.4821,0.29879558,-95.11348,-0.8913449,-11.182355,-0.53222156,18.876654,0.42005137,0.05133353,0.24250066,-0.019136569,-0.4446198,0.15961213,0.84054744,15.491792,0.2944485,-3.896808,-4.8929315,-0.6817212,-14.913007,-22.321745,-0.2390199,-14.349101,23.50374,0.046150368,-0.025037637,0.064271346,3.2258065,7.692308,0.065,0.005,0.099999994,0.0,-28.163736,9,15,21,SPEAKER_01,1102.2,1292.766667,1225.7972187500002,1226.1178437500002,1,0.320625,disengaged
51.96296,0.0329642,50.504967,51.79314,54.05071,3.545742,64.47353,37.948036,21.037266,29.925495,0.935265,0.14977461,0.7945125,0.90834236,1.0155483,0.22103584,5.3485665,3.55348,3.4949336,1.2647319,0.42247784,0.31105268,4.38933,0.9692062,-16.37876,-0.33375713,-1.3212775,-5.312794,-40.488514,-0.32917765,0.02662348,0.53940773,1.3663957,0.20878837,7.739991,0.23794588,10.780659,0.44971728,5.0536613,2.0086772,1013.3609,0.13297921,1051.1788,0.15057558,-12.22633,-0.8659897,2053.6885,0.058714,753.7201,0.2364365,-23.972958,-0.29206017,2941.7485,0.040999696,987.6831,0.4834791,-19.54193,-0.21023306,-6.034076,-0.7264371,14.756748,0.19461757,0.06935207,0.5259541,-0.024250284,-0.4635115,0.4122958,0.27502313,4.2861614,1.013688,-15.733318,-0.34826624,-0.08803193,-73.96876,-40.854755,-0.34565392,0.0,0.0,0.0,0.0,0.0,9.803922,2.2222223,0.44,0.0,0.0,0.0,-24.43512,9,15,21,SPEAKER_01,1102.2,1292.766667,1226.3540937500002,1226.87721875,1,0.523125,disengaged
43.21691,0.09111088,39.8481,41.34451,48.221935,8.3738365,14.880248,8.858281,73.98435,61.100655,0.4942231,0.34029135,0.3364655,0.4926633,0.6489056,0.31244007,3.0978336,2.06933,2.3978643,0.9109241,0.14294265,0.52202547,10.361213,0.5914904,-9.113953,-1.3287132,0.4106356,27.300873,-21.978083,-0.37569427,0.017980935,1.2552406,1.2101036,0.37908188,7.0332174,0.34991762,6.585484,1.4032147,11.260913,0.8760179,802.18463,0.3661255,1224.9734,0.17181906,-106.16905,-0.890121,1860.818,0.11801623,981.2351,0.29206398,-90.55673,-0.9932154,2751.354,0.072451465,1121.6396,0.44098058,-90.61886,-0.9895553,-5.7738986,-0.71787447,14.1589155,0.29937407,0.057566907,0.64570886,-0.013699761,-1.017727,0.17600253,0.4114366,11.001642,0.46619025,-12.617876,-0.9614774,0.10443006,122.47975,-24.534626,-0.33551502,-5.513178,11.545243,0.050191052,-0.017218607,0.103247,4.0935674,2.4242425,0.22999999,0.085146934,0.128,0.122212924,-32.870323,9,15,21,SPEAKER_01,1102.2,1292.766667,1227.41721875,1229.13846875,1,1.72125,disengaged
45.49491,0.07061481,44.781525,45.752872,47.187153,2.4056282,48.75645,27.796045,89.84603,35.253693,0.71979624,0.40371794,0.50217396,0.63341826,0.8828334,0.38065946,5.6337295,3.8525326,1.7149818,1.4335995,0.27354425,0.5910297,12.379101,0.44949555,-15.954751,-0.47754073,-2.4823809,-3.1944351,-32.712574,-0.21150602,0.038878698,0.870309,1.2838732,0.3833665,6.8106527,0.30087426,7.4198203,2.0872552,10.580024,0.869829,861.11066,0.2208082,1298.3522,0.16950777,-73.808044,-1.2231176,1885.8895,0.08518841,948.21313,0.4627564,-66.89445,-1.2075051,2872.2373,0.072740085,1023.2203,0.30357778,-67.69825,-1.1821849,-8.3144455,-0.37133667,13.756488,0.25799543,0.08102828,0.20762567,-0.017281704,-0.39933273,0.30881152,0.593139,9.582516,0.31230232,-16.488602,-0.53504497,-0.43580523,-19.47883,-35.732365,-0.16516359,-8.023586,14.708315,0.059323523,-0.028971814,0.2185314,4.4444447,2.3529413,0.295,0.24499999,0.07,0.021602469,-26.583597,9,15,21,SPEAKER_01,1102.2,1292.766667,1231.53471875,1232.4459687500002,1,0.91125,disengaged
45.686386,0.04952398,44.18725,45.07418,48.469986,4.2827377,56.768284,86.67071,20.409258,6.735097,0.77205724,0.55000335,0.43964335,0.6910506,1.027597,0.58795357,9.084972,3.5464487,1.5981437,1.904691,0.29863885,0.82573044,7.543049,0.7478613,-15.488042,-0.7246254,1.8833678,5.500882,-33.23756,-0.23546652,0.017978523,0.8638006,1.2444946,0.29532152,6.438665,0.4871025,10.059287,0.88928455,9.285698,0.92418194,904.39246,0.22504951,1330.0048,0.20206742,-76.33103,-1.1909921,1881.9933,0.08535264,952.71826,0.3091203,-69.55442,-1.2310218,2830.5686,0.06413823,909.42566,0.1920976,-68.25507,-1.2607701,-5.972468,-0.774889,11.449094,0.4999124,0.069854036,0.32113597,-0.012653265,-0.761954,0.3233642,0.72267014,6.3628664,0.920998,-18.45334,-0.5689071,-0.15026796,-70.714584,-34.649006,-0.18655163,-5.486359,9.904941,0.059072953,-0.021330854,0.26097628,2.3696682,1.9417477,0.345,0.29090375,0.118,0.09495262,-25.54016,9,15,21,SPEAKER_01,1102.2,1292.766667,1234.5215937500002,1236.6478437500002,1,2.12625,disengaged
49.270752,0.01656658,48.576157,49.409435,49.948784,1.3726273,16.497347,7.2463856,7.7501917,4.659776,1.5275482,0.632811,0.69584084,1.3197007,2.5061407,1.8102999,4.536643,3.7582617,6.1142783,2.9669297,0.86413705,0.83739763,0.018163742,368.4949,-20.148882,-0.6893349,-6.2943354,-2.4205654,-30.685774,-0.49514553,0.019233009,0.77037066,1.1258367,0.2918776,5.990256,0.4606816,7.8537097,0.7455154,2.743684,11.947046,973.55414,0.17112647,1047.8761,0.17270498,-47.16419,-1.7122245,1970.5155,0.1028809,919.35596,0.34863842,-48.541443,-1.4818872,2894.5894,0.059533503,933.77716,0.2867128,-46.586105,-1.5548669,-1.4010369,-4.6517444,11.484822,0.77061665,0.08014807,0.3063173,0.0029207447,5.794394,0.8138777,0.7327457,0.8081293,9.02105,-20.86415,-0.53532594,-7.098319,-2.3280287,-35.64959,-0.3206933,2.8417764,6.9112844,0.077816464,0.019266581,1.045755,2.34375,2.4590163,0.32,0.25922963,0.06666666,0.026246693,-16.96782,9,15,21,SPEAKER_01,1102.2,1292.766667,1237.5928437500002,1238.8922187500002,1,1.299375,disengaged
42.34445,0.009832047,41.954533,42.32217,42.740227,0.7856941,24.474184,0.0,-30.47142,0.0,0.22318023,0.23502134,0.17232847,0.24018699,0.27022746,0.09789899,0.94305396,0.68023556,0.648516,0.0,0.07886049,0.44956714,26.908352,0.06475166,9.18694,0.38812914,-19.2574,-0.39215732,-27.24771,-0.28343707,0.013178548,0.14444558,1.3981477,0.3900891,8.375437,0.2610594,22.230665,0.30854288,36.87599,0.10386099,693.7256,0.23158935,1483.2268,0.0650943,-124.12849,-0.6211514,1711.5437,0.09843084,1507.671,0.1253074,-90.11446,-0.85135055,2819.7056,0.07440536,1115.0344,0.099694364,-97.91436,-0.72605884,-19.461126,-0.09281328,34.24413,0.08078178,0.02153743,0.74308604,-0.016528692,-0.14573152,0.05462643,0.45162192,26.829227,0.090831265,13.031874,0.13430089,-10.503725,-0.46707052,-19.429733,-0.37935895,-15.128257,32.136093,0.04506948,-0.01909142,0.09949379,4.166667,7.142857,0.08,0.0,0.04,0.0,-38.374706,9,15,21,SPEAKER_01,1102.2,1292.766667,1240.64721875,1240.90034375,1,0.253125,disengaged
39.851074,0.027938789,39.214535,39.62111,40.109016,0.89448166,83.79841,51.96686,10.461911,0.0,0.17273666,0.1970343,0.13982143,0.18284176,0.20221087,0.06238945,0.66208744,0.2510431,0.3735733,0.26281178,0.038590424,0.33693394,24.674166,0.12135463,8.265223,1.2872955,-4.5736976,-1.3169155,-14.583975,-0.3878472,0.025511825,0.72212565,1.1376504,0.321126,8.065328,0.2758345,16.599318,0.61790293,30.140244,0.21247256,632.6984,0.21905923,1408.238,0.07068041,-104.387886,-0.8441532,1729.3942,0.13697839,1288.8306,0.36763033,-95.707695,-0.8154622,2758.0083,0.09247426,1129.0946,0.21136516,-99.15601,-0.75846195,-18.637337,-0.25997472,28.568792,0.1925587,0.03165982,0.33991772,-0.019885432,-0.49519932,0.037695758,0.3235056,24.486225,0.14544788,13.563429,0.60263973,-1.8623931,-2.2603004,-13.827181,-0.3900158,-13.296497,20.081972,0.022317395,-0.019057741,0.03597501,6.896552,5.882353,0.09333333,0.089938246,0.089999996,0.03,-43.836075,9,15,21,SPEAKER_01,1102.2,1292.766667,1246.94159375,1247.53221875,1,0.590625,disengaged
41.08141,0.0010457475,41.049835,41.073692,41.1099,0.060066223,0.0,0.0,-0.021270752,0.0,0.3659555,0.14653629,0.33606595,0.34699288,0.41090548,0.07483953,0.83366436,0.0,0.19346929,1.436371,0.09036288,0.26705995,12.347669,0.31746462,-11.563788,-0.3660236,4.72311,0.66944546,-37.4949,-0.1420124,0.030595168,0.10232955,1.1831498,0.06366774,7.6279273,0.26544577,19.02106,0.12543458,25.73269,0.08833838,799.7115,0.12593395,1241.3192,0.095238835,-118.69705,-0.75684357,1940.5796,0.01795386,625.6749,0.026591254,-124.67676,-0.6724216,2947.5908,0.0023866699,759.4665,0.12921052,-122.81859,-0.6999662,-7.7175055,-0.42248756,13.809411,0.32593402,0.03487028,0.08568469,-0.034769837,-0.07659319,0.08733614,0.089096494,14.304373,0.13552712,-9.052433,-0.04837809,7.282216,0.55301,-37.576195,-0.063104436,-2.3154054,4.9331875,0.054719955,-0.027110491,0.10275954,6.666667,10.000001,0.03,0.0,0.049999997,0.0,-37.01602,9,15,21,SPEAKER_01,1102.2,1292.766667,1250.90721875,1251.07596875,1,0.16875,disengaged
0.0,0.0,0.0,0.0,0.0,0.0,0.0,0.0,0.0,0.0,0.39222515,0.19456142,0.3298691,0.39062127,0.46501568,0.13514659,0.032986943,0.0,0.0,0.0,0.18890591,0.41639993,18.875795,0.20217876,1.4162078,0.76152366,-1.2488921,-3.042678,-47.43173,-0.12840533,0.0,0.0,0.0,0.0,0.0,0.0,0.0,0.0,0.0,0.0,0.0,0.0,0.0,0.0,-201.0,0.0,0.0,0.0,0.0,0.0,-201.0,0.0,0.0,0.0,0.0,0.0,-201.0,0.0,0.0,0.0,0.0,0.0,0.0,0.0,0.0,0.0,0.0,0.0,0.0,0.0,0.0,0.0,0.0,0.0,0.0,0.0,-20.48179,31.526663,0.08729109,-0.031260245,0.0,0.0,0.0,0.0,0.0,0.0,0.0,-32.267967,9,15,21,SPEAKER_01,1102.2,1292.766667,1252.13909375,1252.2234687500002,1,0.084375,disengaged
43.21711,0.037007306,42.93097,43.20157,44.462585,1.5316162,177.39821,0.0,7.430949,10.599376,0.5902442,0.20833705,0.50151306,0.5860073,0.6884349,0.18692183,3.3470066,1.85456,1.6958534,1.3379277,0.16236718,0.3443131,15.459198,0.34882882,-21.547773,-0.3106843,-17.15786,-0.7223748,-24.821484,-0.44024563,0.0109163495,1.2178199,0.94183743,0.43811405,9.131298,0.35306185,0.60361,15.094589,20.17747,0.34964046,902.2391,0.13847502,1186.6475,0.15767038,-14.760918,-3.9706547,1837.2896,0.08363301,1126.4348,0.33806977,-22.140759,-2.383604,2883.5024,0.05464383,786.8341,0.45826846,-29.747953,-1.6911197,-0.45742518,-10.314638,16.729458,0.38939384,0.03851212,0.32060355,0.00031736508,51.20667,0.16360834,0.3402252,15.392043,0.3751327,-23.25051,-0.23002826,-20.274244,-0.49080038,-23.837725,-0.47569725,-7.4587464,10.808311,0.05800919,-0.03995029,0.19779216,4.9504952,1.0416667,0.87,0.0,0.07,0.0,-30.40515,9,15,21,SPEAKER_01,1102.2,1292.766667,1254.0965937500002,1255.12596875,1,1.029375,disengaged
49.78464,0.0703922,46.896454,50.03531,51.465454,4.5690002,38.818558,30.420359,52.95583,48.906246,1.3885244,0.56008846,0.8335774,1.2477167,2.0915177,1.2579403,6.443886,4.146487,7.0955386,2.6424005,0.72681457,0.7612948,6.724178,0.93767965,-21.121367,-0.36158782,-13.56009,-1.2555964,-33.44004,-0.39656428,0.030189231,0.9357984,1.3879105,0.3474505,6.2543507,0.55983704,15.061042,0.47365463,8.960081,4.024494,834.39435,0.23709686,1305.1737,0.19768757,-97.647575,-0.9754971,1823.6089,0.10133741,1089.4888,0.3517163,-84.62078,-1.0639825,2839.9937,0.07227606,830.57465,0.22426815,-88.417274,-0.9823847,-3.5409029,-1.7167004,17.905462,0.42355227,0.0839431,0.2557276,-0.013023718,-1.668347,0.7884358,0.6982834,8.576241,0.46594614,-23.545336,-0.21904795,-22.466486,-0.72487456,-33.385365,-0.38129187,-1.9323496,7.0003715,0.08924967,-0.013862907,0.79798454,2.2727275,2.3622048,0.25333333,0.059066813,0.14999999,0.05715476,-18.407946,9,15,21,SPEAKER_01,1102.2,1292.766667,1263.14159375,1264.4747187500002,1,1.333125,disengaged
37.253864,0.065686524,34.62882,37.260437,39.076366,4.447548,0.7041269,0.0,0.0,0.0,2.942322,0.20623916,2.2608356,3.0607786,3.5286944,1.2678587,22.995125,0.0,-12.47671,0.0,2.362003,0.32684383,4.691822,0.583071,-27.91593,-0.09465922,-25.558851,-0.0823148,-30.507164,-0.14155085,0.04165645,0.30629376,1.125617,0.41508687,2.558341,0.55682003,-1.6136485,-6.346816,-4.0762978,-1.0120758,689.541,0.2482237,1198.5807,0.08407732,-69.62808,-1.7471682,1696.2375,0.06646131,1067.8829,0.08821419,-58.817917,-1.6812348,2782.1792,0.039825156,700.71466,0.21831375,-59.393616,-1.6629765,-0.4218189,-10.737723,20.545723,0.07812502,0.056077857,0.28734076,-0.00042800873,-10.91529,2.903177,0.18602763,3.440169,0.9711974,-26.474802,-0.10174678,-26.166954,-0.09280582,-29.407232,-0.16478553,-1.1205649,14.920228,0.05010613,-0.0011463965,2.4709756,4.5454545,5.882353,0.099999994,0.0,0.049999997,0.0,-9.366181,9,15,21,SPEAKER_01,1102.2,1292.766667,1265.26784375,1265.50409375,1,0.23625,disengaged
42.781086,0.053524286,41.49917,42.89904,44.5601,3.0609322,17.661686,3.1295023,-2.2806358,14.990075,0.4942372,0.55571914,0.27970275,0.40619844,0.67033035,0.3906276,4.6743073,2.9421945,2.2315211,1.3235213,0.18858612,0.78264624,15.817879,0.46043065,-4.8671045,-2.5760505,-12.335718,-1.1028239,-31.818316,-0.3625393,0.017433768,0.67822033,1.3008829,0.31203175,6.7305336,0.3631196,5.312131,1.1090151,27.965248,0.29706356,775.0333,0.27876782,1322.7509,0.17888206,-109.05631,-0.8875508,1826.0388,0.1666653,1223.9342,0.26261434,-98.88329,-0.88433605,2820.0103,0.08401289,985.00165,0.30581045,-102.420425,-0.8231754,-9.341782,-0.48527515,23.607626,0.25797486,0.04537046,0.5429315,-0.014760853,-0.90303546,0.2336563,0.688193,18.094355,0.36855972,-4.4592185,-3.2800062,-18.193163,-0.62934154,-35.046482,-0.33652723,-5.4408517,14.906598,0.049431697,-0.004368958,0.14074475,3.2467532,2.6845636,0.19749999,0.05494315,0.155,0.10452272,-29.450912,9,15,21,SPEAKER_01,1102.2,1292.766667,1267.5797187500002,1269.1322187500002,1,1.5525,disengaged
46.8036,0.06026227,45.722916,47.144672,48.85367,3.1307526,107.02416,150.85693,12.6462555,6.1535587,0.57113653,0.54231966,0.3084673,0.43439317,0.8280211,0.5195538,3.510136,1.9344828,2.6271305,0.740246,0.23347868,0.78672343,13.36652,0.3002947,-11.200002,-1.1771224,-15.959686,-0.6249654,-25.84639,-0.42720595,0.02361266,0.6666852,1.5198922,0.3812659,6.6589737,0.39131323,5.298616,1.6140308,17.49809,0.6610994,875.1402,0.2093108,1363.7728,0.28335282,-63.04373,-1.3369735,1827.647,0.12574328,1263.5076,0.23980126,-58.959057,-1.2512193,2809.8726,0.054223824,882.1503,0.4253977,-62.16537,-1.1499875,-7.680949,-0.69906366,18.907816,0.3292848,0.07872506,0.25996104,-0.0018942814,-7.8103013,0.27432963,0.71603984,12.961912,0.2796876,-13.837562,-0.9736868,-17.512196,-0.58824325,-28.887472,-0.36723793,-8.413849,19.989536,0.053842735,-0.0061274027,0.13241908,2.2727275,3.1496062,0.2325,0.22151466,0.07666666,0.026246693,-27.378637,9,15,21,SPEAKER_01,1102.2,1292.766667,1269.87471875,1271.2078437500002,1,1.333125,disengaged
44.647385,0.02697264,43.3968,44.541344,45.94103,2.5442276,0.21478057,0.0,0.0,0.0,0.32056156,0.22904402,0.2607956,0.3207093,0.40209985,0.14130425,0.28686327,0.9329138,1.336278,0.0,0.124025844,0.5127802,20.925774,0.09007069,-0.34825304,-16.218649,-16.06272,-0.33626407,-24.335485,-0.28464305,0.016434213,0.60331565,1.2335567,0.7197783,10.838618,0.17569393,4.5433445,0.9469607,21.686756,0.19213966,1036.1302,0.043169957,1175.7186,0.116958804,-87.86291,-0.9770863,2004.0042,0.08380657,1536.9078,0.25918728,-94.92157,-0.84703386,3069.0608,0.035230216,824.5113,0.23728044,-99.4409,-0.77648807,-13.634363,-0.15648128,27.863482,0.061380707,0.05082131,0.27398077,0.0026937763,1.8722672,0.09133023,0.49028176,21.771795,0.07003429,2.5863554,2.1536763,-11.853693,-0.28514087,-19.564034,-0.15365066,-13.190661,27.278198,0.08308704,-0.013651813,0.1933529,3.2258065,3.846154,0.14999999,0.0,0.089999996,0.0,-35.16467,9,15,21,SPEAKER_01,1102.2,1292.766667,1274.80221875,1275.12284375,1,0.320625,disengaged
49.858166,0.031776045,48.635273,49.632477,50.870586,2.2353134,12.50642,4.891951,54.17588,65.73524,0.6337303,0.44114593,0.3870452,0.64515597,0.859491,0.4724458,2.883897,1.4952443,3.188312,0.9874505,0.31374937,0.57084274,14.084981,0.46814764,-10.752304,-1.1171682,-18.749949,-0.56159526,-34.84537,-0.4181216,0.017549308,0.9954706,1.3031884,0.4765949,9.957632,0.33382556,11.956138,0.8740237,18.420187,0.4915579,925.8283,0.15007535,1130.3,0.18818411,-61.525227,-1.3869548,1944.6628,0.11147625,990.9872,0.19561438,-67.64724,-1.1040472,2938.4636,0.055269275,852.0196,0.40328175,-69.64088,-1.0510626,-6.6262374,-1.0763069,22.496145,0.22809999,0.080979094,0.2699234,-0.0071058916,-2.0937605,0.34754834,0.48249346,13.128039,0.35451904,-14.464556,-0.76755345,-19.025614,-0.5158154,-35.052402,-0.3307843,-5.919503,23.252657,0.08222828,-0.0017520139,0.25933203,2.0725389,1.5957447,0.45999998,0.32690468,0.107499994,0.0901041,-25.619753,9,15,21,SPEAKER_01,1102.2,1292.766667,1275.37596875,1277.31659375,1,1.940625,disengaged
46.91014,0.008780297,46.58757,46.93592,47.18063,0.59305954,23.311996,0.0,17.52081,0.0,0.4381053,0.1040484,0.38794637,0.44938463,0.47600535,0.08805898,1.2213178,0.31850684,1.7801762,0.0,0.1777952,0.53052276,19.873909,0.056850962,-6.327594,-0.4105896,-19.718134,-0.35160446,-22.475492,-0.2195927,0.010858746,0.5003195,1.1260694,0.33563557,12.634552,0.061417308,9.704201,0.46378842,23.523605,0.11469386,916.12036,0.06798726,1225.0262,0.062673055,-10.210243,-0.37114835,1775.8867,0.05418128,1098.1053,0.17816688,-18.484478,-0.28492197,2781.5334,0.031332072,828.2824,0.06621445,-33.94744,-0.052151788,-13.946238,-0.14087473,27.854387,0.04209207,0.08516958,0.069945425,0.0016348589,1.4170104,0.14300762,0.2808444,20.29564,0.051989168,-8.070022,-0.17136446,-15.654234,-0.39145952,-18.553968,-0.09456376,0.0,0.0,0.0,0.0,0.0,7.142857,12.5,0.07,0.0,0.0,0.0,-29.660194,9,15,21,SPEAKER_01,1102.2,1292.766667,1278.32909375,1278.48096875,1,0.151875,disengaged
50.571613,0.08127665,47.252575,49.987347,56.58299,9.330414,453.91046,418.80988,5.2101474,5.6982512,1.0433067,0.3931431,0.70379555,1.063422,1.319373,0.61557746,5.7513204,0.8904371,-1.321964,4.051556,0.52970624,0.5198269,3.2565424,0.93842894,-8.630351,-1.2244805,2.3158977,3.6339068,-47.80035,-0.08491173,0.03768719,0.5859083,1.4876556,0.25904092,6.9773006,0.28554446,8.347068,0.7522619,-3.6813335,-2.240345,1028.8186,0.16602467,1253.1558,0.14782852,-66.56942,-1.1035043,2051.2979,0.084509894,699.48224,0.49850503,-61.95134,-0.9490792,2972.2341,0.051592972,945.26276,0.1814404,-51.917934,-1.2174476,-9.507295,-0.24337386,14.898832,0.20740344,0.09121196,0.24265075,-0.022203078,-0.39787135,0.5466016,0.56784594,4.390634,0.6518385,-5.838541,-1.9388181,4.152769,2.2290165,-47.681343,-0.09224635,-5.7963433,11.232081,0.08776731,-0.040029686,0.6601277,3.448276,4.0,0.195,0.095,0.06,0.0,-21.17519,9,15,21,SPEAKER_01,1102.2,1292.766667,1283.08784375,1283.67846875,1,0.590625,disengaged
50.83479,0.019486178,50.465935,51.1048,51.668175,1.20224,14.062309,0.0,-13.315811,0.0,1.3803163,0.11280461,1.2330623,1.3859012,1.5344495,0.3013872,4.281112,0.78138727,3.9639058,1.6330775,0.59613544,0.27172408,-0.26373267,-17.065367,-18.859554,-0.3261291,-3.4371278,-1.8772676,-45.423634,-0.16320466,0.016372476,0.53275687,1.6308273,0.33533105,3.3925264,0.72156036,8.517979,0.6593514,2.2749891,3.308543,1005.25354,0.14422825,1233.9381,0.1882207,-44.563637,-1.4896226,1995.6953,0.07667515,1047.0261,0.5063792,-47.419277,-1.2982585,2846.5186,0.07354884,1068.671,0.3158227,-42.58381,-1.4863092,-2.4017174,-1.9026804,8.185637,0.449224,0.07180857,0.20066382,-0.033654183,-0.392706,0.5743614,0.25690746,0.45458028,10.332307,-19.583448,-0.33511066,-1.3063802,-4.130545,-44.08648,-0.1869586,-2.5887773,10.215725,0.06439192,-0.020137738,0.7010868,10.869566,4.878049,0.16,0.089999996,0.04,0.0,-22.34988,9,15,21,SPEAKER_01,1102.2,1292.766667,1286.05784375,1286.5303437500002,1,0.4725,disengaged
42.302685,0.07844283,39.177822,42.316906,46.295696,7.117874,35.931507,15.153299,76.572716,83.30942,1.0557097,0.4203193,0.54633856,1.1580935,1.5010993,0.9547608,8.608301,1.0520928,0.8094392,3.715774,0.47441208,0.5496261,9.03791,0.34107894,-31.299505,-0.3373944,-25.735987,-0.22737084,-24.534096,-0.3663354,0.025361288,0.59586227,1.6073997,0.346235,1.3097566,2.78949,-2.2735946,-2.909973,16.01587,0.31518483,954.6207,0.17444712,1346.7129,0.15423954,13.683557,1.3230879,1876.6185,0.105273716,1208.4923,0.14742278,4.460806,3.8074307,2831.5671,0.037167817,1131.5835,0.42520815,-2.064233,-7.723639,0.47981182,9.186747,16.91273,0.16265675,0.06603326,0.2941106,0.0056292373,2.5243294,0.5238974,0.4683104,8.8431425,0.32744405,-31.73703,-0.3453353,-26.568605,-0.19780786,-24.574215,-0.38646007,0.47190496,12.823448,0.0757995,0.010364238,0.40470222,3.448276,1.923077,0.51,0.0,0.0,0.0,-23.010546,9,15,21,SPEAKER_01,1102.2,1292.766667,1290.3778437500002,1290.96846875,1,0.590625,disengaged
44.311646,0.0919534,39.32127,45.335934,48.441822,9.120552,40.13858,4.210062,5.4797664,7.4574456,0.62999326,0.43606517,0.3616435,0.6146903,0.8784618,0.5168183,5.563274,2.6414337,3.956588,2.4008114,0.28615665,0.8766387,12.384448,0.65658456,-1.7128909,-5.8366823,-1.7899672,-5.747697,-37.79895,-0.2811878,0.021456352,0.7777818,1.3797209,0.39477667,8.191554,0.48434085,12.576328,0.46577075,15.950624,1.0208982,870.55457,0.25752398,1325.779,0.16516505,-61.055836,-1.2427014,1940.7596,0.14032996,1071.0807,0.3788929,-59.80226,-1.1266214,2854.434,0.07682338,1102.6653,0.36585036,-58.34572,-1.1712346,-12.666389,-0.5058084,20.361502,0.5103441,0.08128147,0.3786249,-0.021665372,-0.420639,0.3254241,0.82891077,13.746509,0.63041896,-2.8508303,-3.6860578,-4.1412992,-2.4565237,-38.416107,-0.22370031,-7.761084,13.035586,0.073439874,-0.018670728,0.17376612,4.166667,1.7391305,0.45,0.08,0.095,0.044999998,-24.438215,9,15,21,SPEAKER_01,1102.2,1292.766667,1291.12034375,1292.3353437500002,1,1.215,disengaged
44.588726,0.114641495,39.81985,43.29528,47.71707,7.8972206,551.9741,533.575,-12.385857,28.241293,0.759332,0.25135866,0.60140026,0.7309405,0.8691432,0.26774293,3.924151,1.5843686,5.156562,3.43688,0.27068278,0.43133584,10.969912,0.4580609,-23.546846,-0.2988569,-15.236908,-0.76295304,-32.083187,-0.2410767,0.033177722,1.3275893,1.2606943,0.35348177,6.7473726,0.594712,1.6721596,5.739425,16.38599,0.68279403,867.62054,0.2497409,1246.5535,0.13455084,-8.682385,-5.892272,1819.2975,0.105507575,1003.83325,0.23541752,-15.15834,-2.873188,2824.7422,0.07543656,859.7704,0.23233742,-21.20448,-1.9726353,-6.478528,-0.61027807,16.173027,0.40585595,0.061090615,0.3869507,-0.01643016,-0.9107189,0.2726605,0.3963442,11.716621,0.4122039,-23.266949,-0.32009435,-16.148922,-0.74134725,-31.82529,-0.24945176,-5.6613398,10.254712,0.055242784,-0.028083509,0.4375972,6.5934067,2.3529413,0.39,0.11,0.04,0.0,-27.454468,9,15,22,SPEAKER_00,1292.8,1295.966667,1293.95534375,1294.8834687500002,1,0.928125,engaged
36.96946,0.12900887,34.2837,38.353584,40.10456,5.820862,487.69165,0.0,34.0994,27.599518,1.011055,0.4498922,0.5911999,0.8851385,1.5584946,0.9672947,3.721658,1.6551008,5.376764,0.0,0.5095037,0.54722357,27.28219,0.19391637,-10.727443,-0.89036703,-16.062975,-0.4536245,-9.099897,-1.1369634,0.0680988,1.5450267,0.96360713,0.4513595,4.198226,1.1664742,4.0523257,1.0819868,23.140585,0.2376353,860.8138,0.2363964,1233.8772,0.18656728,-60.136818,-1.4615805,1781.4717,0.11067081,1107.904,0.16480443,-60.482067,-1.2984668,2917.6782,0.07124558,1038.0964,0.47437084,-70.34076,-1.0420898,-3.4868062,-1.379875,20.397322,0.34589556,0.074177116,0.27112103,-0.004945133,-1.6901654,0.6037998,0.45312124,26.71034,0.21966983,-15.87172,-0.48312643,-19.584553,-0.22377641,-4.7485456,-2.0615644,-13.318931,30.967436,0.062369026,-0.018926708,0.41603157,1.9607843,4.3478265,0.16,0.13,0.049999997,0.0,-20.889309,9,15,22,SPEAKER_00,1292.8,1295.966667,1295.4234687500002,1295.94659375,1,0.523125,engaged
36.245274,0.03203756,35.87768,36.41151,37.234257,1.356575,28.451168,33.237583,19.26989,10.135522,0.6714409,0.47001222,0.43159086,0.58405143,0.85937,0.42777914,6.2312603,2.642785,3.606824,0.35391054,0.36063045,0.72773916,16.13445,0.6501654,10.70893,1.4817845,-9.323771,-1.2857755,-12.6989355,-0.76364535,0.018526105,0.74944043,1.3025458,0.4323225,5.85589,0.36057293,7.898957,1.6281838,27.857203,0.42494163,776.8323,0.21532086,1339.3278,0.1584987,-95.38674,-0.99359494,1903.78,0.08977971,1102.8988,0.3115078,-99.48643,-0.8589753,2923.2793,0.06422933,1051.4817,0.42909995,-102.42719,-0.8067492,-12.936634,-0.96691465,24.572035,0.30141023,0.077765085,0.27508143,-0.022665607,-0.8009804,0.49408758,0.56959,20.94243,0.45341337,10.847585,1.8093936,-12.164862,-1.0333151,-12.006487,-0.9307038,-9.173036,18.59272,0.05300768,-0.011716498,0.2255004,3.3333335,2.6086957,0.20666665,0.07408704,0.114999995,0.065,-23.343283,9,15,23,SPEAKER_00,1296.0,1298.066667,1296.16596875,1297.3809687500002,1,1.215,disengaged
38.37652,0.027863465,37.49456,38.87947,39.326,1.83144,15.279916,0.0,-0.15766145,0.0,1.2152736,0.6149861,0.6427508,0.9645776,2.0566819,1.4139311,5.545085,3.278846,14.176783,0.0,0.7439745,0.6630866,24.59991,0.61751735,14.158967,0.7683995,-2.36916,-3.9012082,-14.810621,-0.48370647,0.017312769,0.71097887,0.8740598,0.892458,11.750555,0.31317225,6.3189173,1.2140411,30.48804,0.12919694,856.7732,0.1678598,1258.3866,0.12518585,-81.97745,-0.9963064,1912.6702,0.078879885,1166.5112,0.26313877,-89.59859,-0.81682146,3013.1992,0.044442832,856.1626,0.10363992,-94.69986,-0.733057,-23.13755,-0.23900798,37.36817,0.16493888,0.05048009,0.38325033,-0.030683244,-0.11873665,0.98267645,0.40293583,34.95773,0.032881018,9.384206,1.0143579,-2.8715644,-2.976502,-17.719015,-0.13165914,-12.28297,18.128105,0.03345207,-0.0149828205,0.4234913,1.923077,2.1276596,0.31,0.0,0.065,0.044999998,-9.721507,9,15,24,SPEAKER_00,1298.1,1299.166667,1298.6297187500002,1299.166667,1,0.5369375,engaged
35.86814,0.023589144,35.26211,35.600986,36.354446,1.0923347,82.3668,78.13373,11.348435,3.9546309,0.78555965,0.43004805,0.49059454,0.66916466,1.1047573,0.6141628,6.5719914,4.294602,4.123876,1.6390723,0.41451937,0.6971962,23.034885,0.5388025,10.432356,1.2563682,-10.58032,-1.0501478,-18.457706,-0.5850272,0.018841906,0.9202465,1.2384715,0.47572845,6.784273,0.5068087,5.7800784,1.5153401,30.679924,0.21696246,776.9495,0.23681563,1366.0156,0.11298017,-63.12622,-1.2571785,1812.9008,0.14046487,1124.7843,0.35135654,-67.37932,-1.0708094,2957.2556,0.08242201,833.03174,0.2831199,-71.93171,-0.9662641,-14.6342535,-0.4760867,25.960339,0.34647843,0.07618954,0.19419764,-0.02223469,-0.41531178,0.50126296,0.61657786,23.743439,0.52452296,12.955199,0.9718665,-11.297335,-1.0945988,-20.692507,-0.5311729,-10.657687,20.486593,0.055190437,-0.011501097,0.21160102,4.6153846,4.0,0.176,0.09372299,0.054,0.039799497,-20.730568,9,15,25,SPEAKER_00,1299.2,1301.233333,1299.2,1300.51971875,1,1.3196875,disengaged
0.0,0.0,0.0,0.0,0.0,0.0,0.0,0.0,0.0,0.0,0.755287,0.3426934,0.47598135,0.746683,1.0526149,0.5766336,6.788154,0.0,-0.23676953,0.0,0.77082974,0.73204756,22.639877,0.4850739,10.69368,1.525635,3.2799268,3.2958052,-24.521626,-0.23871464,0.0,0.0,0.0,0.0,0.0,0.0,0.0,0.0,0.0,0.0,0.0,0.0,0.0,0.0,-201.0,0.0,0.0,0.0,0.0,0.0,-201.0,0.0,0.0,0.0,0.0,0.0,-201.0,0.0,0.0,0.0,0.0,0.0,0.0,0.0,0.0,0.0,0.0,0.0,0.0,0.0,0.0,0.0,0.0,0.0,0.0,0.0,-11.06412,21.551577,0.055889655,-0.013044647,0.4239671,7.142857,0.0,0.0,0.0,0.07,0.0,-15.641188,9,15,25,SPEAKER_00,1299.2,1301.233333,1301.07659375,1301.233333,1,0.15675,disengaged
37.150024,0.03322368,35.950886,37.041965,38.694283,2.7433968,27.096872,12.044543,15.555733,6.3002143,1.0923793,0.4818132,0.62331814,1.0449393,1.6409111,1.0175929,9.120561,5.353078,11.034938,8.17868,0.73861223,0.60399467,24.960737,0.3669131,5.405927,2.4640143,-8.203637,-1.9337888,-21.058716,-0.5035409,0.019029872,1.0647477,1.3391181,0.4213788,8.022177,0.4169079,5.5211973,1.4339515,27.660332,0.30095854,874.3219,0.13738474,1281.6848,0.14769031,-46.400837,-1.5601016,1966.6705,0.08894678,1183.6412,0.35576248,-56.7449,-1.1464297,3028.2737,0.048204012,891.8969,0.27624032,-61.410957,-1.0067741,-14.515444,-0.65542287,29.597858,0.3024861,0.06979039,0.2034427,-0.025152355,-0.44939664,0.8682937,0.46618596,28.11715,0.21103312,4.888896,2.972437,-11.320196,-1.3924499,-22.52311,-0.44830978,-12.420077,23.998568,0.08248397,0.014818289,0.46576416,5.555556,1.9417477,0.415,0.325,0.08,0.03,-14.136277,9,15,26,SPEAKER_00,1301.266667,1303.633333,1301.266667,1302.35909375,1,1.0924375,engaged
35.480537,0.025532175,34.706764,35.18966,36.233135,1.526371,33.40685,33.142216,14.024377,6.8127666,0.82389235,0.4720066,0.45699027,0.7620166,1.169547,0.7125567,4.777667,3.6690545,7.353555,2.872565,0.45336294,0.6418382,21.054136,0.64243203,10.363513,1.4821792,-11.67635,-1.238453,-15.621648,-0.6393724,0.022231165,1.3339089,1.3639928,0.8057642,7.481861,0.42487615,5.858366,1.6956848,31.09756,0.22696005,762.7604,0.25038987,1482.1451,0.23240964,-81.52966,-1.1189417,1835.4917,0.14431293,1173.4723,0.26377878,-85.46162,-0.98427343,2875.6738,0.09379789,1080.0195,0.35668707,-90.98158,-0.8687547,-14.855008,-0.5502098,27.17502,0.28375044,0.079832,0.16438527,-0.021440096,-0.6128312,0.6025573,0.4152571,26.741528,0.3309405,7.0457964,2.5013938,-12.492031,-1.3369297,-18.659374,-0.5265976,-11.545128,17.33256,0.059038233,-0.010940715,0.2759384,3.529412,3.7974684,0.15666667,0.11323524,0.086666666,0.00942809,-20.88264,9,15,26,SPEAKER_00,1301.266667,1303.633333,1302.76409375,1303.633333,1,0.86925,engaged
40.523415,0.16267979,35.462364,38.19017,49.507393,14.045029,156.73691,133.67216,57.56267,47.894093,1.2067844,0.47679177,0.7056581,1.0863719,1.7188008,1.0131427,9.355921,5.2194715,6.884638,2.7379792,0.7142301,0.5811144,19.355865,0.6403993,-5.0302186,-3.7021847,-5.897691,-2.1912925,-20.579865,-0.5027633,0.032623153,1.6707399,1.3740506,0.49182644,6.011849,0.6770767,6.1645546,1.5215836,21.077799,0.5674193,826.7354,0.2082285,1306.0195,0.19210161,-64.70793,-1.2626746,1870.7524,0.114202864,1043.7826,0.33853987,-67.80091,-1.1083328,2896.6877,0.084784895,959.4252,0.3328918,-71.40338,-1.0238614,-11.653164,-0.89277965,21.273582,0.5416405,0.07142499,0.30434668,-0.020789696,-0.8423425,0.796057,0.5406628,19.602783,0.6638003,-4.9579144,-3.9708273,-5.7117367,-2.3567557,-20.890003,-0.47481656,-9.560703,17.66654,0.0660184,-0.02097781,0.50976455,3.4050179,3.6166368,0.1925,0.15273751,0.07,0.04702245,-16.38389,9,15,27,SPEAKER_00,1303.666667,1313.6,1303.666667,1309.26096875,1,5.5943125,disengaged
38.16229,0.07865159,35.404568,39.417812,40.691856,5.2872887,16.179659,0.0,-29.421616,0.0,0.4610173,0.42384875,0.23803605,0.46975455,0.66428787,0.42625183,0.5383682,0.7278879,3.1120753,0.0,0.14756393,0.7281686,25.222887,0.22615089,3.9822998,0.97803605,-23.530712,-0.49821573,-36.257694,-0.34994063,0.013478361,0.90947837,0.74539244,0.5806737,8.736685,0.4607953,0.055419873,155.48853,33.82912,0.124944456,737.93494,0.2883191,1452.7208,0.18104656,-63.646534,-1.434557,1813.87,0.19071338,1412.4988,0.30517673,-61.048046,-1.2580491,2933.7617,0.08562128,1133.9376,0.22904259,-71.6031,-0.98510337,-8.543085,-0.5005073,31.649603,0.08131652,0.049250584,0.33761546,-0.029042598,-0.39534903,0.17933351,0.6019554,26.824774,0.12701578,2.9124277,1.1633224,-29.162626,-0.27040344,-41.678852,-0.18591963,-9.13966,21.540297,0.046852566,-0.020040061,0.08690599,1.4084507,1.5151516,0.48999998,0.0,0.07,0.04,-29.507868,9,15,27,SPEAKER_01,1303.666667,1313.6,1309.56471875,1310.29034375,1,0.725625,disengaged
49.00376,0.035879612,47.75714,49.61676,50.35101,2.5938683,20.398367,10.91891,11.811026,4.4024663,0.71247077,0.4928823,0.43940747,0.6152487,1.0704058,0.6309984,4.839825,3.2525938,4.311346,2.7554314,0.29267812,0.7536646,7.4650655,0.6319665,-13.249773,-0.931501,-5.0197406,-2.1798055,-26.515617,-0.48474547,0.019288378,1.1677752,1.146256,0.41249803,9.314727,0.3866241,5.855438,1.436795,7.896614,1.4074088,957.74664,0.20687965,1169.2778,0.20404805,-35.242443,-1.567256,1913.2631,0.09794244,1036.0717,0.29597425,-35.601227,-1.4035902,2872.5496,0.053076543,841.252,0.33209473,-37.317486,-1.3002162,-6.87407,-0.9541454,16.08996,0.33174714,0.08267898,0.22884977,-0.0076586306,-2.0836434,0.31908232,0.6855895,7.7318015,0.5974486,-15.176,-0.74391496,-5.4969974,-2.0766563,-28.180851,-0.43200517,-2.6520545,8.118597,0.042935397,0.0009438674,0.067993,3.3112583,1.3605443,0.65749997,0.64592475,0.044,0.03826225,-24.19379,9,15,27,SPEAKER_01,1303.666667,1313.6,1310.56034375,1313.6,1,3.0396875,disengaged
46.51713,0.07922684,41.441284,47.501846,49.479652,8.038368,275.31052,0.0,18.663843,17.227108,0.39137974,0.23555024,0.30179057,0.38856313,0.49359858,0.19180802,1.3376582,0.57485425,1.615494,0.45562205,0.16724053,0.6449194,13.176981,0.7296227,5.0807877,1.6035296,-0.8178306,-16.40955,-38.63716,-0.2846306,0.039040327,0.44576275,1.7268318,0.26373374,7.420319,0.3122105,12.13081,0.7215596,11.165876,1.5087985,739.5808,0.3600404,1349.6167,0.13856345,-151.10439,-0.5137001,1804.4088,0.14340045,1044.1855,0.2340103,-127.738976,-0.6382061,2792.5532,0.12476683,1109.5599,0.39720604,-127.62989,-0.6440913,-11.151473,-0.45962325,19.123377,0.40569264,0.06828393,0.23833439,-0.01714472,-0.49835077,0.1638858,0.4905966,11.957908,0.8377625,2.9565184,3.090136,3.6670492,3.8568165,-35.15976,-0.26750377,-9.215591,17.897602,0.06582015,-0.02683995,0.18145955,4.9382715,2.631579,0.14999999,0.01,0.13666667,0.06182412,-31.980667,9,15,28,SPEAKER_01,1313.633333,1503.366667,1313.633333,1314.45846875,1,0.825125,engaged
0.0,0.0,0.0,0.0,0.0,0.0,0.0,0.0,0.0,0.0,0.10506733,0.025995534,0.10316906,0.103627585,0.10660894,0.003439881,0.37806258,0.0,0.054191798,0.0,0.014771223,0.34896907,17.302736,0.056985594,7.165505,0.42505676,6.382802,0.07489426,-9.817119,-0.20035686,0.0,0.0,0.0,0.0,0.0,0.0,0.0,0.0,0.0,0.0,0.0,0.0,0.0,0.0,-201.0,0.0,0.0,0.0,0.0,0.0,-201.0,0.0,0.0,0.0,0.0,0.0,-201.0,0.0,0.0,0.0,0.0,0.0,0.0,0.0,0.0,0.0,0.0,0.0,0.0,0.0,0.0,0.0,0.0,0.0,0.0,0.0,-12.8947525,20.547009,-0.01862964,-0.0063422164,0.0,0.0,0.0,0.0,0.0,0.0,0.0,-52.200672,9,15,28,SPEAKER_01,1313.633333,1503.366667,1336.1765937500002,1336.24409375,1,0.0675,engaged
45.227474,0.07479467,42.78212,44.38617,48.42408,5.64196,379.3073,401.51733,135.96886,86.43868,0.5059961,0.34395525,0.33605582,0.47255203,0.66229504,0.32623923,3.7325938,2.0628033,3.0013592,1.2916243,0.17722481,0.6432257,12.106196,0.5854461,-9.02517,-1.2489625,-0.15721953,-70.0141,-24.135546,-0.41717544,0.03157422,0.9851998,1.3691922,0.3125581,6.660481,0.48001853,10.880428,0.6468909,10.725439,1.101398,892.30426,0.29922286,1313.2996,0.21951766,-42.456436,-1.370247,1807.3593,0.11703698,1036.1465,0.35033968,-33.989906,-1.4759032,2847.4097,0.069938175,956.38776,0.26276958,-36.672398,-1.3274965,-7.750694,-0.5005582,15.237639,0.27618337,0.071433544,0.37250933,-0.0128922835,-0.813394,0.186754,0.5621653,11.6578045,0.5668507,-11.549028,-0.86946595,0.0093608815,1238.9573,-25.02996,-0.36943504,-11.713536,19.530844,0.049818173,-0.022661045,0.16703442,4.0650406,2.586207,0.34,0.35814333,0.026666667,0.0047140447,-30.27172,9,15,28,SPEAKER_01,1313.633333,1503.366667,1336.8853437500002,1338.13409375,1,1.24875,engaged
43.747875,0.025909977,43.548927,44.028023,44.535748,0.9868202,15.28899,9.210601,8.335909,0.0,0.586926,0.4950057,0.2667393,0.57977366,0.8976457,0.6309064,1.0588073,1.9268254,4.6040535,0.0,0.1825719,0.55827206,12.818108,0.5922266,-17.197416,-0.80613625,-8.764593,-1.2693326,-34.681396,-0.31981552,0.026167817,1.5461613,1.5334127,0.58467364,7.193798,0.3111224,3.6474392,1.5789592,20.419596,0.45133188,909.4488,0.19999403,1223.9719,0.15190445,-57.58141,-1.664901,1837.0165,0.092103675,1197.8011,0.26327682,-63.807495,-1.3846948,2883.3633,0.0658889,739.3577,0.33092275,-66.09444,-1.3108013,-3.8403034,-2.0748198,16.261698,0.5258269,0.030450746,0.34734026,-0.01194201,-1.4576858,0.23276421,0.37563363,11.711316,0.7696266,-18.586887,-0.87985444,-14.787278,-0.611158,-38.445793,-0.30642602,-4.657416,12.707321,0.061362527,-0.014210994,0.111328885,1.4705882,1.5873016,0.42999998,0.0,0.17,0.0,-30.116081,9,15,28,SPEAKER_01,1313.633333,1503.366667,1338.3365937500002,1339.0284687500002,1,0.691875,engaged
44.29701,0.016516987,43.669003,44.031696,44.784565,1.1155624,10.655475,0.0,12.222071,6.4121857,0.39910868,0.28320342,0.33137584,0.38403627,0.5062073,0.17483145,1.2925271,1.6048696,1.5620016,0.6543873,0.1140206,0.51402074,18.717648,0.37504634,-4.0471525,-1.720086,-15.224259,-0.61059964,-25.994389,-0.2399699,0.025204005,0.7628313,1.3925837,0.31289676,5.203629,0.41780654,1.6015867,4.519252,19.80774,0.2846241,740.73065,0.28495628,1548.4569,0.273864,-93.26186,-1.019402,1615.9005,0.14009646,1468.9757,0.28443035,-77.189125,-1.1473154,2678.7634,0.04306251,804.80194,0.1640275,-83.56272,-0.9992468,-3.391073,-1.4887259,17.935102,0.17736466,0.047014747,0.32576293,-0.0042635947,-1.4831904,0.10212436,0.31941992,16.33049,0.34723184,-5.1170006,-0.7046693,-16.625498,-0.56964093,-27.301416,-0.23144822,-8.571468,21.37023,0.043327857,-0.017984582,0.13443641,4.054054,1.4492754,0.44,0.0,0.11,0.03,-35.419563,9,15,28,SPEAKER_01,1313.633333,1503.366667,1339.19721875,1339.95659375,1,0.759375,engaged
42.950195,0.009626164,42.60759,42.757294,43.419292,0.8117027,6.4152045,3.1596859,7.271926,0.43821496,0.51667607,0.13378319,0.48529527,0.5278403,0.5830312,0.09773591,1.8902645,0.9185176,0.7041655,0.9453761,0.1004694,0.35618466,8.357475,0.66126406,-10.252391,-0.5233911,7.4343057,1.059398,-39.09622,-0.25786054,0.00523644,0.8052298,0.9047555,0.3330991,6.743284,0.22971597,10.787196,0.47771883,7.5330358,0.76363295,700.0307,0.29538524,1271.1132,0.16631311,-18.45412,-2.4156225,1866.4806,0.12585092,768.65936,0.43907446,-21.601402,-1.60454,2731.3198,0.114021674,1017.01776,0.28834045,-10.464619,-3.4929252,-2.7327406,-1.3181996,6.0016165,0.86306906,0.043319315,0.31817576,-0.02184574,-0.25009802,0.097037144,0.31382212,7.5392194,0.6979333,-10.242635,-0.52845454,9.034396,0.8289221,-39.762054,-0.26536798,-13.721817,21.09692,0.03318914,-0.035441168,0.05080827,9.803922,2.2222223,0.42,0.0,0.0,0.0,-35.059406,9,15,28,SPEAKER_01,1313.633333,1503.366667,1340.19284375,1340.7159687500002,1,0.523125,engaged
40.649044,0.030809669,40.47052,40.833652,41.172874,0.70235443,138.03697,0.0,12.8950205,8.628707,0.43110424,0.35590756,0.2756372,0.4981461,0.5568685,0.28123128,2.163892,0.99294555,1.0549222,0.48115623,0.10073885,0.48682404,20.269312,0.14674452,-13.303402,-0.7318851,-20.937447,-0.53698164,-28.489857,-0.63091975,0.014393214,1.9699458,0.8482024,0.50255615,10.049192,0.31073257,4.526922,1.7906457,23.2725,0.3472602,819.67145,0.25127155,1308.8181,0.1952762,-13.804591,-5.0286965,1790.6208,0.16586636,1438.8154,0.26657116,-20.334715,-2.6296494,2793.786,0.0731392,833.5063,0.3794824,-26.159267,-1.9770489,-4.8831754,-1.033197,22.243746,0.29051605,0.016636819,0.69315076,-0.012242545,-1.1476343,0.111268654,0.39812726,20.57422,0.1485103,-13.761248,-0.7094325,-23.31874,-0.44356692,-32.10341,-0.5243931,-5.472732,15.269486,0.017742727,-0.0031080258,0.05056132,2.4096386,1.2820513,0.7,0.0,0.04,0.0,-32.23045,9,15,28,SPEAKER_01,1313.633333,1503.366667,1341.18846875,1342.03221875,1,0.84375,engaged
43.339794,0.04032935,41.3786,42.984657,45.114643,3.736042,18.278366,7.0451946,8.681478,6.592596,0.42375463,0.5537519,0.18089467,0.3987628,0.68460685,0.5037122,3.969824,2.1039827,0.7653326,0.74627465,0.12032267,0.75632733,10.862725,0.41838247,-10.4723425,-1.6478238,-4.4626007,-3.172337,-23.796612,-0.51772857,0.020915234,0.81769854,1.2350589,0.3482826,5.3578944,0.6759924,6.2150474,2.0068986,16.060146,0.4707605,783.3418,0.31230664,1289.5404,0.1291227,-115.03119,-0.8497147,1810.7318,0.13944848,1006.4592,0.32041705,-96.159225,-0.9868297,2770.617,0.0793795,1047.4757,0.38767788,-97.98692,-0.9464767,-4.1303964,-1.3235475,16.223663,0.3779147,0.0309258,0.50453603,-0.0038464207,-4.733631,0.1653437,0.54244906,11.110246,0.33038887,-20.390451,-0.7666408,-10.544035,-1.3872075,-25.503817,-0.3604919,-7.59918,14.104798,0.03502303,-0.017286645,0.07756296,1.7964072,2.4691358,0.205,0.17066047,0.14199999,0.108148046,-33.539257,9,15,28,SPEAKER_01,1313.633333,1503.366667,1342.1334687500002,1343.8209687500002,1,1.6875,engaged
42.718323,0.039792154,41.950687,42.899284,44.25834,2.3076515,58.01488,32.029194,75.42848,99.49169,0.5867433,0.46107104,0.30601653,0.62566894,0.7951494,0.48913285,3.3806465,0.29378462,0.84729564,2.433295,0.23254737,0.64745027,12.46059,0.3006629,-13.878985,-1.1114637,-5.978006,-1.8219422,-30.763412,-0.3337018,0.031609137,0.9338505,1.4281297,0.28976128,6.920471,0.32039693,9.351908,1.9968328,20.467575,0.5667125,924.56854,0.10544738,1294.1953,0.1493242,-85.59013,-1.1763147,1886.9913,0.040642314,943.0619,0.2251638,-88.024506,-1.0791668,2880.14,0.029687615,802.34283,0.19392814,-89.9087,-1.0369138,-10.191858,-0.54759073,18.079956,0.27906775,0.029402487,0.38311705,-0.019428615,-0.47477233,0.30481333,0.46112564,12.518117,0.31153476,-18.850348,-0.79588515,-13.892344,-0.3210337,-31.758204,-0.2284163,-7.628914,11.409213,0.05368653,-0.02826186,0.1739873,2.8169014,1.5151516,0.37,0.0,0.13,0.089999996,-28.453068,9,15,28,SPEAKER_01,1313.633333,1503.366667,1344.1922187500002,1344.9178437500002,1,0.725625,engaged
55.1331,0.009571088,54.621872,54.978985,55.84028,1.2184067,15.725458,2.6965735,13.505077,0.0,0.7257429,0.20240282,0.6072379,0.7933712,0.8417906,0.23455274,2.6297586,0.0,-3.9737344,0.0,0.25001144,0.3708537,-0.8574144,-4.5293684,0.5984329,9.906277,2.0300229,2.1625164,-59.646866,-0.06999815,0.036562152,0.15177616,1.5238515,0.326485,5.367529,0.27078187,1.0794809,8.812962,-12.160123,-0.7433629,757.4959,0.33855727,1366.1978,0.1441267,-117.97876,-0.7044833,1811.9315,0.1518071,894.84064,0.40168324,-67.03251,-0.9575286,2781.185,0.09519216,735.5485,0.20130284,-56.904804,-1.1418425,-6.392467,-0.32491246,12.521969,0.18763353,0.03390216,0.17399919,-0.03767028,-0.122579,0.29340976,0.2556441,-1.3697573,-2.7572165,-3.3232002,-1.0558841,-0.28056,-7.501045,-59.968353,-0.069377474,-8.533121,13.865329,0.057842784,-0.050733086,0.1296391,3.7037039,4.7619047,0.16,0.0,0.03,0.0,-28.814129,9,15,28,SPEAKER_01,1313.633333,1503.366667,1345.3565937500002,1345.6434687500002,1,0.286875,engaged
40.369736,0.044343967,39.524227,41.10653,41.595047,2.0708199,15.499727,3.8855476,-4.0653706,5.914282,0.75450635,0.42075247,0.49159712,0.8784365,1.0073204,0.5157233,3.2896044,0.39699426,0.7107784,1.7480348,0.18513256,0.5108574,6.4090443,1.4394432,-19.995472,-0.8946762,-2.2373877,-2.7745125,-22.91636,-0.33335605,0.0089506665,0.91806465,1.0449221,0.3979801,4.7633386,0.6560002,2.5381622,2.017774,9.6022415,0.8978869,896.4929,0.18261352,1265.3561,0.17295884,3.1435895,3.7547321,1875.7487,0.07630435,1059.8195,0.22835651,0.74140394,20.035742,2851.044,0.070869915,941.5067,0.34206125,-3.4852264,-4.139913,-0.52302325,-19.363974,10.526047,0.96850586,0.026780138,0.58049923,-0.0032183498,-4.789734,0.19344664,0.49490854,6.693811,1.4384899,-20.225483,-0.92918456,-2.9511442,-2.045897,-21.703661,-0.30303684,0.0,0.0,0.0,0.0,0.0,4.109589,1.5151516,0.65,0.0,0.0,0.0,-30.738178,9,15,28,SPEAKER_01,1313.633333,1503.366667,1346.23409375,1346.97659375,1,0.7425,engaged
43.72576,0.015853768,43.057644,44.027664,44.285522,1.2278786,7.586668,2.9412615,-0.9973774,8.786757,0.6794047,0.3646464,0.4414913,0.74348533,0.8910523,0.449561,2.2074132,0.8820065,0.36010718,1.4998875,0.16877563,0.5619528,4.3027115,0.92519766,-11.231555,-1.0432132,4.3280783,1.510364,-36.74025,-0.32772312,0.009878532,1.5326099,0.8995184,0.52629256,8.559575,0.48364002,9.686456,0.50538987,10.098466,0.5902427,889.1273,0.26631665,1200.8516,0.13065334,-75.83935,-1.2426072,1976.066,0.079008274,881.6947,0.22352427,-68.650215,-1.2894502,2793.741,0.0994465,1166.2002,0.3668456,-66.03176,-1.3675826,-2.7720878,-1.2576878,8.456192,0.6477472,0.035761327,0.27694097,-0.012381329,-0.80551326,0.16435225,0.44257534,3.215282,1.2815632,-15.2998905,-0.52115023,1.8897576,3.062193,-39.886333,-0.20946345,-3.9620748,9.381152,0.036418967,-0.02218379,0.20042714,3.7500002,1.3333334,0.5,0.0,0.11,0.049999997,-30.939854,9,15,28,SPEAKER_01,1313.633333,1503.366667,1347.3309687500002,1348.1409687500002,1,0.81,engaged
42.18883,0.1365181,37.553055,41.387413,47.907223,10.354168,63.313847,65.78591,208.72673,268.9163,0.56708896,0.38184434,0.41349798,0.55908775,0.6897646,0.27626663,3.349295,1.944078,2.9864852,2.0527298,0.19220784,0.55666804,15.702081,0.64727294,-2.1617033,-7.937453,-6.629397,-2.1865067,-35.49841,-0.48550722,0.017331889,0.79757833,1.2053152,0.4938953,8.115521,0.41777682,6.0694785,1.5838591,22.104612,0.6147212,758.68774,0.29414684,1338.9666,0.17250493,-62.092445,-1.3506511,1773.8871,0.15035877,1208.6278,0.3295707,-58.483753,-1.2222987,2811.9978,0.073251925,917.65656,0.381003,-61.27456,-1.130976,-11.330683,-0.5477429,21.570656,0.45250753,0.06080152,0.39846507,-0.021048564,-0.8640413,0.20708834,0.52657276,17.756845,0.50881654,-4.5735745,-3.9422202,-10.3751545,-1.3388842,-37.53706,-0.3965235,-6.1473246,9.90625,0.057496876,-0.024309814,0.16102503,2.3255816,2.3923447,0.318,0.29647258,0.099999994,0.0717635,-29.04322,9,15,28,SPEAKER_01,1313.633333,1503.366667,1350.58784375,1352.74784375,1,2.16,engaged
32.702282,0.2614621,21.362629,39.523323,39.989094,18.626465,237.63812,0.0,-9.74562,0.0,0.19026883,0.29039043,0.14489944,0.15769953,0.26353368,0.11863424,0.5475874,0.12928373,0.67843884,0.34608588,0.038504086,0.38232478,21.290384,0.30986,5.8406224,1.2265927,-6.567118,-2.6140509,-21.951513,-0.7127994,0.04791757,1.767834,0.6140822,0.49950594,7.839995,0.26443902,2.421397,5.760775,26.245094,0.7600168,610.0553,0.3524605,1477.2931,0.05709129,-143.86378,-0.61404,1624.3219,0.19427499,1416.2328,0.17215806,-121.341606,-0.73447305,2873.6663,0.080203675,1179.8328,0.33565998,-126.08539,-0.6663849,-20.136284,-0.23140638,35.881374,0.07052039,0.011568028,0.6214447,-0.03160211,-0.2825232,0.049063906,0.34512687,26.578661,0.043059487,13.450468,0.2477038,-23.797764,-0.13449378,-40.16157,-0.20049775,-10.850713,19.092506,-0.007837417,-0.012370434,0.033037953,6.5217395,2.4390244,0.17,0.0,0.22,0.0,-38.076027,9,15,28,SPEAKER_01,1313.633333,1503.366667,1363.96971875,1364.4422187500002,1,0.4725,engaged
39.79804,0.04755074,37.649857,40.851536,41.62732,3.9774628,4.555893,1.0053203,11.225682,0.0,0.12588575,0.14593907,0.10919919,0.124587215,0.1447303,0.03553111,0.42679125,0.17244478,0.16647589,0.36543846,0.031131193,0.24067697,27.677607,0.06764534,12.1455965,0.26448515,4.2210345,0.6245675,-11.37569,-0.30754298,0.02653764,0.49435785,1.1546954,0.4024329,9.694811,0.1752379,10.231062,1.0621551,26.286747,0.37441614,669.46576,0.3297291,1323.3773,0.10937884,-62.19362,-1.306047,1756.7172,0.1256694,1230.1522,0.3551132,-69.92986,-0.9879262,2821.843,0.10109972,1038.579,0.30137134,-73.81863,-0.90986794,-22.737925,-0.10334855,33.60564,0.12560353,0.018762343,1.0817546,-0.01467526,-0.40374345,0.032612756,0.22290581,28.036442,0.05816035,12.730403,0.2579047,5.073914,0.43095446,-11.779872,-0.3149693,-18.3238,28.383999,0.0042364886,-0.016417809,0.029326351,5.0000005,2.7027028,0.275,0.044999998,0.16,0.0,-43.882393,9,15,28,SPEAKER_01,1313.633333,1503.366667,1364.93159375,1365.7415937500002,1,0.81,engaged
41.101562,0.031494245,40.518715,41.585026,42.10429,1.5855751,8.036734,0.50832945,36.30938,0.0,0.13972656,0.38128433,0.10715129,0.1482958,0.18208213,0.07493084,0.22155766,0.38975716,0.4739702,0.30435923,0.0368712,0.5593492,24.821123,0.327096,4.8158226,0.8902461,-9.069569,-0.63243324,-16.212639,-0.4429266,0.021799188,0.5056044,1.3988583,0.36412027,7.9212346,0.22337106,13.475066,0.33684793,36.169838,0.12588663,714.49896,0.12560877,1434.4307,0.08632507,-101.66316,-0.9301362,1738.247,0.0687366,1207.7847,0.22729032,-99.64776,-0.85434794,2850.874,0.06585157,864.9286,0.21675855,-105.24451,-0.7618836,-18.089087,-0.16613361,31.165648,0.113004014,0.023321616,0.41286498,-0.025990501,-0.27753052,0.03554357,0.38197526,27.79635,0.05156972,6.502231,0.5267773,-11.108259,-0.4471103,-19.522717,-0.25913152,-13.995539,25.35535,0.051240876,0.0004765121,0.05143267,2.3529413,2.5316458,0.21499999,0.185,0.31,0.0,-44.864483,9,15,28,SPEAKER_01,1313.633333,1503.366667,1366.3153437500002,1367.17596875,1,0.860625,engaged
41.050644,0.031576645,39.838547,41.89984,42.331436,2.4928894,8.460045,2.0376205,8.845108,8.458811,0.14619575,0.20093402,0.12871715,0.14655416,0.16788284,0.03916569,0.755092,0.61989266,0.60686046,0.36994007,0.026438665,0.34143335,20.759571,0.1631001,10.83988,0.4510034,-4.844421,-0.8438278,-31.824194,-0.29416853,0.023521326,0.48539573,1.2602338,0.446559,8.582127,0.31831923,17.165958,0.5242614,34.511955,0.15264565,744.4638,0.18812284,1356.8582,0.12950665,-99.83935,-0.93140477,1847.1122,0.11368744,1198.2512,0.15569073,-99.00655,-0.81184167,2902.117,0.059011452,884.94977,0.31752133,-99.53292,-0.8024285,-18.217306,-0.17377266,27.196892,0.097549774,0.034862585,0.40886483,-0.025515832,-0.35517088,0.029568072,0.25145614,22.960112,0.074445084,13.165162,0.32768285,-6.9869795,-0.42113912,-36.12521,-0.20954107,-11.686894,21.08062,0.02357412,-0.0145422295,0.024043625,4.9382715,2.6666667,0.21499999,0.005,0.14,0.049999997,-45.58666,9,15,28,SPEAKER_01,1313.633333,1503.366667,1368.9984687500005,1369.8253437500002,1,0.826875,engaged
47.992077,0.084308065,45.807327,46.45775,47.07647,1.2691422,21.32684,22.641462,85.48485,0.0,0.35467485,0.66437614,0.14010689,0.23694275,0.60566247,0.46555558,1.7378337,0.652342,1.6975292,1.4371849,0.09681698,0.93478787,11.198211,0.5301607,-7.123446,-1.570333,-13.332947,-0.69337696,-19.866491,-0.5208049,0.015997902,0.9396337,1.1188033,0.3986862,8.538055,0.31229633,12.212929,0.51922655,22.110336,0.31379384,865.64825,0.22569923,1279.8314,0.12785883,-103.274796,-0.9525373,1796.3639,0.101764925,996.3101,0.14911386,-97.8824,-0.9572247,2877.9702,0.079216875,926.3247,0.4091399,-103.15701,-0.83739734,-8.677136,-0.7152988,17.902472,0.45486188,0.051500168,0.22875012,-0.004181873,-1.7924489,0.13392033,0.7426741,10.400529,0.7186074,-10.535332,-1.017141,-19.844362,-0.36090982,-21.819576,-0.35308954,-7.753119,16.118404,0.032467376,-0.007503064,0.052553017,1.1764706,2.5000002,0.21,0.049999997,0.17,0.099999994,-35.18615,9,15,28,SPEAKER_01,1313.633333,1503.366667,1401.0103437500002,1401.8709687500002,1,0.860625,engaged
0.0,0.0,0.0,0.0,0.0,0.0,0.0,0.0,0.0,0.0,0.33446878,0.2231144,0.2789186,0.29409733,0.38978076,0.110862166,7.142484,0.0,0.8196394,0.0,0.10127904,0.46993157,21.469381,0.13695492,-5.4667377,-0.2288254,-19.3227,-0.3406296,-21.187792,-0.35636783,0.0,0.0,0.0,0.0,0.0,0.0,0.0,0.0,0.0,0.0,0.0,0.0,0.0,0.0,-201.0,0.0,0.0,0.0,0.0,0.0,-201.0,0.0,0.0,0.0,0.0,0.0,-201.0,0.0,0.0,0.0,0.0,0.0,0.0,0.0,0.0,0.0,0.0,0.0,0.0,0.0,0.0,0.0,0.0,0.0,0.0,0.0,-12.184185,27.435059,0.05190928,-0.013094723,0.09476571,0.0,0.0,0.0,0.0,0.0,0.0,-37.428505,9,15,28,SPEAKER_01,1313.633333,1503.366667,1402.95096875,1403.03534375,1,0.084375,engaged
40.80571,0.038734578,38.849495,41.44017,42.40029,3.5507965,19.538511,9.052684,43.62437,33.988506,0.33556253,0.42388958,0.16789442,0.3271728,0.4614911,0.29359668,1.834998,1.1916113,0.3174776,1.0128195,0.068012714,0.57341176,11.361762,0.26413265,-7.7050486,-1.732795,-3.0077436,-2.5417132,-18.821915,-0.62929916,0.018278226,0.8466501,1.2458655,0.4863844,6.1666017,0.6119072,11.97853,0.69377506,18.102203,0.26878008,873.3693,0.3149787,1454.7778,0.20802261,-83.45085,-1.142928,1815.345,0.1156628,1217.9568,0.52558535,-76.0682,-1.1644269,2784.408,0.10275061,877.5156,0.27997142,-77.30379,-1.1328169,-7.0714393,-0.6730289,14.693569,0.29807156,0.043170925,0.29398528,-0.01778919,-0.5893172,0.08651555,0.45369568,11.166092,0.30512816,-9.654686,-1.2519944,-3.0280972,-2.607614,-22.288824,-0.5905639,-5.472484,11.88542,0.03839754,-0.009325995,0.04163616,4.2253523,4.545455,0.13,0.07788881,0.07,0.014142135,-38.312523,9,15,28,SPEAKER_01,1313.633333,1503.366667,1403.35596875,1404.08159375,1,0.725625,engaged
39.236046,0.0037775063,39.070778,39.258953,39.3901,0.31932068,5.536347,0.0,5.044651,0.0,0.19223428,0.15239142,0.16571149,0.19218637,0.2221894,0.056477904,1.8476111,0.359573,0.470916,0.43224004,0.03896174,0.4070427,18.944899,0.37032765,2.7350903,3.2065718,-5.491279,-1.2095261,-21.334759,-0.39410105,0.01995104,0.39527062,1.5677042,0.2954447,8.087816,0.15027821,10.80462,0.4676448,34.753654,0.123327956,653.7169,0.2777458,1458.8875,0.08070528,-140.77504,-0.6191791,1631.9456,0.11398331,1285.1523,0.10934108,-120.97843,-0.70747983,2660.7527,0.083034515,967.85223,0.17233077,-124.332794,-0.6577129,-16.944588,-0.18024966,27.668924,0.18656331,0.053677965,0.25010544,-0.028260892,-0.26699263,0.04955045,0.30614588,24.037418,0.07962561,6.114353,0.5249014,-8.853746,-0.7108596,-27.76892,-0.21474141,-6.0558996,12.742764,0.03643586,-0.005408867,0.034865126,8.108108,3.125,0.13,0.0,0.08,0.04,-43.55651,9,15,28,SPEAKER_01,1313.633333,1503.366667,1404.75659375,1405.14471875,1,0.388125,engaged
41.627155,0.06200604,39.422684,41.20999,45.45689,6.0342064,29.810099,18.214796,23.17643,13.583363,0.37317842,0.57271683,0.16381326,0.3307191,0.6229138,0.4591005,1.9759396,1.1919491,1.8776097,0.45593193,0.110036455,0.77044284,17.634874,0.34702772,-5.858893,-2.0611908,-5.4332294,-3.6704564,-28.262735,-0.36877748,0.023474017,0.86589146,1.3939613,0.643043,6.3711815,0.90442675,5.3448315,1.5420412,17.6693,0.86580855,789.7812,0.22471286,1446.4902,0.27990678,-129.2783,-0.7044431,1779.1139,0.11377468,954.77954,0.37443715,-122.49964,-0.72578835,2827.8586,0.064947195,861.8364,0.29480788,-124.77352,-0.6899033,-9.07564,-0.5825122,18.75388,0.35175386,0.05387023,0.34548908,-0.018979091,-0.5155805,0.14449017,0.47732913,18.240889,0.37026748,-9.549623,-1.2522318,-9.942168,-2.0002341,-31.912352,-0.24649586,-5.5150814,15.705259,0.038841836,-0.0058379,0.090014406,2.9126215,2.4875622,0.15799999,0.078076884,0.185,0.15195942,-33.38466,9,15,28,SPEAKER_01,1313.633333,1503.366667,1424.9222187500002,1426.99784375,1,2.075625,engaged
42.936768,0.027830388,41.797676,43.41887,43.694958,1.8972816,14.2493725,7.8853383,11.261064,0.0,0.17276694,0.21950309,0.123143554,0.18374196,0.2017055,0.07856195,0.11132139,0.5949275,0.65423644,0.0,0.043368362,0.39899626,21.956018,0.16848181,11.314145,0.26026964,-3.987683,-0.62764204,-20.11079,-0.28721082,0.025797872,0.46292552,1.0527428,0.3358097,9.667113,0.22346018,12.045454,0.47938156,23.35906,0.378085,732.88293,0.22025886,1362.1058,0.089989446,-65.94798,-1.0537156,1791.9141,0.08801302,1126.9916,0.1759224,-68.072395,-0.78767264,2796.3174,0.08043706,934.58484,0.27152526,-71.658936,-0.7308816,-19.429476,-0.1751096,30.54881,0.1628688,0.034505066,0.3600849,-0.016925884,-0.50114405,0.045571275,0.31160346,21.537024,0.1591085,11.374997,0.27781302,-3.5237405,-0.6252776,-20.766287,-0.22503453,-18.833618,29.141731,0.029776223,-0.020056307,0.05785939,2.9411764,6.896552,0.105,0.065,0.02,0.0,-40.745884,9,15,28,SPEAKER_01,1313.633333,1503.366667,1433.15721875,1433.5115937500002,1,0.354375,engaged
44.534977,0.0024330467,44.48076,44.57223,44.606255,0.12549591,1.448877,0.63023615,3.200388,0.43473244,0.22630294,0.3825423,0.12394802,0.23459896,0.30579978,0.18185176,0.99731016,0.0,-1.2943649,0.0,0.042479556,0.4384473,19.765005,0.21177097,4.3618407,0.9323234,-10.248821,-0.69932026,-30.045849,-0.36023247,0.02093152,0.8891554,0.9332747,0.41534635,10.237125,0.26016268,9.921712,0.44925094,24.242071,0.15512487,700.8287,0.2514531,1333.021,0.14289235,-13.399991,-2.8902435,1747.5165,0.16568209,1021.5478,0.19952866,-21.916864,-1.1083921,2798.4175,0.068245806,818.27014,0.1845286,-29.287657,-0.76930285,-11.788594,-0.34903193,22.530497,0.22743861,0.039336573,0.2051676,-0.00847788,-0.5694655,0.045912076,0.38711748,19.510372,0.22485013,4.1898174,0.9593171,-11.257479,-0.58806396,-31.66769,-0.3370232,-17.682667,31.318703,0.06060572,-0.006904851,0.0,2.2727273,2.631579,0.35999998,0.0,0.0,0.0,-40.423008,9,15,28,SPEAKER_01,1313.633333,1503.366667,1436.51534375,1436.97096875,1,0.455625,engaged
46.42113,0.04905647,44.974552,47.817627,48.19422,3.2196693,32.803387,15.850411,113.7626,80.71888,0.53864145,0.37606922,0.35191742,0.59457034,0.7231767,0.3712593,1.3047206,1.3179985,1.896772,0.6225166,0.1618501,0.53024447,9.589101,0.66609395,-8.408188,-0.85319465,-19.381723,-0.52246875,-28.630083,-0.3260026,0.01557141,0.87685305,1.1678009,0.4250976,8.818607,0.35945824,8.998178,1.2840819,21.592224,0.43988192,832.71136,0.21069168,1201.2007,0.13876216,-8.046541,-5.396936,1919.5831,0.117394134,963.4055,0.2963572,-22.1267,-1.6677763,2864.7944,0.078555435,981.88135,0.31472963,-25.620117,-1.4372642,-7.2912865,-0.6943727,16.654295,0.35666174,0.06274061,0.39197084,-0.001417741,-5.862637,0.17261069,0.47602934,8.949253,0.6560015,-9.040543,-0.7471149,-20.870497,-0.4525616,-29.638887,-0.29366046,-12.733607,22.363663,0.0227214,-0.0105281435,0.023901597,3.125,1.0989012,0.85999995,0.0,0.03,0.0,-30.633667,9,15,28,SPEAKER_01,1313.633333,1503.366667,1437.6122187500002,1438.5909687500002,1,0.97875,engaged
46.85719,0.013434153,46.772198,47.159393,47.22946,0.45726395,0.0,0.0,-0.057236377,0.0,0.7029905,0.30307686,0.4849517,0.69677687,0.8649227,0.379971,0.49825358,2.3867755,4.1181936,0.0,0.23621449,0.37655172,4.137126,1.1859895,-18.116947,-0.43917134,-18.015333,-0.33910418,-18.650642,-0.49977368,0.008149985,0.56863517,1.1841553,0.32478148,8.537391,0.5103166,6.023429,2.6002922,18.71499,0.36835614,831.73206,0.28957775,1199.1808,0.14778982,-40.73457,-2.1915696,1882.8688,0.14424029,1177.7062,0.21352187,-42.079487,-1.7974579,2739.111,0.0526365,910.5074,0.21983668,-43.028107,-1.7501419,-2.5410674,-3.6559136,16.186016,0.19485997,0.034996316,0.24193059,0.0050774026,3.3744378,0.26918256,0.29589626,1.6691568,2.0877135,-17.742834,-0.5310575,-21.05001,-0.20060378,-22.017147,-0.4152186,4.0025277,13.406758,0.03318321,0.025627743,0.21906799,2.4390244,2.777778,0.28,0.0,0.06,0.0,-28.105442,9,15,28,SPEAKER_01,1313.633333,1503.366667,1442.69159375,1443.11346875,1,0.421875,engaged
45.1226,0.10093304,39.893845,46.49539,50.472782,10.578938,0.7166337,0.0,0.0,0.0,0.20431465,0.2225153,0.1557861,0.2182873,0.24313775,0.08735165,0.3826201,1.2629746,1.3139821,0.39443,0.09320888,0.53404325,25.172264,0.05868964,6.060669,0.4480778,5.53455,0.8198906,-27.573557,-0.24781312,0.057959814,0.8619449,1.4857991,0.30132788,10.125241,0.2156129,12.806239,0.7383717,12.118147,0.97447354,829.8032,0.26851836,1420.8855,0.043914765,-27.418093,-0.4305033,1995.2998,0.0812017,1000.5424,0.22759266,-33.694244,-0.2097384,2959.1628,0.11297946,1072.5687,0.21911934,-27.506554,-0.28956965,-21.572496,-0.16091956,26.586063,0.20011725,0.066951916,0.25862494,-0.034535207,-0.21804719,0.120815985,0.38795143,24.249943,0.054410744,4.012137,0.5452018,6.8252106,0.7528156,-31.267803,-0.1910161,0.0,0.0,0.0,0.0,0.0,5.882353,11.111112,0.08,0.0,0.0,0.0,-36.994263,9,15,28,SPEAKER_01,1313.633333,1503.366667,1490.7515937500002,1490.93721875,1,0.185625,engaged
39.43541,0.012786714,39.10738,39.352448,39.78546,0.6780815,7.794098,0.0,-24.146652,0.0,0.17892183,0.26933154,0.1346184,0.1687333,0.21862346,0.08400506,1.0602477,0.56111455,1.1075321,0.16365361,0.05031668,0.5669535,21.577797,0.31412455,13.035708,0.5152456,2.4051366,3.0737932,-17.466015,-0.48142087,0.01851199,0.7602737,1.3236322,0.3979174,8.799516,0.17298697,16.111967,0.27342325,27.38285,0.20209888,685.79407,0.170291,1437.7432,0.1728744,-82.37133,-1.0507554,1860.979,0.10016026,936.94904,0.35485825,-86.671844,-0.90325725,2828.064,0.06468313,966.0202,0.16356163,-86.86659,-0.8962089,-18.439585,-0.14054824,23.928553,0.19145058,0.03409695,0.36104578,-0.027639333,-0.33147198,0.05372837,0.45051128,23.526419,0.31515938,12.470842,0.6228444,2.3343492,3.2059078,-15.568101,-0.5016001,-15.214274,19.135202,0.04660171,-0.026403937,0.054591127,3.7037039,4.0816326,0.14999999,0.049999997,0.074999996,0.035,-41.58681,9,15,28,SPEAKER_01,1313.633333,1503.366667,1492.06784375,1492.62471875,1,0.556875,engaged
46.382645,0.0024409716,46.282887,46.345314,46.51628,0.23339462,0.0,0.0,-0.0382061,0.0,0.79911613,0.076444,0.7380593,0.82440495,0.8543644,0.11630511,-0.41103223,0.835138,2.813622,0.0,0.2422079,0.2371579,-0.87029546,-4.7822857,1.0311942,4.2064147,13.586287,0.17079939,-47.242405,-0.09392456,0.051168244,0.14506313,1.3829386,0.20613942,-0.18278734,-4.023972,12.654571,0.31907454,0.7402765,3.978089,997.96545,0.023599181,1071.0333,0.09887347,-79.72283,-0.95450115,2042.2546,0.015372976,357.24536,0.17997998,-81.50278,-0.91234875,3053.7056,0.019946039,812.6302,0.09424635,-75.80963,-1.0329612,-0.9303735,-0.79472804,8.2522545,0.13019237,0.09013711,0.0664391,-0.0046436475,-1.7284615,0.24000639,0.039308846,-5.585139,-0.092911944,-1.2719923,-2.5489686,11.834456,0.15972513,-43.53491,-0.0839436,-1.3403609,6.6834445,0.08054153,-0.02134783,0.25537083,7.142857,11.111112,0.049999997,0.0,0.02,0.0,-29.870428,9,15,28,SPEAKER_01,1313.633333,1503.366667,1495.62846875,1495.7803437500002,1,0.151875,engaged
39.388386,0.092414856,35.748375,39.172108,42.70656,6.9581833,0.45606506,0.0,0.0,0.0,0.39085934,0.46556827,0.19045961,0.38480473,0.59794664,0.40748703,0.26305664,2.1308799,0.9306771,0.0,0.180911,0.59604335,32.19619,0.116159156,11.030981,0.5058924,-15.580875,-0.54704565,-35.033688,-0.30729195,0.044296872,0.6604453,0.6306475,0.72961277,7.0521836,0.36229756,5.029179,2.2677724,37.8326,0.068774894,806.4619,0.16840716,1348.7186,0.14782457,-54.380207,-1.5146883,1884.4243,0.13958982,1207.1337,0.21659695,-74.00368,-0.9757087,3062.1072,0.06954031,927.03784,0.3121301,-78.82478,-0.87175196,-19.595152,-0.13398032,35.162575,0.033620045,0.05204845,0.14227639,-0.045733888,-0.20362617,0.24479733,0.3571859,33.482178,0.09254688,10.565395,0.6283627,-21.170183,-0.17075564,-41.39895,-0.10122023,-18.8509,33.424637,0.030534625,-0.029586004,0.08595384,2.5641026,2.9411764,0.24,0.0,0.035,0.005,-29.133518,9,15,28,SPEAKER_02,1313.633333,1503.366667,1316.0615937500002,1316.46659375,1,0.405,engaged
47.303295,0.020022247,46.24539,47.62107,48.13144,1.8860474,11.035404,0.76716775,13.773664,0.0,0.46495977,0.45670095,0.25034595,0.5003534,0.69237614,0.4420302,2.456998,0.3227613,-0.28044498,1.7469457,0.20312406,0.85173094,24.877062,0.17343776,-1.4445626,-4.539031,-13.503672,-0.5951487,-15.186777,-0.59295154,0.029492829,0.486994,1.6832912,0.34664065,6.180366,0.6919022,10.505244,0.44246432,24.319021,0.18034253,858.4756,0.1758694,1425.7417,0.18446356,-48.14687,-1.3946825,1721.3422,0.09390034,960.65955,0.21889223,-49.895077,-1.2282825,2999.419,0.048021253,733.73083,0.46512794,-64.787865,-0.837243,-11.858929,-0.38046977,28.503859,0.20275599,0.084078714,0.20994712,-0.016513031,-0.5135199,0.2406337,0.7089214,24.989136,0.16060303,-4.221421,-1.1612467,-15.669362,-0.518577,-17.05853,-0.4765634,-15.763731,32.18432,0.049474575,-0.0144740045,0.12913449,3.448276,3.773585,0.21,0.11,0.04,0.0,-27.952076,9,15,28,SPEAKER_02,1313.633333,1503.366667,1317.3272187500002,1317.9178437500002,1,0.590625,engaged
41.25276,0.012672867,40.678997,41.391014,41.762886,1.083889,14.597016,0.0,-0.039434433,6.093524,0.1283791,0.19199029,0.10822484,0.12725496,0.15038446,0.042159617,0.45862818,0.37340388,0.38579544,0.103533,0.030313699,0.38429,26.519928,0.19379932,12.469081,0.54738563,5.062915,0.61252433,-13.048257,-0.48305038,0.017467646,0.37292913,1.319098,0.39984283,8.394976,0.19343416,25.615423,0.16677685,38.008083,0.07759309,746.0366,0.10290057,1322.4354,0.06682171,-102.97027,-0.81529295,1956.3875,0.06687687,1186.4572,0.11757606,-106.48016,-0.7077099,2894.5454,0.05155503,908.34485,0.11366933,-107.40225,-0.6937964,-22.77127,-0.14702784,33.888092,0.09354889,0.0050615445,1.7853019,-0.02428307,-0.35136127,0.038197838,0.27590463,29.999575,0.10624628,16.618778,0.18018112,4.1371307,0.8183166,-17.716753,-0.25121772,-12.506792,21.404167,0.013585737,-0.0076067285,0.021545608,2.777778,3.2258065,0.17,0.0,0.055,0.035,-44.717308,9,15,28,SPEAKER_02,1313.633333,1503.366667,1318.94721875,1319.3184687500002,1,0.37125,engaged
38.60414,0.15478727,38.089027,38.906822,41.623077,3.53405,29.459114,18.46183,188.58905,193.83249,0.22720677,0.5719312,0.10597548,0.18966596,0.33391154,0.22793606,1.3927876,1.0161409,0.734446,0.4238279,0.054550003,0.8317769,26.332819,0.32654762,9.61187,0.77475405,-1.924793,-5.5440135,-17.782896,-0.748084,0.013728977,1.1515137,0.7538913,0.7854043,10.743657,0.30737957,9.160361,1.7087277,35.032433,0.39565787,730.76685,0.15527764,1358.0935,0.14975993,-118.14123,-0.8007607,1799.8914,0.10052499,1100.6211,0.2366816,-122.109375,-0.69283813,2926.6865,0.06390726,836.99756,0.29180306,-125.59062,-0.6421664,-22.393213,-0.22736177,33.43011,0.14780667,0.030325217,0.8009616,-0.03489499,-0.30717993,0.081256896,0.6678116,31.5291,0.12561467,11.936948,0.6793024,-6.108652,-2.1248443,-28.97054,-0.3670418,-12.414904,22.2669,0.0051019955,-0.007876743,0.03315533,2.1479714,1.4492754,0.30333334,0.18997076,0.31285715,0.32318568,-34.93832,9,15,28,SPEAKER_02,1313.633333,1503.366667,1319.8753437500002,1324.0772187500002,1,4.201875,engaged
35.712482,0.128004,34.65665,36.506893,38.988136,4.3314857,57.800137,36.97595,130.94902,134.423,0.22136874,0.611972,0.10241209,0.17951432,0.34078246,0.23837037,1.3041494,0.93506324,0.831256,0.54623306,0.050685756,0.8678811,23.442486,0.30662075,9.004155,0.8051661,-4.0453305,-1.9273405,-22.841433,-0.6445529,0.029199265,1.9475938,0.86351395,0.7111099,9.211039,0.38366538,4.2536416,2.7925785,33.215862,0.23986757,742.28937,0.1712288,1323.5043,0.14788401,-111.71525,-0.8854966,1886.8524,0.12016528,1043.9991,0.25911748,-117.77453,-0.7439361,2962.9338,0.06453561,860.967,0.30052972,-119.394196,-0.71898425,-21.769718,-0.21601684,30.580694,0.18488245,0.054424495,0.3061622,-0.04153449,-0.2704197,0.07728075,0.62708056,28.834724,0.14977244,11.763969,0.7170769,-6.880102,-1.2637949,-35.88446,-0.27766234,-11.460237,20.536415,0.016406124,-0.006181044,0.028047659,1.6018307,1.150748,0.39699998,0.24682182,0.41,0.29505005,-35.483105,9,15,28,SPEAKER_02,1313.633333,1503.366667,1325.5284687500002,1334.28659375,1,8.758125,engaged
40.164845,0.040689968,38.23821,40.109337,41.938866,3.700657,33.52781,0.0,0.7867098,13.657483,0.1590832,0.35225433,0.104120836,0.14229774,0.21798697,0.113866135,2.7008333,1.6463207,0.95533395,1.341571,0.045122594,0.50797683,24.80743,0.2927381,12.594942,0.35166514,-3.0729012,-1.4046019,-24.144144,-0.41473302,0.024471845,1.084326,1.3038986,0.4886724,9.661388,0.36712956,16.454927,0.6935198,37.633644,0.115479775,701.5344,0.11210788,1345.3756,0.1612585,-109.13522,-0.83463335,1863.5369,0.061174236,1181.1652,0.20510556,-118.456726,-0.648529,2892.5967,0.039585173,790.5475,0.20175423,-118.60086,-0.64556694,-22.703165,-0.21353354,31.311766,0.17651473,0.029272346,0.58044124,-0.032347705,-0.3295735,0.059218567,0.39276007,28.170322,0.18824802,15.559134,0.27010772,-5.144319,-0.81249446,-32.172367,-0.26424062,-13.803882,24.010296,0.010706719,-0.012857394,0.03506576,6.779661,3.7037039,0.125,0.024999999,0.12,0.089999996,-41.251705,9,15,28,SPEAKER_02,1313.633333,1503.366667,1334.6747187500002,1335.28221875,1,0.6075,engaged
39.11061,0.038069166,38.63021,39.842163,40.08774,1.457531,35.836433,0.0,-1.9252777,0.0,0.29019618,0.16497827,0.2681618,0.29423082,0.32864502,0.060483217,1.9623474,0.670507,1.2301364,0.018752396,0.08885342,0.4120002,23.766417,0.078914404,4.8916197,0.5524146,7.118118,0.6456952,-26.684055,-0.25475144,0.016543446,1.3403854,1.2002517,0.45270148,10.817318,0.15154952,21.785482,0.3357929,28.133135,0.25247842,581.19885,0.21848696,1451.1606,0.065002844,-23.918205,-2.4984565,1731.8247,0.09288352,1535.2614,0.37466022,-33.814705,-0.8263326,2659.767,0.08790702,1080.6017,0.3185217,-30.85069,-0.93811184,-19.122272,-0.16758393,25.543736,0.2054537,0.0529939,0.18609832,-0.032053523,-0.33157018,0.102244884,0.32733753,23.628801,0.082325645,5.473432,0.48251447,6.356087,0.76103926,-27.079424,-0.2742229,0.0,0.0,0.0,0.0,0.0,7.692308,5.0000005,0.19,0.0,0.0,0.0,-34.826397,9,15,28,SPEAKER_02,1313.633333,1503.366667,1490.4815937500002,1490.7515937500002,1,0.27,engaged
36.278694,0.071771085,35.7128,36.758472,37.363594,1.650795,161.20068,151.21431,103.85419,121.73077,0.8961015,0.44368243,0.58016497,0.7537617,1.3162524,0.7360874,8.07178,3.093189,6.108838,3.3729887,0.5539887,0.64935845,28.513376,0.21677603,5.5842414,2.3316863,-14.2306185,-0.78152245,-15.714493,-0.6688922,0.023186015,1.7029958,1.1509628,0.4558291,8.457692,0.3518516,4.601208,2.3350039,31.585783,0.2725654,704.6639,0.3055394,1399.2576,0.13480921,-51.20614,-1.410654,1708.6871,0.16342382,1239.6226,0.31301913,-53.803276,-1.167866,2840.432,0.10048208,1007.7914,0.3197255,-63.213562,-0.917326,-15.669765,-0.49791986,31.055058,0.22055568,0.075725816,0.211624,-0.021413842,-0.5424045,0.6093554,0.60568184,29.354712,0.19414707,7.293021,1.83666,-14.836554,-0.79650843,-16.645176,-0.6167431,-9.832756,24.633549,0.06189486,-0.014912687,0.37260365,3.255814,2.857143,0.27833334,0.28967893,0.048333336,0.024776781,-18.381615,9,15,28,SPEAKER_00,1313.633333,1503.366667,1457.50784375,1459.6678437500002,1,2.16,engaged
35.24134,0.03697907,33.84712,35.283474,36.512993,2.6658745,27.372822,17.951332,15.358319,5.1688356,0.77831656,0.4399805,0.5068128,0.6791664,1.0370519,0.5302391,9.030478,3.6896417,8.01463,8.936281,0.51346606,0.77844906,25.882746,0.30182338,6.274227,1.9794519,-4.3794456,-2.0859308,-16.944986,-0.54583,0.018670179,0.71991724,1.3068073,0.4328602,6.843072,0.48754022,8.423646,1.2035103,35.883926,0.21866275,796.55585,0.21571432,1357.5275,0.12553698,-113.92268,-0.79819804,1854.7711,0.12789492,1114.7532,0.24160664,-118.00787,-0.71352905,2986.3037,0.09977324,905.02655,0.24168882,-121.37361,-0.6639377,-18.891457,-0.3451825,29.111334,0.25746384,0.08404986,0.19368781,-0.030911095,-0.3260612,0.7723805,0.59744525,30.87758,0.14401327,8.459696,1.0119398,-6.144948,-1.2682762,-20.721869,-0.4896323,-13.840628,20.371998,0.062732056,-0.023026839,0.3127885,5.932204,2.6548672,0.16666666,0.060184896,0.14,0.08573215,-19.922754,9,15,28,SPEAKER_00,1313.633333,1503.366667,1459.87034375,1461.0684687500002,1,1.198125,engaged
36.600723,0.06270886,34.677002,35.172436,39.556572,4.87957,63.890827,58.085438,-0.6610489,14.150981,0.81587607,0.5574867,0.42252582,0.663628,1.2368704,0.8143446,9.139878,4.574533,6.010753,2.469754,0.5627976,0.9347977,24.364807,0.5492007,9.416532,1.3929634,-12.533445,-1.0534323,-16.115475,-0.50195736,0.017011395,1.2587538,1.1818234,0.5573759,7.491891,0.5655092,5.980039,1.6347921,31.092775,0.29026687,766.78937,0.24884674,1425.9594,0.1664475,-74.09199,-1.1645284,1792.1699,0.15202351,1181.9572,0.2887754,-78.10557,-1.016173,2898.8118,0.11416386,944.6842,0.22613707,-84.72747,-0.8786245,-16.7405,-0.48225808,30.10108,0.26680207,0.0652577,0.2868934,-0.022749057,-0.54617906,0.6297415,0.76066613,26.978504,0.39555234,10.354721,1.3598896,-13.205844,-1.0787178,-15.401897,-0.5556688,-10.975212,20.241777,0.05480855,-0.017732337,0.45988503,3.2921813,2.5210085,0.26333332,0.12775846,0.09571428,0.10265854,-16.226635,9,15,28,SPEAKER_00,1313.633333,1503.366667,1461.6084687500002,1464.0553437500002,1,2.446875,engaged
35.72803,0.055630006,34.03151,35.83587,37.193016,3.1615067,42.114944,20.270712,3.6770706,4.1104455,0.8018102,0.45826504,0.48349807,0.73784405,1.1756263,0.6921282,6.5308266,3.3938713,4.1931143,2.8814611,0.4000796,0.6634757,24.433277,0.4787094,4.064754,3.4745548,-10.296142,-1.1868652,-13.925479,-0.8533678,0.016924009,0.9832595,1.2003131,0.5289117,7.5084724,0.4547241,-2.6787016,-3.1982193,24.586912,0.45056993,664.7782,0.3040284,1443.1261,0.14130233,-73.86958,-1.1952018,1675.9015,0.17031318,1250.8801,0.31973597,-73.468834,-1.1066896,2767.5708,0.107709065,1084.66,0.34439874,-80.80199,-0.9407417,-14.075454,-0.66329104,27.994774,0.2764169,0.062196076,0.27318245,-0.020241598,-0.77008516,0.51392967,0.4694587,29.82549,0.26958442,4.8531604,3.1491797,-10.867993,-1.2225771,-13.672853,-0.8893428,-6.8437133,13.762807,0.046975434,-0.011775425,0.15460388,2.6058633,1.6556292,0.414,0.2612738,0.166,0.07914543,-20.888433,9,15,28,SPEAKER_00,1313.633333,1503.366667,1464.52784375,1467.61596875,1,3.088125,engaged
36.73622,0.06386409,34.69304,35.19534,39.643024,4.9499855,55.40828,61.65286,-9.267401,13.510972,0.83171797,0.5361817,0.45008475,0.67456216,1.2495651,0.7994804,8.554012,4.419976,6.049619,2.7075932,0.56865865,0.88664407,24.159868,0.5191197,9.5826235,1.3328834,-11.541111,-1.1517249,-16.594257,-0.49127024,0.016853394,0.97456634,1.1577011,0.5718503,8.005695,0.48475778,7.336998,1.2601687,33.16763,0.2304841,780.5723,0.23976019,1433.6687,0.20387447,-95.45338,-0.95542985,1825.5043,0.13501456,1207.967,0.27276784,-96.2595,-0.8555782,2943.7205,0.08575569,1011.865,0.25754842,-102.4058,-0.75053775,-17.482382,-0.4534381,31.56072,0.21557859,0.06837169,0.2524241,-0.023829907,-0.47636288,0.69153726,0.6427212,28.83764,0.2990537,9.743456,1.4615284,-11.979881,-1.1491033,-17.046299,-0.5102997,-11.740445,21.402746,0.05924275,-0.018898081,0.42269588,3.2921813,2.9411767,0.19285715,0.11246768,0.11,0.09552486,-16.252283,9,15,28,SPEAKER_00,1313.633333,1503.366667,1472.50971875,1474.95659375,1,2.446875,engaged
30.250006,0.20152688,21.663876,34.059494,34.676968,13.013092,14.745712,0.0,104.871544,0.0,0.58792454,0.34950867,0.36080194,0.6202453,0.83118004,0.4703781,1.1466138,2.71348,2.5729313,0.0,0.30522856,0.57930654,24.790195,0.25751218,10.456489,0.8918175,4.672296,1.2385012,-25.362373,-0.2982542,0.1361239,1.3287927,0.8061355,0.6437097,6.500679,0.6415527,7.4886007,1.8492547,29.985052,0.3467918,712.13434,0.15686798,1443.7388,0.16448754,-78.29558,-1.1755292,1860.5122,0.0950424,1225.4004,0.25366914,-87.45587,-0.9548185,2815.2346,0.056941696,903.4006,0.26697284,-87.513504,-0.9508388,-21.010725,-0.24458887,28.201588,0.27746692,0.06749414,0.21567246,-0.03153882,-0.36820924,0.4203519,0.33337545,26.749163,0.18358858,17.848934,0.35975388,8.528078,0.30344355,-30.255554,-0.15927655,-12.389985,16.230743,0.055850517,-0.029613107,0.2234925,2.9411764,3.448276,0.17,0.0,0.044999998,0.015,-23.096172,9,15,28,SPEAKER_00,1313.633333,1503.366667,1475.47971875,1475.8340937500002,1,0.354375,engaged
36.036213,0.040951844,34.643005,35.92273,37.12121,2.4782028,67.21047,65.99897,9.730859,8.45511,0.9073419,0.45473364,0.5396746,0.8015558,1.2815263,0.74185175,8.013136,3.566022,6.1887913,2.5948431,0.5620713,0.70109504,26.724531,0.39504126,9.03725,1.5404637,-15.072997,-0.9495685,-16.213007,-0.5391234,0.01735292,0.9446726,1.1832786,0.532017,7.2880692,0.4684607,1.6844753,6.0486093,29.824934,0.30403632,735.0021,0.24341688,1417.5126,0.15207987,-48.752464,-1.5172516,1761.6595,0.13424823,1171.3727,0.22574118,-57.395813,-1.1492368,2910.0422,0.08363091,966.70557,0.31572965,-64.94729,-0.95120394,-16.309895,-0.53777975,30.007807,0.23187399,0.07283714,0.18953106,-0.026146878,-0.48477852,0.6299237,0.64749134,29.814442,0.26098523,8.584016,1.7033318,-14.383017,-0.9634911,-18.19481,-0.4535873,-8.466598,20.912855,0.06144179,-0.010083817,0.32725343,3.8834953,2.9801326,0.26,0.24454038,0.05875,0.032185983,-18.802576,9,15,28,SPEAKER_00,1313.633333,1503.366667,1476.30659375,1479.41159375,1,3.105,engaged
35.358253,0.0681886,34.274826,35.515102,36.41458,2.1397552,148.77147,133.26471,36.012558,56.64395,0.84176666,0.47626904,0.5031199,0.7399558,1.2368556,0.73373574,6.564954,2.8411713,3.7017446,1.0330901,0.43624783,0.724415,26.390676,0.46500736,8.243512,1.8694851,-9.858401,-1.4132793,-12.627819,-0.9349972,0.025968919,2.0348506,1.1374779,0.60771006,7.887054,0.39673916,1.4595659,6.327546,28.982697,0.39392096,759.98553,0.22470677,1423.6467,0.13467637,-61.881493,-1.338356,1790.9746,0.13613693,1198.3522,0.21856712,-68.29226,-1.1159523,2924.95,0.10006059,1023.03156,0.22675458,-75.59785,-0.9439678,-15.855847,-0.63400996,29.59687,0.27055007,0.066555895,0.27601254,-0.021914635,-0.8034342,0.5256648,0.6057821,32.172688,0.19397387,6.5074253,2.493927,-10.165899,-1.4235843,-15.221472,-0.7646375,-10.017599,17.298521,0.04447551,-0.011227488,0.21604572,2.2875817,1.9933555,0.36166668,0.33047524,0.11666667,0.07760298,-19.847145,9,15,28,SPEAKER_00,1313.633333,1503.366667,1479.7997187500002,1482.8709687500002,1,3.07125,engaged
36.518116,0.08047016,33.677723,35.602444,39.692867,6.0151443,216.81912,292.46326,9.328457,4.0991426,0.9774258,0.616759,0.48070323,0.8558682,1.3821511,0.9014479,12.695086,6.414784,7.625838,5.927608,0.6068204,0.9942678,24.488321,0.49442133,5.3635716,2.20039,-11.730301,-0.93769747,-14.254166,-0.81093687,0.021027582,1.066243,1.1162833,0.54981834,7.437814,0.54241717,2.8100817,3.4675496,27.05004,0.3302034,724.78204,0.26848423,1393.3813,0.13454455,-71.23564,-1.2016704,1736.0233,0.1696008,1199.6646,0.20738725,-74.46735,-1.0592542,2816.0579,0.11419436,1021.96985,0.2537103,-81.50726,-0.90520483,-14.455606,-0.56593007,27.797775,0.25620317,0.053222973,0.31072086,-0.02479408,-0.63768566,0.8056181,0.7843651,30.22504,0.24143618,2.9174151,4.4646964,-12.03889,-0.97183686,-15.1061125,-0.69417036,-8.517123,15.227702,0.042772148,-0.014535318,0.17495866,2.419355,2.469136,0.275,0.13720423,0.10666667,0.06847546,-14.70328,9,15,28,SPEAKER_00,1313.633333,1503.366667,1498.5984687500002,1501.09596875,1,2.4975,engaged
36.1519,0.05432834,34.709583,34.93889,38.33377,3.6241875,42.221634,52.284233,16.221708,8.700698,0.8901998,0.52168036,0.49827307,0.75426596,1.283535,0.7852619,9.516543,3.2179139,-0.6266692,6.4313993,0.64863783,0.8706768,27.95044,0.3635185,9.6639385,1.1613104,-7.8532476,-1.7580329,-17.75773,-0.45261258,0.015775064,0.7137417,1.1452582,0.6185894,7.73175,0.53673214,4.69728,1.9739336,31.69725,0.29864812,799.6624,0.2259326,1416.5303,0.2170373,-60.7334,-1.3064731,1838.1375,0.13599917,1131.4386,0.22790973,-70.32758,-1.0295982,2991.6775,0.10116335,938.745,0.20553276,-76.473,-0.89262736,-17.55724,-0.42594862,31.007889,0.2520391,0.06799744,0.26027298,-0.022862853,-0.47686106,0.60266113,0.65214986,29.33839,0.29530114,9.08193,1.4041598,-10.067421,-1.4551938,-17.28947,-0.49144432,-16.56345,25.32472,0.055003278,-0.024419617,0.62002003,4.166667,3.7037036,0.19,0.11254628,0.07,0.041472882,-14.996728,9,15,28,SPEAKER_00,1313.633333,1503.366667,1501.66971875,1503.366667,1,1.6969375,engaged
35.676502,0.07012184,33.47648,34.724274,39.65381,6.17733,0.0,0.0,-0.31607533,0.0,0.7867324,0.5005575,0.4545086,0.65940964,1.0451428,0.59063417,11.086736,8.934728,3.5174456,0.28657246,0.35482472,0.948997,13.483875,1.0599147,0.6034139,15.914351,-18.834122,-0.4054312,-15.384141,-0.5143031,0.014984584,0.61805034,1.343307,0.43933535,3.0496888,0.49817607,2.9371772,3.8821738,25.570398,0.22819903,808.42267,0.16675285,1422.503,0.1301736,-140.08775,-0.625576,1785.0634,0.105596736,1330.529,0.24089548,-141.06425,-0.5941727,2794.257,0.081514426,1036.751,0.4501563,-144.62537,-0.54313195,-7.1136084,-0.94334334,24.03405,0.25765154,0.062304717,0.3020885,-0.013573384,-0.9116262,0.73100287,0.52690583,20.310904,0.47060546,-0.18349212,-66.62762,-24.0057,-0.374425,-13.622557,-0.6370778,-3.0967822,13.342983,0.040525455,-0.010488624,0.23252599,1.4705882,3.1746032,0.089999996,0.049999997,0.205,0.085,-23.498056,9,15,29,SPEAKER_00,1503.4,1504.966667,1503.4,1504.0997187500002,1,0.6996875,disengaged
36.786125,0.08366064,35.757015,37.354866,38.208424,2.4514084,12.795319,3.5147977,21.328485,0.0,0.96879745,0.4053046,0.6116417,0.8839939,1.3444785,0.7328368,9.711254,6.31662,5.7497973,1.7565686,0.5726146,0.5918783,24.36219,0.43970028,3.2675874,3.7873237,-15.005847,-0.8015465,-11.180473,-0.94552207,0.01870311,0.75334764,1.2472705,0.44396308,6.941116,0.43691972,3.2305193,2.8134108,26.3055,0.29422846,802.8149,0.21499264,1292.3723,0.17963037,-55.074265,-1.4110428,1856.4575,0.13976958,1103.439,0.3240804,-60.13917,-1.1584847,2954.08,0.09439296,932.4878,0.25607842,-67.36301,-0.9761844,-13.565531,-0.46318287,25.334583,0.34375176,0.075689055,0.19230236,-0.023351118,-0.47037405,0.6559869,0.4946338,26.49466,0.3168217,3.5319002,3.5672603,-14.656671,-0.87266517,-12.708768,-0.8735361,-6.2464976,16.86696,0.06264347,-0.009011812,0.33123544,5.3892217,2.4691358,0.3075,0.3501696,0.06,0.021908903,-19.123924,9,15,32,SPEAKER_00,1541.333333,1563.1,1543.01346875,1544.70096875,1,1.6875,engaged
35.2932,0.02964759,34.18485,35.528126,35.897034,1.7121849,14.653997,3.369207,0.4996694,9.533116,0.67767507,0.45749813,0.4226209,0.59894496,1.0267841,0.60416317,6.859557,2.4669316,5.822634,1.1311973,0.4115235,0.7146679,23.804173,0.34450176,10.968786,0.6123942,-4.16066,-1.7516588,-25.33049,-0.36723754,0.022164471,0.6848584,1.4246798,0.42595014,6.1962886,0.45274046,2.4814851,2.5591378,31.964571,0.27358675,772.1862,0.13172123,1304.7223,0.0679482,-84.66667,-1.077542,1870.1947,0.07656646,1114.736,0.4011495,-93.791405,-0.8723166,2934.123,0.07203362,768.5362,0.1903408,-95.58651,-0.8447862,-19.521412,-0.27947402,27.681952,0.27963468,0.07760861,0.21482182,-0.03514455,-0.2698925,0.51560265,0.5896098,27.325502,0.28486684,12.548333,0.5517086,-5.577088,-1.3392994,-25.629879,-0.34243605,-15.31401,19.378181,0.06793142,-0.033884354,0.31069624,3.9473684,2.8169014,0.205,0.074999996,0.08333333,0.037712358,-21.453035,9,15,32,SPEAKER_00,1541.333333,1563.1,1544.93721875,1545.7134687500002,1,0.77625,engaged
35.994057,0.1485583,34.13284,37.470245,39.41513,5.2822914,305.91605,233.73445,82.82973,107.282845,0.86864716,0.41323626,0.58577377,0.88098973,1.1112412,0.52546746,10.034017,7.1436,6.3918023,3.0520132,0.55695385,0.6847125,23.919502,0.5379721,7.4491343,1.4237525,-4.420453,-2.134259,-19.816628,-0.5053807,0.06539924,2.1760795,1.3962412,0.62665147,7.1135445,0.6267732,6.350021,1.3555665,27.412228,0.3797767,781.51654,0.24581483,1351.4587,0.18911646,-72.343506,-1.1605425,1828.5103,0.15534274,1099.6265,0.24818692,-73.444244,-1.0259687,2926.9653,0.09020612,948.2438,0.38806632,-78.16609,-0.9290782,-18.600245,-0.4604219,30.190836,0.27764297,0.064472556,0.28910106,-0.028580582,-0.4120211,0.67888874,0.530065,29.917751,0.23503223,9.263739,1.2041922,-3.132201,-2.9659934,-22.423044,-0.39374298,-6.218443,14.805482,0.06296163,0.0029529016,0.30272207,4.9382715,2.5641026,0.2725,0.16798437,0.0975,0.122958325,-15.056144,9,15,32,SPEAKER_00,1541.333333,1563.1,1546.20284375,1547.8397187500002,1,1.636875,engaged
35.95615,0.0719953,34.76155,36.076363,37.757946,2.996395,12.092828,1.0618935,-32.72044,30.39499,0.7583061,0.46187335,0.49838936,0.69295204,0.9238046,0.42541522,6.847666,2.4423556,5.36316,2.6228175,0.49169868,0.5922145,28.468906,0.34824622,16.557028,0.6190303,-9.899662,-1.1882178,-24.010332,-0.4314212,0.024826556,1.1645803,1.2963507,0.4958522,7.351027,0.447179,5.6804786,1.635608,34.003906,0.2627888,749.3806,0.23487283,1378.2487,0.15133435,-34.991524,-1.6690507,1860.6469,0.14729474,1165.876,0.27022067,-48.41352,-1.0239921,2976.2366,0.0921803,966.9521,0.30805746,-53.901794,-0.8798379,-19.60851,-0.38932985,31.359177,0.25104883,0.07345431,0.2193529,-0.032862283,-0.31414187,0.5449397,0.5060671,30.643848,0.2733823,16.83167,0.6239519,-9.855149,-1.1351693,-24.734514,-0.4331039,-13.107912,22.011148,0.04068368,-0.022826126,0.15650938,3.0864198,1.9108281,0.45666668,0.1987181,0.055,0.035,-19.000711,9,15,32,SPEAKER_00,1541.333333,1563.1,1548.4134687500002,1550.05034375,1,1.636875,engaged
36.935516,0.051892605,35.44017,36.774506,38.085167,2.6449966,41.15139,68.82708,27.50418,9.665332,0.9058604,0.384576,0.62066704,0.8298557,1.2592328,0.6385657,7.47569,4.1606617,5.3084016,1.9750059,0.55138683,0.51137114,28.01524,0.3686428,3.216533,5.1079803,-11.381945,-1.3375682,-14.329372,-0.678694,0.018795222,0.86598724,1.3104402,0.62899375,8.1388235,0.46543407,6.200324,1.5544808,29.079288,0.38758227,794.2091,0.20695859,1381.975,0.17527592,-71.27937,-1.1341729,1849.3586,0.12549473,1237.9456,0.23811892,-76.75643,-0.9456407,2915.1965,0.08768285,1038.0372,0.2698533,-82.58615,-0.83340824,-15.129294,-0.7554512,30.53519,0.31739673,0.06983099,0.21054986,-0.017081007,-0.88118637,0.5809424,0.4548747,30.920202,0.27377933,4.9902873,3.3594592,-8.3918295,-1.8333715,-15.308455,-0.5997535,-6.8495865,24.472832,0.06507176,-0.0068605943,0.5099447,4.3010755,4.0145984,0.16727272,0.20063947,0.06,0.031622775,-18.612822,9,15,32,SPEAKER_00,1541.333333,1563.1,1550.6578437500002,1553.4590937500002,1,2.80125,engaged
35.913177,0.060982466,33.882313,36.63288,37.284428,3.4021149,193.67877,235.56754,55.231873,84.0046,0.6265169,0.5702994,0.31479102,0.55904317,1.0093557,0.69456464,10.469632,7.0694804,3.591751,1.9162457,0.40673712,0.9000783,23.017391,0.5838509,11.92212,1.0482806,-14.017698,-0.8034401,-10.260769,-1.0114881,0.027033366,1.0527716,1.6984227,0.47944224,6.2505217,0.48689592,7.3775105,1.2730293,34.78588,0.16901885,743.20245,0.22806202,1366.6102,0.11268394,-112.6917,-0.81068593,1795.7006,0.13295007,1159.9949,0.27980718,-112.52357,-0.7499884,2953.5579,0.09658935,955.52734,0.205919,-118.09091,-0.66782504,-17.057032,-0.44735843,29.752094,0.17039675,0.07069156,0.2409155,-0.027350489,-0.48765194,0.634817,0.5931151,31.493746,0.17109966,10.770959,1.1386384,-12.501966,-0.9458137,-16.293056,-0.51316524,-10.336165,21.213732,0.045427516,-0.010175511,0.20121469,3.7209306,2.3809526,0.202,0.10186265,0.16333334,0.142322,-21.880745,9,15,32,SPEAKER_00,1541.333333,1563.1,1553.94846875,1556.1084687500002,1,2.16,engaged
37.065525,0.047177993,36.095703,36.99229,38.812344,2.7166405,84.03669,122.24232,15.825398,9.690144,0.78266525,0.5607338,0.4238596,0.67136496,1.1019442,0.6780846,10.451902,6.0079355,7.6024275,3.5754879,0.58483624,0.7251273,28.357601,0.33452266,11.04101,1.041408,-6.7722454,-2.0650282,-20.831707,-0.37948763,0.0269845,0.96502745,1.2994487,0.41642302,7.9559164,0.45392695,5.137554,2.0463681,29.991695,0.27909476,788.35455,0.20979755,1339.0073,0.13948718,-76.01813,-1.0898466,1888.5619,0.13426593,1100.0739,0.3072497,-81.51639,-0.91428584,2978.8015,0.08446396,1025.1345,0.2857356,-86.55603,-0.81651956,-19.795427,-0.40968412,31.96224,0.25333244,0.06684871,0.284139,-0.031525478,-0.33294564,0.7174947,0.5797521,31.200497,0.21554467,9.58591,1.2731808,-5.6808605,-2.6699529,-21.089447,-0.36684176,-15.81229,25.57474,0.06317867,-0.027282478,0.31304047,3.5369775,2.9411764,0.22777778,0.11350749,0.089999996,0.06324555,-16.043266,9,15,32,SPEAKER_00,1541.333333,1563.1,1556.5640937500002,1559.6859687500005,1,3.121875,engaged
26.341509,0.08687267,24.341011,26.972263,27.9265,3.5854893,0.2424771,0.0,0.0,0.0,0.74676675,0.219931,0.5860865,0.76992065,0.91742843,0.33134192,4.267671,0.0,-5.7653985,0.0,0.3375401,0.26817036,18.314156,0.05933843,-2.585636,-0.4250797,-12.885739,-0.3667057,-48.51763,-0.10196738,0.093520395,0.0,2.4159906,0.10035474,-0.008378718,-94.774216,-15.04669,-0.61485153,4.9963346,2.1719646,949.1127,0.06131042,1047.3193,0.087723434,-26.42968,-3.2380276,2229.2363,0.01599386,526.18665,0.23768605,-37.713806,-2.088704,3146.8213,0.014504797,775.66736,0.07394772,-37.923206,-2.0887408,-14.30184,-0.053366262,18.59554,0.06577085,0.105067335,0.038457394,-0.037774157,-0.12580541,0.3310749,0.19910116,18.4127,0.027158484,-2.5192356,-0.42038515,-7.9411783,-0.18015623,-51.054874,-0.09327386,-17.462452,26.514103,0.108756214,-0.026023574,0.3399755,5.263158,12.5,0.049999997,0.0,0.0,0.0,-24.392717,9,15,37,SPEAKER_01,1642.733333,1654.166667,1644.6347187500005,1644.83721875,1,0.2025,disengaged
41.184547,0.009329911,40.82701,41.096054,41.5979,0.7708893,0.0,0.0,-0.08234024,0.0,0.63097626,0.11524378,0.566679,0.6274729,0.7093165,0.14263749,-0.6460637,0.0,1.3925346,0.0,0.26225856,0.4121823,21.475346,0.09496563,8.006515,0.24596857,-14.637177,-0.28981125,-53.554173,-0.0522851,0.03549418,0.23611309,1.7236353,0.24230023,8.250571,0.18645255,17.278017,0.102557756,35.647423,0.11112687,675.9669,0.18880637,1552.7673,0.1283746,-6.8870287,-0.41882437,1834.4153,0.13916399,1049.5853,0.19283089,-20.824354,-0.17094494,2935.4907,0.10867343,1034.6821,0.17612624,-26.764599,-0.16800402,-22.504166,-0.030628096,28.132118,0.045428865,0.0975973,0.15363145,-0.054551285,-0.07484308,0.32016093,0.3457124,20.676884,0.090790644,7.0703545,0.19275866,-12.184628,-0.09758893,-53.60004,-0.056225415,0.0,0.0,0.0,0.0,0.0,0.0,7.142857,0.13,0.0,0.0,0.0,-24.778666,9,15,37,SPEAKER_01,1642.733333,1654.166667,1644.97221875,1645.1915937500005,1,0.219375,disengaged
43.231518,0.055045765,40.431465,43.933823,45.53581,5.1043434,30.574627,16.435577,37.276077,0.0,1.0757482,0.38581705,0.6322702,1.1260554,1.3911033,0.75883305,7.6138835,4.073307,6.176127,0.35432863,0.6501309,0.5467091,16.38196,0.2805473,-18.966799,-0.52333146,-22.95283,-0.3195006,-33.336426,-0.25121045,0.06575196,0.64845353,2.200292,0.796309,3.1113193,1.0428435,7.161579,1.7356951,20.810778,0.296304,881.0475,0.20004697,1412.8887,0.116206154,-116.39835,-0.8035153,1732.2249,0.10429491,1631.5546,0.40030983,-105.19982,-0.8735584,2788.6248,0.08732468,953.1451,0.14064606,-107.343185,-0.8358938,-8.281891,-0.31594315,17.645123,0.15335678,0.057567928,0.39310575,-0.015774768,-0.47875634,0.631258,0.5186802,13.296011,0.22139803,-21.917295,-0.5227564,-20.473454,-0.34193063,-31.42773,-0.31585863,-6.5164986,19.246634,0.062257294,-0.015352108,0.7777703,4.3478265,4.878049,0.089999996,0.03,0.095,0.065,-20.72174,9,15,37,SPEAKER_01,1642.733333,1654.166667,1646.47409375,1646.94659375,1,0.4725,disengaged
37.911644,0.0076700947,37.76941,37.814808,37.97873,0.20932007,11.219025,0.0,6.340902,0.0,0.36745507,0.40240023,0.23694804,0.3399116,0.534001,0.29705295,2.3552208,1.4060495,1.5078114,0.0,0.111709476,0.6245966,13.673439,0.30490324,4.8453135,1.0427485,12.49107,0.55060214,-21.463636,-0.4635816,0.0152194705,0.5251866,1.5794752,0.43397605,7.733489,0.19388764,18.591715,0.31105244,22.796686,0.2108245,708.07355,0.25270957,1387.0392,0.12615158,-110.46066,-0.8330854,1786.2681,0.067918,855.2762,0.30076486,-100.88451,-0.8785145,2746.1133,0.06741356,943.8091,0.209617,-98.467926,-0.9227059,-11.5279455,-0.33701086,17.477882,0.28012073,0.058748875,0.29834715,-0.01884583,-0.5069188,0.1660847,0.39150566,14.206381,0.17450906,1.1417143,3.3473148,13.088964,0.54292536,-25.278217,-0.39615116,-8.428647,14.197173,0.03812111,-0.011382996,0.06676181,2.2727273,2.5641026,0.19999999,0.0,0.14999999,0.0,-33.61044,9,15,37,SPEAKER_01,1642.733333,1654.166667,1648.17846875,1648.63409375,1,0.455625,disengaged
40.48803,0.07304294,37.979927,39.49223,43.601486,5.621559,25.716784,13.789119,18.805227,12.545084,0.46384382,0.44173083,0.31957194,0.43236604,0.6266102,0.30703828,3.3353963,1.5564313,2.596941,1.8681862,0.17234121,0.71966636,20.158289,0.2880973,-3.6210604,-2.7175112,-5.838911,-2.3337934,-27.132177,-0.41201106,0.018724518,1.0173403,1.1458253,0.5577284,8.772619,0.38598523,15.897473,0.5604086,25.82561,0.7758633,723.6934,0.2854517,1401.4653,0.16422144,-54.350204,-1.5474842,1804.5298,0.12609705,1075.7721,0.36386028,-54.662785,-1.3072221,2788.7683,0.08438065,965.67834,0.30951804,-56.918346,-1.2371048,-14.103876,-0.35866925,22.887642,0.2872552,0.066018045,0.25332224,-0.027549854,-0.55550826,0.18163753,0.7049873,20.446917,0.26434135,-3.6123304,-2.847627,-6.8618054,-2.1686926,-29.209846,-0.35593483,-11.571987,18.36732,0.062007003,-0.022175467,0.16359876,3.215434,1.633987,0.478,0.30274743,0.09333333,0.06896054,-28.788445,9,15,37,SPEAKER_01,1642.733333,1654.166667,1648.9378437500002,1652.0597187500002,1,3.121875,disengaged
37.321472,0.13577898,31.439837,38.940407,41.076416,9.6365795,66.5528,45.298214,58.315994,0.0,0.66344017,0.36356562,0.4332265,0.5983,0.8543671,0.42114058,2.550447,0.16127098,-0.6929797,2.4508345,0.3273772,0.6593697,17.26427,0.4121341,-1.2552494,-7.985012,-8.081156,-1.4973027,-36.82433,-0.25239548,0.059582092,1.9185638,1.9595153,0.5397982,3.4486415,0.6794808,6.2421484,2.16102,19.401007,0.3990146,813.45746,0.14496529,1218.264,0.09737108,-103.99507,-0.922008,1901.3948,0.041539513,951.144,0.3295016,-107.34716,-0.83906174,2841.8372,0.04449865,871.81946,0.41513485,-108.429695,-0.8161844,-13.648409,-0.36790124,18.087738,0.44778818,0.07341978,0.17911668,-0.04146979,-0.17838874,0.3445365,0.67306507,19.424124,0.31984904,-6.904313,-1.5215824,-7.2500367,-1.274087,-35.32011,-0.30691886,-12.88995,20.731873,0.076418385,-0.039047614,0.3332137,2.1978023,3.4883723,0.13,0.07483315,0.13,0.016329931,-26.31861,9,15,37,SPEAKER_01,1642.733333,1654.166667,1652.80221875,1653.7303437500002,1,0.928125,disengaged
39.639088,0.012631489,39.16692,39.83949,40.069523,0.90260315,14.744028,0.0,-6.6949844,0.0,0.5686193,0.38702208,0.28286842,0.6736987,0.74537456,0.46250615,3.33295,0.8349091,1.2435741,2.026454,0.15181363,0.42842257,20.903864,0.1573771,4.3672376,1.1247722,2.5482647,1.555482,-40.65262,-0.27129272,0.013707634,0.57710904,1.0289425,0.76625687,10.540275,0.23987855,14.899662,0.2402487,25.289143,0.119734734,651.4259,0.16793132,1378.6686,0.07903627,-43.035473,-1.7008947,1844.724,0.1314415,1084.6318,0.37687308,-46.962757,-1.1478436,2796.4895,0.08529624,948.4117,0.22278848,-43.502144,-1.2605615,-17.379953,-0.2459634,21.928144,0.16715787,0.075134,0.18848304,-0.044053875,-0.24345446,0.1674265,0.34734124,21.770731,0.16716082,5.858462,0.84868896,3.610138,1.0327227,-43.671844,-0.23166399,-8.25716,15.542384,0.03301088,-0.014859649,0.035961706,6.666667,4.166667,0.19999999,0.0,0.02,0.0,-26.356771,9,15,37,SPEAKER_01,1642.733333,1654.166667,1653.8484687500002,1654.166667,1,0.3181875,disengaged
36.793217,0.021345496,36.29089,36.77623,37.284904,0.99401474,42.556988,47.483505,16.655117,7.8853197,0.7037726,0.27771774,0.60520226,0.66588616,0.9074148,0.30221254,6.4794044,0.0,-1.1855036,1.895396,0.19542935,0.4615413,22.056568,0.15610482,-0.07457424,-148.99411,-17.199642,-0.60160106,-39.83973,-0.1851755,0.012338798,1.8445746,0.6258211,0.5110325,11.108489,0.1932742,2.232862,5.2030296,30.487106,0.2618895,893.02795,0.060467478,1248.5453,0.092558354,-20.001072,-3.2403371,1896.9884,0.0620807,970.133,0.16373333,-35.381958,-1.6883537,3048.1895,0.016927753,694.65625,0.27308586,-40.702694,-1.4131858,-18.421059,-0.42624024,30.222057,0.15874721,0.09242512,0.16193758,-0.039119773,-0.27940243,0.20989151,0.43566772,23.340258,0.07796209,1.6112522,7.257992,-16.050694,-0.6547403,-42.834263,-0.10091449,-4.852968,21.170095,0.05850639,-0.015389106,0.22559734,1.8518519,2.0408163,0.42,0.0,0.049999997,0.0,-23.999454,9,15,38,SPEAKER_01,1654.2,1655.166667,1654.2,1654.7597187500005,1,0.5596875,engaged
37.69899,0.015255712,37.408913,37.675915,37.865284,0.4563713,10.4494095,0.0,1.1599874,9.713168,0.56496406,0.28188866,0.44451478,0.58609176,0.7218748,0.27736,3.42258,1.1142921,-0.14542615,2.2326782,0.27648,0.6407465,21.617756,0.2171011,6.050574,1.0298675,-11.111964,-0.5000644,-42.084045,-0.29214236,0.02932283,0.63105404,1.5943369,0.54612553,7.44654,0.42662603,7.2508574,0.6042388,34.478287,0.15373728,842.1872,0.114068106,1168.7568,0.11666632,-97.45497,-1.0253819,2075.2874,0.078912884,1014.33057,0.23596868,-109.11206,-0.76458496,2961.8518,0.051476948,771.2431,0.19933334,-106.00007,-0.81597674,-21.040888,-0.25923872,29.853691,0.22377327,0.09776572,0.15453506,-0.046983868,-0.30956727,0.2561383,0.56149155,23.868708,0.17806074,9.427937,0.49337465,-11.130653,-0.5547071,-47.144302,-0.28789666,-15.573249,24.445215,0.076313265,-0.034267407,0.24767901,5.357143,1.9607843,0.26,0.0,0.11,0.07,-25.505083,9,15,39,SPEAKER_01,1655.2,1658.1,1655.33346875,1655.90721875,1,0.57375,disengaged
40.06389,0.2139831,30.97943,41.144615,47.746803,16.767374,83.95467,0.0,64.600266,2.3644044,0.8141628,0.5656478,0.37483045,0.6860294,1.1480092,0.7731787,4.9351206,3.558727,11.383328,4.0399528,0.57802117,0.9006696,17.06548,0.4637304,7.044369,1.1494579,-7.014992,-1.6433469,-51.734917,-0.2514995,0.043369707,1.2619599,1.1914934,0.5973017,7.314939,0.4385871,6.6820197,1.7246767,13.3471,0.66590303,860.5416,0.19134356,1319.0417,0.27358603,-75.92099,-1.1796503,2035.0986,0.14452273,954.86554,0.67621636,-81.262634,-1.0009805,2981.0105,0.08312575,914.37115,0.31920865,-78.07436,-1.0602409,-15.611499,-0.3741334,22.770092,0.4241053,0.08357127,0.1899184,-0.041966055,-0.27143368,0.75299966,0.7939919,14.224292,0.57182443,6.4659014,1.4572091,-6.9267626,-1.9666214,-56.90153,-0.17052741,-18.485668,25.56247,0.06773334,-0.043168787,0.27176973,3.1578948,3.3707867,0.18666665,0.026246693,0.086666666,0.059066813,-17.38316,9,15,39,SPEAKER_01,1655.2,1658.1,1656.48096875,1657.44284375,1,0.961875,disengaged
45.694412,0.11778024,42.67401,44.587154,51.096035,8.422024,139.16864,110.59579,284.77853,181.23718,0.6323487,0.34691143,0.47613776,0.6091103,0.7651076,0.2889698,1.1325275,1.8255824,4.3467116,0.4860077,0.3440942,0.88230944,16.806257,0.36143675,8.654147,0.6215165,-6.211364,-2.173654,-51.153545,-0.2844539,0.015778817,0.7545865,0.8213258,0.5719314,11.087977,0.43135256,16.064718,0.5850889,17.936836,0.480292,830.204,0.16168226,1194.8191,0.15155077,-74.85418,-1.0166095,2028.2129,0.114739254,863.1489,0.42723545,-79.93381,-0.8011359,2986.5386,0.05136296,792.17,0.19909546,-75.87823,-0.87479216,-18.887962,-0.35287753,25.619078,0.3396661,0.07987298,0.29200462,-0.035756074,-0.36176062,0.41057128,0.8254515,15.894636,0.3421301,9.3821125,0.46485332,-5.0182295,-2.6933208,-56.13921,-0.23318416,-16.1252,25.839075,0.0631066,-0.037816413,0.20559143,3.2967033,4.7058825,0.1475,0.12871966,0.085,0.065,-19.964397,9,15,40,SPEAKER_01,1658.133333,1736.366667,1658.87721875,1659.8053437500002,1,0.928125,engaged
42.90617,0.044497717,41.586292,43.125717,44.35202,2.765728,48.470726,46.0578,26.208807,12.302242,0.56461084,0.45913205,0.35318732,0.4790222,0.7668476,0.4136603,4.4715624,2.2499297,2.1452224,1.0137466,0.17371371,0.65313333,9.974363,0.5598286,-10.623388,-1.1834873,0.37423804,43.039288,-31.877785,-0.2843593,0.027915701,0.8056562,1.2922299,0.40967363,5.1840787,0.7302796,11.166586,1.0883082,12.517021,0.8005555,787.7577,0.2893033,1335.4253,0.18899989,-63.614967,-1.3558925,1828.7058,0.10987848,1085.1149,0.38113928,-52.746674,-1.3715768,2760.6194,0.08496467,1036.19,0.33998555,-51.549072,-1.4107738,-5.681666,-0.70994043,13.1523075,0.43758488,0.050106112,0.28747538,-0.010827878,-1.1644771,0.19473052,0.6028108,9.533119,0.49071932,-11.907109,-0.9858631,1.5852259,11.191784,-33.08411,-0.26848993,-8.249513,14.149471,0.0594048,-0.017098896,0.107530475,3.3653848,1.9704434,0.39249998,0.212882,0.074,0.035552777,-29.986427,9,15,40,SPEAKER_01,1658.133333,1736.366667,1659.83909375,1661.9315937500005,1,2.0925,engaged
33.861748,0.21128552,25.957975,33.59861,41.465706,15.5077305,42.714836,61.619522,119.29105,0.0,0.34310535,0.47412288,0.2161133,0.3334076,0.48630562,0.27019233,0.43537092,1.16188,3.2717154,0.3009088,0.16168162,0.87433463,13.007266,1.0203965,5.161262,0.78368056,-6.898048,-1.3260692,-31.15025,-0.61846614,0.0621537,1.057949,1.1335821,0.49539855,4.6537766,0.9380845,6.284311,2.7235928,7.3757915,7.4402113,786.2958,0.11780406,1230.681,0.09384488,-99.9347,-1.0348154,1929.6302,0.105818145,913.6633,0.2276879,-106.69378,-0.8554739,2942.1523,0.08001354,849.3138,0.25811157,-107.60599,-0.83471835,-18.885529,-0.3245441,24.605736,0.32596487,0.06670367,0.29898673,-0.03473491,-1.0779945,0.21574287,0.48997524,21.365059,0.3224841,3.9314945,0.9006453,-11.60372,-0.57695323,-41.81864,-0.31556326,-5.2577043,9.079662,0.036762405,-0.0057525467,0.078790806,2.5641026,4.285714,0.11,0.037416574,0.103333324,0.08259674,-30.017954,9,15,40,SPEAKER_01,1658.133333,1736.366667,1663.0453437500005,1663.8384687500002,1,0.793125,engaged
42.31631,0.14517118,35.28448,42.325016,48.957886,13.673405,45.113834,59.767414,138.46234,121.80225,0.5230466,0.29582462,0.36292946,0.5183565,0.6910467,0.32811725,2.2311807,1.1934764,1.4241295,0.35989994,0.17427315,0.5996184,11.101928,0.79020154,-1.2009838,-5.7705326,-2.3652306,-4.874971,-37.858116,-0.20978162,0.037660986,1.2326795,1.5061752,0.5332469,6.4273453,0.53557515,13.458105,0.95202255,15.430282,0.6873297,775.8932,0.2754877,1337.3197,0.20447484,-39.205006,-1.8323683,1882.943,0.13994792,799.5569,0.39667818,-44.432453,-1.4085066,2874.5286,0.077992156,913.2576,0.37106362,-42.892475,-1.4643662,-10.736574,-0.38400978,17.609318,0.41977382,0.0762343,0.24456571,-0.02722839,-0.39957353,0.19764821,0.5228098,10.623751,0.83728176,-2.12816,-3.0706518,-3.047549,-3.812035,-39.688053,-0.18730657,-10.271339,16.62067,0.051525455,-0.028127715,0.07291496,2.4590163,2.586207,0.31666666,0.20677418,0.07,0.01,-29.849892,9,15,40,SPEAKER_01,1658.133333,1736.366667,1664.3953437500002,1665.62721875,1,1.231875,engaged
43.229248,0.093526445,39.317196,42.324493,46.853832,7.5366364,0.37672007,0.0,0.0,0.0,0.61264396,0.3774455,0.33381382,0.6807731,0.8215278,0.48771396,2.912531,0.0,-4.6800485,0.0,0.214012,0.5761844,20.978666,0.3000229,-13.064723,-0.58546114,-20.050491,-0.5458359,-27.004951,-0.26323804,0.037242327,0.9627411,0.90116537,0.6227569,9.510376,0.17395052,7.064513,0.7010093,29.700075,0.14361069,877.17377,0.20003213,1432.3364,0.14564879,-29.505236,-2.0617027,1821.811,0.09933419,1225.9034,0.14604372,-38.297665,-1.3104057,2963.702,0.095305584,1039.2917,0.49453196,-49.617256,-0.940662,-8.736885,-0.32174703,22.838747,0.24368182,0.062290996,0.39707687,-0.01406284,-0.66144407,0.23755151,0.501895,22.229172,0.2687342,-13.408654,-0.62878823,-20.19756,-0.53634876,-28.37572,-0.21684627,-3.4110208,13.520954,0.0442777,-0.0070568845,0.10581235,2.4390244,2.777778,0.31,0.0,0.02,0.0,-27.947678,9,15,40,SPEAKER_01,1658.133333,1736.366667,1666.2515937500002,1666.6734687500002,1,0.421875,engaged
44.616898,0.06561026,39.902714,45.82977,46.526997,6.624283,26.479952,0.0,-10.337869,0.0,0.3273786,0.43869022,0.18084091,0.3121873,0.4591203,0.2782794,2.344224,0.552889,0.6399047,0.8597163,0.11843753,0.66806793,19.15557,0.28372455,-1.831811,-6.92669,-6.015989,-2.1653235,-25.535923,-0.5746979,0.02280894,0.4547499,1.5516454,0.5525103,7.669064,0.5243473,13.991364,0.77369064,18.285421,0.7815063,794.81586,0.25201243,1283.8037,0.21597737,-132.58319,-0.6566593,1888.2708,0.14907323,849.3069,0.46695033,-120.919106,-0.687541,2882.9688,0.08902179,876.2653,0.5427997,-121.38656,-0.6806297,-11.710107,-0.5456504,22.006535,0.37342203,0.073503554,0.19067994,-0.018472068,-0.46140665,0.15751235,0.39697257,17.706232,0.39894685,1.0311419,14.413192,-5.2448654,-3.2661557,-32.55352,-0.37007368,-9.008123,17.94564,0.04884988,-0.0123306075,0.094058156,3.125,3.2967033,0.12666667,0.04109609,0.114999995,0.13047987,-34.000256,9,15,40,SPEAKER_01,1658.133333,1736.366667,1667.17971875,1668.15846875,1,0.97875,engaged
41.893555,0.039934468,41.434074,42.163673,43.09908,1.6650047,114.000916,94.60467,102.29324,94.79478,0.91323835,0.58750397,0.43448853,0.7616841,1.5352539,1.1007653,0.71631765,5.571953,5.787709,0.0,0.6380387,0.82971245,19.986261,0.1534726,-6.0977983,-1.1118212,-23.167974,-0.44534764,-34.850758,-0.3074584,0.02332475,0.8368604,0.9041533,0.6698084,10.783992,0.3946125,8.353355,1.9865497,32.944195,0.38897935,826.1166,0.16985525,1354.7098,0.10594514,-78.590485,-1.212808,1845.3958,0.0859684,1140.9985,0.2640476,-85.71601,-1.0221026,2958.929,0.042755365,836.9111,0.2017156,-92.65042,-0.8922406,-17.250555,-0.22505543,28.086342,0.20930648,0.062427994,0.23070972,-0.031629097,-0.32220468,0.5420486,0.6961848,18.736517,0.08903128,-3.890882,-2.0505946,-26.609674,-0.3754811,-39.448154,-0.21630839,-12.322813,26.306581,0.05900794,-0.031364273,1.0219733,2.4390244,2.777778,0.21,0.0,0.06,0.04,-16.74399,9,15,40,SPEAKER_01,1658.133333,1736.366667,1669.0697187500002,1669.4915937500002,1,0.421875,engaged
39.831696,0.05313104,37.31441,40.07962,42.06369,4.749279,11.853798,0.0,-19.976809,0.0,0.64776385,0.48604336,0.33748144,0.6333179,1.0540777,0.7165963,2.4539695,1.3845695,3.9727833,0.14780028,0.20306544,0.61423105,17.515676,0.41193905,-2.5965192,-4.1504993,-7.6505375,-0.80960226,-36.7144,-0.3111554,0.012205764,0.73534286,0.84710014,0.4620961,10.312316,0.2492029,5.3057723,2.4709702,24.153234,0.26943752,744.52,0.22267595,1319.324,0.11767528,-60.29923,-1.5118886,1942.5692,0.16042292,908.0398,0.33342412,-61.019352,-1.2715333,2914.0698,0.09044455,1015.4434,0.32473657,-61.80599,-1.245395,-15.62381,-0.3256857,21.138355,0.2972355,0.06867011,0.22957586,-0.032029852,-0.37328756,0.25659412,0.41542888,19.476152,0.33752617,-3.6797192,-3.3345745,-8.268133,-0.82420003,-41.81041,-0.22703083,-6.7270274,13.908356,0.045246694,-0.012426666,0.0667464,3.6144578,1.2820513,0.58,0.0,0.085,0.044999998,-25.233494,9,15,40,SPEAKER_01,1658.133333,1736.366667,1670.7572187500002,1671.6009687500002,1,0.84375,engaged
40.511234,0.08901982,36.92155,40.734116,44.18784,7.2662888,39.792423,11.377509,13.030659,0.0,0.9324624,0.77961683,0.40426162,0.58553463,1.3076487,0.90338707,8.772141,3.2659435,2.9567091,1.999711,0.3301564,0.8962329,20.398016,0.55276555,-0.09258397,-132.87648,-6.9257507,-1.813102,-40.786488,-0.36654824,0.015858883,1.4014235,0.8104739,0.52756196,9.902723,0.45025313,10.645174,0.83873206,28.159218,0.4624305,733.9096,0.19879904,1435.7614,0.15518874,-21.958038,-2.4623435,1825.0037,0.14830649,1118.817,0.31921014,-36.00075,-1.2632434,2898.401,0.07714849,997.2992,0.32828644,-37.888187,-1.1908431,-14.4404,-0.63614476,24.34225,0.45089006,0.0643407,0.26404423,-0.024121802,-0.50913334,0.35348463,0.8551786,20.344679,0.57802916,1.0579008,11.555807,-6.7781215,-1.9236555,-42.717785,-0.33725864,-3.281995,19.931473,0.04264316,-0.006637821,0.14222948,1.8518518,0.6369427,1.4499999,0.0,0.099999994,0.0,-20.745016,9,15,40,SPEAKER_01,1658.133333,1736.366667,1672.25909375,1673.89596875,1,1.636875,engaged
40.14183,0.07135631,38.71083,40.21851,43.092503,4.381672,15.773636,9.544502,47.604195,33.241356,0.6774699,0.58646935,0.41137737,0.56662524,0.7754398,0.36406243,0.3675607,2.920432,5.145958,4.4600883,0.29670462,1.0455681,28.258623,0.15834826,2.3911989,4.943607,-12.935355,-0.6330078,-30.02659,-0.5525369,0.017294053,1.1317793,1.0093297,0.6382531,10.428247,0.4202764,8.439384,1.0857646,32.51902,0.25653717,802.2421,0.15333354,1268.0797,0.14180319,-58.515453,-1.3697317,1935.4337,0.10336473,1129.8258,0.16338855,-71.41447,-0.96305174,2983.6467,0.048706554,887.3558,0.20918259,-74.630775,-0.8927593,-19.286007,-0.43761095,31.375866,0.22986674,0.055474743,0.35504076,-0.030351557,-0.41549724,0.2662916,0.94269747,29.625261,0.12275224,5.2950664,2.1584318,-12.511629,-0.6911444,-35.18539,-0.40578315,-7.66747,22.116112,0.038485903,-0.015445328,0.4296504,1.6260163,2.542373,0.29,0.30408332,0.08333333,0.018856179,-23.809916,9,15,40,SPEAKER_01,1658.133333,1736.366667,1674.8578437500005,1676.1065937500002,1,1.24875,engaged
38.035362,0.13394865,36.265602,38.283157,42.102867,5.837265,121.28925,103.89347,32.609867,44.43581,0.545366,0.5928362,0.23338112,0.4888612,0.7545843,0.52120316,5.698991,2.293342,2.0018039,2.9237428,0.21331677,0.79751325,25.814861,0.20052342,2.5262444,5.74138,-7.615128,-1.2847303,-35.799225,-0.40047294,0.026075015,1.9353844,0.94613457,0.9660518,9.83398,0.45185998,6.6072536,1.4846842,30.740711,0.3480773,789.25195,0.21428825,1423.5315,0.17998792,-99.64648,-0.9429711,1863.1793,0.13113946,1204.897,0.17430161,-100.0317,-0.85057217,2975.41,0.05879034,918.2585,0.4358706,-103.1129,-0.79871243,-17.02542,-0.42992678,27.292414,0.24338467,0.07346155,0.24530937,-0.028167412,-0.40336198,0.26306075,0.7057212,26.524448,0.18980314,3.4102168,3.7692027,-10.279363,-0.9705373,-45.718414,-0.16843595,-13.233334,23.60382,0.06170679,-0.014859173,0.15742992,3.3333333,2.0689657,0.26333332,0.28940552,0.19333334,0.098432146,-26.669388,9,15,40,SPEAKER_01,1658.133333,1736.366667,1676.84909375,1678.3678437500002,1,1.51875,engaged
38.73744,0.13648391,38.338665,39.076096,42.104584,3.7659187,0.36094102,0.0,0.0,0.0,0.3658179,0.29599604,0.26570737,0.3784527,0.46647418,0.2007668,0.043085396,0.75396496,1.0577639,0.50993586,0.11048363,0.41568843,32.125996,0.0853486,9.016757,0.6619658,-15.554766,-0.53610444,-31.419739,-0.24909729,0.029736,1.7002296,0.7849255,0.44475886,11.156414,0.26180333,9.758373,0.93808585,36.785057,0.12729898,795.25433,0.07991303,1230.1415,0.1336345,-55.98013,-1.5091273,1823.2465,0.07342485,968.2363,0.22257298,-70.72669,-1.0840259,3048.9495,0.024776924,729.0016,0.31626958,-79.369934,-0.8933482,-20.132702,-0.27060875,32.956364,0.10591198,0.06825155,0.19232766,-0.039293975,-0.18834993,0.11306405,0.3818179,33.47,0.036515225,7.820741,0.78262234,-17.259665,-0.48580143,-33.54391,-0.22345994,-19.936308,33.092243,0.058655374,-0.034728132,0.12775767,1.2345679,1.3157895,0.55,0.0,0.089999996,0.07,-31.336508,9,15,40,SPEAKER_01,1658.133333,1736.366667,1679.7178437500002,1680.54471875,1,0.826875,engaged
35.754498,0.21826608,26.374714,39.589,42.292892,15.918179,41.040436,0.0,85.92189,0.0,0.30936784,0.20512173,0.28383958,0.3310479,0.35229328,0.0684537,1.2930772,1.0498523,1.0008963,0.64188397,0.0957288,0.5534315,25.699108,0.27864385,13.103304,0.40432775,-3.9969656,-1.2306725,-28.805376,-0.2128062,0.027358906,1.0817232,0.96022725,0.53003037,8.112662,0.45055473,5.745705,1.8145032,31.712383,0.1880273,844.3311,0.08747495,1211.2303,0.09740377,-38.890427,-1.8643003,1961.8458,0.04714536,968.8964,0.21311997,-55.094112,-1.1840746,2981.7458,0.021887021,808.06433,0.22504981,-57.05192,-1.1258881,-21.679943,-0.26373446,31.586212,0.24244283,0.062733434,0.28993037,-0.034105767,-0.35109118,0.09317364,0.5117713,25.78852,0.3046074,13.846144,0.3868598,-4.6147337,-1.1454264,-30.245962,-0.114047535,-21.223452,29.829256,0.06724466,-0.035343442,0.13502483,4.166667,2.1978023,0.36499998,0.205,0.07,0.03,-32.998577,9,15,40,SPEAKER_01,1658.133333,1736.366667,1681.8947187500005,1682.8734687500005,1,0.97875,engaged
43.471012,0.14431807,41.35706,41.804188,42.343582,0.9865227,179.43576,131.11533,1392.3792,986.1232,0.33909953,0.496977,0.24640045,0.28576633,0.386316,0.13991556,2.9712303,1.2380382,5.854155,5.2027555,0.15249029,1.3557292,12.064355,0.5858472,7.257969,1.4808319,-9.665367,-1.1551173,-24.209856,-0.39116046,0.04433358,0.8688183,1.4143595,0.4627635,6.0404634,0.5728421,16.829462,0.19175503,22.670263,0.18277343,775.2913,0.30238667,1347.8848,0.1256055,-91.80106,-0.9345783,1849.9307,0.119887486,1380.3796,0.38794693,-76.85366,-0.9517621,2729.5264,0.1233522,1089.6052,0.2810394,-77.81226,-0.93222094,-11.553624,-0.34359792,20.149225,0.38770154,0.04261104,0.43870398,-0.020464864,-0.29189467,0.14604315,1.403054,11.622287,0.5405958,6.8978887,1.6794429,-10.167734,-1.1065227,-25.499647,-0.35499686,-10.668267,20.68709,0.045213178,-0.015281908,0.20631716,2.7027028,4.347826,0.15333332,0.07133645,0.056666665,0.03771236,-29.633663,9,15,40,SPEAKER_01,1658.133333,1736.366667,1686.4678437500002,1687.2272187500002,1,0.759375,engaged
29.153006,0.0,29.153006,29.153006,29.153006,0.0,0.0,0.0,0.0,0.0,0.872416,0.038866386,0.8504784,0.8622336,0.90287054,0.052392125,1.4611065,0.0,1.3982702,0.0,0.23508522,0.32137218,28.722565,0.03571257,3.7529075,1.2117939,-36.30799,-0.07021203,-55.930004,-0.116006345,0.0070753857,0.124478534,0.61847574,0.21434993,10.09304,0.22127199,-13.4350815,-0.15329748,24.880785,0.31585234,960.9322,0.014198007,1069.5686,0.025684085,17.202105,0.51219547,2001.7961,0.023457406,1274.8057,0.14231892,-15.888995,-0.41239083,3128.352,0.013766387,660.41254,0.09664973,-12.123861,-0.7032903,-15.264095,-0.14691247,36.209873,0.023432046,0.07279114,0.08698099,-0.057789855,-0.076292075,0.33498228,0.29643324,29.39656,0.028917728,7.2216506,0.17196925,-38.436745,-0.05884416,-61.464188,-0.03720268,0.0,0.0,0.0,0.0,0.0,11.111112,0.0,0.0,0.0,0.0,0.0,-19.646196,9,15,40,SPEAKER_01,1658.133333,1736.366667,1690.0284687500002,1690.1297187500002,1,0.10125,engaged
48.21816,0.04666451,46.273384,48.291443,49.81492,3.5415344,39.807125,43.975372,96.09771,161.47014,0.77131927,0.41815242,0.4840902,0.8106683,1.1097425,0.6256523,3.252783,2.2694297,2.1668096,1.5396355,0.20741388,0.51540273,3.0222712,3.949238,-14.321215,-1.0504053,-14.84645,-0.71571666,-22.396816,-0.6965723,0.013977672,1.6209348,0.85061944,0.5830554,10.170896,0.506749,4.968002,2.222186,11.057897,1.3291523,915.9898,0.20568153,1150.8842,0.20921957,-38.108288,-1.946878,1946.3575,0.11833166,1136.3041,0.34379402,-38.60673,-1.742528,2884.1511,0.089224234,1004.6344,0.33628073,-40.40819,-1.6530364,-1.8392582,-7.29343,15.310536,0.8734295,0.07182788,0.37008333,0.003309935,6.9104395,0.22222352,0.42124227,2.6534245,4.763452,-16.14658,-0.8809096,-15.563189,-0.71680266,-22.639946,-0.7460826,-1.4245403,11.042,0.05764142,0.00021433743,0.1430878,2.5477707,1.6233766,0.516,0.5280379,0.1025,0.054486234,-26.924276,9,15,40,SPEAKER_01,1658.133333,1736.366667,1690.6190937500005,1693.77471875,1,3.155625,engaged
0.0,0.0,0.0,0.0,0.0,0.0,0.0,0.0,0.0,0.0,0.27633148,0.16490896,0.23894478,0.27601397,0.3223329,0.083388105,0.024445778,0.0,0.0,0.0,0.050330438,0.4676798,7.10623,0.29589438,-7.723969,-0.587263,-14.099117,-0.32996738,-6.942864,-0.3182353,0.0,0.0,0.0,0.0,0.0,0.0,0.0,0.0,0.0,0.0,0.0,0.0,0.0,0.0,-201.0,0.0,0.0,0.0,0.0,0.0,-201.0,0.0,0.0,0.0,0.0,0.0,-201.0,0.0,0.0,0.0,0.0,0.0,0.0,0.0,0.0,0.0,0.0,0.0,0.0,0.0,0.0,0.0,0.0,0.0,0.0,0.0,-1.6403233,9.84476,0.0520588,-0.0008288231,0.0,0.0,0.0,0.0,0.0,0.0,0.0,-44.325462,9,15,40,SPEAKER_01,1658.133333,1736.366667,1694.4159687500005,1694.4834687500002,1,0.0675,engaged
51.31254,0.015359828,50.36688,51.506348,52.187813,1.8209343,7.5466504,0.9352126,10.269403,0.0,0.3343223,0.4039171,0.16743618,0.38105592,0.4464778,0.27904162,2.8899899,0.965384,1.5559554,0.10504854,0.09299967,0.7568717,16.228193,0.17943136,5.8894296,1.1196095,-8.202051,-0.73740023,-37.14509,-0.38304853,0.014566639,1.5804394,0.74487597,1.2492563,16.900322,0.16476189,15.47229,0.5719467,2.855375,3.4676907,859.1412,0.13663204,1350.2888,0.1126398,-108.06652,-0.7849142,1988.2687,0.11346532,1133.3495,0.20634998,-99.41756,-0.7400875,2862.3835,0.051257774,688.2674,0.35732788,-92.802376,-0.84483427,-22.030386,-0.140697,29.61133,0.10143871,0.059005424,0.31065193,-0.037820574,-0.19693999,0.110822715,0.6670643,15.283593,0.1536005,9.307168,0.16834009,-8.438317,-0.3606526,-47.271797,-0.19264314,-10.552065,21.804926,0.039923646,-0.009349503,0.047598492,3.5714285,1.9607843,0.32,0.0,0.17,0.0,-29.415726,9,15,40,SPEAKER_01,1658.133333,1736.366667,1697.0822187500005,1697.65596875,1,0.57375,engaged
48.48005,0.027513154,47.028755,48.96348,49.745644,2.7168884,19.857384,0.0,-29.69836,0.0,0.39245728,0.3546395,0.24271041,0.46608126,0.49323216,0.25052175,1.8874736,2.4666038,0.5545619,0.0,0.1294921,0.4904955,22.817585,0.16557981,4.0058312,1.9320159,-13.652018,-0.68369836,-40.872467,-0.35497135,0.014826832,0.71448964,0.7427229,1.1438415,13.5283165,0.3221952,15.861145,0.39453554,25.527763,0.44725433,839.5233,0.19029939,1191.8807,0.14238833,-64.69581,-1.238093,1970.5883,0.14297253,957.1158,0.24543522,-67.867584,-0.9640645,3044.2302,0.068543196,1007.95013,0.45158723,-72.119316,-0.8704512,-20.230152,-0.2558865,29.895979,0.14710629,0.08395959,0.36819786,-0.01814883,-0.49484748,0.14650741,0.44391096,21.332739,0.116589814,0.16633856,33.485046,-16.991438,-0.51339144,-42.319218,-0.27290994,-19.051641,26.283787,0.069461614,-0.028336897,0.116835125,2.1276596,2.3809524,0.32,0.0,0.06,0.0,-27.849201,9,15,40,SPEAKER_01,1658.133333,1736.366667,1705.30034375,1705.7897187500002,1,0.489375,engaged
45.52641,0.011608998,45.071136,45.587505,45.981895,0.910759,15.978813,1.4051433,5.6917386,6.4388647,0.29104015,0.3573601,0.15718183,0.3265622,0.37193173,0.2147499,0.32983512,0.9785871,0.7686701,0.0,0.06460589,0.6042078,27.122837,0.2152951,10.136772,0.2738685,-14.792277,-0.76567036,-37.634617,-0.3032633,0.009481484,0.8901461,0.5428602,0.9717755,15.509005,0.17217217,20.588257,0.28912425,38.454807,0.1358764,842.0898,0.110757485,1062.1617,0.09750654,-21.525053,-2.2600472,1929.0215,0.08552676,1046.5973,0.17188765,-55.502525,-0.6254282,3011.2969,0.055758834,714.6946,0.24701491,-56.04391,-0.621775,-23.169842,-0.15833513,36.51458,0.14921424,0.072288655,0.2880293,-0.012756526,-0.43775216,0.072445616,0.5187092,29.000443,0.12713043,9.704886,0.26524022,-17.947226,-0.5195733,-41.0595,-0.22321922,-6.011158,10.690922,0.009623807,0.0012855086,0.017560925,1.8518519,2.0833335,0.44,0.0,0.02,0.0,-30.874342,9,15,40,SPEAKER_01,1658.133333,1736.366667,1706.51534375,1707.0722187500005,1,0.556875,engaged
42.444946,0.1001337,40.833042,42.45355,45.20416,4.3711166,326.29065,297.5147,8.089696,41.36016,0.3181937,0.44486845,0.19723068,0.31917512,0.44082636,0.24359567,2.4236526,1.5785607,1.7317473,0.94777334,0.08302616,0.8931946,20.624321,0.34499002,4.8520775,1.0634564,-7.3999867,-1.2625699,-30.072802,-0.51053077,0.018038023,0.84906846,0.75288707,0.542172,11.179615,0.35911217,11.414517,0.89267737,28.52748,0.40816176,781.937,0.20538867,1324.8513,0.17591135,-75.68301,-1.1660111,1876.8529,0.13236271,1135.4531,0.21802872,-82.07399,-0.92026246,2873.7283,0.06725711,906.3491,0.36898014,-83.62128,-0.8898696,-19.644,-0.2290907,29.908058,0.19407457,0.06372754,0.37423024,-0.02430748,-0.54728717,0.10480177,0.7586746,22.751932,0.27548134,5.929944,0.7318593,-11.866431,-0.6002086,-38.13446,-0.2566891,-8.505607,15.909496,0.028389757,-0.003732733,0.036681335,3.0303032,1.5544041,0.44,0.39251328,0.13499999,0.051234756,-32.110573,9,15,40,SPEAKER_01,1658.133333,1736.366667,1707.52784375,1709.51909375,1,1.99125,engaged
43.414238,0.14956005,36.201996,44.060326,50.06309,13.861095,21.782948,0.0,-50.092335,0.0,0.5288007,0.27525002,0.37383258,0.5339391,0.6791685,0.30533594,1.4855831,0.7718291,2.420446,0.907046,0.1941145,0.6935477,13.96197,0.46058875,1.8926682,2.1756756,-12.918015,-0.56870383,-28.210321,-0.3467777,0.029192558,1.106499,0.86745673,0.49282655,9.89253,0.4795093,10.386379,1.1284809,25.31407,0.34074846,880.6683,0.14475153,1258.2245,0.18441793,-79.113655,-1.1234635,1934.9681,0.08745926,1048.9161,0.2919593,-83.545494,-0.9463012,2947.1956,0.04352273,806.15515,0.5049408,-86.061386,-0.8975226,-15.935178,-0.2906185,27.598576,0.20526148,0.06022312,0.30858293,-0.026620986,-0.3750962,0.23801358,0.60989255,16.51251,0.27628976,1.5077612,3.12554,-16.277386,-0.35474193,-33.12144,-0.22725411,-6.571666,15.264189,0.035157472,-0.012772238,0.122083604,3.5714285,2.8037386,0.22666666,0.08730534,0.08,0.024494898,-27.9837,9,15,40,SPEAKER_01,1658.133333,1736.366667,1729.4147187500002,1730.5453437500005,1,1.130625,engaged
0.0,0.0,0.0,0.0,0.0,0.0,0.0,0.0,0.0,0.0,0.35054982,0.060044132,0.33183134,0.34381458,0.36551744,0.0336861,0.0,0.0,-0.011420769,0.0,0.06691717,0.23527841,6.2488494,0.4084594,5.834067,0.31722325,-7.368978,-0.07136342,-18.11155,-0.2919678,0.0,0.0,0.0,0.0,0.0,0.0,0.0,0.0,0.0,0.0,0.0,0.0,0.0,0.0,-201.0,0.0,0.0,0.0,0.0,0.0,-201.0,0.0,0.0,0.0,0.0,0.0,-201.0,0.0,0.0,0.0,0.0,0.0,0.0,0.0,0.0,0.0,0.0,0.0,0.0,0.0,0.0,0.0,0.0,0.0,0.0,0.0,-10.240312,17.017172,0.04251929,-0.02710084,0.0,0.0,0.0,0.0,0.0,0.0,0.0,-40.732876,9,15,40,SPEAKER_01,1658.133333,1736.366667,1731.9628437500005,1732.0303437500002,1,0.0675,engaged
37.836773,0.08264367,34.960617,37.769794,40.412502,5.451885,168.55908,135.52911,91.226295,138.77422,0.51569235,0.45148337,0.2525381,0.5245385,0.6780649,0.42552677,12.265705,15.245413,3.064064,1.6010336,0.25553268,1.187444,21.683681,0.22055495,1.081971,7.7465725,-14.643776,-0.64812624,-32.03672,-0.30581442,0.05287756,1.3033485,1.1327273,0.69488627,6.4409037,0.5655951,6.785154,2.0169132,31.155731,0.28521863,833.0587,0.11783365,1228.8992,0.13038374,-63.370533,-1.3450595,1904.0305,0.06279097,905.6389,0.22512808,-70.96033,-1.0892864,3044.9807,0.037995044,854.6627,0.382164,-77.02478,-0.95345384,-16.630005,-0.3222101,25.477219,0.2541486,0.06779422,0.24699497,-0.034946237,-0.3748296,0.2977417,1.3742651,22.948116,0.20525913,1.434824,4.8292584,-15.30525,-0.6958534,-34.981915,-0.21060768,-14.864569,23.671171,0.05871285,-0.030213099,0.19501083,4.0,5.0000005,0.13,0.14165686,0.061999995,0.047497366,-26.142345,9,15,40,SPEAKER_02,1658.133333,1736.366667,1684.88159375,1686.14721875,1,1.265625,engaged
38.85242,0.1856068,31.189093,37.865314,47.14345,15.954359,122.49064,64.391174,138.66129,89.63613,0.4074321,0.46288854,0.21554917,0.4550135,0.5943957,0.37884653,3.3893838,1.9176459,1.8122493,0.9670208,0.15699583,0.8087577,18.123034,0.5126104,3.8015823,1.7826394,-13.210785,-0.9195995,-27.589886,-0.5396647,0.030066218,0.7985715,1.3498355,0.55425143,7.4816318,0.5330559,3.7703395,3.0569215,28.826107,0.30825984,852.77057,0.17203619,1296.7815,0.18584926,-112.558525,-0.86466527,1856.3335,0.09549065,1144.7122,0.2405856,-118.74046,-0.72203034,2910.2258,0.07080189,856.7749,0.28068817,-121.11868,-0.68809354,-16.846575,-0.3582831,27.999006,0.28064856,0.080486834,0.29223993,-0.033230856,-0.45645076,0.2389232,0.5243184,22.391718,0.3302788,3.386033,1.6982682,-17.609118,-0.75779265,-36.122826,-0.31599292,-9.487894,18.105526,0.0495952,-0.010456587,0.09018667,4.458599,2.6490066,0.1625,0.14972891,0.25666666,0.2718251,-29.627865,9,15,40,SPEAKER_02,1658.133333,1736.366667,1688.4422187500002,1690.0284687500002,1,1.58625,engaged
0.0,0.0,0.0,0.0,0.0,0.0,0.0,0.0,0.0,0.0,0.23398824,0.06548218,0.2210277,0.23939681,0.24814549,0.027117789,1.5046363,0.0,1.3939341,0.0,0.028127229,0.30563754,0.69322854,6.5957513,3.1262927,0.67966276,-4.929265,-1.0273476,-14.748689,-0.26302472,0.0,0.0,0.0,0.0,0.0,0.0,0.0,0.0,0.0,0.0,0.0,0.0,0.0,0.0,-201.0,0.0,0.0,0.0,0.0,0.0,-201.0,0.0,0.0,0.0,0.0,0.0,-201.0,0.0,0.0,0.0,0.0,0.0,0.0,0.0,0.0,0.0,0.0,0.0,0.0,0.0,0.0,0.0,0.0,0.0,0.0,0.0,0.9455055,3.8996606,0.007193906,0.010101466,0.03352898,0.0,0.0,0.0,0.0,0.0,0.0,-47.264732,9,15,40,SPEAKER_02,1658.133333,1736.366667,1694.33159375,1694.4159687500005,1,0.084375,engaged
39.584297,0.22341678,30.265121,42.896812,48.782173,18.517052,94.94775,44.356335,730.0853,649.32355,0.4414063,0.47636697,0.2283811,0.42842257,0.6089295,0.38054842,1.728421,0.6543444,0.67919505,1.5388246,0.20409964,0.7563374,19.242197,0.40629178,14.450244,0.41102898,-10.569618,-0.7741212,-35.042606,-0.37654024,0.04146577,1.047275,1.12851,0.6667488,9.677437,0.614245,7.978968,1.6268444,27.151016,0.2469324,843.23804,0.13948861,1296.2335,0.18377134,-79.22617,-1.0719982,1949.7979,0.10098241,1131.6808,0.30286822,-91.4563,-0.8101242,2982.548,0.055786896,875.6972,0.37523225,-90.99904,-0.80962443,-22.824718,-0.21778019,32.5106,0.21953075,0.09379953,0.22312583,-0.03242316,-0.356864,0.26165196,0.5912131,21.941633,0.26264527,13.952792,0.47325423,-13.776657,-0.5713893,-40.65122,-0.22720197,-13.877312,21.542767,0.061541438,-0.025480857,0.11733808,1.7699115,3.7037039,0.16749999,0.11475517,0.08,0.035355337,-23.120813,9,15,40,SPEAKER_02,1658.133333,1736.366667,1694.88846875,1696.0359687500002,1,1.1475,engaged
47.406067,0.0,47.406067,47.406067,47.406067,0.0,0.0,0.0,0.0,0.0,0.23986149,0.39678806,0.15351222,0.2021899,0.33163643,0.1781242,0.027867407,0.0,3.8395832,0.0,0.07971402,0.6622818,19.707335,0.24744146,6.093687,1.0276212,-13.195648,-0.3900009,-27.769579,-0.15185498,0.007901088,0.47415257,0.84675306,0.354604,8.93075,0.33455142,21.035156,0.10409232,29.558464,0.054304454,868.0962,0.005574394,983.8756,0.04171524,-1.6505545,-1.7386702,1961.2994,0.012913083,888.3168,0.057843477,-24.032522,-0.14007029,2971.3794,0.0036731013,617.4297,0.23092544,-31.20902,-0.14145906,-20.822336,-0.13383263,30.526031,0.120840736,0.07880719,0.08411603,-0.017217921,-0.1064439,0.13941497,0.18778855,23.820475,0.08691799,3.0991652,2.7182856,-16.329994,-0.35460025,-31.412386,-0.07693906,0.0,0.0,0.0,0.0,0.0,0.0,0.0,0.0,0.0,0.0,0.0,-36.25241,9,15,40,SPEAKER_02,1658.133333,1736.366667,1696.96409375,1697.0822187500005,1,0.118125,engaged
34.867428,0.07252889,32.594894,35.22526,35.40788,2.8129845,277.42322,0.0,32.476013,0.0,0.54384756,0.31732863,0.36590275,0.55252624,0.72123545,0.3553327,4.439596,3.094657,2.4925237,0.20641673,0.2053317,0.5732341,23.78551,0.09714388,-11.782839,-0.37677956,-19.991375,-0.50096554,-26.855246,-0.3793463,0.020328185,0.48598513,1.3277159,0.5884357,2.8003328,1.3689091,-8.248214,-0.57136166,15.135437,0.1946299,873.00604,0.18719693,1319.5106,0.10577349,-150.75986,-0.539231,1932.5918,0.11740425,1161.782,0.13158983,-150.49695,-0.49976727,2964.518,0.09013938,1084.068,0.3646464,-151.76317,-0.48373434,-9.02019,-0.48329458,26.277636,0.24817854,0.058423065,0.15266387,-0.022725107,-0.68268037,0.32169786,0.4174757,23.131933,0.06917447,-11.722204,-0.24820065,-22.346542,-0.560959,-31.561005,-0.3043453,-8.741632,22.01389,0.05608587,-0.019608056,0.17904605,3.0303032,5.0000005,0.043333333,0.01699673,0.13666667,0.088065624,-29.177135,9,15,40,SPEAKER_02,1658.133333,1736.366667,1699.1747187500002,1699.8497187500002,1,0.675,engaged
42.804974,0.13539661,35.96921,45.15542,47.27058,11.301369,40.22982,36.03028,-3.8159637,23.06731,0.47557977,0.6860043,0.18689603,0.39836475,0.68636334,0.4994673,0.7874494,0.21064058,1.3969555,0.6803654,0.1314831,0.90648127,22.751884,0.4279962,0.87603956,16.656109,-14.159543,-0.8715745,-33.57918,-0.36496967,0.014872225,0.89061034,0.6732612,0.6365976,11.3073845,0.42796934,10.268474,1.2450542,31.490177,0.2857128,872.2329,0.16561204,1234.8097,0.1900455,-70.724266,-1.3449072,1940.2142,0.09347608,1065.8639,0.26003703,-84.13857,-0.981054,3020.0056,0.059456352,830.5109,0.35074022,-86.6784,-0.9290969,-17.230343,-0.5092574,30.0478,0.29736796,0.0760351,0.33430454,-0.022061141,-0.8789933,0.17644963,0.70695436,24.113546,0.2882664,-3.5750856,-4.3813205,-20.009096,-0.47829533,-39.52461,-0.18945831,-14.0827875,22.65397,0.048026916,-0.014584471,0.051545866,0.6688963,0.68027216,0.96999997,0.59999996,0.48,0.26999998,-27.417486,9,15,40,SPEAKER_02,1658.133333,1736.366667,1699.9847187500002,1702.9884687500005,1,3.00375,engaged
37.32527,0.048138548,36.375343,36.912212,37.470177,1.0948334,95.11527,48.903503,6.0955963,0.0,0.71809137,0.46784124,0.42541224,0.5791167,1.1318767,0.70646447,8.741533,6.5775785,4.7161636,0.80030274,0.3819319,0.5433664,21.367643,0.51310813,5.766911,2.5229187,-19.206638,-0.8300249,-22.702091,-0.43791887,0.02356736,0.9432704,1.3739585,0.5335181,5.315806,0.69962704,-3.915138,-2.1394105,25.988546,0.21327658,787.9992,0.24383599,1340.0851,0.0918047,-77.79678,-1.1313742,1808.877,0.16417599,1291.8646,0.16469422,-83.540146,-0.98409814,2865.8774,0.08729375,1009.9691,0.16913533,-90.47615,-0.8433346,-10.210671,-0.90000546,28.940771,0.21089743,0.07315173,0.22611962,-0.015651926,-1.0342073,0.46758506,0.3386542,25.023623,0.24012335,0.41252604,39.52301,-24.377787,-0.5457561,-22.644823,-0.5198712,-9.8374195,19.093266,0.04940544,-0.018752996,0.28049248,2.9411764,4.7619047,0.12333333,0.073635735,0.06333333,0.024944384,-23.201561,9,15,40,SPEAKER_00,1658.133333,1736.366667,1714.2272187500002,1714.9190937500002,1,0.691875,engaged
35.687447,0.035252668,34.66934,35.784695,36.514328,1.8449898,194.4723,260.68973,0.88550663,10.280119,0.94365233,0.42055154,0.5928475,0.86784583,1.2979211,0.70507354,9.940674,6.5866904,5.820137,2.1643221,0.59642446,0.63166237,25.170948,0.43748614,12.499632,1.0182363,-6.1045475,-2.3291056,-23.545483,-0.49503008,0.019822175,0.8136327,1.3461617,0.55585366,6.6270776,0.6250596,6.927785,1.7181046,31.67004,0.33324987,743.5857,0.26288992,1384.4282,0.14147939,-59.392906,-1.3922712,1825.0791,0.14563552,1110.7836,0.23232956,-70.32217,-1.0270683,2864.552,0.09117103,1035.2169,0.31288943,-74.27537,-0.938308,-18.663717,-0.43846828,27.789263,0.3175485,0.078272745,0.2101382,-0.033168122,-0.3081749,0.6792013,0.5889869,27.5721,0.3713667,12.093795,1.1452928,-7.170416,-2.1195927,-22.533354,-0.409341,-14.35659,19.572521,0.058902275,-0.030982317,0.4401974,4.191617,3.726708,0.18833333,0.19334051,0.07,0.027568096,-17.583408,9,15,40,SPEAKER_00,1658.133333,1736.366667,1715.5097187500005,1717.1972187500005,1,1.6875,engaged
35.181072,0.14096503,34.28073,36.09374,37.731365,3.450634,34.892773,28.236784,62.844078,44.21125,0.8320605,0.5152916,0.47903416,0.73002595,1.1952206,0.7161864,13.151836,7.369555,4.6010137,3.755391,0.517609,0.79604584,22.635664,0.4970166,12.3439455,0.99594754,-3.5413795,-3.0588894,-15.410257,-0.76021737,0.033941142,1.5627502,1.2424214,0.58333254,6.781424,0.6056913,6.0511546,1.4255931,28.49263,0.29916418,788.15314,0.19396639,1334.4513,0.19968544,-73.24289,-1.139029,1875.3403,0.12694608,983.1585,0.22376508,-78.67331,-0.94879687,2955.6167,0.08521507,826.6272,0.31339258,-81.62874,-0.8886423,-18.573952,-0.37891313,27.166632,0.3031947,0.06624125,0.3271607,-0.02883859,-0.36883423,0.6138828,0.62061256,27.52252,0.26770487,12.348683,0.9455469,-1.8890554,-5.8668084,-18.766464,-0.58140856,-10.516412,17.999973,0.050756738,-0.014081176,0.30403587,3.4852548,3.804348,0.17357142,0.08448222,0.07230769,0.034228604,-16.686846,9,15,40,SPEAKER_00,1658.133333,1736.366667,1717.66971875,1721.4159687500005,1,3.74625,engaged
33.172783,0.13561814,30.682867,35.12794,35.73548,5.052614,184.41699,0.0,59.878742,51.02376,0.6175104,0.5042092,0.3525669,0.5770395,0.8881917,0.5356248,2.7978275,3.142192,6.645352,3.6721082,0.42154998,0.6061394,28.15059,0.39150655,7.5816646,1.7810159,-10.82171,-1.0781064,-13.551547,-0.5769363,0.088864654,1.3041553,1.5929345,0.43412358,4.8929477,0.3209286,11.6303,0.59394455,40.22048,0.13566715,654.7319,0.3557728,1443.8497,0.15778716,-90.130135,-1.0957617,1646.1256,0.1654761,1265.1311,0.12893993,-97.99214,-0.9032323,2878.0173,0.077236556,974.8127,0.18697448,-105.723625,-0.7700924,-17.760345,-0.6047534,35.740612,0.090795696,0.081177,0.11723941,-0.01578207,-1.0091702,0.5571064,0.39205587,33.754677,0.123368435,16.691166,0.7972008,-11.178081,-1.3591226,-18.412727,-0.40332153,-3.5962646,18.463057,0.045259148,0.004941988,0.31339997,3.7037039,2.0833335,0.26,0.0,0.095,0.005,-23.370249,9,15,40,SPEAKER_00,1658.133333,1736.366667,1721.70284375,1722.2597187500005,1,0.556875,engaged
35.689304,0.07430176,35.062145,35.98211,36.93096,1.8688164,18.921227,8.6884575,27.637655,17.456244,0.82027054,0.43885452,0.46081138,0.7734921,1.1354439,0.67463255,6.624885,4.040496,4.9834857,2.313102,0.42615867,0.71072716,25.429596,0.47023934,9.046144,1.5880834,-10.922221,-1.1998166,-14.38658,-0.82051474,0.02335663,1.4784751,1.1645478,0.4921127,7.4606786,0.396677,5.0813146,1.6967521,31.55906,0.2490949,735.6569,0.2286618,1432.7739,0.2173066,-55.35808,-1.4797927,1742.2366,0.13304062,1173.7175,0.20897491,-62.372707,-1.1704177,2856.238,0.08899924,995.7066,0.4506705,-70.48818,-0.9678195,-15.007779,-0.5569493,28.969383,0.23339066,0.06757274,0.2765892,-0.022145841,-0.64146835,0.4945146,0.60803115,29.687305,0.22297205,7.597787,1.9793782,-11.724324,-1.2338418,-16.335497,-0.672098,-9.829078,15.1079855,0.038327064,-0.012457058,0.2255,3.5598707,1.9736842,0.38,0.273191,0.103333324,0.10241527,-20.470053,9,15,40,SPEAKER_00,1658.133333,1736.366667,1722.6309687500002,1725.7359687500002,1,3.105,engaged
36.991776,0.054665994,36.113377,37.07288,38.731777,2.6184006,94.348145,119.36276,15.306799,10.383506,0.7919647,0.51523805,0.4880411,0.70903635,1.0945777,0.60653657,9.60317,6.7421455,6.9365883,3.219752,0.55317104,0.7844541,24.49446,0.44204673,10.318499,0.98130393,-3.5807607,-3.7103403,-16.437105,-0.50382715,0.020666562,0.80309975,1.2005134,0.5108565,8.232214,0.46803686,5.046756,2.0568879,29.3149,0.2539535,769.2912,0.2526514,1347.2849,0.14185058,-77.66852,-1.0839345,1860.1194,0.14691775,1095.0013,0.24924292,-83.7377,-0.9124222,2934.2332,0.103808165,1040.4788,0.33518845,-88.735085,-0.8173528,-19.475712,-0.37860888,31.862387,0.22199097,0.05681416,0.3102394,-0.026897317,-0.37762114,0.6997853,0.6158789,29.403446,0.22385727,10.539989,1.0499368,-4.2659426,-3.5196595,-19.051043,-0.4012664,-11.171685,20.541245,0.047986962,-0.004929957,0.29206306,3.8216562,2.9126215,0.22444445,0.12508762,0.09666667,0.06912147,-16.236856,9,15,40,SPEAKER_00,1658.133333,1736.366667,1726.1240937500002,1729.2797187500005,1,3.155625,engaged
47.249054,0.074147746,43.52976,47.290104,50.681698,7.1519394,0.6590595,0.0,0.0,0.0,0.83180165,0.29896265,0.5828652,0.91611016,1.038182,0.45531684,11.74595,0.0,-4.889049,0.0,0.6138359,0.37696457,21.504986,0.23309067,-1.3034614,-4.0585504,-20.733263,-0.5403399,-30.86098,-0.30612975,0.04228466,0.48571333,1.899957,0.22645614,8.713644,0.28942028,13.784328,0.15830605,29.212465,0.3411187,686.3803,0.38967606,1300.6775,0.18768473,-15.755399,-0.6213333,1691.0908,0.1537386,1096.8484,0.12125456,-22.77524,-0.4657184,2816.1738,0.10169915,936.9844,0.35630965,-35.830425,-0.14052075,-12.390659,-0.3507798,30.296717,0.23150067,0.062641084,0.2781842,-0.015241223,-0.78171206,0.7015417,0.22707473,23.508478,0.17550357,-3.7328012,-1.056954,-24.485046,-0.44271848,-29.473196,-0.3421441,0.0,0.0,0.0,0.0,0.0,4.5454545,6.25,0.14999999,0.0,0.0,0.0,-21.16115,9,15,40,SPEAKER_00,1658.133333,1736.366667,1731.72659375,1731.9628437500005,1,0.23625,engaged
39.793945,0.1662483,34.590702,36.647606,45.953026,11.362324,985.98456,1211.5328,290.72763,235.80754,0.9388119,0.29665795,0.642337,0.9493983,1.1595172,0.51718014,5.3949103,2.189933,3.127801,2.534176,0.44785964,0.75249064,17.10294,0.36833727,-1.0941064,-8.462425,-16.19396,-0.7095224,-32.535408,-0.4234588,0.020996869,1.5643814,0.9453534,0.62654334,8.040532,0.5820237,6.035705,1.8251971,25.237862,0.47510266,794.73193,0.21094993,1301.7949,0.17070492,-24.47996,-2.5895212,1831.3362,0.11950994,1094.1217,0.3312626,-34.75891,-1.5294896,2866.7922,0.08653882,842.7891,0.2923128,-41.08692,-1.2266554,-14.152454,-0.60188967,24.322811,0.41833535,0.05825554,0.36775157,-0.026954575,-0.569579,0.4326893,0.7375715,17.594248,0.36643806,-0.70414865,-13.882029,-15.831906,-0.7435883,-32.693645,-0.42977333,-14.999049,23.775076,0.05556955,-0.034455813,0.7030358,3.0612247,2.094241,0.42,0.5710954,0.053333335,0.023570225,-21.29208,9,15,40,SPEAKER_00,1658.133333,1736.366667,1732.0303437500002,1734.0047187500002,1,1.974375,engaged
34.763744,0.006489584,34.595787,34.73541,34.92604,0.3302536,0.0,0.0,-0.1834755,0.0,0.6813278,0.056605447,0.64107037,0.69271827,0.7176499,0.07657951,2.0495465,0.0,-0.9859055,0.0,0.1681926,0.36988753,9.470039,1.042364,-0.8189554,-4.6633654,-13.162457,-0.6745224,-27.775787,-0.3975019,0.009377125,0.0,0.64354205,0.3297764,4.2070427,0.29591987,-9.747104,-0.06783792,18.416174,0.15461637,712.6934,0.050375845,1435.1101,0.026071753,-138.36024,-0.5545064,1596.8223,0.026230551,1539.8212,0.08221698,-117.84832,-0.6997016,2598.4663,0.043104082,782.37244,0.18705417,-120.39754,-0.6620436,-14.865121,-0.010386126,32.46696,0.0067506866,0.037758578,0.014539564,-0.031372868,-0.013992711,0.13208815,0.0,26.000751,0.030379007,4.3950667,0.023226226,-27.90696,-0.008536176,-44.189137,-0.035633333,-7.3052793,14.30475,0.02573375,-0.024211109,0.2462582,8.333334,14.285714,0.02,0.0,0.03,0.0,-30.611876,9,15,40,SPEAKER_00,1658.133333,1736.366667,1734.9834687500002,1735.11846875,1,0.135,engaged
36.62869,0.0091580665,36.273064,36.77006,36.90697,0.6339073,0.10771137,0.0,0.0,0.0,0.8588052,0.3048581,0.5713019,0.8643134,1.0817962,0.5104943,9.627445,2.19594,6.3603735,0.48949146,0.51846415,0.41083637,25.928555,0.33495948,1.6874975,7.774595,-18.579868,-0.38436106,-20.429848,-0.42691973,0.010151495,0.24754173,1.6030229,0.2807951,4.507941,0.43039104,-11.021455,-0.22091028,21.380945,0.17051332,742.6842,0.1444777,1351.0867,0.13588287,-124.82193,-0.68842435,1827.1434,0.082030736,1029.5475,0.12776509,-117.49508,-0.71122295,2998.7046,0.06659068,794.71405,0.15786947,-121.28448,-0.65573937,-7.812216,-0.4524968,22.120558,0.16649722,0.06561528,0.10995185,-0.027569152,-0.18955229,0.62109405,0.14620455,30.03635,0.04437149,-10.673378,-0.32987162,-18.920208,-0.12748693,-25.514236,-0.13511527,-10.386166,24.437847,0.049027294,-0.030707305,0.4605546,8.0,5.0000005,0.08,0.0,0.044999998,0.015,-21.660952,9,15,40,SPEAKER_00,1658.133333,1736.366667,1736.09721875,1736.366667,1,0.2694375,engaged
36.869415,0.03550584,36.17133,36.77477,37.40297,1.2316399,25.108719,7.8001075,23.181093,23.48764,0.88267,0.47559404,0.5144418,0.7052331,1.3400595,0.82561773,8.464758,4.5999875,5.877517,3.5468273,0.5207294,0.7186606,30.17694,0.19626193,6.729755,1.8168494,-14.211805,-0.7257389,-12.062416,-1.097552,0.016745394,1.0411905,1.2639308,0.48215544,8.789272,0.31524158,5.91253,1.7020454,33.145004,0.2803481,676.80273,0.27235112,1476.3949,0.13147575,-60.035034,-1.3405621,1670.1289,0.1548091,1180.9905,0.128286,-58.870655,-1.1819609,2852.9658,0.09291031,1033.7855,0.25029823,-68.7374,-0.9364856,-15.865466,-0.46922192,32.2609,0.19986823,0.05844697,0.35808957,-0.024397237,-0.45546213,0.6118494,0.6126692,31.645157,0.15885927,8.829045,1.364173,-14.579173,-0.74843323,-16.5659,-0.6094841,-7.940044,22.259762,0.030838994,-0.009791995,0.23834509,3.1746032,1.6304349,0.48,0.3144307,0.11333333,0.01699673,-18.35504,9,15,41,SPEAKER_00,1736.4,1748.3,1736.4,1738.30784375,1,1.9078125,disengaged
35.343597,0.037949648,33.947857,35.283077,36.57313,2.6252747,31.028812,20.821804,16.119923,6.2162504,0.7032332,0.514432,0.3849097,0.6033981,0.98610353,0.60119385,7.2311606,1.8938768,6.0666423,2.5269222,0.4752541,0.7228715,28.424118,0.24207443,8.434377,1.1900339,-6.4153156,-1.9067197,-11.164999,-1.0762795,0.018631494,1.012809,1.1649717,0.4872485,7.850775,0.34964302,13.477268,0.8036005,39.753525,0.15815093,780.8134,0.16541435,1355.5833,0.11675666,-117.097534,-0.80089736,1840.4248,0.10315455,1033.4883,0.16055971,-118.45517,-0.7122284,3028.9236,0.07730105,858.07666,0.13950036,-123.01386,-0.64815056,-19.207945,-0.3263862,30.487305,0.21454753,0.077699415,0.23610832,-0.032020863,-0.2740558,0.7020265,0.4077016,32.809242,0.11967342,9.907705,0.8424212,-10.942319,-0.80592716,-19.614061,-0.4951274,-13.153568,21.470362,0.043263998,-0.018375838,0.3171569,5.2173915,2.7272727,0.16,0.0725718,0.1375,0.0657172,-19.67005,9,15,41,SPEAKER_00,1736.4,1748.3,1738.4259687500005,1739.59034375,1,1.164375,disengaged
35.726913,0.12513854,34.153965,36.026268,37.986332,3.832367,381.34735,555.58795,77.18056,64.330795,0.80256516,0.4387991,0.52518785,0.7646365,1.1742756,0.6490878,7.209357,3.3111074,6.0723515,4.8693924,0.5509783,0.82149225,25.8015,0.3978396,9.600846,1.1627421,-3.6961408,-2.8449256,-11.83134,-0.9879856,0.026168734,1.2203879,1.1980053,0.5000409,7.420407,0.48249024,8.706864,1.2763077,30.614534,0.30041733,839.74365,0.14923114,1297.7,0.18190847,-68.06899,-1.2291737,1946.637,0.10094646,1004.1516,0.21670903,-77.57953,-0.9722624,3019.2637,0.063852444,944.9257,0.33717322,-81.82323,-0.89139503,-18.904392,-0.36319464,29.310957,0.28115377,0.059706815,0.32010823,-0.026035836,-0.37892786,0.6117476,0.5454066,29.657166,0.22821297,9.34915,1.2598442,-3.3344505,-3.3556066,-14.940426,-0.73457044,-13.030409,21.8358,0.049549136,-0.008085012,0.46595502,3.448276,2.8662422,0.23666665,0.09966612,0.089999996,0.070867635,-17.692757,9,15,41,SPEAKER_00,1736.4,1748.3,1740.1978437500002,1743.40409375,1,3.20625,disengaged
35.49053,0.023198353,34.681835,35.424397,36.168858,1.4870224,10.69378,0.0,15.603456,19.736364,0.6367686,0.496304,0.37410533,0.61050993,0.89471644,0.5206111,3.2263699,3.0683293,4.220955,1.5589836,0.41126686,0.6529068,26.284168,0.3422548,7.3274684,1.225087,-7.8930616,-1.8691728,-10.058773,-0.6133181,0.019963747,0.8669849,1.7785522,0.3859611,4.5301576,0.5825993,16.37098,0.38255587,36.65997,0.1367396,690.5687,0.27637678,1485.6487,0.17618237,-111.68372,-0.8261298,1677.6538,0.16890517,1257.9111,0.19343586,-118.25052,-0.70904845,2818.4956,0.107665986,954.36456,0.16707598,-123.92519,-0.6255195,-16.488562,-0.6150642,31.963533,0.14121707,0.07439212,0.15920642,-0.0146459695,-1.044666,0.5940744,0.44477904,31.726946,0.1399955,9.762651,1.1427894,-6.328794,-2.9594655,-13.500505,-0.49023628,-8.979445,21.021181,0.032133847,-0.001022646,0.30077735,3.3898306,3.7037039,0.114999995,0.065,0.125,0.015,-23.287828,9,15,41,SPEAKER_00,1736.4,1748.3,1743.7078437500002,1744.3153437500002,1,0.6075,disengaged
36.48777,0.058998693,35.219307,35.7191,37.146652,1.9273453,122.52092,146.25436,23.648489,32.769108,0.9555254,0.42004964,0.58361644,0.84084827,1.2927756,0.7091592,8.486294,3.8205445,5.3440285,4.3930683,0.5662139,0.81595004,26.178268,0.3910186,0.727765,18.26601,-10.503738,-1.3969895,-14.240258,-0.63064355,0.015690103,1.3981576,1.1433172,0.5267925,7.5456495,0.4709065,6.9450746,1.5490477,31.235859,0.35154614,768.20276,0.2337795,1376.0466,0.12984747,-68.48197,-1.291883,1791.8077,0.13011724,1193.641,0.269159,-73.85015,-1.0733849,2889.7612,0.090958714,1009.26575,0.28368515,-81.20491,-0.9148798,-14.057265,-0.717923,29.451294,0.26603287,0.062216554,0.30798808,-0.019747522,-0.65524215,0.6578308,0.6939367,30.596882,0.22938748,3.39739,3.8171031,-12.06217,-1.3242043,-16.046505,-0.5528981,-4.7006044,11.466223,0.050030254,-0.015684072,0.3670962,3.5190618,2.0833335,0.32857144,0.23326431,0.113749996,0.1354564,-17.569403,9,15,41,SPEAKER_00,1736.4,1748.3,1744.8722187500002,1748.3,1,3.4278125,disengaged
35.090496,0.004208312,34.97769,35.065365,35.228924,0.25123215,6.508255,0.078583,0.7500966,3.9481304,0.6800386,0.25942105,0.53826326,0.67987305,0.86122733,0.32296407,4.058229,0.0,-4.1418447,0.0,0.17320558,0.26916698,16.212168,0.2566746,-16.36767,-0.26382867,-1.3037184,-3.0453117,-12.359882,-0.67074364,0.016719738,0.43328154,1.8173385,0.6948419,1.9385719,1.3277198,2.994996,1.0940062,20.775948,0.086903244,805.0936,0.2765331,1268.7411,0.12419049,-38.462597,-2.0326967,1829.636,0.110508524,1084.0588,0.082985304,-31.917517,-1.9686637,2758.9153,0.063615955,980.64233,0.08602229,-34.79917,-1.7709813,-6.5290184,-0.28718755,16.231838,0.083680265,0.05872267,0.21332665,-0.013074983,-0.4849909,0.18828303,0.22149728,18.590034,0.11629217,-14.241601,-0.21339,-3.2754683,-0.99321854,-17.461403,-0.21001871,1.0819004,12.927215,0.052095976,0.005732878,0.18373501,3.846154,4.7619047,0.17,0.0,0.02,0.0,-30.115257,9,15,42,SPEAKER_01,1748.333333,1761.966667,1753.25909375,1753.52909375,1,0.27,engaged
39.10233,0.07570371,36.92605,39.833233,41.831894,4.9058456,61.96577,118.080475,40.825115,50.97856,0.8105021,0.6605403,0.2916132,0.7018338,1.3468875,1.0552742,7.9596133,12.700577,4.3133082,1.6969309,0.26385972,1.0104953,19.16965,0.3956719,-3.2133503,-3.8555756,-13.097554,-0.82144684,-31.475006,-0.46540552,0.015076342,2.044903,0.8055377,0.7631841,10.583635,0.36922613,4.194754,2.1116312,27.21584,0.35704774,797.17706,0.21132046,1331.486,0.14240345,-84.538574,-1.1698387,1825.5999,0.13480827,1070.404,0.30907407,-83.465416,-1.08426,2887.6226,0.07385254,886.2531,0.373989,-87.502426,-0.99642456,-13.847517,-0.40206343,24.134985,0.2106418,0.052183665,0.41580358,-0.029875997,-0.5242111,0.31160435,0.5712032,21.168165,0.25879222,-5.5351257,-2.3374224,-15.434182,-0.7558459,-39.73027,-0.27388683,-6.567381,16.816442,0.033255875,-0.011775095,0.19839448,1.7713366,1.2987013,0.4675,0.44675913,0.25,0.36502662,-20.45386,9,15,42,SPEAKER_02,1748.333333,1761.966667,1753.52909375,1759.7559687500002,1,6.226875,engaged
39.994957,0.06582321,38.50523,40.58837,42.439465,3.9342346,6.775681,14.775296,13.717636,11.299543,0.5476235,0.573574,0.26184285,0.44859943,0.8372433,0.5754005,3.7240458,2.6383133,2.7217708,1.5982101,0.13045332,0.7042827,18.873606,0.48563433,1.6075318,8.159581,-15.284998,-0.9878876,-28.534666,-0.47827625,0.011432097,1.3459501,0.75012136,0.8727721,11.625596,0.34817752,3.229043,2.347828,29.568094,0.21117668,812.4059,0.19510409,1380.6533,0.14915025,-80.23678,-1.2388232,1809.766,0.13146582,1147.6698,0.37757748,-81.64476,-1.1179683,2926.6995,0.06819821,831.2772,0.3153109,-87.951096,-0.978688,-12.677816,-0.4919791,26.010836,0.21920557,0.041918296,0.48015127,-0.02914532,-0.55763674,0.16998428,0.55844206,23.00858,0.20110886,-4.2028503,-3.1158276,-21.024368,-0.7635988,-35.6264,-0.28383306,-8.832913,15.382684,0.024385419,-0.018293107,0.06893704,2.8673835,0.729927,0.84999996,0.78,0.32999998,0.086023256,-26.52977,9,15,43,SPEAKER_02,1762.0,1781.5,1762.25346875,1765.05471875,1,2.80125,disengaged
36.008915,0.088853545,33.32263,36.527702,38.75955,5.4369164,13.49295,21.84894,14.8514385,0.0,0.5943365,0.46585086,0.33406973,0.5558168,0.8033773,0.46930754,3.7471514,1.9559267,2.1816835,1.046422,0.17842783,0.7156518,21.184925,0.30207783,0.0444952,280.6874,-2.0083165,-4.091771,-37.150394,-0.42834917,0.027263764,1.9207563,0.6712514,0.42290765,8.137288,0.43517348,0.32898676,13.560131,23.17367,0.3615657,847.61194,0.11219917,1210.109,0.13864544,-62.92266,-1.4753058,2048.1812,0.10112316,966.96643,0.3967984,-74.82028,-1.098739,2895.2742,0.06295077,888.7024,0.3456786,-73.29739,-1.1345419,-14.859739,-0.3820641,21.77451,0.30561733,0.058055248,0.2934429,-0.041596927,-0.31178007,0.2309912,0.546817,23.40467,0.25319797,2.3350453,5.8047714,-4.1135817,-1.8115065,-45.237755,-0.29722953,-7.457816,15.518897,0.03493992,-0.011836925,0.08230482,2.3622048,1.6393442,0.41,0.14999999,0.11666667,0.05312459,-26.655178,9,15,43,SPEAKER_02,1762.0,1781.5,1780.20846875,1781.49096875,1,1.2825,disengaged
38.24826,0.09624214,34.62288,36.705532,42.925007,8.302128,13.049486,0.0,-38.08244,0.0,0.9653807,0.93878186,0.24805696,0.6346533,1.5835668,1.3355098,5.3631754,2.0406039,3.4230175,1.8301983,0.31921813,0.9611643,21.42315,0.4810179,1.3097908,11.370415,-13.568294,-0.770508,-35.486458,-0.57722676,0.015776532,1.5554255,0.73424107,0.9814843,10.119615,0.4016624,1.9788722,3.1234863,31.85852,0.2724639,906.22296,0.17781779,1247.8772,0.17877081,-66.24776,-1.4401428,1938.3273,0.110489756,1266.5763,0.23153608,-79.279465,-1.0615604,2959.3845,0.06303212,873.7895,0.38615254,-80.258965,-1.0443486,-15.898259,-0.4605423,27.380955,0.30040458,0.057850644,0.31544155,-0.036150247,-0.44916707,0.44163644,0.7087884,23.175043,0.46392784,0.53324133,33.03209,-19.870325,-0.31346083,-48.862396,-0.17541951,-7.440237,9.417062,0.03606921,-0.015255584,0.09128497,1.7543861,1.2048193,0.545,0.385,0.17333333,0.13199326,-17.879967,9,15,44,SPEAKER_02,1781.533333,1853.366667,1783.3640937500002,1785.0853437500002,1,1.72125,engaged
35.930035,0.031893563,35.091682,36.446712,36.797173,1.7054901,-10.7686615,14.70573,8.5295,0.0,0.26700264,0.6150212,0.11416083,0.24425718,0.41899788,0.30483705,2.9052668,0.65021074,0.14642024,1.7806922,0.10023627,1.138578,20.518784,0.3696326,7.763379,0.73791903,-5.748679,-1.5884696,-20.365828,-0.7223129,0.026522562,1.090458,1.1935816,0.41495508,5.809008,0.42107233,4.9285326,1.3756295,32.415916,0.14494604,722.3349,0.18707988,1421.7593,0.11093256,-141.01189,-0.6150575,1734.7634,0.08452632,1314.8221,0.10347001,-136.6638,-0.57954496,2850.4033,0.08361134,861.0415,0.43611085,-138.23285,-0.55999225,-16.184725,-0.34733588,27.079874,0.22251679,0.061943848,0.2197585,-0.031194186,-0.43160802,0.20032394,0.6922317,27.162085,0.20143168,9.99924,0.57219654,-13.079103,-0.46143064,-34.45116,-0.3397573,-9.395801,18.110825,0.032150675,-0.004963702,0.051724497,2.9411764,3.1746032,0.105,0.015,0.12333333,0.08259674,-33.982063,9,15,44,SPEAKER_02,1781.533333,1853.366667,1786.14846875,1786.84034375,1,0.691875,engaged
0.0,0.0,0.0,0.0,0.0,0.0,0.0,0.0,0.0,0.0,0.32813084,0.39168787,0.23396182,0.2569325,0.41124022,0.1772784,0.019858796,0.0,0.0,0.0,0.07712399,0.9346158,11.38052,0.38937178,2.106639,0.8489866,-3.3556676,-1.2468427,-19.420399,-0.33100826,0.0,0.0,0.0,0.0,0.0,0.0,0.0,0.0,0.0,0.0,0.0,0.0,0.0,0.0,-201.0,0.0,0.0,0.0,0.0,0.0,-201.0,0.0,0.0,0.0,0.0,0.0,-201.0,0.0,0.0,0.0,0.0,0.0,0.0,0.0,0.0,0.0,0.0,0.0,0.0,0.0,0.0,0.0,0.0,0.0,0.0,0.0,-6.3712287,14.836923,0.0364661,-0.010190821,0.04661388,0.0,0.0,0.0,0.0,0.14,0.0,-38.118557,9,15,44,SPEAKER_02,1781.533333,1853.366667,1794.18096875,1794.4003437500005,1,0.219375,engaged
38.08467,0.14208378,37.625587,39.43714,41.16659,3.5410042,18.57441,6.4668236,37.12222,0.0,0.32123312,0.59647983,0.12620646,0.35131836,0.42707574,0.3008693,2.737295,1.7794344,1.9701512,1.497806,0.09812116,0.67004156,25.515196,0.23412623,12.086057,0.7247831,-10.082433,-1.148688,-27.691345,-0.5560055,0.01197343,1.010488,0.80708385,0.6624891,10.275032,0.43565646,7.9066057,0.7400501,38.923717,0.22301549,780.29486,0.20407018,1356.3916,0.15521654,-107.18139,-0.9081217,1871.0197,0.11981053,1270.8759,0.2312908,-111.54821,-0.75209904,2971.9797,0.0720081,950.5209,0.28851977,-114.08388,-0.7136239,-20.459469,-0.2432271,33.697594,0.14545411,0.051273696,0.30860206,-0.037785497,-0.31222513,0.13052228,0.487994,29.807503,0.14213964,9.522731,1.1675935,-19.588642,-0.41164717,-39.739082,-0.2231988,-16.546862,23.567854,0.029601146,-0.025596492,0.07061565,2.5477707,1.9736842,0.25,0.28994253,0.175,0.1674067,-30.990831,9,15,44,SPEAKER_02,1781.533333,1853.366667,1798.4672187500005,1800.05346875,1,1.58625,engaged
39.67961,0.105007626,38.24391,39.852997,43.005264,4.7613525,142.22752,61.134674,42.285103,29.96765,0.25411958,0.43020728,0.16355127,0.23860036,0.33979183,0.17624056,2.0409465,1.6445589,1.0071658,0.63144976,0.07945004,0.6731504,21.512232,0.36428177,9.028035,0.9474398,-9.052579,-1.146931,-24.701319,-0.3751722,0.03609329,2.2242274,0.74467325,0.49762544,9.870535,0.33606535,12.953128,0.70977664,35.925144,0.11896318,677.7954,0.25102714,1477.5287,0.20052683,-163.19083,-0.4759994,1648.5618,0.09863621,1195.9622,0.2239955,-159.16107,-0.47023746,2833.7625,0.07196274,777.6822,0.2806257,-161.74547,-0.4321099,-14.419763,-0.5763429,28.217901,0.17895997,0.0411173,0.46314096,-0.02669778,-0.5079807,0.096683465,0.7060542,26.02073,0.13385114,5.5140967,2.0272074,-13.823896,-1.0445602,-31.481596,-0.2674288,-14.047374,24.20972,0.04458945,-0.019630944,0.07864488,2.1008403,1.2875537,0.16666666,0.09809293,0.44,0.3166228,-36.651863,9,15,44,SPEAKER_00,1781.533333,1853.366667,1791.78471875,1794.18096875,1,2.39625,engaged
37.467186,0.04190786,36.423695,37.446857,38.33142,1.9077263,208.43599,181.42598,3.6647575,6.8688784,1.314292,0.33345553,0.87919426,1.3313032,1.7274284,0.8482342,12.503131,6.5465455,6.0943384,2.2075946,0.73879945,0.4595915,19.221394,0.52228826,1.2146925,8.895727,-12.80494,-0.7013923,-13.794031,-0.6425146,0.020770831,0.9385475,1.2014399,0.4312836,7.1591005,0.49520957,4.84487,1.966342,25.65126,0.3563935,819.8425,0.23150581,1268.6123,0.15070653,-86.5321,-1.0176064,1844.9546,0.14325213,1072.2648,0.23574717,-85.45188,-0.9442713,2907.7107,0.106368914,890.49805,0.2770416,-90.328865,-0.8558968,-12.60962,-0.526514,24.28899,0.3533411,0.0679574,0.29568723,-0.019031003,-0.5581645,0.80130297,0.41423962,22.849394,0.38375077,1.0207661,11.087797,-11.920155,-0.81264085,-14.815736,-0.69953287,-5.448771,15.868392,0.05775196,-0.013466029,0.63819325,4.7619047,3.804348,0.15857142,0.08609439,0.084285714,0.09068897,-16.912539,9,15,44,SPEAKER_00,1781.533333,1853.366667,1819.64534375,1821.55221875,1,1.906875,engaged
38.609566,0.04455425,37.7508,39.10214,39.792084,2.0412827,11.914141,15.600379,17.952408,5.2935095,1.0453048,0.3938824,0.7266042,0.987346,1.4400134,0.7134092,4.3663187,1.4668913,9.416951,3.6860404,0.48467532,0.75230926,28.880516,0.19622675,5.984879,1.6786132,-4.802558,-1.4666246,-28.316225,-0.25456214,0.015318439,1.0548058,0.8766542,0.86244524,11.458195,0.30503988,12.208053,0.50644267,31.819948,0.2064433,766.0305,0.27556702,1407.4423,0.17680359,-36.609978,-1.5594242,1853.26,0.14216329,1102.1102,0.19410178,-41.49787,-1.1645485,2914.3398,0.094852,1020.14624,0.38139796,-46.218586,-1.0185156,-20.504385,-0.2345836,30.463223,0.21681657,0.056222964,0.35135204,-0.03994616,-0.30257225,0.50215113,0.7550426,29.336195,0.16531204,4.915717,2.0061727,-4.714732,-1.5214328,-28.196955,-0.26260474,-14.425479,20.079884,0.055687953,-0.031806253,0.33926973,2.877698,1.5037595,0.59499997,0.515,0.049999997,0.0,-13.982423,9,15,44,SPEAKER_00,1781.533333,1853.366667,1822.00784375,1823.40846875,1,1.400625,engaged
35.7347,0.11003408,32.71256,34.210728,41.712288,8.999729,215.7167,169.52304,41.577393,28.35765,0.73459965,0.27339208,0.58157456,0.75772387,0.8538476,0.27227306,2.4157186,0.52669156,2.3122432,2.8871157,0.28037557,0.3137018,22.053839,0.37752092,-4.5734677,-1.0303214,-12.6275215,-1.0419698,-3.2142293,-1.6471807,0.039147418,1.2168725,1.308033,0.43269503,5.190117,0.67729867,5.7242,1.3970718,23.290382,0.36809903,905.1364,0.15857585,1182.4435,0.15746681,-75.07789,-1.2001331,1928.8658,0.09105634,1080.326,0.2912785,-79.42423,-1.0453488,2915.0762,0.109000266,972.8287,0.2330377,-84.79616,-0.9352058,-8.780421,-0.502603,21.584162,0.335623,0.04351409,0.3094725,-0.005057454,-2.475269,0.30003315,0.3507491,26.477924,0.16303879,-4.9307966,-0.6583601,-8.624415,-0.8013173,-2.9470234,-2.078639,-5.6332707,18.337786,0.036019735,-0.0044897837,0.26937988,3.125,3.3898306,0.185,0.035,0.17,0.0,-25.574118,9,15,44,SPEAKER_00,1781.533333,1853.366667,1823.72909375,1824.38721875,1,0.658125,engaged
34.855587,0.14557114,33.7108,36.088436,38.00231,4.2915115,34.960728,26.17763,40.090393,29.109251,0.76040983,0.423235,0.49492884,0.67064273,1.0414958,0.54656696,8.664075,4.890128,5.4629703,3.5812156,0.517081,0.822527,25.705627,0.40414178,11.342399,1.1294388,-3.366866,-3.1471431,-11.922374,-0.94610095,0.02827672,1.3827177,1.3170643,0.5242798,7.685328,0.4779748,10.021763,0.95948154,32.022415,0.2963547,792.8396,0.22697224,1375.7506,0.18696389,-69.21354,-1.1857451,1887.068,0.13186797,1062.476,0.26249754,-75.722725,-0.9805906,2970.7512,0.0895992,998.52783,0.3010276,-80.17079,-0.89318484,-19.984095,-0.38287452,29.590614,0.31000808,0.0633158,0.3349945,-0.024608817,-0.40522707,0.5789002,0.5965667,29.245687,0.26853377,12.4807415,0.99547875,-2.3864963,-4.813798,-14.022369,-0.81966084,-12.274533,19.995247,0.053753458,-0.013846629,0.41062817,3.5031848,2.9411764,0.23444444,0.11402837,0.0925,0.03897114,-17.903545,9,15,44,SPEAKER_00,1781.533333,1853.366667,1825.0622187500005,1828.21784375,1,3.155625,engaged
32.760223,0.16473894,27.086319,35.42776,36.43306,9.346741,134.79173,0.0,102.09823,80.77592,0.6618242,0.56188256,0.37704703,0.6220665,0.9534266,0.57637954,4.4446864,3.874551,7.6679363,3.759124,0.4614346,0.6666872,28.54868,0.30932704,7.6083508,1.6900254,-10.278681,-1.2033398,-12.916239,-0.64207584,0.11058915,1.8239489,1.3273245,0.62983155,5.229249,0.4041152,14.040758,0.58763975,38.00608,0.17722972,700.6311,0.29132596,1477.4071,0.1425636,-95.18635,-1.0240831,1589.9707,0.12502083,1360.8334,0.15036196,-105.440956,-0.83464366,2810.1812,0.053467844,1024.7758,0.361782,-112.39909,-0.72246236,-15.930753,-0.7306816,33.97009,0.12748966,0.08143848,0.1296681,-0.014088684,-1.222367,0.6810913,0.42096844,30.954662,0.23590185,14.544705,1.0159723,-12.464698,-1.3352466,-18.475836,-0.41071776,-9.119927,23.110214,0.042844992,0.0022033527,0.30913645,3.5714285,3.9215686,0.12,0.06,0.105,0.015,-22.240173,9,15,44,SPEAKER_00,1781.533333,1853.366667,1828.48784375,1829.06159375,1,0.57375,engaged
35.78076,0.09996524,35.220596,36.148834,37.876553,2.6559563,64.78972,85.01585,129.547,176.57054,0.830877,0.4856889,0.5166311,0.75112355,1.1529639,0.63633275,8.63914,4.3560257,6.3729496,2.343874,0.59624577,0.7040856,28.614042,0.38423988,14.0340605,0.8292315,-6.057817,-1.7905071,-15.770688,-0.6865554,0.026516415,1.6704633,1.2899755,0.5883137,8.349298,0.40645692,11.350594,0.9508101,35.94877,0.27689198,771.5926,0.21382672,1377.7126,0.16052695,-65.04647,-1.2423081,1860.8871,0.119019456,1162.8604,0.24535836,-73.9328,-0.9561735,2997.8206,0.07384186,984.2736,0.26353604,-78.78489,-0.85933274,-21.626394,-0.3200225,32.582325,0.23162931,0.07487772,0.22605018,-0.027846813,-0.3501261,0.7153272,0.56440496,32.876225,0.18402867,14.020811,0.87358385,-5.021967,-2.062636,-19.034567,-0.4864391,-14.848704,22.848873,0.06021891,-0.009280507,0.32395732,3.0487804,2.8037384,0.25444445,0.10843442,0.08,0.06146363,-16.74447,9,15,44,SPEAKER_00,1781.533333,1853.366667,1829.56784375,1832.85846875,1,3.290625,engaged
36.082138,0.04408535,34.52607,35.92231,37.47588,2.94981,39.202812,37.852707,12.481128,3.7896287,0.8885386,0.5354576,0.38970944,0.84139454,1.3559654,0.9662559,9.422426,4.078994,6.9753237,5.433529,0.51925975,0.7439171,30.161106,0.155022,9.207989,1.6697991,-5.481402,-2.9978387,-19.514153,-0.59863156,0.0160376,0.8403714,0.9897488,0.5378927,8.419433,0.39115644,5.728447,2.0927243,31.002728,0.36325184,754.4546,0.23310162,1351.305,0.13565722,-78.239815,-1.1118364,1818.149,0.1369373,1153.9512,0.1949018,-84.23822,-0.9144339,2918.7932,0.0909282,909.85126,0.36213836,-87.425026,-0.84721094,-18.138567,-0.5211463,30.622387,0.21575826,0.071755655,0.24704494,-0.024241997,-0.60829765,0.61416227,0.6726782,31.051561,0.12534839,9.067091,1.8253552,-6.8256793,-2.6341531,-20.319794,-0.59372264,-15.629239,26.616535,0.060301,-0.020268457,0.38449705,4.0229883,2.95858,0.218,0.16424371,0.096,0.052383203,-17.787663,9,15,44,SPEAKER_00,1781.533333,1853.366667,1833.28034375,1835.0353437500005,1,1.755,engaged
36.484253,0.083776936,34.985466,36.914772,38.5954,3.6099358,81.4894,74.53643,13.887318,7.545325,0.86549824,0.54763824,0.42335987,0.7514715,1.3146496,0.8912897,9.354019,4.6685205,7.5421295,4.463267,0.5797797,0.7315266,24.10685,0.46399575,12.488786,1.2572055,-6.278311,-1.8242115,-16.417906,-0.64669013,0.022246182,1.3411188,1.1406536,0.59698224,8.186641,0.46448267,7.44101,1.6160762,30.241463,0.3066389,813.5096,0.19624658,1350.9799,0.1465684,-69.53287,-1.1704565,1884.9221,0.11269099,1079.2261,0.2569872,-77.176094,-0.9420854,3001.4585,0.08130253,883.24866,0.28759977,-79.696846,-0.889879,-19.606947,-0.42454514,28.99772,0.29511258,0.070164725,0.28324685,-0.025945725,-0.48236203,0.7249303,0.56656235,27.073437,0.35588312,12.237219,1.3662857,-5.585088,-2.2804804,-18.233948,-0.562937,-13.848505,20.870455,0.056034584,-0.019787434,0.2481151,4.089219,2.6515152,0.26285714,0.23980434,0.08125,0.039191037,-15.993556,9,15,44,SPEAKER_00,1781.533333,1853.366667,1835.27159375,1837.97159375,1,2.7,engaged
38.352478,0.075247526,35.962788,38.268944,40.414078,4.45129,43.66605,0.03165127,25.547544,0.0,0.42389444,0.5944491,0.19361952,0.30275807,0.7368443,0.5432248,2.1057365,0.96365464,2.3572316,0.10683894,0.15813012,0.85453236,18.831362,0.34911585,9.090413,0.69156855,-3.8020422,-2.2571568,-34.4776,-0.53251106,0.022993093,1.4799452,0.7166607,0.4992144,9.063948,0.28753796,9.251412,0.8553287,29.684572,0.25333172,842.74176,0.11527871,1164.2559,0.1447483,-91.65385,-1.0427492,2081.3772,0.07374107,762.33636,0.51025337,-99.73275,-0.86492735,2976.8325,0.04341171,902.96155,0.26706317,-99.319885,-0.87298614,-18.54298,-0.2814287,25.628658,0.27533147,0.07503395,0.24635571,-0.045206815,-0.20577659,0.24546632,0.5398599,20.166292,0.34783024,10.7279625,0.6007848,-2.9838614,-3.4128013,-47.511944,-0.31548765,-10.322534,18.634699,0.033340104,-0.01833987,0.057396233,1.7699115,1.8518519,0.295,0.024999999,0.14666666,0.07717224,-28.601715,9,15,44,SPEAKER_01,1781.533333,1853.366667,1803.1078437500005,1804.25534375,1,1.1475,engaged
40.376663,0.11915763,38.115726,42.63658,44.391464,6.275738,59.637955,60.52936,42.321384,43.79495,0.2807384,0.6232479,0.13514268,0.22539726,0.39205754,0.25691485,2.24602,1.0716273,0.21551317,1.0526155,0.08201214,1.0378505,16.903519,0.5027664,7.293627,1.5993098,-8.937023,-1.041754,-24.15891,-0.75902915,0.03557375,2.1213262,1.1768405,0.7129532,8.7394085,0.43310827,16.304462,0.67925805,34.43846,0.20554057,815.09985,0.13825539,1255.3263,0.16339265,-122.42451,-0.76191705,1996.1415,0.104445234,1070.5796,0.2562579,-129.19739,-0.6300609,2949.2136,0.0549684,917.8567,0.31283635,-128.68341,-0.63840437,-21.169886,-0.22594646,30.027016,0.1644578,0.05366042,0.35117868,-0.03724586,-0.39187032,0.107819274,0.5121756,23.355982,0.19415385,12.703996,0.4674824,-12.006017,-0.71993804,-40.774868,-0.38254663,-7.282718,15.223808,0.031331267,-0.008271262,0.067064464,2.4390244,2.5157235,0.155,0.06726812,0.176,0.13032268,-33.63482,9,15,44,SPEAKER_01,1781.533333,1853.366667,1806.4828437500005,1808.13659375,1,1.65375,engaged
40.505283,0.13106158,34.92204,40.140266,46.21135,11.28931,31.237663,10.916662,57.470814,0.0,0.6692548,0.48812616,0.3416362,0.7105313,0.95149076,0.6098546,1.2626992,1.3649393,4.9238386,0.38077188,0.24992839,0.71379226,18.902296,0.22865972,-12.837497,-0.7465528,-8.43728,-1.6826487,-20.503836,-0.37152988,0.033639807,0.9986193,0.8774693,0.57080114,5.6491385,0.60070306,4.442981,1.1158837,21.445595,0.29240984,791.1745,0.21541445,1432.3528,0.14573425,-50.11164,-1.6137099,1713.2639,0.09098445,1119.868,0.11868143,-50.906864,-1.4361529,2800.2476,0.064210325,940.87134,0.24106374,-58.60089,-1.1809251,-7.0596013,-0.86248004,19.178722,0.36988518,0.06675501,0.39381316,-0.011296738,-0.65007895,0.30871937,0.53571224,19.736261,0.21442847,-14.011392,-0.7231282,-9.837659,-1.3739104,-21.03464,-0.34487796,-5.3973107,16.300314,0.047921393,-0.014443655,0.07932181,2.1052632,1.1111112,0.71,0.0,0.08,0.049999997,-26.772364,9,15,44,SPEAKER_01,1781.533333,1853.366667,1811.9840937500005,1812.94596875,1,0.961875,engaged
37.38709,0.15881391,32.647007,35.72406,44.427788,11.780781,43.074238,15.500228,-0.64097404,14.495915,0.33209834,0.58623177,0.17472424,0.29383048,0.4496828,0.27495855,2.5595357,1.9910785,1.5705122,1.2830518,0.08908694,0.74181604,18.589663,0.68261075,11.328984,0.9790453,-5.772372,-1.6596261,-29.444847,-0.39832896,0.018184934,1.3729587,0.817403,0.7538871,10.15444,0.4624376,10.032415,1.5056617,33.41599,0.28282964,708.1195,0.24759696,1368.9476,0.12748976,-103.46684,-0.9155483,1837.3931,0.14833842,1163.9766,0.21131147,-110.258804,-0.7544427,2921.1877,0.059464015,898.44275,0.35772097,-112.27144,-0.72282547,-21.87636,-0.24400005,31.82554,0.17305015,0.059739877,0.3061786,-0.02851506,-0.47001135,0.10270014,0.5528572,26.049314,0.23247784,17.487408,0.3506985,-5.477989,-2.0630012,-37.111187,-0.24200495,-6.7755256,14.616392,0.039594963,-0.007478606,0.07650206,1.9753088,1.5,0.345,0.24143666,0.25714284,0.26239088,-32.204643,9,15,50,SPEAKER_02,1886.633333,1903.7,1896.17346875,1900.24034375,1,4.066875,engaged
40.506725,0.04286366,37.87952,41.495163,42.008236,4.1287155,5.423241,0.0,-39.829983,0.0,0.55443364,0.123499274,0.52006066,0.5604443,0.60271114,0.08265048,2.2058551,0.8582453,1.1744105,0.4530216,0.14686534,0.27550787,9.940727,0.84803057,-11.323216,-0.5829902,-21.713049,-0.31301656,-15.26615,-0.72194475,0.051552556,0.79250383,1.1938021,0.5022702,2.9381506,1.698833,2.2799094,4.0497503,24.199963,0.45765007,734.40497,0.3444904,1591.233,0.3375526,-134.06084,-0.62839824,1549.7277,0.13652101,1352.7451,0.55312294,-112.82743,-0.7812719,2765.518,0.09171907,948.46497,0.2553405,-120.961655,-0.6591601,-5.1513505,-1.1735052,24.455257,0.30450276,0.050517153,0.21150436,-0.006481137,-2.972325,0.14470163,0.28708452,17.641594,0.43482944,-10.275537,-0.72634244,-26.675726,-0.2233937,-20.148558,-0.74696076,2.812765,13.325657,0.04735584,0.010625596,0.15680881,5.555556,6.1224494,0.06333333,0.012472191,0.08,0.070710674,-32.95669,9,15,53,SPEAKER_01,1906.333333,1908.133333,1906.73721875,1907.29409375,1,0.556875,disengaged
47.437946,0.022057088,46.30609,47.595036,48.542294,2.2362022,27.784815,0.0,-36.619663,0.0,0.42331886,0.42712724,0.20871821,0.44736817,0.59146774,0.38274953,2.9789276,0.0,-4.057065,0.0,0.25495785,0.8925219,23.889597,0.25874647,-4.738655,-1.1141934,-12.74231,-0.9146902,-32.949516,-0.3932821,0.0229577,0.76422125,0.97807926,0.77894294,11.841729,0.30065036,21.594967,0.16816585,28.082712,0.19364981,849.53625,0.10567418,1076.5693,0.14139797,-87.14839,-1.0906924,2048.101,0.09266024,970.8626,0.23368512,-98.14588,-0.7963076,2824.7563,0.065719776,967.24133,0.15579233,-97.82056,-0.8027961,-17.929684,-0.3301593,24.299856,0.27537125,0.08566165,0.32443503,-0.014919479,-0.5402062,0.19409734,0.74022293,20.644934,0.20663191,-5.4893537,-0.84749573,-10.709893,-1.0171708,-41.397522,-0.21154784,-16.251232,26.587042,0.058686916,-0.033337716,0.45173237,2.857143,3.3333335,0.17,0.0,0.089999996,0.0,-28.399843,9,15,53,SPEAKER_01,1906.333333,1908.133333,1907.76659375,1908.133333,1,0.36675,disengaged
28.958925,0.17816499,24.340729,25.668564,33.48457,9.143841,19.973742,0.0,28.886574,26.247238,0.75514174,0.35175097,0.49969828,0.7547601,1.0133393,0.513641,7.488461,4.8433557,3.2559414,0.08663976,0.37029433,0.66764003,23.519033,0.49077725,10.274556,1.1568173,-12.323163,-0.9681407,-5.6130605,-2.0104141,0.03165279,1.4098841,1.222595,0.39862597,4.5278893,0.68434596,5.5773015,1.5021324,29.11319,0.19156308,839.4752,0.19137935,1339.1609,0.16553766,-66.71876,-1.3940514,1844.325,0.12475266,1040.6659,0.19379175,-71.11192,-1.2423785,2971.9155,0.08636151,984.34314,0.18068159,-76.819336,-1.0913963,-12.60705,-0.62405205,24.805435,0.32491893,0.065889545,0.26756164,-0.017107926,-0.90196115,0.39642778,0.49473158,29.080256,0.25403112,5.987159,1.8621958,-15.483574,-0.87791485,-6.363933,-1.6762512,-14.681448,23.852095,0.05083085,-0.013824345,0.4143601,2.8985507,3.125,0.205,0.155,0.06,0.037416574,-22.32961,9,15,58,SPEAKER_00,1926.1,2023.766667,1931.76284375,1932.47159375,1,0.70875,engaged
35.58511,0.08345354,35.292732,36.14919,36.990356,1.6976242,18.114113,6.7108746,20.210047,0.0,0.95515096,0.40485522,0.60631704,0.8861658,1.3340545,0.7277374,7.8164926,7.227227,7.7696624,5.2882442,0.56007725,0.5954176,27.895535,0.24958104,2.7861135,3.9102902,-17.944265,-0.60139644,-16.932085,-0.6073843,0.0135505535,0.7256471,1.2488443,0.42174459,7.4048123,0.34121725,-0.34529954,-28.501623,28.826828,0.2897904,725.6833,0.315777,1386.0103,0.11440412,-63.705135,-1.3508058,1700.2927,0.17711544,1252.2052,0.24993227,-61.76961,-1.2156343,2828.0696,0.12870291,1025.6709,0.2738554,-71.29661,-0.9751271,-12.783465,-0.54919475,29.742186,0.21412149,0.074145384,0.23956312,-0.023460789,-0.43827438,0.67575765,0.46938154,30.099714,0.18193194,2.0906005,5.783432,-18.646694,-0.5802003,-18.56025,-0.5435588,-9.236789,22.119335,0.049811285,-0.025826778,0.290568,5.6910567,2.542373,0.28666666,0.33509532,0.08,0.008164966,-18.910654,9,15,58,SPEAKER_00,1926.1,2023.766667,1932.89346875,1934.14221875,1,1.24875,engaged
35.811832,0.178372,31.633213,38.243404,42.323956,10.6907425,464.10742,359.30005,42.994923,18.679157,0.8371132,0.37255558,0.60298526,0.7808263,1.0302277,0.4272424,6.7232347,3.6443408,5.967616,2.035887,0.61898315,0.83157414,26.71991,0.35233164,7.388616,1.5071554,-11.788047,-1.1348505,-18.497671,-0.56102616,0.04364621,1.3563675,1.484549,0.5063984,6.006697,0.7787288,6.5013995,1.617598,29.565947,0.29916474,761.1142,0.2913217,1395.2343,0.15740728,-42.763958,-1.6038228,1794.1193,0.16662402,1196.6696,0.25007212,-49.072285,-1.1746671,2899.523,0.11669368,942.71716,0.18108474,-55.31906,-0.99863374,-18.692919,-0.4512331,31.602053,0.26200798,0.055994954,0.33580014,-0.029493785,-0.31995595,0.66585594,0.8117853,27.855982,0.31064916,8.628493,1.3622829,-12.107601,-1.1536714,-19.27451,-0.5539716,-12.513361,23.013775,0.076299995,-0.009859507,0.4874706,4.2735043,3.5714285,0.22749999,0.1564249,0.0275,0.008291562,-16.118462,9,15,58,SPEAKER_00,1926.1,2023.766667,1934.66534375,1935.84659375,1,1.18125,engaged
35.963768,0.07091659,34.75307,36.17195,37.819263,3.0661926,11.450972,2.5111766,-35.05093,31.45727,0.75596106,0.46008494,0.49323684,0.6988401,0.9199265,0.42668968,6.382957,1.4992015,3.8857732,2.4250972,0.49079433,0.66323525,27.0415,0.35866475,14.512613,0.6535591,-8.583771,-1.3971971,-22.679619,-0.46201184,0.025983887,1.1483845,1.1932601,0.6110669,6.918513,0.4709583,5.730999,1.6763984,30.743439,0.27130258,784.9772,0.22576267,1370.7673,0.16405088,-30.339903,-1.7563634,1883.7666,0.14194876,1122.1364,0.25309184,-42.708405,-1.092683,2956.2185,0.08762534,927.66003,0.3691258,-46.860203,-0.95413244,-18.011253,-0.40662146,29.364414,0.27866727,0.06489352,0.2532816,-0.030748667,-0.31098732,0.5377567,0.58813334,28.592138,0.31143045,14.90601,0.6342765,-8.60045,-1.3725249,-23.136423,-0.463015,-5.532412,15.773468,0.02641873,-0.010333892,0.0774471,3.0487804,1.2658229,0.715,0.475,0.055,0.005,-19.254375,9,15,58,SPEAKER_00,1926.1,2023.766667,1936.35284375,1938.00659375,1,1.65375,engaged
35.586346,0.07780981,34.29955,35.98779,37.936974,3.6374245,83.844,82.91268,13.552638,6.6825967,0.84530467,0.39218363,0.5383888,0.82670796,1.1205232,0.5821344,7.9130588,3.0927079,5.3895926,2.342909,0.50917524,0.651899,29.46283,0.2083963,8.653746,1.4066457,-6.576652,-2.0079916,-19.401684,-0.5361381,0.020066652,1.3943053,1.1054903,0.51223,7.833358,0.42929593,5.4776063,1.8262511,30.94587,0.2884535,715.77783,0.2626188,1405.7415,0.15651193,-55.734463,-1.4217956,1741.3168,0.16442835,1120.6061,0.25307617,-60.616817,-1.1459129,2866.9612,0.092410825,913.93866,0.28021502,-67.22859,-0.97653127,-17.108553,-0.45067132,28.461386,0.23376864,0.06904179,0.23335825,-0.026278429,-0.47147885,0.5491056,0.5949702,31.090574,0.16435815,8.065722,1.5565485,-7.4070807,-1.7994403,-19.83865,-0.5121391,-15.27405,23.619287,0.049478292,-0.023731261,0.38036016,4.458599,2.2653723,0.33714285,0.21358934,0.0725,0.023318447,-18.922224,9,15,58,SPEAKER_00,1926.1,2023.766667,1938.61409375,1941.7697187500005,1,3.155625,engaged
35.897476,0.026924964,34.9849,35.740005,36.81478,1.8298798,145.57846,156.35294,9.453791,3.1615565,0.81534135,0.4041567,0.51674485,0.8392663,1.0846888,0.56794393,8.084435,5.293093,2.4296162,2.2263098,0.4536898,0.6357735,27.803852,0.3929836,14.148946,0.8322476,-4.7103524,-1.9078757,-18.879227,-0.68611634,0.016362967,1.2099807,0.97644186,0.680245,9.446213,0.29569644,5.6743727,1.620097,34.467106,0.22628678,743.84015,0.21610434,1415.166,0.15118265,-63.936234,-1.2781404,1860.2478,0.11221796,1183.3628,0.2303865,-74.856224,-0.9593886,2990.0276,0.07115042,1038.945,0.26505762,-78.96796,-0.8747285,-20.534977,-0.37287435,31.043344,0.27322173,0.07259075,0.17815606,-0.029601688,-0.48524725,0.5411607,0.4522477,32.174282,0.1893489,14.313069,0.953344,-4.899306,-1.8523697,-22.70823,-0.5188603,-11.475262,17.651834,0.040034603,-0.013612581,0.25329024,3.0120482,2.5000002,0.285,0.121757954,0.089999996,0.042426404,-19.071638,9,15,58,SPEAKER_00,1926.1,2023.766667,1942.12409375,1943.79471875,1,1.670625,engaged
37.0563,0.06334775,35.330883,36.987316,38.850754,3.5198708,111.84188,119.80553,30.06665,26.364107,0.7367855,0.5597774,0.41209012,0.65789074,1.0350275,0.6229374,8.03146,5.133285,4.7858233,2.1212997,0.4904067,0.7736267,25.315708,0.43097335,12.643087,0.83281434,-3.8125815,-2.9300632,-16.560411,-0.7379439,0.022367748,1.0684736,1.1454237,0.5853598,8.962777,0.35765508,9.281819,1.1457434,30.852886,0.64155805,787.422,0.19844915,1402.6511,0.16579919,-84.78204,-1.0230236,1876.5077,0.111806445,1141.2649,0.33851805,-91.37603,-0.8444178,2974.2512,0.078959286,913.43665,0.24935196,-95.1715,-0.7780515,-20.52236,-0.2999413,31.112976,0.22823544,0.06364501,0.28564605,-0.026807321,-0.50881004,0.6096721,0.6425894,29.276651,0.28738472,13.695945,0.7641406,-4.462381,-2.8013737,-17.342812,-0.6785587,-14.155445,20.329632,0.04799526,-0.017046474,0.31477886,2.7848103,3.3419025,0.18307692,0.11518444,0.09615385,0.09144468,-17.913982,9,15,58,SPEAKER_00,1926.1,2023.766667,1944.14909375,1948.1147187500003,1,3.965625,engaged
37.09531,0.04232304,36.11375,37.007,38.72109,2.607338,36.994385,35.15819,17.368404,8.748551,0.7673583,0.530786,0.41756964,0.6482338,1.0978492,0.6802796,10.843166,6.152834,7.150108,3.5328667,0.5451103,0.74901396,28.724134,0.30219516,10.6092205,1.1945826,-7.211227,-2.0979388,-16.83464,-0.51976526,0.021766568,0.9246278,1.2811077,0.49656713,8.190486,0.4833763,7.215185,1.4222565,31.638704,0.25109324,790.52814,0.21516573,1325.7753,0.16424601,-66.78931,-1.1996732,1866.5542,0.12348866,1065.108,0.23600057,-75.46639,-0.9511389,3009.4517,0.07706518,977.4765,0.28887987,-81.36661,-0.83087224,-20.058311,-0.3935336,32.387684,0.23264593,0.063640185,0.2783485,-0.027610593,-0.38505846,0.66074365,0.6127329,31.58374,0.18514806,10.364286,1.234469,-5.932986,-2.5460837,-18.860222,-0.42241183,-12.830872,23.280193,0.054630883,-0.014392398,0.26970935,3.9087949,2.9801326,0.23555554,0.17160103,0.08625,0.064602144,-16.293694,9,15,58,SPEAKER_00,1926.1,2023.766667,1948.58721875,1951.67534375,1,3.088125,engaged
40.643784,0.019821296,39.667744,40.848755,41.480743,1.8129997,0.0,0.0,-0.1985077,0.0,1.1673676,0.5003783,0.63988036,1.0564159,1.8796217,1.2397413,9.930339,12.909525,12.135657,0.0,1.2730199,0.8842615,24.173895,0.24042548,2.6740117,2.1148984,-12.299887,-0.51992065,-10.9639225,-0.4163653,0.036232244,0.5540636,1.6647285,0.24005969,7.922483,0.38069287,7.627262,0.87345356,26.048231,0.18251777,776.16925,0.24354503,1396.493,0.16922215,-132.5391,-0.62279016,1748.5656,0.14243206,1315.3364,0.107185625,-119.773834,-0.6489131,2784.1443,0.09959642,1097.7495,0.20581718,-124.347374,-0.590148,-11.614367,-0.58057547,28.090017,0.24162118,0.039250508,0.21175721,-0.00857503,-1.1908885,2.2025104,0.49954152,23.457745,0.27662292,-0.6872477,-7.574702,-14.849144,-0.35965908,-13.900307,-0.3191126,-6.8024907,27.601149,0.050867658,-0.007331396,1.0258236,3.7037039,4.7619047,0.089999996,0.0,0.08,0.0,-13.37639,9,15,58,SPEAKER_00,1926.1,2023.766667,1966.82909375,1967.11596875,1,0.286875,engaged
37.170055,0.08746565,34.975933,38.086414,40.098442,5.122509,73.62837,53.48207,12.512222,5.7917676,1.026212,0.44408578,0.6954252,0.8607739,1.2741265,0.5787013,9.115993,7.198549,7.9916425,2.5891452,0.900814,0.599081,27.66983,0.19324651,4.529052,3.7102823,-2.3116841,-6.585625,-17.647797,-0.7075134,0.03787595,2.1974845,1.4470384,0.43810606,7.0184836,0.4040413,3.4408572,2.9350142,25.474474,0.32284263,817.339,0.15873079,1349.9652,0.16339445,-42.08885,-1.6719964,1911.1552,0.102043286,1030.2441,0.2764326,-48.894974,-1.2656935,2987.8137,0.07346896,974.32916,0.29299915,-55.819763,-1.0444431,-15.71918,-0.71924394,25.169249,0.42754382,0.06142758,0.3219174,-0.026523001,-0.55733407,0.91857415,0.60338545,28.31739,0.18961208,1.9960655,8.4366455,-5.1603127,-2.8984904,-16.342285,-0.70431566,-23.187754,29.907356,0.073373385,-0.026596144,1.0764818,5.555556,2.9126215,0.28,0.33236524,0.043333333,0.026246693,-15.678629,9,15,58,SPEAKER_00,1926.1,2023.766667,1967.45346875,1968.55034375,1,1.096875,engaged
37.04484,0.06650392,34.96578,37.377483,38.98858,4.0228004,137.11668,176.31589,18.035742,10.902648,0.9488961,0.43175462,0.59041816,0.8897288,1.206225,0.6158069,8.182561,4.4717193,6.4180894,5.569699,0.58464307,0.73546475,28.97638,0.35754406,3.883251,2.6867006,-9.146374,-1.0783739,-15.333026,-0.584202,0.020442694,1.0964473,1.2516954,0.53310984,8.08436,0.45480093,8.141398,1.1396012,29.927212,0.25198358,840.5267,0.18418539,1246.6096,0.18916945,-47.56565,-1.5088108,1899.9789,0.12553559,1046.0862,0.41922393,-56.544247,-1.1353844,3036.0808,0.091064095,891.16034,0.17202142,-63.51083,-0.96350586,-17.64241,-0.40804344,28.32886,0.31030175,0.06670505,0.22959197,-0.027178908,-0.58613855,0.6732611,0.6316717,32.238907,0.16212285,3.1224618,3.516172,-8.098143,-1.2022266,-16.256203,-0.54906,-9.679867,17.156736,0.056039453,-0.017045125,0.26366,3.409091,1.764706,0.45999998,0.20461345,0.13499999,0.065,-15.121055,9,15,58,SPEAKER_00,1926.1,2023.766667,1968.9047187500005,1970.67659375,1,1.771875,engaged
37.082146,0.05041198,34.698143,36.933197,39.05976,4.361618,37.654457,19.254553,12.6484375,8.580572,0.767489,0.6879384,0.41452947,0.5801855,0.91327876,0.4987493,8.493286,0.27610064,-2.7821977,5.3260098,0.6209678,0.7416836,28.920044,0.25558302,18.190231,0.5971224,4.16818,1.8499538,-14.689433,-0.21030548,0.035257664,0.86773837,1.5718216,0.68894285,9.055435,0.44653118,13.984127,0.47445592,33.76356,0.16167134,839.0362,0.15502866,1374.2618,0.12597716,-100.575516,-0.79831195,1987.0988,0.08723385,1208.4645,0.21676904,-107.15792,-0.6811118,3027.3176,0.06324518,1098.7189,0.33728442,-108.68671,-0.6610026,-26.135675,-0.14823595,37.529892,0.09931824,0.057370704,0.20018125,-0.02941904,-0.24014992,0.78482455,0.59626955,31.979815,0.1812367,22.622587,0.46026903,6.4773607,1.2956408,-14.263242,-0.19328733,-18.533638,25.313091,0.06653402,-0.027781375,0.5164712,3.2786884,3.5714285,0.155,0.065,0.06666666,0.033993464,-13.782449,9,15,58,SPEAKER_00,1926.1,2023.766667,1971.1659687500005,1971.79034375,1,0.624375,engaged
36.23277,0.05561127,33.9024,36.30287,38.680923,4.7785225,12.21808,2.7777734,10.641481,4.138587,0.83789325,0.49378175,0.5324853,0.7388272,1.1156809,0.5831956,9.906181,6.1807804,7.028838,4.5001473,0.521478,0.7354467,31.313677,0.19414274,11.627266,1.255334,-3.5907645,-3.2902837,-16.65502,-0.4987198,0.015673008,0.67970276,1.1425883,0.53967583,8.507155,0.51951575,9.111133,1.3597867,33.521976,0.24282007,709.3913,0.2041611,1471.3282,0.1409795,-13.054539,-0.864019,1792.2388,0.11831642,1155.68,0.23428631,-29.494797,-0.36438462,2945.5696,0.064143494,976.37683,0.19148335,-36.875572,-0.24831095,-20.041185,-0.44536015,32.47818,0.23165028,0.067226455,0.19452232,-0.027198676,-0.47884417,0.5633692,0.6661955,32.393936,0.13451943,11.587579,1.3055534,-3.4127588,-3.5830307,-16.169607,-0.5157859,0.0,0.0,0.0,0.0,0.0,5.813954,1.2500001,0.78999996,0.0,0.0,0.0,-14.845387,9,15,58,SPEAKER_00,1926.1,2023.766667,1972.06034375,1972.93784375,1,0.8775,engaged
36.091274,0.06591306,34.520744,36.368717,37.68507,3.1643257,21.804783,0.0,-20.096987,18.669943,0.80180234,0.50971895,0.50045544,0.72121,1.0587641,0.55830866,6.732312,2.6184433,1.1954111,2.3548887,0.45847172,0.7150326,22.729229,0.5181293,12.751708,0.98428994,-3.8449693,-3.2038016,-16.791517,-0.91255265,0.026599113,1.4187977,1.115773,0.6820418,8.633947,0.36600095,9.12574,1.1498343,31.384865,0.27713776,753.4595,0.21102414,1381.9998,0.12482057,-87.31574,-1.0103618,1836.6776,0.1288782,1145.4292,0.29841,-91.96046,-0.8552812,2924.3584,0.09298616,905.13324,0.32581553,-95.07516,-0.8005301,-19.829529,-0.31779268,29.481821,0.24194103,0.07292303,0.22186613,-0.02951822,-0.43764254,0.57227427,0.5644401,27.844942,0.29247773,15.332731,0.8062158,-2.6241143,-4.3929567,-20.082945,-0.6273998,-9.221118,15.331709,0.062465914,-0.014037827,0.29143533,1.8348624,2.8169017,0.21499999,0.10111874,0.101428576,0.06490181,-18.275393,9,15,58,SPEAKER_00,1926.1,2023.766667,1973.51159375,1975.70534375,1,2.19375,engaged
36.656208,0.088797666,35.057148,36.961426,38.96935,3.912201,124.12563,138.98077,17.246084,14.432661,0.7963918,0.47838446,0.45607704,0.7598252,1.1180242,0.6619472,10.476079,5.3836136,6.1048927,2.9066994,0.5566424,0.81282747,25.602554,0.3948406,10.426238,1.4642185,-3.8111424,-2.7901862,-18.11348,-0.62853444,0.030070435,1.9198809,1.2961829,0.575069,8.184198,0.56674635,7.7443676,1.483958,30.656847,0.3735735,750.24146,0.23083702,1426.2365,0.13683231,-62.300297,-1.2382945,1819.9169,0.13495757,1238.956,0.2507318,-69.88232,-0.9656855,2880.9197,0.0914537,978.43463,0.33094323,-73.1908,-0.8935587,-21.166622,-0.4216839,31.979698,0.29356182,0.07096906,0.28017604,-0.026825035,-0.5247724,0.66856503,0.67384624,29.018934,0.268068,13.400971,1.1012452,-3.0232105,-3.7811165,-19.059364,-0.60245144,-9.355688,16.531954,0.05159566,-0.019224225,0.19755061,3.7914693,2.173913,0.34666666,0.21612753,0.083,0.09241753,-16.28646,9,15,58,SPEAKER_00,1926.1,2023.766667,1976.27909375,1980.51471875,1,4.235625,engaged
35.428535,0.116939746,34.14578,36.53091,37.64427,3.4984932,111.67552,18.074162,24.17138,25.347128,0.8023649,0.4933964,0.48386437,0.70446104,1.1314324,0.64756805,12.545659,12.05505,4.205601,1.5355735,0.39303973,0.6199943,19.173038,0.59370023,3.1353095,5.239506,-13.501947,-0.84926015,-13.282086,-0.6788535,0.033736445,1.7243758,1.3666321,0.41748786,5.1155667,0.6242187,6.3656588,1.6936208,27.544971,0.30085817,866.17175,0.18822512,1269.4193,0.15304026,-100.645615,-0.95204633,1931.317,0.10243223,1076.2018,0.30952466,-105.1586,-0.847856,3010.3757,0.079461195,1088.218,0.42614898,-108.950745,-0.7846643,-10.500333,-0.9923236,24.381058,0.32023218,0.08173828,0.16897653,-0.019033602,-0.83684385,0.52784574,0.4481741,24.616438,0.3384056,2.5282521,7.7308564,-13.925723,-0.77355015,-11.922913,-0.9320029,-6.741446,19.536121,0.05707918,-0.011150685,0.27211967,3.1914895,2.7322404,0.17999999,0.109726936,0.166,0.12846789,-23.152687,9,15,58,SPEAKER_00,1926.1,2023.766667,2019.9684687500005,2021.85846875,1,1.89,engaged
38.192104,0.013861737,37.838688,38.442776,38.5781,0.7394104,14.725215,8.968741,-6.3137226,6.266368,0.9192238,0.4102158,0.5124026,0.8881777,1.3464384,0.8340358,8.886601,5.237317,7.2988296,1.4572612,0.6186322,0.54268336,26.873142,0.3217212,10.495125,1.5534656,2.112082,5.982675,-17.260086,-0.62780964,0.014210606,0.5578505,0.9075785,0.5992434,10.824835,0.42336872,13.153677,0.659986,34.379265,0.18602142,835.9623,0.19751629,1482.9219,0.22035493,-110.76763,-0.784287,1945.2183,0.09538867,1222.451,0.20721042,-111.42465,-0.6970847,3113.4905,0.06265432,1156.9633,0.28652525,-115.070915,-0.6473553,-20.644323,-0.4874289,34.238792,0.3272127,0.06555162,0.14200318,-0.021911437,-0.45015287,0.8259919,0.36452276,33.232548,0.111362845,8.490991,1.8264658,-2.91314,-3.8186352,-15.703971,-0.67461765,-17.480469,25.544592,0.06510408,-0.022857247,0.42695808,6.557377,1.7857143,0.29999998,0.0,0.114999995,0.095,-13.374845,9,15,58,SPEAKER_00,1926.1,2023.766667,2023.14096875,2023.766667,1,0.6256875,engaged
42.12014,0.09661603,39.22808,41.026253,47.12497,7.8968887,-11.509565,0.0,15.781323,0.0,0.497773,0.4397524,0.3033837,0.4652511,0.65445304,0.35106933,2.4123197,1.360483,0.49622005,1.1604152,0.11938512,0.5097643,10.487682,1.081179,5.863984,2.6460981,-10.107206,-0.72080076,-22.078608,-0.77015054,0.011783106,0.8200052,0.98740405,0.5910381,9.306119,0.4851496,8.648216,0.9584118,25.571327,0.3996313,790.4879,0.1780615,1286.9894,0.1343219,-96.96728,-0.98767513,1882.8019,0.11951909,982.9645,0.31320718,-92.64913,-0.96930027,2874.2393,0.094877325,964.92126,0.34281793,-95.75017,-0.90986687,-13.001759,-0.77613413,20.85447,0.37338158,0.051196847,0.30764356,-0.025916189,-0.92138356,0.15221138,0.3317756,14.951782,0.5127607,2.4859948,6.439757,-11.2983265,-0.56946987,-29.624256,-0.50698316,-5.4219985,13.269715,0.038652472,-0.012031711,0.081859805,2.2988505,1.775148,0.31666666,0.052493386,0.16749999,0.06378675,-28.482584,9,15,58,SPEAKER_01,1926.1,2023.766667,1952.51909375,1954.27409375,1,1.755,engaged
49.457455,0.08412944,48.72652,50.04538,51.648895,2.9223747,743.15814,449.23248,147.33952,201.47505,0.40889952,0.5206474,0.20553373,0.39733985,0.6038817,0.39834797,3.9117594,1.5978993,1.847303,0.462472,0.1658204,0.7949694,16.06207,0.37962595,-1.0418601,-4.9641757,-10.023463,-1.1208206,-38.389668,-0.44102967,0.01626688,0.9170953,0.8425386,0.80156744,14.126587,0.32611665,13.661297,1.0001314,12.932607,0.67478573,818.3231,0.2246819,1252.1997,0.2245889,-116.26253,-0.7564736,1926.2502,0.1339194,964.6117,0.3784651,-106.23264,-0.7518153,2928.384,0.07167515,941.6942,0.33456272,-106.61875,-0.74501586,-20.672096,-0.1690651,29.38246,0.15625273,0.073036626,0.35531628,-0.03713026,-0.2251496,0.20813201,0.6015928,16.979712,0.21654102,0.7765201,5.6571803,-9.816898,-0.68654424,-47.514256,-0.23973142,-9.098249,19.165308,0.044332337,-0.008380337,0.10932633,3.1446543,2.6143792,0.2075,0.16678953,0.21,0.03559026,-26.23001,9,15,58,SPEAKER_01,1926.1,2023.766667,1959.42096875,1961.02409375,1,1.603125,engaged
43.73471,0.0,43.73471,43.73471,43.73471,0.0,0.0,0.0,0.0,0.0,0.13436082,0.11309947,0.12094025,0.13325761,0.14951439,0.028574139,0.0,0.0,-0.008109359,0.0,0.026008176,0.40371224,25.183327,0.02828018,5.3870707,0.17128439,-4.932426,-0.55856454,-25.683733,-0.21636775,0.01786892,0.0,0.87372684,0.0,4.546586,0.0,15.426059,0.0,37.059612,0.0,830.0579,0.0,1209.9393,0.0,3.5954158,0.0,2012.7571,0.0,788.38904,0.0,-24.30133,0.0,3127.4854,0.0,570.062,0.0,-33.464195,0.0,-14.506479,0.0,22.360258,0.0,0.008191567,0.0,-0.017217869,0.0,0.0,0.0,24.62961,0.0,6.9326496,0.0,0.4407722,0.0,-31.569927,0.0,0.0,0.0,0.0,0.0,0.0,0.0,0.0,0.0,0.0,0.0,0.0,-48.27395,9,15,58,SPEAKER_01,1926.1,2023.766667,1961.96909375,1962.0365937500003,1,0.0675,engaged
43.26492,0.09447351,39.530506,42.448162,47.115395,7.5848885,72.39669,35.677063,68.34443,75.484726,0.71349263,0.5348137,0.2691059,0.70293546,1.1460518,0.87694585,2.6299775,0.6513445,2.2879589,0.80191374,0.1814323,0.6168145,9.969958,0.80525607,-9.689147,-1.4944322,-17.241564,-0.65439415,-21.373873,-0.76381123,0.019198181,1.524641,0.9889198,0.4334027,7.7265,0.33021936,2.7473483,4.8995576,19.75167,0.5688767,827.41425,0.2887077,1265.6041,0.148851,-79.405075,-1.2254125,1804.9325,0.13804515,1219.7997,0.32480982,-67.407166,-1.3277285,2828.529,0.09325228,984.7871,0.27320692,-73.10756,-1.1691159,-1.81816,-4.2547803,17.299633,0.32956585,0.07133798,0.18679519,-0.012798074,-1.0154186,0.24796326,0.3085553,13.39535,0.3785529,-18.248314,-0.40955982,-22.983482,-0.3103254,-24.157528,-0.7667584,-2.3335397,8.279982,0.029971082,-0.005299461,0.04979243,1.7045455,1.1695907,0.575,0.275,0.26,0.21,-25.93542,9,15,58,SPEAKER_01,1926.1,2023.766667,1987.3322187500005,1989.10409375,1,1.771875,engaged
43.043144,0.083439365,41.98248,43.679665,45.220596,3.2381172,54.169556,32.438572,40.592228,30.190144,0.77544236,0.5237227,0.44084954,0.69437504,0.9975201,0.55667055,6.3498974,2.636864,3.776728,2.4011018,0.31349954,0.8113469,17.005495,0.36818323,-8.34148,-1.0081404,-21.34105,-0.6238496,-37.055386,-0.27815625,0.027068874,2.0093749,1.0542914,0.5704482,8.023953,0.5403449,8.65299,0.85899603,28.873264,0.33403802,782.10626,0.2452466,1326.7764,0.15636407,-53.453926,-1.648448,1818.3248,0.14311375,1061.7886,0.2889685,-56.05411,-1.31933,2893.9983,0.08537954,921.32837,0.25953653,-61.96412,-1.1451473,-9.324637,-0.52173996,24.067331,0.33582768,0.07406817,0.25767326,-0.02051557,-0.6079384,0.35233372,0.7722692,18.487362,0.31686583,-9.870588,-0.9023922,-23.773163,-0.58908504,-38.803997,-0.23289207,-7.563596,16.47164,0.07818991,-0.017138852,0.20259163,2.8846154,1.9704434,0.385,0.13901438,0.08,0.043358963,-21.657965,9,15,58,SPEAKER_01,1926.1,2023.766667,1991.5509687500005,1993.64346875,1,2.0925,engaged
41.727795,0.07809261,39.12719,42.46255,45.074142,5.946953,80.52915,31.1667,19.719208,7.874941,0.8400931,0.4645012,0.4083627,0.8448963,1.1893748,0.7810121,6.2659807,2.9913328,1.5131005,0.35143635,0.28633863,0.5878617,10.656185,0.73371947,-8.989254,-1.2183987,-15.801345,-0.5080928,-24.743544,-0.7383986,0.028218172,1.2308866,1.2776667,0.48056576,6.253604,0.7741115,7.2428403,1.5368696,18.616741,0.45088378,793.4427,0.2831589,1242.7706,0.25657198,-70.07253,-1.3414743,1828.0282,0.16416854,946.3242,0.26970172,-62.718132,-1.3267378,2800.0737,0.08279273,848.28546,0.28200713,-64.2032,-1.2825294,-4.54706,-2.1135986,17.514389,0.31972364,0.06653466,0.28659248,-0.011367343,-1.6366533,0.36783588,0.35886982,13.418927,0.43729585,-12.079896,-0.7462772,-15.061813,-0.6026832,-28.404142,-0.68035364,-3.1625602,13.773097,0.052012745,-0.013184191,0.09791433,2.0134227,2.097902,0.3333333,0.22005048,0.12333333,0.07717224,-22.864975,9,15,58,SPEAKER_01,1926.1,2023.766667,1993.91346875,1995.41534375,1,1.501875,engaged
41.96859,0.061199877,41.184216,42.815735,43.580273,2.3960571,18.743896,31.417881,9.741401,2.7217863,0.48816434,0.45673624,0.27219224,0.48687932,0.69820195,0.4260097,2.2996962,0.81619984,2.553804,0.6656838,0.13818458,0.5801668,18.37201,0.3894457,0.7018972,16.376318,-9.039779,-1.122935,-34.422127,-0.5018205,0.015693849,0.9096286,0.877244,0.5537116,9.809141,0.46346483,11.52673,0.49422348,29.687836,0.2541821,820.3006,0.1694927,1311.4001,0.18966612,-69.6715,-1.3048077,1939.7401,0.12396409,1053.8688,0.33162686,-74.3753,-1.0798088,2894.0496,0.07868691,954.2354,0.32353118,-76.75309,-1.0256618,-14.000549,-0.33787522,24.285107,0.23270218,0.060601566,0.3399418,-0.030211654,-0.46375054,0.1733339,0.3951568,21.697649,0.22221263,-4.17752,-2.1978853,-12.716834,-0.7395005,-42.186268,-0.31773818,-9.582973,15.755031,0.05420768,-0.017410742,0.067087315,2.714932,1.8518519,0.36749998,0.17383541,0.12,0.111534745,-28.196215,9,15,58,SPEAKER_01,1926.1,2023.766667,1996.98471875,1999.21221875,1,2.2275,engaged
37.11804,0.087380186,33.86218,37.716415,38.652775,4.790596,30.828548,0.0,29.524431,0.0,0.2918532,0.36283892,0.18822014,0.2911019,0.38631347,0.19809332,2.3290098,1.3145032,0.80413926,1.0104204,0.08075834,0.54997694,19.402431,0.31254297,2.5557823,4.9396887,1.8696829,8.247674,-20.767515,-0.72561777,0.018917292,0.84501255,1.106504,0.41086754,8.666339,0.23002155,7.456,1.096154,19.233345,0.34509522,815.8364,0.22083591,1337.5992,0.13048807,-108.06088,-0.794043,1868.1565,0.12654617,1130.5574,0.23684235,-109.46169,-0.7392262,2817.8228,0.06120069,841.6937,0.18766774,-110.00973,-0.72641474,-15.365271,-0.2557352,25.917515,0.1977064,0.037264843,0.834083,-0.00939835,-1.491273,0.08498156,0.6381168,22.238737,0.2952945,8.728175,1.5247613,6.427531,1.9674337,-14.237477,-1.1999922,-7.1402335,17.689043,0.040170338,-0.00970993,0.076477565,4.8192773,3.9473684,0.12333333,0.07586537,0.10666667,0.11556623,-37.111652,9,15,58,SPEAKER_01,1926.1,2023.766667,2000.25846875,2001.10221875,1,0.84375,engaged
42.70626,0.03615402,40.935886,43.112797,44.319687,3.3838005,32.41994,0.0,-29.612814,0.0,0.61880916,0.45897636,0.2966804,0.6571316,0.89404774,0.59736735,0.87122893,2.2433991,3.4490852,0.0,0.24938412,0.5557511,22.775099,0.12840874,-6.636834,-1.093076,-30.005766,-0.5798319,-31.893064,-0.31851646,0.021425838,1.0008256,1.4210893,0.9107128,8.1970215,0.4740729,1.2629377,2.8783484,35.564186,0.084917955,833.32025,0.21237154,1430.2339,0.13283998,-79.881355,-1.2322663,1658.3589,0.1190305,1287.1998,0.15237437,-79.26992,-1.1396955,2859.036,0.056073334,913.0885,0.31769025,-91.628654,-0.87468153,-3.8151653,-1.1686133,31.28903,0.05124169,0.06403568,0.1293838,-0.0064224545,-1.9152516,0.3306097,0.30440986,23.310648,0.12143729,-10.724179,-0.6626742,-42.28622,-0.27199054,-37.539707,-0.14151457,-6.713495,21.850779,0.06578511,-0.007106508,0.17335069,1.9607843,2.1739132,0.28,0.0,0.074999996,0.035,-26.101635,9,15,58,SPEAKER_01,1926.1,2023.766667,2001.91221875,2002.43534375,1,0.523125,engaged
40.856876,0.12354085,37.934284,40.771656,43.124195,5.189911,103.05273,48.95333,95.35677,110.69265,0.55829865,0.4194498,0.37922814,0.5063707,0.7929094,0.41368124,3.7685628,1.8018005,2.6080718,1.3035201,0.20906545,0.6864729,20.738752,0.25775248,1.6052928,4.644859,-10.910268,-1.1798909,-42.798954,-0.3022435,0.03202312,1.7576036,1.1090966,0.71948683,9.521818,0.31569925,9.8188,0.5739144,26.94616,0.3185221,877.53064,0.1664088,1237.0851,0.14881651,-75.967766,-1.1802944,2032.6136,0.12409887,985.82385,0.33540326,-80.78274,-1.0018075,3025.4102,0.07651703,964.6862,0.36288148,-81.837006,-0.97818035,-15.147902,-0.23835859,24.49529,0.22896902,0.07206968,0.23479113,-0.03428706,-0.27756283,0.23679093,0.6319505,21.408192,0.24820143,1.7221558,3.9586558,-11.126556,-1.1701957,-48.336742,-0.23102292,-10.606477,21.251478,0.058163952,-0.023933748,0.15478848,2.8806586,2.1645021,0.29999998,0.12696455,0.14,0.08318653,-26.43574,9,15,58,SPEAKER_01,1926.1,2023.766667,2003.2284687500005,2005.67534375,1,2.446875,engaged
42.231678,0.08954123,41.56973,43.017395,43.435658,1.8659286,78.01695,0.0,30.489946,0.0,0.52118117,0.4567467,0.2755432,0.5596839,0.7492484,0.47370517,3.4952397,2.1550875,2.6653583,0.37919074,0.15969394,0.76932895,18.162682,0.3001479,-0.6151872,-16.093817,-12.131477,-0.88560903,-43.142094,-0.3334997,0.024094906,1.2678281,0.7780596,0.7295486,11.118242,0.40757486,12.784493,0.49498764,29.45104,0.16430384,865.92395,0.123770535,1191.3428,0.10816622,-70.15188,-1.3241012,1983.9412,0.09387795,963.0343,0.31750903,-76.76317,-1.0732856,2964.926,0.07168924,879.0627,0.39119896,-78.551285,-1.0317403,-14.209755,-0.2611498,25.270708,0.16181421,0.07126317,0.26863545,-0.03858594,-0.23700227,0.20827883,0.6053616,20.123444,0.15962677,-5.304042,-1.7094171,-17.936365,-0.41577986,-51.161194,-0.16509822,-12.648635,17.578869,0.04353836,-0.02647615,0.07457537,2.542373,1.7699115,0.375,0.13499999,0.11,0.08524474,-27.073381,9,15,58,SPEAKER_01,1926.1,2023.766667,2006.77221875,2007.97034375,1,1.198125,engaged
44.005516,0.024712747,42.93421,43.92518,45.212067,2.277855,6.7466264,3.12497,11.529882,6.4567227,0.64503723,0.37344298,0.4652115,0.672556,0.8178911,0.3526796,0.9874234,1.1632403,4.333964,2.708209,0.14183557,0.50293213,14.805308,0.72591317,-1.3965677,-8.132349,-17.72031,-0.6582717,-40.126366,-0.2772272,0.009256232,1.3090241,0.7000515,0.76690376,12.809696,0.29885802,13.536909,0.31004065,29.615128,0.29512134,778.89667,0.2199441,1275.1134,0.17321092,-24.095884,-2.551882,1831.0413,0.1260453,1044.7693,0.27311835,-34.369812,-1.4919335,2908.3743,0.0687675,925.15295,0.44912446,-39.616676,-1.2574073,-13.502177,-0.34322625,25.355608,0.31443584,0.06608836,0.25514475,-0.022410622,-0.40622774,0.15487957,0.42993027,17.700018,0.4501166,-3.684122,-2.8139982,-19.768835,-0.55827236,-42.557816,-0.22293307,-1.7091557,7.4351544,0.054648053,-0.011832287,0.074021935,1.7391305,0.9090909,0.98999995,0.0,0.08,0.0,-25.621685,9,15,58,SPEAKER_01,1926.1,2023.766667,2008.52721875,2009.6915937500005,1,1.164375,engaged
40.180935,0.04061846,39.060196,40.867985,41.39376,2.3335648,25.083735,0.0,-10.695989,0.0,0.6251909,0.421512,0.35286543,0.6193553,0.7780167,0.42515126,3.9159088,1.0956287,-1.8769608,2.4978542,0.18211885,0.6350717,19.333216,0.19855717,2.8411365,2.5353875,-5.1788726,-1.5841931,-43.958385,-0.2699994,0.018054781,1.1079214,0.8208828,0.7735167,10.951787,0.38490215,9.411133,0.40252325,27.042124,0.21464519,837.1198,0.08116848,1204.7415,0.1168337,-19.760221,-2.8043945,2017.3601,0.057936754,750.64465,0.26934028,-36.50848,-1.3808731,2989.4324,0.025983363,941.7564,0.38547996,-36.37257,-1.3848712,-16.800741,-0.20464784,22.174282,0.20521973,0.0589531,0.21437067,-0.043796044,-0.21722066,0.2029711,0.59931993,18.863602,0.20992939,0.9197329,6.7899475,-7.15061,-1.0578257,-45.16687,-0.2639161,-15.748405,20.567371,0.06329536,-0.04452063,0.13957225,3.3898306,1.8518519,0.48,0.0,0.04,0.0,-25.8836,9,15,58,SPEAKER_01,1926.1,2023.766667,2010.70409375,2011.31159375,1,0.6075,engaged
41.90873,0.049366593,40.24336,41.26388,43.597004,3.3536453,25.288273,16.811296,24.719875,0.0,0.54110366,0.41600013,0.3509809,0.46900168,0.7649515,0.41397062,2.8867712,2.1292531,3.6046505,1.1122504,0.15431891,0.53742975,13.209781,0.30109447,-12.032264,-0.9507986,0.796946,22.060122,-19.7349,-0.41986105,0.026061503,0.9294857,1.1279507,0.28203377,6.733328,0.25385833,3.863095,3.299997,11.265991,0.45816794,939.6692,0.13861193,1127.2958,0.23227897,-47.65195,-1.454777,1990.9017,0.10543321,947.28217,0.28572926,-45.915745,-1.4128116,2965.5723,0.07677959,858.7364,0.27245843,-47.809933,-1.3365752,-2.4064074,-2.2495046,15.290076,0.17607431,0.047075514,0.41283,0.0030657423,3.3881695,0.17021932,0.49694908,13.411766,0.2889008,-11.327199,-1.0982169,1.1162635,17.210344,-21.573513,-0.3477887,-0.91884375,10.465509,0.034881268,0.0047340523,0.08078432,4.878049,5.714286,0.13499999,0.005,0.049999997,0.0,-31.135271,9,15,58,SPEAKER_01,1926.1,2023.766667,2012.39159375,2012.81346875,1,0.421875,engaged
45.51126,0.0011068492,45.467773,45.511135,45.554703,0.08692932,0.0,0.0,-0.032514572,0.0,0.38689256,0.19226015,0.31936914,0.36909682,0.44719353,0.1278244,0.5100645,0.9735119,2.1233273,0.07795417,0.09953411,0.32581645,19.045246,0.08749651,-4.7594566,-0.95806617,6.6182723,0.5741149,-22.46007,-0.26413622,0.01548028,0.2853961,1.5754234,0.12487784,1.7111442,0.23039079,6.36625,0.41322196,-6.985159,-0.21099514,614.95276,0.19856206,1808.2585,0.14067574,-188.42491,-0.20784874,1722.0996,0.01675635,873.1289,0.044725165,-175.57335,-0.3312483,2724.1436,0.0320427,1243.7736,0.08113491,-174.75182,-0.34393236,-8.614088,-0.12378984,11.516613,0.09660639,0.08266227,0.049950253,-0.029241934,-0.042167284,0.12791677,0.036611367,16.76227,0.029674247,-12.43221,-0.17489073,10.080315,0.2803418,-23.111916,-0.032343555,-10.614025,14.478668,0.058852725,-0.034784943,0.10746364,2.9411764,3.5714285,0.03,0.0,0.22999999,0.0,-36.21104,9,15,58,SPEAKER_01,1926.1,2023.766667,2013.60659375,2013.96096875,1,0.354375,engaged
48.495323,0.12092358,42.61828,48.516354,54.028793,11.410515,62.576366,0.0,36.137363,0.0,0.6462326,0.39871198,0.38986087,0.6175492,0.93831635,0.5484555,2.4716275,2.5105276,10.725908,4.168369,0.35971352,0.58194363,17.197874,0.21127458,-0.5927541,-20.842028,-17.50784,-0.75391394,-39.496376,-0.3205561,0.044911213,0.72141314,1.2484734,0.71428645,11.333836,0.28003666,14.522291,0.75180995,19.602518,0.5743809,854.293,0.22843255,1250.5149,0.1639008,-49.22325,-1.4173361,1904.635,0.12549905,1098.471,0.27491203,-54.431038,-0.96944296,2907.5034,0.0766586,892.0352,0.42252246,-55.280872,-0.9404327,-17.225904,-0.26180062,27.997402,0.24548814,0.08016299,0.2797,-0.03737714,-0.23877285,0.41341025,0.49929067,17.655212,0.21289474,-1.55541,-7.9291487,-16.798227,-0.77760226,-43.12691,-0.2492386,-13.014174,21.511587,0.04149118,-0.018069254,0.22161116,3.5714285,4.0,0.205,0.055,0.04,0.0,-22.498987,9,15,58,SPEAKER_01,1926.1,2023.766667,2014.51784375,2015.09159375,1,0.57375,engaged
39.97608,0.09773743,36.963688,39.309185,44.589577,7.625889,37.992596,0.0,-33.432423,47.589455,0.3180692,0.3781572,0.22362913,0.31116182,0.38371903,0.1600899,2.0968933,1.255905,1.6569384,0.66680264,0.0942515,0.56130457,16.815233,0.41409844,5.882667,1.93184,1.0929848,10.005709,-22.021133,-0.41557774,0.03828797,0.7534274,1.4664412,0.42097315,6.686344,0.7120801,14.133293,0.5997128,21.861988,0.491372,734.7808,0.26000378,1374.5731,0.12204174,-149.16989,-0.52135956,1863.1212,0.13715073,1015.11224,0.2681194,-145.31287,-0.5103325,2829.4038,0.07042692,926.37555,0.23099616,-144.71037,-0.5181207,-15.976401,-0.43130535,23.438593,0.29417485,0.05972179,0.30145225,-0.021863826,-0.506421,0.11687045,0.45066577,20.513815,0.30685428,9.922575,1.0456878,3.4530413,3.0028825,-22.008183,-0.44753394,-9.351771,17.431988,0.04738698,-0.018597227,0.08721312,4.651163,3.5928144,0.08166667,0.044127338,0.17666666,0.09159087,-36.239548,9,15,58,SPEAKER_01,1926.1,2023.766667,2017.5890937500003,2019.32721875,1,1.738125,engaged
39.79809,0.044678934,38.005898,39.918064,41.25143,3.245533,22.624651,9.410872,23.985588,8.408252,0.5577526,0.42729658,0.30406615,0.47030136,0.8053532,0.5012871,5.01845,1.2953862,0.9319401,0.7109952,0.20332924,0.61035085,23.00033,0.17205524,-1.5651754,-4.900495,-17.505577,-1.0074737,-50.88932,-0.26132637,0.018418318,1.1575072,1.023967,0.5173043,9.612079,0.38535166,9.520704,0.7586514,31.650736,0.21009108,905.4404,0.16037866,1266.2068,0.21616517,5.6631913,1.2655938,1936.7129,0.13475814,1186.9542,0.5062285,-14.761337,-0.6531544,3013.8455,0.05906122,806.2949,0.3336468,-15.470519,-0.61907625,-14.062156,-0.2931636,27.695505,0.18498689,0.04743782,0.40248218,-0.035505272,-0.33778113,0.21525106,0.60761595,23.397024,0.16086559,-1.7126094,-4.611401,-18.869776,-0.9234054,-50.95305,-0.2691893,0.0,0.0,0.0,0.0,0.0,3.2258065,1.1494253,0.85999995,0.0,0.0,0.0,-24.950012,9,15,58,SPEAKER_02,1926.1,2023.766667,1961.02409375,1961.96909375,1,0.945,engaged
36.323658,0.05677678,34.865448,36.008392,38.50367,3.6382217,14.965954,9.3274765,16.834768,11.31643,0.7764069,0.5596999,0.4218585,0.6928488,1.0926808,0.6708223,9.73932,3.095493,4.5169806,2.283376,0.52417403,0.84136397,26.01119,0.3956724,6.0065355,2.4144647,-14.67085,-0.95762277,-11.121518,-0.7708083,0.017683735,0.76765144,1.3617747,0.5419706,7.5249743,0.4965814,5.652637,1.8424474,30.01975,0.5309265,796.13745,0.21573871,1342.2607,0.1375882,-71.85794,-1.2175149,1837.846,0.12363027,1131.343,0.22679669,-79.10849,-1.0013989,2974.6575,0.0717602,1009.8799,0.19733141,-86.545586,-0.856046,-14.607492,-0.8130662,31.306784,0.21859662,0.064627625,0.3250853,-0.018423192,-0.83638734,0.6787926,0.6684447,29.804832,0.25535512,6.634362,2.3648396,-13.320078,-1.1168855,-12.45831,-0.65049833,-9.474648,22.906265,0.063220486,-0.0063097035,0.2713813,3.125,2.673797,0.24799998,0.3165691,0.106,0.11253443,-17.932302,9,15,59,SPEAKER_00,2023.8,2203.166667,2023.8,2025.7397187500003,1,1.9396875,disengaged
36.716637,0.037481103,35.59066,36.309696,38.55875,2.96809,22.224663,15.109258,39.867085,39.628723,0.9258977,0.4561538,0.5658294,0.8058249,1.3118458,0.7460164,6.4520154,2.9285848,4.9984713,0.6089953,0.5535851,0.6276281,26.741417,0.28937578,2.655033,5.9054623,-4.4606133,-3.5437658,-20.602568,-0.52749974,0.022166876,0.79521304,1.0900816,0.40482187,6.7874904,0.69248664,3.4946346,3.3223457,25.884996,0.44790274,829.023,0.20667656,1362.3915,0.13880974,-78.46974,-1.1160563,1865.7552,0.121766575,1218.8135,0.27099964,-82.538475,-0.9657647,2916.8008,0.08099095,964.92505,0.44520786,-86.25247,-0.8883432,-15.462578,-0.6989515,27.827227,0.36972076,0.066963024,0.31700972,-0.026060063,-0.55808365,0.68712157,0.47342455,29.130219,0.21072234,4.0248437,4.1699486,-6.598016,-2.6750524,-22.689934,-0.45118594,-8.928744,20.406324,0.04792964,-0.01082958,0.3479709,2.6785715,3.738318,0.16749999,0.11211043,0.08,0.029154757,-16.378086,9,15,59,SPEAKER_00,2023.8,2203.166667,2026.0097187500005,2027.1403437500005,1,1.130625,disengaged
36.89502,0.06350561,34.807045,36.533054,38.39171,3.5846634,34.193447,15.205426,24.906004,21.34438,0.9437994,0.48415226,0.5298533,0.8634056,1.3727723,0.84291905,8.15891,4.2843084,5.5590115,3.3774714,0.59899837,0.6436999,29.35571,0.30065525,3.9442852,4.296516,-9.664146,-1.6437016,-11.416497,-0.74720716,0.019939194,0.9444503,1.1257102,0.48732668,7.499657,0.44284064,2.891187,3.2079775,30.48989,0.36566922,736.5311,0.28979245,1450.6451,0.20140803,-47.552853,-1.5277575,1748.5184,0.14514327,1182.0,0.27034083,-51.826775,-1.2621528,2906.683,0.106414124,1035.4508,0.26956272,-62.161766,-0.97746074,-15.585898,-0.6980111,30.93641,0.2654997,0.061785147,0.35748526,-0.017066771,-0.7515369,0.6443111,0.61443406,31.247162,0.26813164,5.0506616,3.3559785,-10.022803,-1.4872295,-11.676643,-0.75264746,-10.179753,19.68898,0.055012077,-0.023206217,0.40395334,4.166667,1.4285715,0.5733333,0.4149163,0.10666667,0.028674418,-19.050356,9,15,59,SPEAKER_00,2023.8,2203.166667,2027.4272187500003,2029.60409375,1,2.176875,disengaged
34.285557,0.13066216,34.20399,35.584248,37.717888,3.513897,306.39056,241.92912,66.833336,46.31518,0.6009482,0.4916398,0.3693894,0.5375797,0.7008676,0.33147818,7.098504,6.9787483,3.685931,1.7937057,0.354728,0.6181284,23.856956,0.45820466,12.531578,1.2123742,-7.546397,-2.3130982,-5.029451,-2.0651398,0.040021546,1.2572252,1.5393586,0.43031672,5.083333,0.51660365,3.282183,2.989635,29.85484,0.41979215,791.9235,0.1986595,1388.1902,0.15796076,-76.01476,-1.1212301,1829.7496,0.097761504,1107.328,0.19069542,-81.06155,-0.9878842,2972.754,0.066194445,1010.5183,0.21481453,-88.047,-0.8508879,-15.193807,-0.73124504,29.858467,0.25589424,0.07279227,0.2797931,-0.011146716,-1.7979063,0.45038548,0.47616163,29.178583,0.2419149,9.317054,1.7824603,-10.251246,-1.4493835,-3.9383354,-1.4501401,-14.001698,23.552416,0.06256491,-0.011600913,0.21059921,3.7037039,3.8834953,0.16,0.057879183,0.09666667,0.020548046,-24.13495,9,15,59,SPEAKER_00,2023.8,2203.166667,2031.3422187500005,2032.43909375,1,1.096875,disengaged
36.97402,0.03902849,36.11468,36.96221,38.03539,1.9207077,51.337067,38.10183,-1.0867049,9.6172,0.81526077,0.5176949,0.4578367,0.74436265,1.1504401,0.6926034,10.689123,5.0561595,8.241747,3.4071054,0.58452696,0.6779968,28.253208,0.28113127,7.052498,1.495478,-8.140162,-1.7302179,-20.663155,-0.42913273,0.019470008,0.78463846,1.4636569,0.6401269,7.5514135,0.45994875,3.288898,2.7975671,29.980162,0.2774553,748.23663,0.24804303,1435.7284,0.31466174,-69.530174,-1.1973269,1790.7423,0.15753521,1050.2017,0.23108783,-71.982925,-1.0183114,2918.2905,0.09114027,997.95087,0.29199442,-79.584785,-0.8565103,-17.52147,-0.42557374,30.108252,0.2342298,0.07845565,0.20322786,-0.029374931,-0.33196896,0.702568,0.55061406,30.508791,0.19142102,5.7695317,1.9613636,-9.110438,-1.7202338,-21.892311,-0.42486206,-13.362959,23.041441,0.06639819,-0.022281,0.33150735,3.9408867,3.5714288,0.1942857,0.121520974,0.06285714,0.06562105,-18.534895,9,15,59,SPEAKER_00,2023.8,2203.166667,2032.94534375,2034.98721875,1,2.041875,disengaged
32.725048,0.0014457921,32.692486,32.73921,32.76045,0.06796265,0.037756603,0.0,0.0,0.0,0.5922145,0.11509248,0.53698266,0.58440614,0.65083253,0.11384988,0.0,0.0,-0.023955438,0.0,0.1953722,0.38207316,5.119492,0.85955036,29.169027,0.20569333,6.420203,0.92790955,-11.341939,-0.61731446,0.03218921,0.06917924,1.3884054,0.24341294,3.502146,0.2466535,14.274826,0.037219003,28.40206,0.041981515,448.19873,0.21690263,1676.658,0.047391366,-3.1415315,-0.36044404,1553.5494,0.12791699,1709.4528,0.0888985,-28.924759,-0.017418677,2390.7969,0.07751904,783.5191,0.055462837,-23.24421,-0.024289558,-19.384787,-0.088288754,27.89851,0.08419279,0.066872574,0.23711592,-0.0190095,-0.12296466,0.41777366,0.0,10.05545,0.15144414,36.229317,0.034183588,11.646113,0.0077173384,-5.88797,-0.3628061,0.0,0.0,0.0,0.0,0.0,0.0,33.333336,0.02,0.0,0.0,0.0,-27.832747,9,15,59,SPEAKER_00,2023.8,2203.166667,2035.78034375,2035.88159375,1,0.10125,disengaged
35.900146,0.08682576,34.40313,35.976654,37.248688,2.8455582,282.15976,458.72287,38.65371,28.160427,0.9411396,0.36043,0.6341592,0.8955989,1.2261317,0.5919725,9.761751,5.251344,5.834081,2.7028415,0.5278838,0.56441236,25.25707,0.40276545,4.473488,2.766372,-14.512746,-0.847693,-14.714494,-0.8822736,0.02473376,1.4746611,1.1424751,0.50768965,6.6496615,0.55044776,5.6845946,1.6315717,31.055138,0.3494452,750.94073,0.24476822,1389.7998,0.16780502,-78.13791,-1.1582428,1785.598,0.15049285,1182.5189,0.24172688,-80.698685,-1.0017489,2904.857,0.09591752,979.0639,0.2516565,-87.643715,-0.8681568,-13.568892,-0.62697273,29.008993,0.28791723,0.07518969,0.2566834,-0.019774111,-0.7951926,0.627573,0.4756123,29.270569,0.26337993,5.528316,2.3890622,-13.601158,-0.94653237,-16.826218,-0.79467183,-7.4648275,20.960487,0.06327832,-0.011949883,0.35000992,4.384134,2.9723992,0.21357143,0.14577903,0.12727273,0.069162644,-19.692034,9,15,59,SPEAKER_00,2023.8,2203.166667,2182.20471875,2187.01409375,1,4.809375,disengaged
36.985195,0.046421442,35.06852,37.378975,38.752815,3.6842957,65.25344,88.871704,12.382138,3.3342576,1.1350929,0.36215028,0.727206,1.0839748,1.4815245,0.7543185,9.109754,4.2628126,4.175726,3.5087144,0.6671106,0.658701,24.628359,0.4533204,3.0484912,3.863482,-8.441265,-1.9111968,-15.360517,-0.60330063,0.014818407,0.70577407,1.1230359,0.5896223,8.409847,0.4949995,7.5510726,1.0835888,27.524958,0.19570667,829.3225,0.22914249,1369.8782,0.14932843,-48.19281,-1.4527584,1837.6067,0.1315748,1192.0192,0.2394861,-55.0,-1.129538,2913.1519,0.08020823,919.92926,0.28647128,-60.32903,-0.98106754,-15.546003,-0.4787333,27.943277,0.31801474,0.066911735,0.2815624,-0.018399844,-0.6650424,0.7563803,0.5685817,27.169703,0.29685563,4.83956,2.2694807,-4.5654807,-3.231221,-16.357542,-0.52748775,0.32318848,16.766773,0.064414784,-0.004008859,0.31911653,4.5454545,1.3422818,0.615,0.315,0.07,0.029439203,-13.309427,9,15,59,SPEAKER_00,2023.8,2203.166667,2187.5372187500006,2189.0897187500004,1,1.5525,disengaged
33.77386,0.07361429,33.018715,34.0706,35.22522,2.2065048,122.386116,91.441605,15.740706,24.922394,0.8262289,0.40885895,0.5232562,0.75058556,1.0967094,0.5734532,7.034469,4.081033,3.834684,1.1256151,0.4723445,0.57354975,26.46369,0.35094738,10.254082,1.4906294,-9.568359,-1.432806,-12.151394,-0.85941964,0.027003633,1.8922197,1.3187736,0.5296234,6.272802,0.4396515,7.136938,1.2404276,33.959038,0.2245144,776.07184,0.24856275,1415.211,0.15451233,-78.04577,-1.1342567,1829.4481,0.13938607,1178.5397,0.24241954,-81.63082,-0.98415893,2891.6726,0.091258444,1046.9493,0.28941664,-87.1115,-0.8781207,-16.932152,-0.54070437,28.586374,0.2742609,0.07129347,0.24622191,-0.026927978,-0.48285213,0.5698074,0.44487274,29.771336,0.25593668,11.020892,1.503246,-7.5117145,-1.8600485,-14.917213,-0.61195487,-10.704808,25.197666,0.059298914,-0.0121274,0.32558566,4.9382715,3.1847136,0.19799998,0.14783774,0.07833333,0.06387922,-20.236847,9,15,59,SPEAKER_00,2023.8,2203.166667,2189.7478437500004,2191.3847187500005,1,1.636875,disengaged
35.73267,0.09137579,34.51233,35.89682,37.088676,2.5763474,291.62363,308.81775,75.023605,79.42241,0.92213356,0.5134351,0.5162389,0.79726523,1.2861211,0.7698822,13.668451,9.444714,5.3224707,2.19751,0.66064745,1.024413,25.522274,0.36380652,7.0300345,1.9561458,-16.271015,-0.9731776,-14.6693125,-0.6934751,0.022977958,1.1562467,1.3119295,0.5751693,6.7305627,0.56219965,4.594328,2.3881204,30.9017,0.31667027,748.6539,0.22690137,1410.2743,0.14294575,-76.95285,-1.1309845,1773.4054,0.13281026,1157.8464,0.2275093,-79.09392,-1.0058832,2891.6057,0.08042813,1038.4531,0.34088388,-86.60608,-0.85743254,-14.357512,-0.6684842,30.042372,0.21261393,0.07614077,0.24872635,-0.021502675,-0.7036002,0.5768469,0.5832296,28.222855,0.26667255,7.301861,1.9531629,-16.252274,-0.9205483,-13.953274,-0.6318501,-12.609328,26.363018,0.0705005,-0.025099931,0.8545942,3.5490606,3.601695,0.17647058,0.1798346,0.085,0.06873863,-18.057384,9,15,59,SPEAKER_00,2023.8,2203.166667,2194.7597187500005,2199.5690937500003,1,4.809375,disengaged
35.94208,0.04976073,35.31425,36.071857,36.981007,1.6667557,116.34721,110.0688,9.915585,10.212281,1.3130121,0.5755537,0.7498164,1.1359478,1.758486,1.0086696,20.389303,24.75417,5.893534,7.055682,1.2805581,1.0597267,27.636831,0.24921173,3.8462327,3.327935,-9.964332,-0.9732211,-19.864738,-0.45295057,0.033019952,0.9176462,1.5428265,0.533743,5.615479,0.79504687,7.460987,1.2749727,31.690912,0.24463171,796.4445,0.25984743,1366.764,0.13447912,-84.21982,-1.0572819,1860.4188,0.15312737,1270.3254,0.38261825,-88.88127,-0.90374064,2911.4722,0.09477331,1046.0864,0.25268582,-93.76419,-0.8156907,-16.923155,-0.5179549,28.42454,0.3042682,0.08226421,0.16626707,-0.033084657,-0.30051,0.94331515,0.784033,30.423988,0.15894797,6.7068224,1.7625614,-8.193152,-1.1899891,-21.53806,-0.4503572,-13.38099,24.850458,0.070489004,-0.026381975,1.8298396,3.5928144,3.7037036,0.16,0.08504901,0.07571428,0.024989793,-12.919631,9,15,59,SPEAKER_00,2023.8,2203.166667,2200.1259687500005,2201.8134687500005,1,1.6875,disengaged
41.580338,0.102158,38.294285,38.568817,47.225494,8.93121,43.085182,31.242422,47.396545,30.01297,1.3673806,0.15959175,1.210978,1.352144,1.4678125,0.2568345,3.2920284,3.1166854,5.734498,3.1557872,0.74938416,0.46859202,19.44366,0.47113323,-3.3741782,-3.1095085,-11.127245,-0.77064776,-22.206104,-0.49343857,0.044147715,0.9115203,1.4009336,0.46388847,5.9278255,0.5779194,11.4260235,0.45774388,26.92434,0.25634417,765.83844,0.20570017,1331.5222,0.16041589,-106.24041,-0.86584127,1749.3193,0.118919134,1206.0132,0.2162102,-98.65768,-0.8522706,2811.843,0.08376234,887.165,0.35627705,-102.452774,-0.78959477,-14.937687,-0.4065582,24.638248,0.32323217,0.08362407,0.16812061,-0.02805405,-0.40188643,0.7227195,0.29349965,21.215918,0.3679172,3.3679802,2.4410622,-10.724468,-0.96360594,-26.32839,-0.34465343,-4.278327,16.691828,0.0729895,-0.015603359,0.8372392,5.1282053,2.8169014,0.195,0.105,0.14,0.049999997,-16.970776,9,15,59,SPEAKER_00,2023.8,2203.166667,2202.37034375,2203.166667,1,0.7963125,disengaged
0.0,0.0,0.0,0.0,0.0,0.0,0.0,0.0,0.0,0.0,0.040311743,1.2987508,0.0010339657,0.0010648913,0.07958333,0.07854936,0.0,0.0,-0.026179,0.0,0.011110686,0.8163824,3.1960108,1.5034811,0.081104755,5.595898,-0.80941784,-1.0024318,-0.94850326,-1.5347037,0.0,0.0,0.0,0.0,0.0,0.0,0.0,0.0,0.0,0.0,0.0,0.0,0.0,0.0,-201.0,0.0,0.0,0.0,0.0,0.0,-201.0,0.0,0.0,0.0,0.0,0.0,-201.0,0.0,0.0,0.0,0.0,0.0,0.0,0.0,0.0,0.0,0.0,0.0,0.0,0.0,0.0,0.0,0.0,0.0,0.0,0.0,-7.290977,15.963118,0.029360728,-0.0028614425,0.0,0.0,0.0,0.0,0.0,0.0,0.0,-50.076202,9,15,59,SPEAKER_02,2023.8,2203.166667,2166.9665937500004,2167.0340937500005,1,0.0675,disengaged
36.40079,0.09311559,33.49321,37.192158,39.881783,6.3885727,15.229327,10.929202,23.721678,0.0,0.7190387,0.51395845,0.3889408,0.7386733,1.0590887,0.6701479,2.4728062,1.3170618,6.09713,2.7450273,0.33797908,0.7434805,21.739553,0.42590272,5.0693183,1.5093542,-19.358227,-0.8130788,-32.497368,-0.5915511,0.018686315,1.1033863,1.0936761,0.5441092,8.1663265,0.51977843,-2.852894,-3.0685139,33.76008,0.3254227,878.5332,0.12787196,1320.4794,0.18381487,-64.46701,-1.50477,1928.8424,0.07638453,1352.2202,0.21967837,-77.90155,-1.0838128,2996.133,0.050836302,898.2192,0.34935638,-82.31568,-0.9871465,-17.054232,-0.2761972,31.111845,0.16405992,0.06007747,0.32816246,-0.045262154,-0.21727815,0.46708685,0.48345387,26.344807,0.18797709,2.0085511,3.323471,-28.772154,-0.36873817,-42.17219,-0.40885928,-10.298512,17.00709,0.029035442,-0.025455141,0.11400564,3.3333335,1.1764706,0.56,0.0,0.13,0.03,-20.582144,9,15,59,SPEAKER_02,2023.8,2203.166667,2168.70471875,2169.6159687500003,1,0.91125,disengaged
34.519836,0.07725635,32.32257,33.13513,37.91514,5.5925674,17.602932,3.2543194,23.770243,9.264847,0.7690663,0.6846753,0.3719316,0.62946236,1.2530243,0.8810927,4.829368,5.5253835,4.0622606,2.1102474,0.2905394,1.0686526,18.664629,0.34879085,-6.313666,-2.1057024,-2.2048337,-3.2149048,-26.368706,-0.9313249,0.0124356225,0.7548203,0.9578954,0.60504526,6.1744547,0.68053967,-8.757635,-0.42921087,11.157937,0.8700343,713.0774,0.27730188,1414.2936,0.12643887,-68.95981,-1.3305128,1764.2592,0.14809899,1110.9683,0.2509655,-64.17082,-1.2996875,2706.3154,0.08505316,944.9486,0.43154734,-65.08188,-1.269412,-10.898885,-0.7904382,15.857233,0.72578114,0.05616414,0.30464083,-0.03019283,-0.6514265,0.3687984,0.93729335,19.462528,0.32206365,-8.597944,-1.5685574,-4.8662076,-1.1574694,-30.35498,-0.7767711,-10.224809,16.371187,0.036612425,-0.021566743,0.13409218,1.8181818,1.904762,0.36499998,0.074999996,0.089999996,0.050990194,-20.612848,9,15,59,SPEAKER_02,2023.8,2203.166667,2171.47221875,2172.5859687500006,1,1.11375,disengaged
38.146297,0.09224918,35.03432,39.407124,41.184376,6.150055,426.62903,292.7387,120.77133,165.59877,0.65161175,0.5818374,0.27901578,0.56884664,1.0317042,0.7526884,4.990069,0.9059636,1.1091945,1.5586859,0.29576275,0.8389057,19.723831,0.5122625,2.759431,2.638899,-7.8526773,-1.16474,-32.68496,-0.4142646,0.023316063,0.54766494,1.2558172,0.48199818,6.6935606,0.61311483,10.458951,1.1883466,30.923344,0.32309467,703.7231,0.286138,1436.6299,0.15613467,-132.25668,-0.66873735,1814.9242,0.16355024,1224.1615,0.31140456,-127.672775,-0.6411071,2797.0464,0.09142301,1043.3693,0.2542958,-128.48906,-0.63173574,-17.060009,-0.34453723,26.939314,0.25102955,0.07296747,0.2496257,-0.038476884,-0.4413296,0.47909367,0.5839936,23.533634,0.29543442,1.7225238,3.847117,-9.405633,-1.1621735,-39.369247,-0.42933297,-10.956663,19.371851,0.05710425,-0.026759302,0.18100056,1.9354839,3.3333333,0.11399999,0.09707728,0.19999999,0.19377823,-22.759754,9,15,59,SPEAKER_02,2023.8,2203.166667,2173.9022187500004,2175.4715937500005,1,1.569375,disengaged
45.723576,0.12672734,40.415035,45.71328,50.92572,10.510685,39.087032,0.0,-124.027214,0.0,0.694489,0.3741211,0.37267908,0.76737523,0.92401916,0.5513401,4.7588387,0.2972176,-0.88045025,1.9241292,0.34211683,0.6220634,18.093914,0.4400673,-9.750364,-1.423018,-11.598457,-1.096823,-37.24748,-0.16206685,0.04190527,0.7811074,1.1565017,0.4374397,6.8988028,0.5561581,14.014139,0.5319551,21.243319,0.4753192,861.3742,0.10317965,1249.5201,0.20124169,-29.808662,-1.9894352,1942.6722,0.07514159,917.89435,0.30007684,-41.145447,-1.2402573,2902.5615,0.057408303,983.7703,0.34812695,-43.099667,-1.157878,-13.965708,-0.31887087,20.73553,0.28004918,0.089296125,0.21378493,-0.03659999,-0.4101182,0.4067093,0.47902426,18.929358,0.26992297,-13.921107,-0.84949565,-14.733867,-0.80679995,-38.890606,-0.14338975,-2.1438146,6.9062023,0.045355346,-0.018178212,0.13156943,3.2786884,1.8518519,0.48,0.0,0.04,0.0,-23.610487,9,15,59,SPEAKER_01,2023.8,2203.166667,2036.30346875,2036.92784375,1,0.624375,disengaged
42.28712,0.09603715,39.648987,43.703903,45.675568,6.026581,70.27689,34.00549,71.90997,60.834587,1.1482402,0.7909436,0.38078856,0.7209687,1.9985168,1.6177282,10.652253,6.1392713,6.3405814,3.395359,0.5884538,0.955586,12.757033,0.5849794,-12.310187,-1.1930033,-27.955963,-0.42392826,-26.066065,-0.30296382,0.032808743,1.6084914,1.1515607,0.7245156,7.805447,0.646078,-1.5012327,-4.7797103,24.119457,0.3745366,940.6934,0.15958904,1230.652,0.1351515,-57.45716,-1.6703469,1855.0728,0.10511662,1185.7936,0.24850146,-61.92374,-1.3942789,2975.5842,0.0694125,860.9522,0.29492474,-71.53354,-1.125785,-1.4617416,-5.9495316,24.02271,0.20794614,0.06433407,0.28783447,0.0031211732,5.4390616,0.79908633,0.7026753,13.193579,0.6038779,-17.782743,-0.7832262,-32.01762,-0.3553997,-27.162466,-0.3238629,-8.074733,19.146318,0.07582003,-0.011999001,0.14345364,1.8292683,1.8867925,0.36666667,0.21483845,0.14333333,0.1673984,-15.621621,9,15,59,SPEAKER_01,2023.8,2203.166667,2039.40846875,2041.0622187500005,1,1.65375,disengaged
41.60477,0.096109025,39.20287,42.703724,44.443893,5.241024,198.14478,143.01775,13.829899,6.0431767,0.4952613,0.66099167,0.21682115,0.41928282,0.69932157,0.48250043,6.5353804,8.243812,2.9431295,2.0054684,0.24690636,1.1405598,17.89946,0.4094715,1.9741117,6.070744,-9.493935,-1.2632718,-28.264446,-0.62282,0.031547666,1.0265625,1.4409003,0.5092003,8.170441,0.57097983,14.631708,0.61003417,29.672554,0.25198022,785.0024,0.20797682,1411.1644,0.116472945,-133.90656,-0.6407542,1832.213,0.13728103,1181.6823,0.24056408,-124.70803,-0.6629828,2820.545,0.08668245,863.22644,0.26285675,-124.927956,-0.6587429,-14.830787,-0.35706282,26.268366,0.2559515,0.061936695,0.24814679,-0.026322663,-0.57896656,0.2526562,0.5830968,20.395231,0.24257948,-1.4219425,-7.8212624,-13.191739,-1.1615136,-38.99577,-0.31740823,-14.223346,23.19119,0.028000811,-0.026521694,0.25465357,1.9900497,4.0816326,0.09375,0.08601417,0.13125,0.15053551,-26.211206,9,15,59,SPEAKER_01,2023.8,2203.166667,2046.59721875,2048.62221875,1,2.025,disengaged
39.929478,0.06877602,36.89058,40.268074,43.219376,6.3287964,10.454217,6.3238335,25.883823,14.9065275,0.3065311,0.4635597,0.17652903,0.28738254,0.43883383,0.26230478,2.1115053,1.8688306,1.5182085,0.70047325,0.07848633,0.70118785,11.838821,0.89447576,7.41519,1.1330369,-7.5934234,-1.6505849,-25.06208,-0.53587663,0.021449044,0.9765269,1.2912374,0.45199212,7.8641596,0.5170089,5.907407,2.3839247,22.269428,1.5719694,692.76965,0.28031576,1430.2174,0.12572773,-132.77614,-0.6966219,1747.0231,0.1667902,1260.8235,0.27561915,-122.6049,-0.70272416,2802.6543,0.09084574,1003.8431,0.37499142,-124.8512,-0.6690937,-14.225758,-0.27245903,26.929413,0.26156858,0.054667603,0.3130657,-0.02193469,-0.85714614,0.10261605,0.50478476,19.823061,0.2933084,4.6463842,1.8492409,-16.9025,-0.78524756,-35.32028,-0.26489526,-6.7373652,11.915508,0.03487399,-0.011791549,0.06572246,2.6086957,2.6666667,0.155,0.106575474,0.19999999,0.15737428,-35.804245,9,15,59,SPEAKER_01,2023.8,2203.166667,2050.49534375,2052.80721875,1,2.311875,disengaged
41.86749,0.07777336,38.923996,41.69689,43.036186,4.1121902,161.869,194.81216,28.64531,25.584927,0.35933414,0.3175799,0.25402203,0.3408172,0.4735303,0.21950826,2.1743815,1.6922843,1.1097897,0.7400494,0.12230257,0.6443214,19.771946,0.22346608,2.9200084,2.781533,-8.579031,-1.2896719,-34.57634,-0.3791212,0.020173883,0.8993841,1.2462806,0.43599597,8.653711,0.42371115,12.933628,0.56014514,26.566542,0.34685606,702.1236,0.29517725,1389.5245,0.12922329,-92.08188,-1.0060455,1795.0835,0.14872783,1199.6033,0.29970676,-80.97282,-1.0014706,2782.9785,0.08336935,912.80133,0.33491188,-81.71974,-0.9749451,-14.727089,-0.36726072,24.811846,0.2543926,0.045788273,0.38428757,-0.027164765,-0.38315365,0.10922037,0.5683496,20.128109,0.22268759,2.558504,3.3513975,-8.711863,-1.3753786,-32.971237,-0.40876454,-14.1488695,22.47301,0.057704274,-0.034101516,0.15194109,2.966102,2.6200874,0.24666665,0.11939663,0.114999995,0.089768216,-33.465187,9,15,59,SPEAKER_01,2023.8,2203.166667,2054.17409375,2056.5534687500003,1,2.379375,disengaged
40.515602,0.10829716,37.367775,38.19346,47.71478,10.347004,36.300972,0.0,-1.7291261,0.0,0.66868895,0.34059176,0.3729124,0.74887544,0.89998674,0.52707434,2.9722183,0.4512191,1.0070465,0.12344876,0.24044016,0.38416138,17.522425,0.3861037,-14.587633,-0.42934558,-19.453836,-0.36605522,-28.118753,-0.2671527,0.019673252,0.7245814,1.7823253,0.32897484,2.1325312,1.0802633,1.7955995,2.7788596,22.615423,0.35636544,952.7003,0.09723363,1256.311,0.102155045,-80.503426,-1.2151421,1917.0088,0.061881505,1028.0336,0.17761497,-82.78364,-1.1216545,3014.3394,0.050268494,911.83344,0.343732,-89.7713,-0.97241545,-6.032606,-0.6704094,15.195106,0.5714274,0.07796784,0.12938835,-0.024653906,-0.35871795,0.22605832,0.36486834,17.271809,0.36247224,-15.235859,-0.43121457,-23.164406,-0.31451908,-27.039474,-0.2723492,-9.719141,16.050978,0.08178813,-0.030715074,0.2668993,1.5873016,3.448276,0.16,0.08,0.07,0.029439203,-29.807571,9,15,59,SPEAKER_01,2023.8,2203.166667,2058.62909375,2059.2703437500004,1,0.64125,disengaged
23.863203,0.0,23.863203,23.863203,23.863203,0.0,0.0,0.0,0.0,0.0,0.94127524,0.10873326,0.86179805,0.9346399,1.03592,0.17412198,5.5628867,0.0,-3.8325033,0.0,0.2705558,0.27434927,11.49335,0.07736137,-17.22342,-0.22998378,-17.081057,-0.18210904,-48.35857,-0.11011023,0.0023848712,0.4244657,0.8754495,0.46635947,5.7802086,0.054643493,-13.760414,-0.26542202,-12.734342,-0.15055619,998.74646,0.06393677,1223.88,0.08055859,23.024733,0.18375266,1871.2179,0.029033761,1070.2932,0.19824693,15.988465,0.14787063,2899.0762,0.022043733,643.31506,0.092328645,16.612648,0.2415621,-14.959142,-0.20082639,23.539394,0.17892496,0.052341837,0.27799788,-0.03471755,-0.19569947,0.30645826,0.2461315,11.746574,0.09485714,-18.988148,-0.2148479,-18.513815,-0.113202944,-46.18893,-0.1418975,0.0,0.0,0.0,0.0,0.0,7.142857,0.0,0.0,0.0,0.0,0.0,-21.372456,9,15,59,SPEAKER_01,2023.8,2203.166667,2059.28721875,2059.43909375,1,0.151875,disengaged
37.823524,0.06745764,36.515617,37.921253,38.759136,2.2435188,11.502371,7.683182,42.705772,0.0,0.31154934,0.2789536,0.2352621,0.2964302,0.38257954,0.14731744,2.750201,1.649487,1.1614442,0.4871165,0.0920685,0.56653243,21.250277,0.1796091,-3.0992413,-2.5459747,1.6057112,7.0449967,-29.993856,-0.37273258,0.019132208,0.72940016,1.2240508,0.36703312,6.510366,0.37403247,3.8101177,3.2566602,20.480986,0.3738451,689.8734,0.33561784,1403.2161,0.14388868,-90.21804,-1.0194384,1730.7638,0.17622112,1043.0684,0.22750983,-78.359436,-1.0584368,2749.1677,0.07862528,1063.2864,0.3605549,-79.80182,-1.0267756,-12.356804,-0.28234392,21.557217,0.20372504,0.060589604,0.2356814,-0.022355681,-0.4357673,0.10525811,0.5735914,22.960907,0.1491194,-2.6467535,-2.8723516,-0.02471278,-498.47342,-28.85699,-0.43213737,-8.330344,13.211979,0.045308765,-0.020252237,0.07216016,4.2105265,4.4444447,0.1375,0.057608593,0.09333333,0.041096095,-36.83094,9,15,59,SPEAKER_01,2023.8,2203.166667,2060.09721875,2061.05909375,1,0.961875,disengaged
41.9625,0.077970386,39.188248,41.802692,42.97225,3.7840042,24.373354,16.622328,34.482876,14.452748,0.39564416,0.31017825,0.3005166,0.36021686,0.5194,0.2188834,1.9984827,0.590527,1.0125424,0.87972593,0.11960449,0.41064933,19.587656,0.27446184,-1.767805,-5.5781345,-14.856074,-1.1349953,-24.207829,-0.39413527,0.029062707,0.8612964,1.3962735,0.34853768,5.8156953,0.58110166,5.583352,2.1666245,24.915297,0.39554083,688.54584,0.29232848,1486.3016,0.19524044,-92.434456,-1.0585372,1666.1273,0.13048242,1245.6304,0.29483387,-76.33044,-1.1385674,2697.8047,0.097819775,1074.8474,0.36757326,-83.047295,-0.9835482,-9.844489,-0.66165394,24.249847,0.33220482,0.03682224,0.65312177,-0.020286644,-0.60346115,0.12580344,0.43574634,19.08603,0.21647473,-4.502204,-2.1937344,-21.013239,-0.75941837,-26.12619,-0.38689077,-10.135471,19.022179,0.008870638,-0.022001743,0.11248155,3.1088083,2.1276596,0.29999998,0.26105553,0.14999999,0.11022704,-34.34499,9,15,59,SPEAKER_01,2023.8,2203.166667,2064.72096875,2066.66159375,1,1.940625,disengaged
50.244747,0.0012141138,50.18754,50.254353,50.29967,0.112133026,2.9701998,0.0,3.8350425,0.0,0.40734592,0.19398704,0.34743977,0.43667057,0.47711688,0.12967712,4.0968757,0.0,-1.3546505,0.0,0.14840731,0.38457632,11.212465,0.14381145,16.697224,0.115041494,-3.81523,-0.74166894,-38.503685,-0.12031446,0.029485477,0.1187231,1.5101051,0.37213233,9.999311,0.21145292,12.03588,0.47069874,5.2405767,0.978154,938.2836,0.14302152,1310.9965,0.10026204,-33.965927,-0.122399874,2093.4958,0.075445324,983.83887,0.24371509,-39.771465,-0.035327785,2951.2065,0.047443673,955.23987,0.1694426,-37.722904,-0.06337775,-18.48359,-0.20208667,27.507523,0.16764724,0.08128083,0.09672934,-0.03329529,-0.21618651,0.15182762,0.36061394,10.83164,0.10844364,15.753167,0.07705306,-5.664742,-0.32398063,-37.98634,-0.13715586,0.0,0.0,0.0,0.0,0.0,6.666667,11.111112,0.08,0.0,0.0,0.0,-30.435228,9,15,59,SPEAKER_01,2023.8,2203.166667,2066.7965937500003,2066.96534375,1,0.16875,disengaged
41.684345,0.07204012,38.860073,40.995396,46.35462,7.494549,27.630032,10.77182,37.91846,27.156927,0.5579749,0.24134904,0.43030277,0.5395178,0.66855335,0.23825058,3.2791967,2.1174238,1.4656531,0.6620062,0.14742228,0.42342046,6.6123796,1.0888094,2.1597433,4.228564,-5.992621,-1.7950196,-23.938131,-0.39150187,0.025921803,0.65237415,1.2782414,0.317486,4.6447706,0.5907029,9.934679,0.83133954,17.500875,0.5588614,796.6156,0.29079702,1249.1561,0.15356733,-82.53327,-1.0257133,1815.8494,0.14150646,1021.64307,0.33105245,-71.563446,-1.0754212,2756.3323,0.09051198,985.85535,0.30833277,-71.97155,-1.0623783,-6.578933,-0.7523298,15.70947,0.38337323,0.063074745,0.25896084,-0.017005222,-0.8035758,0.1523149,0.40714392,7.6591306,0.9465119,0.105325386,90.12308,-7.1233735,-1.579579,-23.707975,-0.42761007,-4.8523216,12.095376,0.058102682,-0.019623606,0.13733652,4.545455,4.7244096,0.13833332,0.052095003,0.074999996,0.044999998,-32.585266,9,15,59,SPEAKER_01,2023.8,2203.166667,2067.25221875,2068.58534375,1,1.333125,disengaged
37.513744,0.043022107,36.000977,37.330032,39.6582,3.6572227,26.340433,21.446754,31.904737,45.023235,0.42108664,0.4893107,0.24249369,0.40283707,0.5903363,0.34784263,2.3930418,1.0938245,1.5872536,1.1645333,0.11386179,0.6974663,15.361738,0.46769866,-4.6484256,-2.3223286,-5.796188,-1.1107333,-16.413189,-0.68206394,0.025856715,0.96318066,1.4084743,0.37913916,4.3999915,0.5458787,4.342783,1.6043907,21.147503,0.2599797,834.11676,0.22606863,1407.8334,0.16171351,-104.54455,-0.9051037,1810.8848,0.107595965,1149.0803,0.23408034,-102.29102,-0.88298786,2805.1016,0.0820448,1004.052,0.37197053,-105.38063,-0.8298157,-8.866111,-0.40915176,18.467394,0.29188102,0.06636373,0.21617045,-0.019006897,-0.6162322,0.131877,0.5455702,18.65731,0.27339193,-7.3325987,-1.4524146,-7.600107,-0.87789446,-21.60364,-0.48651922,-5.54443,13.558486,0.058090035,-0.0034414052,0.10208689,2.5089607,2.919708,0.16749999,0.066661455,0.13666667,0.06666667,-34.44212,9,15,59,SPEAKER_01,2023.8,2203.166667,2074.96409375,2077.7653437500003,1,2.80125,disengaged
38.667965,0.047828577,36.51966,39.086773,40.488857,3.9691963,97.628105,0.0,-19.429165,0.0,0.33612043,0.26465863,0.24914645,0.33854392,0.4164992,0.16735275,1.7143621,0.6068769,0.62136984,1.1568063,0.107447855,0.55098003,22.46465,0.33350384,-2.3995342,-2.863663,-18.975073,-0.58968204,-21.78092,-0.6078587,0.025655242,0.62089306,1.3526206,0.23927133,4.2276516,0.31443995,-0.89266,-6.969214,27.0113,0.2627586,733.5655,0.26416624,1402.6937,0.054767765,-132.03621,-0.6835408,1614.1058,0.10971603,1331.4241,0.17532076,-117.58043,-0.7534065,2725.576,0.08212397,1059.0306,0.3203013,-124.27971,-0.6554139,-7.593319,-0.63384664,26.088179,0.20677453,0.056379396,0.26537555,-0.009937354,-1.7024759,0.1134574,0.44887125,26.264668,0.11270521,-6.0048146,-0.38747162,-19.280815,-0.58666164,-23.249746,-0.71131825,-6.4395666,22.37889,0.04874151,-0.01298876,0.11676756,5.084746,3.7037039,0.11,0.07,0.14,0.04,-36.26219,9,15,59,SPEAKER_01,2023.8,2203.166667,2077.9509687500004,2078.5584687500004,1,0.6075,disengaged
41.237957,0.1339924,35.11407,41.524456,44.796112,9.682041,32.52805,19.089577,62.239925,0.0,0.39972088,0.38084707,0.28339857,0.37378767,0.574715,0.29131645,2.1298125,0.8751894,1.6902574,0.24882852,0.14908156,0.74361825,16.921677,0.4782404,-3.5466142,-3.4443798,-26.031973,-0.45783553,-18.709034,-0.49195993,0.032338113,0.79959935,1.5985379,0.42267027,5.3427978,0.71533304,6.917115,1.2997916,30.232788,0.2210859,816.83484,0.20123583,1438.4222,0.1585491,-72.53357,-1.2552367,1734.1042,0.10148681,1216.9012,0.27431306,-69.193306,-1.1496034,2884.4917,0.07710889,892.70087,0.31046242,-77.275444,-0.9622947,-10.838681,-0.5110745,25.422832,0.2422808,0.05569524,0.2241414,-0.011905478,-0.8543736,0.17652431,0.6486706,19.430296,0.32660556,-5.846715,-2.1560822,-27.01795,-0.46147707,-22.099102,-0.317951,-5.9505005,18.670664,0.052851036,-0.0068158023,0.10999239,4.0816326,4.3010755,0.1525,0.06869315,0.06,0.05338539,-31.982183,9,15,59,SPEAKER_01,2023.8,2203.166667,2079.1659687500005,2080.16159375,1,0.995625,disengaged
42.813053,0.07146792,40.64537,41.97109,44.47542,3.8300514,124.54177,102.75746,49.828438,48.004734,0.7517444,0.53136563,0.40695214,0.65714866,1.1489571,0.742005,2.4615526,0.46592408,1.6631676,1.5565424,0.23723839,0.54345095,12.954479,0.9546806,-11.90788,-0.85276246,-8.465985,-0.8022663,-13.406676,-0.7294956,0.032984618,0.92751557,1.336995,0.41977146,2.849467,2.0211954,5.2692194,1.9469286,14.452738,0.8121607,844.9969,0.27247173,1264.9532,0.22783598,-75.22687,-1.1706207,1839.5891,0.1498259,1098.7703,0.21982816,-66.18195,-1.2581624,2844.2004,0.09542874,953.34326,0.37326083,-70.243614,-1.14765,-1.0632052,-7.3729496,14.569393,0.44685996,0.055926215,0.19438903,0.0049614334,2.9932182,0.26647782,0.4700851,11.631074,1.0468684,-14.742752,-0.5183475,-10.150825,-0.67637026,-15.942028,-0.59976274,-6.8251724,16.557098,0.046264224,-0.008883815,0.16057524,1.6304349,3.3707867,0.19833334,0.15603596,0.1175,0.12090802,-28.649643,9,15,59,SPEAKER_01,2023.8,2203.166667,2080.7859687500004,2082.64221875,1,1.85625,disengaged
50.72356,0.064395756,47.713272,51.820477,53.5763,5.8630295,21.94505,0.0,-1.0031188,0.0,0.8898911,0.4760256,0.5232382,0.77711934,1.3298061,0.8065679,3.1062129,3.035674,4.022284,1.9608272,0.2624523,0.54861253,1.547186,5.9550276,-12.852218,-0.44188118,-15.732909,-0.49023414,-20.093466,-0.590179,0.0148975905,0.5156776,1.3654622,0.28710333,3.6357691,0.8447799,1.0035615,14.105428,10.966999,0.600914,901.8654,0.28125632,1176.2329,0.21045019,-79.997574,-1.1175877,1893.1674,0.12549734,1068.3784,0.20933273,-63.06594,-1.3611763,2808.9316,0.07261924,1040.9536,0.22971335,-66.93436,-1.2400202,0.8505199,10.643365,13.460997,0.4444935,0.06963818,0.3069438,-0.014204196,-0.75148386,0.30527523,0.5028659,-0.5837531,-16.876045,-12.984136,-0.46317792,-15.602962,-0.55637646,-18.94809,-0.7127594,-3.2967644,12.835956,0.06317052,-0.01810561,0.194199,3.0612247,3.2258065,0.20666665,0.16213848,0.08,0.021602469,-26.798573,9,15,59,SPEAKER_01,2023.8,2203.166667,2084.21159375,2085.20721875,1,0.995625,disengaged
40.64527,0.05006538,39.027588,41.22489,42.071045,3.043457,30.897068,21.305721,6.6047673,0.0,0.8523799,0.24360666,0.60872364,0.91388667,1.0240676,0.415344,1.7012339,1.92258,2.7983122,1.0675176,0.25845638,0.36706635,11.392334,0.4261514,-19.241127,-0.53698653,-7.3796883,-1.2248753,-21.782915,-0.31223544,0.034857012,0.9295888,1.3980397,0.27147892,2.5593712,0.58172065,4.9106984,1.5620872,14.772274,0.5849731,809.6161,0.24629821,1339.0656,0.14334266,-58.63048,-1.3466202,1750.88,0.104949124,1111.016,0.14390874,-53.997078,-1.3411924,2699.125,0.08180813,991.47424,0.35434604,-58.191837,-1.2109267,-2.528803,-1.8110023,13.031711,0.50294256,0.049927037,0.36174053,-0.011373747,-1.1525372,0.2752468,0.27154517,10.877502,0.45963135,-20.682056,-0.5701745,-8.321028,-0.90022755,-22.7421,-0.2397621,-3.1264336,12.5836115,0.061651308,-0.012917287,0.27655607,3.448276,5.6603775,0.12333333,0.09104334,0.026666667,0.0094280895,-28.442692,9,15,59,SPEAKER_01,2023.8,2203.166667,2086.37159375,2086.96221875,1,0.590625,disengaged
46.059643,0.043887075,43.647255,46.053764,47.703167,4.055912,27.516565,7.2152777,110.51631,42.464245,1.1751914,0.42240328,0.9319493,1.0882102,1.6464746,0.7145253,0.8683286,2.2673926,1.7792029,0.2593518,0.46142,0.7845913,-0.8797541,-3.936607,-25.145525,-0.36693996,-21.538696,-0.44932413,-11.79112,-0.72823197,0.03573877,1.3169492,1.4778417,0.35709673,2.3697598,1.5469267,3.4559343,3.7121108,7.058129,5.635535,1015.7553,0.19065541,1176.244,0.18675956,-9.587181,-5.9022703,1893.1001,0.10121117,1203.6808,0.16581678,-10.559031,-4.5855412,2856.5247,0.07529039,1061.6854,0.4835934,-16.963224,-2.7506309,3.5473185,1.8063542,11.844723,0.37740362,0.07362072,0.22083667,0.010548543,1.7958754,0.4685828,0.70982313,-1.341351,-2.6375308,-26.460602,-0.21269527,-22.719667,-0.31574994,-13.171344,-0.6358442,5.9759326,11.120202,0.097867176,0.0696013,1.4050127,2.3529413,2.5316458,0.35999998,0.22999999,0.04,0.0,-22.063717,9,15,59,SPEAKER_01,2023.8,2203.166667,2088.95346875,2089.81409375,1,0.860625,disengaged
46.27769,0.053807937,45.29327,45.478382,46.744534,1.4512634,10.354234,0.0,-65.82087,76.466446,0.8393833,0.39515945,0.57083386,0.7436118,0.9880705,0.41723663,7.121727,9.490747,3.708168,0.6939964,0.2527219,0.5233581,6.8923526,1.5035924,-18.846182,-0.29603416,-13.165954,-0.5643176,-16.985275,-0.6467012,0.025382478,0.44494882,1.5322286,0.58845943,2.7734156,0.8376011,2.5285437,2.4021573,14.571789,0.49565035,929.3105,0.14787185,1216.3236,0.11855213,-88.777504,-1.0562857,1862.4706,0.07509377,1197.9512,0.3694327,-86.35571,-1.0082936,2781.5806,0.060383834,900.5653,0.20946501,-88.544525,-0.9618139,-1.5593922,-2.6700842,13.243062,0.35548908,0.06676094,0.18237075,-0.00676176,-2.0421362,0.20854971,0.29789397,10.239239,0.6684591,-20.661394,-0.2970801,-15.744692,-0.5366966,-18.589525,-0.5348157,3.0573454,4.7624855,0.06091959,-0.0017152432,0.33414894,4.054054,5.7971015,0.0925,0.070489354,0.08333333,0.06944222,-28.95959,9,15,59,SPEAKER_01,2023.8,2203.166667,2092.6659687500005,2093.42534375,1,0.759375,disengaged
43.275246,0.11077918,39.581024,42.215733,44.789276,5.208252,97.907265,77.391594,70.4195,84.04437,0.6810143,0.43961844,0.3977464,0.6637632,0.86797214,0.47022572,2.092733,1.3841181,2.8711665,1.5905409,0.30130905,0.6737882,16.381208,0.4390638,-12.196066,-1.103333,-20.519712,-0.36616763,-30.30674,-0.4680411,0.024613293,0.9320138,1.4319924,0.3612719,7.5915766,0.45603848,5.4470205,2.7734804,22.108181,0.7481986,804.9798,0.2610173,1361.3428,0.1612459,-56.738716,-1.5831792,1831.9717,0.14499795,1077.3969,0.1506476,-51.8863,-1.4938136,2870.6409,0.093401894,953.30634,0.31953213,-56.709896,-1.3099403,-8.971233,-1.2463744,23.152704,0.3356451,0.04676994,0.35437727,-0.022562698,-0.864331,0.2530457,0.6512899,16.952013,0.46734545,-11.254733,-1.2826492,-20.38923,-0.41493252,-32.005554,-0.47440493,-4.2746344,18.669807,0.06578304,-0.0170007,0.48581222,2.222222,2.3076923,0.32666668,0.2444495,0.086666666,0.057348836,-26.597507,9,15,59,SPEAKER_01,2023.8,2203.166667,2093.49284375,2094.85971875,1,1.366875,disengaged
46.88366,0.05421776,46.007618,47.4879,48.650528,2.64291,80.10543,97.82104,70.50708,20.850824,0.5177835,0.5045701,0.2969052,0.38450307,0.84249353,0.5455884,0.116937004,1.1683033,1.2060249,0.29485828,0.15279146,0.74156904,14.316902,0.30077812,-9.865754,-1.3384616,-20.123322,-0.7278147,-13.785787,-0.73201805,0.023810003,1.1601844,0.9535385,0.52629375,10.03101,0.54462904,3.8748577,2.4962416,21.40681,0.41746563,892.86145,0.18455349,1224.8744,0.19124691,-77.89142,-1.1579906,1905.5652,0.10986422,1080.4385,0.24097982,-73.15241,-1.1249511,2911.533,0.059352703,945.1823,0.23848931,-81.085144,-0.93474305,-9.709458,-0.81799704,26.747889,0.1710071,0.06242649,0.36886647,0.008561924,1.5625027,0.15828733,0.7356011,14.586841,0.32388103,-8.229904,-1.8072295,-18.784071,-0.74751246,-13.155648,-0.8338766,-2.5886421,19.627787,0.048757948,0.008393301,0.15262203,1.5384616,3.2,0.205,0.29176188,0.0875,0.047631398,-29.361712,9,15,59,SPEAKER_01,2023.8,2203.166667,2097.62721875,2098.9434687500006,1,1.31625,disengaged
47.71357,0.02429019,46.376648,47.96347,48.278778,1.9021301,15.868635,6.945221,11.361114,0.0,0.4089808,0.3881388,0.25026563,0.36649594,0.5838313,0.33356568,1.9781908,0.38550898,1.3889198,1.1092603,0.1113712,0.5692768,19.065615,0.26497254,-8.942028,-0.75118876,-20.974146,-0.6578153,-15.548478,-0.5033517,0.017425334,0.9045364,1.0057251,0.43451345,9.776634,0.41627765,6.0863986,0.7294189,33.82377,0.26554117,780.7467,0.25260997,1477.6656,0.18576291,-61.262833,-1.4034017,1635.617,0.10908889,1128.1771,0.14941917,-54.38938,-1.3676858,2862.1167,0.06567243,810.148,0.18149056,-70.33914,-0.9277086,-8.178482,-0.5225944,29.234451,0.15589608,0.06542313,0.25854823,0.0024438829,5.528441,0.12975459,0.4928884,20.858685,0.21643977,-8.391397,-0.849437,-27.435722,-0.33278444,-17.117523,-0.44391927,-3.9927018,11.736379,0.058235146,-0.0115217455,0.08042614,3.7500002,2.6666667,0.285,0.085,0.07,0.049999997,-32.61882,9,15,59,SPEAKER_01,2023.8,2203.166667,2099.6522187500004,2100.46221875,1,0.81,disengaged
45.867943,0.0023072716,45.749588,45.86854,45.985004,0.23541641,0.9775798,0.6957489,2.245419,0.0,0.23247948,0.20471835,0.18910138,0.2231462,0.29509115,0.10598977,0.8508707,0.37227225,0.72133434,0.0,0.03651472,0.23197053,12.857929,0.20846684,7.074164,0.6399234,1.9222617,2.3117058,-13.186889,-0.3108001,0.026078187,0.2810352,1.1560105,0.36296088,8.500685,0.10405234,15.603596,0.5213639,13.75294,0.3904817,881.74713,0.14203374,1185.2744,0.09101202,-100.121765,-0.90970963,1944.9078,0.074241325,935.3653,0.20795815,-92.992714,-0.9061589,2874.1306,0.060816772,934.0901,0.16073775,-96.14871,-0.8451299,-13.346052,-0.16474466,18.98991,0.17807008,0.039818577,0.14060374,-0.0009202909,-4.477194,0.03726478,0.14012547,14.135386,0.13879132,6.3950706,0.81374127,1.7168068,2.4369602,-15.610455,-0.22050744,-8.790661,10.536715,0.020478763,-0.003659196,0.040422108,2.7027028,3.125,0.17999999,0.0,0.099999994,0.0,-42.15163,9,15,59,SPEAKER_01,2023.8,2203.166667,2100.64784375,2101.0359687500004,1,0.388125,disengaged
49.17434,0.035251882,47.313904,49.94694,50.340755,3.0268517,10.615588,4.1269355,23.643356,28.895535,0.79972994,0.346969,0.57542557,0.866293,1.0066925,0.43126696,4.304612,1.9290208,2.5702791,1.8444422,0.245041,0.42996377,0.5718886,17.303799,-20.851372,-0.5062943,-12.589226,-0.5591458,5.631081,2.658274,0.018476658,0.7337584,1.4594727,0.32375595,5.661682,0.6429324,-6.777452,-0.7303351,6.496305,1.0465405,772.9019,0.2728038,1179.5796,0.22984079,-58.612568,-1.6017935,1729.5958,0.13387454,1200.6218,0.22550008,-33.519566,-2.3946307,2681.174,0.09751433,982.4069,0.24486452,-39.718216,-1.9486893,8.446076,0.88076687,11.321388,0.5177114,0.02726908,0.96723866,0.024747286,0.7098853,0.26496464,0.32328153,-1.5514126,-5.7573767,-23.660463,-0.38035256,-13.004885,-0.50100404,7.931065,1.7613873,-0.794282,13.536561,0.03479008,0.013118769,0.18420707,3.5573123,1.6194332,0.48749998,0.3201855,0.14999999,0.14854853,-28.197214,9,15,59,SPEAKER_01,2023.8,2203.166667,2101.79534375,2104.3434687500003,1,2.548125,disengaged
41.808098,0.0031459604,41.6768,41.816025,41.959084,0.28228378,6.19456,0.0,-1.1339252,1.3352976,0.15321103,0.06369057,0.14644437,0.15432861,0.1603487,0.013904333,0.48571956,0.30260053,0.27978387,0.10307609,0.024450602,0.24886377,21.000149,0.09750909,9.420612,0.37158003,-9.529552,-0.6619323,-14.136695,-0.41733065,0.018258126,0.3148576,1.3017097,0.22444633,6.3406477,0.15175761,4.8263545,0.3599688,30.41079,0.06411968,635.04724,0.27102554,1457.1069,0.10955209,-102.232925,-0.8647509,1588.258,0.17283045,1255.1654,0.11809667,-79.92453,-0.99946135,2721.3716,0.108930774,1009.3046,0.19655414,-87.07597,-0.8515364,-14.097046,-0.14607029,27.462864,0.07478999,0.0084405495,1.2653445,-0.012241878,-0.33576933,0.023879092,0.26593158,22.43985,0.042146627,10.063733,0.27480847,-13.196267,-0.20587063,-15.157497,-0.3275133,-12.399125,22.75241,0.017338876,-0.012064463,0.029195942,9.375,3.7037039,0.17,0.0,0.035,0.015,-47.801727,9,15,59,SPEAKER_01,2023.8,2203.166667,2107.3134687500005,2107.65096875,1,0.3375,disengaged
48.395645,0.0700478,44.521557,48.266922,52.424534,7.902977,19.215763,5.204354,8.948994,0.0,0.4342568,0.35152146,0.29098886,0.3801047,0.59991413,0.30892527,1.1990107,1.0452551,1.892868,0.11568586,0.18476059,0.49984798,13.722823,0.3647266,4.209919,1.6300671,-19.34035,-1.0555776,-27.145794,-0.49340826,0.037426036,1.1523534,1.2301829,0.37351692,8.942154,0.3534976,9.382236,1.1599909,20.751755,0.4278194,997.94965,0.1494148,1270.432,0.13191651,-40.512165,-1.3662835,1899.9216,0.13585076,1332.3602,0.24696828,-46.73653,-1.0491135,3000.5408,0.080910936,921.7701,0.24931009,-54.31479,-0.83618,-11.564778,-0.6401061,27.295366,0.23625991,0.07370592,0.32066575,0.0004405153,30.128672,0.20658061,0.41313502,13.456336,0.3122349,3.80308,1.9025803,-20.108639,-1.0648553,-27.506899,-0.49220103,-8.734761,19.957499,0.041056924,-0.009571268,0.10031102,4.7619047,1.724138,0.51,0.0,0.03,0.0,-30.670132,9,15,59,SPEAKER_01,2023.8,2203.166667,2114.38409375,2115.0253437500005,1,0.64125,disengaged
41.35685,0.040065177,39.592052,41.564056,42.72176,3.1297073,10.445814,8.274482,122.66356,87.50757,0.6646945,0.70192194,0.26754478,0.39386362,1.1381685,0.8706237,5.295492,3.3100324,4.959413,4.0470495,0.2769345,1.0637376,13.797579,0.45175835,-11.999215,-0.8926761,-17.06401,-0.6655818,-26.086681,-0.45529985,0.024442192,0.8407556,1.1202067,0.42443305,5.6176095,0.5163813,5.883672,1.395568,23.098269,0.3762401,666.36505,0.26763564,1585.9495,0.29362568,-136.88556,-0.66869605,1643.3988,0.14920494,1160.0635,0.21555962,-115.48639,-0.80288273,2713.9468,0.061920453,967.02155,0.46142113,-118.7141,-0.7511148,-8.767779,-0.54342437,18.869276,0.40064654,0.039508685,0.28311822,-0.019742427,-0.39284363,0.25583887,0.7782861,17.245436,0.26797602,-9.108636,-1.2637699,-11.745963,-0.87321126,-29.620735,-0.3578741,1.3587976,12.592303,0.040078357,0.010986586,0.32053897,3.0612247,2.1978023,0.195,0.055,0.48999998,0.0,-26.634054,9,15,59,SPEAKER_01,2023.8,2203.166667,2123.29409375,2124.28971875,1,0.995625,disengaged
44.117863,0.046165176,41.44722,45.095016,45.785484,4.3382645,31.89613,0.523613,13.477738,10.453205,0.55252695,0.36854264,0.38272667,0.54174733,0.7336833,0.35095662,3.6419027,1.1101974,0.98662585,1.8849595,0.18744212,0.49553964,15.776749,0.2614665,-6.532076,-1.1425583,6.876083,1.5029892,-22.177248,-0.37688988,0.021491649,0.6487082,1.3459657,0.39146426,7.459066,0.30620652,16.45992,0.290681,14.655327,0.78693664,837.94904,0.3017741,1315.2911,0.16980048,-96.430984,-0.8667701,1863.3102,0.14636637,954.5752,0.1618111,-75.194305,-1.0055696,2839.3574,0.081159696,972.9193,0.24868184,-75.37028,-1.0059316,-9.813659,-0.21266238,18.11457,0.29346928,0.04938123,0.5573807,-0.011180939,-0.6895906,0.19288495,0.43920216,16.237598,0.29287717,-4.478836,-1.7728447,5.868244,2.0743728,-24.635874,-0.37361494,-5.9374976,11.952015,0.033090442,-0.0045752893,0.22695555,5.172414,3.773585,0.175,0.074999996,0.065,0.044999998,-30.349928,9,15,59,SPEAKER_01,2023.8,2203.166667,2124.7959687500006,2125.3865937500004,1,0.590625,disengaged
46.713745,0.10530475,43.58617,45.477413,47.79739,4.21122,41.78519,0.0,-0.18210411,0.0,0.43370587,0.36951503,0.2894749,0.37782162,0.6213766,0.33190167,2.9711616,2.0214887,1.0900643,0.79389113,0.1267372,0.6488972,10.8216,0.36168826,-2.2139866,-2.4037888,14.923636,0.8194371,-21.251257,-0.9322478,0.02221002,0.9799695,1.2308323,0.43704882,6.838238,0.4338824,2.4213042,8.6472,2.8499,2.11446,948.36475,0.21382363,1271.6871,0.3008837,-70.47655,-1.0400777,1992.3839,0.06228202,997.5034,0.37908795,-59.51845,-1.2214465,2836.7222,0.06924353,1065.6486,0.45077404,-58.81158,-1.2108089,-6.834377,-1.0653543,10.772742,0.9565233,0.07135156,0.32170767,-0.008627722,-0.742199,0.1612484,0.46125096,11.128664,0.38969153,-3.3484294,-1.6408192,18.863926,0.39476782,-26.47326,-0.63027954,-6.906537,14.472155,0.045140963,-0.008199948,0.05208719,4.6875,3.448276,0.21499999,0.13499999,0.055,0.035,-31.6829,9,15,59,SPEAKER_01,2023.8,2203.166667,2126.43284375,2127.09096875,1,0.658125,disengaged
45.716618,0.09133552,40.87601,46.411407,49.260075,8.384064,26.896414,0.0,14.835113,0.0,0.3785869,0.44680333,0.25361556,0.33800486,0.4724305,0.21881494,2.5368469,1.8512975,1.9059027,0.79149115,0.12446863,0.6404599,20.14823,0.29262552,-4.7576013,-1.3787425,-14.736617,-0.71829545,-26.213833,-0.37391418,0.0211917,0.7413637,1.2085172,0.42383656,9.603436,0.36451024,13.62116,0.3016899,29.804989,0.34809935,810.44635,0.20025179,1353.4058,0.18882856,-110.66604,-0.8539359,1755.4834,0.12031888,1167.5496,0.1939377,-110.05426,-0.7902477,2855.5842,0.057209462,839.95245,0.30010962,-114.60346,-0.71805775,-14.502722,-0.30387768,28.512655,0.16258027,0.076216765,0.23368816,-0.014463378,-0.8501276,0.123128325,0.49095958,24.394121,0.12901855,-5.284197,-1.2995839,-20.59742,-0.576655,-26.501364,-0.37705415,-8.047495,18.121405,0.05976441,-0.013704525,0.12458513,3.2520325,1.7094017,0.29,0.14,0.275,0.24499999,-33.365852,9,15,59,SPEAKER_01,2023.8,2203.166667,2128.44096875,2129.68971875,1,1.24875,disengaged
36.731842,0.0437583,34.911697,37.03561,38.55269,3.6409912,23.63003,0.0,-13.030116,0.0,0.2514299,0.18736292,0.22670726,0.2565305,0.28295463,0.05624737,0.50078034,0.866297,1.7223113,0.3358431,0.07794201,0.35868487,26.377787,0.098143466,9.264208,0.6657467,1.6418854,3.3080099,-2.7492402,-1.5332335,0.03679366,0.73758334,1.1553376,0.32734492,9.2600155,0.15143318,0.39488044,11.55807,22.70657,0.12850495,925.47723,0.07099057,1230.2172,0.12520932,-20.808374,-0.29197168,1857.8594,0.04416687,1051.4401,0.18922243,-28.707169,-0.20813309,2970.4746,0.033353604,758.8936,0.17105323,-40.430977,-0.08193816,-18.807354,-0.1789006,33.210766,0.122695975,0.017794648,1.3193008,-0.00783826,-0.89363736,0.07463762,0.30111971,26.94306,0.099555545,10.499598,0.6176198,3.0826578,1.6782243,-1.6494242,-2.3643339,0.0,0.0,0.0,0.0,0.0,7.4074078,4.7619047,0.19999999,0.0,0.0,0.0,-35.860382,9,15,59,SPEAKER_01,2023.8,2203.166667,2130.65159375,2130.9384687500005,1,0.286875,disengaged
37.932354,0.11772223,34.62642,37.800964,39.897293,5.270874,652.86237,1008.8832,69.983826,45.11893,0.5650019,0.5528912,0.26938018,0.5016305,0.8010906,0.5317104,3.5312545,1.9287786,1.2859676,2.0816145,0.24826595,0.7541235,18.58476,0.35208672,-7.816509,-2.0278716,-20.717192,-0.59802866,-25.666403,-0.36476505,0.045597453,0.95353633,1.6169587,0.4013563,3.984881,0.9246427,-0.66837424,-18.731749,20.723297,0.6683179,774.6724,0.29520753,1438.8177,0.15391557,-36.23488,-2.079942,1747.1814,0.12942746,1158.3358,0.17909598,-43.519978,-1.507041,2871.8342,0.04944244,838.73254,0.21845038,-50.30661,-1.2195498,-10.488143,-0.8392082,25.062672,0.2317555,0.060636424,0.25755724,-0.019722225,-0.8023856,0.2825789,0.7014173,19.197124,0.32856196,-7.0540113,-2.2953837,-21.310717,-0.6436064,-25.574581,-0.36687583,-8.636102,19.512547,0.05324774,-0.02289241,0.16001093,3.2258065,4.5454545,0.17,0.10606602,0.03,0.008164966,-28.213772,9,15,59,SPEAKER_01,2023.8,2203.166667,2132.94659375,2133.8915937500005,1,0.945,disengaged
34.180603,0.111705646,34.519295,36.075806,36.176353,1.6570587,162.12422,138.39812,62.102867,44.547817,0.3650598,0.2136918,0.29398724,0.3718233,0.42349172,0.12950447,2.7864025,1.8286612,0.28329906,1.235973,0.11376083,0.46530142,25.905294,0.05684154,-5.537377,-0.54004186,-24.171026,-0.28682533,-26.560741,-0.18558218,0.07804062,1.8690591,1.0650876,0.39097705,7.257352,0.47955364,-3.7208037,-1.8113204,21.155495,0.22662878,618.634,0.2829953,1358.0641,0.07109997,-103.6816,-0.961455,1618.4084,0.12796932,1240.5818,0.11558636,-105.57596,-0.90595496,2845.8691,0.044470392,868.15204,0.21680659,-114.69549,-0.75258994,-12.201325,-0.238057,32.059772,0.082735755,0.047368523,0.3240607,-0.024730433,-0.5030188,0.09430363,0.21385944,26.03492,0.04459766,-5.457393,-0.4719001,-30.493334,-0.14699955,-27.66955,-0.22142144,-13.462688,26.047382,0.07498588,-0.030931499,0.15393332,5.882353,2.2222223,0.21,0.0,0.22,0.0,-34.060036,9,15,59,SPEAKER_01,2023.8,2203.166667,2135.4440937500003,2135.96721875,1,0.523125,disengaged
43.729755,0.111161195,39.187916,45.171688,47.946033,8.758118,174.44481,213.32355,286.8121,423.44162,0.57803005,0.32319796,0.41500306,0.56401014,0.7574377,0.34243464,2.9903266,1.9000019,2.4473724,1.199029,0.19024304,0.429038,15.697121,0.43429637,-11.158768,-0.99690145,-2.2717237,-5.6503286,-21.471043,-0.6233714,0.030915989,1.2044469,1.420251,0.37731138,5.3459177,0.72386086,6.4501524,1.2315228,13.968008,0.74878097,792.4086,0.33477643,1336.9241,0.22017096,-75.113525,-1.1431936,1768.2361,0.1513984,1028.3705,0.18687893,-62.466713,-1.2283388,2737.23,0.09007847,983.75195,0.39135054,-66.829445,-1.1069775,-6.8473954,-0.7735851,16.009676,0.36205062,0.07392429,0.30568907,-0.005416793,-2.5635357,0.19808261,0.43548793,15.590941,0.36547744,-12.8846655,-0.85739374,-4.6845946,-2.5167658,-20.576567,-0.6761488,-7.3444886,14.490272,0.07614724,-0.010463553,0.18133216,3.4632034,4.0,0.17333333,0.16316319,0.0625,0.027271781,-30.813585,9,15,59,SPEAKER_01,2023.8,2203.166667,2137.7390937500004,2140.06784375,1,2.32875,disengaged
45.425064,0.030212123,44.68626,45.745956,46.56345,1.8771896,30.612627,20.982107,-54.078682,44.81052,0.69912654,0.4155639,0.37707624,0.7388029,0.98102766,0.60395145,4.4904947,2.775408,5.6575933,1.9725198,0.2911845,0.5637299,21.870005,0.20143321,-9.84174,-0.912531,-28.08548,-0.3425915,-18.661966,-0.4607727,0.012682177,0.9587572,1.0142097,0.4996728,10.39211,0.3595016,4.8133354,1.760201,31.773893,0.19689909,896.78217,0.17012866,1262.221,0.12395667,-25.43935,-2.64766,1850.5243,0.11399633,1189.0974,0.16569793,-32.630413,-1.7466323,2952.1516,0.057983417,1060.5273,0.56464565,-46.287693,-1.1178229,-5.7093563,-1.4578105,26.954683,0.17966437,0.043818254,0.44335577,-0.0073023182,-1.0839148,0.30841193,0.5422543,20.502302,0.16810614,-11.075431,-0.84018683,-27.768112,-0.36725178,-18.246119,-0.5055409,-7.086681,30.318182,0.013403317,-0.004428648,0.31844056,4.7058825,2.5316458,0.34,0.32,0.07,0.0,-25.184645,9,15,59,SPEAKER_01,2023.8,2203.166667,2148.99471875,2149.8553437500004,1,0.860625,disengaged
44.56127,0.08267404,41.99086,45.688183,46.34451,4.353649,93.60346,58.817566,78.55664,33.794563,0.75326157,0.4536631,0.40397277,0.7068708,1.0694497,0.6654769,5.060987,2.0273895,3.2517245,1.5777786,0.3472471,0.7880058,19.034279,0.2995679,-4.307045,-2.26672,5.95499,3.3140328,-25.241764,-0.44484454,0.0312655,0.99917877,1.6191093,0.37060666,5.0799756,0.52250415,6.946756,1.2987654,15.831872,0.83782846,709.14154,0.41926786,1257.5688,0.15435897,-151.73091,-0.5313778,1735.3824,0.17503601,1093.7716,0.34561574,-124.92814,-0.6896584,2698.6453,0.09123059,868.68036,0.4586209,-126.11331,-0.6721369,-6.027014,-0.5846173,16.859844,0.317533,0.017595865,0.68937147,-0.020153023,-0.52964276,0.47669214,0.6821852,17.92665,0.3048132,-9.40138,-0.8187003,1.9325105,10.497015,-28.93335,-0.36228514,-6.390129,15.822471,0.004219567,-0.017768757,0.26506358,3.846154,3.9548023,0.09142857,0.07661193,0.13857143,0.15458964,-25.054678,9,15,59,SPEAKER_01,2023.8,2203.166667,2154.4284687500003,2156.26784375,1,1.839375,disengaged
36.550846,0.00805449,36.335926,36.44791,36.77284,0.43691254,72.4617,0.0,11.637735,12.334831,0.7562407,0.5276368,0.34142607,0.6870692,1.0747323,0.7333062,11.478852,14.179988,2.7334645,0.64891577,0.21223384,0.6229401,8.727746,1.3461483,4.5386353,1.2740486,-3.8777525,-1.7485193,-11.214764,-0.6031332,0.0153557835,0.518449,1.4639045,0.34669858,2.7866027,0.31047115,0.954493,2.3506234,16.633062,0.261071,787.63446,0.3155097,1283.2148,0.073886134,-151.46983,-0.5227305,1726.6877,0.16306952,1228.5016,0.29804346,-147.25948,-0.54612607,2682.2246,0.09193672,848.74603,0.21973616,-149.17685,-0.51950425,-4.053148,-0.58055145,11.990668,0.31858104,0.038310442,0.38033643,-0.004304693,-1.4431713,0.20937106,0.44478992,9.19357,0.69590235,1.5127151,3.4607232,-7.2920794,-0.6345009,-12.688526,-0.4013993,-2.25076,11.172298,0.021917492,-0.011239122,0.23707198,3.448276,3.773585,0.065,0.024999999,0.17999999,0.08,-29.287931,9,15,59,SPEAKER_01,2023.8,2203.166667,2157.3815937500003,2157.97221875,1,0.590625,disengaged
43.85524,0.046316817,42.48378,43.546925,44.657738,2.1739578,18.749378,0.54115486,-3.6432467,15.866307,0.5157061,0.7409821,0.23532088,0.42386317,0.5947276,0.3594067,3.4707725,4.731144,3.0685155,1.5080813,0.1574415,0.9906433,17.464046,0.4047237,0.9903783,12.925768,-5.1710806,-1.662619,-19.26959,-0.5318131,0.02001829,0.8190789,1.1544877,0.60335815,9.064625,0.43360257,14.117896,0.607594,17.304121,0.3939231,813.04224,0.2526318,1328.3119,0.13974991,-98.90204,-0.89492035,1876.3042,0.13718772,967.2166,0.28866538,-94.457985,-0.88578033,2849.773,0.07742675,947.324,0.34414768,-95.87166,-0.8584386,-12.411601,-0.45317313,20.235657,0.3198631,0.062579826,0.3288206,-0.016689772,-0.6463988,0.1314486,0.65482676,18.512157,0.29767257,-1.3174865,-8.371719,-4.9961805,-1.880748,-22.661974,-0.45906696,-9.196731,18.214165,0.050360765,-0.014867946,0.20587128,1.9417477,2.5252526,0.22799999,0.2948491,0.148,0.09516302,-29.787004,9,15,59,SPEAKER_01,2023.8,2203.166667,2160.13221875,2162.2078437500004,1,2.075625,disengaged
39.46278,0.062233668,37.375065,39.457382,41.858604,4.4835396,96.49255,158.69266,70.83495,99.30482,0.4338511,0.36739767,0.29121476,0.40926024,0.572901,0.28168625,3.4626122,2.3800333,1.2265862,0.8082083,0.13616519,0.6617163,24.01105,0.19967012,7.0761924,1.258777,-7.309834,-1.5199583,-26.688272,-0.48612338,0.015801972,0.9293968,0.9925498,0.59201837,9.5689125,0.41375813,11.289889,0.79699177,29.661022,0.24291289,701.6183,0.21392114,1393.2112,0.13861232,-52.909626,-1.4702009,1818.4131,0.14178512,1079.6343,0.39072827,-57.303474,-1.1395167,2849.6936,0.0840588,968.4919,0.33368415,-60.307495,-1.0597624,-17.375275,-0.28017822,26.27672,0.23001403,0.04546449,0.41269323,-0.028542778,-0.43239436,0.12994693,0.6418802,24.277662,0.20289747,7.8759303,1.0149988,-6.7024317,-1.6799313,-28.85155,-0.42489764,-9.911707,22.9027,0.04289807,-0.01342698,0.17386055,2.419355,2.8925622,0.26857144,0.3704217,0.065,0.07041543,-29.680763,9,15,59,SPEAKER_01,2023.8,2203.166667,2164.46909375,2166.9665937500004,1,2.4975,disengaged
35.409557,0.1175642,33.68446,35.555805,38.876366,5.191906,70.929955,2.7010193,73.02337,94.11823,0.8363861,0.82812965,0.32458177,0.55124396,1.0371974,0.7126156,3.2868166,2.1219046,4.404044,1.8816502,0.32811132,0.91270226,19.773317,0.4367596,3.1196501,4.9831495,-5.065662,-1.9508783,-27.507595,-0.424538,0.032306805,1.6146902,1.0936573,0.35200876,6.0547132,0.33674392,2.7759645,3.2344327,26.007776,0.2932902,847.3118,0.17299479,1327.1593,0.20005348,-41.684544,-1.8692375,1901.5167,0.09468413,1043.3422,0.2983063,-52.742496,-1.3614365,2898.0706,0.065554954,778.9946,0.38595477,-55.48218,-1.2626879,-14.731409,-0.60626453,22.816946,0.41575032,0.079955645,0.19983174,-0.034456454,-0.39598325,0.4053069,0.75129646,21.162563,0.35822755,1.4873812,10.994802,-5.404712,-1.994226,-29.191961,-0.40176985,-8.146455,15.855694,0.048964877,-0.018161552,0.08193518,1.6,1.6806724,0.465,0.16499999,0.099999994,0.08,-21.970352,9,15,59,SPEAKER_01,2023.8,2203.166667,2176.77096875,2178.03659375,1,1.265625,disengaged
35.132187,0.12629421,34.850582,35.872334,38.1565,3.3059196,239.19872,140.41103,36.153934,34.135445,1.3855797,0.35258165,0.967661,1.3331289,1.7462776,0.77861655,15.047132,12.8358555,8.678675,5.038423,1.1067377,0.6826084,27.791985,0.24073415,3.5990553,2.481074,-13.53653,-0.7404762,-22.266785,-0.511193,0.04113517,1.1042902,1.2924397,0.4482454,4.6104097,0.8476196,6.9911165,1.2224939,31.810518,0.2508277,706.44324,0.25297016,1477.9368,0.17708713,-97.28701,-0.9310646,1699.042,0.1468333,1329.8815,0.3207234,-93.63355,-0.894449,2832.1772,0.09985713,1020.9866,0.5006335,-99.67012,-0.7917278,-16.425835,-0.37015942,29.792324,0.22885495,0.079054825,0.23858342,-0.033643324,-0.28329208,1.0146303,0.4363174,30.76476,0.1445099,5.276525,1.5710568,-11.186305,-0.77471465,-23.886501,-0.41526544,-12.017371,26.329458,0.07286974,-0.030131003,1.335029,4.3750005,3.8709679,0.14166667,0.12019659,0.08142857,0.043892257,-13.676619,9,15,60,SPEAKER_00,2203.2,2246.433333,2203.2,2204.8172187500004,1,1.6171875,engaged
36.779488,0.082872175,35.092724,36.394226,38.60035,3.5076256,98.22741,83.74299,87.5765,104.8088,0.99041826,0.4648249,0.5853636,0.90349764,1.3952702,0.8099066,9.092538,4.365425,6.2665143,3.270043,0.6077393,0.70887744,25.047272,0.5166547,5.1399884,2.6397488,-12.389081,-1.0695424,-18.991219,-0.6863971,0.022182351,1.3727372,1.1709466,0.589173,8.108117,0.4985699,2.0523093,4.924735,29.13734,0.47249535,806.4277,0.20784654,1364.6409,0.16256593,-57.21665,-1.4287851,1841.1393,0.12944315,1190.2262,0.29608566,-67.16224,-1.0951475,2952.5662,0.08207353,999.3657,0.35855237,-73.64894,-0.9416885,-16.403418,-0.638079,31.336246,0.26611602,0.06778153,0.28772148,-0.025982628,-0.6107961,0.7053639,0.56797343,29.287891,0.3505269,5.5339093,2.6413524,-12.639286,-1.0925002,-21.0482,-0.5483713,-6.398891,15.670415,0.060719956,-0.010577206,0.33414593,3.6753447,1.6975309,0.4390909,0.5052534,0.141,0.13217033,-16.133018,9,15,60,SPEAKER_00,2203.2,2246.433333,2205.4922187500006,2212.03971875,1,6.5475,engaged
32.968784,0.2588382,23.470167,39.400803,41.206352,17.736185,-25.193623,0.0,172.17076,0.0,0.96083933,0.60130763,0.43270865,0.7381272,1.66596,1.2332513,9.143265,11.280445,18.75018,0.0,1.0851316,1.0496547,29.178936,0.2694222,2.476152,2.8713634,-13.462534,-0.55667996,-9.229244,-0.52420586,0.03205009,0.49289623,1.8576694,0.32671037,5.5114164,0.6361255,4.713349,1.3587301,33.5734,0.22708058,920.3749,0.21111962,1268.3468,0.15080763,-60.6355,-1.3616799,1914.8811,0.14927796,1485.7932,0.32068825,-66.17957,-1.1146634,2984.4692,0.11343792,1059.6675,0.2306943,-73.99956,-0.952027,-10.096464,-0.5647747,32.054573,0.1333571,0.050473407,0.32623032,-0.007599963,-1.1441972,1.4535522,0.8757385,30.765038,0.15893582,0.712612,8.159473,-15.456549,-0.4456874,-10.170207,-0.4256697,-6.6307936,27.07407,0.061924227,-0.0043079914,0.93441033,3.2258065,8.0,0.08,0.01,0.024999999,0.005,-14.116716,9,15,60,SPEAKER_00,2203.2,2246.433333,2242.46534375,2242.7859687500004,1,0.320625,engaged
36.919586,0.09792621,34.63926,38.065098,40.02942,5.3901596,70.86651,45.127613,13.58292,5.248121,0.98584366,0.4638934,0.68667704,0.85338706,1.245167,0.55849,10.266225,8.097167,9.206869,3.4742787,0.8721514,0.63510543,25.746464,0.2887163,5.0568724,3.2912283,-0.5836884,-27.500574,-17.184772,-0.7137571,0.028270572,0.8170874,1.6671178,0.5405075,7.086083,0.4429823,4.1803474,2.2515957,25.517181,0.33654827,811.1162,0.22857472,1390.707,0.11100694,-56.576427,-1.3805605,1896.5269,0.15360267,1197.1292,0.5338718,-61.13016,-1.1452974,2952.3508,0.0975069,931.229,0.3160639,-66.62769,-0.99429524,-15.249382,-0.8090925,25.679497,0.40434673,0.06521662,0.2920392,-0.025915522,-0.5832927,0.95568925,0.57559633,27.777094,0.17456153,2.2076302,7.752769,-4.180183,-3.692854,-16.13484,-0.69927645,-17.264833,23.996473,0.06591094,-0.019225983,0.7508136,6.19469,3.7037039,0.19999999,0.21354157,0.06333333,0.024944384,-15.767728,9,15,60,SPEAKER_00,2203.2,2246.433333,2243.05596875,2244.20346875,1,1.1475,engaged
37.235027,0.066034175,34.953327,37.440025,39.137417,4.1840897,185.34491,180.57721,16.95132,16.152142,0.89195377,0.43158478,0.55146366,0.85954094,1.130097,0.57863337,9.915776,5.8418555,6.4941473,3.1989853,0.5754175,0.76178765,28.915695,0.35227528,4.6468334,2.1592133,-7.025857,-1.4081186,-14.841627,-0.6426677,0.019279266,1.0972162,1.3710016,0.60572875,7.9773884,0.46132678,8.512913,1.068745,29.816225,0.29200014,833.7538,0.1732971,1285.3159,0.18666214,-45.21153,-1.4933932,1928.7832,0.09425468,960.7471,0.24712706,-53.531494,-1.1250122,3070.5615,0.07274303,948.4361,0.29040432,-61.17497,-0.9330978,-16.861782,-0.47777662,27.101484,0.35312802,0.06671989,0.27108192,-0.024446182,-0.67192644,0.6326898,0.70639277,31.170439,0.21677206,3.3667645,3.0662599,-6.7669992,-1.4582126,-15.109961,-0.6686598,-11.762968,21.76748,0.055802077,-0.023285735,0.36780632,4.469274,2.8901734,0.28,0.18143868,0.099999994,0.03,-15.629079,9,15,60,SPEAKER_00,2203.2,2246.433333,2244.62534375,2246.433333,1,1.808,engaged
44.561646,0.007404974,44.29196,44.42368,45.074207,0.78224564,9.598966,0.0,3.7143285,0.0,0.37094593,0.3478415,0.24078435,0.36997634,0.46287614,0.2220918,3.9596868,0.5681972,1.5702319,0.2638992,0.07029816,0.31951714,9.051783,1.1473484,2.384712,4.8292766,-6.3900633,-1.0179821,-21.556267,-0.32710043,0.033580758,0.39589745,1.5039393,0.2686682,4.536601,0.92477787,9.515686,0.4618639,8.751563,1.0373353,977.2333,0.14468683,1103.8073,0.12843072,-115.54121,-0.70636386,2074.5654,0.063739665,857.30255,0.12118075,-115.33569,-0.6899619,3005.801,0.038440876,888.71857,0.23778245,-113.25063,-0.7185458,-9.396151,-0.5132054,18.516563,0.36178252,0.0555964,0.14159764,-0.0049978807,-1.2839065,0.07757451,0.31414998,5.4748216,1.8377169,8.755858,0.87848943,-2.4218009,-2.3566022,-22.206797,-0.28097674,-4.098106,15.419835,0.040812645,-0.004545748,0.07034733,2.2727273,5.263158,0.085,0.044999998,0.085,0.044999998,-37.23978,9,15,60,SPEAKER_01,2203.2,2246.433333,2216.9840937500003,2217.43971875,1,0.455625,engaged
44.847397,0.025357954,44.867836,45.35083,45.500393,0.6325569,-39.456654,0.0,2.4136305,0.0,0.35423952,0.26732147,0.25910455,0.3732257,0.4457132,0.18660864,0.30750462,0.38603866,1.0038732,0.0,0.085555345,0.29586107,8.976777,0.60424757,12.211899,0.5127534,-12.88329,-0.78766215,-32.96054,-0.1941388,0.019310772,0.5200556,0.8994525,0.5037424,10.545587,0.2690267,9.023403,0.591793,14.875334,0.3082046,922.3104,0.106564984,1196.2831,0.12042018,-98.64021,-0.7816151,2033.8706,0.061286453,1057.2954,0.11636119,-102.40495,-0.6918507,3005.4531,0.038757905,1033.408,0.652404,-99.25579,-0.7414755,-15.767523,-0.282542,22.798437,0.18876286,0.0894304,0.1387605,-0.011710558,-0.36145303,0.09386088,0.26800564,9.364048,0.34188062,12.876207,0.3153624,-12.898967,-0.54355645,-36.108036,-0.12928589,-10.011401,17.88001,0.0520584,-0.01247654,0.091098145,2.1739132,4.878049,0.114999995,0.095,0.06,0.01,-33.265636,9,15,60,SPEAKER_01,2203.2,2246.433333,2218.9247187500005,2219.3972187500003,1,0.4725,engaged
43.009705,0.10111978,38.726265,44.879826,46.42242,7.6961555,-1.6000004,36.403126,40.266888,0.0,0.7268648,0.67937315,0.32171476,0.61614066,0.8716261,0.5499113,5.952894,4.1888657,1.5500742,3.8528743,0.32087067,1.0100363,10.439921,1.5033004,-4.818374,-2.3773217,-12.695917,-1.0003182,-35.821335,-0.2974367,0.037019193,1.3425587,0.6919175,0.5235949,7.1322694,0.6759942,13.772846,0.74193376,23.60669,0.552844,740.2082,0.22994006,1305.1973,0.15412289,-88.787346,-1.0418772,1853.3599,0.12301273,973.21234,0.34826934,-78.875626,-1.0318762,2866.5183,0.09532045,1082.6256,0.29275295,-80.18499,-1.0012088,-10.987207,-0.640024,19.82343,0.60568404,0.08371876,0.24466163,-0.026656011,-0.308524,0.4247594,0.86289203,13.738632,1.0072396,-7.335978,-1.7777059,-14.945457,-0.8383346,-39.428783,-0.26363328,-2.7071815,9.659249,0.05625704,-0.014745803,0.15828581,2.1978023,3.4883723,0.17999999,0.053541258,0.12,0.08,-25.127504,9,15,60,SPEAKER_01,2203.2,2246.433333,2221.0340937500005,2221.96221875,1,0.928125,engaged
41.317566,0.13986386,35.300102,41.53687,47.545143,12.245041,116.47806,99.13411,616.2693,500.7394,0.87888867,0.46048573,0.43121004,0.8917179,1.1891707,0.7579607,8.773565,4.608331,1.4569566,1.914373,0.32694378,0.6899698,13.150642,0.50480914,-14.773073,-0.65456295,-12.234045,-1.0043228,-29.01502,-0.48526576,0.019761007,1.3251921,0.9944727,0.5727314,6.468688,0.70206344,2.6691566,4.302759,11.29086,0.7938251,813.01215,0.26763093,1328.0704,0.13502629,-75.817,-1.2554058,1829.6157,0.10422541,1111.1996,0.5163441,-70.52892,-1.2230753,2821.0198,0.081444405,906.18066,0.40904057,-72.42332,-1.1755756,-5.3791075,-1.0297197,15.243253,0.4163948,0.070987396,0.29091567,-0.018048357,-0.7797059,0.40748745,0.5461266,12.891626,0.45536155,-17.989662,-0.49502206,-10.4856,-1.2270788,-35.292534,-0.3489981,-3.9664738,14.64468,0.05262494,-0.009161756,0.1834679,2.7173915,2.793296,0.22999999,0.14099646,0.08833333,0.110967964,-24.484715,9,15,60,SPEAKER_01,2203.2,2246.433333,2224.84784375,2226.7040937500005,1,1.85625,engaged
39.966087,0.053536102,37.681057,40.77181,41.841713,4.160656,72.635155,85.96094,20.633167,22.517601,0.59033,0.51651114,0.36345655,0.5330419,0.7695036,0.40604705,4.338177,1.6967721,2.8690543,1.5625787,0.1821431,0.6891384,14.302593,0.65294456,-7.9298997,-1.1757653,-6.010495,-1.9876631,-24.823622,-0.54426104,0.01812616,1.1173505,1.1732155,0.36473036,6.1050987,0.56592447,7.2196083,1.2801462,18.775993,0.47884247,804.03033,0.27483532,1357.6595,0.25985643,-96.74668,-0.9672219,1826.024,0.1565489,1126.4622,0.358349,-88.66128,-0.98266965,2782.442,0.10018173,943.37354,0.26333475,-90.41904,-0.94947743,-7.2102685,-0.76752263,16.333878,0.4418937,0.05140828,0.32514694,-0.016701244,-0.72184736,0.16156675,0.3874024,16.044598,0.5078222,-7.931602,-1.1103233,-3.1699846,-4.054572,-29.986738,-0.45129472,-2.813983,14.245094,0.04968924,-0.0038418812,0.21793848,3.2069972,2.6627219,0.21555555,0.15938152,0.125,0.0959427,-30.920193,9,15,60,SPEAKER_01,2203.2,2246.433333,2228.0372187500006,2231.47971875,1,3.4425,engaged
40.88465,0.06531223,38.548157,41.033783,43.64834,5.1001816,34.054005,9.259681,16.931807,13.5359535,0.6298905,0.4585666,0.40178317,0.6068687,0.7976404,0.39585721,3.2393186,0.99837345,2.457572,1.0627825,0.20803526,0.60684097,15.979118,0.4952752,-8.938264,-1.7339824,-4.2567744,-2.126104,-27.960424,-0.4571939,0.020452486,1.016816,1.2296107,0.35963342,4.5247583,0.6480312,5.8301263,1.0731583,18.738964,0.6525076,805.08606,0.23426677,1277.1163,0.13795853,-77.06827,-1.1954588,1763.3224,0.122321814,1141.7253,0.27617547,-75.02395,-1.1167473,2809.2336,0.063872755,827.0732,0.3349403,-77.27827,-1.0600768,-5.5649624,-1.7242315,15.362006,0.6780338,0.053890433,0.38369396,-0.015598044,-1.1285895,0.23670582,0.5928072,16.324387,0.55954564,-9.690955,-1.7723439,-5.768264,-1.7429974,-31.578106,-0.41511795,-6.3787994,13.532134,0.053213943,-0.014241632,0.16432886,2.5000002,3.478261,0.18249999,0.122958325,0.085,0.0295804,-29.702835,9,15,60,SPEAKER_01,2203.2,2246.433333,2233.47096875,2234.68596875,1,1.215,engaged
41.439804,0.13527705,37.498604,39.559402,46.217224,8.71862,36.29252,13.006462,14.326062,10.695277,0.45256105,0.3880471,0.28222242,0.48289487,0.6370364,0.35481396,3.7577262,1.5475861,2.148665,1.6300608,0.19747153,0.7104779,25.115738,0.33279645,8.039179,0.83959615,-10.784142,-0.7355157,-31.720343,-0.27108508,0.036914103,2.4984324,0.71177524,0.56371105,10.906073,0.36317813,5.9174614,2.0521884,30.311993,0.38878658,776.9034,0.14135785,1384.5782,0.2454771,-50.919064,-1.5894442,1865.4912,0.07181718,1026.7848,0.29842225,-61.918217,-1.1117765,3003.8914,0.05979735,823.6483,0.21848357,-67.803566,-0.9647303,-22.11447,-0.21059488,31.321884,0.20497827,0.06489316,0.27439722,-0.046270963,-0.1829816,0.23196116,0.6049541,25.54851,0.26432455,7.618819,0.9329585,-11.926781,-0.7274605,-34.2246,-0.19465797,-15.650048,24.135342,0.03818732,-0.030889694,0.09571333,4.2372885,1.7857143,0.435,0.005,0.105,0.024999999,-26.484062,9,15,60,SPEAKER_02,2203.2,2246.433333,2235.1415937500005,2236.3397187500004,1,1.198125,engaged
37.201275,0.04839342,34.7286,37.560467,39.06874,4.3401413,17.862526,0.0,-20.32065,0.0,0.33919573,0.3690496,0.22945511,0.29212087,0.48549485,0.25603974,3.0837264,1.7413586,0.3487363,1.1657987,0.09619331,0.5009884,25.596863,0.2546846,0.45738456,11.445801,-5.8144097,-1.1840984,-20.305988,-0.3333025,0.009860815,0.58249664,0.8956445,0.32766983,8.473059,0.25992298,-2.6609771,-1.3094201,17.50281,0.30465856,843.6823,0.2557468,1236.3175,0.16765213,-90.03463,-0.9954463,1897.1406,0.15073697,1230.2593,0.28258368,-87.62424,-0.93448865,2946.9778,0.097328685,845.8588,0.24877575,-91.4328,-0.86154526,-7.81992,-0.39205146,24.173157,0.19357903,0.040300447,0.46917754,-0.0050175,-1.2943342,0.10282412,0.5002917,26.763943,0.1579251,-1.2785733,-4.532313,-5.6818466,-1.0481523,-19.500914,-0.3063574,-8.405064,20.226187,0.041464347,-0.015277221,0.09184477,3.125,1.6949153,0.37,0.0,0.095,0.055,-34.347397,9,15,60,SPEAKER_02,2203.2,2246.433333,2236.8290937500005,2237.4872187500005,1,0.658125,engaged
36.073803,0.05153101,34.164604,36.577755,37.750454,3.5858498,38.62226,0.0,18.489456,30.336414,0.404755,0.51448536,0.22035705,0.3261719,0.5812515,0.36089444,3.1653223,1.0831503,4.88094,4.199547,0.18462493,0.77752703,26.034332,0.2939493,7.130187,0.92092055,-12.811699,-0.76685405,-31.11708,-0.47328687,0.022548994,1.0425503,0.9834941,0.6802617,7.1380587,0.51723284,0.5006138,18.195005,32.863907,0.24326743,786.5348,0.20378548,1376.8586,0.12889554,-106.051834,-0.92763597,1836.6748,0.116705246,1217.3257,0.23468402,-113.39488,-0.7598511,2953.546,0.07875192,827.1982,0.23404028,-114.594734,-0.74135023,-20.677982,-0.19024332,32.040794,0.12569655,0.0825745,0.14277041,-0.043026254,-0.29433814,0.29080427,0.47869763,29.529991,0.07210781,8.266389,0.91295683,-15.116987,-0.66498697,-40.723,-0.26607344,-13.019854,24.181341,0.06253473,-0.026240634,0.09811439,4.0,2.1052632,0.225,0.125,0.22999999,0.049999997,-27.761805,9,15,60,SPEAKER_02,2203.2,2246.433333,2239.74846875,2240.76096875,1,1.0125,engaged
36.78303,0.057292446,34.403553,36.92703,38.769608,4.3660545,32.621353,24.068998,22.354387,14.375134,1.0506531,0.5421572,0.5566693,0.96073675,1.5239034,0.9672341,11.390091,3.6596913,5.932693,1.1957394,0.62162447,0.67604667,30.15925,0.2121313,6.286119,2.6169353,-11.586859,-1.8056363,-19.724026,-0.38099602,0.01727623,1.0246654,1.1580629,0.5259316,7.94022,0.5334147,3.9855554,2.8503528,29.78935,0.3059918,735.18097,0.23240973,1472.5433,0.13246447,-24.943314,-2.1959486,1772.6354,0.13411328,1297.4994,0.27852356,-36.174755,-1.3610096,2904.828,0.08475627,1051.641,0.35710323,-45.766106,-0.9728943,-15.824096,-0.6708802,33.133514,0.17783228,0.06385401,0.2665649,-0.022896063,-0.6051279,0.66454226,0.62595904,30.752914,0.1976585,4.390907,3.6562045,-13.611709,-1.5487285,-19.742802,-0.38884237,-22.115278,28.75984,0.056082565,-0.026997266,0.3767596,2.9239767,1.2048193,0.755,0.66499996,0.099999994,0.0,-14.300574,9,15,61,SPEAKER_00,2246.466667,2250.7,2246.92034375,2248.6415937500005,1,1.72125,disengaged
36.21231,0.062022932,34.823956,36.163254,38.028477,3.2045212,5.4174128,4.0907125,-31.644003,28.963034,0.7350318,0.5084038,0.44327042,0.6564683,0.9189797,0.4757093,6.3659325,2.450912,5.1005197,1.9205072,0.44006816,0.67683995,25.95605,0.4083518,16.281654,0.6878603,-8.949393,-1.3523458,-23.223503,-0.46545413,0.024677617,1.1944909,1.2797492,0.4213574,7.164263,0.45288107,4.7294397,2.0801842,31.305466,0.30646142,746.0458,0.2501287,1390.7927,0.14833026,-20.469065,-1.724668,1840.6633,0.1518974,1154.1836,0.25283998,-35.77249,-0.8580735,2967.3645,0.09470796,948.9815,0.34691533,-40.95905,-0.69961303,-17.910826,-0.45772514,29.36436,0.28813207,0.07118452,0.22346431,-0.029446447,-0.374298,0.46902984,0.62972957,26.600582,0.3965075,16.357798,0.677914,-9.964636,-1.1541698,-23.861176,-0.4597382,-7.300236,21.151657,0.06153889,-0.007523261,0.12188716,4.2168674,2.5157235,0.37,0.25089836,0.02,0.0,-19.344782,9,15,61,SPEAKER_00,2246.466667,2250.7,2249.02971875,2250.7,1,1.6703125,disengaged
35.829174,0.07441304,35.165928,36.080612,37.414463,2.2485352,443.53616,558.94476,30.042862,49.076527,0.8121351,0.37773305,0.5420688,0.7863451,1.082794,0.5407252,8.023677,3.6418262,5.0215087,2.4168372,0.4746896,0.5912791,27.086754,0.35307506,6.6848903,2.2985742,-10.793244,-0.99507654,-12.741375,-0.71690476,0.025529465,1.9811999,1.3409542,0.46492928,6.589475,0.43012494,2.2967873,5.910818,27.872747,0.514689,749.77893,0.23431577,1346.9606,0.15387331,-54.313118,-1.3624507,1778.283,0.1557496,1051.4362,0.22653985,-60.323338,-1.1057674,2908.6282,0.10966383,950.1936,0.2406304,-68.18456,-0.91774714,-14.971566,-0.550586,26.580704,0.3096318,0.07273372,0.24790232,-0.023287812,-0.48021373,0.53902686,0.51544875,29.004612,0.29406703,7.0260973,2.1933098,-10.364284,-1.0055602,-13.667831,-0.67265546,-10.719882,21.809738,0.060131416,-0.013020906,0.23456533,4.477612,3.8022816,0.197,0.15179262,0.045999996,0.022449944,-20.857414,9,15,62,SPEAKER_00,2250.733333,2254.033333,2251.3415937500004,2254.033333,1,2.69175,engaged
37.352417,0.16455217,33.581627,34.770527,39.412186,5.830559,41.2395,26.797668,33.120068,24.514437,0.79018503,0.5236497,0.4299694,0.68233126,1.1510066,0.72103715,9.12454,3.844065,5.1428595,3.3462656,0.37617257,0.8236771,22.101028,0.58892876,5.5725265,2.3210826,-12.529605,-0.995624,-17.00429,-0.4761333,0.030762412,1.7719277,1.0881246,0.5640464,7.10642,0.59697616,2.7353969,3.3956864,29.565973,0.31413606,718.9099,0.28456476,1448.3889,0.15898696,-71.45603,-1.2063715,1686.9626,0.1406175,1183.9202,0.20181507,-69.035065,-1.1301047,2898.2239,0.08369363,941.58167,0.24768847,-78.87383,-0.9115608,-11.522855,-0.72347015,27.949656,0.3100137,0.067667276,0.28921345,-0.015436534,-0.91464466,0.45610556,0.71659094,25.504185,0.5060825,5.6114044,2.3165624,-13.988283,-0.9347947,-18.446335,-0.4559053,-7.432276,16.123056,0.053826142,-0.006860197,0.15464397,3.2520325,2.9166667,0.23714285,0.1850648,0.10166667,0.052730974,-20.352377,9,15,63,SPEAKER_00,2254.066667,2402.533333,2254.066667,2256.5390937500006,1,2.4724375,disengaged
37.789913,0.11259944,35.458923,36.680588,39.673866,4.214943,-128.59131,107.32888,23.405283,0.0,0.9723406,0.481857,0.5600744,0.9014483,1.4430904,0.88301605,7.2072134,2.2984657,7.623105,5.80303,0.5509446,0.56327224,24.501324,0.40131506,3.3759286,4.50396,-14.382361,-1.2174425,-13.395213,-0.69167095,0.03805966,1.3130598,1.2624246,0.38370755,5.117158,0.57932,1.7231122,4.5223246,26.93176,0.53542465,773.59845,0.2285478,1519.0985,0.21613732,-54.98705,-1.4500322,1717.5316,0.12909658,1224.7628,0.18927158,-54.962738,-1.3108491,2890.7993,0.07562532,1061.6172,0.27113593,-67.03042,-0.9733521,-9.205618,-0.9471367,28.417843,0.21800497,0.06877403,0.22397332,-0.011389492,-1.2522645,0.63205725,0.41932622,27.475859,0.24115017,0.17518628,88.97181,-20.165728,-0.8018344,-11.555243,-0.5032643,-15.889956,23.28166,0.06581418,-0.0057312893,0.4711605,2.6666667,2.1126761,0.36666667,0.42664063,0.0625,0.021650637,-19.512512,9,15,63,SPEAKER_00,2254.066667,2402.533333,2257.02846875,2258.54721875,1,1.51875,disengaged
36.95212,0.09430224,36.311493,38.60023,38.790916,2.4794235,374.04614,0.0,3.1367834,0.0,1.0004665,0.3498356,0.6919262,1.0202137,1.2983589,0.60643274,8.461349,1.2369096,0.1271069,1.8922235,0.6442091,0.5402563,24.174463,0.47377086,17.295471,0.44814402,6.5525866,1.1449375,-22.563778,-0.29225123,0.028474947,0.3841192,1.1098261,0.5643895,11.311309,0.36757886,15.907982,0.17082295,26.85823,0.18662733,773.0076,0.20352405,1359.879,0.07235703,-92.69154,-0.86875576,1880.0413,0.08313227,1038.2311,0.08415553,-97.75093,-0.72516346,2939.7502,0.039231587,586.44525,0.32070962,-91.96052,-0.81458837,-27.792488,-0.050002478,34.63564,0.05248113,0.0691557,0.12879272,-0.036266524,-0.084649414,0.8660026,0.40422702,28.460783,0.042055927,23.29557,0.078324124,12.347756,0.2795344,-27.49866,-0.06976371,-8.17757,14.020657,0.057685062,-0.004888471,0.34727713,7.692308,5.0000005,0.12,0.0,0.06,0.0,-11.765629,9,15,63,SPEAKER_00,2254.066667,2402.533333,2258.8172187500004,2259.08721875,1,0.27,disengaged
37.09158,0.04701956,35.11585,37.575523,38.917492,3.8016434,36.96579,6.612564,17.245293,0.0,0.5798139,0.38185832,0.34015042,0.6011262,0.76280725,0.42265683,3.2523687,1.1245105,2.5396097,2.6051576,0.35874093,0.56153935,22.538242,0.29822195,13.902697,0.6582819,-0.6064219,-16.894203,-32.02447,-0.41559494,0.02491223,0.4303479,1.664242,0.3086119,4.870567,0.53596437,12.3304825,0.49627444,22.670336,0.4059611,896.3287,0.18282539,1235.9958,0.146132,-121.40034,-0.6847242,2112.6414,0.16171347,1065.54,0.48966742,-122.87338,-0.6246075,2942.1033,0.08943874,900.38965,0.31536573,-119.56545,-0.6646827,-11.340018,-0.53616035,22.655441,0.29823163,0.06738752,0.12452143,-0.020447092,-0.60046315,0.45473498,0.4572508,24.45942,0.29638004,10.023181,1.1295575,-2.3670156,-5.1395693,-28.939318,-0.48776805,-13.678921,23.518803,0.069050625,-0.02559609,0.39320076,4.7619047,5.555556,0.074999996,0.015,0.085,0.005,-24.31906,9,15,63,SPEAKER_00,2254.066667,2402.533333,2259.64409375,2260.0828437500004,1,0.43875,disengaged
35.953445,0.09789215,34.21037,35.767616,38.417,4.2066307,544.9937,497.73767,53.61658,42.254,0.8539197,0.45391464,0.5276133,0.7879849,1.1087583,0.58114505,8.489894,4.0624814,5.174524,2.5602317,0.46878734,0.72086257,26.666508,0.3882065,7.6350417,1.6602232,-12.591816,-1.1434693,-14.771975,-0.7396194,0.027129998,1.4739904,1.2859535,0.50324816,6.483253,0.49544808,3.9424572,2.210079,29.890896,0.33665445,744.3235,0.24014467,1420.0925,0.16987534,-61.03568,-1.3204238,1751.6952,0.14708878,1175.7496,0.2913716,-66.15103,-1.1044339,2894.2625,0.10211334,966.4832,0.24829023,-74.16355,-0.91912013,-14.487449,-0.5742364,28.05968,0.24916105,0.07192644,0.22028288,-0.021553155,-0.6939217,0.5076477,0.63050574,28.834234,0.30288234,6.428244,1.9951293,-13.843775,-1.0885818,-15.733482,-0.7260882,-12.606218,22.65655,0.06540526,-0.020254793,0.371316,4.0776696,3.3333335,0.21411763,0.124619834,0.069375,0.0352613,-19.182869,9,15,63,SPEAKER_00,2254.066667,2402.533333,2260.36971875,2265.53346875,1,5.16375,disengaged
36.809597,0.065305114,36.153923,37.133747,38.656033,2.5021095,83.66616,78.241425,175.04053,277.97784,0.87175494,0.45850378,0.49265286,0.85210216,1.2002425,0.7075896,10.239787,3.6299324,6.944277,3.1129212,0.574644,0.6850918,22.75087,0.43455148,13.272946,0.7836899,-6.903253,-1.7548335,-16.648678,-0.4933041,0.028342115,1.582084,1.4359256,0.57109374,7.587501,0.5220555,6.3188825,1.6807889,29.867336,0.2200116,752.6458,0.27124858,1402.9847,0.15728565,-70.36815,-1.1854857,1826.2172,0.13744219,1197.2603,0.29131654,-76.13159,-0.9765391,2912.4197,0.07812758,974.49365,0.2930124,-81.07918,-0.87364274,-17.939322,-0.34923774,29.597893,0.23919766,0.06591883,0.37641013,-0.025888922,-0.44010806,0.69217175,0.5677223,24.824892,0.34190798,13.191104,0.8598618,-7.0796165,-1.7943864,-18.463854,-0.41830552,-11.89927,20.484112,0.041027617,-0.020637704,0.31710267,4.391892,2.4054985,0.29,0.13201731,0.091249995,0.08037995,-16.467295,9,15,63,SPEAKER_00,2254.066667,2402.533333,2266.0059687500006,2268.97596875,1,2.97,disengaged
42.99741,0.049304496,40.921494,43.801964,45.04485,4.123356,54.704315,59.334984,48.263073,30.222607,0.49865556,0.56504625,0.30864882,0.4605131,0.60486853,0.2962197,1.1415226,2.2598593,2.6713905,1.6468093,0.19463208,0.8449756,11.579002,0.50667983,-11.220697,-0.834168,-9.579197,-1.3188418,-23.320604,-0.55797714,0.03578034,1.3547739,1.5200475,0.3545693,4.658439,0.52955693,10.139645,0.9368211,16.682356,0.47834733,710.9523,0.3279423,1402.5546,0.13703139,-95.63226,-0.9662973,1710.8531,0.12024727,1254.6091,0.29935288,-71.6701,-1.138135,2655.4338,0.0714101,1024.1206,0.21073881,-74.09384,-1.0790776,-5.8274274,-0.58987194,16.452833,0.33122003,0.065733716,0.25717208,-0.0056746453,-1.5044626,0.22352804,0.8123698,12.825523,0.39779395,-14.086065,-0.6795818,-12.824646,-0.9812302,-28.760689,-0.40609097,-2.7463672,11.0175085,0.06724058,0.024511883,0.18886061,4.109589,4.477612,0.14333333,0.05312459,0.095,0.024999999,-29.90043,9,15,63,SPEAKER_00,2254.066667,2402.533333,2270.0897187500004,2270.83221875,1,0.7425,disengaged
39.6569,0.033722535,38.882206,39.237778,40.711105,1.8288994,20.911741,0.0,32.699245,0.0,0.8952137,0.21601914,0.7119693,0.86742496,1.0054253,0.29345602,5.814767,0.72785014,5.5642476,0.0,0.2867421,0.35452062,15.359084,0.15867677,-23.042507,-0.07725376,-22.780647,-0.08346445,-30.354841,-0.33685964,0.01987232,0.8599903,1.7447495,0.31291565,2.849152,0.8294838,0.7985495,6.4657736,18.927664,0.18795975,730.9285,0.19888167,1424.4,0.10333825,8.592521,0.38115996,1628.5768,0.053330135,1148.1218,0.104388505,-0.74040633,-5.5833764,2676.1226,0.030984653,838.5798,0.10324674,-10.920555,-0.15843786,-4.6266685,-0.46293464,18.34049,0.07875078,0.068158746,0.1002368,-0.0145973805,-0.5624964,0.28777978,0.24903747,16.276394,0.1285929,-23.206928,-0.08226737,-22.647732,-0.07541705,-25.792322,-0.27829063,0.0,0.0,0.0,0.0,0.0,4.166667,5.555556,0.17,0.0,0.0,0.0,-25.786633,9,15,63,SPEAKER_01,2254.066667,2402.533333,2269.83659375,2270.0897187500004,1,0.253125,disengaged
0.0,0.0,0.0,0.0,0.0,0.0,0.0,0.0,0.0,0.0,0.45754498,0.081823446,0.42439792,0.4583602,0.48136282,0.056964904,3.0728974,0.0,1.4579312,0.0,0.13574612,0.28459594,19.170462,0.06770655,0.70659584,6.842241,16.72134,0.6047973,-15.9119005,-0.114097096,0.0,0.0,0.0,0.0,0.0,0.0,0.0,0.0,0.0,0.0,0.0,0.0,0.0,0.0,-201.0,0.0,0.0,0.0,0.0,0.0,-201.0,0.0,0.0,0.0,0.0,0.0,-201.0,0.0,0.0,0.0,0.0,0.0,0.0,0.0,0.0,0.0,0.0,0.0,0.0,0.0,0.0,0.0,0.0,0.0,0.0,0.0,-12.553522,16.851166,0.062366985,-0.03079604,0.17353109,0.0,0.0,0.0,0.0,0.03,0.0,-34.032078,9,15,63,SPEAKER_01,2254.066667,2402.533333,2270.83221875,2270.9334687500004,1,0.10125,disengaged
43.075134,0.08222072,38.126442,45.116177,45.68225,7.555809,53.97568,0.0,-21.874258,0.0,0.8792785,0.29543233,0.6711266,0.9352708,1.1042095,0.43308294,3.0178518,2.6945202,2.9775276,2.3083067,0.3975466,0.36034372,15.764166,0.30033836,-23.499365,-0.43322504,-21.867699,-0.2717323,-29.838638,-0.34527197,0.02324316,0.9029016,1.6864486,0.18124133,4.0861044,0.75239396,6.942261,1.1861242,22.219534,0.17777708,683.86365,0.3212242,1428.7329,0.15136474,-107.84931,-0.8841534,1678.6453,0.1309028,1228.4498,0.28587064,-84.06481,-1.0892928,2713.6284,0.07151817,1055.5266,0.31975758,-90.218994,-0.9581596,-5.7932153,-0.70774937,18.117943,0.14968172,0.06648499,0.2730685,-0.0030777385,-4.578285,0.4029055,0.37721363,14.119197,0.26145652,-24.122667,-0.43111917,-22.727077,-0.25378358,-28.583986,-0.33848196,-3.5924702,17.757215,0.06694132,-0.008711251,0.43400934,2.7027028,2.8985507,0.195,0.105,0.125,0.055,-25.619667,9,15,63,SPEAKER_01,2254.066667,2402.533333,2275.2872187500006,2276.0465937500003,1,0.759375,disengaged
46.773785,0.081088394,42.499638,46.877125,50.508835,8.009197,20.765993,24.999392,130.07834,116.412544,0.9260914,0.4256632,0.49646834,1.0440742,1.2928604,0.7963921,4.5819106,2.713346,4.952563,2.1847794,0.40442553,0.57884246,11.492313,0.39871973,-22.21813,-0.59214866,-16.1701,-0.7605209,-30.08403,-0.33389622,0.03314538,1.1699108,1.4393739,0.4183291,4.5568023,0.9498751,6.3795524,1.2025311,18.342651,0.2096203,831.69977,0.32791665,1291.1396,0.22370034,-62.017727,-1.474463,1785.1609,0.15482293,1118.2875,0.22888242,-53.19981,-1.4461573,2798.6743,0.09097796,903.9206,0.31608582,-58.117718,-1.2754598,-3.2411594,-1.3275543,15.101078,0.3453718,0.06852762,0.30455446,-0.0044168574,-2.9495158,0.40933216,0.5547975,9.685178,0.32064685,-23.96492,-0.5661814,-15.247901,-0.8700865,-31.110722,-0.33273065,-3.5529678,16.674816,0.06295347,-0.011973193,0.42593554,4.8,1.6666667,0.45499998,0.255,0.08,0.07118052,-24.20184,9,15,63,SPEAKER_01,2254.066667,2402.533333,2278.51034375,2279.77596875,1,1.265625,disengaged
42.244278,0.038189594,41.06865,41.76557,44.31476,3.246109,19.303947,1.2995176,30.320004,32.412766,0.58242875,0.7169247,0.24280588,0.4540385,0.95430577,0.71149987,6.035519,2.532864,-0.42086473,1.9987179,0.19767924,0.7708748,17.58944,0.3545637,-4.5483823,-2.5492604,-5.8188868,-1.9375812,-21.404297,-0.5053776,0.021544207,1.1808312,1.1808798,0.5744323,8.782459,0.41216338,13.71169,0.6906818,24.921616,0.43496,795.2891,0.22240412,1317.0226,0.13147886,-120.14654,-0.7995236,1823.521,0.11345533,1113.1311,0.30937597,-115.16545,-0.7742331,2886.3572,0.07027574,794.95746,0.29761863,-116.61376,-0.74983513,-13.265705,-0.5554369,22.694166,0.3797802,0.039950468,0.5629111,-0.021391569,-0.37218264,0.23479046,0.6080674,16.421112,0.43805754,-3.506247,-4.2845917,-11.581592,-0.9465856,-27.898605,-0.3443302,-8.058344,15.802591,0.024374247,-0.016418835,0.17483595,2.6785715,1.869159,0.24,0.02,0.17999999,0.139523,-28.272913,9,15,63,SPEAKER_01,2254.066667,2402.533333,2288.68596875,2289.81659375,1,1.130625,disengaged
45.441483,0.043758214,43.94558,44.030533,47.980152,4.0345726,9.618097,7.5974207,51.92987,31.56012,0.50502825,0.53610647,0.26854798,0.44904077,0.78005934,0.5115113,4.361907,3.1689403,3.2848072,1.5173297,0.12328798,0.7033579,7.035485,1.6581051,-3.750965,-2.6166635,-16.044641,-0.78097665,-20.846043,-0.4005774,0.015115234,0.9161774,0.98188037,0.3902719,9.817831,0.3659919,3.430614,1.8373543,24.04663,0.25951186,822.554,0.28711855,1307.5764,0.20130958,-119.35665,-0.7946212,1768.6089,0.17067601,1112.2009,0.24495219,-107.30513,-0.85791695,2893.6663,0.097041234,870.7674,0.2501608,-113.876114,-0.7457144,-5.447247,-1.4421173,21.823406,0.285269,0.056566358,0.43859935,-0.00075606833,-13.030442,0.13278054,0.51778084,15.732917,0.34078762,-8.070079,-1.1766521,-22.953754,-0.59412754,-24.772411,-0.35800934,-2.3144865,7.50448,0.044763632,0.004215496,0.12050333,3.4722223,2.1582735,0.22,0.123288274,0.22333333,0.15369523,-31.346582,9,15,63,SPEAKER_01,2254.066667,2402.533333,2290.23846875,2291.68971875,1,1.45125,disengaged
40.89284,0.11699453,40.506306,41.488018,42.332115,1.8258095,236.32416,175.02232,16.431381,0.35950947,0.43236208,0.3829025,0.28609955,0.41688144,0.5909003,0.30480075,3.571066,3.707101,3.0137765,1.042505,0.13335755,0.66168433,19.01484,0.56889254,2.2958806,3.3134525,-11.135202,-1.007485,-24.409649,-0.4043385,0.014608985,0.9517382,0.888429,0.5238388,10.480364,0.40773058,13.126954,0.6827104,29.073793,0.42720145,771.7674,0.28070673,1382.0281,0.20447087,-48.981804,-1.4878784,1780.0201,0.12494572,1123.8706,0.29135847,-50.752224,-1.2425243,2918.8745,0.060411204,978.9269,0.343733,-58.064358,-1.0239757,-15.85611,-0.39775762,27.840893,0.26150236,0.051189877,0.45099834,-0.018834483,-0.8911276,0.13755248,0.6205552,20.883324,0.44931567,0.98474,7.8525734,-13.468034,-0.8405987,-25.817621,-0.3655707,-12.057054,20.982363,0.07187348,-0.00956465,0.14179118,3.7234042,2.777778,0.288,0.37145117,0.0625,0.030310888,-29.15882,9,15,63,SPEAKER_01,2254.066667,2402.533333,2292.83721875,2294.72721875,1,1.89,disengaged
41.3656,0.05200919,39.4427,39.808735,43.94798,4.5052795,8.296149,0.0,26.65221,0.0,1.0437905,0.25243902,0.81178147,1.1289409,1.2249603,0.41317886,5.3213515,4.2440042,6.0375066,0.8749485,0.44942868,0.49175265,13.402371,0.13251396,-12.830746,-0.66990834,-18.622322,-0.38738927,-37.72548,-0.2873162,0.013797061,0.7957395,1.2980397,0.3475564,6.5795326,0.3688895,-3.567585,-0.93195623,18.50468,0.3379601,805.9165,0.26321548,1367.3894,0.15512207,-63.016182,-1.57077,1652.0319,0.09822308,1223.3695,0.0941452,-59.881786,-1.4983013,2778.3506,0.04675481,707.7426,0.41915596,-64.51675,-1.340332,-4.438196,-1.1264488,17.321041,0.23958975,0.026623657,0.4125657,-0.019978844,-0.3447654,0.42188993,0.47183025,12.648385,0.0916815,-18.119822,-0.3109656,-19.605154,-0.3639273,-43.049206,-0.18750492,-2.5630229,15.269064,0.06710905,-0.015596206,0.6336335,4.7619047,2.7027028,0.25,0.0,0.099999994,0.0,-23.513247,9,15,63,SPEAKER_01,2254.066667,2402.533333,2303.33346875,2303.7722187500003,1,0.43875,disengaged
43.76478,0.0700664,40.049442,43.92244,46.575603,6.526161,34.93805,0.0,-12.516948,20.129282,0.96513504,0.5467665,0.3034353,1.1444178,1.498091,1.1946557,2.396714,3.0858586,2.856382,0.8678113,0.41300547,0.6685719,7.916203,0.5868595,-20.383984,-0.916406,-16.869377,-0.6156725,-30.157274,-0.30632254,0.033115234,0.9025939,1.8930063,0.44883746,3.0425527,1.31793,5.1283712,1.9936291,17.468542,0.39074278,800.2972,0.36453635,1406.5808,0.31701177,-101.85911,-0.9692086,1771.2909,0.1316474,1232.1046,0.22341983,-85.419044,-1.0554202,2715.8513,0.077508345,917.28015,0.15407711,-87.83557,-1.0020066,-3.0515969,-2.2608626,14.959058,0.25232893,0.062286127,0.18896471,0.0005591003,34.47402,0.4206656,0.6453453,7.501773,0.7279031,-22.427364,-0.8416737,-12.862335,-0.7689399,-28.720232,-0.3022062,-3.2791572,15.862322,0.06827252,-0.0030355582,0.45575073,2.4096386,3.846154,0.14333333,0.03681787,0.07,0.070356235,-24.346987,9,15,63,SPEAKER_01,2254.066667,2402.533333,2304.29534375,2305.13909375,1,0.84375,disengaged
43.59678,0.11119436,40.12465,40.198765,48.279705,8.155056,151.00009,107.715034,93.43975,0.0,0.6571876,0.4313123,0.38713986,0.7230453,0.9413687,0.55422884,1.1538475,2.7987971,4.0169272,0.0,0.25413096,0.6353358,18.704689,0.116709635,-10.071312,-0.6933747,-19.333689,-0.30166543,-47.136154,-0.24250527,0.045854136,1.3299072,0.87133545,0.641181,9.654165,0.40098986,11.82744,0.9971887,22.852507,0.23492551,933.24664,0.12555353,1216.948,0.23986816,-89.62113,-1.1282719,2059.3198,0.113880716,1051.54,0.26676133,-91.9439,-0.9826525,2973.0393,0.0679111,966.97186,0.12309637,-93.05069,-0.9685175,-8.843445,-0.20916058,22.660978,0.16624404,0.041796967,0.42658073,-0.021820346,-0.49387172,0.17997466,0.43928492,18.480406,0.14978163,-10.455714,-0.76495385,-20.31824,-0.2906476,-48.98495,-0.24984135,-6.0192647,17.450644,0.031002795,-0.026442025,0.40035692,2.3809524,2.7027028,0.19999999,0.0,0.14,0.0,-26.434006,9,15,63,SPEAKER_01,2254.066667,2402.533333,2306.8603437500005,2307.29909375,1,0.43875,disengaged
39.17004,0.041498113,37.39589,39.738342,40.70463,3.3087425,-23.161572,0.0,46.68441,0.0,0.22919236,0.19068785,0.19816226,0.24825703,0.2605429,0.06238064,0.23610482,0.64232033,0.6340552,0.0,0.060784753,0.38762844,15.567651,0.12932035,5.547878,1.2965672,-1.9608964,-1.5904386,-27.564222,-0.2789133,0.043085523,0.66127765,1.9503994,0.28360412,3.2337697,0.959407,15.681683,0.5514597,27.699226,0.18404575,658.1127,0.28946424,1381.4708,0.06420733,-110.112015,-0.8284515,1799.1791,0.13960728,966.02563,0.2255044,-98.72074,-0.8553274,2719.1287,0.08953795,950.3154,0.29256868,-97.736664,-0.8711607,-15.723489,-0.18715318,23.12812,0.14680411,0.054574937,0.2540447,-0.027776456,-0.48626933,0.051162686,0.3631457,14.366107,0.15628542,12.480202,0.2954769,-0.85848624,-2.2564378,-29.302267,-0.29903352,-12.372637,15.796883,0.0604164,-0.037590466,0.07841332,3.846154,4.7619047,0.11,0.0,0.08,0.0,-41.872032,9,15,63,SPEAKER_01,2254.066667,2402.533333,2308.63221875,2308.9022187500004,1,0.27,disengaged
50.05913,0.0134527115,49.44689,50.31834,50.521133,1.0742416,8.908615,2.064438,2.8967898,5.840487,0.71070874,0.2987335,0.51771075,0.70023006,0.90714407,0.38943332,3.8395016,1.8652619,0.040555794,1.8907392,0.2261904,0.43663818,8.461809,0.9525879,-10.887932,-1.4373363,-22.050789,-0.6073123,-23.90044,-0.43144625,0.025262712,0.55933833,1.4348543,0.41599098,6.1033363,0.74489003,9.827962,0.72934186,19.457739,0.49415466,896.2788,0.19460346,1195.5399,0.16470553,-16.29847,-2.8286457,1841.3591,0.10760889,1022.0896,0.21137528,-24.012474,-1.6461202,2900.9038,0.07635138,782.7514,0.4679478,-31.401102,-1.197901,-4.739947,-1.7647921,19.279163,0.35794404,0.06578502,0.20077972,-0.008836888,-1.8350669,0.22137207,0.4446381,8.36651,0.91232073,-9.405581,-1.6342932,-22.64195,-0.5989303,-25.418205,-0.38271457,-2.114522,24.764818,0.046763524,-0.00013970528,0.25051054,2.970297,2.1052632,0.44,0.32,0.04,0.0,-28.77643,9,15,63,SPEAKER_01,2254.066667,2402.533333,2309.34096875,2310.37034375,1,1.029375,disengaged
47.247723,0.11352892,43.441986,49.15882,51.947926,8.5059395,120.99092,72.672035,313.1815,349.2928,0.864669,0.39279947,0.56281507,0.83440185,1.189838,0.627023,4.307227,2.9476092,5.911098,3.8495052,0.4683403,0.55548316,13.623482,0.42253664,-9.315144,-1.4711765,-24.331205,-0.43597803,-51.803276,-0.16034113,0.052617595,1.8291994,1.5651618,0.45260528,7.603117,0.611911,18.487526,0.7543562,28.360703,0.26190084,919.3369,0.11678925,1042.1711,0.1416151,-36.407036,-2.2366252,2056.4995,0.082838774,1104.4994,0.25500688,-56.713684,-1.2104597,2919.9604,0.055460844,822.7277,0.3438528,-57.086628,-1.1943176,-3.9219315,-2.0098395,23.154148,0.16668217,0.068018265,0.26894692,-0.026618136,-0.44303882,0.5249156,0.44324985,13.224994,0.39514598,-14.296156,-0.7074234,-28.113571,-0.2666285,-52.07742,-0.1509029,-11.067558,19.309397,0.07268164,-0.039824642,0.31680876,4.0229883,1.775148,0.4433333,0.5430981,0.099999994,0.053541258,-21.168856,9,15,63,SPEAKER_01,2254.066667,2402.533333,2313.27284375,2315.02784375,1,1.755,disengaged
39.133286,0.05104842,37.35865,38.794346,40.10562,2.7469711,140.38765,165.92206,88.52703,64.41365,0.27574214,0.2743566,0.2127331,0.2613018,0.3255643,0.11283119,0.9972687,0.7936399,1.0459261,0.08826589,0.06654143,0.5561419,13.637967,0.6349816,7.981307,0.9994202,-2.801024,-2.8899963,-33.35651,-0.3612852,0.018190496,0.7734065,1.3660382,0.39582583,7.1019278,0.47448236,12.890008,0.46467617,26.522722,0.18217868,820.4036,0.21934265,1384.6078,0.17811862,-106.37107,-0.8959615,1912.3273,0.13598014,1127.4691,0.4837434,-101.979805,-0.8477531,2876.437,0.09293695,1001.9979,0.20285979,-101.538795,-0.8509807,-13.924809,-0.27566788,21.824837,0.25000274,0.058020446,0.2597454,-0.032411423,-0.2241125,0.07191235,0.4426543,18.840061,0.25448906,4.650919,1.8020003,-4.1093063,-2.2653239,-36.95965,-0.278838,-9.121361,13.884727,0.050519314,-0.02285921,0.06480487,2.970297,4.3478265,0.1125,0.076933414,0.0975,0.10638961,-38.682743,9,15,63,SPEAKER_01,2254.066667,2402.533333,2315.3653437500006,2316.39471875,1,1.029375,disengaged
0.0,0.0,0.0,0.0,0.0,0.0,0.0,0.0,0.0,0.0,0.4139606,0.49628398,0.20740014,0.38322926,0.66866577,0.46126562,0.87525105,1.6169918,1.9010689,0.75018,0.12056807,0.52121186,9.801271,0.9095308,-0.58494186,-18.779661,-6.2932253,-1.9151324,-33.36521,-0.2053342,0.0,0.0,0.0,0.0,0.0,0.0,0.0,0.0,0.0,0.0,0.0,0.0,0.0,0.0,-201.0,0.0,0.0,0.0,0.0,0.0,-201.0,0.0,0.0,0.0,0.0,0.0,-201.0,0.0,0.0,0.0,0.0,0.0,0.0,0.0,0.0,0.0,0.0,0.0,0.0,0.0,0.0,0.0,0.0,0.0,0.0,0.0,-7.3743014,13.696585,0.05535425,-0.019401673,0.12650359,3.773585,0.0,0.0,0.0,0.47,0.0,-36.410133,9,15,63,SPEAKER_01,2254.066667,2402.533333,2316.64784375,2317.18784375,1,0.54,disengaged
42.33919,0.11803969,35.77526,42.359432,48.520287,12.745026,27.575975,25.484253,41.170135,0.0,0.5013686,0.3003345,0.35486493,0.46206903,0.671772,0.31690708,2.7680104,0.5580097,1.3004436,1.05036,0.185449,0.5237905,19.963823,0.23684743,-18.05408,-0.49702996,-28.499662,-0.24904984,-17.139624,-0.82041144,0.028884977,0.39116773,2.0183442,0.43550754,4.319089,0.5936541,5.311102,2.602003,27.741745,0.22624649,785.95935,0.27557942,1421.2655,0.13008712,-81.26612,-1.2342715,1728.9156,0.12802106,1129.4994,0.12388823,-71.659,-1.2256664,2826.221,0.1120499,1025.2213,0.3112257,-79.36536,-1.038772,-8.514487,-0.47180876,24.031662,0.17181334,0.066680364,0.16304675,-0.012420247,-1.2766371,0.19851202,0.5406741,18.663729,0.24630956,-17.05327,-0.596325,-30.011227,-0.21341811,-22.969091,-0.5684056,-4.377369,18.015825,0.05231535,-0.016710833,0.19270664,3.4883723,5.0000005,0.12,0.030822068,0.08333333,0.08956686,-31.147223,9,15,63,SPEAKER_01,2254.066667,2402.533333,2317.8797187500004,2318.75721875,1,0.8775,disengaged
43.337646,0.0647071,40.764538,42.8849,45.175323,4.4107857,26.61406,0.0,1.8789928,0.0,1.0390153,0.33498073,0.7695231,1.1982082,1.2939944,0.52447134,6.9628596,1.079164,-2.1929247,3.2308013,0.56914717,0.5491223,12.361282,0.50940925,-19.532846,-0.42504594,-22.495537,-0.31933677,-49.237854,-0.15262783,0.026497517,1.1224741,1.5819676,0.39731777,4.4381833,0.97164434,-0.6000838,-15.013313,20.764294,0.3265168,830.78406,0.2919536,1263.9678,0.12285079,-1.4994226,-31.750252,1877.1569,0.16031364,1224.564,0.19375192,-15.382858,-2.0505712,2837.8997,0.06036825,829.41394,0.26722246,-18.557474,-1.6666201,-3.9525356,-1.3748368,18.371002,0.21081625,0.05090924,0.24381274,-0.006212488,-2.246305,0.5919667,0.5416487,13.014599,0.5124037,-19.15213,-0.46297458,-22.451683,-0.3380518,-49.641056,-0.15976731,2.9355488,19.381512,0.07689129,0.0122944955,0.89174545,4.255319,4.878049,0.185,0.125,0.0,0.0,-22.150719,9,15,63,SPEAKER_01,2254.066667,2402.533333,2319.83721875,2320.32659375,1,0.489375,disengaged
48.953785,0.08678921,48.386772,48.754322,48.832592,0.44581985,86.207664,0.0,59.39818,0.0,0.5411353,0.29005364,0.370128,0.60502833,0.6693928,0.29926482,1.6728631,0.8831238,1.7144428,0.07858825,0.16128765,0.5590897,11.055867,0.37434044,-13.990513,-0.5360048,-16.445787,-0.37493965,-30.482996,-0.21854663,0.029446814,1.0099523,1.2632122,0.41700357,8.01755,0.4256133,21.12315,0.48685315,25.534084,0.2336009,748.7693,0.18558928,1206.494,0.13005605,-61.26954,-1.539659,1745.4232,0.07197014,898.7662,0.13110207,-60.741108,-1.2433107,2852.343,0.04726508,827.9083,0.5856928,-67.35111,-1.0715932,-10.499017,-0.2535621,21.613317,0.14731406,0.07107247,0.11496825,-0.0113683455,-0.48295343,0.15641886,0.39348015,10.534128,0.4226594,-14.273451,-0.42374757,-18.88781,-0.20718999,-30.696869,-0.14192434,-7.001753,17.616367,0.066186324,-0.016290136,0.23961377,3.773585,2.1276596,0.32,0.0,0.089999996,0.0,-31.530437,9,15,63,SPEAKER_01,2254.066667,2402.533333,2324.1572187500005,2324.6972187500005,1,0.54,disengaged
44.621986,0.06585694,42.608795,45.527565,47.28946,4.680664,83.118484,27.686779,15.801236,16.528677,0.6677408,0.5956662,0.3250027,0.5019205,1.0501485,0.7251458,3.752158,2.0441234,2.8577259,1.3153903,0.28146008,0.9177483,9.477782,0.5467139,-12.967171,-0.8958439,-13.084634,-1.1306581,-33.268948,-0.3980122,0.022456715,0.7358945,1.4176193,0.24676462,4.632192,0.675913,7.3717628,1.4609686,16.32444,0.28174067,844.73975,0.2588286,1239.332,0.18031193,-146.02649,-0.5968283,1878.6664,0.15383486,1265.2786,0.42667598,-137.63509,-0.60980713,2741.367,0.06859198,906.3938,0.2375135,-136.41766,-0.6258516,-4.768693,-0.8154631,15.048538,0.27514148,0.053406965,0.3300286,-0.0056248233,-1.5972171,0.34483403,0.93256044,8.360833,0.7037702,-14.217702,-0.8843649,-13.247538,-1.0494864,-35.036266,-0.36143333,-4.0356693,13.921579,0.051266655,-0.0049788915,0.2600069,3.3557048,3.4722223,0.086,0.04882622,0.14999999,0.09591663,-26.735079,9,15,63,SPEAKER_01,2254.066667,2402.533333,2324.89971875,2326.40159375,1,1.501875,disengaged
43.558468,0.089166425,39.933006,43.218567,46.974815,7.041809,46.29973,24.44693,66.14623,81.462234,0.7355651,0.41038278,0.4036909,0.79659873,0.9941678,0.5904769,3.1780736,1.5270779,2.5881133,1.5038543,0.25931457,0.59386945,16.9592,0.41648117,-7.5394816,-1.5131005,-14.996728,-0.82321674,-17.962275,-0.70542866,0.02097922,0.8484075,1.1752998,0.37331367,6.209116,0.5681115,6.083262,1.5461733,21.740828,0.6265937,801.6005,0.2903295,1328.5697,0.21783446,-96.296745,-1.0276701,1800.7166,0.14467274,1244.4111,0.2708742,-80.79725,-1.1233854,2788.0813,0.09344396,1085.8464,0.3343964,-84.937965,-1.0276406,-5.1955395,-1.3001802,18.329622,0.43009415,0.0715246,0.30875456,-0.009053255,-1.2602304,0.2816573,0.52823406,15.166692,0.47471276,-11.432854,-0.93331724,-19.477879,-0.6503737,-20.607386,-0.6329509,-7.470817,19.178238,0.049588952,-0.008097167,0.21955036,2.21519,0.96463025,0.64666665,0.56482047,0.275,0.23286262,-26.282528,9,15,63,SPEAKER_01,2254.066667,2402.533333,2353.2665937500005,2356.43909375,1,3.1725,disengaged
34.368637,0.004541435,34.21794,34.372097,34.487507,0.26956558,6.924166,0.0,-3.2214165,6.3033476,1.0472051,0.1684635,0.9040729,0.971976,1.2385123,0.3344394,3.818167,0.0,-7.7648125,0.0,0.45454735,0.46783978,27.832144,0.112046406,-3.5654309,-0.48127934,1.9061259,1.8943782,-9.795586,-0.17487487,0.019747823,0.24957539,1.1384217,0.28977072,3.4585283,0.3932047,0.027302999,256.15186,18.749844,0.4300059,805.74854,0.26773146,1340.6306,0.09425853,-14.66716,-0.19395283,1838.8333,0.10895909,1202.6729,0.045324426,-22.199142,-0.10372718,2789.8643,0.10050669,1113.964,0.5251164,-27.480164,-0.109433495,-8.697863,-0.1584422,21.08291,0.07960562,0.050638042,0.21111076,-0.010595958,-0.26175708,0.3666888,0.17266113,26.279295,0.09163101,-3.2085998,-0.6075324,3.1903536,0.7865649,-9.437961,-0.17276604,0.0,0.0,0.0,0.0,0.0,5.263158,7.692308,0.12,0.0,0.0,0.0,-22.303358,9,15,63,SPEAKER_01,2254.066667,2402.533333,2356.72596875,2356.9284687500003,1,0.2025,disengaged
47.11933,0.109749384,42.15843,48.21335,50.98091,8.822483,262.1398,189.8777,76.08097,62.40495,0.9010045,0.49766997,0.50667316,0.8117686,1.1929206,0.6862474,5.195433,5.211208,3.662379,2.157397,0.37825724,0.7592796,9.177404,0.8259866,-10.551294,-1.2603137,-9.867386,-1.2015127,-34.574535,-0.31870657,0.02804213,1.158049,1.4778647,0.3571309,4.288825,0.68653816,12.9499035,0.62062967,14.771108,0.7094676,883.62054,0.22754654,1238.2329,0.16567662,-96.79925,-0.9860081,1928.3605,0.11936354,1086.2784,0.38898277,-88.83673,-0.9838313,2832.8164,0.075592175,948.34595,0.3092445,-87.807594,-1.0043355,-3.1553228,-2.512063,13.401543,0.60716563,0.07073917,0.2838434,-0.014315704,-1.3390625,0.45449188,0.7125092,6.228033,1.1518248,-16.65342,-0.7187264,-12.037012,-0.7936386,-34.189167,-0.35473773,-7.270353,16.216156,0.06892897,-0.021458812,0.27996463,2.5316458,3.215434,0.176,0.18921944,0.12666667,0.082056895,-23.706675,9,15,63,SPEAKER_01,2254.066667,2402.533333,2363.1553437500006,2366.3278437500003,1,3.1725,disengaged
42.606457,0.00067940995,42.583824,42.610287,42.6298,0.04597473,0.013132913,0.0,0.0,0.0,0.44892517,0.16607592,0.34467304,0.46794164,0.51542413,0.1707511,0.59113306,0.37649086,1.3619778,0.20194489,0.09853395,0.24674633,9.784052,0.31611237,-6.8919787,-1.0966333,8.591621,1.2939131,-33.873234,-0.23523419,0.006810344,0.18578753,1.3026896,0.25752032,4.918373,0.14191185,4.3147917,0.73262763,11.707084,0.2970188,644.0716,0.44913363,1218.2024,0.16499852,-178.37607,-0.317576,1680.7963,0.18617007,1008.819,0.058957264,-153.49063,-0.5239541,2517.4404,0.12116146,1178.6166,0.36697677,-154.83559,-0.5070252,-2.5772676,-0.2700028,10.574249,0.17322163,0.047274455,0.20987512,-0.017236052,-0.16701493,0.10789111,0.10243382,9.958116,0.33654064,-15.303031,-0.0642942,-6.4711056,-0.24112704,-25.589525,-0.19271593,-2.469931,7.8115206,0.056355566,-0.024992168,0.108154066,5.882353,3.448276,0.06,0.0,0.21,0.0,-37.639885,9,15,63,SPEAKER_01,2254.066667,2402.533333,2391.3028437500006,2391.6572187500005,1,0.354375,disengaged
35.08925,0.19560918,25.786648,38.971573,40.7106,14.923954,-160.92932,0.0,30.45894,0.0,1.1453471,0.4912943,0.6365677,1.0020993,1.8361266,1.1995589,44.93762,0.0,-9.052562,0.0,1.3402941,0.8260818,34.27003,0.08029171,1.4991177,4.165183,-16.530867,-0.4096073,-10.761695,-0.44003215,0.13365403,1.1957877,1.4477777,0.54812974,4.33115,0.93750453,6.2875853,0.6689322,33.163593,0.14238,1022.14136,0.031750754,1203.8956,0.11090579,-2.0331964,-9.29287,2024.2556,0.07070895,1398.1519,0.15163445,-20.15373,-0.78538555,3221.4126,0.03259167,1333.4084,0.28058916,-29.690098,-0.5926493,-10.0870075,-0.5454275,32.534992,0.088179626,0.05567552,0.35914424,-0.010038788,-0.7286288,1.8152015,0.5756186,33.535122,0.08368111,-1.3763919,-3.0539727,-18.300983,-0.3644186,-12.910533,-0.22727138,0.0,0.0,0.0,0.0,0.0,4.166667,5.555556,0.17,0.0,0.0,0.0,-13.142755,9,15,64,SPEAKER_00,2402.566667,2408.8,2408.1609687500004,2408.4140937500006,1,0.253125,engaged
0.0,0.0,0.0,0.0,0.0,0.0,0.0,0.0,0.0,0.0,0.32554257,0.30445793,0.24599603,0.26766652,0.39736933,0.1513733,12.930599,0.0,1.320637,0.0,0.40604454,1.2089739,12.970887,0.5976913,9.984879,1.1080322,-2.3739257,-3.2093384,-11.789974,-0.24624407,0.0,0.0,0.0,0.0,0.0,0.0,0.0,0.0,0.0,0.0,0.0,0.0,0.0,0.0,-201.0,0.0,0.0,0.0,0.0,0.0,-201.0,0.0,0.0,0.0,0.0,0.0,-201.0,0.0,0.0,0.0,0.0,0.0,0.0,0.0,0.0,0.0,0.0,0.0,0.0,0.0,0.0,0.0,0.0,0.0,0.0,0.0,-0.080288015,9.918993,0.014622814,0.0059017977,0.0,0.0,0.0,0.0,0.0,0.0,0.0,-23.353367,9,15,64,SPEAKER_00,2402.566667,2408.8,2408.73471875,2408.8,1,0.0653125,engaged
37.659668,0.058609106,35.44742,38.02026,40.1467,4.6992836,23.560072,21.103125,15.595282,2.1883264,1.0614976,0.41993278,0.7191773,0.9189437,1.2702053,0.55102795,8.184636,9.281165,8.149487,3.6038852,0.8683241,0.6470337,26.130417,0.228076,2.7256489,5.863358,-4.723808,-3.319804,-18.670855,-0.63842124,0.025577886,0.93439335,1.3761101,0.3769939,6.9912343,0.4114531,2.4837651,3.7429497,23.877106,0.3251985,845.5306,0.1686297,1329.7439,0.15354016,-42.740395,-1.6640971,1895.462,0.1011975,1062.3356,0.3540461,-48.042027,-1.3458434,2966.023,0.07900927,948.0271,0.39851412,-55.607143,-1.0885571,-13.1829,-0.9188062,23.805746,0.4212696,0.071990654,0.26471552,-0.025755163,-0.5849055,0.89554965,0.63764733,26.184881,0.2462473,-0.37885717,-41.310535,-8.009097,-1.9259002,-16.754414,-0.6539612,-24.51595,30.735481,0.09538878,-0.03226405,1.1142195,4.854369,2.0833335,0.39499998,0.355,0.065,0.024999999,-15.858752,9,15,65,SPEAKER_00,2408.833333,2422.8,2408.833333,2409.88221875,1,1.048875,disengaged
37.091984,0.04997042,34.990025,37.37971,38.32359,3.3335648,336.46555,416.71024,92.9721,118.83505,1.0951649,0.34363598,0.82405454,1.0328374,1.4056468,0.58159226,9.959719,5.2243905,7.6173553,4.3820305,0.73533,0.56119823,30.06348,0.24159408,4.067772,2.8194976,-8.1319475,-1.0062091,-20.459978,-0.35899952,0.022787381,1.523078,1.2473793,0.5504584,7.62009,0.5307293,8.46382,1.1063002,30.625671,0.22992457,826.65906,0.1820529,1285.7677,0.22065094,-22.90247,-1.8814044,1920.5392,0.11685285,1007.1028,0.27695358,-36.166412,-0.97922146,3045.5059,0.06962159,864.9375,0.28526497,-43.106384,-0.79886895,-17.41528,-0.42744163,28.80172,0.28671035,0.07551575,0.23690832,-0.026820334,-0.54195553,0.75933754,0.54253304,30.850092,0.18596531,4.0519667,2.6828094,-7.860263,-1.057431,-21.029207,-0.34732708,-21.844913,36.65953,0.07814212,-0.033657473,0.9512467,5.185185,2.3255816,0.39666668,0.14817408,0.03,0.0,-14.627473,9,15,65,SPEAKER_00,2408.833333,2422.8,2410.18596875,2411.5528437500006,1,1.366875,disengaged
36.92435,0.047680877,34.31047,37.01056,39.022858,4.712387,52.96551,26.829166,15.515041,10.36495,1.0237793,0.37509343,0.7169594,0.931062,1.2037438,0.4867844,4.7922707,1.680836,-1.1632836,4.140356,0.59704554,0.8235609,16.610998,0.49761,2.1681862,4.580348,0.29347733,43.374996,-5.6450076,-1.6182969,0.034749385,0.9353592,1.3054097,0.7469091,8.562168,0.4879682,13.192186,0.32942316,23.912395,0.23591127,782.6521,0.320578,1577.7124,0.4418866,-125.18753,-0.62877446,1722.2181,0.14922017,1158.6487,0.22862129,-117.19728,-0.6436575,2844.3757,0.061991807,827.78485,0.2385401,-119.41155,-0.6159543,-14.403601,-0.46394554,25.99343,0.29869795,0.06354599,0.22375757,-0.006288156,-1.6651976,0.62414354,0.5617883,18.838789,0.3933268,9.181498,0.6677563,7.077409,1.1944947,0.019054893,307.45047,-6.5464125,17.725624,0.07080656,-0.0056951824,0.67452306,2.8985507,6.25,0.067499995,0.031124748,0.067499995,0.04548351,-15.2016945,9,15,65,SPEAKER_00,2408.833333,2422.8,2412.5147187500006,2413.2234687500004,1,0.70875,disengaged
38.34718,0.11985544,34.821903,37.804485,38.775795,3.9538918,196.79988,182.69478,5.715594,4.458733,1.1605213,0.15182705,1.019695,1.1586003,1.3367697,0.31707466,8.194255,5.542675,5.170937,1.6095284,0.58728456,0.46454802,24.512589,0.45735618,3.669902,3.3773165,-1.027878,-13.417359,-16.64918,-0.45391998,0.023870299,1.5068079,1.0420396,0.4376482,7.679391,0.6537904,11.151377,0.8394194,25.409859,0.46530998,732.1927,0.2809274,1480.6069,0.14969333,-31.413801,-1.4108251,1760.0582,0.1463655,1218.256,0.2850851,-39.794548,-0.97331125,2836.305,0.09279463,994.6264,0.33540004,-41.277737,-0.93902344,-14.552155,-0.72811407,27.232508,0.47966173,0.06644985,0.22070038,-0.02441674,-0.41822997,0.6010313,0.45763487,26.179682,0.36023673,5.125637,2.4307363,-1.011755,-14.670375,-16.269817,-0.49131018,-15.758029,28.80824,0.08069823,-0.027679933,0.899565,7.5000005,2.7027028,0.33499998,0.105,0.03,0.0,-14.711662,9,15,65,SPEAKER_00,2408.833333,2422.8,2413.4597187500003,2414.26971875,1,0.81,disengaged
36.110344,0.10917855,34.60316,36.00642,38.45438,3.8512192,303.72623,479.84363,49.81248,54.181973,0.8813157,0.4133431,0.56795853,0.8188741,1.1852158,0.6172573,7.672957,4.426841,5.1722727,2.447069,0.49110562,0.71955115,25.078632,0.3891801,5.141096,2.6269984,-8.975192,-1.4255602,-11.455324,-0.83129334,0.029080851,1.6908959,1.2530543,0.5222147,6.881991,0.55262864,5.319471,1.7838838,28.516603,0.36413574,752.4988,0.25603694,1405.8136,0.1768784,-71.399895,-1.1784613,1779.803,0.14088407,1153.2178,0.26225373,-72.16217,-1.0537761,2911.5225,0.09786728,976.32776,0.26621822,-79.19301,-0.90139294,-14.220811,-0.61361563,27.507616,0.26393786,0.0697486,0.2487464,-0.017996598,-0.8018647,0.55000466,0.6552704,27.645477,0.30768168,4.5154357,3.0901625,-10.023833,-1.3899732,-12.561884,-0.6759125,-9.878191,20.283466,0.05823321,-0.015164331,0.3564834,3.7567086,3.6101084,0.1875,0.15417117,0.0685,0.05841875,-17.695593,9,15,65,SPEAKER_00,2408.833333,2422.8,2414.7928437500004,2420.3953437500004,1,5.6025,disengaged
36.181313,0.044341914,35.14355,35.93549,36.725025,1.5814743,12.671723,9.504718,37.38841,43.452618,0.95403886,0.3822238,0.5912884,0.87078154,1.3117929,0.72050446,8.578442,3.6142437,5.196104,1.9292569,0.4803826,0.6144148,25.43336,0.35716215,-1.2629892,-9.769455,-16.581682,-1.0513841,-12.200132,-0.99317217,0.015723016,1.3708153,1.1016842,0.4847728,7.0003896,0.42096806,0.15237865,74.13577,27.171024,0.38630062,755.92413,0.3019646,1425.1382,0.16906066,-43.052338,-1.7927661,1704.91,0.1258852,1178.0631,0.16717486,-47.530685,-1.431697,2838.6833,0.097277455,1038.8173,0.40754244,-58.603825,-1.0711012,-9.743812,-0.75321513,27.553776,0.26148155,0.07261456,0.19695681,-0.010486107,-1.1734657,0.5536004,0.5213402,28.134544,0.23925659,-3.0206149,-4.0696,-19.60534,-0.8746989,-12.029815,-0.90848386,-6.6849537,15.98504,0.06659235,-0.012596981,0.23549877,4.2105265,2.7173915,0.292,0.11373653,0.09333333,0.04109609,-20.506845,9,15,65,SPEAKER_00,2408.833333,2422.8,2420.8847187500005,2422.8,1,1.9153125,disengaged
0.0,0.0,0.0,0.0,0.0,0.0,0.0,0.0,0.0,0.0,0.35693127,0.17774221,0.2954427,0.35372227,0.42546314,0.13002044,0.0,0.0,-0.01791178,0.0,0.06272949,0.29270124,12.658353,0.22333623,-4.801758,-0.27575442,-0.8744507,-4.071986,6.086441,0.32297015,0.0,0.0,0.0,0.0,0.0,0.0,0.0,0.0,0.0,0.0,0.0,0.0,0.0,0.0,-201.0,0.0,0.0,0.0,0.0,0.0,-201.0,0.0,0.0,0.0,0.0,0.0,-201.0,0.0,0.0,0.0,0.0,0.0,0.0,0.0,0.0,0.0,0.0,0.0,0.0,0.0,0.0,0.0,0.0,0.0,0.0,0.0,-3.349774,9.774857,0.034963142,-0.0023721913,0.083132245,0.0,0.0,0.0,0.0,0.04,0.0,-40.67921,9,15,66,SPEAKER_00,2422.833333,2442.266667,2422.833333,2422.9434687500006,1,0.110125,engaged
35.79141,0.094294615,34.63657,36.218525,38.286003,3.6494331,7.124136,1.377596,15.708241,0.0,0.9559288,0.41829234,0.5909502,0.92044127,1.32176,0.73080987,7.381592,5.9000287,8.017364,4.6875057,0.54174083,0.5573602,28.055044,0.32102823,1.3778323,6.8689575,-8.772884,-1.3037606,-14.120453,-0.76959723,0.02024128,1.4275458,1.1233008,0.5436771,7.774762,0.4394099,2.2412345,3.7218268,27.09298,0.45388168,798.1579,0.21013592,1344.3406,0.14684325,-51.894596,-1.519653,1825.74,0.12898564,1139.7874,0.23522253,-58.287758,-1.1796575,2935.7788,0.08763686,940.2339,0.21669126,-66.03675,-0.98272586,-12.82663,-0.57346106,27.357075,0.23303206,0.072159946,0.2128363,-0.022379685,-0.68909746,0.5935791,0.468077,30.554758,0.18679878,2.0387015,4.5214205,-10.734845,-1.0985874,-16.722116,-0.58121353,-9.690498,20.418856,0.056918856,0.0019310483,0.42432714,3.3088236,2.621723,0.29285714,0.09299988,0.05875,0.03756245,-18.264482,9,15,66,SPEAKER_00,2422.833333,2442.266667,2423.2809687500003,2426.0147187500006,1,2.73375,engaged
43.778164,0.092895254,40.579475,43.723812,46.004745,5.42527,106.83328,129.42206,88.835815,71.19545,1.262493,0.5408906,0.7185329,0.9629049,1.9142663,1.1957334,7.5550475,1.5643255,7.973213,1.3481181,0.6326611,0.88548183,10.22494,0.63434935,-17.270988,-0.5482424,-18.582214,-0.64436007,-30.367165,-0.38200524,0.023883333,0.9803391,0.9478572,0.40230638,8.026124,0.38478863,3.7012372,3.9478362,20.640856,0.40521055,792.3231,0.26342008,1361.0333,0.14371994,-45.964256,-1.9132602,1757.2236,0.0913859,1099.7289,0.27923715,-44.09443,-1.6380926,2835.8687,0.06609158,857.78253,0.33690467,-52.196987,-1.3155206,-5.431939,-1.4140608,18.929121,0.32035717,0.06441181,0.2758598,-0.009063399,-1.5557356,0.7218064,0.7889928,10.935907,0.54602504,-18.430058,-0.49971226,-19.814007,-0.65129036,-32.174053,-0.35235277,-4.3512425,15.353686,0.048972193,-0.018369205,0.38717937,2.4,2.5000002,0.31333333,0.19344826,0.0475,0.031124748,-16.08454,9,15,66,SPEAKER_01,2422.833333,2442.266667,2433.5915937500004,2434.8572187500004,1,1.265625,engaged
41.724007,0.07623028,39.77255,42.550194,44.353516,4.580967,23.028622,8.875505,32.162594,15.44213,0.6495346,0.6049327,0.31379953,0.5374501,0.99407774,0.6802782,5.4824295,2.196964,3.871933,1.4376069,0.23173343,0.75192976,18.799107,0.3921948,-2.6719036,-4.3735967,-20.802824,-0.5429775,-31.09254,-0.5356352,0.022034617,1.3462818,1.0690372,0.82512957,9.513703,0.49539724,9.455288,0.70155114,30.02926,0.21243164,765.09784,0.22171858,1369.3534,0.17106827,-35.32048,-1.9227315,1752.6669,0.118693374,1171.341,0.28723243,-40.62461,-1.3556602,2857.2395,0.07968314,925.1082,0.54097444,-47.646538,-1.1050725,-12.444093,-0.32009184,24.698496,0.23518407,0.06310728,0.1963687,-0.020567084,-0.61398864,0.25315353,0.6656635,19.500877,0.34683916,-4.9444866,-2.259726,-22.605074,-0.4945496,-34.44015,-0.44481665,-9.5683155,20.028206,0.056330763,-0.01429398,0.15611078,3.3333333,3.4722223,0.24,0.30278704,0.035,0.015,-22.681616,9,15,66,SPEAKER_01,2422.833333,2442.266667,2435.86971875,2437.3884687500004,1,1.51875,engaged
45.676056,0.049880713,44.39051,45.544918,46.72244,2.3319283,195.06873,277.63663,21.34339,10.996372,1.1366966,0.46643987,0.65892375,1.0496637,1.7807794,1.1218556,7.4911942,3.7323246,8.142573,2.5939028,0.5690221,0.68064135,13.247105,0.48296496,-11.345728,-1.0792122,-17.297276,-0.87530345,-37.42701,-0.21763507,0.021190757,0.8905899,1.0051975,0.5340784,9.106038,0.44432014,5.651943,1.8397462,20.759897,0.39514217,895.2116,0.1710717,1181.8242,0.15594235,-34.601505,-1.978552,1912.5353,0.08766236,1082.2036,0.18672203,-46.763077,-1.2464032,2933.719,0.05368448,857.4587,0.34019807,-49.36796,-1.1508943,-7.7638226,-1.1811109,23.604258,0.28600734,0.079619564,0.32709908,-0.0121605,-1.7030976,0.63505745,0.6201319,14.127837,0.44454408,-12.3048115,-1.0415812,-21.471548,-0.6038141,-36.748627,-0.21971622,-8.683729,15.356367,0.060311805,-0.021546833,0.34372473,3.2786884,1.724138,0.49499997,0.435,0.12,0.0,-18.162882,9,15,67,SPEAKER_01,2442.3,2465.3,2442.4509687500004,2443.68284375,1,1.231875,disengaged
43.838886,0.05083863,42.1473,42.60276,46.265392,4.1180916,45.224056,40.22932,14.66763,5.6902204,0.56660455,0.23661211,0.43044433,0.56977403,0.70843506,0.27799073,2.9412153,1.5481886,2.4228318,0.4873298,0.16963385,0.45860246,8.5232115,0.3798166,-13.448432,-0.49419543,-7.168094,-0.796793,-29.048233,-0.18279737,0.020858277,0.6405081,1.440859,0.39866406,5.4878254,0.35922068,13.298481,0.51831466,15.737012,0.33679673,839.01184,0.19959754,1373.1857,0.121920735,-70.37993,-1.2955478,1887.8181,0.07330294,893.2161,0.182056,-69.01028,-1.1998827,2815.414,0.05498476,1198.0908,0.41521624,-68.20824,-1.2181636,-6.927918,-0.3163848,11.194378,0.22739455,0.06898493,0.26313555,-0.021208216,-0.5015312,0.19783679,0.41279018,7.0560217,0.3667098,-15.648108,-0.39877358,-9.039015,-0.6631322,-29.880758,-0.1763233,-8.643068,13.658311,0.06897368,-0.024368951,0.13287237,3.9473684,4.285714,0.14999999,0.024494898,0.06333333,0.061282586,-32.334248,9,15,67,SPEAKER_01,2442.3,2465.3,2444.59409375,2445.37034375,1,0.77625,disengaged
45.16024,0.035798244,43.594635,45.193867,45.96605,2.3714142,49.952866,48.556923,13.407321,8.133255,0.36510432,0.3109571,0.24922903,0.3691152,0.48041433,0.2311853,1.7526726,0.78659046,1.4867398,0.50773513,0.09630635,0.41940993,9.449252,0.33670816,-2.2467632,-5.326122,4.650813,1.8760298,-25.75291,-0.30773905,0.020296587,0.85374075,1.1566633,0.33170924,7.942923,0.3818323,12.804714,0.40242463,10.441261,0.75657576,844.9199,0.2561554,1265.626,0.14777878,-68.71133,-1.1424521,1890.9618,0.13918613,932.3142,0.45589405,-61.79794,-1.1186227,2771.586,0.078086354,1078.2686,0.30773044,-59.29211,-1.1769184,-9.045992,-0.5188364,15.006552,0.3594915,0.063719586,0.30492815,-0.0075620837,-1.0826098,0.10706604,0.357604,9.466188,0.3599212,-4.0648875,-3.0131142,3.9221904,2.4267619,-27.077356,-0.2954142,-8.682164,13.884471,0.05309675,-0.0126660075,0.06977365,3.896104,4.0268455,0.18166666,0.110214435,0.046666663,0.02426703,-35.656994,9,15,67,SPEAKER_01,2442.3,2465.3,2445.67409375,2447.2265937500006,1,1.5525,disengaged
49.900795,0.0063573616,49.75352,49.90372,50.234447,0.4809265,17.964586,2.4429216,6.234487,0.0,0.41806772,0.14610507,0.35587502,0.42894667,0.47281685,0.11694184,1.3670204,0.39199057,1.8561772,0.8917605,0.11332657,0.26244178,14.320186,0.24666879,-12.540219,-0.6521784,-17.751518,-0.4959188,-30.824232,-0.1662674,0.02486212,0.37403053,1.3548757,0.18897098,8.771366,0.1777265,2.0508835,1.8210256,11.533859,0.38468686,1068.3561,0.04914329,1183.4478,0.20133911,-155.57689,-0.49065858,1873.4862,0.109128624,1644.2961,0.3644469,-154.47409,-0.48235306,2864.6492,0.025086422,780.7497,0.25587627,-155.4326,-0.47020215,-13.950461,-0.09155768,25.0524,0.095655434,0.10107432,0.08740608,-0.007651988,-0.30944666,0.1344732,0.1895701,16.71388,0.05649265,-7.857987,-0.57632613,-13.946444,-0.11874177,-35.09489,-0.07201381,-6.9006515,17.359804,0.08558592,-0.010947792,0.10896708,8.695653,2.4390244,0.099999994,0.0,0.29,0.0,-35.253677,9,15,67,SPEAKER_01,2442.3,2465.3,2448.5428437500004,2449.0153437500003,1,0.4725,disengaged
36.561916,0.07601811,35.453156,36.7942,38.265804,2.8126488,69.05304,68.58923,69.633934,69.909836,0.8517088,0.44405925,0.49029505,0.7782623,1.2496896,0.7593945,7.6906443,4.212938,5.8383136,4.584244,0.4875346,0.6899883,27.416784,0.27323154,4.7494984,2.6651807,-8.931864,-1.6143982,-22.049574,-0.48969156,0.026643129,1.6005363,1.3994505,0.43609795,6.586558,0.57722664,8.08529,1.2030131,30.824646,0.27907345,742.93286,0.26772138,1400.0898,0.13773796,-66.502525,-1.2608058,1788.0139,0.15395057,1128.0897,0.2610015,-67.32731,-1.0965892,2884.6106,0.0825903,1007.1521,0.29370445,-72.81499,-0.9697148,-15.126038,-0.5402419,27.519762,0.3082684,0.07447632,0.24516262,-0.02689305,-0.45306337,0.54749376,0.6476252,28.632881,0.2358868,5.7705646,2.2166579,-10.228695,-1.339997,-22.83511,-0.49810898,-11.868384,20.83405,0.06455944,-0.029479334,0.3390987,4.398827,2.3809524,0.305,0.25826344,0.10714286,0.05749889,-19.560144,9,15,67,SPEAKER_00,2442.3,2465.3,2455.6640937500006,2459.0897187500004,1,3.425625,disengaged
36.03839,0.07056606,34.90332,36.159206,37.779926,2.876606,12.800012,5.6034403,-30.808678,28.921413,0.7140227,0.45292112,0.47808957,0.63081634,0.89479506,0.4167055,5.6018114,2.3554497,4.3010054,2.481516,0.440947,0.72654563,24.890043,0.45802867,14.406465,0.78052306,-8.385889,-1.4127487,-21.846186,-0.4509966,0.028247636,1.7781941,1.2972474,0.46422789,7.3090954,0.41965565,5.271968,1.8821015,31.479908,0.31121594,755.58344,0.22682033,1400.7728,0.16658449,-47.517086,-1.5108968,1838.398,0.13747057,1222.0267,0.24736147,-58.08229,-1.0756334,2919.7627,0.0887585,910.38354,0.30059856,-63.000725,-0.9488982,-17.810163,-0.4788225,29.463144,0.28489164,0.06872224,0.32999068,-0.028347064,-0.36283466,0.504689,0.6366512,27.687084,0.36574575,15.275287,0.7014272,-9.691865,-1.2181901,-22.23033,-0.4724245,-9.572178,17.097054,0.029532986,-0.016791947,0.19790971,2.8735633,2.366864,0.3375,0.22785686,0.049999997,0.041472882,-20.191107,9,15,67,SPEAKER_00,2442.3,2465.3,2459.49471875,2461.2497187500003,1,1.755,disengaged
34.385036,0.06520321,34.279026,34.71903,35.413734,1.1347084,65.45103,58.4317,27.970778,18.491959,0.92542505,0.48812374,0.6343522,0.8160665,1.1558546,0.5215024,12.199798,5.39389,2.9468038,2.1239684,0.5175097,0.6899394,29.04111,0.3287334,3.7732604,3.931141,-7.27532,-1.7436668,-14.1035185,-0.6473074,0.021371698,1.3776896,1.3200346,0.5922015,6.4395723,0.6452814,7.0730305,1.1598877,31.282164,0.48912767,780.9384,0.19389366,1415.8773,0.15619585,-61.193237,-1.3519177,1825.8282,0.123279445,1156.3959,0.20678356,-68.283394,-1.0939927,2894.6143,0.09261792,1007.9601,0.24332024,-74.78002,-0.94715464,-15.942322,-0.61209935,27.711943,0.32314527,0.0682111,0.21127947,-0.018528437,-1.0014987,0.46963742,0.5530816,32.04904,0.23649912,5.439701,2.8927069,-6.443733,-2.0837018,-14.122413,-0.61971503,-10.108112,22.306461,0.058321703,-0.008060935,0.7259377,2.843602,3.4146342,0.20714284,0.22358853,0.074999996,0.059651766,-20.506027,9,15,67,SPEAKER_00,2442.3,2465.3,2461.89096875,2464.01721875,1,2.12625,disengaged
37.658268,0.1372587,33.21804,36.083694,42.10292,8.88488,1471.0621,0.0,10.228789,7.622581,0.6299786,0.45344898,0.37393302,0.5380666,0.8281878,0.4542548,3.2562058,0.880605,0.42763233,1.8498333,0.33206666,0.867608,21.255623,0.56043315,4.187359,1.7086029,-15.764341,-0.80076224,-10.416962,-0.6869034,0.02686471,0.7971297,1.2910506,0.44460315,6.4365845,0.33200416,9.250268,0.8216026,32.663258,0.1391447,751.5942,0.25739923,1297.9929,0.12570246,-106.84878,-0.8537959,1791.8083,0.15105933,1042.8801,0.1455127,-100.4293,-0.830745,2927.2544,0.10399639,913.2166,0.22487663,-106.091835,-0.74257183,-13.618643,-0.36184686,25.623684,0.2518074,0.06944857,0.24811552,-0.020426748,-0.5982271,0.4849629,0.6287973,27.042862,0.44731253,6.394164,1.0350072,-14.032228,-0.90665555,-13.659632,-0.40919015,-6.876023,19.49487,0.05715596,-0.0015160408,0.18350214,2.7027028,2.8985507,0.185,0.114999995,0.089999996,0.037416574,-23.246042,9,15,67,SPEAKER_00,2442.3,2465.3,2464.54034375,2465.3,1,0.7596875,disengaged
38.08124,0.10615563,34.619305,37.11304,42.958893,8.339588,175.72617,44.701477,11.490746,10.286978,0.7056298,0.45961508,0.43040317,0.6501754,0.9845237,0.55412054,8.6194105,3.4117608,4.175713,2.0785356,0.42317203,0.7531023,22.628262,0.4084402,6.087963,1.6833167,-15.339214,-0.750502,-9.451879,-1.0818775,0.020608664,0.65323997,1.4593387,0.3986902,5.2226872,0.5789793,7.3121758,1.2616428,32.068504,0.18424335,699.95636,0.24253279,1399.6736,0.12800577,-106.64975,-0.87918556,1706.7905,0.11949917,1132.9692,0.18143596,-97.70066,-0.85226357,2852.6248,0.09353209,1059.9532,0.2976407,-105.70672,-0.7220662,-12.569167,-0.6637225,26.884249,0.23522818,0.060108285,0.408477,-0.019358085,-0.83295304,0.52004963,0.7110207,25.008125,0.3647531,6.132573,1.4645525,-16.893305,-0.6768496,-11.618279,-1.022989,-10.587386,24.130192,0.06029704,-0.012471026,0.341025,3.8216562,5.298013,0.09625,0.05242554,0.0725,0.08362864,-22.567305,9,15,68,SPEAKER_00,2465.333333,2560.0,2465.333333,2466.9197187500004,1,1.586375,engaged
35.788803,0.05163324,34.61715,35.416122,36.642677,2.025528,98.82854,171.28896,47.113613,82.78747,0.84048724,0.37350428,0.592372,0.81288356,1.1342722,0.5419002,6.7066607,2.9588096,4.0602894,1.8988814,0.43041593,0.60507464,26.571405,0.38641664,5.705881,2.1865952,-15.648395,-0.84390134,-13.488622,-0.68420124,0.020803278,2.0642724,1.2256638,0.6190802,7.146566,0.4798386,5.5054355,1.676993,31.95535,0.30733803,726.4143,0.25236002,1410.9485,0.13603598,-55.406487,-1.4763377,1721.4171,0.12397806,1203.9081,0.26714012,-62.080513,-1.1881162,2901.9382,0.09126973,1020.78,0.30953377,-71.95168,-0.9455162,-14.227166,-0.579068,30.044022,0.24731013,0.06890695,0.25317588,-0.017019521,-0.7122473,0.4928836,0.5303302,30.4402,0.21722123,6.4210525,1.9666508,-15.47848,-0.85003865,-13.083974,-0.7097243,-5.433842,17.263939,0.05328871,-0.011783851,0.25298303,4.556962,2.5641026,0.287,0.26559556,0.083,0.06116371,-19.991934,9,15,68,SPEAKER_00,2465.333333,2560.0,2466.97034375,2470.93596875,1,3.965625,engaged
37.12868,0.075865485,36.12993,37.132145,38.81492,2.68499,341.6459,468.56784,24.456268,14.876525,0.8053314,0.43337718,0.5063994,0.74136,1.0925664,0.586167,8.369538,5.1726756,6.2921786,2.894909,0.5366244,0.65648556,27.013105,0.3017958,8.425331,1.3587034,-6.717266,-2.1271987,-16.72891,-0.5350145,0.025159787,1.2010736,1.3420881,0.60298675,7.7695637,0.4993544,6.841765,1.4867156,31.173704,0.2628271,791.81195,0.22266725,1379.7668,0.138208,-74.968704,-1.0897663,1845.7806,0.11982283,1192.1404,0.27890077,-80.13614,-0.9190988,2943.9097,0.07992377,1065.595,0.30037403,-85.86226,-0.808556,-18.543783,-0.45928043,31.431896,0.24809922,0.07241351,0.2621968,-0.0246268,-0.48536435,0.62799907,0.5893189,29.16297,0.25536543,8.961742,1.3038272,-6.6101875,-2.24583,-17.262463,-0.5552743,-12.785456,23.717846,0.06869296,-0.01982891,0.3673893,4.166667,4.248366,0.15384614,0.10521323,0.07090909,0.075492874,-17.0469,9,15,68,SPEAKER_00,2465.333333,2560.0,2471.40846875,2474.54721875,1,3.13875,engaged
36.162,0.046585884,35.055878,35.903805,38.005104,2.9492264,60.56692,78.64978,19.271326,41.953552,0.77827156,0.47540438,0.47203085,0.6966467,1.0523151,0.58028424,8.105739,3.3198912,4.383055,2.541007,0.4386831,0.6933941,23.705053,0.45396137,5.950688,2.6603038,-13.366907,-1.110864,-11.634663,-0.74230707,0.018609481,1.0004747,1.3596519,0.602803,7.022893,0.55230975,6.190929,1.2792841,27.89158,0.69301623,791.6153,0.2248122,1368.9733,0.14178012,-72.39543,-1.1940858,1810.1982,0.14712694,1093.6189,0.28408468,-76.101944,-1.0454907,2947.6357,0.09301325,970.11774,0.27354497,-83.64441,-0.8860126,-13.315415,-0.7495557,28.082926,0.303879,0.07676649,0.20481327,-0.016443435,-0.99212086,0.5259334,0.5897661,28.08167,0.237924,5.7861476,2.8916378,-13.132072,-1.1515512,-12.006965,-0.64982575,-7.8380094,19.632772,0.066790596,-0.0106201125,0.27582446,3.7037039,3.0444965,0.21692307,0.18490683,0.09666667,0.07226494,-19.821695,9,15,68,SPEAKER_00,2465.333333,2560.0,2476.40346875,2480.7403437500006,1,4.336875,engaged
35.964607,0.06424358,34.786667,36.287308,37.062725,2.2760582,91.48667,42.937397,7.952207,6.089685,0.83151495,0.41563416,0.5371728,0.7619556,1.1908492,0.6536764,7.8430104,4.0027614,4.422832,1.2587601,0.478061,0.7216674,24.883795,0.45668346,5.121935,2.7800875,-13.250867,-0.8903766,-12.179531,-0.6779157,0.027696306,2.9099774,1.2503169,0.6113628,7.535422,0.38968986,7.26497,1.0600551,31.68178,0.28253487,802.56506,0.21072866,1334.6764,0.15814269,-65.52492,-1.2871287,1842.7909,0.12160409,1168.7979,0.2353812,-72.84174,-1.0408225,2951.7783,0.067124404,948.1778,0.27020857,-80.19811,-0.88581395,-15.009425,-0.613591,30.35843,0.2721325,0.07495893,0.1894362,-0.0192495,-0.6373821,0.5958833,0.57194537,29.935606,0.19810818,6.7633495,2.278361,-12.687892,-1.0151583,-12.924639,-0.63448524,-4.576569,14.31795,0.05779091,-0.011384782,0.216418,4.255319,2.5270758,0.27571428,0.09911857,0.09714285,0.09113793,-19.16387,9,15,68,SPEAKER_00,2465.333333,2560.0,2481.17909375,2484.01409375,1,2.835,engaged
35.87742,0.045539826,34.09568,35.80655,37.02823,2.9325485,14.266434,4.6312547,4.77739,9.701196,1.0873373,0.3639031,0.6932963,1.0175111,1.4682621,0.77496576,10.338843,5.3399878,9.015539,5.6623354,0.6447904,0.63233733,31.707762,0.17258173,-2.644908,-4.475562,-20.589787,-0.5183924,-15.977723,-0.69537914,0.0122718625,0.5429305,1.0174025,0.3673936,7.4030685,0.37390214,-2.4440506,-3.0172832,28.65854,0.32645914,718.1702,0.2557896,1406.3446,0.15534692,-21.106373,-2.4346416,1677.0576,0.13743876,1217.2865,0.26799318,-30.750254,-1.487552,2830.1099,0.10241066,1049.1956,0.42342272,-43.013824,-0.98638076,-12.882535,-0.57979995,29.758102,0.24199115,0.073527634,0.26132426,-0.023008259,-0.6604179,0.6856094,0.59815544,32.81056,0.13869925,-1.2797074,-9.256898,-20.220144,-0.54503995,-17.040316,-0.66271156,0.07320792,21.408289,0.057863496,0.0020877093,0.37249005,5.555556,1.438849,0.63,0.29,0.035,0.015,-17.477268,9,15,68,SPEAKER_00,2465.333333,2560.0,2484.60471875,2486.05596875,1,1.45125,engaged
36.075306,0.08569535,34.68293,35.908268,37.061962,2.3790321,151.22633,136.57396,17.63454,15.835262,0.9757498,0.4550731,0.52842426,0.946987,1.3643004,0.8358761,9.690499,5.087136,6.494629,2.5475695,0.59778833,0.725705,29.376059,0.3004955,4.580159,3.1289847,-13.851443,-1.0868506,-15.7930765,-0.79825884,0.01820413,0.88953704,1.1896383,0.5142075,7.6704326,0.48376054,1.0306957,7.708286,30.629272,0.3394408,804.9581,0.23976913,1361.6809,0.15897405,-39.243095,-1.7295636,1824.3826,0.15279289,1177.6741,0.22135828,-49.038147,-1.2559992,2987.0444,0.07990659,976.0415,0.27328774,-58.79347,-0.9694007,-13.458137,-0.71831244,30.43803,0.29095104,0.07329971,0.22708699,-0.01943905,-0.9550228,0.6789781,0.6359736,31.487196,0.17868538,3.5578213,4.220213,-14.133212,-1.0567704,-17.999298,-0.6840437,-8.00591,22.119623,0.049916353,-0.0022026964,0.20159097,3.114187,1.7667845,0.472,0.32590792,0.074,0.040298887,-16.897823,9,15,68,SPEAKER_00,2465.333333,2560.0,2486.71409375,2489.61659375,1,2.9025,engaged
36.38517,0.065992124,34.56837,35.68666,39.068703,4.500332,349.339,403.66354,15.59001,5.460254,0.9766724,0.3274307,0.7188377,1.0036108,1.2382964,0.5194587,6.1753573,2.0580103,5.1035733,2.5201523,0.47782794,0.6445011,22.847914,0.36198646,-5.1071324,-2.127722,-4.7727776,-2.2814329,-18.660826,-0.4622836,0.018613972,1.0720149,1.2449802,0.40755373,5.994491,0.5197489,2.1957092,4.0750027,21.088306,0.49955633,764.4758,0.24270035,1309.6273,0.15529211,-48.2414,-1.6120036,1796.8416,0.13041681,1072.3856,0.19319528,-52.41156,-1.3429843,2797.3037,0.0754562,1080.0939,0.58302057,-57.801105,-1.1694658,-9.661702,-0.7665554,21.12742,0.36205423,0.070634365,0.23795994,-0.018601734,-0.67070454,0.5267468,0.5930678,24.010149,0.33384934,-6.0406017,-1.8854759,-6.3583407,-1.669807,-17.544132,-0.48260915,-8.020894,16.258656,0.06319939,-0.019320855,0.3341862,3.846154,1.9704434,0.39749998,0.27931836,0.089999996,0.057879183,-19.849848,9,15,68,SPEAKER_00,2465.333333,2560.0,2490.10596875,2492.19846875,1,2.0925,engaged
42.812332,0.094573036,38.531418,42.52816,48.314285,9.782867,21.92917,21.709925,48.64474,2.096836,0.67702985,0.6166337,0.31357193,0.55384487,1.0840356,0.7704637,5.8937006,2.3339572,4.9735723,1.7412968,0.3184077,0.7822818,17.146763,0.41765714,-6.1060452,-1.9469594,-22.70023,-0.69347525,-30.058338,-0.4793904,0.02438625,0.83493704,1.188137,0.6846,7.651482,0.50839406,7.80495,1.4578437,29.920105,0.29836506,864.36163,0.2065258,1407.849,0.19704875,-72.23949,-1.2622179,1830.7603,0.1259589,1269.21,0.34838215,-74.64425,-1.092245,2969.57,0.07315037,984.1312,0.6531101,-81.14606,-0.94767696,-9.70871,-0.91332287,27.31719,0.25330195,0.07519254,0.25425372,-0.019159371,-1.2095703,0.38478032,0.59455585,20.353437,0.21800512,-8.244499,-1.5080897,-29.001524,-0.4872745,-32.129025,-0.44612336,-8.088546,18.299189,0.061052874,-0.0122736795,0.21370304,2.857143,2.9629629,0.22,0.18234582,0.076,0.049234133,-22.9878,9,15,68,SPEAKER_01,2465.333333,2560.0,2494.54409375,2495.96159375,1,1.4175,engaged
48.748856,0.03504583,47.47501,48.127777,51.47378,3.9987717,41.3869,35.629326,24.34889,17.236883,0.48762527,0.43107623,0.302356,0.43906665,0.68866634,0.38631034,4.605824,3.2368813,3.2986233,3.441706,0.17113248,0.6888298,9.546463,0.51227415,-4.436053,-2.124411,-1.5611969,-7.804185,-27.558552,-0.3499863,0.037551045,0.42574334,1.5145155,0.32871988,5.433225,0.6325739,9.396171,0.69871897,10.323144,1.0648248,945.3784,0.19345611,1201.1115,0.1391953,-152.40532,-0.50148326,1992.272,0.121203594,920.24817,0.32719448,-143.36006,-0.53362215,2920.8118,0.056493085,980.5346,0.25232047,-143.41571,-0.5323299,-9.476783,-0.47810015,17.094212,0.36291328,0.08519037,0.2536586,-0.011648028,-1.364443,0.12593491,0.42948964,8.435746,0.6209882,-2.41805,-3.2225263,-10.548212,-1.2115966,-27.77918,-0.36670494,-6.8228793,11.729429,0.06388241,-0.023183228,0.20064065,3.409091,3.5087721,0.08333333,0.058499765,0.15428571,0.113119036,-32.74287,9,15,68,SPEAKER_01,2465.333333,2560.0,2498.00346875,2499.7753437500005,1,1.771875,engaged
40.497192,0.024822125,38.966267,40.925526,41.11671,2.150444,11.627741,6.8022656,52.752735,61.265343,0.46556976,0.31487677,0.31459332,0.45348072,0.6390194,0.3244261,0.5940192,0.8133894,2.4491305,0.20633602,0.14863992,0.5609297,20.01087,0.16134043,-11.656846,-0.6434432,-21.801733,-0.43248713,-26.593044,-0.3290372,0.03121173,1.0322478,1.3003194,0.3217256,5.96843,0.4861252,-7.26173,-1.0042785,18.480957,0.253998,594.7278,0.33553678,1359.9807,0.16278495,-51.151306,-1.8299989,1561.4174,0.17945021,1163.589,0.28412223,-30.735634,-2.1492412,2776.4792,0.09329651,741.5868,0.23375526,-42.004944,-1.4688123,-7.5358114,-0.48898494,23.639067,0.17659712,0.051889066,0.2162836,-0.010227438,-0.95378566,0.17240393,0.46781364,21.454773,0.087732226,-14.415167,-0.39028722,-24.76013,-0.31289512,-30.093231,-0.20834124,-6.742538,16.763708,0.05227299,-0.0036571778,0.08107608,3.5714285,2.0,0.42,0.0,0.06,0.0,-31.35012,9,15,68,SPEAKER_01,2465.333333,2560.0,2507.6559687500003,2508.22971875,1,0.57375,engaged
0.0,0.0,0.0,0.0,0.0,0.0,0.0,0.0,0.0,0.0,0.21265078,0.05846034,0.2015377,0.20823228,0.22103521,0.019497514,0.3995329,0.037034437,0.63029826,0.048860908,0.027874276,0.20414068,4.9368625,0.19252248,-1.4371346,-1.1904564,-2.9884002,-0.49649218,-10.6165085,-0.13538337,0.0,0.0,0.0,0.0,0.0,0.0,0.0,0.0,0.0,0.0,0.0,0.0,0.0,0.0,-201.0,0.0,0.0,0.0,0.0,0.0,-201.0,0.0,0.0,0.0,0.0,0.0,-201.0,0.0,0.0,0.0,0.0,0.0,0.0,0.0,0.0,0.0,0.0,0.0,0.0,0.0,0.0,0.0,0.0,0.0,0.0,0.0,-2.2838387,10.796836,0.0032931564,0.0048602973,0.03078615,8.333334,0.0,0.0,0.0,0.06,0.0,-49.231632,9,15,68,SPEAKER_01,2465.333333,2560.0,2521.18971875,2521.32471875,1,0.135,engaged
34.540493,0.045494717,33.54457,34.374035,35.724827,2.180256,0.0,0.0,-0.32084897,0.0,0.7502681,0.62291086,0.25049415,0.6880776,1.2101763,0.9596822,4.354089,4.2745132,4.5122213,0.0,0.35483146,0.95193183,20.430775,0.3811398,-10.72844,-0.7524947,-21.630028,-0.56258523,-19.224571,-0.4291355,0.022946434,1.0827514,1.1041148,0.8901097,5.0891743,0.7631641,-4.6850424,-0.27357316,18.83672,0.25538123,910.12305,0.089758016,1501.0323,0.17650233,-113.142845,-0.8885912,1753.1355,0.12862621,1122.0967,0.15589291,-119.178665,-0.78978467,3016.8706,0.09685941,794.5559,0.3710202,-124.2719,-0.70702416,-6.7710524,-0.7625331,26.210546,0.1303652,0.06294995,0.15103953,-0.019026725,-0.7174567,0.63726455,0.5210657,27.564255,0.063324645,-13.045233,-0.45068642,-31.617207,-0.14498554,-25.202656,-0.27564615,-1.5694412,17.960014,0.040703338,-0.00026481957,0.22424103,1.9607843,2.1739132,0.17999999,0.0,0.125,0.074999996,-23.445639,9,15,68,SPEAKER_01,2465.333333,2560.0,2521.37534375,2521.8984687500006,1,0.523125,engaged
42.568836,0.05295049,40.874035,41.757854,45.018707,4.1446724,26.88336,0.0,15.118923,0.0,1.1907153,0.36402884,0.8825977,1.1618187,1.5091587,0.62656105,7.2187595,1.3837607,-1.5459785,4.0520544,0.41963315,0.59762347,22.753813,0.07848926,-12.811186,-0.51246125,-34.132935,-0.33049878,-37.69228,-0.25700694,0.006251236,0.63903505,0.62530357,0.7178839,12.671047,0.251673,3.3408854,1.5631814,35.606487,0.22986402,749.06757,0.22457607,1480.0502,0.10019785,-32.521606,-2.3289862,1616.3551,0.093906894,1136.1299,0.1385837,-37.459145,-1.7421695,2936.858,0.051407382,949.3971,0.70574445,-55.894726,-1.033428,-7.7083235,-0.5579455,26.234083,0.21648033,0.058296278,0.31215575,-0.008366779,-0.48526394,0.43719032,0.5044842,23.147614,0.06944831,-13.616198,-0.4108015,-36.47072,-0.24307752,-39.95254,-0.17680942,-3.5150204,17.123623,0.04190635,-0.0061713695,0.10675467,4.9180326,1.8181818,0.45999998,0.0,0.07,0.0,-17.554367,9,15,68,SPEAKER_01,2465.333333,2560.0,2523.3497187500006,2523.97409375,1,0.624375,engaged
0.0,0.0,0.0,0.0,0.0,0.0,0.0,0.0,0.0,0.0,0.26214758,0.0149810705,0.25980374,0.26227075,0.2649751,0.0051713586,0.5921781,0.0,0.32650977,0.0,0.027912004,0.30243218,-0.6566769,-0.50847834,4.167114,0.30170584,-8.407107,-0.20014241,-16.823687,-0.19341964,0.0,0.0,0.0,0.0,0.0,0.0,0.0,0.0,0.0,0.0,0.0,0.0,0.0,0.0,-201.0,0.0,0.0,0.0,0.0,0.0,-201.0,0.0,0.0,0.0,0.0,0.0,-201.0,0.0,0.0,0.0,0.0,0.0,0.0,0.0,0.0,0.0,0.0,0.0,0.0,0.0,0.0,0.0,0.0,0.0,0.0,0.0,-0.6342585,5.0059104,0.010418315,-0.0016579,0.0,0.0,0.0,0.0,0.0,0.0,0.0,-47.6054,9,15,68,SPEAKER_01,2465.333333,2560.0,2540.96721875,2541.03471875,1,0.0675,engaged
37.2719,0.11947337,34.760437,35.361774,40.169937,5.4095,61.25195,40.17981,35.779312,13.446348,0.4456859,0.7159989,0.16552608,0.32556492,0.71735096,0.55182487,5.6577067,4.294281,0.3365248,2.4101973,0.17617819,1.5124344,19.330343,0.46533024,3.0737782,1.8929038,-12.512586,-0.9617928,-31.560942,-0.49352753,0.022006935,1.5867401,0.9692284,0.75302684,8.935647,0.36311355,-0.6666824,-15.270601,29.419142,0.24327616,752.5345,0.2291371,1441.1053,0.17148627,-94.916885,-1.0517317,1712.6309,0.12380421,1237.1182,0.20644093,-101.3207,-0.87941927,2902.8054,0.067317724,783.8107,0.44941032,-105.84215,-0.8024892,-16.297241,-0.2205445,29.251846,0.20390691,0.07395525,0.293848,-0.030850448,-0.3597673,0.29892248,1.067334,26.000668,0.23813187,4.4861474,1.5276984,-18.564764,-0.662069,-43.458523,-0.2442968,-5.730934,13.4062,0.044391233,-0.0024291973,0.038021263,1.6304349,1.6853933,0.31333333,0.10402991,0.385,0.285,-26.08273,9,15,68,SPEAKER_02,2465.333333,2560.0,2516.26221875,2518.11846875,1,1.85625,engaged
41.431168,0.07102105,38.652676,40.52771,45.33767,6.6849937,40.612816,0.0,12.841308,12.459026,0.49356124,0.49094635,0.28536728,0.41976187,0.73371553,0.44834825,3.079887,0.67337835,1.3278906,2.1636996,0.19601181,0.8874147,15.635699,0.5811173,1.4771411,4.775784,-18.46309,-0.72951335,-29.158823,-0.45446962,0.023762582,1.0630031,0.75788015,0.5452794,8.90531,0.33885306,7.928951,1.5184256,33.40597,0.22391509,844.8536,0.14929602,1336.7891,0.16629855,-72.80956,-1.2997406,1846.8195,0.09151683,1143.4707,0.15621026,-84.67716,-0.9698712,2934.8198,0.042325772,756.2184,0.24047184,-88.79275,-0.8886939,-15.969501,-0.40486804,29.824396,0.23618738,0.06399479,0.34319478,-0.028045978,-0.5670048,0.28399506,0.6294453,21.031544,0.36751074,3.8776472,2.0821412,-22.24268,-0.69555706,-36.76211,-0.30026534,-6.1077566,14.59517,0.03360969,-0.010432755,0.078838624,3.2786884,1.7857143,0.35999998,0.0,0.17999999,0.0,-27.13672,9,15,68,SPEAKER_02,2465.333333,2560.0,2520.5653437500005,2521.18971875,1,0.624375,engaged
38.327267,0.20013659,34.94475,37.787445,49.14933,14.204578,24.822508,20.973465,183.06612,199.85995,0.5644082,0.5941374,0.32839957,0.45813075,0.7394646,0.411065,4.550543,3.9076543,5.965615,3.7407088,0.2484289,1.0736454,18.833393,0.52172196,7.0436444,1.247017,-8.575463,-1.0861088,-33.264328,-0.46078783,0.026005732,1.2310435,0.998182,0.6597757,8.34322,0.69259864,9.071993,0.854425,25.999006,0.41987377,873.05444,0.14052153,1317.4719,0.1468498,-79.03239,-1.11924,1998.8624,0.091357805,1105.4587,0.21080202,-87.041435,-0.9079843,2968.6897,0.060750194,838.0099,0.2926454,-86.44763,-0.9190148,-17.485697,-0.3616908,26.936583,0.23664756,0.08752139,0.20086978,-0.030922003,-0.48121077,0.30648705,0.9843293,20.13474,0.44826669,8.506915,0.9872292,-9.271502,-0.99347,-38.06387,-0.41063136,-10.779993,18.968596,0.06271976,-0.024020843,0.16468869,2.3391814,3.0120482,0.206,0.12563439,0.106,0.08114185,-20.008007,9,15,68,SPEAKER_02,2465.333333,2560.0,2523.97409375,2525.6953437500006,1,1.72125,engaged
41.091072,0.10361872,39.350857,42.14177,44.224224,4.8733673,359.63928,470.7438,-0.83218384,59.677242,0.45633504,0.60746634,0.21983552,0.39327204,0.68582916,0.46599364,3.1037655,1.5069586,0.49496162,1.8811591,0.18172893,0.9454109,19.983267,0.52696466,5.701674,1.6050346,-13.319714,-0.813959,-36.42302,-0.41239583,0.03026749,1.9827982,0.973326,0.5380548,9.723823,0.39506912,13.326157,0.83343166,32.615055,0.30641612,827.6777,0.16707905,1265.4836,0.12869254,-80.48501,-1.1436607,1903.1682,0.10633846,1118.3915,0.29701835,-89.34452,-0.89405924,2970.562,0.04927482,803.9385,0.31174427,-90.834496,-0.86395466,-18.059858,-0.3662421,29.427689,0.31476504,0.073678814,0.2573616,-0.031180704,-0.3811058,0.23921992,0.65179443,24.408333,0.3119615,4.7127714,2.0167255,-16.31771,-0.7116316,-45.583668,-0.2002099,-8.169538,15.749941,0.037495077,-0.01389421,0.08618831,2.2727273,2.3391814,0.265,0.24864633,0.1375,0.14024532,-26.550583,9,15,68,SPEAKER_02,2465.333333,2560.0,2529.86346875,2531.63534375,1,1.771875,engaged
0.0,0.0,0.0,0.0,0.0,0.0,0.0,0.0,0.0,0.0,0.25221166,0.13447589,0.21875548,0.24761827,0.2890736,0.0703181,0.0,0.0,-0.010532728,0.0,0.04260359,0.23718621,22.311295,0.022375643,-6.726153,-0.41631323,2.4445415,1.5610162,-24.75913,-0.1886327,0.0,0.0,0.0,0.0,0.0,0.0,0.0,0.0,0.0,0.0,0.0,0.0,0.0,0.0,-201.0,0.0,0.0,0.0,0.0,0.0,-201.0,0.0,0.0,0.0,0.0,0.0,-201.0,0.0,0.0,0.0,0.0,0.0,0.0,0.0,0.0,0.0,0.0,0.0,0.0,0.0,0.0,0.0,0.0,0.0,0.0,0.0,-10.664846,16.218836,0.058041535,-0.023583576,0.05323995,0.0,0.0,0.0,0.0,0.03,0.0,-42.530247,9,15,69,SPEAKER_01,2560.033333,2565.033333,2560.20471875,2560.30596875,1,0.10125,disengaged
44.09464,0.07369049,40.74707,44.43216,47.568245,6.8211746,24.742075,0.0,0.849762,0.0,0.25308943,0.2836726,0.19061232,0.22425161,0.3254217,0.13480937,0.70557046,0.86162794,0.79248554,0.14302327,0.06319617,0.60023457,13.832484,0.29501423,3.117363,1.3616332,12.253859,0.92269534,-22.053476,-0.37397152,0.031323925,0.6286677,1.4739032,0.42712763,7.8123913,0.2373602,13.107464,0.5440014,6.944244,1.7279589,868.7625,0.24220224,1268.1475,0.1452582,-89.72885,-0.89318234,1903.838,0.12989362,813.4616,0.4347605,-83.72313,-0.87042964,2871.2686,0.076288536,935.41046,0.26606137,-78.321205,-0.98208266,-10.397195,-0.37572905,16.693516,0.35244915,0.048228405,0.41239494,-0.004114002,-1.6727521,0.07752454,0.5345931,13.799287,0.33541507,2.8039174,1.5326226,14.554725,0.65352356,-24.708645,-0.3502264,-8.327503,14.445535,0.021767411,-0.008177464,0.039996825,4.347826,4.7619047,0.13333333,0.097410925,0.056666665,0.028674418,-39.705376,9,15,70,SPEAKER_01,2565.066667,2568.033333,2565.90846875,2566.6172187500006,1,0.70875,engaged
43.96195,0.0032483162,43.83622,43.97312,44.09215,0.25593185,0.08878136,0.0,0.0,0.0,0.16585393,0.21251553,0.12830353,0.16961814,0.19745886,0.069155335,0.76723844,0.0,-0.72272825,1.0139122,0.033751424,0.34533328,23.062592,0.1685813,7.2398343,0.3672418,7.8203964,1.0205806,-16.91892,-0.2169575,0.025507476,0.0,1.7683487,0.0,6.591187,0.0687246,4.2770696,1.4079039,3.8649583,0.95459986,839.2249,0.20591179,1212.4132,0.011450662,-160.51715,-0.41411638,1982.3997,0.11474009,782.4012,0.11492699,-150.44215,-0.4422747,2916.2295,0.057319954,829.67957,0.05318434,-150.49416,-0.4405259,-15.168649,-0.035176124,22.637177,0.054461382,0.03493744,0.18502197,-0.0176553,-0.25491196,0.03804363,0.051654268,26.300613,0.034860235,4.6904135,0.13067071,9.40152,0.38320825,-17.848469,-0.03438862,-14.522412,24.75064,0.02838004,-0.013057103,0.029287556,5.0000005,7.142857,0.03,0.0,0.04,0.02,-45.035324,9,15,70,SPEAKER_01,2565.066667,2568.033333,2567.8153437500005,2568.033333,1,0.218,engaged
44.045437,0.008529985,43.725464,44.136475,44.35707,0.63160706,0.13058513,0.0,0.0,0.0,0.18774852,0.116409965,0.17342274,0.1921363,0.2026305,0.029207766,0.6206921,0.0,-1.2418464,0.0,0.04657939,0.36178187,24.71742,0.10854043,0.98249686,2.8869824,-5.355656,-0.8463724,-22.837646,-0.23571496,0.020184709,0.3899246,1.2275547,0.22545014,7.8853507,0.1214109,10.139262,0.709164,26.51079,0.17439473,840.9668,0.17707731,1250.6908,0.067904554,-57.43512,-1.3373452,2046.2554,0.11443348,1257.618,0.20829892,-59.97644,-0.9177873,2843.6558,0.039069023,1079.8898,0.10004366,-63.34908,-0.8755551,-11.714067,-0.14381197,25.340092,0.15895836,0.025170868,0.48153886,-0.0032500292,-1.0953414,0.043244526,0.12210286,25.756878,0.06752436,2.526301,0.65762156,-5.3703127,-0.53351605,-21.108017,-0.12468977,-9.278975,12.0262985,0.014904496,-0.010515284,0.035015434,5.882353,9.090909,0.08,0.0,0.0,0.0,-43.044735,9,15,71,SPEAKER_01,2568.066667,2686.733333,2568.066667,2568.25409375,1,0.1874375,disengaged
50.005474,0.011851489,49.52195,50.30336,50.53298,1.0110321,5.548768,2.034405,4.171499,3.2989185,0.40367493,0.20150776,0.33536217,0.42965114,0.48227412,0.14691195,1.3998076,0.28671846,1.3862566,0.567979,0.09169189,0.43085334,13.624533,0.2673417,-17.332148,-0.46760786,-5.7283363,-2.2117922,-24.469671,-0.29859206,0.010848022,0.39721182,1.0024378,0.47493592,10.749244,0.15464838,13.390491,0.546537,15.693762,0.6873157,858.3749,0.27667135,1178.4723,0.18283568,-34.516724,-2.0120468,1825.9738,0.14405365,1123.6,0.31557333,-34.588062,-1.7264621,2768.796,0.054930694,921.095,0.37527743,-37.60865,-1.544347,-4.214366,-1.0247099,16.065252,0.42654482,0.07466697,0.22419305,-0.0025261643,-5.971243,0.09836331,0.40516204,12.989389,0.26915863,-19.313179,-0.31984383,-9.64869,-1.1012292,-25.103045,-0.31647494,-9.833495,12.759029,0.06668853,-0.014539093,0.078243785,2.7027028,1.4705882,0.59,0.0,0.07,0.0,-34.81452,9,15,71,SPEAKER_01,2568.066667,2686.733333,2570.68409375,2571.4434687500006,1,0.759375,disengaged
46.5069,0.01641755,45.802795,46.27057,47.400154,1.5973587,16.698265,0.0,37.04224,0.0,0.24684489,0.15155919,0.2135582,0.2287659,0.28187674,0.068318546,0.79855436,0.54331744,0.9145469,0.0,0.103620596,0.6254895,20.247387,0.12880187,8.216459,0.2880678,7.613384,0.47900993,-35.928345,-0.11847634,0.029277759,0.2629418,1.2569975,0.20191278,10.06136,0.21310697,7.1189084,0.2040139,6.388426,0.54925686,1043.2867,0.06682673,1313.7152,0.060437176,-130.91231,-0.5967286,2196.0935,0.023923207,1140.8618,0.17130134,-134.02809,-0.55675644,3095.5464,0.068017095,927.6039,0.1179946,-132.30768,-0.57723,-25.477676,-0.04716769,34.04599,0.04556607,0.116553135,0.06395624,-0.012659453,-0.4958312,0.17321439,0.40498337,23.213747,0.021438995,7.628647,0.31763306,3.6757169,0.6293355,-35.62346,-0.14199987,-15.088126,20.823343,0.07682912,-0.014799218,0.09138718,4.166667,5.263158,0.07,0.0,0.099999994,0.0,-34.40574,9,15,71,SPEAKER_01,2568.066667,2686.733333,2571.9665937500004,2572.2197187500005,1,0.253125,disengaged
49.117985,0.0,49.117985,49.117985,49.117985,0.0,0.0,0.0,0.0,0.0,0.53298897,0.07562358,0.49134862,0.5457649,0.57460344,0.083254814,1.3997145,0.39777738,0.85651815,0.4269257,0.14149137,0.36407164,20.047028,0.10940534,-10.339657,-0.4431284,-30.678797,-0.13132653,-29.943739,-0.13331379,0.010168655,0.24429753,0.4770328,0.24727729,16.433443,0.03577608,14.208191,0.3887986,36.039524,0.16638197,941.2333,0.035104852,958.40155,0.12572761,-9.915143,-0.26485068,1883.2921,0.023693442,822.31586,0.22268553,-25.453773,-0.09138563,3065.5566,0.013075645,668.3557,0.2446161,-45.954666,-0.104789354,-11.526518,-0.40575272,30.249655,0.19257313,0.105878994,0.14494592,-0.012833911,-0.6709225,0.157213,0.34188288,19.68235,0.11816175,-11.903544,-0.2617727,-31.877682,-0.1012256,-29.53447,-0.16657522,0.0,0.0,0.0,0.0,0.0,12.5,0.0,0.0,0.0,0.0,0.0,-26.572725,9,15,71,SPEAKER_01,2568.066667,2686.733333,2641.9978437500004,2642.2509687500005,1,0.253125,disengaged
53.18221,0.0,53.18221,53.18221,53.18221,0.0,0.0,0.0,0.0,0.0,0.46751046,0.20530137,0.44077465,0.4728817,0.5642733,0.12349865,2.3072004,1.2253631,-1.5752339,1.9544485,0.10126791,0.4554771,21.43204,0.09893062,-7.8659925,-0.53003365,-29.061249,-0.16995785,-24.399405,-0.15037404,0.017200394,0.6022647,0.70606935,0.6484476,15.281419,0.13519433,16.016083,0.24225242,35.780125,0.12129777,1045.205,0.03353351,971.8204,0.07196986,-9.754324,-0.28783312,2009.136,0.047811557,1081.736,0.17823583,-26.178648,-0.19809105,3120.4312,0.009802561,714.69165,0.17799275,-45.350178,-0.07388723,-8.945055,-0.30140302,36.01584,0.019399561,0.04528602,0.31875536,-0.022949366,-0.254954,0.096297994,0.3998047,20.937029,0.09927319,-8.923831,-0.40875614,-30.12349,-0.1499498,-24.638762,-0.16624618,0.0,0.0,0.0,0.0,0.0,6.451613,0.0,0.0,0.0,0.0,0.0,-28.053125,9,15,71,SPEAKER_01,2568.066667,2686.733333,2642.6222187500007,2642.94284375,1,0.320625,disengaged
43.319668,0.2685027,30.072193,51.77172,52.84802,22.775826,212.69926,0.0,28.813026,21.960178,0.31982768,0.44415691,0.17064974,0.30631956,0.42878568,0.25813594,4.0160766,2.4973178,2.2381616,1.0113978,0.14016134,0.92577547,22.223282,0.20396006,8.354505,1.1073955,-13.58164,-1.0580194,-44.199818,-0.38692603,0.019517124,1.047108,1.2760448,0.9229164,11.532802,0.57708406,12.161097,1.7104746,26.271933,0.4603075,860.74475,0.17204578,1210.4089,0.18092991,-49.026962,-1.6075376,2008.0358,0.11756594,1107.4045,0.18057366,-61.380707,-1.0382154,2988.7485,0.053768236,854.5491,0.40355432,-64.05814,-1.0050198,-17.914034,-0.33833212,32.602345,0.17198275,0.06959939,0.41584757,-0.038238246,-0.3173568,0.16596122,0.82990783,22.65257,0.123510726,6.1106544,1.4895064,-17.007446,-0.82947487,-46.531036,-0.32258186,-16.210295,22.746584,0.063829,-0.033476032,0.07464507,3.2258065,3.4482758,0.22333333,0.14884742,0.065,0.005,-28.764286,9,15,71,SPEAKER_01,2568.066667,2686.733333,2643.5840937500006,2644.5290937500004,1,0.945,disengaged
43.87858,0.06513005,41.673626,44.582756,46.34588,4.6722527,36.61878,12.008679,19.031261,2.9629765,0.53674954,0.511559,0.26613945,0.54345083,0.7713268,0.50518733,3.9966545,2.0965047,4.745047,3.28705,0.2104289,0.81654686,15.200048,0.5187077,7.3945594,1.5221661,-14.8646555,-0.79164016,-34.255436,-0.4831748,0.014192141,0.7279656,0.9347614,0.5214986,10.223862,0.29509103,15.397409,0.531745,30.90546,0.26067054,794.4829,0.20265624,1276.7089,0.21330589,-84.56476,-1.122495,1867.2584,0.13450281,1076.5764,0.35568488,-87.790016,-0.9300255,2907.602,0.07492237,834.5668,0.44546154,-89.87872,-0.88640386,-13.566452,-0.48325506,23.841478,0.25551435,0.057016596,0.41182822,-0.021217266,-0.6858674,0.28363892,0.60712016,17.69268,0.33262676,2.6205301,4.346408,-18.582752,-0.6824251,-41.423275,-0.34123403,-12.698383,18.634136,0.04262065,-0.022104535,0.09302138,2.6455026,2.1739132,0.285,0.19754745,0.14999999,0.11467345,-25.262922,9,15,71,SPEAKER_01,2568.066667,2686.733333,2665.48784375,2667.39471875,1,1.906875,disengaged
43.652412,0.06646349,42.229015,44.121323,45.455864,3.2268486,77.75919,94.69666,403.10175,758.3599,0.6231412,0.35584274,0.42149016,0.62035257,0.79315805,0.3716679,3.1523914,1.4252641,2.7548807,0.79400223,0.20494448,0.49193776,14.882735,0.32021815,-4.036753,-2.5823672,-7.9728084,-1.6090866,-28.951715,-0.39274693,0.019620348,0.7947023,1.1963763,0.46578148,8.293344,0.38479793,9.808546,1.0256001,23.387709,0.37034428,866.8407,0.1631908,1263.9592,0.24286927,-68.662155,-1.2634124,1944.6848,0.10940676,999.4836,0.2811832,-73.62558,-1.0536302,2888.4749,0.06871216,867.8585,0.25681198,-76.38402,-0.9900497,-9.334605,-0.74801874,20.288193,0.33477652,0.060558666,0.2704665,-0.015166218,-1.2265878,0.22305901,0.46764457,15.432542,0.32841843,-3.898875,-2.8705983,-10.320569,-1.3519398,-33.334324,-0.31478626,-7.0471253,14.320572,0.04741659,-0.015945692,0.17686771,2.6178012,2.1505377,0.3225,0.38854697,0.122499995,0.116270155,-27.611279,9,15,71,SPEAKER_01,2568.066667,2686.733333,2671.14096875,2673.06471875,1,1.92375,disengaged
0.0,0.0,0.0,0.0,0.0,0.0,0.0,0.0,0.0,0.0,0.9956445,0.017681608,0.9830732,0.9876917,1.0097238,0.026650608,1.559177,0.0,2.485469,0.0,0.22277556,0.33514884,7.5941634,0.1126242,-9.17968,-0.2761609,-6.41392,-0.5406076,-35.55714,-0.04512302,0.0,0.0,0.0,0.0,0.0,0.0,0.0,0.0,0.0,0.0,0.0,0.0,0.0,0.0,-201.0,0.0,0.0,0.0,0.0,0.0,-201.0,0.0,0.0,0.0,0.0,0.0,-201.0,0.0,0.0,0.0,0.0,0.0,0.0,0.0,0.0,0.0,0.0,0.0,0.0,0.0,0.0,0.0,0.0,0.0,0.0,0.0,-4.8403974,12.452035,0.06646801,-0.032470625,0.0,0.0,0.0,0.0,0.0,0.0,0.0,-28.115908,9,15,71,SPEAKER_01,2568.066667,2686.733333,2673.7059687500005,2673.7734687500006,1,0.0675,disengaged
43.70089,0.0,43.70089,43.70089,43.70089,0.0,0.0,0.0,0.0,0.0,0.694421,0.022539629,0.68237215,0.69684833,0.7060083,0.023636162,1.536265,0.0,-2.294174,0.0,0.13647415,0.2209508,13.858099,0.017470809,-12.100004,-0.16549462,-12.102144,-0.047284633,-28.43267,-0.08176988,0.038735617,0.0,2.1231017,0.0,1.1876909,0.0,12.00889,0.0,17.2909,0.0,947.8946,0.0,1111.2057,0.0,-15.4375515,0.0,2023.332,0.0,991.433,0.0,-23.6036,0.0,3095.666,0.0,808.6537,0.0,-20.71956,0.0,-8.03425,0.0,21.57481,0.0,0.10631875,0.0,-0.018707262,0.0,0.0,0.0,13.134783,0.0,-6.688796,0.0,-11.28569,0.0,-23.307993,0.0,0.0,0.0,0.0,0.0,0.0,20.000002,0.0,0.0,0.0,0.0,0.0,-30.58354,9,15,71,SPEAKER_01,2568.066667,2686.733333,2677.9753437500003,2678.0428437500004,1,0.0675,disengaged
40.799084,0.10422914,35.18416,42.439423,45.21775,10.033592,0.0,0.0,-0.18884018,0.0,1.1197991,0.64993685,0.5668869,0.7415735,1.956256,1.3893691,6.7925267,4.239637,2.973119,1.6265845,0.50934327,0.8439879,17.370071,0.5562544,2.4824612,6.719435,-12.171305,-0.63925594,-35.34944,-0.47555253,0.015765704,0.5590942,0.88181406,0.4868549,10.996666,0.28314662,13.953448,0.83669704,32.433575,0.2641057,837.42456,0.10681073,1190.5281,0.12026128,-99.97279,-0.9343882,1987.8021,0.04956571,1140.9514,0.22385274,-113.28443,-0.7001442,2995.1433,0.031380516,773.5813,0.45650417,-109.96027,-0.7505733,-22.221375,-0.15531456,30.934141,0.16636987,0.08585252,0.21859884,-0.035377886,-0.382895,0.2747686,0.5077021,24.534788,0.261968,12.854048,0.85105324,-10.914858,-0.4188433,-49.10608,-0.15168962,-2.7260098,12.781359,0.06019734,-0.014269587,0.84467953,2.6086957,1.8348624,0.285,0.225,0.48999998,0.0,-21.203857,9,15,71,SPEAKER_01,2568.066667,2686.733333,2678.0597187500007,2679.22409375,1,1.164375,disengaged
44.47852,0.08522685,43.282726,45.225204,46.53654,3.2538147,23.056372,30.654009,100.88234,2.7744255,0.6771795,0.6266682,0.31399438,0.5437536,0.95418847,0.64019406,7.045428,4.9813075,0.5959759,2.091182,0.3131666,0.99368346,19.731419,0.375479,7.6591573,1.0334486,-9.7279,-0.6390201,-47.283794,-0.326068,0.028924832,2.1059225,0.8659042,0.7717737,11.907903,0.26491523,18.41257,0.44120702,25.120707,0.39717463,835.31573,0.14177929,1136.7184,0.17280786,-48.092632,-1.5590111,2050.674,0.10625928,882.18115,0.39305103,-65.4216,-0.94306594,2960.0059,0.051891338,846.34906,0.34760478,-62.271915,-1.0238022,-19.282307,-0.29565412,26.731869,0.3328773,0.086697675,0.17432809,-0.033275414,-0.33309302,0.25915065,0.8072313,19.407862,0.40697202,8.134153,0.95481336,-10.851158,-0.5795134,-50.99936,-0.27021244,-14.947002,21.797787,0.059161626,-0.030012503,0.5571662,4.2253523,2.189781,0.35999998,0.092736185,0.07,0.03559026,-21.897268,9,15,71,SPEAKER_01,2568.066667,2686.733333,2683.51034375,2684.94471875,1,1.434375,disengaged
50.29077,0.05912073,49.87315,50.321568,52.535477,2.6623268,25.18726,15.825658,23.658075,0.0,0.8828499,0.21822415,0.6998378,0.895589,1.0848513,0.38501346,3.717599,2.4442773,1.7789353,1.3421963,0.33056793,0.42285153,10.138819,0.3994682,-19.20464,-0.17600085,-6.273737,-1.1244255,-31.31638,-0.36923122,0.029675636,0.7104807,1.4283872,0.31516844,6.2595787,0.3483989,8.255923,1.6810073,7.5340667,1.2391975,933.8348,0.13584322,1105.3563,0.10198374,-2.1418314,-6.2653675,1972.9292,0.07267714,867.97845,0.31483635,-18.326826,-0.6104493,2904.406,0.043460947,821.8484,0.19518381,-16.175982,-0.6228439,-6.313046,-0.8491303,16.730892,0.36744452,0.06274755,0.30909014,-0.01691278,-0.7334526,0.35210177,0.3917494,10.447463,0.39278707,-18.948195,-0.17484128,-7.5825915,-0.7568472,-32.139397,-0.36254334,0.0,0.0,0.0,0.0,0.0,4.4117646,1.6129032,0.61,0.0,0.0,0.0,-25.091846,9,15,71,SPEAKER_01,2568.066667,2686.733333,2686.04159375,2686.733333,1,0.69175,disengaged
42.108692,0.0691436,38.761402,42.395134,45.238678,6.477276,23.115171,6.920828,29.05467,4.8963842,0.88489753,0.59663284,0.48418978,0.77674496,1.2474324,0.7632426,6.2934513,3.7002249,5.544401,2.7915285,0.42372286,0.84564555,18.781763,0.4726787,12.415141,1.0256609,-18.337877,-0.62686896,-32.52129,-0.6128812,0.020361552,1.8026676,0.8132698,0.84902734,12.116311,0.27563283,16.780592,0.51769435,34.258114,0.23978208,775.4878,0.21228935,1281.1459,0.18327723,-68.33071,-1.2453154,1778.557,0.10847802,1174.8121,0.23569089,-76.749176,-0.9153191,2901.485,0.06445828,644.8289,0.45304155,-78.65158,-0.87437403,-18.55845,-0.43164787,29.69044,0.24190852,0.08020811,0.24464475,-0.028113272,-0.47918877,0.47324657,0.67366296,20.444939,0.39461717,11.754693,1.1587317,-19.06394,-0.644173,-41.228123,-0.36641458,-11.7281065,23.118885,0.046849515,-0.013755876,0.35345462,2.142857,2.222222,0.32333332,0.08956686,0.0775,0.012990381,-18.002209,9,15,71,SPEAKER_02,2568.066667,2686.733333,2575.0547187500006,2576.47221875,1,1.4175,disengaged
35.883194,0.058838464,34.052837,35.93332,37.797432,3.7445946,16.798885,4.148991,22.527754,19.462795,0.3470674,0.55715674,0.19137973,0.30398396,0.5063372,0.3149575,2.4803956,2.2579443,2.0621617,1.1433872,0.10019868,0.8353025,24.73158,0.3909773,11.891576,0.89338326,-9.912767,-0.7835398,-25.035635,-0.50909126,0.012383284,0.7189801,0.8183458,0.8636659,10.050785,0.24599533,3.7200687,2.9862757,33.94312,0.65448695,744.6487,0.18734667,1414.0416,0.13229994,-91.75239,-1.0395875,1837.2692,0.12284158,1226.3286,0.19138128,-101.16611,-0.8110763,2941.9675,0.074901104,839.7441,0.23625219,-102.52485,-0.78866553,-22.666965,-0.26077938,33.358246,0.1310729,0.06577118,0.26094985,-0.035157688,-0.5395693,0.11817058,0.68682754,29.764254,0.1914524,17.373302,0.49198633,-9.11084,-1.0008765,-32.703316,-0.31263867,-10.3294,20.857367,0.04652857,-0.010094129,0.08268017,1.8292683,1.5479876,0.37,0.19606121,0.21166666,0.20610811,-29.927721,9,15,71,SPEAKER_02,2568.066667,2686.733333,2579.0372187500006,2582.3278437500003,1,3.290625,disengaged
40.430573,0.1135803,36.07131,38.826237,47.04262,10.971313,58.353336,0.0,7.2529263,16.34105,0.314972,0.5563223,0.14494073,0.27183196,0.5154901,0.37054938,1.2878575,0.33572173,2.1270278,0.0,0.11591917,0.8838383,26.681234,0.1094358,-1.1657264,-3.149155,-27.797583,-0.4809943,-24.356588,-0.49665546,0.026519373,0.506409,1.3868124,0.44998348,4.930263,0.4331244,-3.7244368,-2.3224525,31.978899,0.22659187,516.7789,0.3107848,1481.4579,0.065185696,-116.719025,-0.8456691,1423.4352,0.122804336,1284.5637,0.29244697,-81.65673,-1.1144184,2742.1438,0.06118797,981.6948,0.3048246,-97.93882,-0.79871285,-6.5013957,-0.46126437,32.465332,0.046923276,0.043119874,0.31881246,-0.013481581,-0.3854647,0.16700636,0.5395703,28.529137,0.06681514,-1.3056742,-2.700652,-36.75974,-0.20681708,-32.688583,-0.16139333,-7.3592315,24.571463,0.023558319,-0.0027193648,0.061223738,1.5873016,3.448276,0.16499999,0.085,0.095,0.024999999,-33.51377,9,15,71,SPEAKER_02,2568.066667,2686.733333,2583.28971875,2583.93096875,1,0.64125,disengaged
0.0,0.0,0.0,0.0,0.0,0.0,0.0,0.0,0.0,0.0,0.14403924,0.14495443,0.12664445,0.12933461,0.16354491,0.03690046,0.0073197163,0.0,0.0,0.0,0.024455044,0.44399813,22.198942,0.056486975,-2.2932923,-1.495789,-7.057465,-0.4023695,-12.820888,-0.40568307,0.0,0.0,0.0,0.0,0.0,0.0,0.0,0.0,0.0,0.0,0.0,0.0,0.0,0.0,-201.0,0.0,0.0,0.0,0.0,0.0,-201.0,0.0,0.0,0.0,0.0,0.0,-201.0,0.0,0.0,0.0,0.0,0.0,0.0,0.0,0.0,0.0,0.0,0.0,0.0,0.0,0.0,0.0,0.0,0.0,0.0,0.0,-9.546139,22.19751,0.010875496,0.0016267218,0.021470847,0.0,0.0,0.0,0.0,0.0,0.0,-50.254395,9,15,71,SPEAKER_02,2568.066667,2686.733333,2583.94784375,2584.0322187500005,1,0.084375,disengaged
45.02301,0.028535819,44.1393,45.223705,46.236835,2.0975342,103.94516,0.0,-7.864957,11.856417,0.23697917,0.48236772,0.12620108,0.21169451,0.37360397,0.24740289,0.6743596,0.86224467,0.7339674,0.2702562,0.06456423,0.72692966,24.498192,0.13320488,1.9284647,1.5888296,-21.643738,-0.5468149,-27.266403,-0.45695454,0.015918572,0.6734746,1.0191779,0.31284717,10.5092535,0.22824375,15.081383,0.6135401,41.13186,0.11276885,724.9342,0.26085457,1321.4852,0.137069,-99.91452,-0.9857238,1746.4772,0.14902805,1113.2955,0.18981263,-95.148834,-0.881135,2912.2766,0.08068712,919.0863,0.3471532,-103.6531,-0.7361479,-12.338683,-0.48667124,30.457535,0.13843727,0.054468475,0.24478102,-0.010722468,-0.65386987,0.079944104,0.62208766,24.860804,0.12732774,2.381376,1.2118113,-25.651243,-0.46535763,-35.044422,-0.28827927,-10.082027,25.502104,0.034602057,-0.0068011777,0.04912168,2.631579,2.8169014,0.19999999,0.02,0.086666666,0.049216073,-36.65959,9,15,71,SPEAKER_02,2568.066667,2686.733333,2584.8084687500004,2585.5847187500003,1,0.77625,disengaged
39.15335,0.02440993,38.099167,39.449192,40.01328,1.9141121,0.0,0.0,-0.2497243,0.0,0.17134038,0.2917947,0.118456356,0.16053326,0.21820493,0.099748574,0.89275134,0.5980638,0.84472686,0.16944017,0.05588007,0.5941568,24.348488,0.22549883,12.590911,0.4893065,-6.8007326,-0.5272552,-26.551308,-0.35202026,0.0642265,0.94547653,1.7230711,0.77089965,9.515382,0.2548593,15.737973,0.21658647,39.17994,0.10133275,675.2638,0.19183633,1435.4055,0.12998775,-150.2011,-0.54379624,1779.8239,0.11394992,1320.4171,0.06617352,-150.55858,-0.47408712,2870.4993,0.07950649,917.0419,0.25491494,-150.92505,-0.46853045,-21.021645,-0.29718265,31.379347,0.21129932,0.05163251,0.32798666,-0.027205437,-0.5394764,0.061291974,0.40127623,27.368435,0.21801825,16.107807,0.4046247,-8.131448,-0.25417447,-28.699762,-0.33963057,-16.8769,24.78272,0.06209189,-0.026271928,0.06397995,7.3170733,2.777778,0.099999994,0.0,0.22999999,0.0,-40.64304,9,15,71,SPEAKER_02,2568.066667,2686.733333,2587.06971875,2587.49159375,1,0.421875,disengaged
34.843987,0.10525912,30.994911,34.95721,38.876335,7.881424,181.25255,0.0,25.330496,0.0,0.33115095,0.2418646,0.24238715,0.34591544,0.41556084,0.1731737,1.7474416,0.9480618,1.2003987,0.43106416,0.084631495,0.44433185,26.516397,0.16834152,-0.44466332,-13.9970875,-18.968576,-0.43218213,-22.66478,-0.35212278,0.017775454,0.45817348,1.1022668,0.46208778,5.5520396,0.89190006,-1.4736025,-3.2056541,29.010347,0.16074774,851.5691,0.15613669,1410.248,0.14305684,-55.077724,-1.5276122,1746.8933,0.124687284,1400.0067,0.19947867,-65.791725,-1.155013,2936.2366,0.047762636,881.4612,0.16177356,-75.26074,-0.9323781,-9.813081,-0.4698811,29.174694,0.1420303,0.056863103,0.20258488,-0.019661974,-0.3724263,0.09685587,0.37245166,28.950006,0.0923001,2.317751,2.4433255,-21.710144,-0.33201748,-26.763973,-0.21729572,-2.7857034,15.528278,0.049576856,-0.0006944434,0.061941426,5.7971015,3.125,0.225,0.205,0.13,0.0,-36.097263,9,15,71,SPEAKER_02,2568.066667,2686.733333,2590.9678437500006,2591.6765937500004,1,0.70875,disengaged
45.36488,0.08087383,41.115143,46.41147,48.658943,7.5438004,-43.749397,0.0,20.278345,0.0,0.47375256,0.32995656,0.34898248,0.46715617,0.5896079,0.24062541,27.027565,0.0,0.80278325,0.0,0.15989643,0.5091585,6.6092834,0.47705072,8.658549,1.3630507,16.514969,0.49103114,-50.886433,-0.1499853,0.033599675,0.4483133,1.1877818,0.23453087,5.2539935,0.53664726,15.576884,0.23264004,4.794055,1.5361377,910.5655,0.15139958,1168.3661,0.14885402,-106.04626,-0.81974036,2043.5662,0.097185746,586.852,0.46048522,-109.76197,-0.7324709,2940.7651,0.05091977,891.11395,0.19327772,-102.07442,-0.85206103,-6.4749465,-0.4719577,11.909263,0.32903355,0.085980885,0.29687414,-0.015841227,-0.78910875,0.19261742,0.3059484,4.98523,0.5526778,1.335296,8.4543705,13.06757,0.46478215,-52.609234,-0.14379759,-6.029065,9.305905,0.07144834,-0.022155115,0.11844044,0.0,3.2786884,0.155,0.095,0.13,0.06,-32.066734,9,15,72,SPEAKER_01,2686.766667,2691.233333,2686.766667,2687.4422187500004,1,0.6755625,engaged
36.525723,0.06180484,35.231895,36.140507,38.20214,2.9702454,24.051231,15.117036,21.475498,18.708006,0.8362182,0.45834726,0.5154955,0.7455055,1.132713,0.6172175,8.029842,3.190847,4.216547,1.8241247,0.48096025,0.6740702,25.824259,0.36748257,6.300183,2.2672265,-13.488803,-1.0565928,-14.436213,-0.66210955,0.022211485,1.6490089,1.2551296,0.5113669,6.6342897,0.5570518,5.615542,1.6542113,28.391102,0.8022068,780.7164,0.24587864,1384.6403,0.14560294,-63.333652,-1.3405608,1794.3026,0.14753954,1192.0118,0.27957147,-66.65532,-1.1459029,2937.0693,0.08759974,975.7491,0.2658528,-74.76736,-0.9535145,-14.3474865,-0.66167945,29.677767,0.27785087,0.06653037,0.2537788,-0.020156944,-0.78678,0.56820023,0.56750643,29.111263,0.2204835,5.8236294,2.570679,-14.615334,-0.99763566,-15.325958,-0.60724,-9.621968,20.586176,0.053828362,-0.012076602,0.2738587,3.6697247,2.3201857,0.31,0.179722,0.090909086,0.05712101,-19.126818,9,15,74,SPEAKER_00,2692.7,2723.566667,2693.0447187500004,2697.41534375,1,4.370625,engaged
36.0165,0.061610885,34.791206,36.32593,37.165848,2.3746414,85.86222,31.938494,7.6521363,6.3465466,0.7955539,0.43359992,0.51450574,0.72029114,1.1789209,0.6644151,7.333368,2.9907327,4.6785493,1.4138901,0.44128942,0.6804666,26.9978,0.41216093,6.309025,2.2644148,-14.151952,-0.832325,-9.405005,-0.96583366,0.018942593,1.0507051,1.2632974,0.6853588,7.5223427,0.4246308,5.2988915,1.5571812,32.007,0.32037637,835.0806,0.18017071,1347.4612,0.17552605,-69.81644,-1.2195227,1865.1833,0.11617815,1144.2292,0.20410317,-76.76558,-1.0039262,3011.55,0.07631232,983.0474,0.2967644,-84.56043,-0.84848034,-15.118724,-0.6275838,30.38734,0.317067,0.06119372,0.2912917,-0.019956762,-0.6071635,0.53934556,0.5573912,31.908358,0.21156563,7.702555,2.0700302,-14.184849,-0.8598677,-10.460622,-0.7908914,-6.2981687,16.414356,0.044876132,-0.016186649,0.23854774,4.49827,2.8169014,0.23875,0.12984967,0.105714284,0.1103057,-19.421307,9,15,74,SPEAKER_00,2692.7,2723.566667,2697.8034687500003,2700.7059687500005,1,2.9025,engaged
36.34642,0.048032563,34.93957,36.085213,37.758614,2.8190422,15.179357,6.2385025,9.127452,0.8133158,0.78932196,0.45629334,0.421593,0.73458934,1.1507158,0.7291228,7.306874,3.4772441,5.635108,2.224604,0.43385082,0.71318454,30.037912,0.27793318,2.202969,5.4091163,-10.510909,-1.5304857,-9.518082,-0.84604347,0.018159103,0.87062997,1.2461755,0.4491405,7.2401676,0.3923457,4.106253,2.489201,29.78198,0.30484867,781.4048,0.20960045,1453.8322,0.18455772,-54.8149,-1.4127657,1761.5061,0.13007367,1167.0355,0.22363156,-58.517593,-1.2002181,2946.2092,0.09642373,997.0096,0.30547363,-68.64153,-0.9426953,-13.167035,-0.57069016,29.266687,0.24581322,0.05592698,0.47913852,-0.015448006,-0.84101886,0.50859165,0.6027818,32.81656,0.15311646,1.3808321,8.755363,-11.50711,-1.525647,-10.685739,-0.6625402,-8.333457,19.426012,0.038131393,-0.004477094,0.2034944,3.804348,1.6759777,0.4633333,0.20270395,0.082499996,0.039607447,-21.100163,9,15,74,SPEAKER_00,2692.7,2723.566667,2701.2628437500007,2703.1190937500005,1,1.85625,engaged
35.63143,0.056648683,34.911804,35.67313,36.653908,1.7421036,48.819202,21.33067,-41.280357,31.040768,0.7812162,0.45119032,0.48150402,0.6955628,1.1112213,0.6297173,9.322976,3.9583135,5.888528,3.6758766,0.47330564,0.6464119,27.941986,0.3768971,11.1469965,1.1398646,-8.474097,-1.5029516,-13.950973,-0.6153595,0.020442197,1.2554471,1.2078891,0.51194334,7.1828847,0.41737995,5.8828855,1.7699447,33.467735,0.26945567,783.94684,0.2249654,1367.08,0.15233415,-56.54412,-1.3746947,1871.9528,0.12513316,1141.7793,0.26942334,-66.4683,-1.0308316,2987.9092,0.102742694,1051.8114,0.25209877,-72.15329,-0.9085726,-17.873352,-0.39909664,28.664173,0.26747048,0.07012078,0.24744809,-0.025865344,-0.4274193,0.5321965,0.5543063,30.770159,0.25771213,10.465734,1.3379108,-9.553137,-1.3285246,-14.818652,-0.56968176,-13.36526,21.841148,0.05707748,-0.01566522,0.31285536,4.20712,2.970297,0.2488889,0.15256652,0.0725,0.021650637,-20.057156,9,15,74,SPEAKER_00,2692.7,2723.566667,2703.45659375,2706.5615937500006,1,3.105,engaged
46.943455,0.17547311,39.59413,43.483524,56.00258,16.408447,84.77057,62.347565,64.005936,63.522663,0.5873342,0.6510363,0.30153918,0.40247312,0.9628793,0.6613401,6.1873236,4.2111173,7.3181243,4.8766646,0.34157562,1.0997053,9.17475,1.3234003,8.2228775,0.8849266,-17.222782,-0.76117295,-38.060234,-0.61314374,0.03281865,0.79292536,1.2813959,0.5780309,9.860112,0.48419583,7.4708157,1.0130439,19.953375,1.121403,868.23346,0.19060446,1328.824,0.15316275,-125.66531,-0.73281455,1897.4812,0.110610075,1338.5966,0.29463458,-113.37027,-0.7005321,2884.6792,0.061362475,773.00287,0.28722426,-111.876114,-0.7112184,-14.539189,-0.4014326,23.926973,0.31031877,0.062110018,0.42154592,-0.042584177,-0.21573617,0.61585087,0.5967513,14.264957,0.7852434,3.2660878,1.7694055,-24.489613,-0.55836266,-57.92918,-0.20965602,-6.8456445,13.593564,0.02872656,-0.017955989,0.083325475,4.3010755,3.409091,0.14333333,0.08730534,0.12333333,0.06798693,-21.987629,9,15,74,SPEAKER_02,2692.7,2723.566667,2712.06284375,2713.0078437500006,1,0.945,engaged
42.541573,0.11661387,38.11709,40.59596,49.10015,10.983063,29.219326,0.0,0.9134011,8.444807,0.5096487,0.54111236,0.22355348,0.45896563,0.8450936,0.6215401,2.9376206,1.3408633,2.2516727,0.29807174,0.17622219,0.87336004,17.383204,0.50690955,3.6544983,1.5420098,-6.8373413,-0.98199636,-32.806057,-0.4283262,0.018750232,0.76284343,0.83412284,0.5484573,10.744635,0.34604195,14.120074,0.48683104,23.995132,0.52319014,821.8042,0.2287966,1404.9026,0.15618953,-77.79876,-1.1172862,1946.497,0.15667261,1114.6223,0.3455305,-78.12764,-0.9922473,2930.9045,0.09546223,1099.9741,0.35076,-78.98549,-0.9760988,-17.107075,-0.34947738,25.924469,0.34657413,0.07056326,0.25799483,-0.03141929,-0.4137719,0.23792428,0.64652,20.617912,0.34865743,4.7930655,1.2960564,-6.3803024,-0.9315304,-38.524204,-0.3290555,-3.0135906,10.624624,0.030558709,-0.0016924919,0.049667597,2.4390244,1.7094017,0.405,0.024999999,0.32999998,0.0,-25.284143,9,15,74,SPEAKER_02,2692.7,2723.566667,2714.77971875,2716.0284687500007,1,1.24875,engaged
45.863842,0.041700877,43.57718,47.010666,47.66629,4.0891113,17.871166,0.0,7.329484,6.199445,0.5313852,0.5398538,0.22505794,0.54215133,0.82809937,0.6030414,5.525318,1.8847262,2.7906446,0.64380825,0.15745197,0.79969347,17.692495,0.3033845,-7.0283637,-1.0743129,-18.125202,-0.8433146,-28.38368,-0.57421935,0.0100841,0.90979886,0.5230376,0.6814861,12.915966,0.27838,12.749869,0.47323552,30.057274,0.42957652,830.5265,0.13378172,1409.5939,0.32032096,-109.806244,-0.8866266,1735.9673,0.08640142,1198.2935,0.38760814,-111.432724,-0.80707127,2894.988,0.06112653,780.67633,0.3843999,-117.01787,-0.7196154,-11.450844,-0.36887148,26.912403,0.21048129,0.09067936,0.31982726,-0.007828864,-1.3364359,0.20525344,0.5343998,20.625502,0.2298794,-10.124465,-0.78929394,-29.195045,-0.48620534,-42.785957,-0.20640449,-4.8420954,15.543822,0.04268231,0.0020196887,0.09079479,3.6697247,0.9615385,0.5,0.0,0.51,0.0,-26.920626,9,15,74,SPEAKER_01,2692.7,2723.566667,2722.4578437500004,2723.566667,1,1.1088125,engaged
42.043427,0.08355891,39.432117,43.0508,45.35326,5.9211426,25.24239,19.766039,12.519689,5.979925,0.72663146,0.47443074,0.42602098,0.6752403,1.0328538,0.60683286,4.1737266,3.8665411,2.5581799,0.9704081,0.19764927,0.6116084,17.57873,0.44862825,2.4471147,4.4821973,-9.134137,-1.4069976,-41.040264,-0.44619703,0.01102038,1.4601736,0.7153206,0.8996705,12.489567,0.27576524,11.953086,0.6303065,27.235672,0.40498385,811.0741,0.150187,1255.983,0.18013796,-40.034424,-1.8191534,1983.1559,0.11168548,926.2438,0.50313,-51.821167,-1.2072098,2961.4128,0.056859236,880.60345,0.3206042,-52.45142,-1.1874408,-15.660819,-0.3459699,24.891455,0.34781972,0.06697543,0.33728325,-0.030011784,-0.46494398,0.21603802,0.5654631,17.76379,0.43052062,2.50483,4.1325903,-10.3997,-1.2720274,-46.31622,-0.32283622,-9.038615,17.69894,0.040923946,-0.01217735,0.12146743,2.3489933,1.3651878,0.60749996,0.51953703,0.13666667,0.094633795,-22.533752,9,15,75,SPEAKER_01,2723.6,3671.833333,2723.6,2726.59221875,1,2.9921875,disengaged
0.0,0.0,0.0,0.0,0.0,0.0,0.0,0.0,0.0,0.0,1.1590935,0.57858115,0.60882574,0.9195353,1.88111,1.2722843,68.799164,0.0,-29.712519,0.0,0.68082273,0.74254125,15.9329,0.33658102,10.459662,0.7683285,0.6561233,2.868172,-11.364011,-0.7494308,0.0,0.0,0.0,0.0,0.0,0.0,0.0,0.0,0.0,0.0,0.0,0.0,0.0,0.0,-201.0,0.0,0.0,0.0,0.0,0.0,-201.0,0.0,0.0,0.0,0.0,0.0,-201.0,0.0,0.0,0.0,0.0,0.0,0.0,0.0,0.0,0.0,0.0,0.0,0.0,0.0,0.0,0.0,0.0,0.0,0.0,0.0,-10.781101,17.738132,0.026018985,-0.023949455,1.2596407,10.000001,0.0,0.0,0.0,0.04,0.0,-20.794909,9,15,75,SPEAKER_01,2723.6,3671.833333,2752.91721875,2753.03534375,1,0.118125,disengaged
36.11103,0.025977358,34.6575,36.34484,36.855145,2.1976433,-34.25545,0.0,10.658875,0.0,1.8205234,0.5517202,0.80687743,1.7963394,2.7566543,1.9497769,43.22884,25.253256,53.672333,21.35514,1.521295,0.67452705,13.4401865,0.5504774,-11.130415,-1.0452566,-17.022552,-0.4885785,-11.507931,-0.42604598,0.03150252,0.47339392,2.0304835,0.51906407,4.546309,0.33125302,9.894012,0.33530205,31.035265,0.056565963,827.8607,0.33743593,1465.8284,0.14182368,-174.68594,-0.3208896,1741.6667,0.20980328,1213.618,0.16163138,-170.67363,-0.3414074,2848.157,0.089447446,1273.3965,0.25750974,-172.47447,-0.31653467,-9.568966,-0.5840397,25.064686,0.19436365,0.05048861,0.11112804,-0.008328094,-1.1987338,0.6478096,0.74493355,22.371122,0.1486267,2.4580028,3.8315938,-6.8999357,-0.71765125,-13.308194,-0.39809918,0.54132277,18.296251,0.030824587,-0.0011421937,1.6624868,8.219178,4.4117646,0.026666667,0.0094280895,0.17666666,0.03091206,-14.8830805,9,15,75,SPEAKER_01,2723.6,3671.833333,2753.0690937500003,2753.8115937500006,1,0.7425,disengaged
37.65672,0.017369388,36.987343,37.71033,38.406364,1.4190216,17.166233,0.0,3.6645694,3.8306625,0.18183401,0.4781599,0.14805382,0.17991145,0.25851476,0.11046094,0.23215431,0.20906325,0.47005972,0.0,0.033146456,0.4516652,16.379908,0.44807893,0.1662308,23.53048,-9.863482,-0.5751691,-19.525642,-0.42725632,0.031309385,0.4651481,1.4452534,0.42504984,2.8718646,0.33883455,5.698817,0.88514715,25.690283,0.15266614,896.2917,0.17993695,1234.9993,0.12689614,-76.87333,-1.1831154,1944.4471,0.09676138,1168.6036,0.44788188,-79.45056,-1.0570915,2909.232,0.062396668,875.4735,0.49876675,-80.832596,-1.0296471,-8.632682,-0.38912004,19.96395,0.18878657,0.060856286,0.18945546,-0.013348258,-0.57254225,0.039585423,0.24046746,18.542528,0.26165876,-0.44480208,-8.872062,-10.682466,-0.4437692,-23.39553,-0.20421651,-7.765015,16.687988,0.08336737,0.025171883,0.035797875,1.6949153,3.773585,0.16499999,0.044999998,0.17,0.0,-45.376503,9,15,75,SPEAKER_01,2723.6,3671.833333,2863.6172187500006,2864.2247187500006,1,0.6075,disengaged
40.0722,0.02007407,39.475586,40.324627,40.818527,1.3429413,19.881836,1.605571,17.15233,0.0,0.1809729,0.1740801,0.14169265,0.18047476,0.21198969,0.07029703,0.07124641,0.32103676,0.48272562,0.06461193,0.045166142,0.50570005,20.870739,0.09241806,10.367676,0.37658498,-6.450539,-0.42283797,-23.646992,-0.3079863,0.054553963,0.6867464,1.820431,0.28054824,5.09571,0.25932282,13.919924,0.51590145,28.453388,0.16973741,769.2939,0.16081983,1276.2927,0.11601343,-90.059326,-0.97011375,1859.7213,0.11053595,965.23047,0.21745256,-87.7214,-0.8668738,2851.2356,0.067891285,909.65424,0.2945086,-89.94226,-0.8326694,-16.943718,-0.13126796,25.034979,0.1693404,0.05054654,0.15333314,-0.0274364,-0.29772067,0.03796348,0.37502077,19.955187,0.08521315,12.347452,0.2260495,-7.0702014,-0.38281098,-20.869133,-0.33402482,-17.509022,25.005527,0.061500434,-0.029350335,0.06454706,5.1282053,5.882353,0.099999994,0.08,0.049999997,0.03,-43.48159,9,15,75,SPEAKER_01,2723.6,3671.833333,2864.6297187500004,2865.03471875,1,0.405,disengaged
38.895397,0.0044258824,38.75764,39.0014,39.038475,0.2808342,0.08731155,0.0,0.0,0.0,0.2892501,0.298338,0.19393545,0.2979067,0.38755903,0.19362357,0.33593804,0.8930801,0.5726195,0.0,0.07988408,0.42703325,16.815235,0.29551217,-6.060452,-1.3211687,-29.850445,-0.22862706,-32.221943,-0.16225201,0.029308224,0.20383732,0.9990683,0.36999273,3.5039701,0.09945211,-9.621139,-0.2255216,27.675999,0.06023033,751.80914,0.20246737,1385.5443,0.14920989,-180.0747,-0.34861127,1837.7201,0.10082618,1173.5016,0.056469973,-179.54137,-0.30252632,2882.3894,0.045213103,912.905,0.20278627,-180.00912,-0.29730958,-16.007332,-0.065307125,28.672985,0.023160864,0.06355055,0.11038782,-0.019909188,-0.094256654,0.0342295,0.023558322,22.85839,0.018812522,7.321789,0.28688344,-14.741561,-0.26383862,-28.777481,-0.01786712,-4.6792097,21.946012,0.044255815,0.00034226774,0.09392135,2.1739132,2.4390244,0.04,0.0,0.35,0.0,-39.548615,9,15,75,SPEAKER_01,2723.6,3671.833333,2867.4815937500007,2867.9540937500005,1,0.4725,disengaged
41.66885,0.015682193,40.8471,41.862083,42.314816,1.4677162,0.15299073,0.0,0.0,0.0,0.33096716,0.13545698,0.28689337,0.34139824,0.36107078,0.074177414,0.98302335,0.2955491,1.0513804,0.2446216,0.0988033,0.2832156,20.243725,0.09404721,-9.921995,-0.59156615,-30.035591,-0.18952458,-22.968874,-0.2885314,0.01768015,0.3106621,1.4607178,0.2651359,4.484438,0.16857173,2.2109773,2.7916765,31.000347,0.09983561,934.3715,0.15867203,1407.7407,0.15112211,-124.60809,-0.81208855,1851.2872,0.14155409,1373.7142,0.10545648,-119.286224,-0.7745168,2917.1726,0.09017196,1008.9927,0.26452386,-124.03625,-0.7063651,-7.029402,-0.63373315,27.899767,0.02784945,0.03709991,0.1608032,-0.016002081,-0.47467592,0.08649412,0.29837802,19.465702,0.03758758,-3.1905308,-1.5450684,-28.144884,-0.22238554,-27.358114,-0.10283769,-0.10991787,24.787224,0.05533746,0.004502834,0.11287611,6.896552,4.166667,0.089999996,0.0,0.13,0.0,-38.46132,9,15,75,SPEAKER_01,2723.6,3671.833333,2869.54034375,2869.84409375,1,0.30375,disengaged
38.743923,0.12039977,39.30428,39.79058,40.246376,0.9420967,246.27345,175.57814,254.82422,228.87033,0.19774675,0.29880717,0.15507616,0.19278467,0.22163954,0.06656338,0.48035938,0.11202438,0.7225258,0.22701043,0.044728704,0.5334547,24.40556,0.08341075,3.213272,1.9519422,-15.975579,-0.3716085,-21.288885,-0.2579115,0.02420656,0.71200955,1.4337368,0.35777515,5.4969664,0.41714317,3.55977,1.907356,30.774803,0.15026152,813.4552,0.18505055,1299.6602,0.13535416,-104.38219,-0.90693724,1857.4412,0.12817892,1153.731,0.18833144,-102.30463,-0.84133524,2911.6428,0.09472079,912.44165,0.2231656,-107.29853,-0.7596318,-10.161528,-0.56600296,25.923403,0.11564453,0.039885525,0.43729517,-0.017286858,-0.45444703,0.035078995,0.33362144,24.688694,0.08086043,3.761909,1.564953,-17.576988,-0.34504572,-20.477215,-0.27641535,-10.9237,22.806566,0.055969317,-0.016591016,0.056537107,2.4,4.166667,0.118,0.1761136,0.125,0.0559017,-43.40802,9,15,75,SPEAKER_01,2723.6,3671.833333,2872.69596875,2873.96159375,1,1.265625,disengaged
46.051624,0.061831437,46.370266,46.88036,47.57895,1.208683,116.62606,0.0,92.96849,60.301018,0.32055625,0.30883458,0.23668566,0.29318273,0.436506,0.19982034,2.0157287,0.6161005,1.1008086,0.0,0.071529575,0.44465914,10.795562,0.6572125,-10.134938,-0.8811609,-7.365229,-0.5077181,-28.392897,-0.39033794,0.05351687,1.1854153,1.248927,0.26420212,4.082552,0.92812693,7.905551,0.6746101,19.338005,0.33148608,952.31256,0.12500818,1390.5189,0.35792363,-127.43817,-0.71785754,1924.0985,0.050148662,1209.3008,0.48568442,-127.540825,-0.6888948,2956.274,0.06503298,935.981,0.3086929,-129.5024,-0.65745723,-9.168085,-0.7840775,17.08658,0.6433067,0.06388945,0.28750074,-0.005551562,-1.4948835,0.077314675,0.3430189,13.644161,0.52907145,-7.915554,-1.525835,-6.1127105,-0.75542,-34.74978,-0.13829632,-4.7148004,12.351783,0.0478396,-0.0038990837,0.07532195,1.5625,3.3898306,0.105,0.035,0.17,0.08,-40.040318,9,15,75,SPEAKER_01,2723.6,3671.833333,2874.36659375,2875.02471875,1,0.658125,disengaged
46.11228,0.08184531,42.901463,46.502724,47.184692,4.28323,208.2972,159.09189,142.6342,160.45694,0.20008126,0.3582815,0.15211166,0.18310565,0.22901104,0.07689938,0.84625983,0.56414133,0.6479955,0.31742162,0.041376468,0.4459475,18.657778,0.29808015,-0.7945723,-8.703429,-7.5670567,-1.1150163,-13.080508,-0.9488094,0.031150514,0.87213886,1.385254,0.35611078,7.6995416,0.42219418,8.535736,0.9966608,20.172897,0.31118318,878.92706,0.23639014,1397.0135,0.16577493,-128.76271,-0.6556161,1755.8406,0.1093939,1102.3959,0.2089443,-114.10681,-0.7414376,2902.2212,0.06672368,948.7682,0.33974248,-120.00575,-0.6543157,-11.531328,-0.36029345,26.532389,0.2040596,0.049971256,0.374928,-0.0054823575,-2.3225,0.03800639,0.31394115,20.170164,0.14844851,-0.9597196,-5.3459888,-8.634122,-1.0634547,-11.33356,-0.81485254,-7.5637956,20.299889,0.04373787,-0.0054596667,0.045795627,3.0487804,3.773585,0.11666667,0.11264496,0.125,0.08301606,-43.769867,9,15,75,SPEAKER_01,2723.6,3671.833333,2875.04159375,2876.6953437500006,1,1.65375,disengaged
36.824886,0.06515503,36.229385,36.31299,36.728184,0.49879837,44.598614,29.394964,200.71991,159.56473,0.27316415,0.6197185,0.14566272,0.19518858,0.48272148,0.33705875,2.0253403,1.4166688,1.8582591,1.2973484,0.066525854,0.66961,17.569921,0.46921998,5.067459,1.179024,-17.387226,-0.46997577,-23.605486,-0.2541883,0.038827304,0.84111434,1.6489497,0.19969243,5.9301143,0.25845855,-6.4722095,-2.0624313,21.316849,0.27660933,494.36905,0.28223774,1228.8477,0.058199998,-105.87298,-0.8667783,1482.2294,0.17034583,1038.642,0.124776624,-103.680626,-0.85678005,2581.1045,0.06968296,849.2845,0.28051463,-108.23618,-0.7797474,-14.859626,-0.17270127,27.239899,0.13755807,0.03881329,0.22335276,-0.015013905,-0.3758259,0.046759345,0.27539992,23.496717,0.13931178,5.156883,1.2643071,-15.728123,-0.31473336,-26.799911,-0.1309931,-8.781435,20.052118,0.05137461,-0.008187259,0.08052659,3.5714285,3.9215686,0.12,0.089999996,0.07333333,0.033993464,-39.70657,9,15,75,SPEAKER_01,2723.6,3671.833333,2877.5897187500004,2878.16346875,1,0.57375,disengaged
50.463837,0.0012491486,50.41823,50.469913,50.51066,0.092430115,0.05134964,0.0,0.0,0.0,0.1344401,0.079876356,0.12614775,0.13677603,0.14361437,0.01746662,0.059445277,0.16065337,0.25855854,0.082224995,0.028771173,0.3971965,15.679533,0.20495164,12.899782,0.19967139,1.0717635,2.7484124,-29.453182,-0.34255037,0.029656295,0.16473101,2.2030904,0.380786,8.964434,0.011166966,6.000119,0.10513851,2.402061,0.45321828,870.4069,0.017681949,1667.4565,0.028086556,-191.80048,-0.17293681,2054.1223,0.015572082,1073.6783,0.055061128,-188.14212,-0.18950266,3041.9392,0.008027114,376.9069,0.037086114,-187.83005,-0.19440039,-15.609317,-0.04979823,18.583899,0.058137402,0.07680957,0.06320703,-0.026753692,-0.11307358,0.061249204,0.12459926,17.96315,0.020286314,13.503525,0.02471189,5.2422447,0.21193986,-43.836098,-0.040923405,-13.122201,20.168688,0.050950497,-0.018715765,0.026988853,7.1428576,2.7027028,0.02,0.0,0.31,0.0,-48.47274,9,15,75,SPEAKER_01,2723.6,3671.833333,2880.5934687500003,2881.0322187500005,1,0.43875,disengaged
40.88698,0.0077942675,40.53549,40.96065,41.16206,0.62657166,7.57768,0.79812783,8.20529,3.6094193,0.45841646,0.14903246,0.3804489,0.46004888,0.5256114,0.1451625,1.6836917,0.66707045,0.9358084,0.67975914,0.12473659,0.25950986,21.300613,0.16252835,-10.102426,-0.6145573,-7.10978,-0.80426365,-17.909262,-0.64439297,0.021754306,0.6329262,1.1755844,0.2635638,7.204118,0.50288045,8.28694,0.6714152,24.232313,0.18447448,767.85034,0.21371502,1437.7196,0.14028609,-30.863016,-1.821297,1775.8088,0.116564944,1194.742,0.14936121,-34.96212,-1.2510631,2784.4282,0.068737976,1051.5505,0.35979864,-41.137566,-1.0281436,-11.550644,-0.3401048,22.925545,0.13526177,0.05582862,0.20579766,-0.010361828,-0.7446173,0.13353994,0.2246511,22.521423,0.08243387,-7.672075,-0.34832597,-6.1747413,-0.9141894,-21.484106,-0.39434552,3.238634,11.933499,0.050590254,0.018270396,0.092062116,6.779661,1.8518519,0.48999998,0.0,0.03,0.0,-32.673786,9,15,75,SPEAKER_01,2723.6,3671.833333,2933.6990937500004,2934.3065937500005,1,0.6075,disengaged
39.168835,0.13216126,40.272938,40.67842,40.866585,0.593647,173.48969,121.71867,195.86336,0.59129333,0.35779244,0.41210538,0.21574838,0.31898233,0.49957308,0.28382468,0.1413166,0.83217084,2.658243,0.0,0.078375556,0.5861194,23.81323,0.09064345,-1.5787001,-4.7067323,-0.40724766,-12.420685,-20.778582,-0.30295157,0.053281754,2.1186702,1.0128118,0.5672046,9.450114,0.42585382,3.3974018,2.4615035,21.315016,0.24433023,876.5331,0.17243478,1284.1005,0.15219812,-25.951084,-1.7567837,1877.851,0.09062852,1155.4144,0.21691324,-36.4011,-1.1147581,2867.841,0.0536279,817.366,0.25462827,-41.278633,-0.9610472,-15.392362,-0.1956701,26.882889,0.15511934,0.053848006,0.2181327,-0.010832652,-0.83869517,0.085676074,0.53483886,23.541853,0.09362154,-2.3882246,-3.0939453,-1.1141251,-4.5066824,-21.832947,-0.2465602,-18.97563,26.197155,0.063524514,-0.017597556,0.06173925,1.4084507,3.0769231,0.29,0.14,0.03,0.0,-32.068787,9,15,75,SPEAKER_01,2723.6,3671.833333,2935.06596875,2935.79159375,1,0.725625,disengaged
50.85138,0.051163968,47.625637,51.99521,53.382988,5.757351,625.3338,0.0,-54.71975,51.75425,0.298884,0.18782677,0.24826443,0.31184047,0.3414991,0.09323466,0.61884457,0.5454341,1.1057795,0.5381405,0.07233522,0.31786534,18.90133,0.15236971,-21.024185,-0.3371809,-14.248083,-0.30824873,-14.614605,-1.0928501,0.025229082,1.463022,1.2389034,0.38682172,8.581918,0.33295017,12.275356,0.6540372,20.61225,0.3094925,857.5114,0.20808166,1107.0874,0.16572052,-51.23444,-1.5193071,1826.7072,0.12686954,985.42896,0.20684427,-41.07696,-1.4628458,2798.1653,0.08502105,792.73,0.1537896,-46.811195,-1.1479901,-1.3973482,-4.357995,16.890953,0.23144536,0.043596048,0.4976608,-0.005707403,-1.5539231,0.07307759,0.2917263,18.042543,0.14141092,-22.874416,-0.21759234,-15.115143,-0.26089948,-10.812171,-1.4498595,-7.3031383,19.006142,0.06889849,-0.0022743319,0.08706046,5.172414,5.6603775,0.14,0.100332774,0.04,0.0,-39.296585,9,15,75,SPEAKER_01,2723.6,3671.833333,2942.96346875,2943.55409375,1,0.590625,disengaged
53.6062,0.069341846,51.220547,54.28604,56.85793,5.6373825,106.44937,8.139408,-9.948551,36.589767,0.4411822,0.24903065,0.30635753,0.4450868,0.54684174,0.24048421,1.2428067,0.2217145,-0.061128736,1.5708663,0.10982993,0.3637607,6.8372874,0.7008445,-30.534636,-0.15686427,-9.865345,-0.5141649,6.650442,1.2487855,0.039838433,0.93906754,1.6694208,0.25636163,3.545548,0.7011396,10.555955,1.4536566,6.833806,1.5449209,826.85443,0.2454698,1055.3958,0.13953984,-144.78604,-0.6057554,1855.944,0.13087454,1147.4922,0.24976991,-55.57696,-1.6114236,2699.4465,0.1027607,890.6074,0.20325187,-53.43621,-1.6499254,13.67685,0.24165015,7.8145633,0.44436473,0.033507645,0.32824188,0.033812918,0.19038701,0.10113437,0.33622724,5.763449,0.8437085,-28.917948,-0.13269283,-8.062073,-0.64191854,6.902082,1.1208786,9.337495,2.7193804,0.04298383,0.024811348,0.13370264,3.448276,3.773585,0.17999999,0.13,0.065,0.035,-36.58429,9,15,75,SPEAKER_01,2723.6,3671.833333,2944.65096875,2945.24159375,1,0.590625,disengaged
53.538204,0.009953926,53.341675,53.48655,53.53724,0.19556427,4.729128,0.0,82.810875,58.740505,0.45164055,0.100731894,0.41984463,0.44132197,0.48445788,0.06461325,1.4070857,0.42971584,0.7614772,0.6781704,0.09459298,0.24040736,-2.0157003,-1.0138905,-26.65178,-0.22580346,2.9146502,1.4712744,8.832817,0.55514824,0.018407974,0.5873756,1.3209143,0.2908316,5.4354835,0.5904587,13.477149,0.7181947,7.3807054,0.77648294,520.94324,0.24615607,744.51855,0.22995742,20.201286,0.11732993,1562.6488,0.08436504,1123.3602,0.23459704,22.385632,0.26802608,2363.57,0.07572084,868.2124,0.08748678,18.316742,0.32913342,16.891119,0.12769465,2.9546764,2.3334038,0.022364888,0.504117,0.029505929,0.46772367,0.09294183,0.18836781,-1.5683364,-1.1273499,-28.380442,-0.1533535,2.1308882,1.8905859,10.062035,0.38906407,0.0,0.0,0.0,0.0,0.0,11.363636,2.631579,0.37,0.0,0.0,0.0,-36.794914,9,15,75,SPEAKER_01,2723.6,3671.833333,2948.66721875,2949.1228437500004,1,0.455625,disengaged
59.8309,0.01385173,59.541172,59.995163,60.321686,0.78051376,117.83764,82.8532,7.091,0.0,0.39509994,0.20279604,0.35830092,0.41065988,0.46083206,0.102531135,1.4220505,1.4928181,3.2043583,0.96169657,0.13585375,0.35862842,5.8251653,0.90900534,-23.568098,-0.14160909,-8.582054,-0.5318636,17.941256,0.3065366,0.009937089,0.43923593,0.93280196,0.41732594,11.980477,0.28018007,23.043207,0.42774078,27.41733,0.2400429,984.0824,0.2421803,947.49146,0.14980657,-4.4168615,0.0,2018.2732,0.13634747,1120.0542,0.32353696,-1.1413107,-7.981066,3034.9773,0.1054228,1285.4304,0.367386,-15.424527,-0.2798831,11.386716,0.2212409,21.243322,0.1655152,0.025104063,0.41935274,0.0035076656,0.8406991,0.15434268,0.23198287,3.6813767,0.824279,-23.822805,-0.14966513,-8.023834,-0.59285945,18.721087,0.3111183,0.0,0.0,0.0,0.0,0.0,7.692308,3.125,0.31,0.0,0.0,0.0,-33.21796,9,15,75,SPEAKER_01,2723.6,3671.833333,2949.62909375,2950.0340937500005,1,0.405,disengaged
0.0,0.0,0.0,0.0,0.0,0.0,0.0,0.0,0.0,0.0,0.1821361,0.2570985,0.12253687,0.19740784,0.22513826,0.102601394,1.650654,0.0,-0.61075914,0.0,0.029046878,0.36584103,11.233705,0.22285879,8.427462,0.9971787,-8.572153,-0.73505664,-17.619463,-0.3592755,0.0,0.0,0.0,0.0,0.0,0.0,0.0,0.0,0.0,0.0,0.0,0.0,0.0,0.0,-201.0,0.0,0.0,0.0,0.0,0.0,-201.0,0.0,0.0,0.0,0.0,0.0,-201.0,0.0,0.0,0.0,0.0,0.0,0.0,0.0,0.0,0.0,0.0,0.0,0.0,0.0,0.0,0.0,0.0,0.0,0.0,0.0,-7.57738,17.009209,0.037414297,-0.0011909406,0.025861032,10.000001,0.0,0.0,0.0,0.04,0.0,-48.52523,9,15,75,SPEAKER_01,2723.6,3671.833333,2950.8272187500006,2950.9453437500006,1,0.118125,disengaged
57.26466,0.025465028,57.313736,57.352844,58.432014,1.1182785,155.00883,0.0,9.299111,0.0,0.5921545,0.066808775,0.5635608,0.583155,0.63892436,0.07536358,2.4268708,1.025771,2.028659,0.9276234,0.16854142,0.37654614,-2.6950476,-0.62196064,-32.33066,-0.03804572,-2.5614111,-0.9779207,0.4213487,15.592869,0.039798055,0.7658024,1.7165185,0.16594507,3.458343,0.86644495,2.274646,3.2757843,11.051063,0.6136989,1130.7201,0.033170413,755.963,0.15988977,-3.0836067,-0.021731138,2107.712,0.03768084,921.67535,0.14434026,-2.3940217,-1.9419676,2982.7373,0.021412348,1007.1276,0.606918,-11.170439,-0.33945596,6.5910115,0.31001273,4.681681,0.77867615,0.02345394,0.517088,0.0048893746,1.495511,0.1494442,0.21010104,-2.1537576,-0.6715126,-32.233105,-0.032705016,-3.166119,-0.6639784,-2.172983,-1.2769965,0.0,0.0,0.0,0.0,0.0,15.384616,5.0000005,0.19,0.0,0.0,0.0,-33.418118,9,15,75,SPEAKER_01,2723.6,3671.833333,2953.9659687500007,2954.23596875,1,0.27,disengaged
45.11303,0.16575189,36.560036,45.323254,52.637604,16.077568,147.383,67.40285,144.21112,98.36145,0.57445806,0.24012892,0.46677724,0.61352575,0.6831705,0.21639326,1.4998447,0.49603048,1.907558,1.3214319,0.124173924,0.3057311,-2.784311,-2.9241865,-30.514004,-0.3287127,-7.133485,-0.9315396,4.5331516,2.2305453,0.03851402,1.6473862,1.220757,0.33616623,5.114343,0.49492934,-2.2642982,-5.4374146,-3.56758,-4.7737455,842.26245,0.28714326,1092.6084,0.1948213,8.536381,3.2639167,1861.2026,0.10404798,1053.7385,0.15405463,10.709965,2.3607929,2758.8926,0.073345736,959.3554,0.24768326,4.662172,5.422868,12.913862,0.581286,8.927812,0.402627,0.027112437,0.35224652,0.019425824,0.94450825,0.12895724,0.2748197,-2.3186727,-3.3547406,-30.35643,-0.33101138,-7.301314,-0.9911076,3.8146305,2.628551,-14.950326,26.939444,0.066833526,-0.028949,0.0,3.9473684,1.5625,0.62,0.0,0.0,0.0,-34.083923,9,15,75,SPEAKER_01,2723.6,3671.833333,2959.1465937500006,2959.9228437500005,1,0.77625,disengaged
38.29106,0.099732794,32.625782,39.65355,41.472984,8.847202,142.08824,94.960106,11.24365,0.6777196,0.36074978,0.22571656,0.28293177,0.3281164,0.45591888,0.1729871,1.8297155,0.19076459,0.7446728,0.4742097,0.10539549,0.23065688,22.436884,0.20523816,-6.201907,-1.6370385,-15.642516,-0.25039217,-44.166706,-0.21280636,0.027885154,1.1596875,1.5138006,0.36459956,5.2089896,0.6975134,3.0941923,2.211082,26.318483,0.2305727,833.3837,0.17887068,1257.5807,0.11827304,-12.697087,-5.2799234,1983.3779,0.113980025,1134.3557,0.18946151,-34.24906,-1.6337543,2934.7214,0.050081205,710.60785,0.27636358,-32.957634,-1.7074515,-11.709044,-0.53146845,23.232048,0.24390163,0.049747128,0.33219793,-0.026534619,-0.53354555,0.10567136,0.21951044,22.797123,0.15358758,-5.9135904,-1.4364196,-15.556243,-0.26127827,-45.863544,-0.17113388,-2.9545095,15.275045,0.080618754,0.007882268,0.11414364,6.557377,1.7857143,0.48999998,0.0,0.049999997,0.0,-35.679005,9,15,75,SPEAKER_01,2723.6,3671.833333,2971.9715937500005,2972.59596875,1,0.624375,disengaged
43.343662,0.018518077,42.492928,43.691544,43.986877,1.4939499,4.6648693,2.0498002,10.46175,9.521446,0.20574965,0.21899082,0.16884412,0.20870727,0.23932561,0.070481494,0.82945657,0.60734886,1.1100863,0.5098437,0.04607101,0.50114614,22.487957,0.14505434,8.461302,0.5372365,-6.0116086,-1.7504144,-30.803394,-0.37421882,0.017900815,0.5649564,1.1986395,0.3668521,7.7896175,0.29835016,5.3533883,1.559026,23.309366,0.27744952,836.429,0.18123895,1175.8606,0.10446097,-22.035429,-2.3964324,2003.5521,0.13231818,1034.7117,0.25084242,-36.87215,-1.21292,2924.8765,0.09071844,938.46533,0.26012164,-37.661373,-1.1777838,-13.101364,-0.3858851,23.134363,0.27868354,0.034325924,0.33668703,-0.01927152,-0.47763127,0.04630101,0.520358,22.475039,0.153225,8.0303,0.5832001,-7.895785,-1.2443365,-32.9359,-0.3235977,-16.870415,26.668055,0.040609945,-0.010139627,0.05858315,5.555556,1.1764706,0.78,0.0,0.049999997,0.0,-41.135498,9,15,75,SPEAKER_01,2723.6,3671.833333,2973.27096875,2974.18221875,1,0.91125,disengaged
49.4501,0.005055467,49.172184,49.528282,49.677265,0.5050812,5.7504177,3.5413265,-3.0191348,5.90461,0.2666065,0.22578287,0.20423907,0.26532906,0.32346138,0.11922231,1.2968713,0.6969763,1.0575109,0.34994534,0.053354096,0.35675636,10.562671,0.47592875,0.43980002,10.2211,-12.917217,-0.316144,-23.15922,-0.48255926,0.016455328,0.8423412,1.1592188,0.3365925,9.460835,0.3238543,14.948343,0.2057419,19.538998,0.148097,874.6293,0.11933133,1131.8391,0.20768511,-113.70764,-0.8181581,1934.8094,0.11580793,1005.21423,0.29828507,-113.59897,-0.7353254,2815.8047,0.06662276,911.1998,0.25233218,-113.89937,-0.73201823,-7.1035275,-0.23515916,12.967563,0.26821432,0.05890034,0.28496122,-0.0016883952,-3.4299679,0.059697393,0.36675495,9.31844,0.28624913,-0.210936,-19.673233,-12.067701,-0.27410126,-30.936317,-0.28739983,-5.929679,13.39352,0.043012712,-0.0019055527,0.05188171,4.545455,3.2786884,0.14,0.11,0.09333333,0.061282586,-41.570747,9,15,75,SPEAKER_01,2723.6,3671.833333,3023.2040937500005,3023.87909375,1,0.675,disengaged
43.475006,0.040279653,42.461433,43.3527,45.75798,3.296547,51.255554,60.15583,30.17383,20.233257,0.3366412,0.2704349,0.26550347,0.32718444,0.41633165,0.15082818,1.6875939,0.7291113,1.3181427,0.2904031,0.07220554,0.479623,15.9972,0.25088418,-14.018338,-0.5139777,-9.45687,-1.3239177,-26.7419,-0.2855663,0.017768506,0.7813573,1.2366058,0.4140235,6.90757,0.4705444,5.5319605,2.0410464,18.624193,0.4876526,755.1143,0.29872248,1416.4661,0.16611302,-48.833515,-1.8270965,1703.5635,0.13596739,1156.4856,0.168701,-39.894073,-1.8352225,2733.144,0.084017865,909.8813,0.24402083,-45.297123,-1.5551572,-6.8518357,-0.68434596,17.16865,0.3653851,0.03548418,0.36686674,-0.0077231214,-1.2476016,0.072695546,0.49142656,15.56839,0.24390973,-13.500888,-0.5598373,-8.42848,-1.5824692,-29.208508,-0.22118118,-3.0559676,14.698966,0.029401407,-0.0031466566,0.07410347,4.6666665,2.0833335,0.38333333,0.020548046,0.12,0.089999996,-38.05564,9,15,75,SPEAKER_01,2723.6,3671.833333,3025.7859687500004,3027.3047187500006,1,1.51875,disengaged
35.105526,0.01689639,34.473846,35.145336,35.792286,1.3184395,11.789458,0.0,2.866618,4.6041894,0.45181316,0.39548898,0.28891394,0.42980668,0.6673217,0.37840775,0.18023765,1.3847684,1.217658,0.0,0.12234578,0.6672166,16.556604,0.270959,-1.0956663,-7.1055436,-12.016764,-0.80223364,-21.252346,-0.378047,0.007541124,0.54153466,1.1330926,0.40860423,6.986268,0.41992962,-8.572204,-0.40479726,15.787874,0.3336565,642.0307,0.26042423,1418.4744,0.087529935,-70.35579,-1.3679131,1678.9229,0.117498755,1202.3324,0.1253771,-75.00136,-1.1983328,2784.484,0.092168,962.06055,0.18669136,-79.61174,-1.0857167,-12.362309,-0.16534638,25.01927,0.1138758,0.04189859,0.23315376,-0.01981591,-0.3033285,0.15038596,0.57650805,18.976051,0.15332708,-3.4676108,-2.551827,-17.850231,-0.45678988,-27.055876,-0.15897487,-7.220675,15.329473,0.02028249,-0.009271697,0.09605672,1.7857143,1.9607843,0.32,0.0,0.08,0.049999997,-31.501394,9,15,75,SPEAKER_01,2723.6,3671.833333,3038.64471875,3039.2184687500003,1,0.57375,disengaged
48.76971,0.02511384,48.94584,49.147533,49.29401,0.34817123,157.27348,0.0,2.3489382,0.0,0.8849791,0.10014732,0.8053183,0.89913076,0.9584582,0.15313989,3.1075015,0.9947256,0.024342299,1.9882869,0.2515518,0.19278936,-0.24479923,-8.828935,-22.56842,-0.15970068,-16.014158,-0.25033146,-17.59559,-0.30474973,0.027015407,0.36172053,1.4562459,0.16006085,2.5559423,0.37903026,9.930499,0.5319839,11.697978,0.33328405,764.6386,0.36426288,1250.1016,0.2816253,-117.63441,-0.7932428,1767.5553,0.15334012,1058.8804,0.07786166,-86.10957,-1.0677332,2682.7415,0.101862654,813.4775,0.16621742,-83.51305,-1.0878859,-1.2937711,-0.98428804,8.662251,0.30737454,0.0779754,0.12555233,0.0116562275,0.3867585,0.23927063,0.07812116,-0.36217216,-5.100548,-23.776844,-0.13149606,-14.793791,-0.1799497,-16.253235,-0.1600233,-0.56148857,7.0306115,0.07292506,-0.0015531917,0.30354488,5.1282053,3.2258065,0.17999999,0.0,0.11,0.0,-29.752825,9,15,75,SPEAKER_01,2723.6,3671.833333,3114.34596875,3114.7509687500005,1,0.405,disengaged
49.642097,0.03945657,47.85905,50.787205,50.946404,3.0873528,0.0,0.0,-0.27813098,0.0,1.014933,0.049788553,0.97695905,1.0135738,1.0649693,0.08801025,2.7201295,0.36269724,3.0236676,1.0165792,0.31239712,0.2141396,-2.2086146,-1.3197888,-27.713696,-0.09152216,-22.67646,-0.14093299,-8.135079,-0.5473401,0.037121214,0.5835362,1.5855973,0.17551517,0.59774274,3.4440484,3.374375,1.315015,11.937841,0.3626597,1043.1316,0.069552064,1113.783,0.13470541,-41.71704,-1.885217,1976.2517,0.037826803,1065.8793,0.08211016,-41.406574,-1.8531299,3015.151,0.024549296,925.18054,0.2888666,-48.30157,-1.5189813,5.545415,0.42812797,8.264001,0.20985971,0.061714113,0.2110482,0.01663211,0.31144917,0.32822153,0.15518758,-0.715375,-3.710317,-27.19716,-0.10297929,-23.461666,-0.102723405,-6.1901617,-0.68589646,6.031234,4.7867346,0.06819168,0.026825422,0.27701718,16.129032,4.166667,0.17999999,0.0,0.04,0.0,-28.20123,9,15,75,SPEAKER_01,2723.6,3671.833333,3115.07159375,3115.39221875,1,0.320625,disengaged
45.686054,0.040193103,44.01216,45.398327,47.148006,3.1358452,17.620184,11.969099,99.323784,0.0,0.94042706,0.47643396,0.3497615,1.0272009,1.3038926,0.9541311,3.2174501,4.5204105,4.3872538,2.1915417,0.4577285,0.6489604,14.564934,0.2595171,-16.611265,-0.64252037,-18.975414,-0.37315512,-25.576721,-0.4557344,0.052363418,0.7096385,1.5937058,0.46288195,4.0970335,0.88639414,10.050567,0.5560594,24.945791,0.18317673,555.01843,0.2198383,1516.7145,0.40000498,-173.39972,-0.3851867,1503.7762,0.082620226,1182.6498,0.09867408,-121.3635,-0.7523562,2622.2434,0.054175764,863.66943,0.17242002,-125.030075,-0.69687766,-6.4772897,-0.43729264,20.184532,0.12604307,0.0046709827,3.9654016,-0.006615975,-1.8955969,0.5772532,0.36425027,15.655313,0.23014933,-17.843319,-0.59503496,-17.899225,-0.3478226,-26.777252,-0.2013759,-2.9205482,17.239061,0.036471628,0.0059217177,0.42260885,3.448276,3.773585,0.095,0.024999999,0.09666667,0.047842335,-23.047092,9,15,75,SPEAKER_01,2723.6,3671.833333,3116.6747187500005,3117.2653437500003,1,0.590625,disengaged
51.615112,0.10787214,50.854584,54.78013,54.94981,4.0952263,54.196877,35.238506,21.810331,0.0,0.9424552,0.28850397,0.65810245,1.0317111,1.1553006,0.49719816,1.981067,1.2328938,4.6465526,2.0207467,0.35628015,0.26786643,11.156181,0.9590945,-25.258606,-0.5805554,-9.158857,-0.7642671,-23.668537,-0.29265654,0.025964046,0.59333205,1.501109,0.30876875,5.172852,0.79317904,5.083974,1.1809734,11.809842,0.674825,1005.4581,0.119574584,959.5145,0.19578354,-141.94296,-0.58050966,1964.0085,0.054560453,947.0062,0.16598399,-106.37415,-0.8481174,3028.079,0.04044148,999.826,0.33792245,-108.91611,-0.8069557,-3.3784916,-2.6522446,14.525816,0.8003831,0.046154093,0.24540725,-0.002819562,-3.9036026,0.3495976,0.24021102,8.019677,1.5571276,-27.075209,-0.67543936,-9.042077,-0.3885471,-22.751928,-0.22961724,-1.9096187,13.460802,0.07792055,0.0006124425,0.3892558,3.9473684,2.8169014,0.17,0.11,0.16499999,0.005,-26.404827,9,15,75,SPEAKER_01,2723.6,3671.833333,3117.7547187500004,3118.5309687500003,1,0.77625,disengaged
48.339256,0.12857942,43.15661,49.83911,53.579174,10.422565,133.1322,103.91534,223.44421,171.23297,0.529704,0.42355844,0.3127443,0.48867267,0.7706609,0.4579166,2.4508622,0.8876256,1.4954731,1.4919513,0.26311395,0.60152274,20.79928,0.2687863,-7.2611527,-1.9344289,-18.955736,-0.88290507,-38.836452,-0.24989858,0.053826697,1.3924942,1.6091985,0.33554676,7.248012,0.49691513,12.937233,0.8079692,21.176598,0.46884388,955.7137,0.15014039,1129.64,0.14158271,-79.49675,-1.1295229,1970.71,0.11890646,1087.4934,0.39886963,-76.16144,-1.009962,2950.0398,0.054042444,826.79443,0.36749926,-79.995384,-0.92806333,-10.002176,-0.727499,24.913269,0.28234735,0.073078424,0.2983323,-0.020697035,-0.7814811,0.29798415,0.54783285,19.369791,0.25686207,-12.046836,-1.0859191,-19.896076,-0.8822208,-36.984303,-0.21875715,-16.605545,28.161562,0.07281209,-0.035542607,0.19649921,2.857143,2.222222,0.31,0.1714643,0.0875,0.10034316,-27.341734,9,15,75,SPEAKER_01,2723.6,3671.833333,3119.5772187500006,3120.99471875,1,1.4175,disengaged
48.99901,0.07335993,45.502636,50.35338,51.737255,6.234619,115.66311,154.18489,52.999115,21.913431,0.4993792,0.51918733,0.25864863,0.484653,0.8099979,0.5513493,3.3375278,1.4633595,1.1635026,0.53980464,0.17829879,0.65843487,11.364909,0.6371091,-5.317241,-2.7095125,-3.3068116,-3.47706,-37.149456,-0.46359938,0.028468482,0.7932131,1.3533399,0.2994053,7.1636,0.502275,8.342019,1.3170046,8.165874,1.7479621,923.4986,0.22741528,1185.858,0.17548074,-104.54484,-0.8600319,1996.2155,0.11231095,938.97815,0.40794146,-99.16094,-0.8580923,2888.322,0.06371961,975.6368,0.2710076,-97.87209,-0.8823732,-9.552156,-0.46036395,17.268682,0.2911634,0.06464419,0.27356294,-0.026208123,-0.3122046,0.22340675,0.5380391,10.869334,0.60279024,-11.983457,-1.258905,-6.792128,-1.7237918,-37.597065,-0.36272657,-7.0873065,12.192021,0.050618622,-0.020347033,0.12858802,3.3557048,2.7972028,0.1925,0.14872374,0.145,0.095,-30.598612,9,15,75,SPEAKER_01,2723.6,3671.833333,3123.6609687500004,3125.1628437500003,1,1.501875,disengaged
50.089302,0.03512312,48.741455,50.29544,51.642437,2.900982,10.997755,14.668782,16.62961,0.0,0.5995255,0.23662044,0.5620886,0.6248006,0.6679419,0.10585332,0.84359413,2.2012956,1.0415483,0.6079284,0.18846555,0.3923747,8.503808,0.5711672,-14.750973,-0.7354772,0.7170912,8.495584,-41.464954,-0.20205264,0.033325654,0.47079742,1.4494386,0.21048668,4.4715805,0.47034636,16.311237,0.3172759,10.790225,0.80913144,892.32104,0.09784051,1146.2205,0.21785955,-73.25429,-1.2831521,1993.2527,0.059259553,792.9926,0.39041242,-71.96615,-1.1254414,2913.0881,0.05074427,1061.4528,0.38624352,-70.2582,-1.1650841,-4.6163583,-1.1099007,13.232556,0.3878514,0.05213546,0.34234822,-0.014761788,-0.8326546,0.19499472,0.40702978,7.055071,0.68296283,-18.213469,-0.47297367,-1.239326,-4.260231,-41.783413,-0.15224054,-7.5838394,13.581705,0.04675384,-0.027681569,0.19519508,2.2727273,2.4096386,0.28,0.08,0.105,0.085,-32.016937,9,15,75,SPEAKER_01,2723.6,3671.833333,3126.90096875,3127.79534375,1,0.894375,disengaged
53.186478,0.027130995,52.061527,52.25607,54.961918,2.9003906,40.98053,0.0,21.287714,0.0,0.7624662,0.13579364,0.65203476,0.7779906,0.86732304,0.21528828,3.5904171,2.2251043,0.65186274,0.46018913,0.36322618,0.24231447,4.884549,0.4745724,-15.720713,-0.15954694,-7.8238673,-0.5374492,-48.86997,-0.093467884,0.027830254,0.74431926,1.356512,0.3329393,7.9312434,0.2873945,3.9663727,1.0640101,0.19488494,27.35792,802.2195,0.28622708,1271.8436,0.11577083,-22.779211,-0.18010299,1862.5409,0.11930279,1008.7179,0.19820285,-28.70949,-0.1489123,2810.8704,0.061191257,700.0863,0.08718613,-23.697428,-0.17538357,-11.345289,-0.17447442,18.699696,0.1435406,0.040824767,0.182847,-0.037527982,-0.09351561,0.3960308,0.14608732,5.6305895,0.37795648,-14.751511,-0.13244098,-6.7651806,-0.5669823,-48.631824,-0.10340845,0.0,0.0,0.0,0.0,0.0,9.090909,5.882353,0.16,0.0,0.0,0.0,-26.590212,9,15,75,SPEAKER_01,2723.6,3671.833333,3128.6559687500003,3128.89221875,1,0.23625,disengaged
53.093143,0.028448498,50.82906,53.95411,54.191307,3.3622475,19.374563,0.0,-1.4075539,0.0,0.8895072,0.26069212,0.6556354,0.9634421,1.08799,0.43235463,4.318465,0.9798035,4.4584465,1.7077788,0.4427133,0.42977998,5.9285264,1.4559044,-26.355225,-0.21484913,-14.756648,-0.42280632,-25.471945,-0.43863937,0.011192472,0.48959723,1.1575547,0.29652345,10.408108,0.16674873,20.422403,0.388695,23.726046,0.21291077,889.76447,0.15943067,1073.3435,0.09640138,-24.586195,-2.1192617,1854.1661,0.07841817,1079.5646,0.13842173,-16.634048,-2.2540858,2823.0168,0.044672966,727.9491,0.2620668,-22.245543,-1.5963447,9.993153,1.0758193,18.243761,0.19841275,0.051351026,0.4931571,0.0035585493,3.7027407,0.4675508,0.4127463,5.702266,1.6209555,-25.459126,-0.20945635,-14.096453,-0.40983617,-24.169754,-0.50316894,-4.719624,18.177872,0.071193464,-0.018202297,0.18679965,9.756098,5.882353,0.14999999,0.07,0.0,0.0,-23.15049,9,15,75,SPEAKER_01,2723.6,3671.833333,3130.27596875,3130.69784375,1,0.421875,disengaged
48.82318,0.102971025,46.550556,49.086,53.03734,6.486782,367.23117,524.40094,106.839424,139.64969,0.7506477,0.28436762,0.57457405,0.6905835,0.94007456,0.3655005,4.0744634,1.1882472,3.3001041,1.8689164,0.3117553,0.5949878,9.387024,0.4884811,-18.419043,-0.57499623,-16.425686,-0.5762839,-25.605608,-0.49671757,0.03289625,1.3436103,1.3289452,0.38566133,6.4340262,0.78069687,8.225731,0.9697583,16.689745,0.42734963,848.7653,0.25564304,1169.6273,0.17839062,-46.546474,-1.7094259,1834.6938,0.1374933,1078.1333,0.21703047,-37.603676,-1.6604563,2827.047,0.079654425,857.0111,0.36153755,-42.99293,-1.3931822,-3.7153397,-2.0365586,18.456758,0.29353702,0.05855523,0.34790802,-0.003693651,-4.4840865,0.32630262,0.57862705,9.494415,0.48475382,-19.685394,-0.5246648,-17.1119,-0.52451307,-26.586462,-0.50180864,-3.4722624,14.596489,0.042861033,-0.012790778,0.25380278,3.0534353,2.3529413,0.355,0.34538624,0.058000002,0.016,-26.217007,9,15,75,SPEAKER_01,2723.6,3671.833333,3131.4403437500005,3134.07284375,1,2.6325,disengaged
49.77436,0.022716207,48.308197,50.017097,50.83105,2.5228539,16.009768,13.654677,41.089596,23.154482,0.50381505,0.3988295,0.38542902,0.5424315,0.6787612,0.29333216,1.0120347,1.2958764,1.4075109,0.35994527,0.12879506,0.5039812,6.3425183,0.6624033,-9.28156,-0.41487658,-3.980333,-1.3571783,-10.256729,-0.7280916,0.03824992,0.40049672,1.2922745,0.23325983,5.3647065,0.24290624,7.675983,0.7053769,-2.3077374,-8.879591,922.4009,0.26784676,1334.0408,0.28119704,-133.71007,-0.63088715,1849.1315,0.10899375,1169.4303,0.33506787,-118.767456,-0.6937979,2743.2756,0.09117768,1134.3933,0.35677648,-116.82838,-0.7222472,-6.8622127,-0.38240993,12.869115,0.33953533,0.06395331,0.20576853,-0.008353954,-1.9090855,0.15675269,0.4182043,6.008431,0.3127289,-9.197461,-0.26218772,0.27217928,6.5353723,-16.306122,-0.36413622,-1.6007062,9.216275,0.05536632,0.010536851,0.1483295,2.2727273,3.9473684,0.11,0.05715476,0.089999996,0.08276473,-33.394512,9,15,75,SPEAKER_01,2723.6,3671.833333,3134.47784375,3135.3722187500007,1,0.894375,disengaged
43.05665,0.08599113,40.41753,40.83425,48.644226,8.226696,54.471153,40.185375,35.116306,0.0,0.3699052,0.32310715,0.25666654,0.33484054,0.50177836,0.24511182,1.7472433,0.6394509,0.5794827,0.41492987,0.08680112,0.40104768,17.25081,0.49584186,-12.131137,-0.89436895,-11.604354,-0.5669069,-17.488392,-0.5932848,0.023078592,1.0669155,1.2394174,0.48483756,7.2413397,0.40587544,2.7966137,2.5841823,19.212532,0.6761153,861.0188,0.20683442,1362.6577,0.16755044,-80.47543,-1.145073,1883.2451,0.13325487,1134.6289,0.19591893,-78.86583,-1.0985748,2868.0908,0.065605246,1080.8462,0.23455712,-84.16153,-0.98591965,-7.8147473,-1.151091,21.206268,0.34026787,0.034167673,0.47596848,-0.0044466606,-3.1846163,0.069633394,0.34844345,19.904587,0.41729456,-7.8148417,-1.3718401,-11.945559,-0.59311664,-18.862522,-0.33270743,-0.06419179,15.377745,0.030061975,0.004556071,0.11228874,3.738318,2.9411764,0.21,0.123288274,0.11,0.080415584,-37.674393,9,15,75,SPEAKER_01,2723.6,3671.833333,3141.43034375,3142.51034375,1,1.08,disengaged
50.032936,0.032203846,49.408813,50.18389,51.50691,2.098095,28.640978,9.852627,23.669888,17.128502,0.4298983,0.19983159,0.35703295,0.4235276,0.51681197,0.15977901,1.61945,0.9862609,2.1006842,0.43191066,0.11425292,0.40831476,13.325794,0.3485401,-18.555634,-0.24046284,-7.484866,-1.1704279,-22.39372,-0.32848492,0.028095527,1.109127,1.3376279,0.36750293,6.8370113,0.47356263,12.271604,0.7020055,16.302267,0.5653468,887.68207,0.19072253,1170.1891,0.14619179,-36.968334,-1.9092115,1868.6708,0.09318435,1120.839,0.33292046,-36.992943,-1.6368401,2807.4822,0.07915559,880.0922,0.26778275,-41.22174,-1.4386702,-1.8294075,-3.3680243,14.6563225,0.41925666,0.060033042,0.23261984,-0.0023530987,-5.5513444,0.1199615,0.40372542,13.046324,0.36827588,-18.833906,-0.24421626,-8.482499,-1.0418086,-23.383512,-0.30464405,-5.2285743,16.210876,0.056139167,-0.010182526,0.09963165,5.0,2.238806,0.37666667,0.29454294,0.049999997,0.021602469,-35.066746,9,15,75,SPEAKER_01,2723.6,3671.833333,3144.60284375,3146.0203437500004,1,1.4175,disengaged
29.44103,0.06920661,27.923717,30.202225,31.24249,3.3187733,110.650665,0.0,76.22986,0.0,0.31164512,0.114885814,0.2878761,0.31937432,0.33711407,0.049237967,1.1476606,0.65252286,1.2551874,0.042062998,0.09694235,0.36022088,20.18897,0.13377425,-1.3105209,-1.9817898,-16.750874,-0.4634327,-28.314108,-0.28067607,0.09609225,0.94744486,1.8153521,0.27596742,3.0572026,0.45230076,-12.308437,-0.5938169,16.58301,0.36759925,983.78815,0.046726808,1277.446,0.11586151,13.013059,0.3152853,1940.8945,0.054102782,1224.9558,0.23695473,2.5539443,0.9949572,3006.661,0.07326916,848.9488,0.24001932,-2.461129,-1.3888623,-14.610096,-0.30921966,28.708073,0.14671719,0.08778705,0.1551096,-0.013873137,-0.94580126,0.10931729,0.2639349,21.398869,0.09187537,-1.6727625,-1.6468974,-21.04184,-0.1511001,-25.646925,-0.29848653,0.0,0.0,0.0,0.0,0.0,10.526316,7.142857,0.13,0.0,0.0,0.0,-35.97491,9,15,75,SPEAKER_01,2723.6,3671.833333,3146.9822187500004,3147.1847187500007,1,0.2025,disengaged
44.71151,0.05433823,43.40941,46.048225,46.410767,3.001358,98.77501,0.0,-43.439358,0.0,0.7926523,0.3508116,0.40937912,0.8831066,1.0437638,0.63438463,1.770721,3.2980278,2.4334314,0.0,0.4131152,0.5647029,15.311538,0.40836003,-13.159299,-0.6863343,-27.267494,-0.25054532,-40.712166,-0.10773487,0.027426977,0.61533487,1.1603162,0.5782997,4.4886355,0.49319214,9.195186,0.8318268,30.240795,0.1364223,797.7301,0.117645934,1694.2489,0.21839942,-47.074657,-1.706771,1677.5579,0.10000954,1243.5931,0.11262707,-44.454876,-1.435963,2835.4404,0.057900447,876.1719,0.59833187,-55.164585,-1.0801283,-11.202494,-0.5714216,26.775694,0.1932675,0.06321951,0.32038447,-0.013670334,-0.8128046,0.4802067,0.49129722,16.446375,0.2951008,-12.392999,-0.89949197,-30.030237,-0.22734001,-43.058636,-0.0925307,-12.976939,26.222393,0.064283855,-0.024691656,0.11477591,4.5454545,13.333334,0.049999997,0.02,0.02,0.0,-25.783892,9,15,75,SPEAKER_01,2723.6,3671.833333,3148.3659687500003,3148.60221875,1,0.23625,disengaged
52.338882,0.10754884,50.307674,54.83832,55.723495,5.415821,48.484276,0.0,-66.16017,0.0,1.1078203,0.33517805,0.71803254,1.1902746,1.4816656,0.7636331,3.656522,2.8172338,3.6411414,0.0035914183,0.696011,0.5097936,14.642807,0.5396182,-20.593662,-0.5470194,-30.929571,-0.22915326,-44.92344,-0.3778245,0.054715067,0.8223365,1.6628205,0.347513,4.0799203,1.0466847,21.538532,0.3398887,23.080534,0.20947698,1057.0785,0.11690007,1072.5714,0.12610509,-78.710655,-1.1727508,2037.6348,0.10400666,1437.0457,0.35843828,-77.7557,-0.9511747,2935.2683,0.05460953,949.17676,0.45598507,-76.28186,-0.9705337,-2.7855573,-1.6662937,20.813154,0.27939728,0.0687231,0.40630955,-0.0051993956,-2.7515302,0.8331675,0.3568532,10.861575,0.49780396,-26.396399,-0.22459261,-32.40416,-0.21816403,-42.538036,-0.34223527,-8.867786,22.56685,0.09219318,-0.02201165,0.516308,2.8169014,3.0303032,0.225,0.155,0.14,0.0,-19.994194,9,15,75,SPEAKER_01,2723.6,3671.833333,3148.95659375,3149.68221875,1,0.725625,disengaged
49.95945,0.08256514,46.097794,50.161163,54.45485,8.357056,49.329227,36.372448,28.23959,0.04697323,1.0135643,0.55904925,0.45644486,1.0563787,1.5489975,1.0925527,2.9753418,3.3147514,1.814229,0.0,0.6048799,0.62457997,14.60469,0.8976068,-12.795827,-1.3680394,-19.676249,-0.6248422,-48.361153,-0.32657754,0.031292863,0.65005064,1.473084,0.4065604,5.748383,0.69579935,13.044307,0.5113939,21.294184,0.54149956,934.0467,0.16885045,1162.5131,0.22558641,-72.124176,-1.2500205,1897.2064,0.13183177,1155.207,0.31187263,-67.38502,-1.0496603,2878.8723,0.050751537,742.7931,0.35122186,-67.91436,-1.0363684,-6.6837115,-1.0840632,19.514183,0.39898542,0.076594114,0.35853788,-0.015806643,-0.8916725,0.7162611,0.4925501,10.75967,0.91993964,-18.407526,-0.7314119,-21.524303,-0.60926,-50.325523,-0.28698027,-13.080098,25.474157,0.06544096,-0.032853853,0.3288526,0.7407407,2.3076923,0.32,0.31187603,0.067499995,0.049180787,-21.122042,9,15,75,SPEAKER_01,2723.6,3671.833333,3151.5047187500004,3152.87159375,1,1.366875,disengaged
50.03108,0.11297704,47.64262,51.075798,55.255978,7.6133575,82.81392,88.22133,50.61754,23.451029,1.0470283,0.36324787,0.6610294,1.0292947,1.3477954,0.68676597,2.034853,2.578777,3.6339796,0.8332958,0.48372486,0.73305404,5.575923,1.2422448,-25.575867,-0.26131395,-19.96707,-0.46815994,-32.410385,-0.2729257,0.044940706,0.809103,1.6277314,0.35341597,4.351614,0.951322,4.8648853,1.7790048,9.720043,1.0152657,997.98425,0.13402723,1080.6179,0.15530999,-59.353638,-1.434389,1978.3279,0.06684854,1050.8939,0.30543995,-54.882637,-1.3558793,2884.4763,0.04820963,862.9115,0.3175293,-55.60601,-1.3315223,-4.2107706,-1.5108465,15.222298,0.39790863,0.06718739,0.37503988,-0.010655509,-1.3461565,0.5334661,0.7336845,5.127602,1.4895611,-25.250433,-0.23905033,-18.606363,-0.4473606,-33.798927,-0.2801186,0.6161467,13.2732,0.06954883,-0.0055524777,0.37178528,2.1126761,2.919708,0.255,0.19968724,0.086666666,0.060184903,-22.218414,9,15,75,SPEAKER_01,2723.6,3671.833333,3158.0859687500006,3159.5203437500004,1,1.434375,disengaged
49.30801,0.07326548,47.686718,49.695335,52.465683,4.778965,-88.69916,87.963036,12.096769,0.0,1.1811416,0.3663098,0.8212708,1.2568693,1.5473588,0.7260879,3.8612893,2.0504458,3.5052989,0.16727613,0.48920915,0.4240154,1.2572768,4.3568525,-22.499004,-0.3886782,-14.468916,-0.66398543,-24.341349,-0.41468856,0.026543247,0.7130632,1.3624873,0.3346961,3.720294,0.824379,7.5943494,1.261844,10.066042,0.88011944,1031.7288,0.16020556,1061.5518,0.13161798,-67.83545,-1.338815,2045.628,0.09152162,1018.1811,0.21625191,-67.88333,-1.2663981,2919.2366,0.054428324,967.2708,0.2498255,-68.55162,-1.2478848,-0.023090227,-167.19379,11.194599,0.3727689,0.06453708,0.36406612,-0.0032689073,-6.3336797,0.5795999,0.2477571,-1.5322313,-2.2648988,-25.163708,-0.3050159,-12.885457,-0.7019187,-25.927177,-0.32409397,-2.1144245,12.320554,0.081522055,0.0024754158,0.4023612,2.5000002,2.6086957,0.25333333,0.16579773,0.11,0.021602469,-23.291872,9,15,75,SPEAKER_01,2723.6,3671.833333,3160.33034375,3161.54534375,1,1.215,disengaged
0.0,0.0,0.0,0.0,0.0,0.0,0.0,0.0,0.0,0.0,0.6443919,0.06404376,0.61931926,0.6392899,0.6725248,0.05320555,2.3755379,0.52906036,1.1249304,0.0,0.1533113,0.25128856,8.000515,0.121996045,-21.34731,-0.15316774,-9.195206,-0.39721215,-30.373648,-0.11346881,0.0,0.0,0.0,0.0,0.0,0.0,0.0,0.0,0.0,0.0,0.0,0.0,0.0,0.0,-201.0,0.0,0.0,0.0,0.0,0.0,-201.0,0.0,0.0,0.0,0.0,0.0,-201.0,0.0,0.0,0.0,0.0,0.0,0.0,0.0,0.0,0.0,0.0,0.0,0.0,0.0,0.0,0.0,0.0,0.0,0.0,0.0,-4.6592345,10.698993,0.087109044,-0.007148824,0.17995031,10.000001,0.0,0.0,0.0,0.04,0.0,-33.440315,9,15,75,SPEAKER_01,2723.6,3671.833333,3161.96721875,3162.08534375,1,0.118125,disengaged
41.06556,0.0006177203,41.049805,41.07589,41.08545,0.03564453,0.0,0.0,-0.015224457,0.0,0.32413855,0.064113386,0.29728374,0.3350703,0.33879918,0.04151544,1.2929718,0.65116394,1.4870778,0.0,0.10999733,0.26552352,24.610533,0.055221878,-5.4839096,-0.33123085,-30.968782,-0.09479796,-50.959435,-0.036026187,0.028373774,0.22729395,2.8051877,0.15904617,-4.0728345,-0.3592092,4.4993944,0.46217763,32.375233,0.037469335,926.21545,0.31348062,1234.7252,0.11881165,3.7172112,0.37509403,2342.2532,0.1927028,911.2136,0.2212402,-17.947916,-0.36648244,3382.416,0.16848956,1146.2123,0.21821903,-20.980091,-0.045012377,-7.061021,-0.14006072,29.037823,0.006097593,0.05853414,0.056241408,-0.028216457,-0.015241894,0.1095804,0.021139659,25.1016,0.017124904,-7.430078,-0.17751415,-33.80455,-0.022945218,-51.295662,-0.019505888,0.0,0.0,0.0,0.0,0.0,10.000001,25.0,0.03,0.0,0.0,0.0,-36.563217,9,15,75,SPEAKER_01,2723.6,3671.833333,3162.9628437500005,3163.0809687500005,1,0.118125,disengaged
50.56188,0.018311458,50.137062,50.86256,51.32079,1.1837273,161.50932,0.0,-15.24291,0.0,1.4590014,0.1305337,1.2978692,1.499003,1.5651822,0.267313,5.2017884,6.901091,10.204296,3.3506675,0.81312066,0.27223617,-7.145071,-0.8594854,-30.812744,-0.06667816,-19.419594,-0.17032129,3.6848893,1.0513983,0.012956349,0.608945,1.6119887,0.35988808,3.9623454,1.069239,-13.481492,-0.2878679,4.545624,1.8442091,992.8604,0.12765287,1098.9131,0.14577058,-49.050682,-1.595717,1962.3225,0.08656486,1189.8777,0.12219531,-42.65599,-1.7338259,2868.3196,0.03932613,800.6693,0.20906626,-46.220707,-1.5884557,17.269188,0.105474785,16.997192,0.11543503,0.04584116,0.06895027,0.018571878,0.7664796,0.995851,0.12508541,-11.530556,-0.29028642,-29.810764,-0.06524947,-18.12774,-0.13875966,5.666703,0.24729046,14.5858345,15.591654,0.0744693,0.050140753,0.824013,10.526316,7.142857,0.099999994,0.0,0.02,0.0,-19.702797,9,15,75,SPEAKER_01,2723.6,3671.833333,3203.1590937500005,3203.36159375,1,0.2025,disengaged
51.605698,0.022406796,51.24669,51.775036,52.366913,1.120224,30.712149,0.0,-6.6557317,0.0,1.4176705,0.14110172,1.2863864,1.4804386,1.5941087,0.30772233,5.6356244,0.11711645,5.7369895,0.914292,0.53900665,0.4314303,-6.4730453,-0.37498602,-17.73263,-0.36924374,-28.816149,-0.15556294,-11.48777,-0.63076603,0.012439437,0.72237545,1.2761705,0.32402766,9.220956,0.3255278,17.169107,0.6552291,20.344276,0.4183868,559.155,0.36826274,1196.8398,0.16339874,25.643394,0.2848426,1667.8899,0.13992713,1142.2482,0.12607224,4.5878906,1.8620418,2654.1272,0.050238285,834.106,0.22674909,-0.55274904,-12.211634,16.01216,0.23170672,14.431495,0.46075428,0.05447804,0.22181188,-0.0027022888,-1.421147,0.5181411,0.38043,-5.6900597,-0.31299514,-15.640555,-0.3100146,-28.802122,-0.16898876,-13.930634,-0.31449082,0.0,0.0,0.0,0.0,0.0,5.555556,3.3333335,0.29,0.0,0.0,0.0,-18.790369,9,15,75,SPEAKER_01,2723.6,3671.833333,3223.5440937500007,3223.91534375,1,0.37125,disengaged
42.058292,0.0,42.058292,42.058292,42.058292,0.0,0.0,0.0,0.0,0.0,1.6400999,0.038772263,1.5861381,1.6650332,1.6892607,0.10312259,0.02523067,0.0,0.0,0.0,0.5808628,0.32584542,-7.561866,-0.29584277,-29.493631,-0.045984726,-25.966158,-0.027928622,4.4110317,0.23725855,0.0,0.0,1.7919294,0.0,-0.45071983,0.0,-21.860477,0.0,-23.091255,0.0,1192.4489,0.0,1832.6804,0.0,5.365739,0.0,1528.9608,0.0,1845.8846,0.0,43.13815,0.0,2805.5952,0.0,1202.9303,0.0,23.858082,0.0,14.956001,0.0,19.344711,0.0,0.06408807,0.0,0.014572449,0.0,0.0,0.0,-9.445016,0.0,-26.693882,0.0,-25.893305,0.0,6.9041495,0.0,0.0,0.0,0.0,0.0,0.0,0.0,0.0,0.0,0.0,0.0,0.0,-18.769432,9,15,75,SPEAKER_01,2723.6,3671.833333,3223.9659687500007,3224.03346875,1,0.0675,disengaged
51.598625,0.03624132,50.1166,52.07743,53.677193,3.5605927,41.75805,0.09201622,22.188776,15.912728,0.669364,0.3114719,0.46897793,0.64482343,0.91436195,0.44538403,4.090349,3.672523,3.607766,0.7100326,0.19874874,0.46447054,2.8504794,1.551092,-22.963396,-0.23453958,-15.227922,-0.2793329,-16.076777,-0.3638773,0.030503018,0.5319776,1.4021118,0.41362002,2.6189187,1.207002,-0.042364262,-144.24883,4.5322204,0.9817141,1002.92456,0.15173759,1158.4004,0.23940441,-85.60628,-1.0444775,1848.775,0.106906824,1465.8434,0.31870705,-75.17469,-1.1484007,2748.0789,0.06810957,921.14374,0.2217679,-76.52927,-1.1004002,-0.021003475,-241.69489,10.685288,0.39794716,0.07359084,0.23908783,-0.0068090623,-1.4154866,0.22092824,0.40066144,2.912199,1.7751085,-22.156742,-0.2414937,-14.958323,-0.30997187,-15.82025,-0.41991368,1.7844312,9.318025,0.057723336,-0.004939371,0.19583872,4.6875,5.172414,0.11666667,0.04921608,0.089999996,0.06,-31.653704,9,15,75,SPEAKER_01,2723.6,3671.833333,3225.90659375,3226.56471875,1,0.658125,disengaged
44.698944,0.09376681,38.721085,45.46699,48.630604,9.909519,202.7688,0.0,-77.14196,0.0,0.4065553,0.18020926,0.35504326,0.40840244,0.4785375,0.12349424,1.8522496,2.0245054,3.0437784,0.0,0.16815244,0.41347966,14.43332,0.19954436,6.83308,0.29538968,-15.9408045,-0.20742439,-36.257153,-0.112587616,0.06195817,0.47397652,1.9926904,0.16499473,7.1838813,0.10408498,2.9118536,1.6720505,15.409964,0.998403,856.34467,0.075790435,1221.9441,0.06797628,-18.343798,-1.1159165,1882.5627,0.048583582,970.4282,0.146083,-23.40817,-0.30448565,2970.8616,0.014258009,686.53925,0.073574424,-31.414455,-0.27092105,-17.237503,-0.15639725,26.857714,0.07773925,0.09981907,0.18511222,-0.031475954,-0.15775454,0.20811401,0.25733694,16.246443,0.1093625,5.941613,0.23662874,-17.474802,-0.17512126,-36.308125,-0.106445394,0.0,0.0,0.0,0.0,0.0,5.882353,9.090909,0.099999994,0.0,0.0,0.0,-31.50983,9,15,75,SPEAKER_01,2723.6,3671.833333,3227.8640937500004,3228.0497187500005,1,0.185625,disengaged
49.22397,0.0269264,48.383404,49.18753,50.46287,2.0794678,11.115338,0.0,-7.968556,0.0,0.985227,0.3681562,0.66311216,1.1675124,1.2454286,0.5823164,2.2508593,0.44513354,5.8061595,2.9474702,0.34085658,0.5593162,-6.4708295,-1.5265009,-18.816288,-0.5519506,-11.395204,-0.32122886,-3.12176,-2.3719134,0.01595741,1.2985677,1.279311,0.37229875,6.6271086,0.48816195,-13.743802,-0.54430497,0.6109098,7.9956837,955.07135,0.19032502,1023.54645,0.28688502,-17.831438,-2.886414,1938.999,0.07221819,1103.1638,0.14511578,-12.990041,-3.7853036,2880.8691,0.048741654,784.86926,0.2307295,-15.417803,-3.1700153,10.643964,0.72400427,10.729167,0.4259451,0.066324756,0.23706786,0.026585888,0.3829592,0.3455933,0.517807,-7.5242014,-1.1338387,-20.3868,-0.30275664,-11.1813135,-0.33165675,-2.573279,-2.902886,-13.773542,25.500055,0.0753131,-0.0091375075,0.04505701,3.125,1.724138,0.53,0.0,0.03,0.0,-24.660069,9,15,75,SPEAKER_01,2723.6,3671.833333,3228.26909375,3228.92721875,1,0.658125,disengaged
46.295177,0.024501204,45.38067,46.68689,46.83262,1.4519501,-46.484333,0.0,7.9347744,0.0,0.61072296,0.24916057,0.4854235,0.55190915,0.7939592,0.3085357,3.0938685,1.0873759,3.285863,1.5617155,0.24284767,0.45199803,6.466344,0.70640105,-23.602564,-0.248926,-29.122253,-0.16834465,-15.327972,-0.6467941,0.016384741,0.36427504,1.598592,0.20954798,6.335554,0.36570588,-8.398402,-0.49003017,17.597837,0.24130863,1017.6436,0.080166295,1094.9813,0.13244393,17.99166,0.46228227,2045.5029,0.058929414,1190.7941,0.20000951,-1.6079618,-5.570819,2855.6184,0.042233672,1036.3019,0.24762584,-4.4079432,-1.2845954,8.690745,0.45428565,20.735725,0.13144702,0.051146045,0.27555218,0.024072625,0.24275109,0.271925,0.43456802,3.8197498,0.7909433,-26.90554,-0.1486551,-28.321972,-0.18452635,-10.296766,-0.7531063,0.0,0.0,0.0,0.0,0.0,10.810811,4.0,0.24,0.0,0.0,0.0,-28.551085,9,15,75,SPEAKER_01,2723.6,3671.833333,3229.9059687500003,3230.2940937500007,1,0.388125,disengaged
44.549885,0.0,44.549885,44.549885,44.549885,0.0,0.0,0.0,0.0,0.0,1.372418,0.09301691,1.2577007,1.3239185,1.5041854,0.24648476,2.0035088,0.0,5.100453,0.0,0.5806162,0.69726956,-7.8919415,-0.05734919,-16.52102,-0.14035489,-27.35063,-0.12420261,-4.676712,-1.2486367,0.01821639,0.6591004,1.0486784,0.16704072,9.516769,0.2242898,-13.195967,-0.37572458,1.4430007,2.1977632,740.46765,0.2091764,1119.325,0.07763435,9.227679,0.3090513,1931.0935,0.07772737,773.9634,0.06900143,6.642044,0.42484993,2910.1865,0.03191238,737.12787,0.05893215,0.9968446,7.6411195,11.115657,0.08257056,14.533229,0.08185891,0.0850416,0.08553684,0.03389506,0.039979134,0.29245886,0.121970914,-8.067848,-0.13751237,-14.484793,-0.016429244,-24.769917,-0.1410985,-9.625896,-0.29819432,0.0,0.0,0.0,0.0,0.0,11.111112,0.0,0.0,0.0,0.0,0.0,-19.939617,9,15,75,SPEAKER_01,2723.6,3671.833333,3234.66471875,3234.76596875,1,0.10125,disengaged
50.57113,0.037212603,49.18811,50.569897,51.953903,2.7657928,0.0,0.0,-1.5365511,0.0,1.036651,0.11735909,0.96074986,0.97711897,1.1353711,0.17462122,0.0,0.0,-0.043081053,0.0,0.44048554,0.35125327,0.301846,6.655741,-26.429192,-0.043172024,-22.535236,-0.07999753,-13.257647,-0.18587331,0.053990234,0.24400501,1.2088962,0.092977874,4.1142793,0.102171145,6.3092794,2.3861756,8.986063,0.73129064,1096.2549,0.012290108,1098.2832,0.06309274,14.610191,0.38527805,2278.4282,0.010353319,913.4971,0.078811474,-4.992439,-0.7771812,3090.986,0.0013657849,609.00604,0.062406708,1.5787072,1.4952956,12.374308,0.10667624,14.8659315,0.02015735,0.083165206,0.023260629,0.045652367,0.011088442,0.6854465,0.04235143,-1.53015,-1.2696257,-25.526676,-0.04267561,-20.78533,-0.06713133,-10.414789,-0.041114345,0.0,0.0,0.0,0.0,0.0,0.0,33.333336,0.02,0.0,0.0,0.0,-24.092949,9,15,75,SPEAKER_01,2723.6,3671.833333,3235.0359687500004,3235.13721875,1,0.10125,disengaged
48.486988,0.040050376,46.46147,50.02069,50.05902,3.5975494,179.8701,0.0,83.11957,60.317482,0.62349504,0.16112576,0.5125145,0.6468768,0.71204865,0.19953418,2.2107875,0.6294791,2.303955,0.16289258,0.23624074,0.38157663,8.511096,0.2482798,-14.449168,-0.25797644,-23.035852,-0.2235155,-38.112995,-0.2743129,0.089721896,0.7267687,1.6710074,0.07674867,4.071838,0.65974563,8.35323,1.8284,20.226902,0.46405387,661.3865,0.28678232,1273.2318,0.09093324,-146.50592,-0.5831222,1724.2401,0.13015628,1144.6211,0.08489921,-124.79711,-0.7141481,2787.5918,0.04698657,840.016,0.19316016,-127.14851,-0.6781351,1.9050517,2.3621655,21.461424,0.17872502,0.08171938,0.1735996,0.015491287,1.1811783,0.27802873,0.29538867,8.47,0.30982575,-18.164196,-0.20999195,-26.10082,-0.21283229,-28.061224,-0.43863034,-4.6772,17.12929,0.08273277,-0.01835546,0.25970003,6.25,3.7037039,0.099999994,0.0,0.14999999,0.0,-30.461992,9,15,75,SPEAKER_01,2723.6,3671.833333,3235.1709687500006,3235.50846875,1,0.3375,disengaged
44.515152,0.087568134,41.602623,41.74674,49.815063,8.2124405,63.447193,0.0,-0.29894513,0.0,0.78654826,0.18999636,0.6465558,0.7625239,0.9525983,0.3060425,3.651493,0.7561435,2.82716,1.0951359,0.30098543,0.38536814,5.3210683,0.66351837,-19.834463,-0.23946023,-22.76498,-0.23345804,-33.871956,-0.1694022,0.038140953,0.4716098,1.4335219,0.28343514,3.084903,0.99054426,13.98626,0.48676956,21.630882,0.15098262,899.69464,0.1629082,1110.0131,0.10849115,-88.705765,-1.0775844,1983.8248,0.08948728,1015.9117,0.33899844,-85.798996,-1.0523796,2862.1514,0.06648949,986.4335,0.17380221,-86.65096,-1.03671,-6.8775754,-0.48695526,16.953142,0.23652513,0.089205764,0.116953075,-0.022722095,-0.378331,0.37894303,0.29112542,7.3574705,0.40883,-19.550575,-0.25620535,-24.138693,-0.1576787,-35.552246,-0.11051834,-2.4689708,12.084502,0.07820314,-0.018202752,0.23144743,7.1428576,5.714286,0.089999996,0.03,0.055,0.015,-28.338257,9,15,75,SPEAKER_01,2723.6,3671.833333,3236.87534375,3237.31409375,1,0.43875,disengaged
47.909904,0.0082969405,47.54812,47.711597,48.390594,0.8424759,8.25386,0.0,16.677984,0.0,0.4177317,0.05984742,0.40157506,0.42315575,0.43529314,0.03371808,1.4337156,0.15218729,0.49139452,1.1538298,0.17900082,0.33694363,19.32675,0.15052843,11.646851,0.10346088,-17.661871,-0.07905048,-47.12229,-0.07505275,0.05896404,0.31253093,1.3732998,0.40404755,7.5878267,0.3627355,27.05247,0.08038774,24.027582,0.08199925,903.5445,0.018972792,1051.513,0.075411364,-15.828181,-0.06611118,2129.4912,0.029754482,810.2151,0.13177158,-39.163143,-0.05425804,3013.5073,0.038117472,1042.4451,0.3329346,-39.855762,-0.043912493,-25.184034,-0.052060504,34.320835,0.044412594,0.10716503,0.079877585,-0.04799087,-0.070062526,0.20359123,0.26887923,21.270252,0.09958517,12.222722,0.09574667,-16.978256,-0.026809108,-44.971676,-0.055266384,0.0,0.0,0.0,0.0,0.0,13.333334,11.111112,0.08,0.0,0.0,0.0,-29.689247,9,15,75,SPEAKER_01,2723.6,3671.833333,3237.71909375,3237.8878437500007,1,0.16875,disengaged
51.28457,0.012756503,51.135757,51.30642,51.794777,0.6590195,88.31952,102.160965,-2.0499256,7.4080076,1.0883713,0.22472951,0.9078765,1.1212826,1.3037057,0.3958292,3.6206186,1.7058424,4.9975805,1.0059413,0.419709,0.42855173,-3.60969,-1.2237474,-16.98552,-0.45552027,-26.954756,-0.16403124,-26.783688,-0.221199,0.014338538,0.91421694,1.1810706,0.4273149,7.396593,0.623349,21.921091,0.31533578,18.59526,0.38734987,875.7859,0.19407375,1219.9761,0.12549648,10.685016,2.612912,1987.9375,0.11021803,1035.4404,0.25869632,-10.332679,-2.2279904,2818.7961,0.061145473,1082.2742,0.30529878,-6.922436,-3.1965632,10.9819975,0.41086566,11.198273,0.32864246,0.05958732,0.2186337,-0.008372944,-1.3335334,0.44231078,0.39351186,-4.5242624,-0.7643272,-16.065317,-0.46542662,-27.467619,-0.15400596,-27.626171,-0.20031554,6.4586554,7.619953,0.07393783,0.019650456,0.37983668,5.813954,2.5000002,0.38,0.34,0.0,0.0,-22.057104,9,15,75,SPEAKER_01,2723.6,3671.833333,3241.9715937500005,3242.84909375,1,0.8775,disengaged
49.284733,0.017633842,49.24096,49.475723,49.744537,0.5035782,23.670992,7.5670342,6.4676075,0.0,1.1914204,0.09382254,1.0924311,1.2126728,1.2789454,0.18651438,6.0882545,1.7262768,3.427321,3.7070858,0.4668274,0.30949154,-9.68603,-0.20966066,-25.411827,-0.08925984,-13.2793865,-0.20911178,-12.013417,-0.48383704,0.0061301123,1.1717389,0.9627749,0.27916223,9.57732,0.23490615,-11.25698,-0.56120145,1.1877376,3.252153,986.0581,0.1826517,983.65533,0.096408896,0.11319382,43.085682,2058.2756,0.11181854,1057.2863,0.19048946,0.2053224,30.072906,2934.0562,0.06482559,865.99286,0.2740225,-1.7769554,-2.2387083,11.447055,0.31716347,12.806636,0.26494175,0.07679176,0.11800287,0.037729748,0.17210886,0.46789524,0.22653085,-8.992889,-0.17801143,-24.959324,-0.090979606,-13.2245035,-0.22625282,-12.19004,-0.50542873,0.0,0.0,0.0,0.0,0.0,9.67742,4.0,0.24,0.0,0.0,0.0,-23.236204,9,15,75,SPEAKER_01,2723.6,3671.833333,3244.18221875,3244.5028437500005,1,0.320625,disengaged
41.49977,0.100552276,38.64131,39.10352,45.613117,6.9718056,55.2504,37.772156,242.21582,0.0,0.45033383,0.29271337,0.30001876,0.47604212,0.59050816,0.2904894,1.0575924,2.051708,1.9423707,0.0,0.17882498,0.44919315,17.887354,0.1227852,0.4838339,6.213928,-12.802107,-0.30762535,-28.60902,-0.18124579,0.044482958,0.7278586,1.5800079,0.21584648,7.3980165,0.36292946,12.178211,0.42281285,27.907509,0.3222568,937.7705,0.0496264,1278.8387,0.07928138,-44.587658,-1.6198262,2039.5253,0.029969586,788.2488,0.20034225,-51.94361,-1.3361714,3143.7422,0.056668956,946.27545,0.15808088,-57.161964,-1.1679336,-17.790407,-0.09625353,24.867657,0.13525163,0.08322087,0.15550801,-0.04329913,-0.112665735,0.22783235,0.21852171,17.854206,0.12657516,-0.07491501,-45.161346,-12.978549,-0.36547336,-31.227474,-0.09668802,-15.495172,22.815552,0.074064866,-0.034103937,0.12859017,3.2258065,3.846154,0.19999999,0.0,0.04,0.0,-29.177067,9,15,75,SPEAKER_01,2723.6,3671.833333,3246.29159375,3246.6122187500005,1,0.320625,disengaged
48.781094,0.006018018,48.59951,48.654766,49.12741,0.5279007,5.944538,0.0,6.3251815,5.727004,0.85476744,0.16798629,0.7032587,0.81958455,1.0043219,0.30106324,2.0590088,0.7545152,0.26059252,1.3871357,0.2559744,0.33997667,0.7659131,3.1214242,-20.101748,-0.10930395,-22.546793,-0.15290493,-30.402878,-0.13653764,0.029558256,0.4800078,1.5073539,0.35358173,3.9964137,0.6629075,14.963094,0.399349,15.905687,0.3784903,562.34985,0.46642098,1361.543,0.08678481,-178.95142,-0.27498487,1594.9326,0.15413772,1142.0686,0.049158257,-129.77077,-0.6541209,2612.8142,0.0726374,875.3857,0.09463831,-130.02786,-0.64974374,-3.7943475,-0.5981398,12.511443,0.23305148,0.069568664,0.1455835,-0.00850077,-1.402914,0.2631109,0.34749493,1.2432854,1.3654277,-18.90209,-0.119461484,-22.431389,-0.16943698,-30.839844,-0.11350479,-2.3302405,11.6663685,0.070681736,-0.013234044,0.28716215,4.878049,5.714286,0.055,0.005,0.099999994,0.03,-28.96586,9,15,75,SPEAKER_01,2723.6,3671.833333,3247.06784375,3247.48971875,1,0.421875,disengaged
46.67177,0.11901845,45.49029,49.63736,50.830368,5.3400764,63.625103,0.0,-2.0429611,0.0,0.36556455,0.28404686,0.27958256,0.35778627,0.4575055,0.17792293,1.8478811,0.5175832,0.88073945,0.26222932,0.102006145,0.484002,13.012995,0.2948716,0.43921423,25.237171,-4.5545654,-1.738014,-31.487696,-0.33323494,0.02449989,0.5095644,1.4065019,0.38244054,7.265389,0.301886,13.902862,0.6480801,16.936693,0.6300911,879.5917,0.14856376,1132.3468,0.1717181,-115.49365,-0.80564964,1964.4205,0.07293419,796.5387,0.23668204,-116.55716,-0.73475015,2875.3247,0.053181376,858.2501,0.16391061,-116.57732,-0.73245364,-10.586133,-0.34386864,17.45425,0.24684916,0.07706666,0.20795569,-0.022586979,-0.30912688,0.122425094,0.4092444,13.566005,0.27389756,-7.6370935,-1.2191681,-7.1663575,-1.0501411,-29.924948,-0.2687604,-10.760378,16.381575,0.071173705,-0.024775079,0.09112249,3.2,3.3333335,0.13,0.09354143,0.14999999,0.14474115,-35.761932,9,15,75,SPEAKER_01,2723.6,3671.833333,3248.68784375,3249.95346875,1,1.265625,disengaged
51.38179,0.017784342,51.507572,51.704624,51.796852,0.28927994,114.024734,0.0,1.9682475,0.0,1.3639508,0.06159132,1.2785637,1.3566191,1.4379388,0.15937507,3.4612372,0.97881675,4.192332,1.547132,0.3641129,0.28565985,-17.741148,-0.119714595,-14.151374,-0.18848781,-9.435538,-0.44911084,3.1862936,1.8465143,0.005883401,1.0295087,0.93068385,0.38261715,6.9017453,0.33044994,-13.278974,-0.5280568,-7.8932962,-1.0415053,950.28015,0.19179736,784.1542,0.20861901,-2.9386756,-1.879875,1990.0247,0.08610372,907.571,0.10711283,2.1803858,2.0285888,2961.1704,0.054081257,669.36414,0.11165766,5.6773376,1.1956578,14.669985,0.23875646,4.8876433,0.8479604,0.039464395,0.13727407,-0.010553843,-0.16936933,0.40940255,0.19228444,-17.16348,-0.10911139,-13.387236,-0.19226605,-7.7052226,-0.42405903,2.7578797,2.3065424,0.0,0.0,0.0,0.0,0.0,8.333334,5.555556,0.17,0.0,0.0,0.0,-23.179352,9,15,75,SPEAKER_01,2723.6,3671.833333,3267.4022187500004,3267.6553437500006,1,0.253125,disengaged
51.879013,0.011101392,51.605785,52.09332,52.355515,0.74972916,-8.566976,7.464662,6.194911,0.0,1.2056597,0.15923256,1.0819631,1.2225039,1.3650347,0.28307164,3.5587082,1.4602958,5.520702,2.8213625,0.33015382,0.35927057,-10.740407,-0.54221183,-25.709734,-0.23702164,-8.841456,-0.8284259,-5.6993012,-1.5168755,0.0058991523,0.9354582,0.9660731,0.29239556,6.269924,0.4731624,-3.8848429,-1.3329381,1.3465544,4.7454224,826.9808,0.33996615,1008.5393,0.26898888,-35.903835,-2.2008572,1846.7422,0.16806974,998.05023,0.27799147,-20.135557,-3.2667274,2786.422,0.08592823,830.19745,0.36091113,-21.475878,-3.0267086,13.620679,0.24998951,4.169147,1.0803255,0.04128793,0.29483652,0.0021342605,5.262295,0.33974835,0.34168068,-12.680498,-0.3535728,-24.339598,-0.24252582,-7.4867706,-0.98394734,-5.0469956,-1.8196683,9.9167,10.338568,0.064450495,0.03147488,0.3372829,4.2253523,1.5151516,0.57,0.0,0.07,0.0,-25.16693,9,15,75,SPEAKER_01,2723.6,3671.833333,3267.73971875,3268.46534375,1,0.725625,disengaged
49.688282,0.035545886,48.17009,49.535706,50.095924,1.9258347,7.5476394,4.9446106,216.21933,0.0,1.1433699,0.15685137,0.98631275,1.1697994,1.309705,0.32339227,4.2322264,2.3081293,3.8970602,0.97389895,0.43290868,0.3662361,-9.058258,-0.42399102,-27.118862,-0.12981048,-13.009981,-0.3494002,0.12536174,55.589222,0.01233452,1.031981,1.2591712,0.32457998,7.747721,0.3373478,-11.403832,-0.9153001,1.7064704,4.814002,958.7412,0.22269772,1156.7941,0.3770125,4.97679,1.4369344,2046.611,0.11345678,1173.6549,0.30066088,4.0235972,2.7095172,2848.6826,0.06794237,1093.2933,0.42667794,3.87986,1.6315559,14.004952,0.2978977,11.624431,0.4396214,0.061899044,0.26593524,0.03774509,0.29642177,0.4517591,0.33303314,-9.531426,-0.37322178,-26.913149,-0.1308993,-13.253028,-0.3472193,-0.22638175,-31.103487,0.0,0.0,0.0,0.0,0.0,7.0,1.0752689,0.91999996,0.0,0.0,0.0,-23.499533,9,15,75,SPEAKER_01,2723.6,3671.833333,3270.74346875,3271.7559687500006,1,1.0125,disengaged
43.782818,0.080441676,41.543976,43.440277,46.35147,4.807495,41.176132,20.19277,192.4532,91.79555,0.5567879,0.16750422,0.46617776,0.5404912,0.6448043,0.17862654,1.6688411,0.30955377,1.8526561,0.4923568,0.18142997,0.47124416,16.223045,0.20825572,-11.239359,-0.42366838,-16.002234,-0.39239803,-23.832033,-0.38863418,0.03891504,1.1356754,1.6564755,0.44302964,4.2018104,0.5730568,-1.4816254,-6.0066633,21.092154,0.2888257,919.738,0.13456497,1261.5038,0.1113162,-38.291107,-2.0830517,1979.7024,0.0783185,1190.7982,0.40331164,-47.262897,-1.478282,2893.0386,0.07239591,1037.3754,0.38911563,-53.024532,-1.2572867,-4.5602975,-0.98863065,17.980526,0.27353355,0.06091989,0.1939783,-0.018105267,-0.59985405,0.18373501,0.48414427,16.234684,0.1939744,-12.094324,-0.31169024,-17.873875,-0.30877516,-25.215532,-0.37526494,-7.1634912,15.296958,0.058555663,-0.019711249,0.19109823,5.479452,5.9701495,0.122499995,0.06647368,0.036666665,0.023570227,-31.775717,9,15,75,SPEAKER_01,2723.6,3671.833333,3275.28284375,3276.0253437500005,1,0.7425,disengaged
45.751026,0.021389386,44.96588,45.29221,47.32985,2.363968,12.8057,1.5872504,8.86972,3.5988,0.5261931,0.46802536,0.44113016,0.52671707,0.7599289,0.31879872,-1.1330372,2.6565442,2.4985898,0.0,0.15033285,0.5743219,9.621022,0.5385911,-20.239061,-0.46515584,-10.321693,-0.7367335,-19.19117,-0.44077355,0.026714684,0.49712357,1.8731751,0.24430947,2.6828103,1.021397,9.360818,0.43255472,18.085342,0.32983172,909.1594,0.18765968,1308.5624,0.09056993,-10.777153,-4.1481943,1890.5723,0.08733178,1103.8822,0.24839683,-16.918028,-2.3583417,2833.2012,0.07518566,956.82947,0.26302785,-20.149637,-1.9576504,-3.0137472,-1.0146493,11.929601,0.31658876,0.055738494,0.21149312,0.0023405906,4.255022,0.1794384,0.3830121,11.011362,0.3884613,-23.538542,-0.25641564,-12.748084,-0.46521297,-21.29182,-0.26843503,-2.0772233,8.466197,0.07077128,0.017801449,0.09347537,2.4390244,2.777778,0.32999998,0.0,0.0,0.0,-32.922714,9,15,75,SPEAKER_01,2723.6,3671.833333,3276.4978437500004,3276.9197187500004,1,0.421875,disengaged
48.05077,0.031517852,45.90161,48.67213,49.430714,3.5291023,36.818775,0.0,-19.127083,0.0,0.9507155,0.1741986,0.8028851,0.9581854,1.0868453,0.28396016,-0.22899747,2.6441267,4.1148543,0.0,0.3599252,0.29337144,7.191292,0.618932,-34.999542,-0.16913527,-19.716473,-0.2967896,-16.895834,-0.38843375,0.026088057,0.32375157,1.6044941,0.27014503,0.01572876,117.85471,2.6112983,2.6290722,13.241371,0.39941043,1065.9607,0.072629996,1081.1014,0.06608951,-69.16645,-1.4192333,1999.5164,0.021031408,1047.6772,0.18138513,-66.32228,-1.4237036,2884.316,0.031921703,1141.9723,0.48873392,-70.23901,-1.3058125,1.7104573,1.9642975,9.336801,0.28673062,0.06392554,0.18990704,0.017953679,0.89899945,0.32336783,0.27740747,3.963703,0.6711145,-35.817604,-0.2076891,-15.72289,-0.3113072,-16.011148,-0.51939136,3.3780491,14.835884,0.07937604,0.012163935,0.45928568,3.2258065,3.846154,0.16,0.0,0.08,0.0,-27.209896,9,15,75,SPEAKER_01,2723.6,3671.833333,3277.7634687500004,3278.0840937500006,1,0.320625,disengaged
37.167496,0.00036891544,37.157238,37.16336,37.176926,0.019687653,0.0,0.0,-0.010938008,0.0,0.8502156,0.26764593,0.707235,0.90810895,1.0235659,0.3163309,7.2056236,0.0,-4.1335,0.0,0.357371,0.31922677,13.26595,0.55030936,-28.250425,-0.36176288,-26.29264,-0.17171516,-24.496613,-0.29647908,0.0,0.0,1.4741552,0.0,1.3303692,0.23175877,-31.61812,-0.02781082,1.6231245,0.2641632,706.9775,0.2562304,1550.3156,0.027530048,-167.13902,-0.419715,1442.1914,0.04535728,1388.6538,0.1723365,-166.97476,-0.42366275,2789.3457,0.019637503,721.65393,0.045356486,-170.15805,-0.37666366,-10.85736,-0.037753593,29.64072,0.025129862,0.048138812,0.053248025,-0.019886615,-0.02759553,0.21304274,0.0,27.785692,0.0884145,-4.5305114,-0.73805946,-21.950022,-0.16310418,-37.85395,-0.116417855,-0.21848574,16.23549,0.0656897,-0.002364411,0.4126693,4.166667,5.263158,0.02,0.0,0.14999999,0.0,-27.69507,9,15,75,SPEAKER_01,2723.6,3671.833333,3278.3034687500003,3278.5565937500005,1,0.253125,disengaged
42.78086,0.003788756,42.63333,42.72818,42.982388,0.34905624,4.1982822,0.0,-2.8892517,0.0,0.29449666,0.116870984,0.26541358,0.2996585,0.3255917,0.06017813,1.3461576,0.07662575,2.0954058,0.0,0.0493692,0.35282153,20.284355,0.17688896,-16.765587,-0.31329393,-17.199884,-0.3014002,-8.774159,-0.70325714,0.01281807,0.9361252,1.1174732,0.2771105,8.745379,0.20290668,7.706618,0.46111786,24.288706,0.2558677,1007.4652,0.117579475,1241.8881,0.21547502,-3.9954255,-1.5343704,1905.0457,0.08032738,1222.6606,0.2855536,-5.7616487,-0.7681462,3027.4526,0.05117112,1155.9055,0.52139956,-22.673214,-0.35574046,-0.9396436,-4.8446417,21.08106,0.27618635,0.046321988,0.19766322,0.0024756303,1.4460809,0.045522686,0.090373114,20.685314,0.19794966,-15.97563,-0.3690476,-18.883543,-0.24815221,-6.914473,-0.56166357,0.0,0.0,0.0,0.0,0.0,5.263158,7.142857,0.13,0.0,0.0,0.0,-40.51641,9,15,75,SPEAKER_01,2723.6,3671.833333,3279.73784375,3279.9403437500005,1,0.2025,disengaged
50.744503,0.053178556,48.818497,50.497173,53.096775,4.2782784,96.22412,91.63578,27.99618,15.2189665,0.78656596,0.31531852,0.55785334,0.7726196,1.0430474,0.4851941,4.0705523,1.419913,3.458815,1.6121444,0.3381027,0.553746,8.426052,0.75709164,-17.461195,-0.6610035,-13.352995,-1.0051591,-30.268532,-0.36349356,0.030866371,1.075034,1.6004531,0.28341454,6.24227,0.5228957,6.655167,1.7099682,10.954901,0.9942163,959.64734,0.14461173,1147.3179,0.1838977,-50.20283,-1.5443993,1895.4453,0.089535944,1017.91,0.28942513,-48.940754,-1.3980252,2864.4875,0.049408793,806.14856,0.3411262,-50.86045,-1.3116884,-3.877997,-1.050487,15.067481,0.43705752,0.077716,0.2548721,-0.009280014,-1.9465663,0.37963393,0.47259197,8.609042,0.5583376,-19.669989,-0.46191546,-15.649565,-0.83124614,-31.636702,-0.3546733,-2.7800465,12.029839,0.059301287,-0.008970915,0.17308363,4.597701,1.183432,0.69,0.03,0.086666666,0.026246693,-25.882633,9,15,75,SPEAKER_01,2723.6,3671.833333,3280.5984687500004,3282.3534687500005,1,1.755,disengaged
48.004242,0.05505346,45.0485,49.450558,49.858894,4.8103943,26.04133,13.861302,18.784485,9.836614,0.7090307,0.3223694,0.52078635,0.69867635,0.91010624,0.3893199,4.37495,2.1550465,2.2438023,1.1216155,0.2681216,0.5266189,11.085389,0.5649118,-19.251791,-0.5115227,-8.042068,-1.4351858,-27.779945,-0.34613606,0.016631272,0.79095817,1.2981786,0.3451118,7.126264,0.41671646,10.294436,0.8706189,13.384279,0.71715134,931.1397,0.1820875,1158.956,0.14806968,-69.03122,-1.279475,1901.9762,0.086924165,1036.6555,0.23779643,-67.002365,-1.2255737,2854.8447,0.06330988,839.79376,0.19092165,-68.856346,-1.173517,-4.671847,-0.99752104,14.26207,0.44037428,0.08861612,0.1929478,-0.0023523695,-4.3297358,0.29011536,0.514843,9.239581,0.5935785,-20.260149,-0.53541976,-8.698042,-1.3617744,-28.14273,-0.334772,-5.1934366,14.412953,0.06923763,-0.014708712,0.23374215,2.843602,1.9417477,0.3575,0.26479945,0.1375,0.06977643,-28.226484,9,15,75,SPEAKER_01,2723.6,3671.833333,3283.9059687500003,3286.0322187500005,1,2.12625,disengaged
45.952595,0.09346869,42.5607,46.97837,48.20393,5.6432304,37.468918,50.62652,42.047523,15.613217,0.38689798,0.26176116,0.31323618,0.3770856,0.44472706,0.13149089,1.9943832,0.8829574,1.002341,0.7674147,0.11557161,0.36908758,18.343456,0.25589994,-12.005332,-0.6863472,-5.906973,-1.6039339,-26.828623,-0.31621134,0.032668293,0.53185755,1.805018,0.42810547,4.5256557,0.49072477,12.191527,0.67251253,17.853077,0.27752537,851.681,0.17518982,1246.7179,0.17157696,-89.89484,-0.979596,1899.3105,0.10331977,984.4475,0.37491027,-88.901474,-0.89076835,2818.205,0.071484104,897.45496,0.30864778,-90.25375,-0.86727643,-7.5126495,-0.64314675,15.788177,0.3525838,0.0685746,0.34144047,-0.017028539,-0.6472003,0.11768456,0.38087514,18.326073,0.25541452,-13.128902,-0.6380934,-7.1549788,-1.3168676,-27.825653,-0.32295048,-7.0111794,15.714645,0.05919102,-0.016687775,0.11777793,4.166667,6.47482,0.08333333,0.051424164,0.044999998,0.022912879,-36.235054,9,15,75,SPEAKER_01,2723.6,3671.833333,3286.7578437500006,3288.2090937500006,1,1.45125,disengaged
49.850048,0.05237413,48.113983,50.21805,51.479256,3.3652725,25.246178,2.5563583,0.60573894,11.7319355,0.6928493,0.2917047,0.5025346,0.7277435,0.8704622,0.36792755,4.7996445,3.4111147,3.535399,1.755256,0.29456332,0.48758423,12.197295,0.54072046,-8.14627,-1.892698,-6.600539,-1.8338351,-36.94656,-0.3485614,0.022029286,0.481639,1.3661851,0.30556485,7.768764,0.41602975,10.98395,0.6448206,11.185116,0.76179653,954.0419,0.12474289,1104.5339,0.11588384,-75.0157,-1.1773511,2025.4603,0.08960711,846.4811,0.40966782,-77.553276,-1.0404929,2946.0886,0.050620392,873.25476,0.35782993,-77.36047,-1.0406972,-8.345437,-0.5003437,15.923968,0.32565576,0.0772705,0.33540428,-0.02018708,-0.7514961,0.30704623,0.31047702,10.068656,0.55776846,-16.074804,-0.68991226,-11.182349,-0.80506456,-38.196156,-0.36030546,-8.80504,16.943766,0.048804406,-0.022162206,0.29253507,4.3478265,1.1173185,0.61,0.59,0.17333333,0.026246693,-26.513775,9,15,75,SPEAKER_01,2723.6,3671.833333,3294.73971875,3296.59596875,1,1.85625,disengaged
39.31285,0.004055723,39.189697,39.292816,39.405087,0.21538925,4.5093026,2.3096938,3.03717,1.0944916,0.36570546,0.18383747,0.29443923,0.3652373,0.434191,0.13975176,0.87944955,0.6394988,1.1555338,0.23375064,0.1109202,0.23002726,29.89886,0.098072805,0.9617528,7.045679,-0.8578052,-8.469433,-6.8480873,-0.7098613,0.025300957,0.6941163,1.0935075,0.31631365,9.895825,0.18065432,4.981588,0.89136225,23.931253,0.16316257,960.0765,0.05973334,1173.7471,0.1209275,-22.030935,-0.7373248,1937.8337,0.07220122,1124.5656,0.13862872,-32.561497,-0.4598509,2960.068,0.029733513,836.921,0.32659286,-41.975418,-0.30280107,-15.790861,-0.28175876,33.317005,0.098440826,0.042120975,0.37082613,-0.00874728,-0.6356791,0.1140996,0.212351,30.344675,0.08677866,1.4714105,4.5206404,-0.06786718,-101.250404,-6.4290166,-0.7645681,-20.472153,37.25809,0.004628439,-0.014456088,0.16729365,3.5714285,2.0,0.48999998,0.0,0.0,0.0,-31.14316,9,15,75,SPEAKER_01,2723.6,3671.833333,3303.29534375,3303.8690937500005,1,0.57375,disengaged
44.13115,0.024020815,43.75129,44.07693,44.43617,0.6848793,27.430231,8.183592,6.33565,3.8373933,0.16141306,0.22588384,0.13611653,0.15963636,0.18590873,0.0497922,1.1229461,0.119803175,0.3417409,0.0,0.025399424,0.3292436,19.225224,0.12798508,-10.109182,-0.74239725,-1.379952,-6.2881103,-9.864398,-0.6223157,0.01861861,0.4545555,1.3582028,0.25664663,4.190103,0.2677302,4.7261157,1.0357921,18.070679,0.332214,686.71954,0.29961005,1374.5499,0.18231519,-122.08446,-0.709145,1615.0149,0.12821919,1133.295,0.09417188,-93.39647,-0.90390867,2607.7998,0.08703222,891.7665,0.15716499,-98.39802,-0.8191247,-3.918159,-1.0515056,15.464513,0.16232236,0.031201612,0.485473,0.0077256784,1.2480284,0.028045397,0.30056965,20.131763,0.10891356,-12.698114,-0.6315578,-6.8624706,-0.83375764,-9.939543,-0.52982515,-6.1593957,15.295694,0.03375513,0.0041097086,0.024582576,1.8867925,6.25,0.08,0.06377042,0.056666665,0.023570227,-49.181107,9,15,75,SPEAKER_01,2723.6,3671.833333,3351.4903437500006,3352.0303437500006,1,0.54,disengaged
48.337475,0.06010956,45.53916,47.29066,52.033676,6.4945145,3.724165,0.6244501,12.985481,0.0,0.52932173,0.24908477,0.41821206,0.5500046,0.65771043,0.23949838,2.7688904,1.3365304,3.2847762,1.5722997,0.20694901,0.4125922,15.305773,0.22391032,-12.411262,-0.682396,-17.403921,-0.35130635,-32.79901,-0.416065,0.019797817,0.78086096,1.3420116,0.35982254,8.526583,0.30217546,9.73418,0.7332164,22.715923,0.1836845,892.3162,0.21062891,1202.6866,0.16304696,-50.186867,-1.7019879,1900.334,0.16600162,1214.8328,0.412176,-49.133858,-1.4618607,2849.2273,0.07532694,885.5672,0.35091323,-53.73198,-1.2751787,-4.350059,-1.1831198,19.936289,0.19025029,0.04225551,0.50906163,-0.007613017,-1.4257189,0.213228,0.38372427,14.505936,0.22430132,-14.085439,-0.59132636,-17.458073,-0.34948638,-31.525484,-0.37442362,-3.0968359,19.308252,0.045567125,-0.010110917,0.1959905,5.6,2.586207,0.29999998,0.15121728,0.0475,0.016393596,-30.630709,9,15,75,SPEAKER_01,2723.6,3671.833333,3380.5322187500005,3381.7978437500005,1,1.265625,disengaged
45.234665,0.07305809,41.921535,46.293827,48.148003,6.226467,170.40082,0.0,-49.808773,0.0,0.8838439,0.2811669,0.642569,0.9691232,1.0650083,0.42243928,3.090188,0.105982065,0.21089697,1.2161789,0.30405918,0.35689577,9.61461,0.7520901,-26.779026,-0.38627425,-5.739113,-1.5784607,-24.744097,-0.2639639,0.027221547,0.7356871,1.4092513,0.30101496,2.956061,0.45317936,-0.5695385,-22.279194,12.94926,0.7954591,1083.1718,0.120357886,1265.8787,0.13719213,-89.017586,-1.0928012,1941.5253,0.05794846,1096.1182,0.17456937,-92.17108,-1.0301332,2990.4565,0.034002446,977.2915,0.669597,-95.77104,-0.9541333,-0.9351847,-3.6543202,12.58928,0.22011194,0.063260704,0.21235129,0.01773317,0.92515063,0.36690485,0.23835576,4.5691814,1.3182906,-33.17103,-0.23840606,-10.238795,-0.6845989,-22.91844,-0.31114691,-2.9893389,10.901638,0.058117043,-0.0120937545,0.29161137,3.9215686,4.3478265,0.114999995,0.085,0.095,0.035,-27.868023,9,15,75,SPEAKER_01,2723.6,3671.833333,3383.02971875,3383.5528437500006,1,0.523125,disengaged
49.020462,0.09428601,46.04863,49.77638,52.523438,6.4748077,24.620752,8.830341,57.32107,39.53243,0.65233445,0.56433433,0.2999125,0.64897895,0.96884936,0.66893685,4.986655,3.4650733,2.607378,1.3896648,0.33450246,0.8105623,15.831028,0.5745586,-10.16772,-1.1971463,-15.399776,-0.90813434,-32.387558,-0.34313074,0.032806557,0.40732837,1.7653062,0.31130058,5.7642827,0.37798682,19.896675,0.46169886,28.099112,0.34337756,894.12726,0.17388152,1192.1589,0.21272807,-89.40113,-1.1145242,1923.2064,0.11428084,1205.2444,0.33511063,-90.218956,-0.93938684,2896.2002,0.050366618,831.8191,0.40278524,-91.72203,-0.9093804,-1.3814892,-7.624064,23.402252,0.2458443,0.05106247,0.47318137,-0.005029264,-3.427808,0.34523514,0.5584362,14.877869,0.6493977,-15.091031,-0.7628328,-23.417694,-0.44932923,-34.600975,-0.30772743,-9.106341,16.320513,0.025064183,-0.028616501,0.33582467,1.1857708,2.419355,0.24333334,0.31899145,0.14999999,0.15916449,-26.189226,9,15,75,SPEAKER_01,2723.6,3671.833333,3388.4297187500006,3390.97784375,1,2.548125,disengaged
44.278236,0.0014350839,44.217377,44.25684,44.33905,0.121673584,0.0,0.0,-0.02794075,0.0,0.11581801,0.17858775,0.09725209,0.121021986,0.13595304,0.038700946,0.33304155,0.24811389,0.8759392,0.27833885,0.024064563,0.26050234,26.677109,0.0718548,5.90345,0.64022493,-10.998993,-0.5089937,-18.954838,-0.32772666,0.0192253,0.20899758,2.3800538,0.124499656,5.999263,0.08675153,-0.29308203,-5.0611763,28.95689,0.04904968,1035.8717,0.033718504,1262.643,0.05704294,-167.97952,-0.3984232,2083.641,0.05628445,1866.8806,0.12812933,-172.46774,-0.3347261,3072.357,0.053750277,1056.3063,0.16196321,-172.85507,-0.3302598,-5.167333,-0.33875838,26.926664,0.06862004,0.04176262,0.27748454,-0.0008179086,-2.7716026,0.025434207,0.068015605,26.232912,0.019896105,0.68835205,3.0726051,-16.634697,-0.108140975,-24.238045,-0.24692036,-9.71087,25.826197,0.03170426,-0.014495862,0.025465786,4.878049,2.777778,0.049999997,0.0,0.14,0.02,-50.43826,9,15,75,SPEAKER_01,2723.6,3671.833333,3399.85409375,3400.27596875,1,0.421875,disengaged
0.0,0.0,0.0,0.0,0.0,0.0,0.0,0.0,0.0,0.0,0.10276397,0.09562079,0.09332749,0.10176747,0.111519784,0.018192291,0.2270418,0.08496681,0.1769196,0.096085876,0.016854951,0.20303589,20.101002,0.23623826,7.6398973,0.646884,0.8500666,8.89964,-12.286091,-0.470196,0.0,0.0,0.0,0.0,0.0,0.0,0.0,0.0,0.0,0.0,0.0,0.0,0.0,0.0,-201.0,0.0,0.0,0.0,0.0,0.0,-201.0,0.0,0.0,0.0,0.0,0.0,-201.0,0.0,0.0,0.0,0.0,0.0,0.0,0.0,0.0,0.0,0.0,0.0,0.0,0.0,0.0,0.0,0.0,0.0,0.0,0.0,-11.087292,19.696592,0.029333027,-0.0064279875,0.017048698,5.555556,0.0,0.0,0.0,1.02,0.0,-53.54029,9,15,75,SPEAKER_01,2723.6,3671.833333,3400.6640937500006,3401.76096875,1,1.096875,disengaged
42.36816,0.05705765,39.35537,42.711952,44.82316,5.4677887,51.49581,0.0,-25.281832,0.0,0.14110826,0.27980074,0.10210259,0.14260782,0.16854222,0.06643963,0.5968067,0.35435444,0.0018515786,0.30115628,0.024223564,0.33639976,18.752045,0.22021008,0.48064464,23.229668,7.784811,0.792389,-14.203049,-0.834431,0.04075492,0.42054105,1.4533602,0.2607157,6.00015,0.2898743,10.238256,0.8889446,18.09884,0.42273092,831.9088,0.14449424,1204.1205,0.15272127,-156.75809,-0.47422555,1972.6729,0.071910374,814.36273,0.63989633,-158.10545,-0.4292851,2906.2578,0.04328493,921.0217,0.30663568,-157.30417,-0.44191188,-12.273369,-0.5127568,19.111471,0.46491188,0.029715588,0.53330183,-0.009504989,-0.60013247,0.02634604,0.27579758,20.313574,0.27014342,5.675734,1.7138697,9.04502,0.91692793,-17.829895,-0.7831479,-8.625543,14.700111,0.02654045,-0.006497063,0.024163013,3.2258065,3.409091,0.06333333,0.01699673,0.20666665,0.061282586,-49.65136,9,15,75,SPEAKER_01,2723.6,3671.833333,3404.25846875,3405.20346875,1,0.945,disengaged
41.289215,0.007775038,41.045063,41.42603,41.500023,0.45495987,-15.033952,0.0,12.863541,0.0,0.13352925,0.08540397,0.12249691,0.13569507,0.14029339,0.01779648,0.46670124,0.0,-0.33798838,0.0,0.028553551,0.40423748,22.22076,0.09998477,5.2181473,0.3086542,1.8474416,1.5708532,-17.162088,-0.22082947,0.028545128,0.4140361,1.5172497,0.10118409,6.7259293,0.08876973,23.449541,0.14367524,31.190685,0.13095523,747.67175,0.06016381,1203.8447,0.06991581,-104.07059,-0.879328,1867.5776,0.012740855,580.9546,0.09268816,-105.29455,-0.79712653,2955.7705,0.006700811,510.31708,0.1710369,-106.41823,-0.7788582,-15.464519,-0.119991146,18.253605,0.09730506,0.023505066,0.40164027,-0.023569694,-0.36837175,0.027106859,0.18286024,22.782318,0.08075065,6.788919,0.1357269,4.353078,0.4146767,-15.59075,-0.3407819,-15.748453,19.569485,0.045721535,-0.023474053,0.03943836,5.0000005,6.666667,0.07,0.0,0.06,0.0,-47.587376,9,15,75,SPEAKER_01,2723.6,3671.833333,3405.4734687500004,3405.69284375,1,0.219375,disengaged
44.920403,0.091167696,39.70607,47.14664,49.00319,9.297119,47.959137,0.0,-161.87674,0.0,0.17873546,0.3427076,0.1334245,0.15904893,0.21232277,0.078898266,0.73682976,0.3560843,0.4911626,0.18616167,0.03157933,0.45302838,15.8621855,0.2427708,-3.6970656,-2.7329922,7.9808836,0.71612495,-19.672495,-0.5290261,0.04107428,0.4985653,1.654368,0.2577329,5.528016,0.16122223,15.582547,0.1582158,15.02624,0.6374258,789.4824,0.13651967,1350.2031,0.07255899,-192.96782,-0.16183122,1921.1254,0.11259033,1037.8987,0.2505893,-190.16496,-0.19088736,2715.0632,0.06629893,1509.9108,0.5913528,-190.03896,-0.19306634,-11.308344,-0.44092783,18.280931,0.39054582,0.049664177,0.29494685,-0.013628171,-0.6852488,0.026175601,0.24020804,18.5073,0.23123224,3.357362,0.95980024,3.2070327,2.2906077,-19.924772,-0.7298515,-6.487828,11.53456,0.036384065,-0.011644633,0.032577183,2.747253,1.6949153,0.026666667,0.0047140447,0.5366667,0.25223446,-47.831326,9,15,75,SPEAKER_01,2723.6,3671.833333,3412.8984687500006,3414.73784375,1,1.839375,disengaged
43.580433,0.08157648,40.134438,40.258144,46.96217,6.827732,28.09059,20.604074,17.697742,0.0,0.22988063,0.2690892,0.15879868,0.22823723,0.29872668,0.139928,0.78673095,0.050692856,-0.1418618,0.50014454,0.041486487,0.37782088,14.55776,0.47572258,-5.5778465,-1.5193071,5.5844398,1.5189173,-23.902063,-0.47766688,0.025283577,0.79558325,1.2936152,0.44041017,6.7394557,0.5786736,19.11992,0.4344125,17.121864,1.1304628,700.3218,0.3070705,1320.8555,0.09402939,-159.62778,-0.43690687,1743.5183,0.11722369,995.73425,0.20918916,-137.65433,-0.5845987,2748.4873,0.057186615,1070.7665,0.31781906,-136.89726,-0.5922331,-13.496424,-0.45187223,22.184752,0.4964891,0.045565274,0.50089353,-0.01952205,-0.42236856,0.03287915,0.32815924,19.782814,0.42552698,1.6757984,4.3737693,0.7612988,14.53386,-24.0619,-0.31711727,-4.7821965,8.040196,0.040497422,-0.02166831,0.048766494,2.4096386,3.846154,0.08,0.040824827,0.15666667,0.07039571,-44.44963,9,15,75,SPEAKER_01,2723.6,3671.833333,3425.9765937500006,3426.8203437500006,1,0.84375,disengaged
0.0,0.0,0.0,0.0,0.0,0.0,0.0,0.0,0.0,0.0,0.22452113,0.17381482,0.1940443,0.22463389,0.26032293,0.06627862,0.068069845,0.47632512,0.92745227,0.0,0.041433387,0.23971169,14.822081,0.31148425,-6.578722,-0.4167772,8.446543,0.28130385,-26.73229,-0.2134002,0.0,0.0,0.0,0.0,0.0,0.0,0.0,0.0,0.0,0.0,0.0,0.0,0.0,0.0,-201.0,0.0,0.0,0.0,0.0,0.0,-201.0,0.0,0.0,0.0,0.0,0.0,-201.0,0.0,0.0,0.0,0.0,0.0,0.0,0.0,0.0,0.0,0.0,0.0,0.0,0.0,0.0,0.0,0.0,0.0,0.0,0.0,-6.357669,9.2535515,0.05078651,-0.01611037,0.043647718,3.125,0.0,0.0,0.0,0.26,0.0,-46.18582,9,15,75,SPEAKER_01,2723.6,3671.833333,3430.6172187500006,3430.95471875,1,0.3375,disengaged
41.423946,0.017604904,40.930927,41.22672,42.200882,1.2699547,-2.9690084,0.0,7.253844,0.0,0.14552183,0.09793697,0.13560198,0.14587483,0.15583983,0.020237848,0.49042892,0.24254206,0.44201308,0.2192279,0.0240648,0.21733083,26.129951,0.065077305,-4.414487,-0.63176477,-17.597658,-0.22517724,-10.160028,-0.39886287,0.015903031,0.40463024,1.3173708,0.28227457,5.7298427,0.15393141,2.196169,3.2321293,31.230202,0.1397395,802.3687,0.1421394,1351.5035,0.09244629,-93.94461,-1.06096,1744.2169,0.08198231,1157.7842,0.2365179,-90.36515,-0.9926789,2866.3188,0.06461766,912.6137,0.24718812,-98.98721,-0.8355024,-9.557374,-0.22476088,24.245125,0.14063138,0.023009334,0.5641303,-0.009189431,-0.42383477,0.023897765,0.17739685,26.389103,0.0725316,-4.9365535,-0.565088,-19.854965,-0.16605464,-11.935601,-0.24293588,-8.2470875,21.014828,0.018477617,-0.0067472095,0.024936337,8.139535,4.9382715,0.1025,0.12090802,0.061999995,0.035440087,-48.683273,9,15,75,SPEAKER_01,2723.6,3671.833333,3434.68409375,3435.5615937500006,1,0.8775,disengaged
45.608036,0.009033396,45.730705,45.762966,45.863796,0.13309097,-16.61002,0.0,1.757304,0.0,0.13007705,0.34262455,0.09576627,0.11197691,0.15504013,0.05927386,0.7367256,0.794609,0.31961673,0.043549567,0.020866832,0.26424205,20.217981,0.2521313,3.304631,2.725188,-4.973058,-0.95362735,-15.009087,-0.46211252,0.013592209,0.7501511,1.4024816,0.38281676,7.365102,0.23344338,10.280819,0.93759435,20.636414,0.556,628.60376,0.33476043,1600.3987,0.516781,-186.05792,-0.27987072,1606.5433,0.17830935,1007.03925,0.23715901,-167.47662,-0.41047022,2654.6467,0.08304449,797.85223,0.17274885,-168.59541,-0.39584476,-6.7503386,-0.88762146,16.746706,0.42664522,0.025187124,0.66039777,-0.007758166,-0.81804574,0.025056604,0.18130812,15.205403,0.36131495,-1.0594089,-9.13368,-8.209016,-0.45342386,-25.051567,-0.26176506,-10.2385845,20.72546,0.029010074,-0.0030008142,0.020214327,2.0,3.1578948,0.043333333,0.032998316,0.25333333,0.28755674,-50.409176,9,15,75,SPEAKER_01,2723.6,3671.833333,3439.9997187500003,3441.01221875,1,1.0125,disengaged
0.0,0.0,0.0,0.0,0.0,0.0,0.0,0.0,0.0,0.0,0.11463265,0.07818449,0.10848825,0.10958412,0.12306032,0.0145720765,0.11560656,0.0,0.381613,0.0,0.017003562,0.26612052,17.10454,0.07911806,1.7723004,1.6202577,6.0619555,0.6053239,-16.47559,-0.22637722,0.0,0.0,0.0,0.0,0.0,0.0,0.0,0.0,0.0,0.0,0.0,0.0,0.0,0.0,-201.0,0.0,0.0,0.0,0.0,0.0,-201.0,0.0,0.0,0.0,0.0,0.0,-201.0,0.0,0.0,0.0,0.0,0.0,0.0,0.0,0.0,0.0,0.0,0.0,0.0,0.0,0.0,0.0,0.0,0.0,0.0,0.0,-8.496222,10.977036,0.038331453,-0.010675399,0.019944489,0.0,0.0,0.0,0.0,0.04,0.0,-53.906895,9,15,75,SPEAKER_01,2723.6,3671.833333,3456.62159375,3456.73971875,1,0.118125,disengaged
48.798412,0.00045034007,48.78374,48.797836,48.817398,0.033657074,1.0336876,0.0,-3.3477783,0.0,0.17165242,0.083197825,0.16032086,0.1726464,0.18205178,0.021730915,0.59571576,0.11532366,0.5895741,0.044331282,0.028217293,0.22129647,21.118824,0.08605692,-9.851258,-0.24227597,-8.35218,-0.53664094,-10.245548,-0.34493694,0.02133244,0.28018254,1.5456877,0.24558131,4.1678176,0.13162738,-7.8774147,-0.3666119,8.5897875,0.79329014,889.4747,0.15926206,1471.0421,0.08566984,-123.89549,-0.7153849,1753.1879,0.06356149,1267.5114,0.020971201,-116.4175,-0.77872455,2776.5132,0.079308115,2250.4675,0.50242436,-121.251595,-0.70615363,-3.913169,-0.8313989,19.493486,0.064676784,0.049396407,0.09275046,0.008051894,0.7646645,0.02673003,0.12169773,19.309456,0.06894524,-9.410207,-0.17620206,-4.74804,-0.5480332,-9.976106,-0.40262705,-8.543914,19.240286,0.036926337,0.0038539106,0.032149773,8.333334,6.25,0.06,0.0,0.08,0.0,-48.02051,9,15,75,SPEAKER_01,2723.6,3671.833333,3464.1140937500004,3464.3672187500006,1,0.253125,disengaged
51.585094,0.022135375,50.911835,51.998554,52.25072,1.3388863,21.539923,7.266736,13.990768,5.8449874,0.36385334,0.36265507,0.20786604,0.40382108,0.4759877,0.26812166,1.5102087,0.7066811,1.9414686,0.793714,0.101037696,0.5314344,13.078523,0.38121858,-17.73019,-0.6862698,-15.436269,-0.47645402,-20.77946,-0.5723928,0.02533414,0.64520603,1.5691638,0.36843503,6.235847,0.6965856,13.491743,0.7890111,19.28362,0.44791988,962.2509,0.10317496,1081.8357,0.114555806,-64.38357,-1.4381461,1957.5834,0.078180395,1110.2937,0.25499898,-63.564594,-1.2589386,2903.2214,0.043726683,822.38995,0.39275464,-66.412834,-1.1756933,2.1621583,2.920785,17.313349,0.33905506,0.05592623,0.24980992,-0.0050837207,-2.004357,0.12420575,0.37285206,11.744955,0.34858945,-20.311562,-0.51154643,-18.404222,-0.35345596,-24.280851,-0.44426095,-6.8487663,16.853153,0.056036737,0.0025738636,0.04033269,3.2894738,2.097902,0.34,0.3493804,0.17,0.03,-36.030518,9,15,75,SPEAKER_01,2723.6,3671.833333,3467.0840937500006,3468.61971875,1,1.535625,disengaged
0.0,0.0,0.0,0.0,0.0,0.0,0.0,0.0,0.0,0.0,0.20703788,0.32609078,0.15008761,0.20593624,0.26106682,0.110979214,-0.37904903,0.0,0.53550094,0.0,0.042604852,0.56402546,11.665209,0.37427273,8.275693,0.5748674,14.829883,0.23272325,-38.868835,-0.22627683,0.0,0.0,0.0,0.0,0.0,0.0,0.0,0.0,0.0,0.0,0.0,0.0,0.0,0.0,-201.0,0.0,0.0,0.0,0.0,0.0,-201.0,0.0,0.0,0.0,0.0,0.0,-201.0,0.0,0.0,0.0,0.0,0.0,0.0,0.0,0.0,0.0,0.0,0.0,0.0,0.0,0.0,0.0,0.0,0.0,0.0,0.0,-5.6160073,9.147896,0.05764068,-0.014555084,0.04612912,0.0,0.0,0.0,0.0,0.42999998,0.0,-45.036366,9,15,75,SPEAKER_01,2723.6,3671.833333,3469.7840937500005,3470.29034375,1,0.50625,disengaged
48.933105,0.058205537,48.264008,48.97123,51.099133,2.835125,69.991615,49.764282,101.383255,71.53191,0.22534595,0.32623234,0.13715516,0.24150349,0.27049366,0.1333385,1.0178837,0.77871615,0.6274068,0.09611293,0.04603109,0.40626398,18.28862,0.30472043,-10.311866,-0.7361903,-10.578377,-0.41653737,-13.729036,-0.60209244,0.02801515,0.91036326,1.3717673,0.31278035,7.4649687,0.45708573,12.434239,0.617166,18.555473,0.41539273,880.3156,0.13689324,1157.2065,0.11813989,-106.004395,-0.8886718,1888.1163,0.07153904,967.6666,0.20102687,-95.77592,-0.93239444,2901.6646,0.0712567,868.97986,0.30599406,-99.91624,-0.8595487,-7.9197006,-0.66673285,18.008715,0.35038567,0.0537345,0.26220268,-0.0057676146,-2.3987823,0.054592807,0.31285954,16.610092,0.3916863,-12.903362,-0.60489213,-12.250611,-0.37957954,-14.563693,-0.3775665,-7.209263,16.258505,0.050889682,-0.010318342,0.03885237,2.857143,3.0,0.17666666,0.06847546,0.13666667,0.09030811,-42.40378,9,15,75,SPEAKER_01,2723.6,3671.833333,3475.5047187500004,3476.56784375,1,1.063125,disengaged
51.48437,0.059743814,50.98819,52.324364,53.853195,2.8650055,32.170444,0.0,-100.29107,0.0,0.18598907,0.27903387,0.13474351,0.18497328,0.21375489,0.07901138,0.44766667,0.30977777,0.57176495,0.3409751,0.052834276,0.70904857,17.094896,0.2625277,1.6894035,3.7377489,-0.77924794,-16.138079,-31.477934,-0.27875784,0.03673464,0.61858374,1.685704,0.23322028,9.335409,0.23197688,9.636916,1.003248,10.833891,0.56398106,992.14557,0.13376392,1362.1411,0.07621454,-176.14499,-0.31621057,2007.3799,0.08973111,1284.6215,0.29769275,-168.03116,-0.35695532,3047.4858,0.06990304,994.48303,0.22466424,-168.01031,-0.3574032,-16.975758,-0.27562433,28.629038,0.2543466,0.048899587,0.32279527,-0.02722101,-0.26391563,0.0804274,0.5327606,22.193615,0.14238521,-1.39045,-6.5666986,-10.087527,-0.84915006,-30.059864,-0.203544,-10.012594,16.070683,0.042250246,-0.024854686,0.04898771,1.980198,3.125,0.053333335,0.023570227,0.24,0.15121728,-42.1552,9,15,75,SPEAKER_01,2723.6,3671.833333,3478.50846875,3479.5378437500003,1,1.029375,disengaged
49.099667,0.021243514,47.383747,49.639637,49.807556,2.423809,62.91027,0.0,-2.7048876,0.0,0.14001727,0.1280882,0.119799286,0.13757643,0.15918705,0.039387763,0.52155554,0.25511873,0.20877683,0.1550275,0.024449356,0.34478047,14.010842,0.37695742,7.569839,0.8108431,5.7059417,1.5317051,-20.26771,-0.32364878,0.040877342,0.31424385,1.6056001,0.24078196,7.2686124,0.3462621,-3.03286,-2.2780411,11.033932,0.55830073,662.20984,0.3588013,1331.9054,0.088809624,-173.56606,-0.32972017,1639.1248,0.14817156,1100.7919,0.23775588,-150.36034,-0.49414614,2680.2788,0.05825664,842.69916,0.1898411,-153.73451,-0.44637457,-11.824631,-0.24366449,22.71721,0.18315831,0.05166542,0.14779589,-0.0008752624,-8.120864,0.023343503,0.16686663,15.340175,0.15969765,7.8342376,0.64531165,-0.7169746,-12.535894,-17.539583,-0.34052554,-9.3158655,15.072198,0.041981604,-0.0047177942,0.024298195,10.344828,3.773585,0.065,0.035,0.11666667,0.094280906,-48.457253,9,15,75,SPEAKER_01,2723.6,3671.833333,3499.4334687500004,3500.02409375,1,0.590625,disengaged
0.0,0.0,0.0,0.0,0.0,0.0,0.0,0.0,0.0,0.0,0.14469615,0.083671086,0.13242581,0.14215136,0.15558478,0.023158967,0.35724238,0.12063799,0.3179928,0.04598104,0.028620915,0.25427783,22.604902,0.098132335,2.3769352,1.4820285,-13.572207,-0.27608368,-21.827456,-0.17576444,0.0,0.0,0.0,0.0,0.0,0.0,0.0,0.0,0.0,0.0,0.0,0.0,0.0,0.0,-201.0,0.0,0.0,0.0,0.0,0.0,-201.0,0.0,0.0,0.0,0.0,0.0,-201.0,0.0,0.0,0.0,0.0,0.0,0.0,0.0,0.0,0.0,0.0,0.0,0.0,0.0,0.0,0.0,0.0,0.0,0.0,0.0,-10.586953,24.077988,0.039335392,-0.011644983,0.029484835,5.1282053,0.0,0.0,0.0,0.32999998,0.0,-48.96298,9,15,75,SPEAKER_01,2723.6,3671.833333,3501.10409375,3501.50909375,1,0.405,disengaged
51.075092,0.012118612,50.584717,50.737343,51.946144,1.3614273,13.099794,1.9968,1.8341064,6.5198812,0.28476718,0.3453681,0.19611719,0.27926686,0.40767574,0.21155855,1.1483843,0.029606521,-0.2269468,0.78087753,0.05455844,0.4106353,10.504166,0.34986648,-13.669254,-0.82964426,4.9090476,0.6696426,-22.098045,-0.50734746,0.018780222,0.5241636,1.5200359,0.18349573,6.200497,0.15887411,13.272562,0.39337113,7.7117887,0.60084975,940.67645,0.12591386,1046.3652,0.11889928,-138.61263,-0.62522906,2040.812,0.08800447,683.95197,0.18258771,-138.74466,-0.593239,2920.9348,0.04914598,929.7949,0.30499968,-135.8946,-0.619579,-2.9780126,-1.4984256,10.247609,0.69909096,0.058541074,0.12878764,-0.012968655,-0.31273654,0.062398497,0.2453706,9.651744,0.17471513,-9.530885,-1.0342771,6.040105,0.29237482,-29.558413,-0.47718722,-0.40180567,7.745651,0.03907831,0.0067564794,0.053543597,2.3529413,2.5000002,0.13,0.06,0.16333334,0.107806414,-42.717968,9,15,75,SPEAKER_01,2723.6,3671.833333,3502.3865937500004,3503.2472187500007,1,0.860625,disengaged
49.53832,0.03590103,48.429493,48.980907,49.992672,1.563179,134.99849,59.39522,56.272892,40.401844,0.28566453,0.4060476,0.17879888,0.23839952,0.42555597,0.24675709,1.2468504,0.13549383,-0.038992245,0.783395,0.048050545,0.43518594,8.86855,0.62589794,-5.6302166,-2.05351,8.775129,0.5777832,-34.2147,-0.1697672,0.03303459,0.7021591,1.6365992,0.26794106,0.24554016,10.829959,11.30853,0.5787121,1.5340848,3.7564132,842.0028,0.1639279,1128.186,0.19488162,-124.66987,-0.7424175,1992.7095,0.056441296,757.6237,0.40599898,-120.72468,-0.7158312,2818.7244,0.0829495,1109.892,0.2627938,-116.97188,-0.77379876,2.1649396,2.8135946,3.3146992,1.7343405,0.053072963,0.23154204,-0.0023964113,-4.0789514,0.06331058,0.3184765,5.1419387,0.90020275,-13.666277,-0.76393324,8.972301,0.4104953,-34.06433,-0.07801423,-6.1857843,9.447853,0.03594953,-0.019806204,0.036695328,3.3333335,4.7619047,0.08,0.098234415,0.14666666,0.11085526,-42.54492,9,15,75,SPEAKER_01,2723.6,3671.833333,3505.2384687500007,3506.14971875,1,0.91125,disengaged
50.392216,0.056586467,50.16387,51.071804,52.45559,2.2917175,33.837765,42.923073,48.138138,32.885025,0.25864005,0.24213247,0.20709305,0.2476499,0.32024387,0.11315082,0.85137886,0.3527274,0.6541644,0.25300738,0.05122752,0.3342994,14.234105,0.30695814,-13.01367,-0.51096153,-0.95086056,-8.566348,-24.033278,-0.32481334,0.033930797,1.370113,1.437184,0.24607193,5.8773103,0.52744234,15.063686,0.5362801,15.694596,0.7303701,864.043,0.23238063,1174.1224,0.1224648,-130.25143,-0.6993512,1854.3787,0.093258604,1100.8904,0.22253026,-113.2193,-0.77301323,2818.3484,0.06467632,904.7979,0.3213866,-114.03184,-0.76024085,-2.1032434,-2.3159118,14.694091,0.38956755,0.04867523,0.2568444,-0.0088788895,-0.9674615,0.05927857,0.2809603,13.253959,0.30972388,-15.020951,-0.326394,-4.0305915,-2.0166101,-24.814873,-0.34045777,-4.888731,11.832461,0.04346868,-0.0084644165,0.045105465,3.0612247,3.1413612,0.14,0.11195237,0.13428572,0.08616547,-42.824802,9,15,75,SPEAKER_01,2723.6,3671.833333,3507.12846875,3509.10284375,1,1.974375,disengaged
0.0,0.0,0.0,0.0,0.0,0.0,0.0,0.0,0.0,0.0,0.15187576,0.06527124,0.14057943,0.15511602,0.16091517,0.020335734,0.0,0.0,-0.0038025868,0.0,0.021206401,0.23084112,17.815466,0.05216432,0.8892007,1.0281702,-7.131176,-0.44963437,-18.975758,-0.1430178,0.0,0.0,0.0,0.0,0.0,0.0,0.0,0.0,0.0,0.0,0.0,0.0,0.0,0.0,-201.0,0.0,0.0,0.0,0.0,0.0,-201.0,0.0,0.0,0.0,0.0,0.0,-201.0,0.0,0.0,0.0,0.0,0.0,0.0,0.0,0.0,0.0,0.0,0.0,0.0,0.0,0.0,0.0,0.0,0.0,0.0,0.0,-13.208464,25.065952,0.070922546,0.0012231951,0.0,0.0,0.0,0.0,0.0,0.0,0.0,-48.656662,9,15,75,SPEAKER_01,2723.6,3671.833333,3513.8447187500005,3513.92909375,1,0.084375,disengaged
47.4615,0.00036113174,47.44527,47.461544,47.47775,0.032478333,0.0,0.0,-0.009976387,0.0,0.17199187,0.24065924,0.12950994,0.16808218,0.21220696,0.08269702,0.20444185,0.36606658,0.6003864,0.021581799,0.027838385,0.39225727,11.3490505,0.37292495,2.681679,3.9153748,4.231051,1.3806483,-20.066305,-0.36376828,0.016123028,0.032244027,1.6403033,0.115229465,6.2556305,0.030186571,4.9147964,0.15229501,-3.518766,-0.22912869,838.7259,0.17194,1270.22,0.08696302,-194.0642,-0.14601147,1964.192,0.06518487,668.3684,0.13869905,-191.54628,-0.1840906,2928.0498,0.06898933,959.29785,0.08088663,-191.15422,-0.19154753,-7.770321,-0.14876007,7.9903517,0.10816069,0.05608397,0.05732263,-0.0074883713,-0.39498058,0.023676753,0.13761604,8.571044,0.10080839,11.054335,0.26204976,11.637665,0.1899494,-18.139395,-0.14277014,-6.8107405,11.386294,0.038643762,-0.008746368,0.028750544,2.4691358,1.3157895,0.03,0.0,0.35,0.14,-48.517178,9,15,75,SPEAKER_01,2723.6,3671.833333,3513.9628437500005,3514.78971875,1,0.826875,disengaged
50.037933,0.011114698,49.434433,50.153275,50.632957,1.1985245,18.03127,17.858316,8.795902,5.815342,0.24078703,0.31974712,0.16141528,0.25884327,0.31249318,0.1510779,0.50044626,0.5208853,0.7561152,0.15436634,0.04044883,0.42978483,10.634213,0.6526722,-2.6866143,-3.4780433,-3.6747308,-1.7300391,-26.710659,-0.25971046,0.01277969,0.97298115,1.0990961,0.6400447,10.23354,0.18208344,14.636134,0.42881376,16.373762,0.31751788,726.9042,0.2387609,1198.0826,0.17042236,-17.997944,-3.1947012,1783.8562,0.15025513,1054.1979,0.16963555,-23.707716,-1.7238227,2700.508,0.0800453,891.74164,0.32105216,-22.523592,-1.7232385,-1.8942606,-5.0184264,17.482903,0.36566314,0.05317412,0.28867579,-0.00018736154,-43.088326,0.04339008,0.37758636,9.464154,0.6919966,-3.7780235,-2.475847,-3.948184,-1.7016579,-27.638306,-0.21856447,-13.8413725,21.89786,0.03254025,-0.0048215855,0.016615724,2.739726,1.4925374,0.63,0.0,0.02,0.0,-42.063004,9,15,75,SPEAKER_01,2723.6,3671.833333,3567.32159375,3568.06409375,1,0.7425,disengaged
51.105824,0.07175483,49.127403,49.796955,55.944885,6.817482,279.49448,0.0,63.274002,41.236298,0.2700481,0.39597353,0.15274759,0.28690216,0.3709172,0.21816961,0.44520018,0.74083656,0.9560828,0.0058189332,0.06049872,0.55924165,14.514557,0.26784357,-14.113783,-0.8358181,-6.2163324,-1.8109316,-15.333437,-0.91018003,0.043961152,0.712541,1.9034832,0.14003552,3.1132572,0.5528973,-0.24182883,-55.224697,9.009613,1.4211979,817.7106,0.22053649,1298.9971,0.1073538,-164.4661,-0.45793018,1812.2483,0.061105434,1056.1766,0.18758088,-156.05463,-0.48605758,2735.359,0.07192616,1238.3984,0.36508694,-156.46924,-0.47981367,-1.3163081,-5.069949,15.10267,0.2563571,0.05777879,0.34301224,0.0074061574,3.3217583,0.08820247,0.1385473,12.473559,0.11392862,-22.142498,-0.29968476,-10.311814,-1.1648145,-16.865555,-1.0344964,-4.368074,14.4874735,0.031155474,-0.0017271626,0.054057892,1.980198,2.0833335,0.105,0.015,0.23333333,0.16539514,-41.641235,9,15,75,SPEAKER_01,2723.6,3671.833333,3568.9753437500003,3570.0047187500004,1,1.029375,disengaged
51.485867,0.050334655,50.38877,51.513374,53.93966,3.550888,15.1676655,12.326402,29.339323,0.0,0.34091273,0.27554375,0.27963737,0.3519976,0.40950632,0.12986895,0.7323699,0.7549031,0.65435416,0.16022259,0.080468945,0.36082086,10.105898,0.47851968,-12.680422,-0.6744108,1.6048497,2.6343994,-35.165897,-0.28616032,0.026265133,0.50456786,1.4583977,0.1974283,4.9363728,0.33843896,14.337797,0.4151216,9.613872,0.75058657,908.555,0.13802662,1115.3556,0.39347273,-100.65316,-0.95221883,1992.0974,0.10857694,761.8877,0.2747502,-91.23949,-0.92878526,2912.4304,0.06470835,995.4103,0.33233804,-88.54769,-0.97977746,-1.6562779,-3.4743183,11.515717,0.46067363,0.044611238,0.30507204,-0.011102308,-0.71267015,0.08936177,0.32873422,8.300638,0.5003758,-16.769226,-0.46468106,0.0919869,47.40649,-32.436367,-0.30959752,-6.990093,12.205919,0.049153823,-0.015610328,0.07304801,1.8518519,2.9126215,0.19666666,0.23584366,0.12,0.065319724,-39.60618,9,15,75,SPEAKER_01,2723.6,3671.833333,3570.3084687500004,3571.4053437500006,1,1.096875,disengaged
0.0,0.0,0.0,0.0,0.0,0.0,0.0,0.0,0.0,0.0,0.21002309,0.3025689,0.1569542,0.20024677,0.27329874,0.11634454,1.1005117,0.0,-1.0099487,0.0,0.045226753,0.38822603,18.475546,0.1292554,-4.654,-2.262017,6.2269015,0.44769636,-27.604265,-0.39051428,0.0,0.0,0.0,0.0,0.0,0.0,0.0,0.0,0.0,0.0,0.0,0.0,0.0,0.0,-201.0,0.0,0.0,0.0,0.0,0.0,-201.0,0.0,0.0,0.0,0.0,0.0,-201.0,0.0,0.0,0.0,0.0,0.0,0.0,0.0,0.0,0.0,0.0,0.0,0.0,0.0,0.0,0.0,0.0,0.0,0.0,0.0,-10.485023,16.064495,0.034454413,-0.019744856,0.04986427,2.5641026,0.0,0.0,0.0,0.32999998,0.0,-44.58968,9,15,75,SPEAKER_01,2723.6,3671.833333,3576.90659375,3577.3115937500006,1,0.405,disengaged
0.0,0.0,0.0,0.0,0.0,0.0,0.0,0.0,0.0,0.0,0.11701376,0.13404955,0.099573754,0.12440767,0.12848029,0.028906532,-0.4060517,0.0,0.20194767,0.0,0.021603055,0.20633058,27.374619,0.061616104,-2.373891,-2.7930603,-9.848863,-0.37727383,4.377859,1.1462759,0.0,0.0,0.0,0.0,0.0,0.0,0.0,0.0,0.0,0.0,0.0,0.0,0.0,0.0,-201.0,0.0,0.0,0.0,0.0,0.0,-201.0,0.0,0.0,0.0,0.0,0.0,-201.0,0.0,0.0,0.0,0.0,0.0,0.0,0.0,0.0,0.0,0.0,0.0,0.0,0.0,0.0,0.0,0.0,0.0,0.0,0.0,-4.9924912,19.738478,0.010349987,0.008377825,0.024639333,0.0,0.0,0.0,0.0,0.11,0.0,-52.005333,9,15,75,SPEAKER_01,2723.6,3671.833333,3580.9734687500004,3581.1590937500005,1,0.185625,disengaged
49.899437,0.037948616,47.891357,49.859524,51.000805,3.1094475,24.122684,16.6144,17.27959,0.0,0.16870697,0.3437642,0.11345165,0.16572331,0.21584502,0.10239337,0.80678946,0.24837516,0.5349139,0.26017267,0.03840797,0.5844713,20.791433,0.17289153,-0.85826474,-9.545203,2.2373905,2.8936493,-10.400946,-1.4607664,0.024812248,0.5355542,1.3056368,0.370658,8.890451,0.3118157,10.953402,0.55961186,10.868673,0.85356414,827.3141,0.2281374,1232.5654,0.13250302,-162.3723,-0.44012877,1899.776,0.121753775,1001.7633,0.29583517,-149.37198,-0.5088795,2833.888,0.10034753,989.62225,0.4071874,-150.19211,-0.49686247,-11.433933,-0.52144194,19.371212,0.34730816,0.046936136,0.33752275,-0.013206437,-0.7133749,0.05278193,0.37669644,19.036129,0.1330694,-3.2985864,-2.1866539,2.3057313,3.5984054,-19.706306,-0.71558017,-9.473789,16.192877,0.025690842,-0.006752794,0.033618987,3.2967033,2.824859,0.09199999,0.069397405,0.19999999,0.18502252,-43.88315,9,15,75,SPEAKER_01,2723.6,3671.833333,3582.9140937500006,3584.75346875,1,1.839375,disengaged
50.68949,0.010385928,50.013752,51.002613,51.18784,1.1740875,9.201632,0.30295944,-4.135123,5.1786513,0.280941,0.35038242,0.16005513,0.29061696,0.3782041,0.21814898,1.3139923,0.07063377,-0.18118414,0.7313515,0.06710999,0.4046597,19.337378,0.30642158,-12.28438,-0.8363049,-8.293928,-0.8272775,-13.87632,-0.38622767,0.027370408,0.463055,1.1904637,0.24778765,7.506864,0.5222831,10.357323,0.83285296,18.910809,0.35711315,916.64844,0.09630587,1075.6536,0.13296404,-104.05536,-0.9513169,1821.6031,0.052570403,997.9642,0.16615187,-101.84124,-0.9088141,2886.4312,0.03848552,763.4519,0.3337364,-106.87005,-0.82150143,-3.0688236,-1.4514652,16.647472,0.28589574,0.04335179,0.2684307,0.007615528,1.5039502,0.07668014,0.22681671,15.71082,0.15816782,-16.402855,-0.36360782,-4.953525,-1.2496859,-17.203909,-0.25415576,-5.3075366,24.416899,0.025639797,0.0123834135,0.05816331,3.1746032,1.754386,0.29,0.0,0.26,0.0,-40.061817,9,15,75,SPEAKER_01,2723.6,3671.833333,3586.7784687500007,3587.4197187500004,1,0.64125,disengaged
48.47255,0.051207036,47.301895,48.62584,49.464382,2.162487,44.45725,45.479378,69.31832,53.39276,0.2942481,0.49591202,0.17807667,0.26902017,0.40500638,0.22692971,1.8519804,1.022405,1.2757629,0.8902346,0.07466473,0.6973321,13.734989,0.38421264,-5.456065,-1.6369854,-6.825619,-1.6044515,-24.078985,-0.47742963,0.022291495,0.8346574,1.2713671,0.35196543,7.9345617,0.38992125,19.76802,0.42848787,19.277658,0.85014266,850.26764,0.16891432,1143.5868,0.17506106,-101.57715,-0.94303715,1895.1355,0.12078492,924.72546,0.29101697,-102.60216,-0.82030475,2900.1216,0.068080366,777.73364,0.5348957,-102.42894,-0.82193756,-7.5751166,-0.8499102,19.714104,0.30286783,0.05413079,0.40556288,-0.0077901445,-1.7432774,0.08433901,0.5973591,15.645791,0.33434784,-7.5335073,-0.94752467,-9.775593,-1.1916941,-25.794973,-0.48439333,-6.5702844,13.964764,0.04695988,-0.00082316407,0.07185341,2.2988505,4.142012,0.12142857,0.061278887,0.09857142,0.0530306,-37.009865,9,15,75,SPEAKER_01,2723.6,3671.833333,3611.0615937500006,3612.8165937500007,1,1.755,disengaged
49.432274,0.088268414,45.29194,50.92522,51.695045,6.4031067,90.19601,96.52645,69.6651,5.046921,0.42843935,0.23257865,0.356827,0.43231472,0.5116321,0.1548051,1.4025362,0.6321142,1.9762506,0.9139539,0.1163669,0.39242616,13.258292,0.21543522,-23.066029,-0.1932106,-11.193724,-0.60543543,-19.2172,-0.55187,0.038488198,1.2197409,1.3131933,0.32276055,5.443693,0.6278269,15.116198,0.6047805,19.39601,0.34525466,894.2597,0.1067225,1058.5721,0.17099088,-95.51422,-1.0339811,1907.1713,0.066870116,840.7033,0.21900874,-89.217415,-1.010235,2862.318,0.052734282,866.8207,0.34702793,-93.21668,-0.93358845,0.03014902,151.09479,14.497683,0.23974954,0.056138113,0.31780156,-0.014502911,-0.79975045,0.12295157,0.37212813,13.607839,0.21613364,-22.593233,-0.15101376,-13.164518,-0.4466074,-24.92478,-0.34101015,1.7600341,11.017231,0.047142055,0.011272154,0.1152377,3.8834953,3.0612247,0.17999999,0.14988884,0.12666667,0.04189935,-35.67393,9,15,75,SPEAKER_01,2723.6,3671.833333,3613.27221875,3614.3184687500006,1,1.04625,disengaged
51.973434,0.041997977,48.517197,52.847626,53.79074,5.2735443,27.528278,21.917807,18.174593,0.0,0.3020146,0.2731063,0.2157503,0.31294093,0.3745634,0.15881309,2.0716064,0.032557964,0.37232417,0.8259518,0.07772487,0.47265077,8.945989,0.47109842,-1.0515376,-5.0193763,-3.8801541,-1.6793005,-41.90188,-0.1519053,0.023154933,0.49072474,1.4720562,0.33257705,6.430685,0.3186871,19.275043,0.285705,8.518994,0.6519507,903.3983,0.23177741,1077.3597,0.11872275,-113.09481,-0.79750156,2084.771,0.17331684,973.2556,0.31632426,-102.674545,-0.78903705,2834.2405,0.0680291,906.825,0.37672716,-98.237015,-0.85838467,-5.326915,-0.60078317,10.570649,0.27639723,0.034770153,0.9041459,-0.021897325,-0.2932372,0.08755693,0.40213886,7.559703,0.37578112,-1.3892397,-3.3928206,-3.6055639,-2.0339646,-42.24072,-0.14633031,-5.192751,9.041057,0.050986692,-0.024452202,0.073899105,3.1746032,5.357143,0.09333333,0.06182412,0.07333333,0.055577774,-40.02364,9,15,75,SPEAKER_01,2723.6,3671.833333,3614.75721875,3615.3984687500006,1,0.64125,disengaged
47.064056,0.0,47.064056,47.064056,47.064056,0.0,0.0,0.0,0.0,0.0,0.9282325,0.11197518,0.8327267,0.89560026,1.029496,0.19676924,0.0,0.0,-0.03810158,0.0,0.48238412,0.14150366,11.701853,0.21742779,-7.355126,-0.3406686,-18.075947,-0.13450164,-45.882633,-0.0527524,0.006399683,0.0923151,0.70862216,0.19173191,11.10418,0.102046885,15.716922,0.060356084,15.521012,0.056470945,927.69806,0.029078193,1000.24365,0.08594191,-7.077322,-0.029390829,2028.6091,0.039681286,1079.0366,0.3414942,-32.379837,-0.047481112,2801.0227,0.028529335,744.04706,0.006078246,-22.598333,-0.029580858,-16.629711,-0.12499615,23.33733,0.15342528,0.111396104,0.07207839,-0.013315208,-0.551075,0.84532547,0.30394185,9.308026,0.16180043,-4.8710885,-0.58191746,-15.324371,-0.183803,-48.58585,-0.06997675,0.0,0.0,0.0,0.0,0.0,0.0,0.0,0.0,0.0,0.0,0.0,-21.898136,9,15,75,SPEAKER_01,2723.6,3671.833333,3634.9903437500006,3635.07471875,1,0.084375,disengaged
42.77273,0.128701,34.441303,45.509598,45.74916,11.3078575,104.79029,0.0,37.048794,26.398577,0.8416589,0.31456098,0.63023615,0.87429345,1.0729914,0.44275522,8.27945,5.5314445,2.0555265,2.597366,0.29986802,0.4529681,7.803874,0.5696976,-22.895475,-0.26988834,-15.326288,-0.43994844,-18.786366,-0.63719964,0.047574986,0.9410325,1.5520908,0.38272253,2.641157,1.2591444,-0.7093496,-16.272457,8.016272,0.9934844,757.8224,0.2930607,1307.6066,0.1728748,6.3099008,1.8886869,1716.1742,0.15200455,1504.7954,0.42592666,-0.02732507,-427.67426,2691.0264,0.061133098,854.4032,0.20968932,-7.237219,-1.1732259,5.4153943,0.9528311,15.165547,0.27637592,0.061685026,0.32405043,0.019598283,0.8687841,0.3129282,0.42723626,8.226883,0.5335744,-22.096855,-0.26234186,-16.082968,-0.40418154,-20.426449,-0.5397966,0.0,0.0,0.0,0.0,0.0,4.054054,1.4705882,0.66999996,0.0,0.0,0.0,-26.138891,9,15,75,SPEAKER_01,2723.6,3671.833333,3637.48784375,3638.2472187500007,1,0.759375,disengaged
44.455997,0.017830906,43.724785,44.313007,44.81975,1.0949669,7.119339,6.49098,17.226437,11.763546,0.20548782,0.22804223,0.16162986,0.20603368,0.2511603,0.08953044,1.3659801,0.30831477,0.62522995,0.18901491,0.032057963,0.34121853,14.42659,0.2933947,-5.6972227,-0.89009434,-11.910193,-0.6903032,-20.622156,-0.4997758,0.012147853,0.8304041,1.2395422,0.34059963,7.9376698,0.2860454,3.880887,2.4673362,21.379766,0.22342712,734.5321,0.31837314,1340.5955,0.23139401,-66.59259,-1.3216566,1748.4651,0.1940079,1037.9489,0.27828655,-54.951607,-1.4262751,2772.141,0.11016172,801.3736,0.20417671,-61.578335,-1.2074051,-3.2467144,-1.6549598,16.578072,0.33981147,0.038702626,0.40610036,-0.0006584938,-14.9875965,0.035993256,0.28602687,15.2174015,0.27572548,-7.0229945,-0.72165716,-13.742197,-0.5593827,-23.818964,-0.4409289,-1.6649054,12.85202,0.042733952,0.01180499,0.024174942,3.0303032,5.0000005,0.14,0.12754084,0.065,0.035,-45.032753,9,15,75,SPEAKER_01,2723.6,3671.833333,3652.01721875,3652.69221875,1,0.675,disengaged
44.58929,0.003747654,44.435104,44.55542,44.73249,0.29738617,0.09060516,0.0,0.0,0.0,0.16109718,0.14697434,0.14194474,0.1522284,0.18134561,0.039400876,1.133116,0.16890696,0.70014596,0.0,0.028323634,0.33196756,19.488346,0.24423544,9.707466,0.23791726,-22.86671,-0.14467135,-27.077433,-0.12834634,0.018021986,0.119581245,1.1463858,0.13078703,6.9992027,0.20580024,10.522557,0.11898337,35.936386,0.08097136,493.5724,0.30656153,1556.7046,0.08044076,-2.2397041,0.0,1324.1139,0.10059891,1395.3702,0.17429669,-6.8573594,-0.6780194,2647.458,0.035436574,831.6225,0.05233143,-28.658415,-0.10457372,-10.642184,-0.080896735,32.06212,0.064420655,0.031096214,0.061817035,-0.011552344,-0.17387238,0.026949074,0.023818538,23.85773,0.083235405,10.16924,0.27911118,-25.74342,-0.062430065,-30.049072,-0.06574386,0.0,0.0,0.0,0.0,0.0,10.000001,20.000002,0.04,0.0,0.0,0.0,-44.650707,9,15,75,SPEAKER_01,2723.6,3671.833333,3654.91971875,3655.03784375,1,0.118125,disengaged
34.139874,0.15558763,34.839752,35.964195,37.16193,2.322178,48.939644,0.0,5.547643,0.0,0.80666643,0.7086704,0.40926522,0.5726673,1.1046972,0.695432,-0.5423503,4.7334957,37.789555,25.244919,0.3270638,1.6478796,19.010963,0.4676057,14.316726,0.6721235,5.6098332,1.9312505,-49.079254,-0.34883192,0.014512404,2.1536405,0.6787924,0.82949775,9.83863,0.42719787,9.39842,0.84526914,25.878143,0.41633254,852.6568,0.122876756,1252.1852,0.10842206,-52.140923,-1.5377878,2115.5781,0.11278882,852.48096,0.598903,-64.13615,-1.1058491,2980.6035,0.06036149,1026.3564,0.53505355,-56.579304,-1.3312008,-16.252186,-0.37303036,22.258694,0.41585496,0.087099835,0.2231655,-0.038932048,-0.25646603,0.23740931,1.5040156,20.446625,0.445651,16.934921,0.47284856,6.0341578,2.0271697,-54.58257,-0.2906291,-12.414844,17.21852,0.053865746,-0.032847475,0.6558252,2.189781,3.0534353,0.24,0.19874607,0.067499995,0.051173724,-21.72041,9,15,75,SPEAKER_00,2723.6,3671.833333,2729.17409375,2730.55784375,1,1.38375,disengaged
27.645359,0.18204324,24.017195,25.7873,31.255302,7.2381077,66.85772,0.0,64.36503,1.3416455,0.44726795,0.5911799,0.25308,0.33654597,0.615175,0.362095,10.562999,7.22275,4.28779,3.0668287,0.16707309,0.7420504,16.818567,0.5517066,11.158119,1.13906,-2.052022,-2.6247978,-28.0881,-0.47686842,0.058225367,0.8215796,1.4810351,0.64924324,2.8283954,1.2749366,-3.5093122,-1.8566256,25.436731,0.22611225,812.6421,0.15317446,1493.1157,0.1857886,-138.22282,-0.6397903,1853.5536,0.08935944,1327.1919,0.24946646,-142.05185,-0.5671664,2874.7134,0.040167533,849.45667,0.21318455,-142.56764,-0.56139904,-21.439245,-0.23548487,30.969864,0.14446276,0.07782614,0.17584789,-0.037988942,-0.34850374,0.14743052,0.3068776,25.108109,0.112755135,17.258375,0.4859826,-5.375929,-0.7084402,-36.457993,-0.2720487,-8.658749,15.667552,0.0474481,-0.018145667,0.17027886,3.3557048,3.4722223,0.081999995,0.0762627,0.22999999,0.19949937,-31.90638,9,15,75,SPEAKER_00,2723.6,3671.833333,2732.3465937500005,2733.8484687500004,1,1.501875,disengaged
30.304316,0.0011786551,30.277996,30.286291,30.327034,0.049037933,0.0,0.0,-0.027243933,0.0,0.97612256,0.8363609,0.4278097,0.6985091,1.3829865,0.95517683,25.413992,16.658352,10.87886,16.590998,0.55938345,1.2759664,13.224335,0.5108694,-6.747636,-1.2931784,-7.832337,-0.72196716,-19.743708,-0.6926794,0.0,0.0,1.0921199,0.0,2.5564783,0.14218728,-11.604757,-0.0068170913,17.603146,0.04198779,465.84573,0.35763684,1555.4358,0.061686065,-192.66455,-0.18567005,1604.1775,0.11186247,1285.0088,0.050708156,-189.90517,-0.19356586,2573.1829,0.061758734,1101.5718,0.045056783,-189.8771,-0.1939253,-13.402194,-0.09826559,21.360748,0.055354875,0.035379812,0.26564252,-0.03162906,-0.10047434,0.42028415,0.0098583875,20.880648,0.01841966,-0.06908454,-26.007483,-9.251249,-0.20017485,-26.608646,-0.11063652,-6.5087357,14.991123,0.046176743,-0.017552031,0.57291085,5.357143,1.9607843,0.02,0.0,0.22999999,0.06,-20.805954,9,15,75,SPEAKER_00,2723.6,3671.833333,2735.73846875,2736.3122187500003,1,0.57375,disengaged
36.03234,0.07025289,34.87909,36.209087,37.82309,2.9440002,8.616167,0.19435787,-31.527874,28.536959,0.7219009,0.42527443,0.47489035,0.6837045,0.9208762,0.44598585,5.9531846,3.0445523,4.2868986,1.6924565,0.4659606,0.6599511,26.868845,0.34284782,14.111817,0.7255577,-9.925347,-1.1028527,-21.288609,-0.45878324,0.024448993,1.1929779,1.3267211,0.42446548,7.0923843,0.41649142,6.473276,1.5350138,31.897045,0.30416566,706.66235,0.24590197,1410.5176,0.12089008,-38.58861,-1.6598163,1751.919,0.14747182,1249.4287,0.21209766,-48.04021,-1.108661,2825.088,0.0934853,942.9257,0.29321796,-54.380074,-0.9305141,-17.864504,-0.44754526,30.155443,0.2611551,0.07423661,0.22756168,-0.029530797,-0.38295683,0.51885396,0.58300334,28.37267,0.30273157,14.733897,0.7150053,-9.583546,-1.183016,-22.274612,-0.46003956,-11.582388,22.493662,0.051169645,-0.017192567,0.20457433,3.0120482,2.484472,0.3425,0.22026971,0.04,0.021213202,-20.131187,9,15,75,SPEAKER_00,2723.6,3671.833333,3054.94596875,3056.61659375,1,1.670625,disengaged
36.76273,0.07458082,35.59123,36.403915,38.57294,2.9817123,44.291634,26.218643,18.507652,8.727028,0.85172284,0.43602425,0.57595116,0.776438,1.1133261,0.5373749,8.046751,4.0151296,5.2836237,3.4444695,0.62776995,0.7016919,24.867384,0.34844738,17.014742,0.736308,-6.0389476,-2.1716003,-18.895666,-0.52548945,0.028082287,1.3104486,1.3018847,0.6180832,8.172565,0.40137234,9.168082,1.0671324,31.850094,0.24927226,788.2052,0.196896,1346.6084,0.17087938,-57.389282,-1.2576909,1894.7863,0.12662406,1056.5547,0.24789366,-67.029236,-0.92965657,2986.9358,0.08319771,894.1385,0.36263818,-70.43531,-0.8569213,-20.853573,-0.39298847,31.980345,0.22439566,0.0731017,0.23516828,-0.031399798,-0.32125774,0.70019543,0.65362835,27.154654,0.24956869,18.473558,0.7256065,-4.7668324,-2.7011437,-19.96878,-0.535405,-13.581508,24.320812,0.068361565,-0.01930411,0.40338382,3.211009,3.286385,0.23285715,0.16429193,0.048571426,0.04453845,-16.237558,9,15,75,SPEAKER_00,2723.6,3671.833333,3058.11846875,3060.3122187500003,1,2.19375,disengaged
36.754463,0.08468194,35.355778,36.1319,38.00025,2.644474,80.40469,51.267876,32.58229,21.85635,0.7894454,0.4056813,0.50679225,0.75219053,1.0547489,0.54795665,5.1107926,3.0992734,3.9980235,1.7485842,0.39575157,0.58407056,24.575663,0.4128653,11.4784565,1.2705982,-9.317553,-1.4304615,-18.617012,-0.46123695,0.027493155,1.8784351,1.210962,0.5210823,7.6828136,0.44935197,6.582779,1.6352983,30.896317,0.28629187,747.0148,0.22916977,1416.6063,0.17500597,-54.809948,-1.3748667,1815.6339,0.13333802,1174.3594,0.24355163,-62.16364,-1.0707561,2903.0312,0.08669397,972.7321,0.27275458,-67.54541,-0.9377542,-17.686758,-0.48548406,29.086641,0.26470256,0.075683214,0.19535086,-0.026315395,-0.43353075,0.4420287,0.5015154,27.315376,0.29048496,11.708355,1.3173027,-8.511922,-1.6513592,-19.970505,-0.411942,-9.850351,18.566395,0.06117219,-0.016695619,0.22945796,2.9462738,2.6223776,0.29333332,0.19978878,0.06666666,0.04189935,-20.533018,9,15,75,SPEAKER_00,2723.6,3671.833333,3060.71721875,3066.50534375,1,5.788125,disengaged
36.987858,0.04586377,36.141308,36.997097,38.484547,2.3432388,31.114481,16.851656,15.437808,9.216959,0.744874,0.47951657,0.4389825,0.66911364,1.0223328,0.5833503,8.307378,4.45891,6.1349006,2.7600815,0.49833316,0.7059013,26.500763,0.35157692,10.287454,1.1263043,-6.3954024,-2.1150143,-18.496346,-0.37156987,0.027249565,1.1977128,1.3294936,0.5291484,8.032579,0.4896289,5.6296554,1.6987466,31.045565,0.25398105,776.34125,0.20751761,1378.9609,0.15103419,-72.24817,-1.1291239,1844.9756,0.12766157,1105.3892,0.1995177,-78.48621,-0.9278312,2960.2256,0.074141964,999.6827,0.3347688,-84.20055,-0.81475294,-19.376728,-0.40822566,32.198357,0.23040493,0.07131372,0.25456908,-0.028979255,-0.3661827,0.5953879,0.5942509,29.66255,0.19880246,10.279192,1.1568066,-6.6782656,-2.1480274,-19.583607,-0.36529568,-12.657862,23.179409,0.06322324,-0.018262716,0.28769034,3.9215686,3.3222592,0.206,0.10141006,0.06727272,0.04863424,-17.082525,9,15,75,SPEAKER_00,2723.6,3671.833333,3066.9609687500006,3070.0322187500005,1,3.07125,disengaged
36.338356,0.03908646,34.909756,36.141518,37.779957,2.870201,10.014883,3.2317357,-5.1981173,11.244993,0.69006777,0.45906344,0.45924544,0.6348479,0.8850688,0.42582333,5.2849,2.7334783,4.862704,1.7536525,0.4372191,0.6768408,27.996944,0.3520453,16.487825,0.618816,-10.23155,-1.1659615,-21.44026,-0.4952122,0.020688483,0.6751855,1.3489113,0.3915147,7.322001,0.4187144,6.5708947,1.476176,32.512856,0.31355315,714.61926,0.25360662,1391.4476,0.14650527,-36.383842,-1.6406964,1750.6917,0.15112974,1144.9688,0.20264821,-45.113613,-1.1333351,2899.5947,0.091861986,959.0945,0.39765725,-52.656277,-0.90728253,-18.08477,-0.49970728,30.383402,0.29114804,0.07206059,0.23922671,-0.029726403,-0.37202552,0.47716,0.6191933,29.023247,0.34427333,16.336685,0.6460581,-11.415904,-0.9924246,-21.83477,-0.49682173,-13.676678,24.462664,0.042080954,-0.023269659,0.21717662,3.0487804,1.8867925,0.4633333,0.22050446,0.055,0.035,-20.149298,9,15,75,SPEAKER_00,2723.6,3671.833333,3358.08846875,3359.7422187500006,1,1.65375,disengaged
35.723587,0.036799904,34.347218,35.55827,36.591152,2.2439346,16.60422,9.971062,14.764628,5.9548244,0.7271866,0.3681031,0.50478405,0.6675136,0.9664587,0.46167463,7.9298763,5.0314646,5.0741816,2.158006,0.37586877,0.67040753,25.046785,0.5008272,10.092206,1.2910168,-7.1649218,-1.7121439,-18.39662,-0.63670814,0.016787026,0.6923985,1.1571994,0.52055323,6.86868,0.4949278,7.331616,1.2645309,30.754225,0.27074248,751.16315,0.24032637,1376.4482,0.15435652,-63.947174,-1.2518363,1825.9176,0.15693901,1098.8191,0.31347275,-66.38883,-1.0554035,2920.4265,0.09127054,988.3831,0.31712225,-72.022835,-0.93048847,-14.77647,-0.4681976,27.080473,0.32121906,0.07615039,0.24739954,-0.023908569,-0.4578876,0.41413876,0.58812344,29.127226,0.29942977,8.4326725,1.5190073,-6.8219438,-1.8331355,-20.722498,-0.5472314,-10.056006,17.309025,0.057037797,-0.016718138,0.28262106,4.0201006,2.5773196,0.288,0.18104143,0.065,0.051234756,-22.160732,9,15,75,SPEAKER_00,2723.6,3671.833333,3361.22721875,3363.2353437500005,1,2.008125,disengaged
36.246872,0.106726944,34.36274,36.29177,37.85502,3.492279,172.60028,135.05214,94.53729,109.629005,0.575078,0.62463605,0.27901214,0.49511456,0.8590277,0.58001554,8.492377,5.21908,4.8675694,2.4640446,0.3591986,0.9847229,20.433283,0.6396671,9.051581,1.4819331,-14.263269,-1.017901,-7.302222,-1.6028416,0.04448212,2.7425892,1.527733,0.4275953,5.537385,0.5846822,4.1872187,2.6390994,32.040726,0.31853068,727.4734,0.2669172,1453.1812,0.14268114,-113.73106,-0.8009401,1747.3688,0.15986988,1150.7479,0.20960627,-111.531334,-0.7675584,2909.3262,0.09488333,1033.92,0.23165347,-117.60182,-0.67514205,-15.47487,-0.6607575,29.810522,0.24758302,0.071054816,0.26205212,-0.022479348,-0.71424824,0.5720805,0.63757277,28.360096,0.31108543,9.807685,1.5435855,-15.563598,-1.0363088,-14.514052,-0.64649516,-7.875678,17.317299,0.04469802,-0.0008277473,0.16962586,3.0952382,3.6144578,0.126,0.08089499,0.13785714,0.1546045,-22.506031,9,15,75,SPEAKER_00,2723.6,3671.833333,3363.79221875,3368.01096875,1,4.21875,disengaged
35.914116,0.091425754,34.316494,35.89377,37.762936,3.4464417,126.36527,99.56678,16.676256,8.97901,0.8206396,0.35634798,0.5451614,0.75726247,1.1207868,0.57562536,7.7645245,5.431233,5.4975696,2.5431201,0.517626,0.82366765,25.819235,0.44334632,4.351571,3.267616,-13.971823,-0.9852503,-17.954317,-0.5519947,0.027244886,1.9554514,1.3841817,0.5526839,6.8135095,0.47171015,2.075539,4.5330925,27.129192,0.31377718,806.76337,0.20205124,1348.651,0.13249004,-69.23247,-1.2519823,1870.5394,0.12856117,1155.5759,0.3739137,-76.183784,-1.0287956,2977.2415,0.07976502,997.4331,0.27010655,-81.851105,-0.9056835,-13.665036,-0.7091414,29.050312,0.27400792,0.07080369,0.2334679,-0.021591686,-0.81882197,0.64526755,0.7066805,28.899714,0.30741253,4.3246813,3.5441313,-14.08377,-1.0254755,-18.926092,-0.5325976,-8.481292,19.177885,0.051817186,-0.014075477,0.27233997,4.5833335,2.5641026,0.25833333,0.07581043,0.105,0.06291529,-19.38917,9,15,75,SPEAKER_00,2723.6,3671.833333,3368.3653437500006,3370.7784687500007,1,2.413125,disengaged
35.261772,0.05315483,34.22703,35.440823,36.259457,2.032425,29.28744,22.720297,9.492201,6.5150356,0.7579805,0.47653624,0.45704636,0.64792407,1.0381848,0.5811384,7.8529325,3.7231584,5.293874,2.3040729,0.4351364,0.70473546,25.79155,0.41560534,9.2014,1.5483881,-14.35256,-1.1748811,-14.4820175,-0.6955029,0.026696043,1.5150113,1.3586638,0.5009702,5.8357453,0.49983713,4.147715,2.194755,31.670044,0.29724905,739.60986,0.23129176,1447.5745,0.16338968,-53.972935,-1.4563239,1767.5312,0.13964811,1170.8966,0.23239006,-60.94404,-1.16322,2911.444,0.08957719,1020.1484,0.36579368,-68.70706,-0.96481067,-13.468038,-0.7786193,29.056374,0.22442187,0.06669642,0.3542207,-0.01996668,-0.77020293,0.49828276,0.6261821,28.4611,0.2951371,8.844281,1.679024,-14.36349,-1.23745,-16.00934,-0.6138999,-10.655353,21.439096,0.05121596,-0.016447982,0.2520347,3.6516855,3.133903,0.23636363,0.15149394,0.06090909,0.04870216,-21.52862,9,15,75,SPEAKER_00,2723.6,3671.833333,3371.26784375,3374.84534375,1,3.5775,disengaged
36.730286,0.066120036,35.7617,36.697807,38.89247,3.1307716,228.50024,178.47011,37.414787,38.895496,1.0859983,0.389406,0.72811246,1.081937,1.4563863,0.72827387,6.379894,2.6272848,8.511606,4.1180563,0.6960747,0.53194547,29.075516,0.25196096,6.424431,1.8083314,-6.3550014,-1.0656486,-14.607933,-0.43086678,0.028380677,1.4378291,1.2642679,0.558884,7.968086,0.45637873,9.745639,0.8005781,32.574356,0.19908118,798.4144,0.25996727,1388.239,0.17559834,-76.16683,-1.0613328,1823.3002,0.14401038,1194.2598,0.2253248,-75.88492,-0.95702803,2925.1104,0.092896774,1001.1525,0.16393767,-81.618225,-0.8461497,-18.35615,-0.29011816,31.448141,0.24392495,0.06477292,0.3273279,-0.02408215,-0.41813082,0.8040324,0.4487591,30.169546,0.25681928,8.223902,1.1492329,-5.9711165,-1.1483264,-14.835628,-0.44832844,-13.789314,26.331741,0.05609689,-0.014520339,0.46243313,5.555556,3.5971224,0.19,0.1001998,0.068,0.036551334,-13.362123,9,15,75,SPEAKER_00,2723.6,3671.833333,3375.2165937500004,3376.6678437500004,1,1.45125,disengaged
37.21211,0.052755628,36.180542,37.00673,38.510452,2.3299103,114.24717,49.647327,13.330376,7.0444803,0.7358179,0.4989669,0.4360968,0.6686017,1.0514394,0.6153426,9.05793,4.544795,5.523579,3.3403263,0.4845304,0.71351683,26.72958,0.38180012,8.00037,1.2191131,-6.9144826,-1.9999459,-17.233904,-0.49959707,0.021119019,0.9177198,1.3387454,0.5522032,7.8088026,0.5043629,5.516843,1.8167791,30.065054,0.30041388,793.5247,0.1972598,1336.9568,0.20196153,-84.72683,-1.0146985,1840.7932,0.13970803,1101.5706,0.25485563,-88.82731,-0.88149744,2957.3506,0.078183025,995.6082,0.28389648,-95.04182,-0.77180207,-17.443975,-0.43005106,31.59688,0.23541279,0.061518077,0.41441727,-0.024421915,-0.5735163,0.5877479,0.56634384,30.430359,0.24405728,7.812703,1.2643801,-7.776144,-1.8186042,-18.638876,-0.46200106,-12.573948,22.448261,0.05945909,-0.011385705,0.33957475,3.6474164,3.4161491,0.1790909,0.1398996,0.099999994,0.07848566,-17.570818,9,15,75,SPEAKER_00,2723.6,3671.833333,3377.2247187500006,3380.5322187500005,1,3.3075,disengaged
0.0,0.0,0.0,0.0,0.0,0.0,0.0,0.0,0.0,0.0,0.3863675,0.21022618,0.29792482,0.40379515,0.4615494,0.16362458,0.0,0.0,-0.024382481,0.0,0.08307345,0.43033123,10.437283,0.3178305,-8.7335,-0.4833882,-8.333883,-0.5581609,-10.155071,-0.3656823,0.0,0.0,0.0,0.0,0.0,0.0,0.0,0.0,0.0,0.0,0.0,0.0,0.0,0.0,-201.0,0.0,0.0,0.0,0.0,0.0,-201.0,0.0,0.0,0.0,0.0,0.0,-201.0,0.0,0.0,0.0,0.0,0.0,0.0,0.0,0.0,0.0,0.0,0.0,0.0,0.0,0.0,0.0,0.0,0.0,0.0,0.0,2.1096172,15.430844,0.045409203,-0.0013269581,0.12757924,0.0,0.0,0.0,0.0,0.0,0.0,-37.71274,9,15,75,SPEAKER_02,2723.6,3671.833333,2753.8115937500006,2753.89596875,1,0.084375,disengaged
37.288548,0.12942576,34.25847,36.05539,41.979137,7.720669,61.173508,0.0,17.184935,5.307029,0.69825345,0.3028677,0.5387953,0.6578408,0.8790303,0.340235,10.692296,10.995278,10.335545,10.586203,0.2548131,0.92161757,24.881401,0.21995977,-1.9199746,-4.337291,-14.561944,-0.47975153,-22.226114,-0.30867812,0.023439586,2.58289,0.928309,0.591217,8.043868,0.6069806,3.9299207,1.8975254,28.42027,0.24267976,823.04626,0.19628383,1324.2444,0.10343365,-47.312546,-1.7743616,1863.069,0.106500804,1104.1768,0.32439116,-55.67389,-1.3530499,2940.7437,0.0819564,942.3696,0.3928889,-63.07231,-1.133527,-13.84074,-0.41900066,26.31537,0.19037785,0.057635795,0.40404093,-0.028004853,-0.4731347,0.25644407,1.0294154,26.391665,0.19619493,-2.3013654,-4.020344,-16.102163,-0.43522614,-23.385782,-0.27984098,-9.9393835,20.391708,0.054167785,-0.021425147,0.2882082,4.379562,1.5267177,0.5,0.03,0.26,0.0,-26.500044,9,15,75,SPEAKER_02,2723.6,3671.833333,2757.01784375,2758.40159375,1,1.38375,disengaged
