F0semitoneFrom27.5Hz_sma3nz_amean,F0semitoneFrom27.5Hz_sma3nz_stddevNorm,F0semitoneFrom27.5Hz_sma3nz_percentile20.0,F0semitoneFrom27.5Hz_sma3nz_percentile50.0,F0semitoneFrom27.5Hz_sma3nz_percentile80.0,F0semitoneFrom27.5Hz_sma3nz_pctlrange0-2,F0semitoneFrom27.5Hz_sma3nz_meanRisingSlope,F0semitoneFrom27.5Hz_sma3nz_stddevRisingSlope,F0semitoneFrom27.5Hz_sma3nz_meanFallingSlope,F0semitoneFrom27.5Hz_sma3nz_stddevFallingSlope,loudness_sma3_amean,loudness_sma3_stddevNorm,loudness_sma3_percentile20.0,loudness_sma3_percentile50.0,loudness_sma3_percentile80.0,loudness_sma3_pctlrange0-2,loudness_sma3_meanRisingSlope,loudness_sma3_stddevRisingSlope,loudness_sma3_meanFallingSlope,loudness_sma3_stddevFallingSlope,spectralFlux_sma3_amean,spectralFlux_sma3_stddevNorm,mfcc1_sma3_amean,mfcc1_sma3_stddevNorm,mfcc2_sma3_amean,mfcc2_sma3_stddevNorm,mfcc3_sma3_amean,mfcc3_sma3_stddevNorm,mfcc4_sma3_amean,mfcc4_sma3_stddevNorm,jitterLocal_sma3nz_amean,jitterLocal_sma3nz_stddevNorm,shimmerLocaldB_sma3nz_amean,shimmerLocaldB_sma3nz_stddevNorm,HNRdBACF_sma3nz_amean,HNRdBACF_sma3nz_stddevNorm,logRelF0-H1-H2_sma3nz_amean,logRelF0-H1-H2_sma3nz_stddevNorm,logRelF0-H1-A3_sma3nz_amean,logRelF0-H1-A3_sma3nz_stddevNorm,F1frequency_sma3nz_amean,F1frequency_sma3nz_stddevNorm,F1bandwidth_sma3nz_amean,F1bandwidth_sma3nz_stddevNorm,F1amplitudeLogRelF0_sma3nz_amean,F1amplitudeLogRelF0_sma3nz_stddevNorm,F2frequency_sma3nz_amean,F2frequency_sma3nz_stddevNorm,F2bandwidth_sma3nz_amean,F2bandwidth_sma3nz_stddevNorm,F2amplitudeLogRelF0_sma3nz_amean,F2amplitudeLogRelF0_sma3nz_stddevNorm,F3frequency_sma3nz_amean,F3frequency_sma3nz_stddevNorm,F3bandwidth_sma3nz_amean,F3bandwidth_sma3nz_stddevNorm,F3amplitudeLogRelF0_sma3nz_amean,F3amplitudeLogRelF0_sma3nz_stddevNorm,alphaRatioV_sma3nz_amean,alphaRatioV_sma3nz_stddevNorm,hammarbergIndexV_sma3nz_amean,hammarbergIndexV_sma3nz_stddevNorm,slopeV0-500_sma3nz_amean,slopeV0-500_sma3nz_stddevNorm,slopeV500-1500_sma3nz_amean,slopeV500-1500_sma3nz_stddevNorm,spectralFluxV_sma3nz_amean,spectralFluxV_sma3nz_stddevNorm,mfcc1V_sma3nz_amean,mfcc1V_sma3nz_stddevNorm,mfcc2V_sma3nz_amean,mfcc2V_sma3nz_stddevNorm,mfcc3V_sma3nz_amean,mfcc3V_sma3nz_stddevNorm,mfcc4V_sma3nz_amean,mfcc4V_sma3nz_stddevNorm,alphaRatioUV_sma3nz_amean,hammarbergIndexUV_sma3nz_amean,slopeUV0-500_sma3nz_amean,slopeUV500-1500_sma3nz_amean,spectralFluxUV_sma3nz_amean,loudnessPeaksPerSec,VoicedSegmentsPerSec,MeanVoicedSegmentLengthSec,StddevVoicedSegmentLengthSec,MeanUnvoicedSegmentLength,StddevUnvoicedSegmentLength,equivalentSoundLevel_dBp,participant,session,engagement_id,speaker,engagement_start_time,engagement_end_time,speaker_start_time,speaker_end_time,num_segments,speech_duration,merged_duration,label
37.292953,0.058767192,37.52058,37.643196,37.722656,0.20207596,633.0144,785.5747,10.685871,7.4881887,0.8696485,0.12318655,0.79146844,0.842309,0.92570245,0.13423401,2.72725,1.7586304,2.6497815,1.6454176,0.42584857,0.5463302,27.276962,0.09728348,11.702588,0.30527702,7.2683,0.7541283,-0.9059764,-6.8520985,0.026804086,0.97164935,0.92933893,0.4521332,10.287574,0.17738578,3.955895,1.650724,16.197592,0.43714255,972.45404,0.11228968,1196.2507,0.16715524,-38.31693,-0.92379266,2020.2886,0.07385484,1177.2833,0.23196349,-45.16696,-0.72353935,3006.4233,0.050279852,987.3467,0.36980128,-47.958405,-0.66817766,-20.655508,-0.16942069,35.539753,0.061507504,-0.0023581958,-6.338761,-0.012153944,-0.60335565,0.4162393,0.5534259,27.218376,0.098573945,11.540878,0.31291702,7.1298804,0.78130716,-1.0457193,-5.9770184,-20.33801,32.92095,-0.022818651,-0.018134532,0.65310264,4.9056606,0.95419854,0.98800004,1.0909702,0.06666666,0.036817867,-17.558268,12,10,2,SPEAKER_00,87.6,95.166667,88.40534375,94.86846875,4,5.315625000000011,5.315625,disengaged
37.995884,0.019851794,37.603867,37.75154,37.8662,0.26233292,7.98407,4.5019555,14.996214,17.55284,0.9428212,0.16132072,0.8306114,0.9082279,1.0419579,0.21134645,4.2939444,1.6792274,3.732551,2.5095215,0.6243612,0.74328023,29.968788,0.079903826,12.83896,0.23399311,7.335711,0.87868524,-5.9058967,-0.9895268,0.018330563,0.50321895,0.93536675,0.5561103,11.234604,0.17402004,9.846251,0.87185806,25.672714,0.21983545,913.22864,0.14839013,1337.322,0.1792627,-33.804962,-0.7371771,1986.8853,0.075761855,1198.1484,0.17785077,-43.59914,-0.4924529,3028.888,0.055827364,1026.1714,0.20470352,-46.409775,-0.45063686,-22.795052,-0.12542099,36.861706,0.08807902,0.007853257,1.5632097,-0.016555611,-0.43083662,0.6399381,0.74828565,30.053587,0.08172838,12.817371,0.23876922,7.0132813,0.9378657,-6.280306,-0.91896737,-20.718756,35.325344,0.0018189916,-0.01603962,0.25514394,6.504065,1.7094017,0.56,0.14,0.02,0.0,-15.315238,12,10,3,SPEAKER_00,95.2,100.033333,95.54346875,100.033333,2,1.2498642500000017,1.249875,engaged
37.6857,0.007516495,37.563274,37.628704,37.784756,0.22148132,8.500427,10.545589,6.2379804,2.4753969,0.90782875,0.13048348,0.7885146,0.89312154,1.0240585,0.23554385,2.5831761,1.4078848,2.7861242,0.89786875,0.45895237,0.4419948,28.913866,0.09835732,13.131293,0.34609553,7.20758,0.9305372,-0.46084988,-12.657175,0.022191394,0.6345347,0.81683433,0.342704,11.187697,0.15117696,4.6032147,0.97875196,18.615486,0.30182847,967.36145,0.12708661,1153.537,0.16904867,-30.98012,-0.23312394,2037.7739,0.07457587,1156.5204,0.21424957,-41.24552,-0.07297543,3045.8828,0.0560506,986.99036,0.23178451,-43.510544,-0.05792514,-21.654627,-0.23885572,38.070225,0.062038496,-0.0067416043,-2.14659,-0.010860195,-0.59060514,0.46104655,0.44481203,28.93648,0.100156315,13.209846,0.3501039,7.0713124,0.9614511,-0.56385714,-10.496761,0.0,0.0,0.0,0.0,0.0,5.755396,0.75187975,1.3199999,0.0,0.0,0.0,-15.478365,12,10,4,SPEAKER_00,100.066667,101.466667,100.066667,101.466667,1,1.4000000000000057,1.4,disengaged
37.673645,0.0054716603,37.5726,37.63927,37.707027,0.13442612,6.4899125,3.6151536,6.174824,6.7863393,0.9972473,0.37136036,0.8198189,0.94328815,1.3425374,0.5227185,-0.6781668,1.4730302,1.2384003,0.404593,0.4071997,0.47313574,22.510588,0.33816698,7.4787726,1.6888163,3.1846135,1.657776,3.424486,2.451452,0.031399563,0.82962835,0.8496723,0.3189856,9.078043,0.29788452,2.3657606,1.6005244,6.9995594,1.9688014,980.25934,0.061820757,1051.8369,0.10416853,-47.70412,-1.1252542,2082.4023,0.048500836,1062.3019,0.25966874,-52.70204,-0.98793864,2968.0374,0.046546735,1097.0443,0.40308592,-54.240543,-0.9493745,-16.776455,-0.34814367,30.413548,0.21507406,-0.010144647,-1.5377041,-0.010440519,-0.8632916,0.41633716,0.37408605,24.638002,0.17553395,7.651007,1.7498869,2.7477038,1.8947607,5.0813537,1.479595,-17.532045,27.987635,0.06640654,0.037166983,0.49928486,0.952381,2.0202022,0.42999998,0.02,0.099999994,0.0,-17.390907,12,10,5,SPEAKER_00,101.5,102.566667,101.5,102.566667,1,1.0666669999999954,1.066625,engaged
37.745274,0.00941282,37.605457,37.695683,37.919437,0.3139801,14.213233,12.911142,3.697103,5.7513046,0.94214684,0.13665171,0.80514455,0.9377666,1.0557196,0.25057507,6.2910557,4.3496556,4.2311406,1.9014567,0.5582565,0.5503329,29.288134,0.089413404,11.011932,0.38146454,7.6172276,0.69202757,-2.3909245,-2.5943334,0.018536279,0.54678833,0.949312,0.54328716,11.012224,0.15924107,5.903713,0.79004866,19.61385,0.3586167,959.3501,0.122839645,1196.4254,0.18671924,-48.209484,-1.0454303,2037.7463,0.06570547,1169.8489,0.24543744,-55.751747,-0.84072757,3020.5364,0.044151545,1018.3493,0.27111456,-58.545692,-0.7847187,-21.66343,-0.1887887,36.138245,0.0981554,-0.0020799364,-5.872465,-0.015416305,-0.5795354,0.5218864,0.58800447,29.209457,0.093533,10.948812,0.40491077,8.269306,0.6011348,-1.8688301,-3.3439174,-19.471918,36.309067,-0.0029264437,-0.022766259,0.93819237,7.7669907,2.0618558,0.42499998,0.195,0.089999996,0.0,-15.382464,12,10,6,SPEAKER_00,102.6,107.8,102.6,107.76096875,4,1.0434687500000024,1.0434375,disengaged
36.886612,0.09216265,37.517326,37.63339,37.706097,0.1887703,321.43423,255.5318,13.122928,5.485608,0.9011741,0.17326142,0.79719573,0.8493158,0.96838444,0.17118871,4.1953225,3.0375373,2.4835675,1.8337256,0.5112008,0.74235845,27.901983,0.09103516,12.973217,0.25258297,9.053149,0.69466513,-0.8245872,-10.039857,0.030984182,1.3935823,0.89261776,0.550833,10.576411,0.24723269,5.13678,1.3238684,17.514158,0.34799257,953.2114,0.124413796,1188.1963,0.12644856,-44.866833,-0.9672741,2009.9863,0.0692187,1165.2797,0.21305671,-51.887,-0.7665703,3002.3022,0.047306515,962.8125,0.3266725,-54.06933,-0.7251127,-22.21058,-0.16733989,36.616898,0.061542977,-0.0072346176,-1.6390631,-0.013688921,-0.75090885,0.46741605,0.6324758,27.74859,0.0918489,12.970444,0.26169014,9.189253,0.67821693,-0.690467,-11.659163,-22.368404,35.545155,-0.0071562203,-0.018115142,1.0250542,4.2704625,1.8115942,0.498,0.4349896,0.053333335,0.033993464,-16.309692,12,10,6,SPEAKER_03,102.6,107.8,103.25534375,107.8,5,2.823406249999991,2.8234375,disengaged
37.846657,0.016568424,37.49353,37.62939,38.22003,0.72650146,13.3986225,7.3200507,12.48439,7.951613,0.9127473,0.11043749,0.8143065,0.90293485,0.9900275,0.17572099,5.070361,2.6690893,4.0964785,1.4974389,0.58180195,0.69528294,29.058737,0.06417895,11.857901,0.35059297,6.5211887,1.0101256,-3.4138649,-1.4176072,0.018716848,0.47136298,1.1258271,0.46155196,10.688965,0.1857741,3.9588847,2.0951076,19.209002,0.33781397,941.3821,0.10838293,1179.2319,0.14793324,-29.018595,-0.26871735,2034.0388,0.059211012,1065.9902,0.1524937,-39.52411,-0.09022579,3065.6804,0.053788092,924.26776,0.18900277,-42.610985,-0.05960753,-22.183468,-0.17063333,36.475376,0.07160895,-0.006621324,-1.3796148,-0.016407613,-0.47082162,0.58898187,0.7047872,28.98199,0.06429019,11.848458,0.3587514,6.5294566,1.026556,-3.0982165,-1.5060343,0.0,0.0,0.0,0.0,0.0,8.421053,1.1235955,0.88,0.0,0.0,0.0,-15.873693,12,10,7,SPEAKER_03,107.833333,108.833333,107.833333,108.833333,2,0.9662500000000023,0.96625,engaged
37.244987,0.025076525,36.438004,37.61791,37.71745,1.2794456,59.850372,64.134315,12.622484,6.12719,1.2343985,0.356909,0.79922116,1.0725302,1.6856523,0.8864311,2.8696764,7.2826543,6.6612306,4.508036,0.57385963,0.42482466,25.134043,0.13492413,4.812311,2.4047644,5.6421294,1.7862558,-6.591507,-2.116907,0.018541347,0.66566527,0.8867039,0.41247615,8.333169,0.38594761,4.5359626,1.3688731,16.199486,0.52889013,887.2903,0.25413585,1341.6688,0.20243628,-36.427155,-1.297424,1871.7275,0.15950562,1189.3057,0.1614751,-39.03315,-0.9367589,2912.2925,0.08058131,1033.3635,0.2133379,-43.83712,-0.77740943,-14.706077,-0.5048926,26.742079,0.32367486,0.0075573153,2.308665,-0.01105936,-0.7842386,0.572677,0.44349816,24.414415,0.123999745,3.928889,3.1548545,6.225563,1.6509441,-5.6971836,-2.3811135,-19.185755,30.65832,-0.0034458134,-0.01307052,0.39944324,1.2048193,4.0,0.22333333,0.077602975,0.02,0.0,-16.827314,12,10,8,SPEAKER_03,108.866667,109.766667,108.866667,109.766667,2,0.8493749999999949,0.849375,disengaged
36.9254,0.06530866,37.218582,37.606926,37.68617,0.46758652,242.25383,164.79243,50.39618,81.8704,0.9584792,0.2297073,0.78021,0.87051606,1.1289736,0.34876359,4.869747,3.4413526,3.0899131,2.0488892,0.43021414,0.41032332,26.537638,0.1463198,11.63609,0.40206286,9.465504,0.88846284,-5.5472484,-1.9645703,0.028686207,1.1726159,0.83561003,0.3929322,10.183432,0.24864107,5.4503903,1.4166604,17.56383,0.43892577,933.54584,0.18338749,1301.2516,0.18853548,-31.511623,-0.7710116,1946.2515,0.1118643,1264.9592,0.2860595,-38.4401,-0.55182755,2969.9329,0.06881241,928.18097,0.31317565,-40.839985,-0.5094203,-20.678513,-0.18918912,33.57409,0.14748186,0.00095560314,18.084871,-0.011520405,-0.7530339,0.43406117,0.41982067,26.483027,0.14580473,11.662813,0.4050281,9.553289,0.8801255,-5.674819,-1.9320362,-21.660034,35.13286,-0.011931474,-0.007649864,0.29151273,3.4482758,0.86956525,1.1166667,1.187219,0.02,0.0,-17.049826,12,10,9,SPEAKER_03,109.8,133.6,109.8,130.30596875,9,6.972218750000025,6.9721875,engaged
27.857935,0.2679027,18.768309,26.135084,37.085865,18.317556,184.33475,0.0,54.06984,35.19604,0.9124663,0.11319627,0.80312115,0.9034588,1.0130242,0.20990306,0.5988568,0.78419906,3.9948897,0.0,0.364963,0.19218561,30.124382,0.051742055,13.995738,0.12988703,10.564627,0.24763507,-1.6190013,-2.9887497,0.0761683,1.5538893,0.7630848,0.355416,6.9940124,0.40876234,0.6179262,31.6257,29.489128,0.39210272,709.31824,0.4586674,1555.6425,0.13872783,1.5141417,8.929446,1743.3346,0.15858719,1176.2891,0.12322786,-14.507851,-0.96854603,2893.063,0.10153838,1117.7435,0.18385184,-23.648563,-0.5929854,-23.692347,-0.052770868,36.67861,0.030383358,0.029869894,0.5176546,-0.007569888,-0.75725055,0.38087565,0.14094207,30.443773,0.0518345,13.9951315,0.14015813,10.410742,0.27905756,-1.3522857,-3.9625723,0.0,0.0,0.0,0.0,0.0,3.448276,4.3478265,0.22,0.0,0.0,0.0,-16.437605,12,10,9,SPEAKER_01,109.8,133.6,121.41284375,121.71659375,1,0.30375000000000796,0.30375,engaged
34.15314,0.18162785,27.514107,37.619473,37.910965,10.396858,399.48663,371.64996,113.27563,128.3217,1.1750745,0.2670746,0.8891774,1.1137089,1.4581773,0.56899995,7.502735,3.6570518,6.3534174,3.6573672,0.6467916,0.4782321,29.916176,0.11030295,9.897165,0.6070939,-0.7673765,-12.9443655,-8.770949,-0.9948973,0.056179035,1.3481765,1.0528902,0.43743947,7.2172093,0.5038404,4.968649,2.8467684,23.050581,0.48296523,777.65686,0.29660487,1393.9319,0.17399682,-28.76245,-1.3836662,1813.7068,0.17569593,1211.5481,0.17770883,-34.223473,-1.0722681,2896.4353,0.10808943,1069.266,0.22309616,-41.00424,-0.8233927,-18.200735,-0.26839072,32.693035,0.12395233,0.0135990605,1.2852598,-0.021531947,-0.4306681,0.6583023,0.47775367,29.871086,0.11421546,10.04706,0.60642374,-0.5994282,-16.746708,-8.958359,-0.9704191,-17.080519,34.431973,0.009066494,-0.022113778,0.6012896,5.821918,1.7730497,0.528,0.45735762,0.035,0.005,-15.579174,12,10,9,SPEAKER_02,109.8,133.6,128.23034375,132.65159375000002,7,2.9362499999999727,2.93625,engaged
37.614964,0.0016475671,37.550266,37.61066,37.676514,0.1262474,3.8370388,1.3559049,2.7731164,0.8978274,0.82968265,0.1327017,0.7507331,0.781877,0.92906904,0.17833596,5.6962013,5.035521,3.071026,0.58565754,0.46040052,0.7843975,28.289732,0.09615165,11.3172,0.32062832,6.2349405,0.71915597,0.5666911,6.8686357,0.02888993,0.3325294,0.7628475,0.4017509,10.660661,0.091571845,2.6822646,1.8855368,16.068632,0.27872953,1008.5466,0.042183563,1135.1615,0.16677576,-61.470303,-0.8796237,2083.416,0.033218388,1167.0878,0.18522052,-67.328316,-0.77364427,3126.3513,0.031982385,1015.83923,0.18513143,-70.08564,-0.72400254,-20.135141,-0.20572832,37.000324,0.042759813,-0.0033140567,-3.6295989,-0.011172605,-0.711019,0.4380587,0.80399406,28.25446,0.10979806,11.423351,0.35747063,5.168478,0.85911053,0.6150118,6.680976,-20.967232,34.808105,0.011721285,-0.010649957,0.8582772,7.3170733,5.714286,0.13499999,0.055,0.02,0.0,-17.922665,12,10,9,SPEAKER_00,109.8,133.6,131.35221875000002,132.80346875,3,0.4218749999999716,0.421875,engaged
36.772095,0.08169566,37.381474,37.62829,37.764877,0.38340378,188.0217,0.0,7.1672707,1.5971484,0.6945746,0.2718252,0.4894441,0.7143611,0.8578799,0.36843577,3.3640506,1.782193,1.6714507,0.8904757,0.3276455,0.47912416,26.744253,0.18217196,8.268225,0.69838935,2.6162078,2.5548005,-2.3441026,-2.221824,0.0279985,0.5477547,0.90121514,0.431761,9.526769,0.276858,7.4835787,1.818599,20.229118,0.43010706,951.94196,0.11550964,1184.2228,0.15977691,-118.838905,-0.72450393,2006.9071,0.08833554,1130.8177,0.19319929,-121.65104,-0.6712006,3001.7605,0.059036136,983.365,0.31441778,-123.677055,-0.64323497,-19.788824,-0.21174502,35.319458,0.09961898,0.0028672111,5.308696,-0.013259572,-0.44006047,0.35568744,0.29795188,29.485556,0.082999624,9.326087,0.42706242,5.419035,1.0139025,-2.592182,-1.9811393,-12.921533,25.600473,-0.006321235,-0.011969888,0.30443192,4.7297297,1.0344828,0.45333332,0.53518426,0.745,0.315,-21.481842,12,10,10,SPEAKER_00,133.633333,137.366667,134.38971875,137.366667,1,2.976948250000021,2.9769375,disengaged
36.875446,0.022157494,36.637123,36.94921,37.201763,0.56464005,5.074501,0.0,14.123339,0.0,0.63101816,0.19951116,0.5149742,0.633857,0.6904122,0.17543805,3.0944426,1.3576171,2.3075373,1.4760916,0.30152017,0.41253835,28.337812,0.14050733,6.859834,0.8885405,-3.3279128,-3.285545,-5.7938423,-1.0435169,0.01670346,0.49482587,0.99857926,0.44070065,10.058859,0.26543245,8.721379,0.678257,27.348085,0.21936859,803.84717,0.18692352,1414.6986,0.10491116,-129.67204,-0.63160247,1789.6134,0.09972731,1269.6531,0.101295315,-125.5301,-0.62547463,2884.477,0.05109285,1034.3514,0.15558213,-129.5585,-0.5732467,-20.184534,-0.36797956,36.640167,0.14915672,-0.0032831505,-3.562096,-0.013183418,-0.3816668,0.3574554,0.36965504,31.205643,0.08409045,10.887871,0.5351057,3.865341,2.7994995,-2.783451,-1.5069312,-10.268579,27.170942,0.004230838,-0.014334594,0.28274274,4.166667,2.9850748,0.14,0.12,0.11333333,0.052493386,-23.012272,12,10,11,SPEAKER_00,137.4,138.133333,137.4,138.133333,1,0.7333329999999876,0.7333125,engaged
37.114307,0.07153863,37.089924,37.53299,37.97597,0.88604736,39.631584,24.896833,32.392807,42.1954,0.5959576,0.1762641,0.50507694,0.5668279,0.6702033,0.16512638,2.7034156,1.7905561,2.5527942,1.3379074,0.2949963,0.48914656,27.233576,0.1442906,8.875573,0.60637254,2.3148606,3.3032064,-3.5936296,-1.9582744,0.028043808,0.6035968,1.2186525,0.41147313,8.377826,0.28125608,5.163615,1.7054249,20.127213,0.4231457,897.82825,0.18045337,1273.4454,0.16627316,-93.10403,-0.87229913,1908.5266,0.116264746,1216.1699,0.21464959,-96.59206,-0.78106534,2927.838,0.06532828,917.39655,0.2808327,-99.84087,-0.73002464,-18.01146,-0.30586457,32.38439,0.16254771,-0.012650734,-1.1058944,-0.011981122,-0.8155329,0.31115896,0.5120069,27.36966,0.15787604,9.949779,0.57661283,3.400187,2.231215,-3.1916518,-2.3313549,-14.826428,29.910255,-0.013593039,-0.012801787,0.27067053,4.6511626,4.069051,0.14242424,0.13687043,0.093448274,0.07302696,-23.66218,12,10,12,SPEAKER_00,138.166667,148.933333,138.166667,147.77159375000002,4,8.187426750000014,8.1874375,disengaged
37.181206,0.021085942,36.09955,37.318542,37.98327,1.8837204,29.8681,0.0,-10.466247,0.0,0.67663723,0.123957075,0.6040772,0.6709487,0.7365258,0.13244855,3.4404664,2.0040264,0.5457226,1.8825015,0.32593945,0.31892663,27.057472,0.08001622,6.7037787,0.88366157,8.125284,0.77211547,-12.796166,-0.59580433,0.018724455,0.3973822,1.2469283,0.27180853,7.1926208,0.33091155,8.033395,1.1455098,20.634977,0.20439734,852.6764,0.17015101,1420.056,0.19572811,-35.95723,-1.3674396,1887.0929,0.11373791,1201.2777,0.22019067,-44.97753,-0.9729245,2776.7656,0.06664706,1166.2522,0.40996456,-45.469067,-0.9602039,-14.939411,-0.2685096,24.668732,0.21122572,0.0052401964,1.9879649,-0.016423803,-0.4699852,0.37164122,0.2437444,26.508049,0.08663656,3.8336444,1.19411,9.062352,0.74371195,-16.63299,-0.29387733,-21.583813,36.97959,-0.027603783,-0.007855384,0.385497,7.4074078,4.7619047,0.17999999,0.0,0.0,0.0,-24.619387,12,10,12,SPEAKER_03,138.166667,148.933333,147.77159375000002,148.75034375,2,0.2868750000000091,0.286875,disengaged
35.943283,0.036738966,34.43722,35.7375,37.47344,3.0362167,19.957678,4.2493896,6.591642,6.4724627,0.8752877,0.34371874,0.565385,0.78801906,1.2275853,0.66220033,5.131518,2.3338482,5.5144987,3.0918002,0.4282643,0.36375594,24.063086,0.12382726,7.2704716,0.71887326,2.1832957,4.8380084,-21.923338,-0.60009766,0.023532169,0.74967813,1.315466,0.3116675,5.4474974,0.36450458,0.17177172,49.812153,18.763002,0.3331484,675.2643,0.29650038,1371.624,0.095779434,-82.09626,-1.0932008,1605.0195,0.16035107,1209.8147,0.12470299,-81.88465,-1.0257546,2708.9246,0.08972834,904.3155,0.2421099,-86.91084,-0.9233329,-12.26282,-0.37401962,21.845568,0.2659147,9.044504e-05,157.20013,-0.01844047,-0.44648406,0.4244064,0.32562295,23.12247,0.11921565,7.035996,0.9043023,-1.5211253,-5.925821,-23.095203,-0.6420059,-15.110886,24.909267,0.00021412634,-0.01662116,0.4227665,5.1282053,2.777778,0.225,0.175,0.114999995,0.095,-23.194017,12,10,13,SPEAKER_03,148.966667,149.766667,148.96971875,149.766667,1,0.796948250000014,0.7969375,engaged
37.52113,0.04622358,36.91429,37.564915,37.884438,0.9701462,16.555286,0.0,-32.46787,0.0,0.68676937,0.25457954,0.54090357,0.64883107,0.81900567,0.2781021,4.417075,2.3283453,2.8791199,1.9732665,0.30497804,0.3865578,27.441938,0.0827131,6.415583,0.7398591,4.114401,1.4992574,-12.150179,-0.9391171,0.03331164,0.36002588,1.1672897,0.3391418,7.1295443,0.26805565,2.8153038,1.8706328,18.789186,0.5660749,872.89197,0.17078272,1297.2275,0.14163394,-155.78044,-0.4521398,1865.5273,0.08760287,1135.1414,0.25895724,-157.34679,-0.42946535,2913.3513,0.042526845,859.1977,0.2952268,-158.7411,-0.41113603,-16.267292,-0.20919783,25.902449,0.297139,-0.005487636,-3.8059947,-0.015429515,-0.56636393,0.32744998,0.50188863,26.369505,0.105219625,6.513571,0.86521554,7.060052,0.58998454,-8.995094,-1.4811022,-15.239835,26.873373,-0.009724747,-0.017225718,0.30415958,4.291846,4.4052863,0.047,0.028653098,0.19749999,0.23074608,-24.843279,12,10,14,SPEAKER_03,149.8,152.9,149.8,152.9,4,2.3406249999999886,2.340625,disengaged
34.258244,0.1842371,25.530209,37.534153,37.74028,12.210072,41.876953,26.94305,188.58522,154.286,0.65729016,0.29114473,0.5072865,0.7258466,0.81344295,0.30615646,0.3996706,3.3453748,3.0075903,2.2367656,0.24765545,0.32106757,23.18894,0.2881622,3.7380912,1.9736198,9.694024,0.92590743,-5.454616,-2.06549,0.04400534,1.0000397,1.3816415,0.35869136,5.1343107,0.34059465,12.083318,1.0241498,18.576042,0.83979696,886.83075,0.16617648,1290.2429,0.16899392,-79.28601,-1.008469,1827.9688,0.055301137,1140.2185,0.20634821,-80.6052,-0.9469812,2874.7603,0.044876263,791.5381,0.2706611,-84.42218,-0.8713303,-15.431895,-0.3224572,24.29774,0.36318216,-0.020323548,-0.4553149,-0.017044023,-0.5712004,0.24616261,0.3361485,24.4006,0.2046095,4.972626,1.381428,9.795796,0.89765346,-4.8515916,-2.4486604,-14.815066,22.031767,-0.019091528,-0.018698074,0.27673954,4.347826,6.25,0.095,0.074330345,0.04,0.012247449,-25.759176,12,10,15,SPEAKER_03,152.933333,153.633333,152.933333,153.633333,1,0.6999999999999886,0.7,engaged
37.2611,0.09543264,37.402847,37.628304,38.230392,0.82754517,160.58556,135.22377,106.53871,186.05286,0.64895326,0.30261412,0.4995197,0.58734655,0.77998924,0.28046954,5.490005,4.6082,3.052199,1.8358266,0.2699088,0.47007298,27.339085,0.1435791,7.61335,0.66583973,3.7502415,2.1143677,-9.167926,-1.3551409,0.03120367,0.72832054,1.1494064,0.41390857,7.731267,0.23729104,0.9433316,7.259979,18.62576,0.48925155,903.8608,0.17192957,1249.8817,0.18638277,-60.04654,-1.1587003,1933.1974,0.10012011,1220.0415,0.24724604,-67.90375,-0.92832774,2949.1475,0.05588759,857.57446,0.25883874,-70.6703,-0.87568265,-17.78184,-0.15031035,30.760042,0.1654085,-0.009335931,-1.6012203,-0.015860695,-0.76538986,0.26036355,0.49878144,27.688786,0.12556706,8.274866,0.5885624,2.7228284,2.7371657,-9.6283655,-1.3467064,-15.531782,25.434376,-0.007731981,-0.020908104,0.31379706,3.0418253,3.6538463,0.20526315,0.1920079,0.058666665,0.07172788,-24.503397,12,10,16,SPEAKER_03,153.666667,164.666667,153.666667,161.65971875,3,5.276176750000019,5.2761875,disengaged
37.125526,0.07248813,36.908943,37.450573,37.769382,0.8604393,219.30049,151.42776,56.5317,65.60288,0.7027021,0.43670866,0.5117789,0.61873996,0.8020811,0.29030222,6.843218,6.1714106,4.1055436,2.4910855,0.31543142,0.57683194,26.811462,0.18258713,7.461338,0.9318281,4.3822503,2.002191,-10.62359,-1.06289,0.033271056,1.2032888,1.1215949,0.393507,7.7918553,0.28765246,4.0529914,3.169019,19.478146,0.78898233,810.43585,0.24111609,1383.9883,0.1738005,-47.645206,-1.2871218,1800.7463,0.13223252,1253.2615,0.25411454,-52.034412,-1.0545936,2853.0618,0.06744462,933.2946,0.39645657,-56.532154,-0.9358506,-16.530811,-0.30361497,29.300014,0.20961234,-0.00036334485,-58.505318,-0.013145032,-0.7316813,0.31433108,0.5517564,26.94991,0.16682804,7.561384,0.91701967,4.180204,2.1304276,-10.954501,-1.0749935,-16.19864,28.899279,0.0014895141,-0.009269873,0.34822634,2.4096386,2.825429,0.2942857,0.31886435,0.0515,0.045527462,-23.246576,12,10,17,SPEAKER_03,164.7,203.833333,174.75471875000002,187.02284375,4,9.973124999999953,9.973125,engaged
36.501614,0.07720776,36.672676,37.466805,37.670883,0.9982071,140.03552,0.0,5.9401603,5.8039165,0.61984503,0.15586743,0.532494,0.60003215,0.6864993,0.15400529,2.3074431,1.3227607,1.6783708,0.9555794,0.26423195,0.32176006,27.286055,0.1383202,8.959883,0.6310759,0.9971807,6.4587755,-4.766173,-1.6566399,0.03548202,1.6228076,1.0801258,0.3339998,7.8461785,0.27120015,5.1678905,1.8738137,21.483418,0.45603025,876.9488,0.2040676,1288.4025,0.1872649,-61.496433,-1.1593322,1949.196,0.10573323,1231.5892,0.19832475,-68.54681,-0.9445247,2935.1992,0.060038477,1027.9474,0.36584812,-72.22434,-0.86962295,-17.423952,-0.22013548,32.063183,0.07808271,-0.0022733677,-8.838651,-0.013554348,-0.49853823,0.25846148,0.32208857,27.146942,0.1540538,9.921205,0.547807,0.72870433,7.439711,-4.7243166,-1.6586297,-13.664258,30.20836,-0.0029569052,-0.009676842,0.28562126,5.960265,3.448276,0.216,0.15882064,0.065,0.03201562,-24.453232,12,10,18,SPEAKER_00,203.866667,206.2,204.10034375,206.2,2,1.525906249999963,1.5259375,disengaged
37.384037,0.1591404,36.949306,37.59982,39.06929,2.1199837,244.59682,229.59247,151.93822,314.3431,0.87232965,0.68747413,0.54171544,0.6101382,0.85205907,0.31034362,1.621073,1.3277191,2.9707506,2.9782898,0.29882684,0.61598235,24.022516,0.2510084,4.0920825,1.9861422,-0.077131905,-98.79632,-3.9820933,-1.6637745,0.04084121,1.1203492,1.1461446,0.33480674,6.191612,0.4311724,3.0814688,2.6099634,15.961539,0.5946576,913.7017,0.17436884,1236.4202,0.19008347,-61.50738,-1.2007383,1888.6859,0.10863172,1171.1726,0.18798003,-64.656906,-1.0748911,2899.709,0.07008167,895.26404,0.31997007,-68.53782,-0.98084,-12.290366,-0.5664067,25.86846,0.32332245,-0.0014581273,-15.645518,-0.0069156433,-1.2225034,0.3136555,0.6582818,22.999365,0.27885398,3.3580272,2.6410375,0.30085388,25.35913,-3.4664662,-1.878464,-14.657232,30.106804,-0.0039358204,-0.011459536,0.25350112,0.87463564,3.6818852,0.19799998,0.26617286,0.06285714,0.040957917,-21.991577,12,10,19,SPEAKER_00,206.233333,214.0,206.233333,214.0,3,6.872291999999987,6.8723125,engaged
36.57938,0.08967585,36.999104,37.62163,37.814713,0.815609,269.58057,198.64864,19.1604,15.624762,0.6081102,0.15441366,0.52077407,0.588094,0.6904602,0.16968614,2.059662,1.2186897,2.1874335,1.3780401,0.24696276,0.33452317,28.114935,0.09685329,7.9293776,0.4712854,0.85006225,7.5215693,-5.224861,-1.0940899,0.035411302,0.766503,1.1331798,0.33404794,7.419884,0.31522176,4.787429,1.4530526,20.007496,0.41056594,913.01227,0.13195255,1256.4113,0.21472228,-48.89834,-1.1369485,1920.0542,0.08315647,1198.3304,0.16730878,-56.437706,-0.89872193,2942.6597,0.04572458,906.796,0.28538448,-61.148594,-0.80061805,-16.948805,-0.20529984,32.669273,0.08440894,-0.0047183367,-2.9693918,-0.012736359,-0.6153806,0.24935463,0.3509562,28.226315,0.095992535,8.038482,0.46751752,1.2764975,5.0872116,-5.0969462,-1.1548765,-15.511095,31.071213,-0.0039184154,-0.01342677,0.23230736,4.142012,3.323263,0.25,0.16738632,0.034444444,0.016405357,-24.68387,12,10,20,SPEAKER_00,214.033333,276.233333,214.033333,221.80221875,5,3.39826075000002,3.39825,disengaged
37.636196,0.008012551,37.45834,37.719063,37.8305,0.37216187,9.216055,0.0,0.14394188,13.650274,0.660542,0.22286455,0.56565106,0.60982645,0.7021996,0.13654852,1.1683248,1.4424512,4.27357,2.6108139,0.4382878,0.31335518,28.18683,0.06154664,12.604377,0.2895819,9.213395,0.37953517,-9.34147,-0.8615233,0.034312412,0.2292458,1.4206164,0.166676,9.288052,0.11806617,18.208311,0.1021679,26.522,0.11962076,720.2385,0.30196753,1591.6774,0.17923445,-70.53633,-0.9766341,1710.454,0.17216137,1314.5259,0.15338668,-70.53136,-0.8719698,2811.089,0.073216215,899.49646,0.09870425,-74.55269,-0.8010185,-22.799944,-0.12145592,34.27348,0.10266439,0.027221497,0.7680639,-0.021474024,-0.35047942,0.5285925,0.27538052,29.015545,0.047624618,15.086904,0.14133309,11.409652,0.16945055,-14.006072,-0.5280119,-19.730806,33.50151,0.0015468372,-0.012167972,0.4733361,5.263158,7.142857,0.099999994,0.0,0.02,0.0,-21.075481,12,10,20,SPEAKER_01,214.033333,276.233333,219.45659375,219.65909375,1,0.20250000000001478,0.2025,disengaged
35.764442,0.1778566,30.454712,36.651066,38.009506,7.5547943,344.0035,449.6039,110.77102,106.155876,0.80703306,0.3485591,0.5698738,0.76395094,1.0332214,0.46334755,5.0078373,3.4238026,4.3597517,2.6195357,0.43818283,0.6058981,27.733221,0.24497859,9.734399,0.6627498,-2.0712817,-5.8969283,-10.845446,-1.0467149,0.044072326,1.5227666,1.4561144,0.4954612,5.970745,0.5131837,7.365129,1.7304301,27.19994,0.38119578,716.2983,0.28521532,1384.3398,0.16596802,-91.646736,-0.9648794,1747.4583,0.13756123,1189.5144,0.21104822,-90.93225,-0.8848331,2844.3992,0.07950464,929.5906,0.28970802,-95.41746,-0.8063952,-17.594664,-0.24097957,29.968641,0.18905433,0.010841019,1.7192231,-0.021349091,-0.53441954,0.42926976,0.6228653,28.486404,0.19529013,9.477481,0.6891864,-3.2950451,-3.8107574,-12.184451,-0.9840793,-15.965758,27.763058,0.0081126485,-0.020023763,0.46907586,2.7839644,4.5964127,0.123170726,0.112736225,0.078947365,0.061206702,-20.721626,12,10,20,SPEAKER_02,214.033333,276.233333,219.65909375,270.68909375000004,15,8.994374999999962,8.994375,disengaged
38.60922,0.11513421,36.992065,37.714844,42.081024,5.0889587,347.43307,433.2959,105.87203,208.95512,0.98553246,0.6861729,0.49919474,0.72251564,1.4452286,0.94603384,8.694777,5.4031343,5.346106,3.165941,0.4511078,0.9622224,23.782824,0.28189206,6.2007523,1.5423392,0.4371242,24.973513,-16.386465,-0.8944625,0.026851967,1.323809,1.1015499,0.43570197,7.2104445,0.37452477,3.6674726,3.1550858,18.81395,0.5987897,768.10095,0.26252255,1303.1948,0.15694173,-60.026615,-1.2800533,1796.7745,0.14814536,1171.0627,0.2692467,-61.284824,-1.118147,2826.2288,0.07450309,878.52423,0.38494796,-63.95719,-1.0494788,-14.617222,-0.4178422,25.568956,0.3404173,0.0051492946,4.634912,-0.019267466,-0.6740062,0.4626543,0.8336344,23.40885,0.29514903,5.5025654,1.8470038,-0.31208175,-36.00992,-17.267782,-0.8863276,-15.884705,27.309,0.0012563312,-0.019823998,0.42086744,1.7901236,3.1598513,0.2380392,0.27875087,0.06212766,0.051609676,-18.850235,12,10,20,SPEAKER_03,214.033333,276.233333,234.12096875,275.98784375,13,16.216874999999987,16.216875,disengaged
37.09781,0.10278056,36.662327,37.523884,38.516342,1.8540154,144.3169,147.88072,72.72537,113.37713,0.7754347,0.42068505,0.50988394,0.6676205,1.0375009,0.5276169,6.28451,3.8287344,4.8451667,3.0149405,0.3401436,0.63376284,24.762749,0.22688696,7.040135,1.0261545,3.626311,2.631508,-17.835552,-0.841233,0.03119662,1.162016,1.1292452,0.41485244,6.7775335,0.36372697,3.9641626,3.2878966,19.001564,0.70673317,787.08673,0.2395034,1319.5558,0.1571541,-62.179585,-1.2478744,1817.872,0.13139461,1156.7377,0.26735303,-66.52721,-1.0432682,2852.373,0.06878747,841.0688,0.40225628,-68.475655,-0.99715984,-15.371641,-0.30717772,25.937048,0.25601897,0.0037430676,6.343616,-0.020656575,-0.5725175,0.34475446,0.6384444,24.825449,0.21477431,6.7224646,1.1044722,2.8441176,3.4451828,-17.97857,-0.86142,-15.319119,25.021786,0.0011591755,-0.021017991,0.32963765,2.6106193,3.5048804,0.20721519,0.20185806,0.06617647,0.0465905,-23.068768,12,10,21,SPEAKER_03,276.266667,323.033333,276.57846875,319.55909375000005,23,22.612499999999898,22.6125,engaged
27.70781,0.27329817,20.036688,25.462866,37.25831,17.22162,68.88005,0.0,285.38226,0.0,0.67674714,0.17030178,0.53440255,0.717936,0.7669343,0.23253173,1.6782194,0.36584222,-1.0046735,2.0364125,0.26138014,0.40796968,28.913643,0.08506817,6.8140764,0.5305977,9.569931,0.3624775,-18.815138,-0.47294345,0.029867508,1.5131541,1.3894968,0.5548735,4.3697114,0.46423116,-6.6349697,-3.979533,11.715796,2.1034071,836.57745,0.1679368,1263.6091,0.102451876,-75.00612,-1.2061809,1986.4896,0.108109914,1093.6094,0.39610246,-81.557526,-1.0205376,2857.3745,0.059349895,773.6751,0.18590452,-80.937584,-1.0350586,-15.433538,-0.15409777,22.759138,0.24068594,0.0018074568,5.919359,-0.020713506,-0.32773715,0.21711524,0.27836022,27.8962,0.08578949,5.123059,0.49616262,9.979753,0.3693325,-22.051744,-0.39198908,-17.527012,27.308472,-0.007620646,-0.016805775,0.25919285,3.1746032,5.6603775,0.103333324,0.10370899,0.053333335,0.024944384,-23.504456,12,10,21,SPEAKER_01,276.266667,323.033333,285.50534375,286.14659375,1,0.6412500000000136,0.64125,engaged
36.345623,0.035131622,35.482735,36.867935,37.414146,1.9314117,33.406834,0.0,20.189404,19.154713,0.64034784,0.22161435,0.5184126,0.6150515,0.7711002,0.25268763,4.5557384,1.0629938,2.6761663,2.05396,0.3726493,0.3185474,30.092892,0.087601624,7.741941,0.33020285,5.5653477,1.264262,-8.297115,-0.72523403,0.035024855,0.34127733,1.4751059,0.26872554,6.0888724,0.41551587,7.9854074,1.3436402,25.444813,0.113392994,688.8438,0.22856207,1471.4016,0.09912383,-91.07853,-0.9578475,1752.9253,0.13989288,1144.4956,0.29197073,-95.747665,-0.83511996,2789.3335,0.08805848,1036.3816,0.19149265,-97.18842,-0.8099563,-18.609772,-0.072764665,27.097078,0.10498706,0.016578337,1.2575054,-0.030493608,-0.25296268,0.43496424,0.16203558,30.906683,0.074940935,7.0953436,0.3138617,5.095808,1.7907026,-11.72301,-0.47379935,-17.25098,28.020828,-0.0063409396,-0.01491603,0.288662,4.7619047,5.555556,0.099999994,0.02,0.13,0.0,-23.965477,12,10,21,SPEAKER_02,276.266667,323.033333,307.57784375,308.01659375,1,0.4387500000000273,0.43875,engaged
37.794464,0.055968296,37.163536,37.6028,38.60811,1.4445724,108.48682,123.28258,16.973228,4.1246214,0.60023624,0.3084706,0.48555756,0.5534239,0.6509704,0.16541284,7.2592716,9.783093,1.5836282,0.78021795,0.30738473,0.72974795,28.669598,0.09946822,8.953735,0.34835625,0.47276586,15.666595,-9.393348,-0.9706812,0.03027632,0.7495772,1.2427782,0.4282461,7.9707494,0.18029356,6.0178933,1.2478398,24.426243,0.41102427,840.8379,0.2001802,1290.3652,0.1743637,-49.65606,-1.3026961,1853.1925,0.10534775,1183.8016,0.14217508,-58.446934,-0.98075616,2932.4768,0.060596164,895.6935,0.2247665,-63.46777,-0.8704578,-18.353176,-0.15838206,33.180595,0.062494487,-0.0011727042,-15.883266,-0.017233118,-0.53047025,0.3103823,0.8484672,28.804535,0.099966116,9.269591,0.3274819,0.42161012,17.318079,-9.682753,-0.99001,-16.673845,31.264467,-0.017012691,-0.01904037,0.32898512,1.863354,3.2258065,0.25,0.19839355,0.0525,0.029474566,-23.53592,12,10,22,SPEAKER_01,323.066667,331.633333,323.38971875000004,326.81534375,3,1.6199999999999477,1.62,disengaged
41.255814,0.08789579,37.537155,40.745,45.11167,7.5745163,57.817623,0.0,-7.429276,0.0,0.93199044,0.43277293,0.5003683,1.1414262,1.3149171,0.8145488,6.655933,0.13343962,5.1101656,0.0,0.45223865,0.7325862,23.015676,0.12849131,7.3304925,1.0870634,-8.053148,-1.5023494,-11.353711,-1.1393336,0.03228431,0.7343846,1.1445532,0.30646166,7.3735223,0.26395473,3.0742934,2.5625694,22.094265,0.56463295,827.2205,0.2605731,1344.5808,0.12955073,-11.003875,-1.4687243,1822.0087,0.14990935,1204.7941,0.10438945,-20.032454,-0.6197603,2877.2625,0.094525084,1010.18,0.43421933,-29.392645,-0.28223363,-15.426484,-0.36972558,30.704664,0.10216978,-0.007009914,-2.5749025,-0.015243589,-0.5014559,0.4380744,0.8152479,22.668232,0.14074211,9.125318,0.85775435,-5.599448,-2.1798327,-8.668136,-1.4822428,0.0,0.0,0.0,0.0,0.0,3.2258065,4.0,0.24,0.0,0.0,0.0,-18.032995,12,10,22,SPEAKER_03,323.066667,331.633333,323.40659375,323.72721875,1,0.3206250000000068,0.320625,disengaged
39.17621,0.17968477,37.244507,37.714085,46.288986,9.044479,202.85205,150.67259,61.26941,39.574833,1.0584389,0.5642725,0.58280003,0.82921094,1.5513829,0.96858287,11.83329,8.720758,8.285974,6.4308934,0.59612185,1.2320213,26.395878,0.19471769,2.1503701,4.463318,-1.4532238,-8.759973,-15.5103,-0.7569143,0.049703665,1.506708,1.2318975,0.46129227,6.3498435,0.50121605,0.7622545,21.109459,16.780361,0.92461145,824.22235,0.21820177,1260.793,0.16637787,-39.655174,-1.6368335,1857.0684,0.13785161,1148.384,0.26374322,-47.494247,-1.1742289,2864.0955,0.07081593,867.47174,0.31963986,-51.071793,-1.0645155,-14.76547,-0.38947532,27.113111,0.2521559,0.009064553,3.312297,-0.016454456,-0.7115268,0.599063,1.2486985,26.330818,0.20089094,1.843218,5.3123417,-1.753532,-7.1977124,-15.147681,-0.77103096,-15.510112,26.777979,0.00015429362,-0.024129715,0.6082863,3.2786887,2.165605,0.3917647,0.38646567,0.058571428,0.071997724,-16.726408,12,10,23,SPEAKER_03,331.666667,364.1,334.61159375,354.33846875,8,7.948125000000061,7.948125,engaged
38.309986,0.013767137,37.80672,38.280895,38.74739,0.94067,43.6439,50.633278,11.922694,2.6771414,0.607187,0.42140028,0.5124492,0.58750546,0.83587724,0.32342803,5.5251,1.4274282,3.7352035,1.3703036,0.31630805,0.470543,23.724483,0.3654553,6.401311,0.96315503,4.6974173,1.6356004,-9.201014,-0.9712824,0.021755794,0.7207821,1.2068429,0.27138418,8.331185,0.19367094,-0.78157955,-7.2180214,18.141651,0.31739914,825.9568,0.15356646,1245.0571,0.13641192,-74.28516,-1.0975881,1820.7476,0.08853489,1177.2828,0.40985173,-83.70801,-0.900508,2880.2603,0.05685302,735.3133,0.24634728,-87.0869,-0.8414014,-15.24991,-0.2812374,27.243427,0.22197993,-0.010489292,-1.3853493,-0.021658089,-0.40423268,0.3755489,0.32437906,27.367556,0.13556068,5.1563206,1.1438477,3.0266335,2.749386,-13.981837,-0.58717924,-15.513267,28.55061,0.023030547,0.020471271,0.3010223,4.054054,4.4117646,0.14333333,0.06599663,0.089999996,0.02,-24.585642,12,10,32,SPEAKER_03,371.966667,373.2,372.44534375,373.2,1,0.7546562499999823,0.7546875,disengaged
36.798496,0.011817079,36.325603,36.92128,37.194637,0.8690338,5.624263,0.0,-1.6026561,4.723648,0.71793234,0.20942482,0.56581604,0.72115016,0.8569932,0.29117715,4.3376155,1.725844,4.145649,2.8096468,0.31709087,0.3478562,25.24926,0.15461485,7.39493,0.63354266,15.537008,0.3834113,-14.275762,-0.7107184,0.018959286,0.5554151,0.94818735,0.4216406,7.7943134,0.17670314,5.8911233,0.9405562,18.264414,0.3376484,779.8978,0.20647497,1344.8925,0.12100382,-54.377018,-1.371444,1892.4208,0.11294719,1070.1938,0.2669727,-61.74454,-1.0909992,2763.8767,0.0718439,965.9504,0.19444461,-60.417515,-1.1303058,-15.4887495,-0.17004359,21.280344,0.23838352,0.016371796,0.8598881,-0.022098605,-0.2892166,0.27884585,0.26158586,23.227823,0.14214483,6.795618,0.7708576,17.850187,0.33432934,-19.901432,-0.35713315,-18.291168,28.996988,-0.0031104134,-0.012879923,0.44350314,4.166667,2.5000002,0.31,0.0,0.07,0.0,-24.15724,12,10,33,SPEAKER_03,373.233333,381.833333,373.233333,373.72784375,1,0.4945107499999608,0.4945,engaged
38.189507,0.02141612,37.551086,37.800007,38.64302,1.0919342,39.544666,35.06538,61.453754,72.57854,0.8752689,0.24006446,0.6601273,0.9148216,1.0607314,0.40060413,4.79565,4.206698,3.485784,1.1377261,0.3349243,0.3981772,31.569187,0.12822603,5.2008777,1.1103417,-2.5421345,-4.3571663,-21.155457,-0.48525816,0.009496498,0.9795839,0.73892695,0.5574112,10.615138,0.18475734,4.1542616,0.9346423,28.10211,0.34484458,865.6526,0.14556539,1213.9965,0.106114775,-43.08755,-1.5611151,1915.3832,0.0938454,1187.5734,0.30827945,-56.393154,-1.038993,2966.876,0.054801427,707.1698,0.31382832,-60.63928,-0.93640995,-14.468301,-0.23485832,28.963655,0.18270506,0.018032577,0.9212399,-0.028771551,-0.40244347,0.3221503,0.3741223,31.915407,0.13359551,3.4446926,1.6026994,-5.8621397,-1.7931958,-24.864883,-0.3253681,-19.542992,31.910227,-0.0123305395,-0.019087344,0.3263864,6.1538463,5.084746,0.15333332,0.15369523,0.04,0.01,-21.462126,12,10,35,SPEAKER_03,382.733333,385.566667,382.94159375,385.566667,2,0.6675732500000322,0.6675625,engaged
36.56075,0.116547614,37.15971,38.449875,38.846523,1.6868134,42.53389,26.001652,139.28337,0.0,0.63570595,0.4814323,0.46988606,0.6903292,0.870718,0.40083194,2.7357209,1.1896695,4.0471907,0.82163316,0.42172948,0.5702832,24.841433,0.44675082,7.0255804,0.9459501,1.9082959,3.554235,-11.755637,-0.7738871,0.061151516,1.7762341,1.7684251,0.39663163,6.7952213,0.4924194,9.217267,1.0448684,30.667759,0.1300953,763.94257,0.23740059,1378.3805,0.13597801,-84.13038,-1.0129894,1768.1927,0.12998906,1170.0896,0.23147953,-83.06797,-0.9280314,2841.2812,0.04798058,993.016,0.57907265,-88.27389,-0.8318255,-18.144629,-0.19513477,30.015707,0.15340656,0.02390808,0.79971343,-0.021800332,-0.38059002,0.5264676,0.41015023,29.525425,0.13931255,8.173125,0.9420621,1.2648098,6.5964003,-15.0965395,-0.63068336,-13.629175,25.111368,0.06617695,0.035415493,0.4422307,3.846154,6.666667,0.089999996,0.049665544,0.065,0.035,-22.724451,12,10,36,SPEAKER_03,385.6,386.933333,385.6,386.13096875,1,0.5309687499999995,0.5309375,disengaged
35.74448,0.102023825,36.43715,37.001347,37.576485,1.1393356,106.60368,115.48532,149.95638,229.96306,0.77104753,0.27258584,0.5731822,0.74654436,0.94701743,0.3738352,5.908239,2.99687,3.9341273,1.8930845,0.3098976,0.3317921,26.33761,0.15886752,4.4556675,1.1581047,9.929457,0.8072038,-15.789763,-0.6024181,0.027256921,0.8787828,1.236137,0.3520867,6.815467,0.30808756,10.346238,0.51006055,23.842617,0.3097147,815.26715,0.19790241,1343.7882,0.13871554,-74.828865,-1.1054465,1847.6166,0.09815447,1087.2611,0.23359951,-79.18497,-0.9603624,2853.8677,0.05697408,860.58655,0.28827116,-81.80579,-0.91044074,-15.775024,-0.22289655,25.473135,0.25989634,0.0126552405,1.3890002,-0.018867338,-0.38107908,0.2986181,0.3025804,26.559904,0.15218937,4.753588,1.1315409,9.332255,0.86644596,-15.073404,-0.5658069,-14.4995985,22.633827,0.004880224,-0.025042187,0.35565275,3.4653466,4.0816326,0.1575,0.17297037,0.086666666,0.056174334,-24.24576,12,10,37,SPEAKER_03,386.966667,389.466667,387.43034375,389.466667,1,2.0363232499999526,2.0363125,engaged
37.32103,0.024038393,36.56181,37.487526,37.814163,1.2523537,63.638046,55.17537,20.460434,26.815157,0.7372711,0.28882903,0.5411996,0.7032144,0.9261299,0.38493025,4.6779575,1.7521443,3.6764045,1.8548448,0.32424638,0.47948587,27.387129,0.1471719,7.4278903,0.73786944,6.293356,1.4900022,-14.563852,-0.79323244,0.028063107,0.6646436,1.1123946,0.40138367,7.61124,0.31280038,8.168409,1.0492481,21.423643,0.3571771,849.96423,0.20546548,1290.0381,0.16329122,-73.67056,-1.0765921,1875.8269,0.1138346,1108.8424,0.20851934,-80.2148,-0.89233965,2922.667,0.066480756,784.3653,0.3113139,-80.86105,-0.8794918,-17.355612,-0.17148373,28.422913,0.17151344,0.007999869,2.8690462,-0.016930634,-0.50787807,0.3341374,0.5261466,27.06703,0.14237823,7.9866147,0.7324264,5.829669,1.6595974,-13.011988,-0.8877031,-14.864333,24.878555,0.013483007,-0.018198324,0.32076645,3.626943,3.7433155,0.17999999,0.15099669,0.08,0.060277138,-23.031366,12,10,38,SPEAKER_03,389.5,392.1,389.5,392.1,2,1.9418749999999818,1.941875,disengaged
37.67346,0.0153287165,37.48883,37.610744,37.750465,0.26163483,36.408596,33.179863,12.944783,21.377867,0.57717824,0.19288456,0.49241915,0.5386697,0.65324146,0.1608223,1.9863158,1.2447237,2.105921,0.7403317,0.24792522,0.7210627,26.476955,0.1387248,9.145578,0.36583343,8.618247,0.8034219,-4.9823446,-1.4896748,0.034376353,0.4435397,1.0662405,0.34231043,8.727675,0.14310002,5.9442434,0.75987744,13.553481,0.60362476,966.87213,0.12633078,1197.4463,0.1441494,-65.627556,-1.0044816,2005.7026,0.09336383,1199.1812,0.27198586,-71.57564,-0.8640876,2960.907,0.053592205,775.7863,0.37170756,-71.649796,-0.8656797,-17.954716,-0.17826611,28.762047,0.26577735,-0.013009009,-0.9690599,-0.008627844,-0.82600474,0.23242876,0.78047776,26.007645,0.13179941,9.873647,0.28217047,9.16092,0.6913235,-3.4878912,-2.0453317,-16.020266,28.360247,0.009085777,-0.012085216,0.32638085,4.3010755,3.888889,0.19142856,0.1709159,0.055,0.027537853,-24.751707,12,10,39,SPEAKER_03,392.133333,394.266667,392.133333,394.01159375,1,1.8782607499999813,1.87825,engaged
37.701756,0.00091813,37.670906,37.712234,37.724503,0.053596497,0.0066848756,0.0,0.0,0.0,0.49426338,0.03168453,0.482761,0.49012575,0.4967401,0.013979107,1.1907804,0.34777284,0.33160213,0.0,0.22936922,0.5176461,27.353703,0.048042838,11.220938,0.29847038,8.080228,0.23564343,-1.4803954,-1.8338672,0.027492609,0.4132817,1.0868045,0.2664465,9.272977,0.01400925,3.9346454,0.18562508,12.74807,0.11921267,931.8319,0.076345876,1679.1757,0.29479846,-28.07652,-0.044552643,1982.6423,0.07113087,1337.831,0.17255577,-35.204903,-0.033886902,2896.142,0.03962363,852.3723,0.092619464,-38.859863,-0.008757826,-18.230974,-0.046787966,34.788883,0.019899221,-0.026152598,-0.25998333,-0.0006306793,-2.4839802,0.1899997,0.033401184,26.628447,0.013491503,8.461098,0.0338835,8.71108,0.25172114,1.0610223,1.459101,0.0,0.0,0.0,0.0,0.0,9.090909,20.000002,0.04,0.0,0.0,0.0,-25.069902,12,10,39,SPEAKER_00,392.133333,394.266667,394.14659375,394.266667,1,0.12007324999996172,0.1200625,engaged
37.915596,0.020946305,37.358234,37.712086,38.10573,0.74749374,8.7672615,6.2026343,10.286237,4.069892,0.6626715,0.2004603,0.5501809,0.6328988,0.73183334,0.18165243,3.571598,1.3351054,2.2027311,0.80245155,0.37031734,0.4927912,28.469563,0.11338012,8.849489,0.659819,4.8353343,1.4791352,-5.0409536,-1.4360874,0.026078284,0.5609735,1.1230397,0.36801326,9.197002,0.22365946,5.691376,1.5568262,19.962866,0.4322804,883.7475,0.17354815,1226.554,0.18161407,-35.43718,-1.0589025,1946.1875,0.093966514,1141.2708,0.2631966,-44.41777,-0.7538008,2971.8723,0.05528531,915.206,0.29812527,-48.20917,-0.6722488,-18.318636,-0.34711,32.936546,0.15372641,-0.0050853426,-3.4859116,-0.013783898,-0.6931998,0.37306997,0.47958854,28.383837,0.117554985,8.90456,0.6178537,4.7499104,1.4612964,-5.5596566,-1.325105,-11.476312,26.92034,-0.021007324,-0.0104590105,0.3889461,6.25,2.4590163,0.3733333,0.19136934,0.024999999,0.005,-21.092617,12,10,40,SPEAKER_00,394.3,396.0,394.3,396.0,2,1.294999999999959,1.295,disengaged
38.173706,0.01584225,37.657654,38.091015,38.68856,1.0309067,25.735529,0.0,-8.929858,8.150328,0.67024666,0.14594278,0.5529496,0.715092,0.75169134,0.19874173,2.586722,0.47934833,2.3786771,0.76102287,0.3492124,0.4283484,29.979076,0.07776756,15.832778,0.21768835,7.48032,0.344422,-9.172197,-0.62261593,0.014647988,0.53514373,0.78033507,0.3107467,11.811263,0.11569174,17.44313,0.4304019,29.96823,0.25751066,765.0499,0.25966528,1452.7853,0.15477073,-23.191687,-0.40841296,1846.8069,0.13198835,1274.7101,0.17096572,-39.04011,-0.10185399,2920.468,0.08933693,999.83594,0.16177343,-41.528152,-0.10621679,-24.551123,-0.10126156,37.05137,0.07939102,0.012200451,1.0210613,-0.022786383,-0.292081,0.3753363,0.3903702,30.466137,0.06943582,16.88125,0.1336379,7.6395845,0.3465946,-10.659049,-0.42834568,0.0,0.0,0.0,0.0,0.0,6.666667,2.5641026,0.38,0.0,0.0,0.0,-19.84422,12,10,41,SPEAKER_00,396.033333,396.5,396.033333,396.5,1,0.46666699999997263,0.4666875,engaged
35.94151,0.12697029,37.087173,37.52191,37.679955,0.59278107,280.66724,187.30893,64.27286,62.41167,0.5649263,0.15097174,0.4973108,0.5259598,0.62339455,0.12608376,3.0076308,1.512431,2.4622314,2.4673774,0.2254304,0.66331494,27.319504,0.12554756,8.274416,0.48629084,5.616352,0.9694394,-1.0897286,-5.786033,0.058195528,1.3420066,1.126805,0.31998807,8.276121,0.23295088,0.7418626,10.902773,12.882792,0.53263146,944.73126,0.10131791,1190.9065,0.2827367,-44.30083,-1.1913958,1953.0414,0.0734786,1026.4692,0.14761755,-50.588013,-0.9780473,2958.9453,0.03397322,776.9596,0.25453874,-53.90561,-0.8975651,-18.00083,-0.14206871,31.664383,0.08796077,-0.01277175,-1.0266426,-0.010200849,-0.7170702,0.19558865,0.35952485,27.018818,0.13069679,8.432836,0.4468274,6.0256133,0.871498,-0.7746653,-8.055797,-17.40065,30.3429,-0.007515218,-0.015153401,0.27435815,6.603774,2.970297,0.28666666,0.2718251,0.044999998,0.024999999,-25.106424,12,10,42,SPEAKER_00,396.533333,402.4,396.533333,400.37346875,5,1.0726357500000177,1.072625,disengaged
37.32713,0.06216024,37.12883,37.690678,38.297703,1.1688728,72.30746,87.68849,98.96298,179.86687,0.7356645,0.32993716,0.52073556,0.6660754,0.9503555,0.42961997,5.153526,2.601264,4.4285874,3.000384,0.3533076,0.44025546,26.542656,0.17343922,7.6935406,0.77605855,5.7464714,1.4864606,-12.329709,-1.1014273,0.032747243,1.2280616,1.0877243,0.31902313,8.107889,0.35822076,4.002942,2.1508632,17.800451,0.4785014,862.80865,0.16369374,1254.3207,0.15217774,-46.964985,-1.2975776,1910.6462,0.08869313,1106.5844,0.20821005,-55.830856,-0.9990932,2921.3433,0.049417693,830.13257,0.3213512,-57.216923,-0.9696222,-16.736666,-0.40520963,29.518469,0.26826355,-0.0010647915,-14.510169,-0.018182442,-0.5096264,0.3454537,0.3900079,27.047081,0.16385679,7.625301,0.8129697,5.193733,1.7224463,-12.156009,-1.0944519,-15.151409,25.442873,0.0020519013,-0.020077134,0.43648514,4.20712,2.640264,0.3125,0.21117231,0.04625,0.025950674,-22.493076,12,10,42,SPEAKER_03,396.533333,402.4,398.0278437500001,402.4,5,3.106531249999989,3.1065625,disengaged
37.28371,0.019423189,36.756348,37.385223,37.876255,1.1199074,15.661874,12.4840765,22.548414,23.718103,0.85906494,0.30421707,0.59045446,0.84617525,1.0688001,0.47834563,4.377406,2.845861,3.346566,1.9268085,0.3759277,0.45089185,26.22014,0.13766693,5.795776,0.8996183,5.0297885,1.7910372,-13.25313,-0.97232807,0.020439882,0.64781904,1.1054587,0.44547704,7.887425,0.29579982,2.5796454,2.7849698,17.638908,0.3804091,835.5714,0.20461483,1304.4796,0.17866875,-39.686497,-1.3679683,1846.5293,0.12304805,1215.3641,0.23893952,-49.385754,-0.9789806,2862.4204,0.069658585,904.16284,0.3427878,-52.434624,-0.90890336,-15.063583,-0.339127,27.620344,0.25604802,0.0050086933,3.8630192,-0.014737324,-0.78347266,0.38137347,0.44875923,26.19314,0.13890581,6.0352473,0.8884177,4.8451514,1.8715692,-13.445162,-0.958608,-14.135462,29.212528,-0.0015043254,-0.010414543,0.3524102,4.878049,3.0150754,0.28333333,0.24729648,0.032,0.004,-20.987144,12,10,43,SPEAKER_03,402.433333,405.666667,402.433333,405.666667,3,2.0689590000000067,2.0689375,engaged
37.132523,0.008746463,36.807983,37.028,37.45767,0.6496849,11.378574,0.0,2.120972,0.0,0.6310763,0.13091762,0.54152215,0.62486494,0.708112,0.16658986,0.43461883,1.0268071,2.021976,0.0,0.22292878,0.27153563,29.16713,0.07435163,2.234203,1.2638209,0.632933,8.261678,-0.11902233,-29.446674,0.017546283,0.52948546,1.0665958,0.26328138,7.5182548,0.15441765,-5.609501,-0.61310214,16.251783,0.4264649,918.9668,0.09468542,1126.1249,0.11520656,-19.015018,-0.3197539,1898.0381,0.07138174,1191.9718,0.14965504,-28.762012,-0.14938472,2911.028,0.05652116,901.52747,0.113832034,-36.542587,-0.08112828,-11.915265,-0.31876487,30.97278,0.12294433,-0.0123743825,-0.9995902,-0.009529051,-0.36274886,0.2515609,0.16164662,30.083178,0.06504556,1.5022677,2.0508537,-1.5679067,-2.9883358,-1.8682407,-1.2596202,0.0,0.0,0.0,0.0,0.0,5.0000005,7.142857,0.13,0.0,0.0,0.0,-25.057919,12,10,43,SPEAKER_00,402.433333,405.666667,404.13659375,404.3559687500001,1,0.21937500000012733,0.219375,engaged
36.109055,0.10475529,36.11565,37.45114,37.726345,1.6106949,411.88342,173.57309,183.52142,243.01141,0.6947779,0.25186422,0.53813195,0.6579524,0.8185968,0.28046483,3.6082263,1.8059853,2.926097,1.0923426,0.31491256,0.48247683,26.473122,0.13166392,9.243455,0.6729515,3.6442695,2.3191178,-10.509126,-1.0227108,0.040923405,1.5965326,1.1530722,0.41160843,7.511718,0.36586833,0.79035634,11.152634,16.336748,0.5045743,857.89044,0.18789405,1223.5455,0.1539947,-49.78239,-1.2341756,1878.6176,0.10737816,1181.1542,0.26372918,-59.319862,-0.94671685,2905.671,0.05899632,773.58386,0.2759735,-61.254353,-0.90253806,-16.479664,-0.26326305,29.866158,0.17053182,-0.0058274097,-2.7460852,-0.015472294,-0.4241045,0.3189469,0.48377654,27.14063,0.113427006,8.777363,0.68382424,3.078711,2.6353078,-10.5275955,-0.9903611,-15.064012,25.806309,0.00013653391,-0.014197011,0.3346757,4.787234,4.3956046,0.17875,0.11910473,0.03833333,0.019507835,-23.293207,12,10,44,SPEAKER_03,405.7,407.733333,405.7,407.59596875000005,1,1.8959687500000655,1.8959375,disengaged
36.835335,0.074292794,37.00505,37.562973,37.723175,0.7181244,146.1598,122.11883,50.151943,70.57631,0.6070728,0.17850915,0.5205198,0.5833498,0.6980417,0.17752188,2.567428,1.9490854,2.095687,1.4981863,0.26271826,0.4495932,27.246536,0.14249764,9.139184,0.544922,3.3966613,2.03423,-4.172522,-1.6233746,0.03379257,1.0737402,1.0528337,0.36273828,8.489321,0.2500046,3.65156,2.1592546,18.533432,0.4595252,914.5852,0.16424546,1230.8867,0.17192847,-41.002525,-1.2189994,1944.8179,0.098360404,1193.6394,0.232385,-48.890663,-0.9227592,2952.4714,0.06003677,904.58594,0.2967114,-52.62498,-0.8353747,-17.638702,-0.2688005,32.57017,0.12398512,-0.007692208,-2.0087557,-0.01127218,-0.69096303,0.25855827,0.45125315,27.27335,0.13014798,9.281148,0.53397167,3.6862493,1.8477201,-3.938543,-1.7083056,-15.570017,30.793957,0.002059266,-0.012001796,0.30956838,2.903719,1.943734,0.4547368,0.38176006,0.045312498,0.034458704,-23.555754,12,10,45,SPEAKER_00,407.766667,494.1,408.27096875,493.77659375,11,19.642499999999757,19.6425,engaged
36.877243,0.095878474,36.00258,37.451958,37.706158,1.703579,189.42627,179.25526,113.34575,168.79625,0.92101204,0.51367164,0.55533135,0.79941154,1.1563827,0.60105133,7.6791816,4.414444,5.7250185,4.779266,0.45774743,0.62017107,25.999384,0.19223346,5.469488,1.5368897,6.622192,1.3887565,-18.503489,-0.78558695,0.030400565,1.1801629,1.109874,0.40659866,7.368949,0.35937008,3.1997612,3.4725378,18.425392,0.44875744,792.2579,0.24370053,1344.4801,0.14500636,-56.602478,-1.3122166,1801.4347,0.1323049,1143.5455,0.25681967,-61.90668,-1.0686994,2847.9722,0.07648225,784.0033,0.32241192,-64.166664,-1.0145166,-15.672538,-0.3622462,26.647055,0.27747884,0.0061594048,4.089553,-0.020106731,-0.63601184,0.4604409,0.6685129,25.775183,0.20983998,5.347285,1.6983784,6.028842,1.5272654,-18.276224,-0.86255825,-16.104874,25.191315,0.0020812121,-0.025838885,0.46969476,3.4979427,2.9166667,0.26214284,0.2722703,0.06916666,0.04803789,-20.841557,12,10,45,SPEAKER_03,407.766667,494.1,417.13034375,422.0072187500001,1,4.876875000000098,4.876875,engaged
36.886562,0.07837204,37.5674,37.65817,37.81468,0.2472763,145.36882,0.0,-0.100987755,0.0,0.54338014,0.098042004,0.49543896,0.53787404,0.57709867,0.081659704,1.3070806,0.64483994,0.9691033,0.5053289,0.17787974,0.22619805,27.863934,0.052723605,6.734264,0.46858197,4.1660767,1.119076,-1.2749693,-4.048533,0.027988708,1.0414299,0.8959132,0.30406457,9.105541,0.17573723,0.74414456,10.052037,15.70223,0.42039695,978.5723,0.12343414,1202.7175,0.15797402,-22.809856,-0.4090451,1963.8186,0.08919043,1285.487,0.21908903,-32.840355,-0.24004164,2982.7146,0.04955774,902.58185,0.3259522,-37.30066,-0.19468045,-17.129536,-0.1842971,33.99138,0.044531375,-0.017922774,-0.420555,-0.006263389,-1.132209,0.17961067,0.21821287,27.899786,0.053479433,6.7522006,0.48055577,4.224716,1.1291796,-1.3292525,-3.9861064,0.0,0.0,0.0,0.0,0.0,6.666667,1.0101011,0.97999996,0.0,0.0,0.0,-25.744532,12,10,45,SPEAKER_01,407.766667,494.1,438.1059687500001,442.17284375,2,1.0631249999998431,1.063125,engaged
36.399384,0.09874706,36.911484,37.567772,37.82202,0.9105377,313.79562,296.71606,44.040474,45.023277,0.6397324,0.19861916,0.5355782,0.62569016,0.73489326,0.19931507,2.3352647,1.472922,2.0542092,1.274093,0.2787067,0.43205586,27.828562,0.13502674,8.658371,0.58931184,3.2272854,2.0988123,-7.4052906,-0.95819765,0.04112801,1.5886413,1.1319778,0.38658464,7.6268525,0.32885686,6.2887735,1.5929884,21.898825,0.39434263,867.0301,0.19121446,1326.967,0.16322383,-57.95291,-1.1448722,1890.6593,0.1099523,1216.3517,0.25359377,-63.187298,-0.9469622,2912.4387,0.067900464,950.2971,0.35327542,-66.573845,-0.87599516,-17.839798,-0.22266835,31.621443,0.12530257,0.0010005027,15.112225,-0.015808417,-0.5249752,0.2734847,0.44430932,27.92607,0.11180296,8.966945,0.5665175,3.600144,1.8945924,-6.9575763,-1.0140102,-16.343954,28.832354,0.00990343,-0.017691279,0.31213453,3.5044825,3.6036036,0.21477272,0.18049791,0.052352943,0.037263673,-23.789696,12,10,45,SPEAKER_02,407.766667,494.1,459.65534375,487.68471875000006,15,12.285000000000139,12.285,engaged
36.839645,0.06854493,36.93421,37.55295,37.77959,0.8453789,203.14777,24.746353,17.094532,0.6233206,0.56420857,0.14907987,0.49416503,0.54977685,0.6174676,0.12330255,2.1340027,1.0040532,1.9105847,1.4018743,0.2356645,0.37679788,27.519846,0.12224489,9.73857,0.28920653,4.1159253,1.0970354,-4.098682,-1.4676752,0.04761867,1.3831731,1.2307534,0.37757564,7.9145308,0.29359025,3.5309174,2.2011986,19.136492,0.47823828,905.5891,0.2000041,1231.1627,0.13260037,-52.00528,-1.1849471,1947.7502,0.12737477,1174.4452,0.17621803,-59.12472,-0.9319115,2964.8196,0.07701042,945.1272,0.22246292,-62.645412,-0.8593694,-18.633018,-0.14420144,32.989426,0.10043313,-0.0014560049,-11.424223,-0.011658168,-0.6392133,0.24734221,0.37937826,28.283554,0.09721911,9.715848,0.30214384,4.1374464,1.1355286,-4.448148,-1.4105499,-16.4619,30.840078,-0.0029293802,-0.009438777,0.19588493,6.451613,3.3333335,0.24333334,0.16499157,0.045999996,0.033226494,-24.129831,12,10,46,SPEAKER_00,494.133333,496.8,494.40096875,496.8,2,1.875906250000014,1.8759375,disengaged
36.10299,0.10460015,37.075993,37.522366,37.678036,0.60204315,61.128918,60.646084,31.192266,22.035364,0.5277797,0.13948146,0.46326336,0.5108681,0.57263154,0.109368175,2.096779,1.283551,2.3126793,1.6938169,0.20143181,0.36429644,26.068888,0.11622008,9.645816,0.30576107,5.74363,0.9148355,-2.484458,-2.7659287,0.03300721,0.7532485,1.0210876,0.31459504,7.946132,0.22825909,2.9913502,2.7890027,17.108353,0.4899465,913.3718,0.12859757,1226.6945,0.16140957,-74.52184,-1.010368,1960.3788,0.08594587,1171.273,0.28853458,-77.67663,-0.8949598,2927.114,0.050918214,929.1542,0.30585438,-80.07348,-0.8520377,-17.414562,-0.16281019,31.37177,0.1284413,-0.012380455,-1.238987,-0.009282605,-0.7215575,0.19172916,0.3581378,25.362476,0.113351285,9.596354,0.34676826,5.468479,1.054977,-2.5758696,-2.7999108,-17.785221,31.482626,-0.025345683,-0.010745745,0.23135722,6.6298347,4.0,0.17142856,0.10439329,0.07,0.04760952,-26.760809,12,10,47,SPEAKER_00,496.833333,498.966667,496.833333,498.966667,2,1.8295840000001249,1.8295625,engaged
36.596153,0.16460393,36.68459,37.541466,39.20647,2.521881,160.0224,154.57628,120.470764,90.20977,0.74976844,0.32057068,0.53126645,0.750996,0.92814946,0.396883,5.7268524,3.7081358,3.2848225,1.9854658,0.39956778,0.6876062,29.109245,0.18467112,7.8699484,0.80099285,-2.2559452,-4.53493,-9.878028,-1.0195004,0.049582046,1.2491045,1.3639827,0.47647482,6.1459675,0.54960483,-5.0816345,-3.3014436,18.781979,0.8167321,840.6474,0.20813869,1278.5582,0.15148915,-73.43518,-1.0905073,1877.1923,0.1304822,1273.4569,0.306238,-77.95487,-0.9475442,2905.4238,0.07068794,971.6524,0.33804765,-81.8965,-0.86766726,-16.53885,-0.32142192,32.253716,0.14698996,-0.0032235344,-7.01141,-0.017506467,-0.58023727,0.3663591,0.5548267,29.240107,0.13073118,8.086769,0.7718583,-2.547532,-4.292268,-9.830766,-1.0270233,-15.966009,30.788576,-0.007986024,-0.014610666,0.5091956,3.8135595,3.4334764,0.19687499,0.14477217,0.0975,0.08535465,-21.110815,12,10,48,SPEAKER_00,499.0,508.3,499.0,504.64409375,3,4.732843750000143,4.7328125,disengaged
36.63503,0.05545826,34.961277,36.635822,37.643738,2.6824608,27.51042,23.438793,35.664078,47.582886,1.2576854,0.43354213,0.64619404,1.2277892,1.8118045,1.1656106,10.3817835,5.143681,2.4355152,5.037457,0.5575888,0.49697253,23.980133,0.23804727,0.48504937,20.717476,-8.005161,-1.5495782,-24.965906,-0.6195414,0.026034167,0.7346235,1.4086919,0.35030666,4.2255263,0.67848366,-4.6103325,-1.6946856,17.091543,0.62146294,721.17,0.272797,1400.2233,0.14847164,-15.165291,-2.3738282,1701.062,0.15165453,1240.4153,0.24462712,-22.36507,-1.4794238,2794.4512,0.07875152,1027.3542,0.44802466,-31.06661,-0.93741953,-10.942366,-0.577032,24.518738,0.30108687,0.010741102,1.9923824,-0.017711071,-0.7717944,0.55728716,0.5008972,24.008339,0.23994507,0.18679963,53.564804,-8.553954,-1.4675467,-24.552834,-0.64930594,-18.340721,27.490631,0.008173339,-0.03131392,0.42541164,3.448276,1.4285715,0.66499996,0.005,0.02,0.0,-18.768538,12,10,48,SPEAKER_03,499.0,508.3,506.8378437500001,508.3,1,1.4621562499999072,1.4621875,disengaged
37.221535,0.08844161,36.361042,37.438065,39.205383,2.8443413,386.2304,578.46075,73.47801,102.68697,0.965089,0.5240273,0.5690592,0.7960023,1.3031237,0.7340645,10.779453,6.6335835,5.6833053,4.865807,0.45086524,0.56786424,23.134853,0.25946352,5.647394,1.629739,-0.9049787,-9.291348,-21.783485,-0.7045234,0.021978188,1.1398443,1.2225701,0.40069422,6.5133004,0.44311023,-4.109068,-5.475038,16.873636,1.3893011,734.87756,0.25191513,1329.8484,0.14439903,-53.489883,-1.4431831,1789.6094,0.15650089,1172.7986,0.24753688,-58.948933,-1.1668224,2809.112,0.07455869,932.0511,0.34542865,-62.92397,-1.0575448,-13.618105,-0.43993017,23.076069,0.33224097,0.008835678,1.8754226,-0.020870376,-0.5807788,0.47070128,0.5089424,23.8877,0.20345849,4.879327,1.88906,-1.7286093,-4.983855,-23.988285,-0.6166569,-14.796955,24.961985,-0.0012971574,-0.01658678,0.41525346,2.9023747,3.2085562,0.235,0.21910805,0.056666665,0.024944384,-21.136229,12,10,49,SPEAKER_03,508.333333,515.766667,508.333333,515.0390937500001,4,3.8032607500003337,3.80325,engaged
37.180096,0.023785189,36.820904,37.532578,37.804134,0.9832306,112.37696,152.2695,9.900777,13.698862,0.7631825,0.30982643,0.5579671,0.6734896,0.9986709,0.44070375,3.5828981,1.3829802,3.6186938,4.6941843,0.29871637,0.33491516,24.046415,0.11939605,2.2300591,2.8153563,3.0176806,2.1830418,-14.471481,-0.695483,0.03106479,0.44109404,1.1386975,0.33447903,5.7986393,0.2788997,-4.216495,-3.2203264,12.637385,0.64713293,790.16187,0.18750332,1287.1798,0.10952481,-42.7723,-1.3688673,1786.4772,0.10195614,1184.756,0.24467787,-50.373226,-1.0605179,2806.5034,0.07341613,782.091,0.25917658,-53.693176,-0.97144324,-13.250761,-0.21511161,24.003702,0.26116985,-0.0029054044,-5.4989347,-0.0154087655,-0.48704615,0.29452392,0.38643008,24.511005,0.10478513,2.3068569,2.4449818,2.5450308,2.3042989,-14.602844,-0.660051,-9.71038,22.446527,-0.006038771,-0.0074041584,0.3910815,4.2253523,4.6153846,0.17666666,0.040276818,0.035,0.015,-25.0584,12,10,49,SPEAKER_00,508.333333,515.766667,515.0390937500001,515.766667,1,0.727573249999864,0.7275625,engaged
38.44596,0.037832327,37.50743,37.667652,39.50584,1.9984093,17.538973,11.0595665,21.220943,0.0,0.6756471,0.26071054,0.57030493,0.63168895,0.7132572,0.14295226,0.96144474,0.7651343,5.2312326,0.0,0.3198327,0.49097982,22.753866,0.36663616,12.403889,0.40097117,4.692007,1.2510929,-9.22992,-0.55490386,0.03275618,0.4244655,1.4951901,0.5385382,7.452705,0.4020091,7.2790737,1.0500321,15.795491,0.6058375,942.54114,0.09431798,1170.7207,0.10135434,-81.273384,-0.9235938,2030.1924,0.06052435,1061.7523,0.23207389,-85.601944,-0.82907486,2997.1636,0.044306114,782.56946,0.25959122,-86.28726,-0.82190746,-17.484686,-0.3814323,27.29475,0.3805285,-0.004405034,-3.3506477,-0.014139394,-0.44055963,0.35523525,0.49031848,21.442955,0.44857442,13.872062,0.35069996,6.4838843,0.5417928,-8.380512,-0.57558435,-16.284567,28.64227,-0.002852816,-0.01611356,0.27518505,1.369863,4.4117646,0.14666666,0.107806414,0.06,0.021602469,-22.744576,12,10,50,SPEAKER_00,515.8,516.8,515.8,516.54096875,1,0.7409687500000928,0.741,disengaged
36.75443,0.07996335,36.960796,37.535965,37.697,0.73620224,611.1296,432.27765,76.80286,95.52136,0.55842805,0.25155795,0.46150994,0.5215212,0.63200325,0.1704933,2.7901187,2.128053,0.24448225,1.3417705,0.23839422,0.6015089,27.125172,0.13762516,9.065928,0.5192592,2.3050044,3.0860312,-4.490332,-1.8320805,0.03733947,0.9497031,1.1206888,0.35216278,7.934534,0.2747652,3.742785,2.0769649,18.780901,0.45390227,923.3434,0.13176933,1209.9762,0.18463373,-55.676727,-1.1465555,1952.6249,0.077737235,1137.3214,0.19822675,-63.327145,-0.929595,2978.7937,0.051865328,880.3528,0.23289882,-67.01002,-0.8531428,-17.671436,-0.24456874,31.965534,0.10885231,-0.007845051,-1.8459603,-0.010414507,-0.8466863,0.23316799,0.54080564,27.092014,0.13489246,9.295005,0.5144696,2.9164166,2.2466314,-3.5184271,-2.0794365,-16.945023,30.316006,-0.0057820245,-0.013405774,0.21008456,2.3569024,3.082192,0.25611112,0.20556532,0.05733333,0.05591263,-24.743872,12,10,51,SPEAKER_00,516.833333,525.766667,517.4522187499999,525.7547187499999,4,5.9568749999998545,5.956875,engaged
37.467274,0.008604368,37.192585,37.605545,37.701736,0.50915146,10.159606,5.666165,18.752226,6.7551293,0.6276425,0.27087417,0.4987483,0.57144797,0.7396889,0.24094057,4.817081,4.3122787,5.1453543,2.7904508,0.30757686,0.44587794,27.6039,0.09757288,8.974622,0.6675293,0.9883647,7.1335936,-10.155698,-1.015092,0.048444882,0.28792748,1.1621244,0.567187,7.5422463,0.20199452,3.5542932,1.3504109,16.456709,0.31277126,881.21967,0.184287,1324.3015,0.16835581,-159.03279,-0.43157962,1860.9617,0.11880082,1351.1619,0.41127643,-158.63698,-0.41318557,2833.1953,0.09035139,947.5904,0.21488762,-159.32686,-0.40572864,-17.234592,-0.23270883,32.21034,0.07814389,-0.0075591956,-1.6045853,-0.010961418,-0.4103368,0.27526516,0.42926827,26.749128,0.11690166,10.448038,0.5420181,1.5549643,3.7356977,-2.5953882,-3.260505,-15.752962,28.643108,-0.00035820293,-0.016679233,0.33794186,5.0,4.255319,0.049999997,0.025495097,0.16499999,0.12737739,-25.267538,12,10,51,SPEAKER_03,516.833333,525.766667,523.24034375,524.42159375,2,1.0125000000002728,1.0125,engaged
0.0,0.0,0.0,0.0,0.0,0.0,0.0,0.0,0.0,0.0,0.54622537,0.07491622,0.52298903,0.54325044,0.56234455,0.039355516,1.671797,0.0,2.0303402,2.6136358,0.21273196,0.23221089,28.219242,0.037666406,9.549801,0.08142012,6.875851,0.3714424,-6.697487,-0.31597555,0.0,0.0,0.0,0.0,0.0,0.0,0.0,0.0,0.0,0.0,0.0,0.0,0.0,0.0,-201.0,0.0,0.0,0.0,0.0,0.0,-201.0,0.0,0.0,0.0,0.0,0.0,-201.0,0.0,0.0,0.0,0.0,0.0,0.0,0.0,0.0,0.0,0.0,0.0,0.0,0.0,0.0,0.0,0.0,0.0,0.0,0.0,-17.40725,31.417473,0.006187418,-0.008383938,0.24419942,10.000001,0.0,0.0,0.0,0.04,0.0,-26.522045,12,10,52,SPEAKER_00,525.8,526.866667,526.75034375,526.866667,1,0.1163232500000504,0.1163125,disengaged
33.87873,0.15807715,25.63396,37.411102,37.63163,11.997669,309.8166,217.00574,31.280043,10.409407,0.5463059,0.15376723,0.4804503,0.5195843,0.60883045,0.12838015,2.0206249,1.0210311,1.5632457,1.3352778,0.2116738,0.26940957,27.753952,0.10922834,7.3984256,0.7782913,2.6737115,2.3281054,-3.5070739,-1.1921926,0.04458964,0.92478824,1.2531796,0.32420376,5.9057145,0.38811526,4.3030167,1.8691965,19.674784,0.564545,902.7418,0.1400824,1207.3668,0.14865087,-85.93325,-0.9863887,1907.6987,0.08559965,1113.9564,0.17267527,-90.140686,-0.8754975,2905.337,0.050693065,789.55255,0.18323511,-93.14405,-0.8222363,-16.087173,-0.30869275,30.584412,0.11255233,-0.007838904,-1.3540473,-0.008434969,-0.9106392,0.20701247,0.28338522,26.934639,0.12380636,7.6700997,0.84804857,3.0674806,2.0909164,-2.449502,-1.760995,-16.204397,30.963833,-0.0063781436,-0.013339332,0.21996523,6.410257,4.6666665,0.12428571,0.04806458,0.07,0.049569573,-26.945198,12,10,53,SPEAKER_00,526.9,532.033333,526.9,529.88909375,6,1.5715937500000337,1.5715625,engaged
37.445385,0.09054003,37.19633,37.600895,38.702038,1.5057068,274.56912,272.0322,88.98485,83.98575,0.6871426,0.33338085,0.48254916,0.6556814,0.81030774,0.32775858,4.7370553,3.4622922,4.888459,3.709047,0.35988656,0.5720029,30.00234,0.109161206,7.2213936,0.90139395,2.3914635,3.1078072,-11.009016,-0.8474101,0.030967705,0.61741775,1.2371349,0.51439375,7.7469764,0.420062,3.6582177,4.0881925,20.647192,0.45074874,890.8436,0.14626846,1228.3334,0.15079638,-61.793747,-1.1158148,1934.9708,0.0976471,1154.4315,0.26601982,-69.788666,-0.9039524,2969.669,0.056750406,828.88153,0.27619827,-73.377266,-0.834028,-18.286922,-0.31998408,32.05154,0.17895588,-0.003025904,-5.030571,-0.020590411,-0.5445069,0.33185282,0.51150215,29.859455,0.116742715,7.1996603,0.9734685,2.8135839,2.2867692,-10.544044,-0.8970488,-16.725363,29.850569,-0.0019505329,-0.024041759,0.47782856,3.9473684,4.054054,0.1822222,0.13019453,0.061666664,0.043365378,-22.394491,12,10,53,SPEAKER_03,526.9,532.033333,528.15096875,532.033333,4,2.2961142499999596,2.296125,engaged
37.818798,0.05813211,37.36216,37.63349,38.261673,0.89951324,271.79892,526.11566,37.57078,23.002926,0.6764047,0.43705508,0.4825177,0.5428827,0.8028614,0.3203437,3.509104,1.624501,2.776505,2.1362886,0.30477637,0.6752057,25.51308,0.20709279,6.2887335,1.5316988,-0.8000352,-9.519313,-5.7791705,-1.7640148,0.033709858,0.77101743,1.2160442,0.42151168,6.961712,0.2880142,-1.1488702,-6.5005374,15.477149,0.56672806,866.90466,0.15518618,1205.1273,0.14227831,-49.50464,-1.2633774,1893.6625,0.090962924,1116.3038,0.25618553,-57.294914,-0.981848,2901.0867,0.05884741,749.75775,0.25857678,-60.310024,-0.9129122,-16.75011,-0.27678493,28.831,0.18593699,-0.008271155,-1.7304649,-0.016425816,-0.7706721,0.29212722,0.61217487,25.593496,0.20964041,6.804936,1.3668023,-1.0080252,-7.695547,-5.967701,-1.8287002,-14.92863,27.216587,-0.003360844,-0.016551223,0.4040166,3.1674209,3.7209306,0.21499999,0.16477257,0.049999997,0.025298221,-24.464743,12,10,54,SPEAKER_03,532.066667,534.8,532.066667,534.2934687500001,1,2.2268017500000497,2.2268125,disengaged
31.832146,0.26195547,18.450794,36.803658,37.235977,18.785183,0.0,0.0,-1.0584813,0.0,0.75081533,0.24363656,0.61944175,0.71284056,0.9294282,0.30998647,5.0558915,1.0638443,1.9681256,0.99430084,0.3581948,0.45542118,29.428183,0.062345188,7.506774,0.524307,-1.9790317,-3.5166101,-19.599466,-0.43964642,0.018556692,0.35401356,1.2142596,0.2411087,3.803773,0.39853692,-24.741346,-1.8031514,-1.1847429,-38.006393,710.994,0.236014,1283.0132,0.077652656,-76.534935,-1.099769,1708.6619,0.10813956,1049.2772,0.080903195,-81.199326,-0.97379714,2863.8186,0.03818383,712.3083,0.253592,-86.74856,-0.8695911,-15.379756,-0.30640513,27.33551,0.09922814,0.011398509,1.470563,-0.02082151,-0.46698657,0.328009,0.37030268,29.384918,0.054971457,5.1137524,0.702672,-2.7597778,-3.3865123,-16.314222,-0.56542224,-18.532236,27.241035,0.01931842,-0.030754637,0.4778499,5.882353,7.142857,0.08,0.04,0.04,0.0,-23.5601,12,10,55,SPEAKER_03,534.833333,543.566667,537.6853437500001,538.4109687499999,2,0.35437499999989086,0.354375,engaged
36.510536,0.10856095,36.544197,37.520714,37.94001,1.395813,23.533796,17.494047,39.08444,15.286448,0.7406774,0.48632264,0.49006525,0.59204143,0.9280002,0.43793496,3.7997224,1.8034376,3.7034621,3.1861575,0.32625356,0.9559935,25.883104,0.17948006,6.9033313,0.88100225,2.831212,2.466866,-14.511852,-0.90672445,0.030398253,1.2042894,1.0685709,0.3553278,7.3772736,0.31684476,7.7174873,1.4986088,21.799925,0.4990608,770.592,0.26248407,1402.2759,0.1699632,-59.148586,-1.2560153,1728.1838,0.11940152,1239.0226,0.18507442,-60.99809,-1.0797019,2817.5967,0.061468124,874.0272,0.39352515,-65.04805,-0.9813428,-15.833889,-0.36543402,27.102556,0.30639955,0.0013429346,17.8246,-0.014740026,-0.69582397,0.3141978,1.1138955,25.54091,0.19883376,6.9399877,0.9104991,3.1826978,2.1958802,-14.419872,-0.9350619,-15.546408,27.72357,-0.0016127133,-0.014146188,0.37259296,2.5531917,3.524229,0.21499999,0.16309507,0.054285713,0.026649654,-22.585516,12,10,57,SPEAKER_03,544.2,552.6,544.7390937499999,550.3247187500001,6,2.362500000000182,2.3625,engaged
37.59559,0.0029811042,37.47606,37.583565,37.689327,0.21326828,7.877795,0.23687676,10.566559,4.346618,0.55269676,0.16916037,0.46581998,0.5238961,0.6781364,0.21231642,2.726026,1.6277747,0.08342266,1.5538927,0.27273542,0.4300541,28.695353,0.10513321,9.446083,0.13510598,6.346484,0.38169888,-6.7898564,-1.5514212,0.04174746,0.5113318,1.1886618,0.35629866,5.8829503,0.40353078,15.406083,0.40579006,27.687164,0.3181372,818.51575,0.26072848,1322.7738,0.12577869,-76.992256,-0.905763,1930.6562,0.09929401,1114.4371,0.13182846,-83.448006,-0.7616966,2929.3728,0.061920162,840.3119,0.23408005,-85.52586,-0.726912,-20.003296,-0.08486264,31.807634,0.029660307,0.0060159774,4.7446375,-0.021467809,-0.7708422,0.3184272,0.32752436,28.57531,0.11505487,9.21355,0.09709739,5.9083185,0.4836325,-8.01583,-1.3870318,-19.758392,31.627447,-0.005638055,-0.017362066,0.26633105,7.692308,10.000001,0.06,0.01,0.03,0.0,-25.954794,12,10,57,SPEAKER_01,544.2,552.6,547.32096875,548.97471875,2,0.2699999999999818,0.27,engaged
37.2496,0.012006723,36.71352,37.148846,37.673485,0.95996475,14.293296,6.764042,13.194689,7.610226,0.6021747,0.20387961,0.48616025,0.5489814,0.7564762,0.27031597,3.7300785,1.8683584,1.6457237,1.2444042,0.23224065,0.32252643,25.967375,0.11675316,7.1604896,0.4215474,3.6855686,1.1819801,-12.746647,-0.7736781,0.03392647,0.46311587,1.201299,0.34260163,7.1477704,0.16082565,9.251977,0.8299545,23.526154,0.33987188,854.3485,0.1683189,1412.3572,0.17036194,-124.244934,-0.6403189,1788.8898,0.084732145,1234.6808,0.1095347,-124.224045,-0.5963569,2852.4744,0.047735207,784.7619,0.20285045,-126.7084,-0.56665635,-16.906374,-0.13558832,28.8675,0.18932183,0.005929748,2.9723094,-0.013421548,-0.60499734,0.22802143,0.2917767,26.637337,0.10532754,8.844265,0.2108472,6.6501007,0.5093432,-8.866179,-1.105184,-12.742696,25.306925,-0.0027881458,-0.010059446,0.2549565,7.575758,8.333334,0.044,0.03826225,0.09333333,0.10370899,-27.089485,12,10,59,SPEAKER_03,553.466667,559.2,557.4797187500001,558.4922187500001,2,0.6749999999999545,0.675,engaged
38.448856,0.020118242,37.721058,38.279816,38.993923,1.2728653,12.304651,2.914846,2.2996163,8.555555,0.6903096,0.1891961,0.5591407,0.65771675,0.78760344,0.22846276,4.0406957,3.0435112,3.6587706,1.0569546,0.43290693,0.42095914,30.895872,0.0861436,10.969561,0.5299669,5.58699,0.92024094,-7.2508783,-1.032108,0.014449726,0.773517,1.0479883,0.47346056,11.14625,0.2315744,9.701515,0.87039906,27.956902,0.2164449,892.42096,0.1713315,1274.4275,0.12446827,-61.986237,-1.1030338,1990.3402,0.0938938,1151.8618,0.19841644,-71.50815,-0.8717412,3016.8064,0.073802106,1063.0422,0.28830108,-74.06016,-0.82157433,-22.811749,-0.2083942,35.78022,0.16840902,-0.0007685394,-13.92476,-0.022337252,-0.46155992,0.4409699,0.41092268,31.682163,0.0688293,12.766417,0.4301523,5.519317,1.0162241,-9.269155,-0.7907753,-13.011071,27.455309,-0.003320054,-0.009997214,0.47722226,4.0,1.4285715,0.55,0.0,0.06,0.04,-19.23592,12,10,60,SPEAKER_03,559.233333,560.033333,559.26846875,560.033333,1,0.7648642499999596,0.764875,disengaged
37.62119,0.108213305,37.181946,37.65518,38.089405,0.90745926,275.8068,375.49997,144.92094,197.74654,0.65120894,0.4044734,0.5039929,0.5808606,0.70721424,0.20322132,2.409557,2.134038,1.804295,2.1969616,0.32324982,0.922542,26.818542,0.15621608,8.674808,0.5339467,3.3897302,1.8802933,-7.0497637,-1.4773167,0.03523072,1.2057818,1.0873351,0.4706186,8.664289,0.33093807,7.1780396,1.4627266,19.28028,0.7064095,899.9696,0.17404112,1221.8401,0.18729097,-65.222275,-1.0772011,1949.9045,0.094722584,1173.0131,0.24139118,-71.50325,-0.896813,2953.1687,0.054187633,885.4747,0.24651097,-74.1698,-0.84659076,-18.35422,-0.25435317,32.643593,0.15085022,0.0013328292,15.799101,-0.012975648,-0.9092693,0.34084588,0.8988936,27.192785,0.12680179,9.113,0.5126675,4.111977,1.5572041,-7.4296017,-1.5182656,-14.513895,29.530771,-0.0012436537,-0.009058447,0.27953446,1.2585813,3.8062284,0.19242424,0.23591255,0.06,0.04036867,-20.491272,12,10,61,SPEAKER_03,560.066667,572.6,560.066667,571.7053437500001,7,8.75305174999994,8.7530625,engaged
36.953243,0.10691468,36.57368,37.77464,38.836346,2.2626648,6.3252997,2.061959,68.32858,0.0,0.60740477,0.18270335,0.49239635,0.6008156,0.6986357,0.20623934,3.0770128,2.7566042,2.4380221,1.9714389,0.30341965,0.5430567,29.130796,0.10462515,7.2733045,0.5099404,1.952435,3.7974608,-8.361798,-0.85905653,0.029958917,0.901411,1.4287798,0.41588575,7.5937786,0.2607877,16.000338,0.59453124,27.347767,0.26202694,846.82117,0.1646312,1259.2499,0.15668812,-64.9004,-1.1578717,1886.4823,0.091378555,1180.3829,0.24039358,-70.368996,-0.94834024,2915.756,0.0459884,886.5012,0.20513877,-73.38144,-0.8916172,-16.424944,-0.3197757,31.800234,0.13551702,0.0042411713,3.14469,-0.014910903,-0.73697215,0.326226,0.46805164,29.972923,0.09600756,7.2234206,0.58471215,1.7190081,4.2699203,-9.949867,-0.67706716,-16.464317,30.410967,-0.010060906,-0.010705295,0.27631485,5.6,4.2016807,0.172,0.16302146,0.06,0.05338539,-24.568361,12,10,61,SPEAKER_00,560.066667,572.6,567.97596875,572.6,5,1.2659062500000573,1.2659375,engaged
37.050797,0.053931385,36.95439,37.48964,37.725582,0.77119064,155.04468,173.07901,44.018093,69.36363,0.5533956,0.21028778,0.45895657,0.5105591,0.64059776,0.18164119,2.5002155,1.4054701,2.643918,0.95957047,0.2244939,0.41005114,26.120481,0.201051,8.308217,0.53221864,5.1223345,1.4863032,-5.431843,-1.3548539,0.034279145,0.97451586,1.1878417,0.3546297,7.941208,0.25766352,3.144031,2.707,17.264275,0.49304262,916.78735,0.13520157,1266.4285,0.24989851,-60.437256,-1.073259,1945.9241,0.08283227,1139.0065,0.25739473,-66.07443,-0.90125185,2948.3066,0.048061807,880.6545,0.29059425,-68.656624,-0.85211325,-17.068703,-0.26490918,30.232483,0.20127246,-0.00850565,-1.6461681,-0.013871712,-0.5655168,0.22087297,0.39720732,26.261992,0.19370498,8.771436,0.49976584,5.2570276,1.4046806,-5.1959476,-1.4288706,-14.866061,27.204216,-0.0063957465,-0.015356953,0.24698488,3.812317,4.4910183,0.16733333,0.114278406,0.039230768,0.021289773,-26.056198,12,10,62,SPEAKER_00,572.633333,579.166667,572.633333,576.5147187499999,2,3.4257607499998812,3.42575,disengaged
39.427204,0.108903475,37.51738,37.88437,43.147285,5.6299057,170.8208,205.78688,83.13052,59.701958,0.7128486,0.2793218,0.5061617,0.71598244,0.9042987,0.39813703,7.0228596,4.425504,5.033606,2.2274551,0.36690554,0.58938396,27.706438,0.10349721,7.474581,1.0023134,-2.422121,-3.6277177,-12.151168,-0.8144225,0.054338608,0.96801585,1.5340624,0.41489232,5.463493,0.6522856,0.73644763,18.327662,19.530891,0.43288213,848.2899,0.19462553,1316.0251,0.1481862,-40.3602,-1.4340272,1818.3898,0.12020214,1218.9696,0.18838437,-49.19011,-1.0495355,2887.27,0.06341569,931.68365,0.32412562,-54.356075,-0.91319865,-16.100626,-0.43763435,31.609457,0.14239746,0.0040613078,5.2846093,-0.01496644,-0.73142904,0.3582367,0.47870293,27.416521,0.100354776,7.518186,1.0304337,-2.231598,-4.2061706,-11.979941,-0.8443581,-17.808544,31.612833,0.017819514,-0.01955414,0.50215214,5.031447,3.267974,0.258,0.14344336,0.065,0.035,-22.278557,12,10,62,SPEAKER_03,572.633333,579.166667,576.5147187499999,578.7590937500001,3,1.603125000000091,1.603125,disengaged
36.984646,0.10516381,36.781296,37.54335,37.746883,0.9655876,214.71202,159.56009,339.3554,574.8878,0.67981637,0.3899508,0.47328457,0.58156776,0.84681153,0.37352696,5.1661277,3.1131558,3.8033965,2.29979,0.26997086,0.51991427,24.8342,0.18129747,5.6119266,1.2711117,4.3583546,1.8202769,-10.5399885,-1.0751832,0.047221303,1.4164379,1.18581,0.36811498,6.281509,0.40102333,0.44453904,19.80043,16.06108,0.55221206,867.2549,0.18794984,1259.4326,0.12521274,-84.42311,-1.0076066,1863.6302,0.09382971,1157.9486,0.28700605,-87.204666,-0.9135557,2915.191,0.056040328,838.5764,0.4262663,-90.191666,-0.8597019,-14.450814,-0.36477968,26.493832,0.28891748,-0.006613587,-2.5069644,-0.013210791,-0.71208465,0.26033586,0.5263743,24.206755,0.20330465,5.1719956,1.5197635,3.0748181,2.6012516,-9.344808,-1.3112735,-15.197854,26.267744,-0.0030783508,-0.018476328,0.29273534,3.2998567,3.6179452,0.16719998,0.18431537,0.11,0.103053376,-25.60611,12,10,63,SPEAKER_03,579.2,588.233333,579.53534375,586.52159375,1,6.986249999999927,6.98625,engaged
38.086582,0.012955525,37.528545,38.06218,38.636047,1.107502,7.2590303,3.2329519,13.758126,0.0,0.6484214,0.2117005,0.5115444,0.6526822,0.7724052,0.2608608,2.1360471,0.7511246,3.891048,1.6070395,0.27043933,0.3407739,27.293926,0.06391993,1.7648222,2.6759236,-4.7500496,-1.4756743,-3.971617,-1.1348046,0.038767662,0.90950865,1.1937124,0.27246368,6.232767,0.2865099,-0.8966673,-5.758762,19.494843,0.33362433,891.11804,0.123492256,1179.8607,0.2048355,-29.288595,-1.5072855,1867.2349,0.07145154,1069.13,0.0901204,-38.57016,-1.0322175,2903.7124,0.04157166,878.2117,0.42783448,-46.17905,-0.81679237,-8.530946,-0.47612303,28.060598,0.11494512,0.001786593,6.25193,-0.007345813,-1.2043564,0.3129038,0.21764152,27.5951,0.06492409,0.0036041623,1165.4708,-7.560098,-0.7758158,-4.284588,-1.1758777,-18.434752,32.568947,-0.02128153,-0.013984721,0.13793874,5.555556,3.5714285,0.25,0.0,0.0,0.0,-26.118227,12,10,63,SPEAKER_00,579.2,588.233333,587.8547187500001,588.233333,1,0.3786142499999414,0.378625,engaged
37.565533,0.004394823,37.47033,37.648636,37.680473,0.21014404,12.004185,0.0,-1.7631532,0.0,0.48769253,0.027087163,0.48041707,0.4903366,0.49936756,0.018950492,0.8414348,0.27054778,1.1047772,0.7968793,0.16228707,0.26819333,23.200634,0.047776606,8.833594,0.19397876,6.080751,0.32554683,1.436152,1.8324957,0.03420772,0.30079287,0.87042314,0.3575152,7.75705,0.07081586,0.7855548,4.758013,10.995154,0.28429607,1015.4088,0.057588063,1089.7844,0.073174976,-52.859726,-1.074854,2030.3494,0.048191305,1036.4885,0.16683985,-59.593468,-0.91070414,2986.2305,0.025894525,951.8612,0.18722293,-63.450974,-0.8297379,-15.804839,-0.07085927,28.859037,0.051616676,-0.015407785,-0.7338781,-0.0041603455,-0.945257,0.1597802,0.13238826,22.639692,0.031774685,7.8900275,0.16883332,6.6525764,0.15674415,2.7109497,0.55865955,-19.319187,32.28649,-0.007502037,-0.0015268606,0.24910359,11.111112,8.333334,0.089999996,0.0,0.0,0.0,-28.590616,12,10,64,SPEAKER_00,588.266667,588.633333,588.266667,588.633333,2,0.19791600000019116,0.1979375,disengaged
37.59271,0.036169197,37.34079,37.627274,38.094376,0.7535858,30.90422,29.259302,13.295499,10.309282,0.5694615,0.2407501,0.4927013,0.55059594,0.6343128,0.14161152,2.2639468,1.0862416,2.3738174,1.8104782,0.25340772,0.5129857,25.832592,0.2099918,10.218615,0.5729599,3.340374,1.8958095,-5.7473655,-1.2629716,0.029650599,0.81149054,1.1043692,0.4264724,8.773269,0.30269843,5.0783334,1.6232506,20.289612,0.3762685,885.06335,0.19435515,1286.9686,0.15808924,-56.82166,-1.1337837,1921.6604,0.112257004,1188.6554,0.20490842,-63.073967,-0.9172704,2945.9766,0.06653184,950.58136,0.31457314,-65.996,-0.8557553,-18.226522,-0.29979798,32.170177,0.16179767,-0.0023115813,-6.2983866,-0.012676714,-0.57821286,0.26350132,0.5139169,26.394508,0.16450514,10.70882,0.54645294,3.4582658,1.8833616,-5.772243,-1.3207808,-15.440352,29.75148,0.006103465,-0.0046717916,0.23055676,3.1180403,2.9345374,0.27153847,0.35699266,0.054166663,0.030127045,-23.17791,12,10,65,SPEAKER_00,588.666667,595.2,588.666667,595.2,5,4.508333000000448,4.508375,engaged
38.0469,0.001576172,37.995182,38.043617,38.097313,0.10213089,0.0,0.0,-0.038957596,0.0,0.64783084,0.24274546,0.5026439,0.5970794,0.8149697,0.31232584,7.443009,0.59549475,0.14370997,2.8963296,0.2670529,0.35190237,24.863914,0.085983194,7.4022465,0.5878184,3.7557845,1.3738112,-13.156466,-0.6565709,0.022069369,0.301393,1.242343,0.10449866,4.0354595,0.10298776,-18.652996,-0.09327657,6.5664997,0.056338795,500.76334,0.071232826,1286.9675,0.06671814,-182.62909,-0.27572575,1567.3834,0.015793141,955.05176,0.1623471,-177.46678,-0.29768047,2755.5366,0.07747193,718.027,0.4897638,-178.2525,-0.28667018,-10.154914,-0.05635164,19.619747,0.044060238,0.00071363803,4.5943794,-0.021409238,-0.033304844,0.28823948,0.019574415,24.13134,0.022552028,-1.5424693,-0.49269882,-0.80247366,-2.006057,-22.093346,-0.054881215,-15.325365,25.95054,0.0029285646,-0.014873074,0.27451533,5.555556,3.2258065,0.03,0.0,0.24,0.0,-26.528677,12,10,65,SPEAKER_03,588.666667,595.2,591.9722187500001,593.96346875,5,0.37124999999969077,0.37125,engaged
34.987743,0.12723385,31.676235,37.080925,37.611168,5.9349327,82.60919,51.33803,49.861176,46.197052,0.53875035,0.16136645,0.46273658,0.51959014,0.59803176,0.13529518,1.6863585,0.7141509,1.9939352,0.7465605,0.21872333,0.39873406,25.940065,0.13639395,10.008255,0.6260413,0.0754139,87.36425,-3.7420492,-1.5575988,0.043807454,0.9957588,1.2095772,0.51845115,6.9457173,0.29762086,8.220466,1.1220752,21.54461,0.4763201,899.447,0.1987398,1217.366,0.17224969,-60.940716,-1.1689261,1937.1439,0.11205517,1186.7955,0.18289988,-65.858734,-0.97030914,2962.688,0.07800167,974.1647,0.31418532,-69.1605,-0.9010761,-14.290833,-0.4974993,31.86437,0.06815857,-0.011550621,-1.1106267,-0.009313303,-1.0283513,0.22623135,0.42905673,26.151777,0.12347228,9.329705,0.69632214,-0.53497446,-12.534826,-3.7968416,-1.5235338,-14.705692,32.23184,-0.010084528,-0.009518113,0.21879944,4.901961,5.2083335,0.14,0.10198039,0.074999996,0.024999999,-26.781284,12,10,66,SPEAKER_00,595.233333,596.266667,595.233333,596.266667,1,1.033333999999968,1.0333125,disengaged
37.71711,0.0023785806,37.6426,37.70428,37.790497,0.14789581,9.152603,0.0,3.3379874,0.0,0.455688,0.041184243,0.44267505,0.4541217,0.46348506,0.020810008,1.6482433,0.68776405,0.64165914,0.39227706,0.15870368,0.3348504,24.356684,0.034841813,8.738553,0.19668882,4.9603753,0.5293065,2.8543184,0.6219671,0.04231496,0.39764276,0.77050835,0.25172845,8.307545,0.04664167,-4.7715435,-1.0684178,6.6460357,0.2395889,993.0553,0.049105477,1109.9432,0.061948217,-78.8179,-0.9003549,2009.6176,0.0318089,1132.5084,0.19506222,-84.21325,-0.8058406,3000.2634,0.021397067,753.54364,0.16238363,-86.60351,-0.77063584,-17.338078,-0.052119788,32.2348,0.037488867,-0.023202961,-0.39441505,-0.0042520594,-0.89143103,0.15583393,0.11511247,24.38515,0.05110187,8.370499,0.23881382,6.5184355,0.43760094,4.307456,0.19276598,-17.156174,33.843243,-0.031796202,-0.004523859,0.13316326,13.333334,10.000001,0.06,0.0,0.02,0.0,-28.811533,12,10,67,SPEAKER_00,596.3,598.266667,596.3,596.7140937500001,2,0.16096875000016553,0.1609375,engaged
36.68202,0.10015292,37.37242,37.606308,37.78894,0.41651917,382.69592,90.97754,3.6555753,4.8605423,0.54066634,0.13997379,0.4767686,0.5122624,0.6155779,0.13880926,2.075324,1.1679368,1.5779177,0.8230041,0.2161471,0.39889207,28.017668,0.11075882,10.549853,0.4285403,4.7699766,1.0681978,-4.205499,-1.4049581,0.033749145,1.0745088,1.0750632,0.37903997,8.879514,0.31012475,4.0058327,2.2642379,19.388235,0.3941567,909.84357,0.15466182,1221.81,0.1531916,-45.669773,-1.0939626,1962.6826,0.084767275,1143.4655,0.20020142,-53.197887,-0.8570866,2975.6812,0.05782706,939.7478,0.321738,-56.111237,-0.7958552,-19.218487,-0.23899794,33.547836,0.10934772,-0.004980792,-2.685995,-0.011324329,-0.5888481,0.2217942,0.40139893,28.243645,0.10884112,10.616343,0.44660702,5.1464868,0.99492633,-4.4319344,-1.3289744,-17.30317,32.037987,-0.012843515,-0.0094166845,0.19572337,4.888889,2.739726,0.315,0.36709446,0.0425,0.022776084,-23.836828,12,10,68,SPEAKER_00,598.3,602.1,599.49846875,602.1,2,2.2640312499999027,2.2640625,disengaged
36.885784,0.091526076,36.999237,37.59189,37.81265,0.8134117,126.43305,126.90309,19.453094,9.991569,0.5561458,0.2786412,0.46025097,0.5149902,0.638566,0.17831504,3.260475,2.3589735,1.4852524,1.3746396,0.24763909,0.55033654,27.34683,0.18674837,10.220852,0.43836862,2.3604953,2.824954,-7.2280946,-1.3427923,0.03344594,0.9757675,1.1370178,0.33727345,7.902871,0.27011335,3.9079769,2.8281732,18.931774,0.6631102,879.95667,0.17487417,1288.4241,0.17944552,-51.522007,-1.1968328,1904.455,0.102060735,1206.8772,0.24499321,-57.71402,-0.96428347,2935.301,0.06272599,879.9253,0.29705712,-61.10625,-0.8866722,-18.608429,-0.16861054,32.40118,0.11399801,-0.004228116,-4.662493,-0.014036111,-0.80664,0.24916925,0.54699814,27.548048,0.16016935,10.48188,0.4380367,2.3251247,2.9864163,-6.9643636,-1.4166028,-17.796137,31.048584,0.0068223076,-0.008268174,0.24009189,2.527646,2.3923445,0.3453333,0.1716534,0.05923077,0.040660232,-24.79572,12,10,69,SPEAKER_00,602.133333,621.366667,602.133333,608.9653437500001,2,6.342635750000227,6.342625,engaged
37.651844,0.12064566,37.25066,37.638092,39.28969,2.0390282,82.85433,62.49579,102.640495,56.85509,0.68511117,0.32857892,0.49736226,0.6283207,0.8233302,0.32596797,5.656905,5.1668973,2.9743829,1.7088815,0.28292155,0.65148234,26.814062,0.18312572,8.934281,0.7321263,-0.18148997,-43.971653,-15.733782,-0.8408261,0.038838867,1.2391968,1.1500233,0.4687637,7.1245666,0.43728474,0.39522824,33.091816,20.210312,0.60005075,833.0407,0.1960109,1246.6298,0.16482393,-55.1566,-1.2951427,1888.8344,0.12025338,1181.2797,0.24656796,-62.81202,-1.0171268,2915.2905,0.06283714,879.5301,0.32629585,-66.04631,-0.94298744,-17.354666,-0.23585658,30.402773,0.17378637,-0.00417885,-3.802575,-0.019530954,-0.5606569,0.28520972,0.70471174,27.289316,0.16985759,8.47622,0.76920295,-1.1698577,-7.039721,-14.961463,-0.9165293,-16.130924,24.980837,-0.004849517,-0.021593684,0.28293747,3.4542315,2.7923212,0.27875,0.24512434,0.07076923,0.06486216,-23.026762,12,10,69,SPEAKER_03,602.133333,621.366667,608.9653437500001,620.6597187500001,4,5.805000000000291,5.805,engaged
37.03584,0.080746405,37.44006,37.582436,37.801815,0.36175537,380.37625,0.0,11.159216,8.356558,0.5368627,0.14895931,0.4614116,0.52802855,0.611449,0.15003741,2.1222205,1.5431253,1.8740226,0.8004708,0.19912234,0.34335974,24.954376,0.20226423,11.816087,0.37634048,3.547192,1.2230176,-7.536957,-1.5104225,0.034568053,1.0658025,1.110008,0.34454805,7.893113,0.22038753,2.557843,3.6077065,17.440626,0.4408491,895.1059,0.15894146,1280.77,0.15908243,-52.257294,-1.2279538,1942.0319,0.09556062,1246.5687,0.30390579,-60.01801,-0.966606,2935.2014,0.06665662,881.1463,0.29557836,-62.47178,-0.912364,-18.430084,-0.07647099,30.95902,0.10842827,-0.008816369,-1.7904634,-0.015212246,-0.55601543,0.19307674,0.3397795,25.539385,0.19870009,11.446477,0.36760545,3.2168941,1.4618479,-5.3161407,-1.9090909,-16.24964,24.704435,0.00457516,-0.021597134,0.25523204,5.3333335,2.777778,0.29,0.14781746,0.089999996,0.049999997,-27.197323,12,10,70,SPEAKER_03,621.4,626.633333,622.81971875,624.33846875,1,1.5187499999999545,1.51875,disengaged
37.077103,0.115511335,36.643723,37.59265,38.60233,1.9586067,247.887,311.58932,70.02994,85.78907,0.64220405,0.37080312,0.4853683,0.56993014,0.7478896,0.26252127,4.724896,3.9396234,3.345756,2.9584439,0.28668016,0.63268846,27.166239,0.18856448,8.461715,0.7540503,1.0832751,7.8562856,-10.99516,-1.000246,0.035698533,1.3015373,1.198092,0.41360474,6.94823,0.33869287,2.8557873,3.5777738,20.211788,0.632684,834.583,0.20928118,1277.674,0.16074522,-68.89127,-1.1532053,1852.3496,0.12106113,1189.3191,0.22401385,-73.41794,-0.9852353,2891.524,0.06515236,861.3167,0.3472746,-77.16026,-0.9060946,-16.940542,-0.23154682,29.9202,0.17010455,-0.0062864292,-3.0003328,-0.0148047125,-0.7485986,0.2835881,0.6512882,27.024723,0.17908521,8.23664,0.8338063,0.59058076,15.833518,-10.895915,-1.0715145,-17.77716,30.37652,-0.0054187183,-0.016949069,0.30362013,1.8798151,3.2108676,0.21826923,0.29247767,0.082417585,0.069856055,-23.935112,12,10,71,SPEAKER_03,626.666667,674.233333,627.86534375,674.03534375,21,32.4675000000002,32.4675,engaged
37.678448,0.026342444,36.44146,38.36025,38.468582,2.0271225,21.669653,0.0,10.092129,7.2052255,0.5347954,0.071056955,0.5032004,0.5338209,0.5711821,0.06798166,1.548627,0.4856617,0.91171557,0.50454503,0.23547056,0.23020458,31.16927,0.077796385,11.251051,0.15719141,4.938926,0.49902582,-11.002324,-0.4003778,0.02383107,0.42879537,1.1665394,0.2731455,7.962198,0.16247874,12.807616,0.23295273,32.814358,0.08117145,790.3915,0.12537059,1458.9496,0.11911166,-65.3811,-1.1857414,1823.496,0.07778743,1272.408,0.15359598,-73.431046,-0.89716977,2863.0532,0.044236463,908.4259,0.17708606,-75.96773,-0.85000324,-20.89848,-0.06335634,33.794106,0.06060549,0.0053461986,2.3926628,-0.020749148,-0.27904585,0.23653442,0.23562075,32.164505,0.04475459,11.794115,0.14556764,5.083173,0.41836485,-12.017507,-0.23479287,-18.517872,32.41459,0.00041990218,-0.013715035,0.2552518,11.111112,4.166667,0.175,0.024999999,0.099999994,0.0,-26.182507,12,10,71,SPEAKER_01,626.666667,674.233333,644.16659375,664.5009687500001,3,0.5568749999999909,0.556875,engaged
37.63664,0.000976404,37.613167,37.62337,37.67329,0.060123444,2.601401,1.6364734,-0.9738922,1.832073,0.5160624,0.059983425,0.49093053,0.50898963,0.5500513,0.059120744,2.8760722,0.93417764,1.093482,0.2791395,0.17600767,0.25676233,21.482645,0.09654891,14.653977,0.18393831,1.6857656,1.3351321,1.5879276,4.28818,0.024552187,0.12531263,0.69289345,0.27687082,8.195361,0.05822529,0.40786275,10.103322,10.754106,0.23328464,957.88257,0.053586483,1060.1156,0.057847105,-22.093494,-0.14306967,2007.7913,0.01736224,1122.0027,0.3472828,-33.990395,-0.039014157,2969.6936,0.030716253,736.01385,0.10695126,-37.22912,-0.0338175,-17.734295,-0.04720412,30.834831,0.03881375,-0.024149299,-0.24014188,-0.0072388155,-1.0013195,0.17452587,0.16073729,20.284582,0.09984371,16.468895,0.053778242,0.6738784,3.4706607,3.9522326,1.1480948,0.0,0.0,0.0,0.0,0.0,11.111112,9.090909,0.099999994,0.0,0.0,0.0,-27.4598,12,10,71,SPEAKER_00,626.666667,674.233333,674.03534375,674.233333,1,0.1979892499999778,0.198,engaged
36.52467,0.070769235,36.64963,37.350697,37.62942,0.97978973,312.36386,0.0,7.499481,7.789396,0.5683524,0.14262739,0.5044572,0.5457323,0.61390567,0.10944849,2.3011396,0.83306897,2.393921,1.5374997,0.23101644,0.2792578,26.40456,0.13387536,10.030658,0.46431005,3.130363,2.1117435,-6.2736154,-0.9075048,0.041435283,1.6565497,1.1248226,0.29583263,7.8139124,0.20002711,6.053191,1.372033,19.53884,0.48248187,865.4794,0.1722646,1287.8712,0.17685772,-46.790005,-1.1985291,1902.565,0.107754566,1155.2926,0.18401645,-55.60004,-0.91255164,2883.2734,0.06512826,865.48267,0.20536129,-58.440002,-0.850866,-17.339972,-0.16957368,30.43609,0.104247324,-0.0037923362,-4.633236,-0.0122157745,-0.6250471,0.23487906,0.27868742,26.65724,0.12761992,10.048525,0.33883065,4.3499904,1.2330906,-6.707932,-0.7662739,-11.6405945,31.562214,-0.005265694,-0.01625282,0.25898975,7.692308,4.7058825,0.1725,0.10231691,0.03,0.014142135,-26.066925,12,10,72,SPEAKER_00,674.266667,675.666667,674.266667,675.666667,2,0.9275000000001228,0.9275,disengaged
35.85561,0.10895378,36.650677,37.556137,37.72782,1.0771446,314.54532,149.56548,79.801926,56.855682,0.5454552,0.14565663,0.4821233,0.52543706,0.60175294,0.11962965,2.0807257,1.025152,1.8266262,0.9819631,0.22203405,0.33938587,27.492373,0.15059154,9.186876,0.5733778,4.321305,1.2451558,-4.572355,-1.3653594,0.042436708,0.9211638,1.1455034,0.3372071,7.968384,0.28046888,7.143434,1.051791,21.440258,0.4465448,896.84735,0.17340812,1284.6171,0.21831118,-39.31578,-1.283493,1938.9104,0.10904995,1148.7959,0.16673599,-47.43197,-0.93958056,2944.155,0.06721911,966.27686,0.22586772,-50.65249,-0.8665174,-18.518755,-0.15625137,32.67829,0.091568045,-0.0049978774,-2.7961483,-0.0128925815,-0.6040833,0.22449137,0.3617352,27.337797,0.16004728,10.220367,0.46530277,5.103645,0.9038636,-3.9452,-1.5078871,-12.008471,27.198124,-0.0004046756,-0.012898894,0.23289716,6.0,2.5906737,0.338,0.15829086,0.0325,0.012990381,-25.678139,12,10,73,SPEAKER_00,675.7,678.166667,675.7,678.166667,2,2.011041999999861,2.011,engaged
37.537327,0.0056293043,37.49138,37.57646,37.666744,0.17536545,8.997562,3.8118272,8.277797,10.101112,0.5401518,0.15122448,0.48724723,0.51086676,0.5702399,0.08299267,0.7392802,0.29614392,-0.10716379,1.2527925,0.19257571,0.37217376,23.812944,0.17773981,9.814214,0.39985776,3.133494,1.5271077,-2.0230987,-3.5685747,0.034362342,0.3507535,1.0282259,0.37303042,7.6355085,0.15983827,4.6668506,1.3513132,14.875185,0.42756155,895.32336,0.16678473,1163.7025,0.13715267,-34.931534,-1.2234595,1950.33,0.0966701,1103.644,0.15810822,-42.626442,-0.8690749,2899.921,0.057329174,894.517,0.23039506,-45.96936,-0.78765076,-16.11214,-0.082344115,30.127438,0.077024005,-0.011323522,-1.2351794,-0.007646466,-0.7688152,0.18585949,0.3650246,23.606077,0.16584031,9.533521,0.37972832,2.7887518,1.5200335,-0.93281734,-6.855407,-16.15326,24.409153,0.0024866431,-0.012168975,0.2334431,2.7586207,2.1582735,0.42333332,0.22291003,0.035,0.015,-26.920832,12,10,74,SPEAKER_00,678.2,680.066667,678.2,680.066667,2,1.461667000000034,1.461625,disengaged
37.670025,0.017487738,37.421722,37.606792,37.74594,0.32421875,6.259213,6.5400124,14.404343,9.009111,0.56511897,0.1480532,0.49964038,0.5387619,0.62825596,0.12861559,2.4978487,0.7047413,1.7188387,2.061607,0.23122676,0.4226487,26.268831,0.13924003,7.882209,0.52251965,1.084283,4.878098,-1.3774899,-5.07279,0.03352409,0.60082924,1.094608,0.29851824,7.5962014,0.22588152,3.7626357,1.5621964,17.190527,0.48632294,907.1553,0.13634679,1238.0126,0.2717273,-41.73258,-1.2166127,1918.7902,0.08420228,1086.795,0.1456081,-50.381798,-0.90336037,2949.2854,0.047629282,852.23865,0.22711828,-54.781776,-0.8075281,-16.66548,-0.1935234,30.64342,0.06391028,-0.009416304,-1.5286572,-0.010264479,-0.86475253,0.23344213,0.42586613,26.251698,0.14508739,8.227697,0.5080997,0.9020265,6.0116982,-1.0803587,-6.412059,-14.814041,28.605366,-0.009920414,-0.009266873,0.22494492,5.673759,3.7037036,0.22999999,0.25337717,0.0275,0.008291562,-26.147322,12,10,75,SPEAKER_00,680.1,682.466667,680.1,682.466667,3,1.4216670000000704,1.421625,engaged
38.31878,0.13970973,37.19487,37.635387,39.745483,2.5506134,253.90163,213.2664,75.50572,46.705894,0.7525062,0.45076564,0.48188394,0.6341094,1.0107462,0.5288623,6.2873716,4.797477,4.6978064,3.3702018,0.35943547,0.6166866,27.117065,0.14525704,7.306309,1.0148007,1.6087024,5.754326,-13.853931,-0.89378065,0.042354688,1.5279878,1.2660681,0.44160163,7.323928,0.37737134,2.2809944,5.9295,18.861776,0.5676856,849.74927,0.18141077,1258.6743,0.17189947,-40.426735,-1.3907565,1878.8899,0.107422635,1152.9664,0.23797677,-49.015778,-1.020378,2896.2446,0.06062333,829.08453,0.27950546,-52.995926,-0.9137784,-17.13237,-0.31725925,30.095987,0.1739076,0.0015251406,15.754608,-0.017457858,-0.5377791,0.35606202,0.6249112,27.131891,0.14432094,7.399372,1.0180504,1.493008,6.2986035,-13.423654,-0.93854636,-15.936946,28.022322,0.00439753,-0.01923109,0.40217528,3.3898306,2.4216523,0.35588232,0.3569159,0.053636365,0.038440682,-21.398829,12,10,76,SPEAKER_03,682.5,693.5,682.5,692.9522187500002,5,7.094093750000184,7.0940625,disengaged
35.76004,0.14238773,33.336,37.31469,37.697033,4.3610344,177.78604,115.47442,96.2863,89.328476,0.64687073,0.3695818,0.53885794,0.5958963,0.7523023,0.21344435,4.769486,2.2861543,2.8160608,1.6059105,0.32719418,0.7454807,24.206589,0.2706877,8.874801,0.7508813,-1.8210878,-3.9281118,-9.239927,-1.109383,0.042847503,1.1946517,1.124676,0.33770463,6.966771,0.32109568,2.890984,6.0364103,19.45743,0.47948936,860.8691,0.15731558,1190.8091,0.20502181,-56.605824,-1.3431219,1921.1323,0.10158573,1131.6385,0.30211952,-65.70815,-1.0172588,2938.9277,0.06433939,823.42694,0.24139015,-68.3386,-0.9625856,-17.172766,-0.25303754,31.308958,0.10068282,-0.0019711647,-8.128929,-0.0155491475,-0.60119295,0.35238913,0.6989001,25.437777,0.17607968,10.018836,0.6416368,-1.7816044,-4.3893323,-9.589295,-1.1806428,-13.0516405,27.715601,0.023364054,0.0009514267,0.32779458,3.4482758,3.5714288,0.20833333,0.1976037,0.099999994,0.014142135,-23.330206,12,10,76,SPEAKER_00,682.5,693.5,682.5065937500001,685.96596875,2,1.7549999999998818,1.755,disengaged
36.551373,0.06622311,36.366154,37.22518,37.56249,1.1963348,78.998,88.83345,69.80414,128.31583,0.6922977,0.2659356,0.53977513,0.6730838,0.83532655,0.29555142,4.2335196,1.8015591,3.4925237,2.1650438,0.27857342,0.37497813,25.69457,0.17194046,5.2646713,0.94957864,7.1162314,1.1340928,-14.483273,-0.7159422,0.023760032,0.88760614,1.1033292,0.34672633,7.241288,0.3347751,5.2565,1.5475113,19.16745,0.39499238,795.4714,0.21829876,1365.064,0.17460851,-55.18341,-1.3021071,1805.0778,0.112933084,1124.3901,0.23109417,-61.043724,-1.0771352,2846.5874,0.0641602,843.28894,0.38717002,-63.43957,-1.0194768,-15.144367,-0.2559009,24.909904,0.25104696,0.008042788,2.032659,-0.015720688,-0.48943087,0.27973664,0.36280182,25.952354,0.13797306,5.3389397,0.9676773,7.133071,1.1526452,-14.122615,-0.74787086,-14.734029,24.527925,0.008153664,-0.011828316,0.29109135,4.2105265,2.5757575,0.29999998,0.24509302,0.08071428,0.052162424,-25.078346,12,10,77,SPEAKER_03,693.533333,711.9,693.86346875,711.9,6,6.662781249999966,6.6628125,engaged
36.287464,0.13106233,36.318054,37.51527,37.812424,1.4943695,204.56499,106.31392,72.34616,30.831213,0.787417,0.35833853,0.54334754,0.7362353,0.9623599,0.41901237,6.8585343,6.083927,4.3492947,1.7268798,0.36466613,0.5357702,27.959332,0.111366816,6.091444,1.0763456,3.0986001,3.7745094,-17.891586,-0.58586234,0.03243173,1.1467232,1.1763341,0.44906938,6.7045283,0.41995546,0.8118138,15.761348,20.753794,0.36506063,801.2477,0.19707124,1313.2678,0.16775046,-55.98903,-1.2538105,1842.0717,0.117191896,1171.7904,0.26287964,-64.33995,-0.97314286,2875.3535,0.06048356,848.06586,0.2988009,-66.91971,-0.91454804,-15.140148,-0.37504405,28.100544,0.20083752,0.004967108,3.4981215,-0.01899803,-0.5025095,0.36997265,0.5340371,27.907452,0.10818655,6.19586,1.0007359,3.0303845,4.054088,-18.451145,-0.5820495,-15.081762,28.053848,-0.0006330455,-0.019190473,0.355327,4.5045047,4.601227,0.16133332,0.17480908,0.053333335,0.03091206,-22.689888,12,10,78,SPEAKER_03,711.933333,717.033333,711.933333,717.033333,4,3.3449999999999136,3.345,disengaged
38.33733,0.12863038,37.475246,37.639267,41.46359,3.9883423,92.45424,98.59474,80.09423,59.345882,0.6986673,0.38391662,0.47607663,0.61957514,0.92367435,0.4475977,6.982938,2.7890344,4.390685,2.2220712,0.34030467,0.6477146,27.894136,0.16343948,7.4995894,0.7165387,0.3894554,25.492823,-13.00227,-0.9688557,0.047552906,1.1677638,1.3405188,0.4921374,6.5197773,0.44344676,2.0443954,7.108552,18.11169,1.1694593,841.7768,0.21907313,1266.6372,0.14688362,-44.684986,-1.4027976,1867.672,0.12645333,1163.7997,0.20806676,-52.554863,-1.0269101,2924.9148,0.0651328,856.514,0.28653064,-56.47549,-0.92943907,-17.827217,-0.20159,31.19643,0.1295661,-0.0013639282,-17.05543,-0.017182842,-0.75807863,0.33947513,0.67130566,28.152014,0.117852,7.8755536,0.6240224,0.4029732,25.381762,-13.004147,-0.991261,-17.058357,28.662685,0.0026432683,-0.015414783,0.39617988,3.5916824,3.0592735,0.27124998,0.28663728,0.04818182,0.030396823,-22.510248,12,10,79,SPEAKER_03,717.066667,722.366667,717.066667,722.366667,1,5.2999999999999545,5.3,engaged
32.992508,0.23593284,21.58402,37.12014,37.74619,16.162169,216.55553,0.0,132.65997,0.0,0.6082138,0.10866843,0.5631954,0.60956657,0.6478468,0.08465141,0.79490477,0.6330194,2.6894248,1.3270879,0.25691155,0.2921439,28.452456,0.10524085,8.26509,0.37403744,-0.17027396,-22.799402,-10.392184,-0.4511211,0.017915623,0.3363573,1.2416668,0.46713507,7.344285,0.452595,1.0559058,13.562727,23.93154,0.28387195,894.18896,0.08971515,1195.4276,0.12757479,-119.21615,-0.7301084,1918.6393,0.056504093,1153.8763,0.14313665,-123.73421,-0.635779,2983.9817,0.032332737,697.15967,0.16977206,-125.27785,-0.6169379,-18.52681,-0.17372681,33.36513,0.06954769,0.008515727,1.1026509,-0.02035376,-0.25890446,0.28648144,0.27589765,30.481434,0.03507708,10.1159525,0.294514,-1.3911312,-3.2553997,-13.874074,-0.21921264,-15.191181,30.196684,0.0008732879,-0.014221605,0.2623605,6.3492064,5.555556,0.07,0.043204937,0.089999996,0.014142135,-25.4809,12,10,80,SPEAKER_03,722.4,732.2,722.4,723.0403437500001,1,0.6403437500001701,0.6403125,disengaged
36.938465,0.07053085,37.136246,37.57392,37.744236,0.60799026,96.13108,69.71178,12.840229,20.564316,0.56588095,0.20316027,0.4753343,0.5357083,0.6400939,0.16475964,2.2248154,1.0018218,2.27026,2.4619226,0.2229295,0.35194328,26.585468,0.120340616,8.467623,0.53924435,2.674262,2.215379,-6.3716583,-1.2073838,0.033499338,0.7489889,1.1208417,0.38404596,7.784676,0.2239176,2.778162,2.5874975,18.142132,0.52010846,895.1213,0.15960276,1246.3381,0.15520489,-76.94955,-1.0250692,1907.0015,0.09504007,1187.5311,0.2067253,-80.69556,-0.9037252,2918.673,0.053801134,875.4094,0.29300827,-83.78054,-0.8476931,-16.865108,-0.22831304,31.296122,0.114345424,-0.00688466,-2.3028026,-0.011718907,-0.6731236,0.21005404,0.34285358,26.225266,0.12227889,9.14896,0.48537835,3.1149964,1.770883,-5.1837783,-1.4125192,-15.031123,29.500275,-0.0050481358,-0.014086669,0.2535293,3.0405405,2.901024,0.2335294,0.24083044,0.0975,0.13695346,-26.309582,12,10,80,SPEAKER_00,722.4,732.2,723.90096875,732.2,4,5.936531250000144,5.9365625,disengaged
38.054306,0.09288178,37.23955,37.657734,38.721344,1.4817924,183.99348,111.79331,48.192715,63.431473,0.716001,0.55702806,0.5114801,0.59232354,0.7221469,0.21066684,4.2621126,4.05519,3.0823479,3.0840874,0.32408354,0.6959972,25.382284,0.20926382,8.819147,1.0912666,1.4861171,4.936291,-7.1676455,-1.2329174,0.031153768,1.3450009,1.1347919,0.41304168,8.125106,0.33124995,5.329826,1.7419382,19.377491,0.4671171,873.4879,0.18863775,1256.1656,0.16288428,-50.774475,-1.2325075,1918.5947,0.11585632,1176.1094,0.22263077,-56.303158,-1.0099217,2909.9304,0.07101923,895.59076,0.25870615,-59.42435,-0.93219995,-16.454939,-0.4309162,30.27764,0.2408365,0.00018934222,96.97768,-0.013286237,-0.7195666,0.34001663,0.70230556,25.423552,0.21858922,8.649308,1.1731524,1.6206012,4.6728463,-7.4001813,-1.2360673,-15.665641,29.905523,-0.003509421,-0.012813295,0.24403946,1.6799294,2.4866786,0.33142856,0.32270855,0.053846154,0.03282552,-21.934153,12,10,81,SPEAKER_00,732.233333,792.766667,732.233333,792.766667,9,11.325833999999759,11.3258125,engaged
37.191353,0.11655478,36.760124,37.633,38.871185,2.111061,210.35735,252.68231,100.44955,126.428345,0.78999734,0.47615957,0.49775895,0.66908026,1.0462654,0.5485064,6.186485,5.497995,4.9878707,4.1713486,0.335429,0.71158254,24.649935,0.23491342,6.4187517,1.4402928,2.4314897,4.0090327,-15.256353,-0.92771274,0.03485694,1.4595698,1.1394757,0.40899423,6.773741,0.38741478,2.365863,4.020701,18.161953,0.5921159,812.038,0.21733868,1301.2101,0.1682693,-52.461197,-1.3696798,1846.3956,0.12759256,1166.7916,0.26482502,-57.46402,-1.1205542,2858.7673,0.06598465,843.1104,0.34501493,-59.928036,-1.0521499,-14.718139,-0.4267293,26.29395,0.2837185,-0.0016246713,-12.690862,-0.018151252,-0.6650758,0.3332105,0.7092355,24.478561,0.22457975,6.349773,1.5289942,2.1182375,4.759267,-15.276519,-0.9594396,-15.548718,26.740917,0.004473236,-0.018321637,0.3580992,2.1126761,3.2382176,0.23980197,0.21042609,0.05804878,0.047432583,-22.569187,12,10,81,SPEAKER_03,732.233333,792.766667,737.3503437500001,783.5203437499999,26,31.252500000000964,31.2525,engaged
35.571144,0.11405067,33.825558,37.506577,37.642258,3.8167,249.48865,116.62947,111.63195,117.69509,0.5533017,0.12073343,0.49532875,0.54782706,0.59834486,0.10301611,2.121096,1.3634614,1.46453,0.90255433,0.21286073,0.2834748,25.465174,0.12191177,8.663283,0.4993278,0.46538156,12.772924,-3.9618237,-1.2984154,0.053722728,1.0088055,1.165845,0.37067607,6.824948,0.2856769,6.92699,0.9030582,19.67172,0.41405043,922.4224,0.12402816,1163.0521,0.14528033,-72.56199,-1.0845227,1954.1357,0.087364756,1154.2249,0.21330512,-79.59863,-0.91047174,2963.0186,0.052175514,862.0505,0.37217662,-82.83125,-0.85028034,-14.817536,-0.34309042,31.642557,0.086454496,-0.0073480434,-1.5561992,-0.008905256,-0.8121851,0.21298663,0.33549106,25.920094,0.11781114,8.314163,0.558662,0.46772563,14.328585,-3.4011836,-1.5370407,-14.468486,29.02603,-0.0008338245,-0.0115928175,0.21245863,4.9844236,3.809524,0.17583333,0.14727855,0.08,0.06618157,-26.719984,12,10,82,SPEAKER_00,792.8,816.8,792.8,800.3615937500001,3,3.224718750000193,3.2246875,disengaged
35.12966,0.20920943,26.042362,37.392914,41.42285,15.380489,302.88217,476.31448,143.21208,118.11211,0.7488499,0.37964782,0.52067065,0.70316523,0.96281326,0.4421426,5.599559,3.3749743,3.5262523,1.8747966,0.29467148,0.634952,26.580494,0.18709788,4.441221,1.7939132,1.3174715,6.2322164,-12.172012,-0.9296906,0.05016217,1.6618662,1.3569694,0.5004442,4.910111,0.7123192,2.0329673,7.9334183,20.675852,0.7333063,816.1557,0.22658074,1327.3175,0.16686225,-38.79812,-1.7458496,1816.3997,0.12729886,1216.6143,0.24484986,-45.949963,-1.337862,2866.9307,0.06349153,890.9141,0.3399191,-50.88303,-1.1653125,-14.252309,-0.4257613,27.140213,0.23791392,0.005527556,2.912904,-0.013314168,-0.8096646,0.29851893,0.63864875,27.039679,0.1456663,4.639783,1.7219435,1.1252202,7.6712136,-12.965711,-0.8655789,-14.385485,26.51176,0.008879704,-0.006046137,0.30841422,2.4118738,3.001876,0.27124998,0.22783971,0.04785714,0.031208646,-23.479603,12,10,82,SPEAKER_03,792.8,816.8,798.3703437500001,814.78971875,7,5.400000000000091,5.4,disengaged
37.66125,0.004546124,37.511925,37.665676,37.80017,0.28824615,10.076678,4.910483,5.867855,3.6949615,0.71211755,0.079094656,0.66246665,0.7004282,0.7667679,0.104301274,2.8960218,1.4586937,2.616035,0.93924385,0.28328633,0.27776167,24.37333,0.27964124,14.534615,0.23127529,-15.1912985,-0.4898815,-4.3585386,-1.7953862,0.04166811,0.30992532,1.439067,0.35196587,4.850045,0.22973193,2.02862,2.0891833,23.4957,0.27341217,888.3839,0.152193,1208.2805,0.12990831,-27.72795,-1.2718432,1900.5807,0.101459496,1225.2798,0.20717895,-41.31278,-0.7723103,2939.327,0.053093337,888.58997,0.20715563,-47.823593,-0.62546563,-12.907049,-0.18148795,33.35896,0.100216985,0.0011545464,10.622367,-0.020772263,-0.43051937,0.28080836,0.24384604,23.901646,0.30336177,14.923243,0.23398805,-14.402009,-0.52444136,-3.875276,-2.1383922,-14.036354,32.756973,-0.0069508557,-0.021690864,0.24681836,12.5,3.448276,0.265,0.105,0.02,0.0,-25.060501,12,10,83,SPEAKER_03,816.833333,818.266667,817.60784375,818.266667,1,0.6588232499999549,0.6588125,engaged
37.81352,0.00044676953,37.796738,37.810123,37.82904,0.032302856,2.2209167,0.0,-0.08268356,1.317207,0.7971212,0.09972134,0.7353811,0.77954364,0.8220891,0.08670795,1.6751938,3.1679432,4.8422112,3.8684888,0.34772828,0.31629467,24.830505,0.060395144,13.087059,0.15412523,-22.2663,-0.13360392,-9.335448,-0.27804962,0.057504408,0.24230886,1.8545204,0.40923506,2.030145,1.1879809,-5.2319207,-1.3239502,20.331015,0.14169165,941.40924,0.032575227,1112.0642,0.061722275,-67.47528,-1.1507642,1931.1145,0.054018047,1432.8367,0.19533126,-84.72545,-0.792125,2949.6484,0.0132788895,765.52893,0.14637055,-87.34877,-0.7556732,-8.104689,-0.19753733,29.271185,0.03163,-0.008308209,-0.5875406,-0.019936379,-0.13192509,0.32465586,0.06625393,25.113947,0.057438534,14.044789,0.069131,-21.30911,-0.06349293,-7.9350047,-0.3056866,-11.4486065,32.62481,-0.0023528072,-0.019765906,0.30947798,11.764706,10.000001,0.06,0.0,0.02,0.0,-24.39755,12,10,84,SPEAKER_03,818.3,819.366667,818.3,818.4853437500001,1,0.18534375000012915,0.1853125,disengaged
37.59496,0.0037721405,37.50145,37.59999,37.72864,0.22719193,7.680779,1.332704,11.060905,1.757431,0.6675055,0.099822305,0.6032829,0.66485524,0.73685455,0.13357162,1.135597,0.30437467,3.4750116,1.8716763,0.27697906,0.20486596,25.76109,0.03571524,11.789984,0.15242654,-15.171104,-0.24245562,-8.038132,-0.3253795,0.057136223,0.1923793,1.545762,0.3419841,4.6673336,0.25274438,-6.252692,-0.4644183,18.593866,0.13528581,842.3426,0.1931253,1289.5697,0.10189312,-14.547119,-0.2695607,1876.6094,0.15364034,1472.22,0.10686642,-32.677948,-0.13406692,2891.173,0.07474341,1034.9637,0.22536747,-39.59752,-0.03636455,-10.474416,-0.2099441,30.142181,0.0785926,-0.015656082,-0.3144437,-0.019200822,-0.32675555,0.3199487,0.20882033,25.336191,0.03163751,12.2332535,0.15403491,-16.55366,-0.22146867,-8.729437,-0.3298662,0.0,0.0,0.0,0.0,0.0,10.526316,7.692308,0.12,0.0,0.0,0.0,-25.85242,12,10,84,SPEAKER_01,818.3,819.366667,818.4853437500001,818.68784375,1,0.20249999999987267,0.2025,disengaged
37.69924,0.010021696,37.50578,37.60672,37.71689,0.21110916,8.058092,1.8209457,7.650387,12.511681,0.5664483,0.18139146,0.48833445,0.5255476,0.6398156,0.15148118,2.180383,0.7849535,2.2461085,1.2810793,0.22670366,0.36525312,26.31521,0.11617482,8.794656,0.821931,1.5840863,4.220669,-0.0887357,-54.517796,0.031249903,0.4804551,1.1557248,0.27564952,8.648917,0.13681896,4.8819685,2.147877,18.583572,0.5050009,917.36096,0.12839498,1181.6848,0.19420293,-60.936398,-1.0957294,1964.7035,0.06992008,1077.9728,0.11160835,-66.92668,-0.92158693,2997.8462,0.044135146,848.45435,0.20337236,-70.6657,-0.84832495,-17.038124,-0.2646892,32.59885,0.09346562,-0.010752623,-1.4479241,-0.007815648,-0.73048735,0.21854794,0.39351088,26.443905,0.11652682,10.059985,0.5803477,2.9113317,2.161599,-0.9632844,-5.049642,-8.927237,28.291473,-0.017523594,-0.0012615571,0.26036057,5.2083335,3.3333335,0.22999999,0.13589211,0.074999996,0.044999998,-25.841352,12,10,85,SPEAKER_00,819.4,821.466667,820.39221875,821.466667,2,0.9731982500001095,0.9731875,engaged
36.678463,0.087628365,36.989643,37.543556,37.82773,0.8380852,277.90652,311.8093,71.11355,108.16265,0.5581341,0.23828359,0.4749196,0.5375947,0.62779444,0.15287486,2.3770242,2.2439868,1.1867415,1.0651051,0.2462319,0.40825376,26.529469,0.18261376,10.23198,0.5165654,3.6710198,1.8747069,-3.795353,-1.7451605,0.03680365,1.1536113,1.1428509,0.38933295,8.441752,0.28258348,3.5413134,3.4945936,17.673048,0.71211404,932.797,0.13828288,1239.874,0.18065792,-53.510235,-1.1733353,1967.1515,0.09129301,1206.3188,0.2086409,-60.933506,-0.9396444,2955.2114,0.05750736,972.3544,0.3242354,-63.897743,-0.8757018,-18.019344,-0.29098985,33.073456,0.12745316,-0.0094148535,-1.536191,-0.011362151,-0.74623007,0.2455548,0.4009337,26.920935,0.1497193,10.320601,0.51336783,3.8283617,1.8531677,-3.3749735,-2.038164,-16.340914,30.129377,-0.0014141231,-0.01051487,0.261702,1.486375,2.6533997,0.3046875,0.26805985,0.06625,0.037059918,-24.599417,12,10,86,SPEAKER_00,821.5,844.266667,821.5,836.44034375,5,12.12221875000023,12.1221875,disengaged
36.454826,0.028160809,35.325054,36.585747,37.58618,2.2611275,15.6811495,7.775024,-3.3155403,11.418137,0.63240993,0.31773928,0.46940807,0.5737848,0.80091757,0.3315095,2.8750095,2.1036294,2.5628865,1.5571463,0.26900655,0.39191154,24.814083,0.20517321,11.686011,0.5500417,4.7251024,1.1348479,-17.112236,-0.7402018,0.026794696,0.621625,1.2985162,0.35751262,6.2611966,0.25770804,5.6461563,1.031702,25.035763,0.3412788,776.9903,0.24517114,1446.0623,0.1538408,-81.39723,-1.0304768,1819.0304,0.105125815,1219.6516,0.18755585,-86.88401,-0.871346,2867.4924,0.06712871,873.963,0.2739862,-88.79539,-0.8368785,-16.09855,-0.22971492,25.68479,0.24697855,0.0176677,1.0540019,-0.020418236,-0.37011325,0.29789793,0.35694066,24.997221,0.18516225,10.302735,0.580518,6.000237,0.930113,-20.949816,-0.62195104,-17.67842,29.434841,0.0087025855,-0.01576597,0.22955106,3.7037036,3.846154,0.162,0.12734206,0.06333333,0.04109609,-25.354866,12,10,87,SPEAKER_03,844.3,845.9,844.3547187500001,845.72159375,1,1.3668749999999363,1.366875,engaged
36.4504,0.078885354,36.225258,36.993725,37.69857,1.4733124,102.488075,85.566986,44.88929,27.106089,0.57267004,0.19872193,0.45999253,0.5679138,0.6753396,0.21534705,2.8052685,1.4425477,2.8982666,1.1835599,0.23717755,0.27865747,29.131775,0.08709194,8.699322,0.4302722,-1.0429655,-6.549819,-15.970495,-0.5554181,0.03702362,1.5436049,1.1962335,0.40119082,6.5011024,0.3359387,-4.5908093,-3.0249758,19.367651,0.66537863,835.3615,0.19047251,1368.0348,0.1822272,-55.50025,-1.269404,1844.6694,0.1192975,1300.4596,0.19465113,-64.7023,-0.9684089,2908.129,0.056869563,901.5158,0.2321776,-68.99255,-0.87674,-16.853779,-0.20083207,31.556614,0.09981374,-0.00013432268,-118.57933,-0.01839445,-0.41911855,0.23930511,0.27961406,29.012518,0.092315264,8.683084,0.42763564,-1.0757475,-6.6107917,-15.337596,-0.6061154,-16.969582,29.93934,0.008283726,-0.023271393,0.2397156,5.7613173,3.3613448,0.22749999,0.18866307,0.049999997,0.02783882,-26.625753,12,10,88,SPEAKER_03,845.933333,852.533333,847.4934687500001,851.9653437500001,3,2.4468749999998636,2.446875,disengaged
37.592907,0.0015947596,37.54008,37.57975,37.64933,0.109249115,3.562101,1.6720454,-1.8021584,4.0394216,0.48855135,0.054150008,0.46627897,0.48049203,0.5116987,0.045419753,1.4776558,0.23240347,1.1857736,0.421585,0.19553714,0.23880099,23.876295,0.09832728,11.26997,0.18138947,11.035257,0.1929079,-14.660269,-0.3589164,0.053965833,0.12760504,1.1377774,0.14159748,6.906111,0.047665115,-1.4920763,-0.7726203,9.215723,0.22905648,929.68146,0.098204605,1232.6707,0.03142653,-89.661125,-0.7888121,1918.9829,0.05092274,1269.6005,0.13762444,-89.11773,-0.7595062,2893.8699,0.030952381,616.90765,0.123579994,-90.97906,-0.7357238,-17.189848,-0.0776003,26.935266,0.13231745,-0.015091781,-0.23647717,-0.012314035,-0.2346397,0.17529523,0.126957,22.35668,0.09674657,10.332313,0.1152665,10.813922,0.15772645,-13.777126,-0.28406253,-17.95029,27.86588,-0.012497225,-0.015089513,0.22107743,13.043479,6.666667,0.089999996,0.0,0.02,0.0,-28.603884,12,10,88,SPEAKER_01,845.933333,852.533333,852.2859687500002,852.533333,1,0.247364249999805,0.247375,disengaged
36.805447,0.08695308,37.305817,37.566307,37.75413,0.44831467,93.862595,81.19355,62.71198,61.373096,0.48997593,0.13349326,0.43003947,0.47444424,0.5467235,0.11668402,1.4881161,0.7363059,1.0423913,0.6500485,0.18134792,0.29701817,26.2504,0.17349516,11.086335,0.49953395,1.9566821,3.2163506,-7.039625,-1.3795254,0.0454691,0.9967013,1.2551299,0.354445,7.035114,0.24571395,0.20873296,38.613895,16.368998,0.5590978,915.055,0.12590836,1231.042,0.11375004,-75.3694,-1.0410966,1951.8103,0.07962764,1221.4855,0.23675421,-83.44659,-0.8668517,2947.224,0.04686935,824.94037,0.32080266,-85.72731,-0.82812417,-18.453186,-0.112902105,32.521885,0.05540061,-0.015280421,-0.9226988,-0.016823756,-0.57814354,0.17373765,0.2771115,25.833399,0.19332224,11.808972,0.48068178,1.7926991,2.964936,-5.720439,-1.7365285,-17.075449,30.843689,-0.0070729423,-0.016803145,0.20722093,3.7037039,3.3898306,0.195,0.18152134,0.089999996,0.073678836,-28.320726,12,10,89,SPEAKER_01,852.566667,858.466667,852.566667,858.466667,3,2.440625000000068,2.440625,engaged
38.896454,0.23932147,35.973656,37.648445,51.325375,15.351719,191.09026,109.14991,135.83612,202.98663,0.62858415,0.39632693,0.44676194,0.5143622,0.8618218,0.41505983,4.577219,2.9670343,2.2596002,1.2420532,0.23211223,0.51303977,27.113089,0.2387483,8.979357,0.82594806,-3.705191,-2.5334947,-9.259268,-1.2066662,0.03860906,1.2848041,1.2801993,0.42501694,5.98196,0.5499495,7.3736453,2.4084208,22.484425,1.084981,816.7322,0.27386725,1365.4526,0.19038014,-51.32288,-1.4607016,1796.2665,0.14288919,1288.1099,0.2380721,-53.91308,-1.1675239,2873.286,0.079427965,998.8724,0.31434095,-61.155277,-0.9720633,-15.259608,-0.41389206,32.32872,0.1147556,0.0018721783,12.535874,-0.015791422,-0.88065165,0.240549,0.50447714,27.420774,0.21811672,9.1461,0.86098415,-4.865509,-1.9923993,-9.582302,-1.2423943,-17.097717,30.67469,-0.0026705847,-0.010425918,0.21791951,1.5748031,2.9880478,0.266,0.22075023,0.07,0.05347897,-24.252436,12,10,90,SPEAKER_01,858.5,885.9,858.5,866.07284375,4,5.092218749999802,5.0921875,disengaged
36.30127,0.14004862,35.547623,37.495674,39.61455,4.066929,276.11792,566.41907,73.35131,59.635258,0.66883403,0.38162327,0.47065508,0.5987441,0.82628167,0.35562658,4.5726647,3.0285041,3.06853,1.7154655,0.26522598,0.6361737,25.282446,0.21150036,6.4103985,1.2908131,-2.0458217,-4.782555,-14.6743,-0.78406256,0.030299446,1.8064392,1.1365013,0.42161012,6.144703,0.4166217,3.7621124,3.7108815,20.425323,0.70543134,812.52405,0.18438509,1290.871,0.15333234,-70.712036,-1.2338828,1843.1301,0.12536198,1143.3638,0.24553074,-77.16233,-1.0362245,2901.6597,0.07025787,846.592,0.37321168,-80.89179,-0.95512134,-14.249945,-0.41546613,26.917213,0.20271309,-0.0036997644,-5.4947243,-0.018056072,-0.6804856,0.2592073,0.65008736,25.539362,0.17974824,5.972948,1.4189879,-3.007402,-3.2984662,-16.038572,-0.7587359,-14.696328,27.315998,-0.003467483,-0.01493566,0.28563154,1.8399265,3.0527291,0.2139394,0.22179624,0.102,0.11052602,-25.583824,12,10,90,SPEAKER_03,858.5,885.9,868.62096875,885.9,7,10.883406249999894,10.8834375,disengaged
36.85328,0.07678272,35.47277,37.5468,38.367527,2.8947563,99.655304,130.76392,148.39749,358.75665,0.637456,0.32856473,0.486461,0.57143295,0.77761334,0.29115233,4.6641397,2.2829487,2.8903368,1.8129475,0.27732164,0.46518362,24.705519,0.24639444,9.756091,0.61740255,1.5503963,6.0859127,-14.8613825,-0.8821599,0.030877179,0.9894813,1.2130951,0.40879676,7.048478,0.32073134,4.382626,2.6118062,21.229807,0.5391772,795.69037,0.23097238,1333.1757,0.14466949,-73.744774,-1.0903354,1809.454,0.12755933,1196.001,0.20612146,-78.11692,-0.93047535,2853.2322,0.06607702,874.5311,0.30165583,-81.30043,-0.86862206,-16.145279,-0.26505375,28.408705,0.19949976,0.0040950896,5.1808825,-0.017439218,-0.620826,0.26860178,0.48924363,24.597286,0.24333435,10.038255,0.63421476,1.3000091,7.413763,-14.031572,-0.98214126,-15.095505,27.155336,0.008086838,-0.0165583,0.302832,3.251121,3.724605,0.17999999,0.18560302,0.07433333,0.049104195,-25.55481,12,10,91,SPEAKER_03,885.933333,901.733333,885.933333,901.733333,9,8.931874999999877,8.931875,engaged
38.594788,0.058898088,37.442524,37.84404,39.165115,1.7225914,26.2264,21.976315,39.69359,29.411072,0.6093615,0.40223,0.49228385,0.5557795,0.7386043,0.24632046,4.417552,3.4584494,2.5941093,1.1220295,0.32258764,0.6134961,25.954287,0.27125964,6.3801513,0.95052344,1.2968765,6.750721,-7.199341,-1.1333812,0.024809772,0.5495703,1.1653975,0.37717974,8.4257145,0.30173215,5.714863,1.4958955,20.072702,0.3545515,929.941,0.15222354,1231.6332,0.15710878,-65.77668,-1.0869592,1938.7068,0.0957853,1256.9261,0.2833177,-71.50294,-0.892329,2953.8042,0.055735447,936.6159,0.39962444,-75.38379,-0.82060385,-16.941196,-0.40238887,31.406754,0.19366336,0.0032595557,5.0906935,-0.011500385,-0.67568725,0.34212422,0.57282865,27.698792,0.11948074,7.350587,0.8118318,1.6901723,5.5871706,-8.034589,-1.0085166,-12.215676,25.072311,0.03128642,0.009860745,0.34600368,2.9629629,4.651163,0.155,0.080156095,0.06,0.040620193,-22.805067,12,10,92,SPEAKER_03,901.766667,904.1,901.766667,903.38346875,2,1.3636767500000815,1.3636875,disengaged
38.938034,0.11291178,37.09175,37.807262,44.267326,7.1755753,109.53727,79.67579,61.765553,47.007492,0.7817794,0.44540057,0.47262135,0.67034465,0.98585796,0.51323664,7.4965906,7.5026283,5.5966187,4.7183595,0.5249838,0.9390456,27.610985,0.14669159,10.2603445,0.44494963,3.551004,1.3483217,-15.915009,-0.90994096,0.046858944,1.0819029,1.2753167,0.4873994,7.5374336,0.36893526,8.007768,0.9994682,23.30764,0.24203858,841.1051,0.16755693,1305.8342,0.15852952,-66.94287,-1.0739026,1895.2786,0.1025802,1235.0067,0.24868761,-72.17509,-0.8709309,2890.6187,0.06328298,890.3696,0.31700435,-74.02013,-0.83694917,-19.253542,-0.189038,31.409971,0.15012522,0.015473746,1.6024097,-0.019715618,-0.47049063,0.53703266,0.94033235,28.69499,0.10847659,10.202602,0.40714777,2.8986373,1.4443682,-15.747347,-0.894494,-15.438896,26.517221,0.006774846,-0.016634718,0.4162898,3.8709679,4.861111,0.14714286,0.0848047,0.037142854,0.024327692,-18.135979,12,10,93,SPEAKER_03,904.133333,906.7,904.5984687500002,906.7,2,1.5615312499999163,1.5615625,engaged
36.158443,0.095138684,35.982033,37.546936,37.7135,1.7314682,75.70846,87.03165,78.19603,66.3609,0.54590726,0.24307919,0.4580257,0.48496285,0.61351496,0.15548927,3.7395697,2.4258697,2.613359,1.7797768,0.23371892,0.56116414,27.26897,0.10676878,9.2343,0.4616217,2.0654306,4.133106,-3.1944652,-2.4080918,0.037822094,1.0464237,1.008836,0.3078365,7.536103,0.2043396,2.9231071,3.0426888,17.909794,0.48453772,903.33453,0.1757659,1266.0171,0.15151246,-35.189106,-1.2050053,1941.5529,0.104664326,1234.9526,0.15163676,-42.2498,-0.8869388,2964.6511,0.06297465,1042.544,0.45971444,-46.47188,-0.78452593,-16.20482,-0.3183994,33.004536,0.10441525,-0.014335591,-0.9426585,-0.009386411,-0.78535,0.2231348,0.5433028,27.198528,0.11060641,9.234763,0.46728042,2.0195098,4.037985,-2.864104,-2.7109096,-16.606812,31.204067,-0.0027482572,-0.014456298,0.42632288,3.9408867,2.030457,0.45,0.42649734,0.026666667,0.0047140447,-25.848948,12,10,95,SPEAKER_00,907.633333,910.066667,907.66971875,910.066667,4,2.042573250000032,2.0425625,engaged
37.05107,0.019787123,36.448734,37.404533,37.6817,1.2329674,5.090832,12.2099,21.863346,9.732038,0.82637846,0.35471871,0.59479195,0.7310931,1.1205006,0.5257086,9.621179,1.8047887,5.7517166,2.7941854,0.42152444,0.45788753,28.429796,0.12055595,6.9263,1.1176896,-4.233671,-2.795907,-12.129115,-0.7539026,0.019647844,0.58207417,0.95588636,0.4727795,7.9142394,0.29772034,3.206375,3.6681726,24.397749,0.19605412,829.255,0.15947236,1378.9023,0.12483237,-18.05309,-0.5707031,1800.9536,0.110529564,1187.7875,0.19017552,-28.881409,-0.2682925,2887.4978,0.035681326,796.1958,0.37492418,-37.132286,-0.10731565,-17.40691,-0.32883352,32.129993,0.096742675,0.010986065,1.0506341,-0.016187582,-0.2604646,0.45006195,0.4465521,28.268528,0.13503641,9.422069,0.7774175,-1.9671154,-6.161665,-11.6659,-0.74297184,0.0,0.0,0.0,0.0,0.0,3.2258065,4.5454545,0.21,0.0,0.0,0.0,-20.164978,12,10,95,SPEAKER_03,907.633333,910.066667,907.72034375,908.31096875,2,0.32062500000017735,0.320625,engaged
36.725086,0.07317419,36.922836,37.53015,37.707542,0.7847061,105.1152,89.12425,16.313677,20.573416,0.51104605,0.21146949,0.45275912,0.48662016,0.5640473,0.11128816,2.6500146,1.5437956,1.219986,0.5664799,0.21694912,0.5026931,27.42713,0.17381814,8.850709,0.60189927,1.6348928,4.426531,-2.2483306,-2.7081354,0.033352636,0.81178546,1.139093,0.41116688,7.963576,0.24603052,0.26214442,37.49913,16.172983,0.60990065,923.44476,0.1465081,1209.323,0.12479368,-43.459366,-1.2453926,1951.8257,0.093470484,1242.7542,0.22513996,-51.477234,-0.9486026,2956.949,0.05899492,926.11,0.23474532,-55.5346,-0.85618585,-16.648722,-0.3018156,33.536224,0.08818659,-0.0162034,-0.728733,-0.01001772,-0.73690677,0.20713262,0.39493603,27.727245,0.12418275,8.995593,0.5596123,1.6051798,4.433216,-2.34098,-2.7060394,-14.000503,32.646946,-0.001909452,0.005014831,0.33137888,3.1496062,1.7892646,0.48777777,0.31257987,0.05111111,0.042017043,-26.308083,12,10,96,SPEAKER_00,910.1,915.733333,910.1,915.53346875,2,5.095968749999997,5.0959375,disengaged
36.8437,0.027915029,36.37577,37.148537,37.594208,1.2184372,14.237343,8.067594,11.29403,8.865852,0.6639008,0.2677158,0.5180025,0.59151405,0.81964624,0.30164373,5.596896,3.43195,4.7419643,2.5186675,0.30341095,0.37410817,26.047009,0.11330795,8.058984,0.6037596,4.024872,1.6603945,-11.057298,-0.8944585,0.024226403,0.5113506,1.1793379,0.29111263,7.1622243,0.29938224,-0.64122057,-11.315952,19.777037,0.35338607,803.1207,0.25465393,1395.7532,0.1511591,-67.75336,-1.1243508,1809.4122,0.12527737,1207.088,0.22454546,-70.58955,-0.94580114,2895.496,0.06622502,885.46844,0.38855425,-74.92611,-0.8594974,-15.99233,-0.17667106,28.89047,0.17996618,0.00042856485,43.419346,-0.013962883,-0.5319503,0.30299044,0.3784989,25.859715,0.1134391,8.403584,0.56743664,3.9156468,1.7553012,-10.508208,-0.94356734,-15.1848955,26.64871,-0.0038761662,-0.015652606,0.30190322,5.921053,4.109589,0.175,0.17480941,0.055999998,0.017435595,-25.01473,12,10,97,SPEAKER_03,915.766667,919.433333,916.15784375,919.433333,4,1.5373642499997686,1.537375,engaged
34.39583,0.13832596,28.78859,37.506233,37.70544,8.916851,109.61749,0.0,51.242138,0.0,0.5692353,0.1574726,0.50094134,0.52806586,0.6592522,0.15831089,0.8940815,0.5698537,1.5269134,0.38108748,0.19022042,0.3004387,26.03079,0.07775286,6.1630974,0.84724313,1.0321423,7.725816,-4.062645,-0.9052223,0.045468796,1.1473327,1.127285,0.3160252,6.8483715,0.30275592,6.4496965,1.6385641,18.283524,0.55173415,926.15405,0.08919152,1135.3434,0.112068005,-10.903454,-1.7338848,1977.8622,0.0643738,1131.2675,0.14100944,-25.867908,-0.5303883,2934.8862,0.035827987,845.40796,0.14245042,-28.9677,-0.40928036,-13.477182,-0.4412165,31.20689,0.07478152,-0.016630631,-0.38085362,-0.0083856,-0.79683745,0.20083977,0.31103763,26.303709,0.078034945,5.504362,0.97184837,0.21840967,37.90413,-4.4707775,-0.8393678,0.0,0.0,0.0,0.0,0.0,2.3809524,2.777778,0.35,0.0,0.0,0.0,-26.553581,12,10,97,SPEAKER_00,915.766667,919.433333,918.62159375,919.31346875,3,0.43875000000025466,0.43875,engaged
38.498314,0.12634905,36.931484,37.53613,42.67713,5.7456474,253.34602,108.68938,67.81628,27.467112,1.2332121,0.6407172,0.71604574,0.9732892,1.4144852,0.6984395,11.823715,7.037416,5.893781,3.6086612,0.7065786,1.0831232,18.258543,0.30430296,3.8712146,2.3044112,6.092924,1.9189067,-19.811443,-0.6083991,0.04997304,1.310771,1.495417,0.49786347,4.6504097,0.55340564,7.545987,1.2909822,16.58363,0.4706075,773.2124,0.2474427,1331.4979,0.12656648,-98.496445,-0.8740504,1800.9222,0.13435854,1086.4948,0.26864222,-93.40255,-0.8641106,2776.182,0.07904141,788.1843,0.2208894,-94.50488,-0.84310836,-11.715992,-0.51665676,20.339499,0.41129228,0.01521313,1.6287967,-0.019557204,-0.5303759,0.8544408,1.1412613,18.19972,0.30064136,4.979602,2.0041702,4.164175,3.0495927,-19.153341,-0.71917385,-9.272926,15.551795,0.007536715,-0.02053672,0.5312038,5.4545455,5.0632915,0.10875,0.09292974,0.09166667,0.039334744,-17.59863,12,10,98,SPEAKER_03,919.466667,923.833333,919.466667,923.833333,2,1.6666659999999638,1.6666875,disengaged
37.01086,0.009717473,36.666462,36.960083,37.414787,0.74832535,14.330892,0.0,10.241548,0.0,0.5071162,0.080400236,0.46750772,0.4957719,0.5479243,0.08041656,1.3684578,0.46539375,1.3173481,0.7374313,0.20795229,0.38773733,26.278322,0.08928257,11.202252,0.22228752,6.4339356,0.47068727,-2.8204565,-1.6351553,0.015528488,0.578862,1.1671112,0.42699668,8.430949,0.12939699,12.231445,0.48875636,25.750622,0.26636022,741.25635,0.3142329,1402.2013,0.12999651,-22.104446,-0.28248492,1690.6251,0.15562503,1454.7292,0.37021708,-33.92428,-0.08990083,2734.3916,0.077799976,1006.0845,0.17307772,-37.24853,-0.07110889,-19.56821,-0.07254579,32.476128,0.056115087,0.005114131,2.5929637,-0.010077826,-0.5331545,0.25199747,0.27387887,27.490387,0.05301489,11.254179,0.2568978,6.941225,0.4452943,-5.272564,-0.5494368,0.0,0.0,0.0,0.0,0.0,15.789474,7.692308,0.12,0.0,0.0,0.0,-26.768028,12,10,98,SPEAKER_00,919.466667,923.833333,919.53284375,919.73534375,1,0.20249999999998636,0.2025,disengaged
39.01531,0.18098816,37.015564,37.681305,43.7582,6.7426376,208.12892,169.28824,137.38847,145.04291,0.74647045,0.5120932,0.48048657,0.622097,0.9490079,0.46852136,6.414854,7.85672,3.8332562,2.8300023,0.35206228,0.94201684,27.266747,0.18359892,8.379975,0.87355256,-0.43248713,-21.713621,-15.028099,-0.8929283,0.04618105,1.5294603,1.239998,0.4497389,7.042914,0.4732449,5.8746796,2.2818995,22.467064,0.5555413,803.81976,0.24240957,1337.878,0.1629387,-60.911827,-1.2498844,1839.1719,0.13634852,1238.4807,0.24811667,-64.878204,-1.0185504,2881.593,0.071836226,941.90015,0.36445296,-68.53167,-0.9355928,-17.675932,-0.2678041,30.491734,0.19399135,0.0010423852,22.086563,-0.01996768,-0.6201224,0.36930263,0.9919653,27.307493,0.1791531,8.299345,0.9149652,-1.1087703,-8.802507,-15.7909,-0.88547367,-16.811205,29.572624,-0.003880147,-0.016189145,0.29777768,1.4274063,3.0253477,0.2504054,0.2945149,0.07016129,0.060254615,-19.063288,12,10,99,SPEAKER_03,923.866667,993.2,923.866667,992.44971875,18,24.53930175000005,24.5393125,engaged
37.60591,0.015989708,37.18527,37.593685,37.793,0.60773087,11.79606,3.296436,8.200898,5.718161,0.5251866,0.16303149,0.44799477,0.49346736,0.6021868,0.15419203,2.186573,1.4028882,2.1587653,0.78633326,0.2564793,0.46748748,28.33598,0.091038205,10.659869,0.37143475,5.241585,1.0929818,-5.642798,-1.1881453,0.029304456,0.5590692,1.1179307,0.35958108,9.210483,0.19018021,8.742005,0.8708807,21.340353,0.39367974,915.4197,0.17826821,1300.4052,0.19775388,-49.739727,-1.1498832,1943.8804,0.103166744,1243.69,0.20135202,-56.746826,-0.9049821,2959.7114,0.06497244,982.75336,0.35763085,-60.487186,-0.8254793,-19.77922,-0.18446252,34.57203,0.09983443,-0.004168923,-3.7939303,-0.011536282,-0.6805518,0.25789258,0.48443905,28.454226,0.09321472,11.148171,0.34223247,5.8647203,0.8723731,-4.8266177,-1.3174059,-14.663733,28.776224,-0.0007841721,-0.013581585,0.26302496,5.6426334,1.916933,0.445,0.4117341,0.066,0.058514953,-24.709784,12,10,99,SPEAKER_00,923.866667,993.2,926.41784375,931.07534375,4,3.206249999999727,3.20625,engaged
33.90119,0.21863566,26.065104,37.366173,39.707893,13.64279,302.94913,166.007,220.8076,216.09148,0.64154124,0.18893552,0.5407699,0.6368158,0.73563445,0.19486457,2.3003612,2.1571934,1.8401953,0.92846423,0.27408612,0.42095256,28.015976,0.11019203,9.769786,0.28845036,0.92511743,4.890698,-16.614164,-0.51210755,0.04830669,1.2243241,1.4620699,0.5041062,5.5312634,0.4682958,6.0956182,2.9573174,23.508327,0.49450877,756.6143,0.21701409,1350.9052,0.11971133,-38.211864,-1.756593,1825.1614,0.10978383,1276.3271,0.19383983,-51.645447,-1.1384324,2857.2559,0.061504863,983.8591,0.39853555,-53.580288,-1.0770693,-19.339918,-0.17364106,30.603851,0.15170683,-0.0074836016,-2.5417793,-0.021659601,-0.42080826,0.2727409,0.4248192,27.80523,0.11544282,9.650911,0.30655184,0.9306312,5.1874566,-16.454275,-0.5321403,-18.049946,29.888777,1.1763966e-05,-0.02529537,0.2529016,3.4482758,4.060914,0.19749999,0.16299923,0.03833333,0.029674158,-24.455538,12,10,99,SPEAKER_01,923.866667,993.2,941.04846875,977.66721875,4,2.0418749999996635,2.041875,engaged
39.23162,0.163746,37.4145,37.66247,45.877842,8.463341,494.52014,522.206,43.54079,29.582,0.80380726,0.42144948,0.48258704,0.7479401,1.0818037,0.59921664,5.749536,1.973841,4.680651,2.5570397,0.3329823,0.6069342,27.238365,0.10579059,3.1066525,2.212007,-1.0923187,-10.207139,-13.461469,-0.91076344,0.041318614,0.9943495,1.4576677,0.54084814,5.5736675,0.57245755,4.338462,2.220207,18.764603,0.47322363,812.231,0.21402925,1261.3772,0.13124146,-66.09178,-1.1919465,1846.1573,0.13834864,1163.4257,0.19063973,-67.67429,-1.0490292,2848.3008,0.07364761,956.00964,0.43039453,-70.363846,-0.988305,-14.832927,-0.29445285,27.594149,0.22996141,0.0031729348,6.139177,-0.014587046,-0.7500871,0.35765216,0.63457716,27.065777,0.11331049,3.4853597,2.0358195,-1.164182,-9.906132,-14.72947,-0.9336569,-12.373793,27.479828,-0.004383934,-0.01065241,0.27382973,4.255319,4.945055,0.14,0.12101423,0.068,0.034292858,-21.162195,12,10,100,SPEAKER_03,993.233333,996.466667,994.23846875,996.466667,2,1.890698250000014,1.8906875,disengaged
33.154427,0.16086282,25.903194,36.973415,37.642868,11.739674,141.21745,101.52844,133.83409,68.6044,0.4938047,0.119424,0.4497179,0.47467193,0.550585,0.10086706,3.0730772,1.7665751,0.89896506,0.5913912,0.18229693,0.23163597,26.284286,0.09052444,10.349612,0.2734371,5.429666,1.0994823,-5.95035,-0.92772216,0.06715413,1.1381669,1.1619296,0.33416316,6.8523436,0.21322693,13.209211,0.7252181,25.017048,0.37932202,965.2605,0.112357914,1205.0961,0.10101113,-102.01589,-0.76781285,2000.733,0.072129354,1191.0872,0.24812748,-106.51416,-0.70282954,2993.875,0.0496464,845.06494,0.21065544,-108.45024,-0.67632765,-18.028286,-0.11975263,32.418457,0.08141775,-0.01357543,-1.3872138,-0.00941116,-0.5980581,0.17914636,0.26116496,25.464912,0.10108599,11.330487,0.31735635,6.9017153,0.9167535,-3.7508745,-1.4967968,-16.761816,31.411404,-0.0019260051,-0.013069702,0.19871528,4.2253523,7.692308,0.06,0.008944272,0.057499997,0.04322904,-28.02686,12,10,101,SPEAKER_03,996.5,999.233333,996.5,997.25909375,2,0.7253437500000928,0.7253125,engaged
38.27001,0.030819144,37.37741,37.657734,39.760864,2.3834534,26.459896,11.961262,12.267204,6.528132,0.5744261,0.21438642,0.47954905,0.52537256,0.64604104,0.16649199,2.8887975,2.119175,3.1490011,1.0339172,0.3255146,0.5824491,27.483976,0.12607391,9.572599,0.37401986,4.295442,1.1497638,-6.049532,-1.3935113,0.033942804,0.5074082,1.2313629,0.39609453,8.494251,0.18833914,5.7889953,1.2166315,20.595491,0.39903143,889.2754,0.1729016,1274.3988,0.13757752,-47.742073,-1.1573764,1915.631,0.085162416,1213.8175,0.22534388,-55.635002,-0.9029511,2933.4998,0.055054653,880.55634,0.17768742,-59.393024,-0.8217821,-18.571602,-0.18877244,32.373108,0.13686989,-0.0067913695,-1.9426968,-0.015011006,-0.77562815,0.32758698,0.5715825,27.991642,0.124768995,9.3703575,0.41150025,4.023991,1.2236097,-7.124368,-1.2334756,-19.020782,32.120422,-0.0048089763,-0.008176098,0.38569888,4.424779,3.738318,0.2225,0.16361158,0.036666665,0.012472192,-23.743444,12,10,101,SPEAKER_00,996.5,999.233333,997.03971875,999.233333,3,1.1473642500000096,1.147375,engaged
33.42781,0.17628674,25.804985,37.450035,37.643475,11.83849,189.94643,102.03523,61.97026,37.69981,0.514665,0.15086946,0.45047414,0.49285483,0.5771047,0.12663054,1.7570274,1.2615305,1.3059667,0.964172,0.19035469,0.37678072,26.834875,0.12542488,9.858948,0.38807312,3.2865689,1.9857533,-3.3836815,-2.3114352,0.05239481,1.2226934,1.1732149,0.37598234,6.8428364,0.34403434,2.303848,5.0453286,20.401861,0.5459449,932.85504,0.1402806,1274.8552,0.14623243,-31.126862,-1.5514282,1962.7915,0.085040405,1231.3699,0.1580365,-40.324005,-1.0863161,2947.6316,0.05533279,985.89514,0.34302965,-44.23806,-0.96777123,-18.055414,-0.15280388,32.916763,0.07315134,-0.012096264,-1.1976559,-0.010109139,-0.7101922,0.18867218,0.37842453,26.815413,0.12481142,10.183167,0.35972896,3.5486195,1.7502779,-3.0511198,-2.6135337,-13.102994,29.94477,-0.008952356,-0.009093666,0.21959035,3.6906853,1.7761991,0.50799996,0.4562192,0.04,0.027487371,-26.508053,12,10,102,SPEAKER_00,999.266667,1005.333333,999.266667,1004.97096875,1,5.704301750000013,5.7043125,disengaged
33.94945,0.1541261,25.34576,37.28443,37.478607,12.132847,137.50319,0.0,36.170467,31.626286,0.55287564,0.1617914,0.4851544,0.50263184,0.65275306,0.16759866,0.7287657,0.5331935,1.9855293,0.0,0.18989508,0.2642922,27.257832,0.043367665,2.667212,1.9185786,-0.79656225,-9.130519,2.6717248,1.699435,0.034514688,0.8356673,0.9447257,0.4578276,6.747501,0.2567611,9.102081,1.3959537,18.547758,0.47842667,985.5906,0.06502877,1042.7588,0.09740378,-16.567577,-1.5139222,1984.6765,0.06665078,1194.6554,0.1924284,-28.518229,-0.7575587,2944.6003,0.059244636,940.55225,0.43462628,-34.719177,-0.5638904,-10.434698,-0.5253719,31.467709,0.084671505,-0.022075541,-0.35254446,0.0032904567,2.0615437,0.19314489,0.24226959,27.063652,0.043349247,1.6511431,2.8549125,-2.162787,-3.22968,3.9890196,0.85956913,-5.369687,33.667118,-0.014864321,0.0060642697,0.19811387,2.857143,3.448276,0.28,0.0,0.0,0.0,-27.020458,12,10,102,SPEAKER_03,999.266667,1005.333333,1004.97096875,1005.333333,1,0.36236425000004147,0.362375,disengaged
36.037025,0.117107704,35.790962,37.44537,37.77736,1.9863968,164.91672,108.22316,39.12797,39.71656,0.56010747,0.28846198,0.44242632,0.52791476,0.66332835,0.22090203,3.3528516,2.0972326,1.8412329,1.4372988,0.25224048,0.46595612,25.078526,0.21328591,9.863249,0.52977467,4.5818343,1.6802564,-10.405006,-1.0564846,0.037890207,1.3348914,1.1865594,0.40201327,7.410524,0.32217252,1.3380686,18.000645,16.226824,1.425939,857.0275,0.21302722,1333.4274,0.15951844,-97.37935,-0.85440814,1906.3868,0.11800764,1224.508,0.27031648,-98.441086,-0.78099465,2898.129,0.07077916,986.0145,0.37869346,-99.902626,-0.75793535,-17.462593,-0.24047957,29.418499,0.23632689,-0.0015409371,-10.841174,-0.0137,-0.6205314,0.24997936,0.4837857,25.586393,0.16408573,10.697687,0.40049493,6.3460307,1.0288644,-9.875929,-1.14969,-14.035235,26.379652,0.0023903002,-0.0105450535,0.2610043,3.1128407,4.142012,0.1352381,0.1458838,0.08523809,0.06321686,-26.050776,12,10,103,SPEAKER_03,1005.366667,1012.466667,1005.366667,1012.466667,7,5.1593749999999545,5.159375,engaged
38.129097,0.017066019,37.658302,37.92162,38.436687,0.77838516,-1.8293699,0.0,9.518623,0.0,0.82536066,0.26783517,0.49532884,0.9404305,0.9731237,0.4777949,4.407681,2.2245417,2.2648566,1.5282687,0.33985484,0.62086785,31.757364,0.0990685,12.260149,0.31977332,-7.406959,-1.3082008,-28.60271,-0.4519454,0.008939567,0.849331,0.8783324,0.7227221,12.2848215,0.1555077,10.591879,0.53768545,43.112717,0.08298525,828.67847,0.10789251,1467.1108,0.10979698,-53.978153,-1.5645595,1906.9247,0.06051577,1519.855,0.16110103,-70.8104,-1.0090492,3054.687,0.038550045,1061.961,0.2921651,-74.08684,-0.9360527,-22.201204,-0.13458623,36.007374,0.06343685,0.039858766,0.41488105,-0.039078116,-0.148814,0.38179395,0.6192198,33.423584,0.0566227,12.457858,0.29614958,-12.269962,-0.496245,-34.3074,-0.20061058,-18.948868,31.8321,-0.019740181,-0.01355906,0.21275868,3.846154,2.1739132,0.34,0.0,0.099999994,0.0,-18.548786,12,10,104,SPEAKER_03,1012.5,1013.566667,1012.5,1013.03721875,1,0.5372187499999654,0.5371875,disengaged
36.7769,0.016720762,36.132526,36.656784,37.46742,1.3348923,0.0,0.0,-0.18615103,0.0,0.8033347,0.2691092,0.5720085,0.9213149,1.0082896,0.43628109,-4.578871,0.0,1.4414419,0.0,0.4832471,0.47242117,30.344128,0.056419484,6.685718,0.31557944,-13.665337,-0.7590886,-27.026077,-0.48216847,0.0065317224,0.43484518,0.945325,0.46014225,7.2269607,0.36799717,-0.38271603,-3.689371,34.002975,0.14063963,877.65314,0.05514522,1210.7837,0.052139934,-36.20253,-1.9338961,1908.9419,0.08238046,1204.9738,0.08726639,-61.866783,-0.9518954,3039.3643,0.04800644,862.573,0.18626276,-65.619934,-0.8823956,-21.857983,-0.12870108,34.900047,0.051804155,0.043880228,0.27820656,-0.04131022,-0.041173957,0.74634004,0.07343356,32.1156,0.03465692,7.1527615,0.31960648,-20.786118,-0.1526914,-38.76381,-0.17108901,-12.827347,32.76923,0.018497333,-0.034170717,0.56469846,0.0,10.000001,0.07,0.0,0.0,0.0,-20.588078,12,10,104,SPEAKER_00,1012.5,1013.566667,1013.03721875,1013.22284375,1,0.18562500000007276,0.185625,disengaged
38.473156,0.14297026,37.4901,38.11322,43.06393,5.5738297,177.6783,238.11388,81.01875,63.25004,0.73216826,0.43790567,0.44772065,0.6658834,0.9766072,0.52888656,5.797475,3.7695568,4.130071,2.485999,0.28750435,0.6435643,26.739386,0.17805405,5.113131,1.5223483,-5.8085957,-2.3497515,-14.262573,-0.7558249,0.037117418,1.2937888,1.1822379,0.53679323,7.232655,0.33531538,0.14699923,61.84293,23.24526,0.39894468,836.5885,0.20231725,1282.4237,0.14993098,-39.47061,-1.7995878,1841.7186,0.12946352,1197.25,0.20821637,-46.976402,-1.342956,2912.459,0.06158893,913.2199,0.4007655,-53.626957,-1.1023756,-13.994093,-0.45523486,30.289898,0.13497311,-2.153615e-05,-908.5371,-0.016251229,-0.63568723,0.29600674,0.6355012,27.311745,0.124271825,4.549224,1.7756726,-7.358768,-1.9079572,-15.308729,-0.7128577,-15.701068,28.887686,0.006279596,-0.009093927,0.26914948,2.7960527,2.3255813,0.35357141,0.41746864,0.055,0.03156626,-22.225368,12,10,105,SPEAKER_00,1013.6,1025.666667,1014.18471875,1024.63034375,6,6.091874999999959,6.091875,engaged
36.46957,0.24643514,25.811367,37.696117,45.825798,20.014431,180.66641,150.5276,157.95816,121.21421,0.76319313,0.18513715,0.63904715,0.8019926,0.90171504,0.2626679,1.3405044,1.0261537,2.3279805,0.51233774,0.21224779,0.2326728,24.885368,0.17550036,9.992451,0.7446016,5.761853,1.7702026,-25.079601,-0.4683869,0.06193744,1.3944874,1.6869737,0.5016976,3.9546714,0.53134763,9.621042,0.9913993,21.876778,0.44163474,823.2635,0.16160038,1188.299,0.1327504,-8.366836,-5.4627185,1951.4209,0.11351653,1002.9573,0.22914621,-27.039547,-1.4427805,2921.5752,0.044471834,737.79486,0.4695086,-24.352919,-1.6152985,-15.375724,-0.26317307,22.087622,0.31605688,0.013741843,1.2177975,-0.016447857,-0.4187756,0.21085066,0.21502724,24.568464,0.16781615,9.913804,0.7822767,5.4711456,1.9272,-26.462002,-0.42738077,-16.615849,26.636852,0.0038908385,-0.019443462,0.22587606,3.3519554,1.7441862,0.5333333,0.41346774,0.035,0.005,-23.680529,12,10,105,SPEAKER_03,1013.6,1025.666667,1021.0359687500002,1022.84159375,1,1.80562499999985,1.805625,engaged
25.781805,0.24947064,19.368343,24.680271,32.114235,12.745892,90.52868,37.599857,221.15369,176.17242,0.5637939,0.13709587,0.4898231,0.5518828,0.6471399,0.1573168,3.0990107,1.2954019,1.9729595,1.0631442,0.18054843,0.311059,30.028875,0.04602506,6.4392548,0.4288149,-2.7518275,-1.6743438,-11.869638,-0.37081116,0.10192758,1.2274197,1.1525785,0.54527587,3.461646,0.41971648,-27.40456,-1.7598066,-2.1283042,-23.552649,600.28815,0.282228,1414.5637,0.078402616,-64.36747,-1.4673258,1568.2251,0.116730124,1160.5956,0.13925856,-65.93431,-1.2647631,2769.621,0.07516016,923.5548,0.26312762,-75.226425,-1.0323195,-14.061982,-0.14793615,30.923525,0.061670307,0.011309407,1.099413,-0.01714802,-0.30942422,0.18810937,0.28275216,30.57665,0.035193108,5.6906514,0.3942906,-5.248407,-0.6432348,-13.262025,-0.29480585,-15.662819,31.226505,0.014315175,-0.013696812,0.19415078,5.6603775,6.382979,0.09666667,0.054365024,0.04,0.0,-27.788893,12,10,105,SPEAKER_01,1013.6,1025.666667,1024.02284375,1024.5628437500002,1,0.540000000000191,0.54,engaged
39.566048,0.06412726,37.596294,38.34368,43.03758,5.441284,41.22546,0.0,-114.0145,0.0,0.5857755,0.26096436,0.4584993,0.5250554,0.76796687,0.30946755,3.0289268,1.5363309,5.088297,1.2328876,0.25953338,0.42438588,26.627518,0.14386277,7.075253,0.73256904,0.94842523,8.034086,-13.493596,-0.46653762,0.047042277,0.8475375,1.5319928,0.52387816,4.986179,0.71659577,-3.0760214,-3.2640312,19.654255,0.341759,862.7596,0.107709564,1381.1665,0.19571023,-78.79492,-0.9872859,1769.2142,0.118846625,1164.3746,0.185936,-82.96598,-0.8805761,2896.2407,0.040687103,739.3001,0.29689166,-87.990204,-0.7947197,-13.320081,-0.4019378,28.45555,0.13360414,-0.00736042,-1.747953,-0.01966944,-0.30180615,0.30730245,0.36691996,27.246063,0.10250842,4.80905,0.82397246,0.28966543,32.0223,-13.995177,-0.41129094,-15.494705,28.059982,0.0020476608,-0.018272098,0.26095933,5.1282053,9.09091,0.06333333,0.03091206,0.044999998,0.024999999,-26.427673,12,10,106,SPEAKER_03,1025.7,1028.033333,1027.61721875,1028.02221875,1,0.4050000000002001,0.405,disengaged
33.64577,0.1315323,29.682627,35.584415,37.611843,7.9292164,0.0,0.0,-1.0008109,0.0,0.4603528,0.029471261,0.4514516,0.45546794,0.47331473,0.021863133,0.7173929,0.07928273,0.9021156,0.42560977,0.123140685,0.288773,22.60879,0.08899983,11.585888,0.20796354,2.7352004,0.5145022,3.1253877,0.7143091,0.09877195,0.7330539,1.159979,0.23272796,6.989284,0.1871242,10.643902,0.807772,20.154997,0.45381445,942.34784,0.01912955,1064.0109,0.08865163,-16.330637,-0.57121164,1967.8989,0.0313547,1155.5309,0.17021467,-26.92045,-0.33918494,2845.5845,0.0489124,820.3862,0.13541612,-28.437231,-0.2987596,-17.193445,-0.04875431,31.917568,0.03231221,-0.012943888,-0.5001454,-0.0031480074,-1.0535421,0.15622687,0.1398402,23.941135,0.08999807,10.739851,0.28457487,2.622494,0.46756837,1.712526,0.8025209,0.0,0.0,0.0,0.0,0.0,11.764706,12.5,0.07,0.0,0.0,0.0,-28.85051,12,10,107,SPEAKER_00,1028.066667,1030.266667,1029.86159375,1030.0472187500002,1,0.18562500000007276,0.185625,engaged
35.67553,0.16702594,37.555336,38.261486,38.804466,1.2491302,59.297638,0.0,22.918253,0.0,0.58812237,0.31686652,0.5194016,0.6184797,0.7041025,0.1847009,2.9543777,1.3291413,1.2133135,2.1873367,0.30867368,0.44749096,25.751825,0.29430845,10.478563,0.5992851,1.7038906,3.5315673,-11.681672,-0.88892674,0.019149918,0.64768624,1.266065,0.4288642,7.9953103,0.4372173,4.4513087,4.470373,20.90381,1.0999784,910.0832,0.1439679,1265.0067,0.15082228,-66.24499,-1.1043181,1995.5447,0.09577988,1210.1199,0.25765398,-74.6669,-0.8871718,2984.1714,0.068084516,915.7837,0.344395,-76.13102,-0.85925263,-18.04624,-0.2812724,31.014145,0.20354615,0.010049438,1.7541481,-0.015832983,-0.7283243,0.31813496,0.32992697,27.830915,0.14613636,11.155532,0.5559404,1.8698503,3.590007,-10.652981,-0.91599953,-16.319206,24.784939,0.03482959,-1.9227435e-05,0.3969906,3.787879,3.937008,0.18399999,0.11757551,0.048,0.023151672,-23.970686,12,10,108,SPEAKER_03,1030.3,1039.166667,1030.7728437500002,1032.10596875,1,1.3331249999998818,1.333125,disengaged
36.459393,0.117694564,36.469513,37.432114,37.976208,1.5066948,115.55504,138.47394,64.607956,71.05963,0.62596893,0.29732016,0.49755368,0.5612143,0.7150265,0.21747282,4.1219897,3.4601443,2.2642426,1.8957888,0.26444066,0.5045205,25.577208,0.16378972,7.2895975,0.71263367,1.1446126,7.3397827,-8.010191,-1.0773559,0.03208614,1.0867527,1.1641428,0.4380666,7.717043,0.32117525,4.7059255,1.8178298,18.865498,0.441276,895.91626,0.14971538,1227.593,0.12357562,-57.90993,-1.2597389,1926.346,0.08955729,1137.99,0.18134218,-66.646255,-0.99216664,2927.9795,0.0507881,873.6286,0.3486205,-69.38536,-0.93889976,-16.205671,-0.31534114,28.804026,0.23855813,0.0025430531,7.2633944,-0.012243664,-0.6795342,0.26867273,0.48001602,25.385221,0.17024252,7.3647285,0.7556967,1.6984402,4.9808884,-7.5332575,-1.2053337,-15.15568,29.215405,0.005482249,-0.013344725,0.26144692,2.793296,3.6931818,0.19999999,0.18321909,0.05076923,0.026735611,-23.90819,12,10,108,SPEAKER_00,1030.3,1039.166667,1033.06784375,1038.8897187500002,4,3.5943750000001273,3.594375,disengaged
36.59573,0.023506278,35.836136,36.748302,37.521366,1.6852303,0.0,0.0,-0.13302176,0.0,0.6902726,0.27254602,0.4682378,0.6632134,0.87589467,0.40765688,3.3933306,2.7409992,5.333669,1.0141692,0.25265154,0.34868044,22.658417,0.2073558,9.534041,0.49370626,8.14394,1.2356311,-18.938696,-0.62397575,0.014140688,0.684202,1.0313051,0.3639952,7.7440796,0.26343742,8.604115,0.41041657,25.343481,0.32835102,737.3695,0.2761054,1389.5956,0.16227522,-92.70735,-0.9647714,1827.04,0.14397916,1077.7247,0.27048638,-86.1811,-0.9313605,2761.0273,0.06584282,922.8694,0.31045076,-88.56167,-0.88959616,-12.803219,-0.22344363,21.171034,0.2535453,0.020594016,0.31891742,-0.015571541,-0.20115876,0.2718618,0.23422357,22.069414,0.2579639,9.310189,0.651136,9.269162,1.4027196,-25.828476,-0.29655215,-13.765366,24.215569,-0.0007816935,-0.009929448,0.27106622,5.4054055,3.125,0.19999999,0.0,0.099999994,0.0,-25.878223,12,10,109,SPEAKER_03,1039.2,1041.366667,1040.40846875,1040.79659375,1,0.38812499999994543,0.388125,engaged
40.013348,0.20419002,36.9694,38.61183,48.654823,11.685425,149.73186,81.804054,123.13095,171.08374,0.92667437,0.58712006,0.5149048,0.6666694,1.4751385,0.96023375,9.28804,6.5813136,2.7279952,4.7147145,0.61009645,0.8370159,25.016127,0.24878216,6.510787,1.1641313,-0.0052026943,-1751.5616,-16.387953,-0.6901969,0.04146914,1.1771463,1.3763353,0.48892647,7.852351,0.5580209,8.889223,1.4808587,20.43721,0.5579826,809.80664,0.21616177,1275.8821,0.17119831,-66.166084,-1.2036343,1891.6952,0.12508883,1105.6982,0.2853919,-71.91473,-0.9317226,2892.6594,0.07673328,928.33093,0.22769523,-73.45473,-0.8977047,-17.927513,-0.35964784,28.848255,0.3095256,0.014269555,1.7085562,-0.023769857,-0.43455812,0.69904774,0.7878906,24.474163,0.2844648,6.3835554,1.3272667,-0.5963288,-15.605435,-18.605602,-0.624194,-16.660378,29.735643,-0.0026190074,-0.016325263,0.3884622,3.8167942,4.7619047,0.14833333,0.08454125,0.051999997,0.025612496,-17.126513,12,10,110,SPEAKER_03,1041.4,1044.2,1041.65721875,1044.2,3,1.3277812500000437,1.3278125,disengaged
36.79681,0.028203793,35.81626,37.301956,37.597454,1.7811928,69.76292,128.98175,5.748192,8.758537,0.6683698,0.34702328,0.48300844,0.5840174,0.8145915,0.33158308,4.088874,1.4053035,3.550798,1.3295213,0.29281816,0.46186298,25.643518,0.15599805,7.3365035,1.0217608,1.6508093,5.214707,-12.79095,-0.8454453,0.029424774,0.72968787,1.4276205,0.35951048,6.5541115,0.32386163,5.691187,1.655152,20.851156,0.46656367,752.48737,0.27472794,1382.8308,0.12624733,-43.29134,-1.4349006,1719.8501,0.12434516,1226.2367,0.15582295,-49.359474,-1.1281682,2830.3672,0.06494073,902.0753,0.38893798,-54.8977,-0.967392,-15.520897,-0.3544046,27.730968,0.20337923,0.010634741,1.8627999,-0.012854319,-0.6824013,0.308878,0.4552129,25.720303,0.16782303,8.1290455,0.91397715,1.1912603,7.684389,-14.590936,-0.7165983,-13.361628,26.371092,0.00047705238,-0.0071354066,0.24996984,3.2467532,2.7586207,0.30249998,0.2328492,0.049999997,0.02828427,-25.163202,12,10,111,SPEAKER_03,1044.233333,1050.533333,1044.233333,1050.24659375,4,1.558260750000045,1.55825,engaged
37.299244,0.0,37.299244,37.299244,37.299244,0.0,0.0,0.0,0.0,0.0,0.49771276,0.03406451,0.4813702,0.49346176,0.5131784,0.031808197,0.008293176,0.0,0.0,0.0,0.21919319,0.43870994,24.954824,0.067168094,10.7105255,0.3684827,7.8178406,0.45920244,-4.532302,-0.3569891,0.0,0.0,3.7401533,0.0,7.811115,0.0,0.9968357,0.0,11.249531,0.0,939.56445,0.0,1099.2391,0.0,-30.50761,0.0,1977.7766,0.0,1018.6843,0.0,-33.22102,0.0,2949.047,0.0,683.91016,0.0,-36.5868,0.0,-15.195416,0.0,29.084702,0.0,-0.015849398,0.0,-0.004294251,0.0,0.0,0.0,23.468067,0.0,9.642784,0.0,5.5376587,0.0,-2.1520374,0.0,0.0,0.0,0.0,0.0,0.0,0.0,0.0,0.0,0.0,0.0,0.0,-26.334448,12,10,113,SPEAKER_03,1051.666667,1053.066667,1051.9678437500002,1052.03534375,1,0.06749999999988177,0.0675,engaged
37.838036,0.015894905,37.508774,37.59995,37.918915,0.410141,7.804571,6.1127157,11.409404,4.4932942,0.5476714,0.14532785,0.48498264,0.5166973,0.6230444,0.13806173,2.2722893,1.2608316,0.9371217,0.5663298,0.24380115,0.5975543,24.36868,0.15024889,7.9545712,0.52690244,4.9265494,1.1049176,-3.0091357,-2.5322092,0.0312494,0.40311038,1.1848476,0.36724505,8.253693,0.24925938,5.0311875,1.3504748,15.057026,0.56249595,934.60767,0.12213232,1159.5009,0.13774659,-55.913177,-1.1363616,1977.7325,0.07823852,1060.9702,0.1787821,-60.376225,-0.9714833,2972.544,0.057480715,905.3743,0.2147204,-63.772076,-0.8974395,-17.566141,-0.21471483,31.092125,0.14917426,-0.009597958,-1.3404126,-0.009289583,-0.6955644,0.25718784,0.63687587,24.620201,0.16348635,8.772242,0.4824538,4.762371,1.0045502,-0.55677515,-10.044183,-14.143556,24.286552,0.0035835025,-0.009902573,0.20299964,4.901961,3.125,0.25666666,0.057348836,0.07,0.03,-24.892584,12,10,113,SPEAKER_00,1051.666667,1053.066667,1052.03534375,1053.066667,1,1.031323250000014,1.0313125,engaged
37.388187,0.092568345,37.065174,37.534527,37.723618,0.65844345,410.11942,484.55594,36.268852,31.136972,0.5492605,0.24297412,0.46696654,0.5204646,0.64694464,0.1799781,2.1824203,1.490314,1.0999694,0.59634656,0.22391449,0.4093414,25.841196,0.19648443,9.253627,0.53278095,0.9986709,7.5198073,-6.7782784,-1.2546903,0.03683384,0.985359,1.2508311,0.36072567,7.303776,0.30456254,7.831702,0.8572024,21.996195,0.38512653,906.4236,0.15666224,1252.331,0.15051882,-68.33637,-1.1084745,1943.4404,0.10142025,1167.1842,0.1892102,-74.38835,-0.9269794,2940.2363,0.05884024,978.3745,0.37741753,-78.145096,-0.8535225,-15.973071,-0.3114708,31.590834,0.105358504,0.002094333,7.7591105,-0.010110437,-0.7992012,0.22687621,0.40396798,26.352657,0.15753637,9.70462,0.5295002,1.4600857,5.599943,-6.7416973,-1.3278317,-14.356308,29.215942,0.009636659,-0.005826772,0.2322063,2.5287356,3.2634032,0.21785715,0.11748425,0.07833333,0.068900086,-26.161089,12,10,114,SPEAKER_00,1053.1,1057.466667,1053.1,1057.466667,1,4.366667000000007,4.366625,disengaged
41.71803,0.18348306,36.84166,37.7381,48.0062,11.164539,317.56726,147.25665,88.393974,91.84297,0.83509505,0.40002486,0.48536575,0.7962226,1.2018812,0.7165154,3.4818268,2.6315367,3.9134376,2.285341,0.31168416,0.5959803,24.76959,0.13134399,5.0538793,1.6752746,-5.705864,-1.7649301,-14.572,-0.7720065,0.032858316,0.9054235,1.0797949,0.35287288,7.4096546,0.29871982,4.4951005,3.102782,17.703379,0.6540059,758.606,0.31034818,1229.7069,0.16386344,-49.971107,-1.4067317,1757.1534,0.15603128,1165.318,0.25379956,-52.27509,-1.1890252,2844.1619,0.08885785,849.3064,0.3308764,-58.34787,-1.0091709,-14.493892,-0.38063213,26.704966,0.20218351,0.008764642,3.5258608,-0.012957091,-0.75934476,0.31855252,0.5951792,24.558098,0.13784152,5.1542983,1.6695331,-6.6420245,-1.5526358,-15.571919,-0.73341775,-11.710202,27.197746,-0.006765904,-0.013163813,0.2581697,3.2490976,2.2140222,0.37,0.19655365,0.0925,0.049686518,-20.515387,12,10,115,SPEAKER_00,1057.5,1063.466667,1057.5,1060.2872187500002,1,2.787218750000193,2.7871875,engaged
0.0,0.0,0.0,0.0,0.0,0.0,0.0,0.0,0.0,0.0,0.6117197,0.2621612,0.475207,0.5253701,0.7666451,0.29143807,5.6992474,2.1494684,3.976315,0.0,0.3775087,0.7527826,28.917858,0.1424616,10.245658,0.32255378,-2.8179872,-3.88677,-18.163622,-0.69951254,0.0,0.0,0.0,0.0,0.0,0.0,0.0,0.0,0.0,0.0,0.0,0.0,0.0,0.0,-201.0,0.0,0.0,0.0,0.0,0.0,-201.0,0.0,0.0,0.0,0.0,0.0,-201.0,0.0,0.0,0.0,0.0,0.0,0.0,0.0,0.0,0.0,0.0,0.0,0.0,0.0,0.0,0.0,0.0,0.0,0.0,0.0,-19.91401,32.205967,0.0202029,-0.040664278,0.5277439,5.555556,0.0,0.0,0.0,0.11,0.0,-24.929506,12,10,115,SPEAKER_03,1057.5,1063.466667,1060.2872187500002,1063.466667,2,0.1925732499996684,0.1925625,engaged
40.38648,0.16255924,37.429916,37.89279,46.963196,9.533279,146.81985,68.83921,40.49063,33.5431,0.92071736,0.61000377,0.49215207,0.6458781,1.4484704,0.95631826,8.111451,7.951569,5.8048654,2.7814832,0.41387945,0.84226143,23.439482,0.2363654,5.0435934,2.2716835,1.7919215,5.2279797,-18.777634,-0.7394406,0.033754207,1.254845,1.2570972,0.44568846,7.4198923,0.38579756,5.259089,3.195657,17.495024,0.7941003,839.62006,0.2037315,1234.313,0.15383406,-59.21759,-1.2749952,1884.943,0.13149078,1120.76,0.27944255,-63.756016,-1.0529987,2881.226,0.062472705,851.1133,0.38259256,-65.40396,-1.0118768,-13.521903,-0.47324646,24.813745,0.25691974,0.016571479,1.8282672,-0.013552682,-0.6833472,0.47064456,0.81884193,22.930616,0.23684706,3.7919521,3.2998595,0.27586427,34.68714,-20.701103,-0.704114,-15.495562,26.550797,-0.0041701323,-0.012448762,0.24255541,3.0373833,4.50237,0.16157894,0.19051902,0.0475,0.030103985,-18.97944,12,10,116,SPEAKER_03,1063.5,1070.733333,1063.5,1069.6865937500002,4,4.296593750000511,4.2965625,disengaged
37.624233,0.005939395,37.441845,37.62303,37.80481,0.36296463,9.259196,5.011755,4.498569,2.755717,0.5224913,0.11105777,0.48117834,0.5148298,0.5670049,0.085826576,1.6318203,0.7811829,1.5436298,0.71586823,0.1921976,0.27616712,26.481272,0.13251902,6.96953,0.61329204,0.18275976,24.67889,-7.61713,-0.9774506,0.0406718,0.34820285,1.3475506,0.34484765,6.3730345,0.2675554,2.7349536,2.4701622,17.950954,0.28691483,862.369,0.16811554,1237.1445,0.15694302,-70.3409,-1.0705395,1885.2046,0.095596805,1122.9802,0.15518336,-74.59802,-0.9178772,2913.6445,0.061501306,918.2369,0.30528846,-78.21488,-0.8480243,-14.973041,-0.26316512,30.250633,0.09453292,0.0011464442,13.069259,-0.012309924,-0.6328229,0.1965776,0.2679271,26.224796,0.13898215,6.475623,0.74032336,0.20654541,20.102795,-6.1816373,-0.774235,-17.038916,29.713446,0.011034278,-0.02359838,0.19737194,7.0,4.255319,0.16499999,0.11884864,0.07,0.045460604,-28.244616,12,10,117,SPEAKER_03,1070.766667,1072.366667,1070.90159375,1071.91409375,1,1.012499999999818,1.0125,engaged
37.075287,0.0071471455,36.815216,37.004696,37.36426,0.54904556,7.4983716,3.61785,5.9597306,3.4885275,0.5600108,0.19695586,0.45405415,0.5322192,0.6621655,0.20811138,1.7840909,0.6711184,1.7283744,0.7900253,0.2261061,0.25002128,28.271221,0.09592342,5.4427037,1.0627631,-2.0245929,-4.233909,-3.6538808,-1.7436084,0.016702551,0.6549358,1.1963211,0.43377063,8.365084,0.20728312,3.7070801,1.9713913,22.844824,0.24257451,904.9891,0.16567151,1255.1813,0.11575889,-17.57693,-0.44799012,1913.7513,0.0970073,1396.4922,0.18841301,-29.767933,-0.22973421,2887.9873,0.046096142,963.10443,0.14168257,-36.78081,-0.10364392,-13.7218685,-0.4887929,32.5285,0.08274621,0.0044460013,3.586282,-0.008700789,-0.7260463,0.23921573,0.20770717,28.80492,0.08780556,4.665089,1.2520993,-2.7074554,-3.32397,-4.7070727,-1.3121278,0.0,0.0,0.0,0.0,0.0,6.818182,2.631579,0.37,0.0,0.0,0.0,-26.630692,12,10,117,SPEAKER_00,1070.766667,1072.366667,1071.91409375,1072.366667,1,0.45257325000011406,0.4525625,engaged
37.3754,0.007950232,37.081367,37.412422,37.65868,0.57731247,25.545532,7.19646,5.894728,7.733184,0.5721632,0.16657774,0.4790439,0.56529164,0.65952814,0.18048424,2.4551437,0.62008965,2.6073122,0.22481534,0.1943539,0.3140666,26.437212,0.13164765,2.912555,1.4158891,-2.7541223,-2.673575,-5.7535458,-1.4184034,0.019296223,0.5354743,1.1438293,0.24373677,7.977307,0.18022716,-3.8472166,-0.58359677,15.021378,0.330038,848.3764,0.23312102,1253.0962,0.16519116,-72.66051,-1.1336178,1850.1206,0.12449748,1248.2883,0.26662463,-73.53047,-0.9735835,2839.6248,0.07819362,918.99036,0.19186042,-79.033295,-0.8661382,-11.473354,-0.4380417,29.545511,0.084016494,-0.0010505242,-12.864906,-0.009298053,-0.83681595,0.18863197,0.23695111,27.10381,0.10983815,1.8299152,2.06248,-3.8433554,-1.8785634,-4.655811,-1.5932751,-14.88677,28.40569,-0.013194177,-0.008367952,0.18641631,4.5454545,5.263158,0.13,0.049999997,0.089999996,0.0,-27.53434,12,10,118,SPEAKER_00,1072.4,1073.766667,1072.4,1072.9434687500002,2,0.4590937500004202,0.4590625,disengaged
37.444912,0.023537714,36.80783,37.106262,37.928066,1.1202354,13.490419,10.444841,3.0395508,45.821514,0.62714016,0.20632255,0.51620543,0.59027356,0.722107,0.20590156,4.7271194,2.5097237,2.6385615,1.5359257,0.2731979,0.39937317,24.347858,0.15606818,8.286127,0.33466107,1.5511998,5.0930386,-13.518283,-0.72033757,0.028891888,0.38394693,1.1310933,0.37271857,6.236772,0.19898826,3.6249497,2.0476305,22.888422,0.13347776,885.2588,0.13934554,1260.5372,0.09656956,-80.27498,-0.928603,1878.1777,0.079855725,1238.6323,0.15411264,-85.65131,-0.80505204,2890.0715,0.039131094,832.01166,0.24942592,-88.40306,-0.7579022,-13.189687,-0.21688373,26.680244,0.16582316,0.0101503255,0.8802188,-0.012232973,-0.6107034,0.28331313,0.3836554,25.416845,0.14963269,7.56106,0.30962244,-0.3064822,-23.69292,-14.018007,-0.5968954,-14.118209,28.226614,0.012075235,-0.010704454,0.25901043,5.263158,6.0,0.103333324,0.047842335,0.036666665,0.016996732,-26.3306,12,10,118,SPEAKER_03,1072.4,1073.766667,1072.6734687500002,1073.766667,3,0.5869482499995229,0.5869375,disengaged
37.096222,0.07295747,36.686188,37.466873,37.88134,1.1951523,109.26693,128.84763,90.24237,108.43392,0.6151212,0.34154534,0.46744394,0.5599849,0.7374585,0.27001458,4.0384035,2.4193957,2.5379243,1.703644,0.24225418,0.4523446,24.48192,0.19888335,7.1856275,0.6877511,1.7652167,5.0813074,-11.582759,-0.8976442,0.03069865,0.90089595,1.1924094,0.4015306,7.15055,0.32961926,3.9290729,2.2047153,20.765617,0.3896302,821.9295,0.23790534,1337.1543,0.19188789,-88.092545,-0.98361015,1831.4269,0.1327363,1171.8167,0.23122726,-89.00395,-0.9046869,2887.1018,0.06842145,920.8991,0.40482318,-92.92876,-0.83202165,-15.158908,-0.34497252,28.327892,0.19237825,0.0027639484,7.7411113,-0.014980887,-0.7066277,0.2576418,0.48297954,25.402756,0.15752628,6.62119,0.8282795,0.08996115,105.9075,-11.404645,-0.9480591,-14.516357,25.805101,0.00044071634,-0.0129217105,0.22346343,2.6206896,2.9166667,0.20809524,0.19910799,0.12,0.120830454,-26.193432,12,10,119,SPEAKER_03,1073.8,1091.833333,1073.8,1089.73409375,7,7.26034374999972,7.2603125,engaged
36.709373,0.09552329,37.295425,37.687897,38.08378,0.78835297,291.93427,0.0,41.093388,32.765755,0.54822385,0.19110934,0.45561397,0.5115342,0.6660727,0.21045876,2.4969945,0.76551443,3.361638,1.8861818,0.22951457,0.44955835,27.740883,0.08652995,7.1429,0.38015053,0.10305692,51.11078,-9.788191,-1.0385487,0.0623702,1.0910771,1.2769444,0.34388372,5.519346,0.28551874,5.283483,1.3752438,23.289299,0.36326373,862.3176,0.19305283,1333.2145,0.12749086,-100.01605,-0.855156,1834.2975,0.12251965,1233.7144,0.19052204,-101.521996,-0.76705235,2912.5696,0.06823341,860.7358,0.15639487,-104.07528,-0.7280779,-16.963158,-0.047006812,30.772745,0.08157018,-0.0029731703,-3.497449,-0.02374384,-0.5194026,0.23881309,0.4209416,29.045366,0.05111983,7.924895,0.21095051,-0.66557723,-6.34143,-12.803751,-0.8926384,-15.733644,29.503319,-0.0070839114,-0.018261036,0.25868145,5.6603775,4.255319,0.13,0.07,0.16,0.0,-27.737284,12,10,119,SPEAKER_00,1073.8,1091.833333,1088.94096875,1090.17284375,3,0.5400000000004184,0.54,engaged
36.96868,0.06468429,36.89955,37.609898,37.82321,0.9236603,19.47253,16.396217,109.99361,77.95119,0.54827315,0.15755047,0.48093295,0.5278063,0.61211747,0.13118452,1.8137248,1.4206531,1.5133872,0.5926439,0.21499632,0.34155983,25.279497,0.1748863,8.423073,0.61480916,1.8416488,2.883259,-6.210615,-1.3474742,0.034355626,1.3691967,1.2404232,0.468398,7.7466073,0.30918983,4.6671386,1.3343481,20.634632,0.33466634,888.1829,0.15975228,1225.7579,0.16097826,-93.62717,-0.8917426,1923.6213,0.095063075,1111.1774,0.20673178,-96.80065,-0.80848634,2943.739,0.06507504,940.68494,0.25564995,-100.563736,-0.7489923,-16.474747,-0.27489698,29.527483,0.16471149,-0.0017901508,-7.878394,-0.013429887,-0.66223156,0.23985389,0.32664326,26.194098,0.18479587,8.567464,0.71000963,1.249706,5.0462294,-4.4022126,-1.8731508,-14.642605,26.929464,-0.005536844,-0.011862374,0.182859,3.9647577,3.6036036,0.15875,0.20288157,0.098749995,0.083432235,-26.580282,12,10,120,SPEAKER_00,1091.866667,1094.233333,1091.866667,1094.1553437500002,1,2.2886767500001497,2.2886875,disengaged
36.12703,0.11942985,34.890625,37.64513,38.66854,3.777916,5.7280164,1.9938227,36.330566,0.0,0.5831086,0.30388138,0.50357246,0.58485556,0.7257222,0.22214973,2.0668519,0.8182456,2.036324,0.7682001,0.2764949,0.53585273,25.570957,0.26292077,9.266431,0.6011433,2.6502397,3.6656833,-11.191202,-0.76869035,0.024862746,0.6969276,1.2137878,0.42901707,7.444688,0.4701978,6.065775,1.1566615,25.355818,0.32249853,835.1995,0.18336013,1337.5557,0.17911147,-115.68019,-0.75934094,1884.7167,0.10731151,1157.5822,0.22467978,-119.686165,-0.6783304,2959.875,0.055726297,818.6805,0.25009018,-122.171814,-0.6433389,-18.525198,-0.33361998,32.78853,0.16230112,0.0069649364,2.2201478,-0.019307174,-0.54365414,0.36481455,0.43404472,28.651112,0.13616085,12.333359,0.4902683,3.011232,4.357787,-14.624041,-0.6740442,-14.408922,26.882965,0.012420641,-0.006260387,0.23825997,3.3333333,2.857143,0.1575,0.17064217,0.1725,0.19343928,-23.798077,12,10,121,SPEAKER_00,1094.266667,1096.933333,1095.0497187500002,1096.5684687500002,1,1.5187499999999545,1.51875,engaged
36.55565,0.094307825,37.4101,37.876637,38.103806,0.6937065,291.88867,0.0,-2.8294156,0.0,0.60885847,0.12684076,0.5367255,0.59878,0.6629345,0.12620896,1.3206874,0.43020746,4.2571025,3.4359226,0.30220374,0.41486248,28.498169,0.09560171,10.243013,0.36171922,2.5920405,1.7523354,-7.61484,-0.7368529,0.06740129,1.7236255,1.2089093,0.40327343,9.474119,0.2818352,15.01033,0.32036725,27.06086,0.26190147,965.6962,0.11283044,1307.011,0.12080201,-105.56046,-0.7753905,1944.5336,0.08755188,1685.9573,0.5245257,-112.08557,-0.6697283,2946.6938,0.046574045,943.68207,0.14904009,-114.0915,-0.6437783,-20.460196,-0.15923506,36.943542,0.09493715,0.008206736,0.61758274,-0.013980327,-0.26634586,0.30316427,0.2181423,29.444296,0.0985966,12.875434,0.18416895,4.1637874,0.9432166,-4.554032,-0.4357856,-15.52972,29.859482,0.0055951513,-0.013352239,0.35593787,5.6603775,4.166667,0.12,0.06,0.06333333,0.033993464,-22.722591,12,10,122,SPEAKER_03,1096.966667,1105.566667,1097.36159375,1097.91846875,2,0.540000000000191,0.54,disengaged
37.0421,0.05831751,37.36402,37.5698,37.692093,0.3280716,155.93158,182.799,17.46756,4.3262024,0.49275512,0.17379093,0.4288088,0.4544576,0.5630877,0.1342789,1.8833587,0.948744,1.36963,0.9017278,0.1795187,0.3917315,26.146334,0.101250485,6.915711,0.6196982,1.458795,5.123701,-4.027089,-1.4720247,0.042683557,0.74401736,1.1922072,0.32472175,7.2956142,0.21483923,0.48305252,12.381325,14.169127,0.43429038,928.4002,0.13377184,1214.1511,0.13413651,-92.5802,-0.88799495,1951.2913,0.085975796,1174.2637,0.18691972,-96.26763,-0.80133504,2945.9524,0.048468128,896.01636,0.27463874,-98.858246,-0.7597533,-15.883188,-0.23015895,31.143654,0.0638773,-0.015566582,-0.7144174,-0.008556408,-0.7048561,0.17030856,0.36402118,25.56375,0.10546895,7.7885237,0.51253146,3.165857,2.4092064,-2.55923,-2.2128782,-13.27634,29.816507,-0.009169137,-0.012386455,0.19679001,3.3259425,3.3783784,0.17333333,0.14149989,0.13636364,0.07946099,-28.592474,12,10,122,SPEAKER_00,1096.966667,1105.566667,1097.63159375,1104.2803437500002,4,4.522499999999354,4.5225,disengaged
37.646152,0.010021198,37.349197,37.6785,37.95922,0.6100235,9.830954,6.746957,13.028358,6.449497,0.52100986,0.14218982,0.4618025,0.4996597,0.57660025,0.11479774,1.7934918,0.8836493,1.7504835,1.2229837,0.20856729,0.4309051,25.173368,0.13351306,9.671661,0.37295267,5.5785837,0.9518846,-3.9294355,-1.413009,0.030823983,0.5350645,1.2064753,0.3604756,8.516936,0.27115974,5.7197514,1.2939764,17.972904,0.36367157,934.6932,0.13901483,1269.72,0.14667605,-73.07704,-1.01304,1973.8307,0.083565846,1220.9938,0.4083731,-77.61949,-0.8908908,2950.6746,0.061555307,919.37506,0.23160733,-79.25389,-0.8614514,-17.867199,-0.21351759,30.959139,0.18366323,-0.0029350256,-5.2826433,-0.011510004,-0.49918854,0.20683004,0.35790882,24.977413,0.14802365,10.321361,0.36453325,5.78632,0.9809564,-3.5686283,-1.6565491,-15.874035,29.106718,-0.0017549403,-0.010395714,0.19945739,5.347594,2.1978023,0.3275,0.23625991,0.1025,0.085841425,-25.375116,12,10,123,SPEAKER_00,1105.6,1107.833333,1105.95096875,1107.833333,1,1.882364250000137,1.882375,engaged
37.587414,0.008855825,37.49592,37.667587,37.80456,0.30864334,48.145008,63.431644,9.607482,6.6911764,0.4279415,0.31019086,0.4120408,0.43638623,0.50991523,0.09787443,0.32323444,0.098241456,1.6344583,0.015207827,0.16648173,0.41236535,24.244875,0.29025587,9.103197,0.46600392,3.026225,2.057885,-3.2731082,-1.9617499,0.03727707,0.4150306,1.151021,0.40581006,8.579628,0.19251744,2.6633673,1.832209,15.119262,0.28952286,960.31006,0.13947998,1301.4011,0.1513004,-143.69794,-0.53067875,1957.8235,0.087859504,1132.2042,0.14752612,-143.3265,-0.51753795,2996.544,0.08527038,922.6382,0.2374976,-145.08482,-0.49574026,-19.634266,-0.1354674,32.79783,0.10076748,-0.019906752,-0.4860424,-0.011085211,-0.5773471,0.15971865,0.26704305,25.600405,0.07491785,11.186568,0.27950487,6.6925974,0.48282778,-0.012830765,-445.94464,-16.183973,30.366411,0.004368114,-0.0033663227,0.18982777,1.724138,3.6363635,0.085,0.03201562,0.17,0.086890735,-28.43552,12,10,124,SPEAKER_00,1107.866667,1109.266667,1107.866667,1109.03909375,1,1.172426749999886,1.1724375,disengaged
34.00338,0.16057286,25.70146,37.511757,37.681408,11.979948,201.21712,0.0,89.265785,0.0,0.54605055,0.19468588,0.4578463,0.51478255,0.69006324,0.23221692,0.8688357,1.1206149,2.0427668,1.2578975,0.1976762,0.24993616,27.666533,0.06696479,8.010178,0.22168183,-1.2411848,-7.7887945,-3.4600596,-1.9314057,0.022292938,0.3214392,1.2217911,0.33856022,6.6900907,0.37680233,9.269625,1.2282305,22.509527,0.4647752,981.5478,0.07052186,1133.5488,0.07859988,-56.668037,-1.1490859,2029.3391,0.077750824,1212.4706,0.1389056,-67.25903,-0.8802238,2935.7769,0.042578116,1224.1777,0.59637916,-70.559265,-0.8201724,-15.824452,-0.1863017,32.99761,0.029144043,-0.009146192,-0.9170718,-0.004885277,-1.485663,0.19563195,0.18672204,28.269672,0.05299117,8.896096,0.1334919,0.3202696,22.50383,-2.7691777,-2.1718795,-6.311964,32.830215,-0.0005292518,-0.0033407276,0.23193993,3.125,7.692308,0.095,0.044999998,0.04,0.0,-26.752245,12,10,125,SPEAKER_00,1109.3,1110.066667,1109.6297187500002,1109.96721875,1,0.3374999999998636,0.3375,engaged
37.10879,0.031875357,36.607876,36.83659,37.505085,0.89720917,55.38678,0.0,5.5490603,5.667647,0.7834458,0.39197212,0.5540192,0.6700072,0.99692154,0.44290233,5.929723,1.5341715,4.2157264,2.2344933,0.38048503,0.47084785,24.416836,0.17356181,8.463661,0.52408737,-2.503129,-4.5210085,-18.61147,-0.72640795,0.022010762,0.6198399,1.2048539,0.40234247,7.576363,0.31327763,-6.910406,-1.5925322,19.049894,0.3697761,729.1532,0.30643523,1299.7866,0.13318503,-116.92821,-0.74956876,1684.7671,0.18457644,1212.4728,0.14189522,-115.6888,-0.7264177,2719.1694,0.075481094,877.4743,0.13679242,-120.4986,-0.6504507,-10.673327,-0.6681626,28.39059,0.13802545,-0.00058953225,-32.597275,-0.019970592,-0.5299752,0.3398421,0.54218584,24.5159,0.099371806,6.3856955,0.78230035,-7.966321,-1.5999506,-19.671791,-0.72609055,-14.672923,27.316114,0.0010616183,-0.020439813,0.43882295,6.0606065,4.9180326,0.086666666,0.062360957,0.09666667,0.06548961,-23.080732,12,10,126,SPEAKER_00,1110.1,1110.966667,1110.28784375,1110.966667,1,0.678823249999823,0.6788125,disengaged
37.62501,0.005247521,37.459183,37.678764,37.805416,0.34623337,6.5695004,3.5805402,2.605577,0.0,0.67733186,0.2176922,0.54096824,0.6857895,0.8123484,0.2713802,3.6565306,1.8301687,6.747974,5.9445887,0.28505266,0.42549273,24.207209,0.16021349,6.9147778,0.5850116,1.3369756,7.881978,-14.248683,-0.6428634,0.03278192,0.45550588,1.4354615,0.2980834,5.8049273,0.40796837,-4.111384,-3.4138932,12.061635,0.31934246,878.84784,0.18744141,1297.942,0.11850815,-159.47063,-0.43380195,1903.5703,0.12954383,1297.7339,0.20026223,-161.6924,-0.40380162,2896.3877,0.033392802,909.3357,0.1750138,-162.79874,-0.38941783,-15.847847,-0.18702121,28.313398,0.15747197,-0.0018829821,-4.5095615,-0.015193963,-0.6669647,0.20284183,0.36889076,24.482569,0.10883875,10.185447,0.36129215,-3.0669608,-4.345184,-8.000895,-1.0052724,-13.100098,24.140701,0.005621492,-0.017424626,0.28007933,6.5934067,3.6144578,0.053333335,0.01699673,0.14999999,0.070356235,-26.154438,12,10,127,SPEAKER_00,1111.0,1132.133333,1111.0,1131.7359687500002,2,0.9247187500002383,0.9246875,engaged
36.933838,0.07199217,36.99218,37.55891,37.778103,0.785923,336.0376,202.52164,92.93486,88.84053,0.55296195,0.15159926,0.48426342,0.52042574,0.6310388,0.14677536,0.90987104,1.189863,1.8979361,1.1334933,0.23145594,0.4486684,26.25785,0.13761719,8.0680065,0.6430131,1.0367019,7.189248,-5.2406306,-1.0786957,0.04468057,0.94341326,1.1777289,0.39745775,8.107732,0.31672812,2.8793564,3.218222,17.965153,0.447181,912.78076,0.16491365,1207.6971,0.14395142,-64.298874,-1.1116356,1939.8066,0.101878,1187.3289,0.24402161,-71.00405,-0.89809227,2945.0562,0.058252044,876.34576,0.2026973,-73.9687,-0.8422739,-16.80877,-0.3183818,32.469696,0.13283704,-0.0067203124,-1.6376542,-0.009575455,-0.69920516,0.22779539,0.4658058,26.081825,0.14398474,8.913673,0.51767606,2.5560813,2.5174413,-4.4943495,-1.222731,-11.032607,30.112324,-0.009830005,-0.009450968,0.24567561,4.516129,4.0268455,0.18166666,0.15410134,0.055999998,0.019595917,-24.828072,12,10,128,SPEAKER_00,1132.166667,1136.066667,1132.52909375,1136.066667,4,1.563198249999914,1.5631875,disengaged
37.880943,0.0,37.880943,37.880943,37.880943,0.0,0.0,0.0,0.0,0.0,0.43858925,0.059942067,0.41778868,0.43126473,0.45273247,0.03494379,1.187573,0.0,1.7912729,0.0,0.117025614,0.17107159,25.855934,0.05245564,9.89365,0.100302495,6.93442,0.2771415,-2.1837575,-0.7772199,0.034452416,0.12511583,1.3856498,0.22097512,8.885449,0.020937564,-0.61993337,-6.9428573,13.777904,0.23175278,981.787,0.2325984,1336.5963,0.016197778,-30.171213,-0.03967403,1835.6173,0.047466043,2377.276,0.6561769,-34.158466,-0.03101397,2944.4814,0.044749018,1027.1975,0.2929185,-37.74029,-0.014550225,-17.192554,-0.12573603,31.53456,0.12689742,-0.01202103,-0.33684343,-0.011550489,-0.31249964,0.15240079,0.2269312,26.038494,0.07264867,10.773459,0.027625265,5.768197,0.36770773,-1.866089,-1.4247487,0.0,0.0,0.0,0.0,0.0,0.0,0.0,0.0,0.0,0.0,0.0,-29.116796,12,10,129,SPEAKER_00,1136.1,1136.7,1136.1,1136.69721875,2,0.10784375000025648,0.1078125,engaged
35.758953,0.11812676,36.674213,37.48875,37.716976,1.0427628,199.9093,121.28827,64.12141,109.541306,0.54620236,0.19852741,0.46246913,0.5168872,0.61779976,0.15533063,2.1167407,1.3006086,2.0744433,1.3066471,0.23300777,0.5526439,27.160812,0.11203253,7.26969,0.7551694,4.493692,1.4067435,-5.267741,-1.3080827,0.039614238,1.23032,1.2127181,0.37195593,7.292699,0.34504277,4.2315617,2.1008854,17.95161,0.47989255,917.6909,0.14464009,1238.4318,0.14493936,-57.57194,-1.2392206,1984.5396,0.09316754,1191.3812,0.25294036,-65.14464,-1.0074198,2927.2546,0.060464215,1003.34094,0.34710097,-67.09231,-0.964331,-17.062805,-0.2732392,30.310741,0.14301094,-0.008173683,-1.9063199,-0.013059373,-0.6379534,0.21640852,0.42700803,26.989483,0.116719365,7.6493554,0.70017236,5.0997887,1.158444,-5.1503444,-1.2088003,-15.100804,28.883297,-0.0068634083,-0.012215458,0.29944542,3.9312043,2.59901,0.2942857,0.33694103,0.0735,0.06498268,-26.21166,12,10,130,SPEAKER_00,1136.733333,1340.833333,1137.3722187500002,1314.3909687500002,3,8.150624999999991,8.150625,disengaged
33.3114,0.16859853,26.244852,36.220375,38.743774,12.498922,85.63944,7.7091293,52.170246,28.74325,0.54139966,0.22433661,0.45610344,0.51645887,0.5744541,0.118350685,2.2943103,2.288359,1.3842233,0.91809857,0.17672864,0.43393254,25.689726,0.093424484,3.1233675,1.2871362,-0.8820046,-8.662613,-7.0504527,-1.1636877,0.016264612,0.8312268,1.1000746,0.46757206,4.9105396,0.42120036,9.632102,0.8887523,27.44763,0.24289548,669.23566,0.33390838,1442.7185,0.20333575,-164.92798,-0.43955365,1682.9923,0.1634425,1196.272,0.1689787,-158.34555,-0.47037214,2722.7593,0.10170299,991.7514,0.28859368,-160.08102,-0.44555837,-10.901789,-0.2797527,25.056477,0.16754806,0.005528564,2.9829907,-0.01681202,-0.6615729,0.20337224,0.467484,26.739838,0.0895547,1.2187881,2.6812005,-4.4425845,-2.3499274,-14.025672,-0.85836554,-12.531459,25.560009,0.0013459399,-0.008295267,0.1682258,3.98773,2.5000002,0.08,0.065,0.29999998,0.260816,-29.245302,12,10,130,SPEAKER_01,1136.733333,1340.833333,1168.18596875,1338.2859687500002,9,3.2737500000000637,3.27375,disengaged
38.98119,0.111414514,36.78924,37.713547,43.09526,6.306019,314.1644,309.64563,212.11684,428.91086,0.6301441,0.3317245,0.4501164,0.57036716,0.7864513,0.33633488,3.4498098,2.33928,2.323753,1.5061103,0.22114559,0.42423737,23.585052,0.18040365,3.6481779,2.0944836,2.0648983,4.392773,-10.408873,-1.1181048,0.031981714,1.4453325,1.3129379,0.44887352,6.419737,0.46437916,4.3750186,2.2202454,20.174871,0.44306514,811.321,0.22049649,1320.442,0.19012503,-111.63267,-0.81648266,1827.8068,0.12809505,1140.9708,0.27820906,-109.277725,-0.7889817,2857.04,0.076299034,897.3011,0.3512934,-112.3916,-0.73923874,-12.143906,-0.45202136,23.835642,0.28339383,0.004096903,4.2206106,-0.014427257,-0.681778,0.2439931,0.44045484,23.733133,0.21296425,3.8212388,2.112709,-0.123089395,-92.29098,-14.281671,-0.92087746,-12.463391,22.778467,-0.0023951214,-0.00907603,0.19835255,2.5963807,2.922591,0.16351351,0.13796233,0.17696969,0.23127428,-26.843498,12,10,130,SPEAKER_03,1136.733333,1340.833333,1158.26346875,1340.2772187500002,11,12.723750000000791,12.72375,disengaged
34.077446,0.1879238,25.745678,37.585484,37.827698,12.08202,265.77954,216.34444,71.40007,39.92624,0.63023454,0.4985007,0.44657835,0.54311395,0.6969352,0.25035682,5.0140495,4.7083406,4.370224,3.98348,0.2604656,0.92981,25.628416,0.13889867,4.620226,1.2136475,3.5539656,2.5066018,-11.629396,-0.97997576,0.04776524,1.2607026,1.2408046,0.5707281,5.1749463,0.46323153,0.41759372,36.596924,16.807022,0.88096625,853.8167,0.18787973,1264.0159,0.13605177,-73.57804,-1.1445379,1857.4633,0.1010473,1155.221,0.24145314,-77.50187,-1.0228441,2909.6443,0.049859837,840.72156,0.33883774,-81.26745,-0.9453764,-14.614071,-0.2591533,27.760464,0.15983143,-0.004535014,-3.8261576,-0.013363725,-0.7384653,0.26964173,1.004917,25.541353,0.14942272,4.1142306,1.4340689,2.0648358,4.379272,-11.677235,-1.0382967,-15.798888,27.58221,-0.011668026,-0.015045869,0.2502354,1.2658229,4.1935487,0.15153846,0.11947616,0.086,0.08901685,-23.958809,12,10,131,SPEAKER_03,1340.866667,1355.266667,1341.03659375,1347.97221875,2,3.1724999999996726,3.1725,engaged
36.48396,0.09142506,36.963436,37.47265,37.67494,0.7115021,19.170694,9.013371,4.7800045,3.4317663,0.50845647,0.12121939,0.4621586,0.49332094,0.55432326,0.092164665,1.7382474,1.0388253,1.5407295,0.7305569,0.19105546,0.3873158,26.395931,0.09560271,7.504916,0.4112373,3.861567,1.1929111,-6.292321,-0.781595,0.031780023,0.54832876,1.293905,0.40565756,7.3478928,0.23450692,4.787856,1.6534016,19.264305,0.5107886,903.16785,0.16706912,1264.6688,0.14841995,-72.58172,-1.019991,1941.2201,0.098080926,1178.4811,0.18314193,-77.01997,-0.8860074,2951.8499,0.05979741,902.3846,0.28590572,-79.63626,-0.83894706,-16.860296,-0.17626065,30.794746,0.08950086,-0.0027635668,-5.954047,-0.011293818,-0.5295185,0.19456033,0.41633034,26.358793,0.09400139,7.9680414,0.38212296,4.549038,0.9142376,-6.0403914,-0.7538152,-15.119484,29.43777,-0.004712136,-0.012847582,0.18527505,5.1643195,4.796163,0.1415,0.12791695,0.057499997,0.036142077,-27.716736,12,10,131,SPEAKER_00,1340.866667,1355.266667,1348.9678437500002,1355.266667,4,4.273823250000532,4.2738125,engaged
36.51933,0.10702758,37.242767,37.778107,38.197437,0.95466995,88.31409,46.62471,89.31054,59.78419,0.6262298,0.16120589,0.5372983,0.60970086,0.6911401,0.1538418,2.4925044,1.1064798,1.5156904,1.0968328,0.22477262,0.2740594,27.83151,0.13026595,5.7955074,0.9953887,0.3701468,24.04889,-11.804406,-0.5982873,0.035559837,1.4152218,0.9379461,0.3909414,8.302788,0.4643811,8.920916,1.2064328,24.804253,0.311805,787.0479,0.27551425,1336.4686,0.14747907,-57.22702,-1.3102764,1786.3518,0.14708711,1199.1438,0.1711947,-62.59763,-1.0885828,2863.4631,0.06786941,919.77264,0.23360248,-67.43104,-0.9669401,-16.594595,-0.2762192,30.897713,0.19076449,0.009405662,1.2667912,-0.014227426,-0.44393232,0.239482,0.24753879,27.91667,0.14206262,6.759777,0.8999545,1.2484734,7.7109814,-11.943485,-0.6407879,-12.472642,27.503454,-0.0022344727,-0.01213767,0.17678884,5.185185,2.3255816,0.32999998,0.19304577,0.08,0.037416574,-24.691427,12,10,132,SPEAKER_00,1355.3,1356.666667,1355.3,1356.666667,1,1.3666670000000067,1.366625,disengaged
36.655563,0.08347556,36.972965,37.5505,37.847187,0.8742218,75.35073,87.76858,56.510796,91.49018,0.53949666,0.116471104,0.489119,0.53352356,0.58740145,0.09828246,1.8283806,1.3311177,1.3752397,0.7761232,0.18634376,0.31545702,24.273304,0.1325852,6.934736,0.5249652,5.3037353,1.0092832,-7.5133376,-0.927293,0.034647413,0.6707082,1.1730485,0.3501342,7.131367,0.2292884,4.9504232,1.8087124,15.997746,0.6062606,872.5263,0.19155982,1313.8314,0.21435346,-67.62218,-1.1081223,1920.2365,0.10927753,1145.5535,0.18899293,-70.850075,-0.95758855,2899.2554,0.06698032,931.0997,0.33159348,-72.37819,-0.9293282,-16.401247,-0.14699832,28.258907,0.14038114,-0.004782343,-3.5685585,-0.012295234,-0.6649113,0.18609957,0.31750953,24.185114,0.12795298,7.601203,0.3829421,6.5179324,0.7531342,-7.7962146,-0.96159744,-13.368552,27.020645,-0.0041891653,-0.010997388,0.19124858,5.921053,3.3557048,0.216,0.19163507,0.087142855,0.053375833,-27.955269,12,10,133,SPEAKER_00,1356.7,1361.866667,1356.7,1359.76784375,2,3.050968750000038,3.0509375,engaged
36.32814,0.09875924,36.817524,37.51198,37.791344,0.97381973,33.761585,42.84928,19.71876,9.828565,0.5994161,0.15713337,0.51388323,0.59000516,0.66264695,0.14876372,2.3250806,1.4446821,1.8234153,0.92330474,0.22322093,0.35813066,24.082912,0.16132882,7.3028483,0.62310565,5.795495,0.86435485,-11.414671,-0.6648367,0.03202943,0.7855232,1.1647228,0.3494818,7.234841,0.36729547,6.2924905,1.3427622,20.152634,0.38167563,841.3727,0.21288778,1359.5237,0.20779791,-71.20858,-1.0953277,1862.2682,0.11608185,1159.1537,0.22289579,-74.016396,-0.96981317,2860.0454,0.07581908,926.5066,0.36651376,-75.908134,-0.9288344,-15.979164,-0.18509445,27.037233,0.16806395,0.0029545254,4.5304747,-0.016386991,-0.49219346,0.23286572,0.37917256,24.122753,0.17402646,7.7188153,0.6320405,5.7081814,0.90997636,-10.079859,-0.81100035,-14.908087,24.879498,0.0026337819,-0.020554002,0.20668004,5.714286,3.4313726,0.20285715,0.283736,0.068571426,0.063567415,-26.188648,12,10,133,SPEAKER_03,1356.7,1361.866667,1359.02534375,1361.866667,2,2.115698249999923,2.1156875,engaged
36.634586,0.09164678,36.954475,37.51353,37.91822,0.9637451,270.87192,240.42914,32.873486,18.678404,0.5623268,0.1706197,0.474867,0.5442182,0.65167713,0.17681015,2.900894,2.3186963,1.8552963,0.87041175,0.23179555,0.45156324,26.027784,0.11831573,6.7402143,0.709728,5.039507,1.493545,-9.1956,-0.7775331,0.03452677,0.9529089,1.2232465,0.39984262,7.9062867,0.3304968,2.4047678,4.768946,17.938108,0.5470871,897.5393,0.16204971,1272.7623,0.12774844,-53.441006,-1.1473957,1928.707,0.09492896,1212.3168,0.27073818,-58.991383,-0.95074314,2915.7822,0.059714478,1030.9733,0.5895353,-62.022636,-0.8841423,-16.59936,-0.27289832,30.226648,0.15574963,-0.008986091,-1.6448655,-0.011519929,-0.79333645,0.23620737,0.471513,25.986906,0.12969223,7.0452414,0.7166918,5.52304,1.4020311,-8.3988695,-0.794361,-15.553221,28.169584,-0.011804596,-0.017197503,0.2167285,5.2380953,4.390244,0.17888889,0.13261846,0.033749998,0.026896793,-24.80652,12,10,134,SPEAKER_03,1361.9,1364.166667,1361.9,1364.166667,3,2.114792000000307,2.11475,disengaged
37.613007,0.01237154,37.210175,37.587227,37.934174,0.723999,12.285043,7.1841745,10.161759,3.5832703,0.54905367,0.15623721,0.46837693,0.53530616,0.6450262,0.17664927,1.4236329,0.7760566,1.9265187,0.6709467,0.22412878,0.3780306,27.23747,0.08680427,9.231892,0.43833685,6.980689,0.80395806,-10.185069,-0.7190714,0.02658665,0.46286067,1.0590425,0.26985976,8.871498,0.19854797,4.793817,1.5581275,19.638876,0.40765202,889.9079,0.19178031,1333.0841,0.16370691,-31.392902,-1.0308642,1943.4355,0.11406901,1221.2947,0.25507706,-40.038067,-0.6859452,2925.735,0.05926196,948.13446,0.42102784,-42.95408,-0.6221646,-18.419035,-0.17912847,31.453075,0.12498803,-0.0018898767,-7.5548153,-0.015355586,-0.5203961,0.23101678,0.3661093,27.30151,0.08905052,9.381742,0.44302973,6.9592853,0.83999485,-10.374426,-0.7203777,-17.405012,28.67188,-0.010295,-0.018616192,0.16194776,5.035971,1.5037595,0.63,0.02,0.03,0.0,-25.516586,12,10,135,SPEAKER_03,1364.2,1365.6,1364.2,1365.6,1,1.3999999999998636,1.4,engaged
36.313442,0.116072536,36.642487,37.596,38.575615,1.9331284,225.94295,163.24011,54.262352,40.390522,0.6259583,0.18555653,0.5248371,0.614812,0.7333814,0.20854431,3.4193764,2.2599428,1.6515021,0.94741285,0.2614011,0.4439952,27.778322,0.09199318,7.9135985,0.5256856,-1.5560045,-4.8243017,-18.501886,-0.5397337,0.026765894,1.2609867,1.1399088,0.37186503,7.5525026,0.30012688,2.404366,3.5360732,25.254168,0.2940431,834.2137,0.1473941,1250.1586,0.12661603,-36.495834,-1.6623905,1897.3116,0.09770362,1188.692,0.22879076,-50.702736,-1.0275463,2923.2302,0.052144147,826.8889,0.25952533,-55.156654,-0.91344225,-16.471617,-0.2576606,29.943367,0.15982263,0.0029061777,4.654851,-0.022863697,-0.39055493,0.26763508,0.44527552,28.109901,0.089651525,8.099726,0.52916634,-2.0574732,-3.4720573,-19.373152,-0.51355374,-15.050689,29.240057,-0.006168751,-0.01712246,0.24732348,4.2801557,3.187251,0.2625,0.2609478,0.044,0.016248075,-25.367346,12,10,136,SPEAKER_03,1365.633333,1369.266667,1365.633333,1369.266667,3,2.587084000000459,2.5870625,disengaged
37.5407,0.02724623,36.749474,37.6939,37.93165,1.1821747,25.302032,15.934559,7.2702537,4.5303454,0.6554046,0.18628442,0.56123203,0.6372688,0.697651,0.136419,3.4385154,2.4650512,1.2490586,2.4038332,0.28488573,0.49324438,27.061008,0.09628883,6.714381,0.53682417,1.6415025,4.7665186,-18.416569,-0.34988317,0.022517737,0.60939634,1.2468385,0.49057245,7.638225,0.15096547,2.8807828,2.0200431,25.436562,0.19268836,797.0809,0.16956474,1389.6354,0.16848335,-52.820488,-1.3359163,1863.2396,0.1269422,1184.2102,0.20471454,-62.146336,-0.965582,2878.107,0.061723344,944.00604,0.2185785,-65.459526,-0.8886036,-16.963314,-0.16531487,27.439718,0.10738722,0.0094331745,1.2969556,-0.022373023,-0.33854333,0.28319553,0.46541706,27.476969,0.0917626,7.817133,0.34034482,1.4872926,4.620208,-19.515713,-0.27751467,-14.879023,25.246595,0.0090791555,-0.01635341,0.21983628,7.2289157,5.1282053,0.1475,0.052618913,0.04,0.016329931,-25.63314,12,10,137,SPEAKER_03,1369.3,1372.033333,1369.3,1371.7490937500002,3,0.8459687500003383,0.8459375,engaged
38.027607,0.016523698,37.37148,38.01095,38.662663,1.2911835,8.90466,3.4800618,17.367172,17.22077,0.6333074,0.1622927,0.5653818,0.60317284,0.7368945,0.17151266,2.546925,0.88283044,2.6313715,1.722807,0.23947605,0.34358987,24.684319,0.115131736,5.062343,1.0219891,7.985865,0.8676888,-16.211952,-0.4623417,0.022613129,0.47058007,1.1726727,0.40937266,8.7840395,0.26221845,-4.717416,-1.6149889,13.915294,0.4657023,893.6512,0.10251777,1157.5349,0.11315238,-27.986328,-1.4692105,2004.172,0.067161284,978.3093,0.386184,-43.58552,-0.84455943,2981.063,0.053483546,857.90924,0.49759224,-44.11363,-0.837812,-16.224125,-0.26667213,26.009207,0.25372982,-0.0063908407,-1.7350116,-0.018893559,-0.46244666,0.2472737,0.34728613,24.360167,0.12282236,4.99988,1.1395189,9.535751,0.6741726,-15.676207,-0.5198878,-15.024549,22.743832,0.0016577021,-0.030294698,0.29802483,8.510638,4.878049,0.17999999,0.01,0.02,0.0,-25.332191,12,10,138,SPEAKER_03,1372.066667,1373.266667,1372.3397187500002,1372.82909375,1,0.48937499999988177,0.489375,disengaged
37.343765,0.009911727,36.86968,37.39782,37.70311,0.83343124,8.673,0.5837844,8.012831,0.0,0.6020431,0.11518308,0.51704156,0.60366476,0.6800585,0.16301692,1.5750806,0.20837073,1.5933447,0.25450256,0.17976,0.19182274,24.86446,0.08893418,7.1729145,0.7935596,1.4373215,3.39561,-14.994257,-0.72367406,0.02533728,0.77579546,0.91569173,0.27470806,7.867015,0.15509456,-4.6846333,-2.2789168,15.645044,0.35941917,787.99347,0.19998549,1265.6932,0.15886606,-83.065056,-0.9890422,1802.4004,0.108832434,1118.4862,0.21986777,-87.38348,-0.845285,2893.78,0.060044404,905.68774,0.5865463,-88.64222,-0.82485795,-14.500706,-0.28189826,25.960964,0.14002183,-0.0030413598,-4.1963043,-0.016544137,-0.34035322,0.18185695,0.1494413,23.840193,0.072914496,8.863131,0.70504993,1.3136351,4.774974,-18.14721,-0.5957422,-12.546986,27.150188,0.0027652567,-0.016266536,0.20600492,6.5217395,5.1282053,0.12,0.049999997,0.055,0.024999999,-27.258842,12,10,139,SPEAKER_03,1373.3,1374.033333,1373.55471875,1374.033333,1,0.47861425000019153,0.478625,engaged
37.078403,0.087071,37.343277,37.6249,37.898064,0.5547867,298.2175,367.4113,94.15189,266.20563,0.5653303,0.31900245,0.4521048,0.520676,0.6335278,0.18142301,4.388184,6.569072,2.233873,1.9044318,0.19182906,0.7748039,24.649845,0.11581151,4.690761,1.1470224,4.8711867,1.2603005,-10.802796,-0.81303364,0.03432204,1.058085,1.1107996,0.34777138,6.9438243,0.2535927,3.4015496,2.7699943,17.272383,0.5189794,842.5909,0.19902617,1308.785,0.15983015,-59.076077,-1.2266983,1852.3973,0.10890092,1148.7673,0.21658091,-63.36469,-1.0441781,2872.5552,0.06393248,839.2973,0.3102062,-66.33264,-0.9738847,-14.580738,-0.28567716,26.775599,0.16375197,-0.0017486457,-9.085262,-0.014781703,-0.6668092,0.18262625,0.5315599,24.757093,0.102281965,4.65445,1.1971508,4.8457923,1.2487726,-10.868939,-0.83488244,-14.358347,26.102629,-0.008027242,-0.015384172,0.22893974,0.8726696,2.939424,0.25804055,0.30267206,0.06908397,0.07446962,-27.243057,12,10,140,SPEAKER_03,1374.066667,1484.066667,1374.7022187500002,1484.066667,28,50.436948250000114,50.4369375,disengaged
36.833073,0.05541113,36.64987,37.53456,37.721897,1.0720253,176.82544,158.20186,15.745214,16.684662,0.5609627,0.22179843,0.444852,0.5325174,0.69228363,0.24743164,3.4897516,1.6976576,2.5834124,1.4046043,0.22443853,0.3999019,25.64216,0.14948833,7.952777,0.70450675,3.33543,1.7516365,-9.7760725,-1.0050955,0.038760103,1.2634139,1.20254,0.3225877,7.036138,0.32587048,0.040983483,220.35254,16.561115,0.4847923,853.6522,0.23563059,1357.0356,0.19633134,-97.140335,-0.8556934,1879.5941,0.12104475,1171.5663,0.21759209,-98.8351,-0.7993819,2922.108,0.06769428,912.78546,0.33368003,-101.722435,-0.754293,-16.80835,-0.14470446,28.360233,0.15861799,-0.004000644,-4.387679,-0.011560659,-0.6435881,0.18569668,0.37008476,24.39048,0.15722801,8.66429,0.72872615,4.8837547,0.79757845,-6.5046287,-1.3881096,-15.804546,28.568388,-0.0020383308,-0.016475823,0.26790568,5.21327,3.8834953,0.1425,0.119137526,0.12333333,0.09231588,-27.496603,12,10,141,SPEAKER_03,1484.1,1487.133333,1484.1,1487.133333,3,2.1220830000002024,2.1220625,engaged
36.745403,0.10818715,36.889442,37.74814,39.319527,2.4300842,127.29022,157.17639,32.90723,26.811708,0.70791763,0.33487314,0.48731244,0.6487001,0.88337845,0.396066,5.3328586,3.3920133,3.6622214,2.1648257,0.34797633,0.54772216,26.274418,0.14260884,5.879419,1.2517575,0.038746655,222.59706,-14.127552,-0.7660085,0.031254344,0.9381141,1.3425326,0.35998085,6.5374517,0.40859425,-1.7872199,-6.317956,19.265663,0.53640604,810.4024,0.2270078,1303.2958,0.13191842,-88.738365,-0.9519832,1840.2705,0.12572983,1176.0679,0.24448712,-92.33573,-0.8559352,2911.734,0.063292295,877.5071,0.29977703,-96.17562,-0.7885998,-15.719343,-0.34848952,29.92921,0.16981329,7.61576e-05,199.08684,-0.016408984,-0.65987766,0.35839114,0.54617536,26.662151,0.14547789,6.591434,1.0439489,-1.6436594,-5.6414027,-12.703035,-0.8424413,-13.931845,25.273907,-0.0019247846,-0.020058068,0.3190655,4.3478265,4.424779,0.12933333,0.07316344,0.08692307,0.06965681,-23.468613,12,10,142,SPEAKER_03,1487.166667,1502.6,1487.166667,1492.62471875,4,3.4668017500000587,3.4668125,disengaged
36.92668,0.093521655,37.194397,37.568184,37.923325,0.7289276,353.3004,674.3265,46.741085,38.0321,0.5720995,0.46974415,0.45769924,0.5076769,0.61637473,0.15867549,5.361913,5.1634398,3.340961,4.472805,0.25474852,0.8750217,24.802528,0.20031026,8.919213,0.8701705,3.4374166,2.0085793,-6.041804,-1.3606734,0.03130433,0.8881566,1.1210546,0.4069183,8.196578,0.33823442,4.4062796,2.0408134,17.684664,0.90416306,911.7916,0.15713401,1247.4078,0.16206692,-63.63365,-1.1206783,1950.8228,0.093778655,1197.2423,0.21624766,-68.56176,-0.9601148,2935.6992,0.061596252,913.8332,0.309039,-70.78323,-0.9117093,-17.076435,-0.34622514,30.959286,0.17406528,-0.0040951115,-4.0058827,-0.010523121,-0.99663377,0.2399169,0.7902652,25.235256,0.17458287,9.551933,0.7561599,3.8320541,1.8200774,-5.2094803,-1.5455751,-13.703534,26.530626,-0.0047557256,-0.010257578,0.3131586,0.7751938,2.6755853,0.28208333,0.26488957,0.071666665,0.05857094,-24.36969,12,10,142,SPEAKER_00,1487.166667,1502.6,1492.62471875,1502.2940937500002,3,9.044999999999845,9.045,disengaged
0.0,0.0,0.0,0.0,0.0,0.0,0.0,0.0,0.0,0.0,0.49587053,0.1366019,0.4494643,0.4676539,0.5320756,0.08261129,4.736415,2.8570578,-1.2232858,1.6201184,0.1685578,0.2558803,24.171043,0.21040682,9.764142,0.33497435,6.3099694,0.9800453,-8.500666,-0.66383487,0.0,0.0,0.0,0.0,0.0,0.0,0.0,0.0,0.0,0.0,0.0,0.0,0.0,0.0,-201.0,0.0,0.0,0.0,0.0,0.0,-201.0,0.0,0.0,0.0,0.0,0.0,-201.0,0.0,0.0,0.0,0.0,0.0,0.0,0.0,0.0,0.0,0.0,0.0,0.0,0.0,0.0,0.0,0.0,0.0,0.0,0.0,-16.517881,31.239107,-0.006740831,-0.014274993,0.17107068,7.4074078,0.0,0.0,0.0,0.21,0.0,-29.368536,12,10,143,SPEAKER_00,1502.633333,1506.566667,1502.9859687500002,1503.59346875,2,0.2868749999997817,0.286875,engaged
37.963,0.049589965,36.315067,36.80302,40.338604,4.0235367,25.147884,5.4509916,47.835545,0.0,1.2916472,0.36817253,0.84309185,1.1903545,1.6823726,0.8392807,14.192248,6.2821474,-2.3081381,6.6590543,0.5733974,0.44392255,15.95065,0.28444055,-0.58117276,-24.938099,-1.148087,-7.1013227,-27.97612,-0.41362068,0.015352296,0.83369654,1.1123843,0.2877807,4.301646,0.36723265,-1.0782703,-6.471728,12.456841,0.30970323,637.00195,0.24750228,1241.1162,0.20097063,-101.88673,-0.90886784,1652.5283,0.17061196,1108.8495,0.36295977,-102.23765,-0.8843737,2605.2874,0.1001256,962.3089,0.31763142,-106.62265,-0.80675966,-2.255495,-1.9229573,12.792388,0.30408442,0.02003938,0.5347897,-0.016019538,-1.0061415,0.8109307,0.1950517,15.515211,0.2657065,-10.835267,-1.30728,-0.2491357,-48.16238,-30.424702,-0.44804636,-9.8920965,16.86638,0.008033297,-0.025098315,0.43047714,4.255319,4.878049,0.095,0.024999999,0.089999996,0.049999997,-20.99323,12,10,143,SPEAKER_03,1502.633333,1506.566667,1505.8040937500002,1506.29346875,1,0.48937499999988177,0.489375,engaged
37.14729,0.04065134,36.264355,37.017776,37.989697,1.7253418,23.216997,15.43679,31.39828,33.031048,0.90829,0.4160073,0.5703066,0.81414187,1.233845,0.6635384,7.773351,4.7288384,5.619602,3.5056581,0.41216096,0.5719287,22.40986,0.23116854,4.9040685,2.004885,0.48670915,24.443052,-21.164244,-0.5681213,0.020700663,1.0605805,1.1668665,0.43468997,6.965254,0.36164612,0.65373117,15.722299,18.4013,0.6735715,745.7763,0.25754553,1361.9602,0.14224456,-52.087257,-1.4011797,1761.0159,0.13874097,1108.2241,0.23472063,-56.754204,-1.1621305,2836.963,0.08212474,891.15234,0.3963566,-61.34287,-1.0342398,-12.839657,-0.40299132,23.342936,0.28434905,0.013359317,1.3855447,-0.017902259,-0.57319003,0.4123092,0.564964,23.069511,0.20022349,4.1249514,2.3734353,0.111111194,112.04226,-21.483864,-0.5565646,-12.694593,21.69663,0.009313605,-0.018938305,0.43312326,3.4965036,3.1690142,0.24333334,0.24169537,0.054117646,0.037816714,-22.405727,12,10,144,SPEAKER_03,1506.6,1520.733333,1506.96846875,1520.51909375,4,11.458124999999882,11.458125,disengaged
37.254715,0.11588179,37.118546,37.52942,37.71935,0.6008034,227.45647,93.53485,103.06878,144.35681,0.5130574,0.2930266,0.43454385,0.47365046,0.59269077,0.15814692,2.8262682,2.5559402,3.051428,1.8028705,0.17833835,0.50389737,24.369114,0.23675828,9.991335,0.31452793,5.634731,0.96563166,-11.608619,-0.95910656,0.047974855,1.2132128,1.1657996,0.40824816,6.872287,0.2856373,-3.7380424,-4.1044965,13.154091,0.7159985,901.20856,0.1578021,1261.2642,0.14009808,-52.26621,-1.2890569,1957.1218,0.09401289,1157.0331,0.19809352,-63.42351,-0.9442476,2937.6003,0.047208697,902.56274,0.37103552,-64.365845,-0.9240382,-17.90087,-0.13385046,29.456722,0.166446,-0.0097068865,-2.0738676,-0.014938166,-0.533051,0.17736633,0.4568664,25.258121,0.14709607,9.892673,0.24582723,5.742161,0.9440815,-12.312969,-0.9489125,-17.090706,27.630344,0.017869525,0.0012046385,0.21243307,3.6199095,3.255814,0.24,0.14550404,0.047142856,0.030572765,-27.205597,12,10,145,SPEAKER_03,1520.766667,1526.4,1521.59909375,1524.0965937500002,3,2.2275000000004184,2.2275,engaged
32.100063,0.18727173,25.866407,31.810654,37.677372,11.810965,18.57468,0.0,-56.657135,65.01778,0.5444871,0.2358305,0.4602181,0.50460666,0.5694853,0.109267205,1.9549602,1.5164131,2.49158,1.7165899,0.18387803,0.38091096,26.122766,0.12650605,7.6213884,0.81418335,1.7413625,2.772373,-11.436548,-0.60379505,0.030425964,1.3190807,1.0669335,0.36045492,5.590087,0.34942716,11.483028,1.2894688,23.295559,0.4741826,836.5572,0.1472153,1344.0382,0.18803693,-34.496372,-1.870268,1896.0261,0.10120972,1170.6812,0.17388928,-44.908226,-1.2810144,2902.042,0.05833888,886.311,0.26578164,-47.985325,-1.175409,-16.180605,-0.29545736,29.09862,0.14888099,-0.017588358,-0.6202441,-0.018812679,-0.4164281,0.18681574,0.3984828,25.840233,0.13975205,7.8924227,0.8271986,1.5252156,3.404886,-11.567525,-0.64344645,-14.36826,28.42986,-0.0151406955,-0.019122634,0.19905318,3.960396,3.1578948,0.26333332,0.12762794,0.03333333,0.0047140447,-27.833685,12,10,145,SPEAKER_01,1520.766667,1526.4,1524.0965937500002,1525.12596875,1,1.0293749999998454,1.029375,engaged
32.44818,0.1954825,25.56361,37.35082,37.674904,12.111294,134.31116,68.99964,63.02662,29.93489,0.5195121,0.13312817,0.46932736,0.5162295,0.54431105,0.074983686,1.4674152,0.80261505,0.727352,0.6161946,0.19777845,0.26499233,26.165253,0.1592936,10.153758,0.360335,2.6981099,1.7434063,-13.386812,-0.65524316,0.03163706,0.95080405,1.1987101,0.3783194,5.2952685,0.39653215,8.019933,1.8384317,19.732988,0.5985866,790.14014,0.24246433,1362.1678,0.15400898,-97.56487,-0.9237254,1876.6927,0.1263229,1220.3737,0.14269732,-100.77815,-0.8272181,2888.0576,0.08355155,1022.64435,0.5764248,-102.05665,-0.80643976,-17.75876,-0.08330248,29.458555,0.1015956,-0.01708336,-0.5004902,-0.018197792,-0.44606873,0.1772985,0.24832636,24.905954,0.1983859,10.848783,0.41071522,4.3637557,1.0132442,-11.115144,-0.77625823,-18.16202,30.58372,-0.011822026,-0.02217535,0.21898362,5.633803,4.545455,0.11333333,0.08096638,0.106,0.061514225,-28.11742,12,10,147,SPEAKER_01,1527.233333,1551.0,1527.53909375,1539.8072187500002,8,1.4343750000000455,1.434375,engaged
37.049694,0.11661709,35.81442,37.573135,38.56417,2.749752,109.64844,122.87298,127.86575,222.69121,0.828053,0.47364303,0.49874327,0.72100765,1.1041831,0.6054398,6.463294,4.538108,3.9611254,2.4106681,0.36040902,0.67108315,22.017605,0.27982137,7.089658,1.3050697,0.8053865,12.784055,-20.4423,-0.7129285,0.033359822,1.3584558,1.2680379,0.41941255,6.2174983,0.4116544,0.077930056,150.53961,17.650517,0.55863845,786.3698,0.22764859,1316.6355,0.1507893,-60.16101,-1.309678,1839.8457,0.13353571,1149.7793,0.29384583,-64.86613,-1.085902,2861.2563,0.069644816,870.0375,0.37249938,-67.01912,-1.029586,-13.497593,-0.40417492,23.558683,0.30196437,0.008260999,2.8547802,-0.020439832,-0.5747678,0.38188237,0.67572206,21.707905,0.28556684,7.2470703,1.3030212,0.58865243,18.722437,-22.018032,-0.69189477,-13.9118395,24.577696,0.0027876904,-0.015977921,0.30367318,2.6541097,3.7005165,0.1960465,0.19887054,0.06277777,0.06238817,-22.806103,12,10,147,SPEAKER_03,1527.233333,1551.0,1530.35721875,1550.6240937500002,14,11.694375000001173,11.694375,engaged
38.239166,0.17208727,35.11232,37.810535,45.81333,10.701012,395.20544,108.12648,73.569084,71.69267,0.76124066,0.26173386,0.5315368,0.7553232,0.9751107,0.4435739,1.7513419,0.9574524,1.5978554,0.40782845,0.23985623,0.27261573,21.64723,0.23694111,15.32118,0.17195843,-9.038763,-0.6314692,-16.738214,-0.66952926,0.064393446,1.3283286,1.5596105,0.52496094,4.613783,0.3324034,9.209204,2.8348265,25.751637,0.4373128,755.26154,0.18089555,1339.0369,0.19261701,-22.251413,-2.4208312,1804.6234,0.11188463,1160.7134,0.18351698,-40.443012,-1.0703442,2883.7175,0.052738477,899.6779,0.32202485,-45.73059,-0.9187821,-17.353937,-0.10290287,27.760456,0.12961523,0.0050989357,3.7859523,-0.020968791,-0.39985672,0.23577093,0.24027786,20.591722,0.21000624,15.758491,0.15973927,-10.206439,-0.47853446,-16.784777,-0.67137516,-18.152351,30.421844,-0.0020080945,-0.025459444,0.3532929,2.9411764,3.1746032,0.275,0.155,0.03,0.0,-23.98621,12,10,148,SPEAKER_03,1551.033333,1553.8,1551.16409375,1551.85596875,1,0.6918750000002092,0.691875,disengaged
36.195328,0.039971348,35.003536,36.686745,37.567112,2.5635757,125.86748,92.59745,17.89052,15.734207,0.7825291,0.41243866,0.5216586,0.68707,0.97675294,0.45509434,4.5738153,1.1742177,4.176584,1.8857639,0.34236827,0.6333021,22.869469,0.16499364,7.3017783,0.8653668,3.2401714,3.1930444,-20.741392,-0.5713184,0.025891775,0.8364785,1.1612188,0.317596,6.4945846,0.3580229,-1.0047572,-6.593949,19.125492,0.41316384,759.15027,0.23546371,1318.742,0.104950175,-101.258835,-0.8953866,1807.819,0.1223537,1071.5555,0.16523723,-103.92508,-0.8118253,2887.538,0.057468865,828.42596,0.37388012,-106.30072,-0.771634,-15.625687,-0.20755327,24.519526,0.21210343,0.011709046,1.7950336,-0.021300131,-0.45450017,0.3815572,0.65305,22.977057,0.17519043,8.524311,0.83208793,3.1098917,3.2768018,-22.870983,-0.6080514,-13.3855095,22.339468,0.00037118324,-0.019117586,0.30274335,3.2258065,3.3333335,0.15333332,0.08339998,0.12666667,0.09994443,-23.720215,12,10,149,SPEAKER_03,1553.833333,1559.366667,1553.8809687500002,1555.7540937500005,1,1.8731250000003001,1.873125,engaged
35.680443,0.020594342,35.096706,35.3338,36.1401,1.0433922,7.8420076,0.0,14.578528,0.0,0.61814797,0.10023905,0.56207335,0.6340734,0.6720623,0.10998893,2.2747755,0.8781758,1.6241958,0.594185,0.24895243,0.2904548,29.010132,0.10386695,12.635493,0.19477013,8.988019,0.35979465,-19.763002,-0.2603962,0.014059832,0.5179133,0.9546273,0.3830709,7.6197615,0.10830381,18.121508,0.1438774,38.165337,0.13051283,571.0369,0.24156047,1624.6058,0.10790265,-54.883125,-1.5530773,1619.7164,0.12232638,1399.9618,0.27452946,-67.26477,-1.0583577,2704.7815,0.078724265,1045.3342,0.33861473,-69.563675,-1.0040442,-21.282694,-0.16660228,27.248728,0.2688025,0.038183093,0.19053215,-0.017586121,-0.31363615,0.27545682,0.2322026,29.842487,0.074227564,13.332089,0.16648397,8.970936,0.3185976,-21.006222,-0.22631198,-13.7749405,16.309603,-0.014595324,-0.019315463,0.211053,9.25926,2.0833335,0.35999998,0.0,0.099999994,0.0,-23.994698,12,10,151,SPEAKER_01,1559.933333,1573.733333,1562.6053437500002,1563.1622187500002,1,0.5568749999999909,0.556875,engaged
40.641712,0.047077805,39.079987,40.870987,42.33718,3.2571945,0.41056553,0.0,0.0,0.0,0.96282035,0.34443364,0.4986656,1.096227,1.2253029,0.72663736,4.6481895,1.7336465,3.9300354,0.0,0.52171123,0.54166794,25.581888,0.06860526,-0.11009649,-33.690884,-14.545562,-0.7434424,-19.030863,-0.6614463,0.018333597,0.55616426,1.2830579,0.2946723,5.978092,0.25061327,-1.8189027,-3.9612281,24.261774,0.35368255,691.84753,0.2678239,1294.7072,0.13194829,-71.593575,-1.1014174,1627.665,0.1501559,1143.6653,0.10641127,-62.256348,-1.1744698,2889.8179,0.028693652,776.3457,0.12640955,-75.63099,-0.86366075,-8.999809,-0.2874874,23.36792,0.22653699,-0.010111626,-1.0693445,-0.006822898,-1.0325701,0.6548785,0.38083702,24.87055,0.044441722,-1.9329408,-1.5910723,-16.032366,-0.6201476,-22.411953,-0.5877677,-13.235577,27.988182,-0.011628062,-0.0082741305,0.15355864,4.0,10.526316,0.06,0.04,0.04,0.0,-21.992992,12,10,151,SPEAKER_03,1559.933333,1573.733333,1573.4728437500005,1573.733333,1,0.26048924999940937,0.2605,engaged
36.128204,0.117600374,36.65928,37.63003,38.167233,1.5079536,138.38095,77.84597,152.58574,191.82353,0.5644001,0.1477426,0.495931,0.54433167,0.6167438,0.1208128,2.173234,0.9341113,1.5110615,0.8190504,0.23429705,0.5278718,22.914577,0.23742871,9.575678,0.50156313,3.7463408,1.228932,-8.205824,-0.9132419,0.04441785,0.9604913,1.1520959,0.41924363,7.1145506,0.28370073,4.252661,2.1317055,17.675022,0.53739125,930.2107,0.11997518,1177.9719,0.15878966,-71.90416,-0.9934955,1978.1901,0.076887935,1103.1869,0.17338161,-79.11209,-0.8486957,2970.1824,0.043813482,802.5794,0.22941884,-80.51674,-0.8218922,-15.870516,-0.17508794,29.387503,0.118573554,-0.006540831,-2.5919757,-0.012769072,-0.5801688,0.23213388,0.52722967,23.23176,0.21381198,9.8699465,0.42422864,3.245867,1.3001307,-8.394838,-0.9234211,-14.918942,27.452873,-0.006385863,-0.010747804,0.24362911,3.5714288,6.1728396,0.106,0.09769339,0.049999997,0.04375255,-26.630297,12,10,152,SPEAKER_03,1573.766667,1577.066667,1573.766667,1577.066667,3,1.6968750000003183,1.696875,disengaged
36.475666,0.060473632,35.486855,37.057587,37.709743,2.222889,160.06354,330.0112,33.523792,23.753826,0.7992723,0.33787605,0.5525849,0.7257792,1.032776,0.4801911,5.0944567,2.5166256,3.4870636,1.980642,0.3355464,0.4395419,23.88731,0.18120386,4.800902,1.4925102,-0.75829613,-11.352077,-16.491726,-0.7648045,0.02525959,1.2010884,1.1981018,0.42328107,6.200376,0.3492834,1.4281048,5.4549356,19.936588,0.38954753,773.96185,0.24031433,1359.9801,0.16209342,-91.24038,-0.97895575,1776.7415,0.13171272,1159.1549,0.24048044,-93.833755,-0.88533986,2859.2043,0.07605077,886.99677,0.42481378,-97.69366,-0.8169539,-12.819125,-0.3459134,24.432653,0.24100171,0.013937277,1.2540225,-0.017388234,-0.668473,0.3648695,0.4590215,24.205166,0.17980115,3.080001,2.247412,-1.6186111,-5.4700418,-18.689108,-0.7215194,-13.673395,25.181435,0.006586723,-0.01709737,0.29719,3.7337663,3.448276,0.16285715,0.13427559,0.10619047,0.11043102,-24.237135,12,10,153,SPEAKER_03,1577.1,1584.033333,1577.1,1583.2772187500002,1,6.177218750000293,6.1771875,engaged
37.761677,0.016660785,37.45429,37.638626,37.907585,0.45329666,10.432933,5.861644,8.715295,6.9951515,0.5517048,0.14444762,0.48799592,0.5310433,0.6329185,0.14492255,1.755073,0.97219527,1.8478914,0.6973679,0.215892,0.4948167,24.34159,0.1557759,8.006651,0.756198,-0.29182765,-22.57919,-3.4605455,-2.1365893,0.02585689,0.5902821,1.1314892,0.35732237,8.0318165,0.23582666,3.8147264,1.7576426,16.264908,0.35989207,864.4053,0.24704137,1235.8401,0.196466,-80.52616,-0.9786614,1861.999,0.13285631,1172.8235,0.17412221,-80.72419,-0.91326505,2892.7761,0.076115586,896.21234,0.16217436,-84.94195,-0.83252776,-15.184261,-0.35250515,30.422583,0.10719629,-0.008232531,-1.753975,-0.006948431,-1.1726598,0.19271149,0.5050845,24.369326,0.1806472,8.116683,0.8782515,0.5834544,12.861305,-2.2398148,-2.9810967,-13.793885,29.535273,-0.0064140693,-0.010737334,0.26098368,5.0,3.1578948,0.21333334,0.2592725,0.08333333,0.00942809,-26.222633,12,10,154,SPEAKER_00,1584.066667,1588.7,1584.066667,1585.0828437500002,1,1.0161767500001133,1.0161875,disengaged
36.789013,0.053573687,35.685936,36.954037,37.841,2.1550636,148.69049,123.66956,40.35234,26.344404,1.0084143,0.3862508,0.64907527,0.9613589,1.3493775,0.70030224,8.065357,3.8435755,6.184353,1.9545466,0.4826286,0.48869443,21.945341,0.27250627,-0.5002896,-21.7507,-1.8734419,-6.336795,-20.970161,-0.650411,0.02559152,1.300403,1.3421196,0.3704748,5.2066507,0.5475569,1.2566073,6.486416,15.349549,1.2357054,715.1724,0.23687728,1369.0704,0.18290098,-75.725685,-1.0941075,1744.9293,0.1416051,1106.3873,0.26701692,-76.99312,-1.0081694,2782.0164,0.08132868,880.4363,0.41072688,-80.93719,-0.9288864,-10.0281105,-0.6149764,21.40641,0.34241164,0.016821288,1.1497366,-0.019070843,-0.7857129,0.49093968,0.45759842,22.058025,0.23535939,-0.03404863,-356.0033,-2.148633,-5.779486,-21.942415,-0.6435516,-9.198241,21.073,0.010283842,-0.013023347,0.51368755,4.7222223,5.367232,0.115789466,0.11572725,0.059375,0.038319178,-22.226725,12,10,154,SPEAKER_03,1584.066667,1588.7,1585.0828437500002,1588.7,1,3.61715624999988,3.6171875,disengaged
36.185745,0.072680265,34.729103,36.773,37.778206,3.0491028,84.72685,98.11953,49.978146,116.325424,0.929063,0.42320505,0.545299,0.8561008,1.2838334,0.7385344,8.499989,5.0124865,5.422207,2.774522,0.42327747,0.57486564,22.436815,0.26534724,5.542285,1.5876218,0.6809269,18.898394,-24.524773,-0.59272844,0.024396282,1.3543652,1.1751096,0.40270558,6.1969633,0.40875047,0.71620417,12.676061,18.142595,0.42201895,716.6249,0.25814173,1390.0364,0.15084295,-44.58564,-1.5709314,1722.9675,0.13788562,1163.9105,0.2965388,-49.557198,-1.2909702,2785.18,0.08125953,916.415,0.44122753,-53.67466,-1.1517447,-12.126893,-0.43056014,22.457367,0.27874804,0.013166507,1.4164518,-0.020078782,-0.5047501,0.43484852,0.579044,22.046513,0.26529375,5.1170483,1.7804992,0.06261318,213.14038,-25.461763,-0.5827899,-14.550623,24.421,0.0025752417,-0.020845765,0.36783618,3.2883644,3.0482643,0.2611111,0.2732904,0.05586207,0.031350877,-22.161842,12,10,155,SPEAKER_03,1588.733333,1606.666667,1588.733333,1606.666667,5,11.875209000000496,11.8751875,engaged
38.22231,0.024324456,37.449673,38.006245,39.31721,1.8675385,12.884157,0.0,4.871597,13.040635,0.5217354,0.15959911,0.4423006,0.5072709,0.60038215,0.15808156,1.995916,0.46893778,1.3240535,0.5304377,0.30972338,0.52510303,28.806208,0.10921086,12.099436,0.31668794,8.15972,0.5672785,-5.102526,-0.86033183,0.029436082,0.53582466,1.1897544,0.48962483,10.232921,0.16796225,3.8002348,1.5985514,18.692417,0.44024116,920.921,0.15565285,1263.619,0.1287411,-29.484661,-0.17136577,1981.6718,0.07687924,1153.2631,0.16289762,-38.985886,-0.120507196,3004.3555,0.046129446,944.40686,0.2829342,-42.053753,-0.10028805,-21.19683,-0.19572397,35.450657,0.12721522,-0.010219296,-0.97200173,-0.015234322,-0.47272348,0.31185338,0.53572613,28.132967,0.09924285,11.616811,0.32993734,7.81172,0.61994624,-4.645084,-0.9671993,0.0,0.0,0.0,0.0,0.0,4.3478265,2.5000002,0.39,0.0,0.0,0.0,-22.23614,12,10,155,SPEAKER_00,1588.733333,1606.666667,1588.84596875,1589.3184687500002,1,0.47250000000008185,0.4725,engaged
37.15166,0.043905742,36.835995,37.377254,37.854244,1.0182495,44.05262,72.57985,25.640097,18.899948,0.97489524,0.4045672,0.5511719,0.9228475,1.3829079,0.83173597,9.166893,3.9549747,5.74307,2.610121,0.41983226,0.5826606,22.550247,0.1948206,5.9933743,1.1048703,-0.08645323,-121.62206,-25.869791,-0.6040933,0.032697685,2.7639825,1.094614,0.44082218,7.4581213,0.3209785,0.01607168,466.2228,18.365995,0.46147805,771.9236,0.23216604,1312.1216,0.14695947,-21.915894,-1.8489321,1795.1774,0.13739015,1205.631,0.35820308,-32.875748,-1.1006637,2835.426,0.083899744,820.3939,0.38563347,-36.25518,-0.96814954,-13.309567,-0.26847884,22.796076,0.27296814,0.0136092,1.6001842,-0.020908821,-0.5073915,0.41994143,0.5986083,22.53329,0.19943094,5.8829145,1.1470549,-0.26902544,-38.124,-25.512203,-0.6195233,-14.687221,21.385035,0.029106505,-0.02534244,0.4884603,3.7931037,1.7543861,0.53,0.20995237,0.0275,0.008291562,-21.40141,12,10,156,SPEAKER_03,1606.7,1612.166667,1606.7,1611.47534375,4,2.9190937500004566,2.9190625,disengaged
31.279383,0.17412157,25.826008,29.652946,37.579468,11.75346,229.39676,0.0,-45.71006,87.9598,0.5029768,0.07294179,0.47714415,0.5037548,0.5324282,0.055284053,1.7492405,0.72802156,-0.06467923,0.665289,0.16323362,0.21643233,28.42536,0.07219571,6.5404162,0.5859873,1.4627918,3.4746606,-8.242266,-0.72934276,0.08452147,1.3419967,0.8576745,0.4910131,4.5309634,0.28870675,6.574035,1.4848895,23.29282,0.5568349,925.282,0.11571555,1194.7141,0.15454541,-86.002754,-1.0307662,2008.4182,0.0761022,1208.7045,0.27499777,-92.65162,-0.88569623,2976.237,0.053661775,969.41736,0.31858256,-94.53233,-0.85318744,-14.427069,-0.17504337,30.3813,0.08695441,-0.0081309695,-1.6132048,-0.010924884,-0.5860803,0.1617733,0.20324722,28.369768,0.075861685,5.0463777,0.82146144,1.0491593,3.8392837,-7.1593804,-0.6692712,-16.88592,31.509983,-0.00083028025,-0.008679879,0.17313522,5.6603775,6.382979,0.08333333,0.028674418,0.085,0.065,-28.489029,12,10,156,SPEAKER_00,1606.7,1612.166667,1611.47534375,1612.01534375,1,0.5399999999999636,0.54,disengaged
36.72224,0.08636241,36.607944,37.583317,38.39217,1.7842255,108.753876,94.69098,21.534636,26.431316,0.5272711,0.18769479,0.4359365,0.5110853,0.5932065,0.15727001,2.2673464,1.456694,1.9880621,1.4770303,0.2483904,0.52006805,28.032917,0.08680387,9.61911,0.6032689,5.3185925,1.6169788,-5.800652,-0.8501451,0.028746461,1.1860589,1.2222646,0.46950063,9.112851,0.3168911,4.76965,1.3914407,21.072151,0.39466998,948.6611,0.12680508,1259.5302,0.116754815,-44.918446,-1.1580362,1961.7223,0.07161904,1258.3286,0.27083528,-53.184338,-0.89641935,2964.0808,0.056007095,905.2753,0.23550545,-56.570385,-0.8173288,-19.034071,-0.3663958,33.874023,0.14745493,-0.005889028,-2.1915116,-0.013404692,-0.5266071,0.26106843,0.5209325,28.200512,0.09047926,10.083915,0.5773778,5.727925,1.4753004,-6.0872936,-0.8488793,-14.272294,31.6743,0.002441824,-0.009404451,0.21501166,5.072464,3.0303032,0.2825,0.2543988,0.055,0.005,-23.20664,12,10,157,SPEAKER_00,1612.2,1614.166667,1612.77471875,1614.166667,1,1.3919482500000413,1.3919375,engaged
37.690536,0.01819282,37.22961,37.571125,38.436813,1.2072029,17.564436,10.856839,9.809996,5.7377515,0.52818173,0.15507667,0.46765494,0.5062661,0.60457873,0.13692379,2.1405716,1.147682,2.058303,1.2111446,0.20936093,0.38341898,26.003979,0.14079617,7.96573,0.46075016,1.9522659,2.1968756,-4.102055,-1.0313935,0.035124067,0.5426682,1.0863322,0.34859884,8.467891,0.2541557,2.150205,2.6057167,18.000029,0.37599576,932.8365,0.11095589,1190.6351,0.12700301,-93.648125,-0.8473593,1979.14,0.06574597,1108.573,0.2087032,-98.90032,-0.751749,2983.7937,0.042487696,934.40765,0.31200913,-101.91171,-0.7082766,-17.326223,-0.17449899,31.372192,0.09313764,-0.00549506,-1.9509933,-0.010768772,-0.79344964,0.21948293,0.38695982,26.531322,0.15442334,8.361825,0.41195628,2.3306565,1.8681704,-2.970855,-1.5905715,-15.2719555,29.024199,0.00024190941,-0.012200876,0.20746398,6.6265063,5.0632915,0.11,0.09013878,0.067499995,0.045757513,-26.30237,12,10,158,SPEAKER_00,1614.2,1616.433333,1614.2,1615.8797187500002,1,1.67971875000012,1.6796875,disengaged
36.663567,0.04357999,35.97039,36.929386,38.10547,2.1350784,40.625248,22.725489,32.316986,16.899942,0.7114542,0.22719258,0.5663484,0.6738436,0.8419768,0.27562845,5.800117,2.159585,4.0153937,1.5230047,0.30799147,0.3288185,26.160725,0.16663763,4.5775666,1.576626,2.8081863,2.480631,-18.975517,-0.43656397,0.031952515,0.7378232,1.4113516,0.45363265,5.589738,0.5128914,0.8133726,10.984397,19.509275,0.34133527,789.3164,0.23842554,1380.6708,0.10573536,-126.33281,-0.6615035,1742.5621,0.13057713,1275.2548,0.1765428,-123.77771,-0.6296782,2789.2441,0.07665664,851.1291,0.27064142,-126.39567,-0.5965395,-13.568757,-0.45052618,25.679398,0.3234831,0.006725042,1.8407353,-0.017765423,-0.37614307,0.29760143,0.27668113,26.125164,0.17891113,4.8122063,1.7755214,0.95575875,7.504378,-16.806719,-0.46790597,-13.031968,23.82905,0.0078833075,-0.020112718,0.3177074,5.5248623,5.681818,0.066999994,0.03226453,0.09555555,0.055198856,-25.439308,12,10,159,SPEAKER_03,1616.466667,1618.4,1616.57159375,1618.4,1,1.828406250000171,1.8284375,engaged
36.680466,0.09589791,36.95569,37.713295,38.68447,1.7287827,340.76288,330.04858,32.89915,33.790497,0.5864219,0.2513361,0.45737547,0.55991215,0.67542857,0.2180531,5.1246195,3.2638946,2.2640355,1.938071,0.2905112,0.40206605,27.217072,0.13430984,9.509178,0.5276187,6.1732483,0.7522915,-11.54121,-0.79115736,0.024667062,0.86275625,1.2124056,0.47003925,8.784888,0.39316824,4.1162558,1.9031606,21.36203,0.3998907,865.23956,0.2220197,1372.4044,0.14425738,-92.54594,-0.79952854,1879.92,0.13741075,1351.7666,0.3963237,-96.1499,-0.71807766,2898.096,0.08173974,1054.8751,0.39332792,-98.149025,-0.6886134,-20.530064,-0.2321726,33.264984,0.18571399,-0.00076327124,-15.726506,-0.01703872,-0.46949366,0.28637496,0.3855152,27.757158,0.15513761,11.0523205,0.42558986,7.030812,0.6268032,-9.864599,-0.8425535,-15.70114,27.680773,0.0037576316,-0.019287938,0.3176543,6.4,7.5000005,0.07333333,0.08881941,0.04375,0.033142682,-23.879507,12,10,160,SPEAKER_03,1618.433333,1619.7,1618.433333,1619.7,1,1.2666670000000977,1.2666875,disengaged
0.0,0.0,0.0,0.0,0.0,0.0,0.0,0.0,0.0,0.0,0.65136015,0.24376987,0.48704818,0.6612898,0.8073165,0.3202683,2.1872013,1.782614,4.2276516,0.6651695,0.22920753,0.36477983,25.745136,0.10314879,0.736656,5.885252,6.597671,0.57452077,-13.978456,-0.6028169,0.0,0.0,0.0,0.0,0.0,0.0,0.0,0.0,0.0,0.0,0.0,0.0,0.0,0.0,-201.0,0.0,0.0,0.0,0.0,0.0,-201.0,0.0,0.0,0.0,0.0,0.0,-201.0,0.0,0.0,0.0,0.0,0.0,0.0,0.0,0.0,0.0,0.0,0.0,0.0,0.0,0.0,0.0,0.0,0.0,0.0,0.0,-12.26194,22.438198,-0.009746561,-0.016494453,0.24278943,3.0303032,0.0,0.0,0.0,0.26999998,0.0,-27.519814,12,10,161,SPEAKER_03,1619.733333,1620.233333,1619.733333,1620.08159375,1,0.34826075000000856,0.34825,engaged
36.698376,0.03789041,35.266903,37.444992,37.658035,2.3911324,69.052826,43.768353,43.543163,12.23829,0.72906023,0.30104533,0.46374315,0.74342763,0.9628296,0.49908644,4.077564,2.059333,1.4407759,2.0197074,0.29800475,0.36462176,25.869825,0.09773319,1.9219003,2.2630482,-1.4302897,-7.269311,-21.710274,-0.5258015,0.07252665,0.90447885,1.3046876,0.2992688,3.3935735,0.78725487,-9.697523,-1.0127957,15.748021,0.4020467,654.42847,0.3093358,1356.2664,0.09738209,-104.2649,-0.85391253,1606.7349,0.14685443,1116.3771,0.09357779,-101.406456,-0.8406057,2816.6145,0.0670446,1497.1296,0.5759979,-108.610466,-0.7249106,-11.55922,-0.4179817,26.652994,0.17965086,-0.0034307488,-3.427067,-0.010245209,-0.6537392,0.3139525,0.40938717,26.308367,0.08848187,1.9981974,2.4625735,-6.7601533,-1.6062467,-20.866472,-0.67800725,-12.253768,21.951973,0.0012720057,-0.025557065,0.30661815,4.4117646,4.9180326,0.099999994,0.07118052,0.12,0.089999996,-26.080786,12,10,165,SPEAKER_03,1622.166667,1625.4,1622.84909375,1623.5409687500005,1,0.6918750000004366,0.691875,engaged
37.72368,0.108487554,37.170425,37.68912,39.43383,2.2634048,252.9397,501.41232,315.21698,668.585,0.6773206,0.410141,0.4443727,0.60812235,0.862825,0.41845226,4.5261674,2.7357442,2.751153,1.6390433,0.28223917,0.65034056,25.270187,0.18947749,6.2777286,1.2395209,-0.703732,-12.6776905,-12.067126,-1.0726799,0.030263195,1.020648,1.1787797,0.45170954,6.942355,0.370071,0.504914,20.847929,18.359755,0.6253559,823.1867,0.22837977,1347.4083,0.20757112,-68.483,-1.1852293,1845.8868,0.13860296,1206.3108,0.22159111,-71.207306,-1.0278745,2871.5215,0.07639091,927.96106,0.30881798,-74.98224,-0.9456352,-15.05429,-0.3324062,27.479567,0.22285704,0.0004857906,39.125065,-0.016683007,-0.7410677,0.26847333,0.63453215,25.258251,0.17568406,6.2704115,1.3074162,-0.6147583,-14.988302,-11.902844,-1.1336378,-14.123502,25.958908,0.0041685104,-0.016050313,0.330348,2.2505627,3.165034,0.22190475,0.1995738,0.0946875,0.09813844,-25.04767,12,10,166,SPEAKER_03,1625.433333,1658.7,1625.433333,1657.3584687500002,8,13.345760750000409,13.34575,disengaged
36.99947,0.08019986,37.147343,37.602303,38.047318,0.8999748,86.26149,88.73595,140.17104,291.45544,0.5834991,0.27260882,0.4578461,0.5312922,0.694116,0.23626989,2.600018,1.8946612,2.4038818,1.6176636,0.25262153,0.6074805,26.11261,0.15309261,7.525799,0.86853665,0.35740432,21.602846,-5.352215,-1.6223683,0.038429875,1.0084863,1.1078856,0.34802315,7.530729,0.334131,3.5278661,2.2963738,18.497725,0.46750975,914.6036,0.15253878,1217.8291,0.16227044,-58.914875,-1.1694653,1955.8926,0.10226549,1169.5535,0.23537797,-65.70117,-0.96103436,2951.701,0.061476655,934.0078,0.28238443,-69.42128,-0.88341993,-15.4612665,-0.3969132,30.99521,0.15660472,-0.006074175,-2.4584708,-0.011780146,-0.86816245,0.24658689,0.6029685,25.9437,0.16311458,8.141626,0.80312294,0.73886865,10.377903,-4.962742,-1.8181926,-12.773646,28.686766,-0.0018959971,-0.012990415,0.27746645,2.669903,3.1784844,0.24,0.19999999,0.069,0.04357752,-24.848673,12,10,166,SPEAKER_00,1625.433333,1658.7,1625.4478437500002,1635.94409375,5,8.2518749999997,8.251875,disengaged
37.457436,0.07892676,36.79035,37.70891,39.12164,2.3312874,94.33762,120.751976,62.16009,93.96035,0.8464274,0.43231556,0.5154169,0.7972718,1.1420606,0.6266437,5.729483,2.4755445,4.3043594,1.9068558,0.36802548,0.50711876,23.935793,0.23062783,1.8629048,5.7113223,0.50577825,22.58574,-16.698072,-0.7881701,0.023472829,1.2653394,1.1781319,0.43086123,7.061279,0.34086153,4.2876024,2.247668,19.827227,0.4497085,731.243,0.26541057,1353.9026,0.13536316,-60.15117,-1.3295157,1748.4214,0.1382077,1137.3274,0.26675925,-61.147316,-1.1837778,2796.468,0.082274444,893.56354,0.39207503,-65.10956,-1.0742074,-12.642083,-0.44666794,23.57237,0.2833227,0.012098128,1.5656576,-0.021040391,-0.55929756,0.38483468,0.49200478,24.560884,0.19553703,0.5892197,18.30494,-0.51890314,-22.706158,-17.90813,-0.74667275,-13.51874,23.705563,0.0034624154,-0.015577754,0.32815287,2.7699263,3.289847,0.22258621,0.1971133,0.073829785,0.051221386,-23.217644,12,10,168,SPEAKER_03,1659.866667,1694.8,1662.25221875,1694.71971875,12,17.701875000000427,17.701875,disengaged
39.103188,0.07208413,37.608727,37.71402,41.469616,3.8608894,51.863163,40.621056,88.63963,116.48796,0.5811119,0.43949255,0.38539955,0.45602065,0.7986533,0.41325375,3.967709,2.8393633,2.425386,1.1797767,0.23749012,0.6914923,26.04367,0.21112724,9.214989,0.8247932,-1.2003983,-7.8408213,-7.151116,-2.019834,0.03743912,0.9746903,1.2482545,0.39016196,6.945294,0.32720575,1.7118497,4.299018,17.762362,0.5544146,854.6918,0.2320685,1263.3704,0.13000448,-33.367573,-1.469588,1913.5194,0.15387805,1230.7695,0.22629976,-39.62054,-1.0668006,2877.978,0.07332147,952.79565,0.30499327,-43.404972,-0.92712307,-17.209833,-0.24296933,29.83559,0.16392483,-0.011214617,-1.3400865,-0.016462855,-0.7276341,0.23968661,0.68296456,26.274935,0.2070003,8.927476,0.8511356,-1.4377323,-6.6894894,-7.642891,-1.8895555,-17.839462,29.445467,-0.012310034,-0.015966412,0.2539536,2.52809,2.0,0.45285714,0.3504574,0.044999998,0.018027756,-25.1108,12,10,168,SPEAKER_00,1659.866667,1694.8,1689.64034375,1694.02784375,3,3.5774999999998727,3.5775,disengaged
37.326065,0.06923858,37.50151,37.666496,38.695454,1.193943,679.2024,370.05896,24.153355,5.145439,0.48281357,0.14646609,0.420197,0.46638653,0.5547871,0.13459009,2.3855023,1.1337267,1.8151704,1.4733315,0.2082886,0.4465241,28.34095,0.12052122,9.050498,0.442946,4.9906607,0.7852674,-1.9042531,-3.1618876,0.043742925,1.4671457,1.1474571,0.3290319,8.983201,0.24392258,8.941323,1.0057719,21.331715,0.49545115,908.684,0.16491538,1214.9891,0.20751336,-43.131203,-1.076898,1958.414,0.08859672,1099.1848,0.190058,-49.896904,-0.8551027,2994.0225,0.06284191,956.40753,0.3176078,-53.4968,-0.77579427,-18.526005,-0.22557881,33.08214,0.10285412,-0.007619218,-1.9180065,-0.011041178,-0.84572357,0.20569223,0.4500662,28.150372,0.122845866,9.514683,0.38631633,5.0897975,0.7868949,-1.4176899,-4.4123187,-17.650621,31.665237,-0.0088514,-0.011912369,0.21303147,6.1068707,3.2,0.2725,0.1759794,0.03,0.014142135,-26.144173,12,10,169,SPEAKER_00,1694.833333,1697.5,1695.7828437500002,1697.5,2,1.3290312499998436,1.3290625,engaged
36.659622,0.09226882,37.036774,37.571575,37.9001,0.863327,455.96777,522.87256,85.47864,121.43369,0.5030308,0.16891536,0.4359104,0.48146355,0.5653917,0.12948132,2.0185714,1.0165633,1.6823118,1.2948865,0.20631257,0.42681977,26.940853,0.13067073,8.597629,0.57906544,2.909278,2.2628195,-4.388533,-1.5362715,0.034852132,0.91402256,1.1456777,0.37772718,7.877575,0.28686,6.004185,1.4914896,20.489735,0.41081652,886.0645,0.18207341,1282.8176,0.17360346,-64.92912,-1.113967,1923.1327,0.10424866,1212.2369,0.20753822,-70.1674,-0.93114036,2926.778,0.06631382,960.31885,0.25670266,-73.43441,-0.86702895,-17.001781,-0.26504463,31.806726,0.12478614,-0.004129472,-3.3686385,-0.0119142635,-0.6507894,0.20621671,0.44398052,26.905136,0.14152823,8.958056,0.55840075,2.7742267,2.3308494,-4.498641,-1.5147924,-15.631915,30.052467,-0.010148244,-0.0117782345,0.20816626,4.03071,3.0858245,0.2409375,0.24325085,0.06862069,0.09572676,-26.914122,12,10,170,SPEAKER_00,1697.533333,1834.1,1697.533333,1729.9209687500002,12,10.433260750001182,10.43325,disengaged
36.62578,0.091413215,35.92926,37.352936,37.877872,1.9486122,182.75093,153.56122,65.922806,80.830025,0.6577325,0.36068,0.46280116,0.5811061,0.84427947,0.3814783,4.740331,3.8267088,3.299017,2.0309148,0.27775738,0.49504146,26.45074,0.14664178,5.9613814,1.1542884,0.90762746,10.211008,-14.395261,-0.7712668,0.033188533,1.3012298,1.2120798,0.4140291,6.5431967,0.36434543,2.1446915,4.577693,20.130299,0.5758283,779.2035,0.25226635,1370.7079,0.16949125,-77.48741,-1.0680069,1783.29,0.14230083,1202.183,0.25956383,-79.629005,-0.9517036,2835.2878,0.07477325,921.98615,0.36736605,-83.66404,-0.87356246,-14.903488,-0.31399295,27.48735,0.21947978,0.006970672,3.001442,-0.017919661,-0.54052263,0.28133753,0.51438105,26.423092,0.14444539,5.4308414,1.33679,0.28392315,33.83815,-15.054681,-0.7761211,-15.555661,28.069101,-0.00019848988,-0.01836977,0.27225593,2.7052681,4.0389643,0.15970588,0.1640066,0.074183,0.07113104,-25.441767,12,10,170,SPEAKER_03,1697.533333,1834.1,1713.01221875,1828.69034375,42,42.153749999999945,42.15375,disengaged
35.342976,0.12366971,33.67509,37.482174,37.67663,4.0015373,324.93063,392.59204,52.654926,62.460033,0.4504084,0.12004025,0.40929085,0.43023053,0.49023697,0.08094612,1.452292,0.6851821,0.9780125,0.57366353,0.1544341,0.3391842,27.57756,0.07894838,8.866725,0.36651146,4.4422603,1.2865874,-3.9776278,-1.3173411,0.04058928,0.8705922,1.1516286,0.33906615,6.7610674,0.21870027,1.1261026,9.746938,18.353617,0.5275161,872.63776,0.20040041,1333.0842,0.16112472,-47.98311,-1.3081172,1887.9785,0.109372035,1232.5375,0.24720751,-54.279682,-1.0674764,2898.33,0.06421456,964.60297,0.27542078,-58.37985,-0.9610096,-17.36853,-0.14251877,32.006664,0.057417363,-0.009349589,-1.3241768,-0.012020568,-0.51940775,0.14703698,0.2610231,27.487461,0.0824465,8.495797,0.38015026,3.580854,1.5880684,-4.5384264,-1.1625525,-18.677116,32.646317,-0.015009672,-0.010342726,0.190537,5.5727553,2.201258,0.3757143,0.22658062,0.055714287,0.04923911,-28.921186,12,10,170,SPEAKER_01,1697.533333,1834.1,1772.2772187500002,1832.80784375,4,3.2399999999995543,3.24,disengaged
