F0semitoneFrom27.5Hz_sma3nz_amean,F0semitoneFrom27.5Hz_sma3nz_stddevNorm,F0semitoneFrom27.5Hz_sma3nz_percentile20.0,F0semitoneFrom27.5Hz_sma3nz_percentile50.0,F0semitoneFrom27.5Hz_sma3nz_percentile80.0,F0semitoneFrom27.5Hz_sma3nz_pctlrange0-2,F0semitoneFrom27.5Hz_sma3nz_meanRisingSlope,F0semitoneFrom27.5Hz_sma3nz_stddevRisingSlope,F0semitoneFrom27.5Hz_sma3nz_meanFallingSlope,F0semitoneFrom27.5Hz_sma3nz_stddevFallingSlope,loudness_sma3_amean,loudness_sma3_stddevNorm,loudness_sma3_percentile20.0,loudness_sma3_percentile50.0,loudness_sma3_percentile80.0,loudness_sma3_pctlrange0-2,loudness_sma3_meanRisingSlope,loudness_sma3_stddevRisingSlope,loudness_sma3_meanFallingSlope,loudness_sma3_stddevFallingSlope,spectralFlux_sma3_amean,spectralFlux_sma3_stddevNorm,mfcc1_sma3_amean,mfcc1_sma3_stddevNorm,mfcc2_sma3_amean,mfcc2_sma3_stddevNorm,mfcc3_sma3_amean,mfcc3_sma3_stddevNorm,mfcc4_sma3_amean,mfcc4_sma3_stddevNorm,jitterLocal_sma3nz_amean,jitterLocal_sma3nz_stddevNorm,shimmerLocaldB_sma3nz_amean,shimmerLocaldB_sma3nz_stddevNorm,HNRdBACF_sma3nz_amean,HNRdBACF_sma3nz_stddevNorm,logRelF0-H1-H2_sma3nz_amean,logRelF0-H1-H2_sma3nz_stddevNorm,logRelF0-H1-A3_sma3nz_amean,logRelF0-H1-A3_sma3nz_stddevNorm,F1frequency_sma3nz_amean,F1frequency_sma3nz_stddevNorm,F1bandwidth_sma3nz_amean,F1bandwidth_sma3nz_stddevNorm,F1amplitudeLogRelF0_sma3nz_amean,F1amplitudeLogRelF0_sma3nz_stddevNorm,F2frequency_sma3nz_amean,F2frequency_sma3nz_stddevNorm,F2bandwidth_sma3nz_amean,F2bandwidth_sma3nz_stddevNorm,F2amplitudeLogRelF0_sma3nz_amean,F2amplitudeLogRelF0_sma3nz_stddevNorm,F3frequency_sma3nz_amean,F3frequency_sma3nz_stddevNorm,F3bandwidth_sma3nz_amean,F3bandwidth_sma3nz_stddevNorm,F3amplitudeLogRelF0_sma3nz_amean,F3amplitudeLogRelF0_sma3nz_stddevNorm,alphaRatioV_sma3nz_amean,alphaRatioV_sma3nz_stddevNorm,hammarbergIndexV_sma3nz_amean,hammarbergIndexV_sma3nz_stddevNorm,slopeV0-500_sma3nz_amean,slopeV0-500_sma3nz_stddevNorm,slopeV500-1500_sma3nz_amean,slopeV500-1500_sma3nz_stddevNorm,spectralFluxV_sma3nz_amean,spectralFluxV_sma3nz_stddevNorm,mfcc1V_sma3nz_amean,mfcc1V_sma3nz_stddevNorm,mfcc2V_sma3nz_amean,mfcc2V_sma3nz_stddevNorm,mfcc3V_sma3nz_amean,mfcc3V_sma3nz_stddevNorm,mfcc4V_sma3nz_amean,mfcc4V_sma3nz_stddevNorm,alphaRatioUV_sma3nz_amean,hammarbergIndexUV_sma3nz_amean,slopeUV0-500_sma3nz_amean,slopeUV500-1500_sma3nz_amean,spectralFluxUV_sma3nz_amean,loudnessPeaksPerSec,VoicedSegmentsPerSec,MeanVoicedSegmentLengthSec,StddevVoicedSegmentLengthSec,MeanUnvoicedSegmentLength,StddevUnvoicedSegmentLength,equivalentSoundLevel_dBp,participant,session,engagement_id,speaker,engagement_start_time,engagement_end_time,speaker_start_time,speaker_end_time,num_segments,speech_duration,label
33.36775,0.108485036,32.109074,34.886944,35.703472,3.5943985,17.253494,0.0,-390.91138,0.0,0.14014494,0.24684983,0.11828349,0.13273735,0.15710397,0.038820483,1.982648,1.707479,0.1273416,0.6241848,0.034909684,0.56406724,26.581387,0.19712381,7.6054897,0.9985154,5.582358,1.3816108,-1.1286119,-9.160227,0.12067186,0.71196806,1.5924249,0.2004876,7.6849256,0.23075041,6.007467,0.70807004,21.845604,0.4112183,850.5429,0.049912874,1143.0321,0.1402189,-146.47966,-0.5089159,1972.9645,0.032403592,753.16534,0.22708914,-149.12138,-0.4746619,2975.545,0.035772055,766.9858,0.13192767,-149.82773,-0.46696606,-23.002989,-0.10139623,31.86125,0.18811357,0.032107096,0.28572962,-0.02470697,-0.27465215,0.03945692,0.24467976,31.300913,0.12773998,16.94737,0.10838786,10.927379,0.31027883,-2.1463103,-4.40748,-12.804685,21.308907,0.027643383,-0.009003803,0.036615983,7.3170733,5.555556,0.044999998,0.015,0.114999995,0.035,-42.8601,18,11,0,SPEAKER_01,0.0,9.333333,4.03034375,4.45221875,1,0.421875,engaged
36.647804,0.11718234,31.922525,36.59432,38.811676,6.8891506,369.63132,0.0,-45.61,51.917522,0.3995706,0.34580195,0.24411602,0.41039443,0.5542908,0.31017476,2.4230056,0.8829899,2.441749,0.86344326,0.1549706,0.6510083,22.795378,0.3187637,0.50810546,16.990885,-11.590546,-0.4867004,-10.842316,-1.1008468,0.070056014,1.0616716,1.6531383,0.44502416,6.1829023,0.5218373,19.168482,0.20258321,33.43766,0.15712386,785.3373,0.25037387,1320.8169,0.19394533,-112.05691,-0.8386949,1802.3165,0.15251403,1024.4299,0.17182316,-109.295235,-0.790567,2860.0796,0.09518299,857.1913,0.23489372,-113.07979,-0.73118156,-15.377539,-0.34991208,26.396389,0.28373545,0.058605358,0.4003019,-0.021815859,-0.49778593,0.23081729,0.36888668,27.668833,0.15258192,2.751921,3.2229433,-13.184721,-0.31568974,-14.660826,-0.8771062,-9.2716055,18.277138,0.03093865,-0.013537233,0.10065557,3.1746032,3.448276,0.13499999,0.035,0.086666666,0.0518545,-30.440456,18,11,0,SPEAKER_01,0.0,9.333333,4.92471875,5.56596875,1,0.64125,engaged
36.21545,0.13868468,34.160168,35.796707,36.696552,2.5363846,228.57727,160.83424,131.14708,194.76071,0.45722026,0.42539668,0.26465067,0.44153723,0.6438968,0.37924615,5.6668253,3.6947532,3.678887,1.945384,0.17088947,0.64154446,25.282545,0.40932524,4.9230633,1.9517325,-14.772011,-0.7322039,-12.153384,-1.0391585,0.021711804,1.87148,1.0801263,0.67444974,7.968595,0.4032417,4.9360285,1.8004335,29.567879,0.30141753,753.6774,0.22696143,1303.1044,0.14588605,-75.22204,-1.2055272,1808.054,0.14139156,1072.2761,0.22753361,-78.63716,-1.0153255,2900.2651,0.094179824,936.28217,0.25252384,-84.84865,-0.88922596,-13.801037,-0.47471875,27.591663,0.24444444,0.06933529,0.25014102,-0.018855197,-0.6051626,0.2043064,0.5295643,30.116753,0.21878947,3.2455003,2.9954526,-14.49658,-0.8186671,-16.970709,-0.5592848,-9.231035,18.950151,0.04199353,-0.00594276,0.102422565,4.398827,2.9850748,0.21700001,0.069,0.096,0.049234133,-28.715687,18,11,0,SPEAKER_01,0.0,9.333333,5.90346875,9.333333,1,3.429875,engaged
44.105198,0.009842003,43.71615,43.9434,44.497864,0.7817154,0.0,0.0,-0.15410566,0.0,0.3760938,0.40547407,0.20616129,0.35741043,0.5446849,0.3385236,2.6515212,1.0850571,5.0370917,1.0078192,0.11565055,0.4867796,22.132853,0.15397498,0.063398205,95.20276,-1.7494003,-3.0437016,-28.267693,-0.21343052,0.05509911,0.39412352,1.4027538,0.07994811,4.5799007,0.34534398,15.31506,0.3130809,20.586946,0.061105322,624.72455,0.23186031,1273.6533,0.11211308,-124.556625,-0.6349562,1705.1017,0.14431943,988.1997,0.17400496,-80.66152,-0.9662975,2728.251,0.06936324,952.2905,0.10060912,-82.36023,-0.9339055,-12.770958,-0.22560827,20.890816,0.21299805,0.07042681,0.07278939,-0.020569453,-0.34855998,0.1846028,0.23592283,24.55934,0.11504732,-4.4090033,-1.0790297,-5.9987564,-0.5022951,-29.853434,-0.14120345,-12.537258,20.738565,0.06694799,-0.022418736,0.10647331,5.882353,8.333334,0.07,0.0,0.03,0.0,-33.23003,18,11,1,SPEAKER_01,9.366667,10.1,9.366667,9.54846875,1,0.1818125,disengaged
0.0,0.0,0.0,0.0,0.0,0.0,0.0,0.0,0.0,0.0,0.17011786,0.68060786,0.09422204,0.09979171,0.2424587,0.14823666,0.041286178,0.0,0.0,0.0,0.105748765,1.3126347,30.787792,0.17410034,16.903934,0.1062942,-6.977435,-0.3174932,-12.080017,-0.49344185,0.0,0.0,0.0,0.0,0.0,0.0,0.0,0.0,0.0,0.0,0.0,0.0,0.0,0.0,-201.0,0.0,0.0,0.0,0.0,0.0,-201.0,0.0,0.0,0.0,0.0,0.0,-201.0,0.0,0.0,0.0,0.0,0.0,0.0,0.0,0.0,0.0,0.0,0.0,0.0,0.0,0.0,0.0,0.0,0.0,0.0,0.0,-16.935696,30.212399,0.043825354,-0.009193082,0.018960198,0.0,0.0,0.0,0.0,0.02,0.0,-34.583042,18,11,1,SPEAKER_01,9.366667,10.1,10.004093750000004,10.1,1,0.0959375,disengaged
36.55291,0.027086625,35.654213,36.466866,37.533165,1.878952,65.34243,0.0,5.218729,18.75773,0.31293204,0.50543743,0.16471758,0.27672458,0.4322273,0.26750973,4.7850347,2.8351226,2.4974682,2.035477,0.1390457,0.89894545,25.882292,0.3965434,14.565235,0.58682996,-3.6749382,-2.275603,-14.353099,-0.82183945,0.033389606,0.4279912,2.2344122,0.4757196,6.879454,0.5067663,6.379611,0.9111157,33.6339,0.19777888,810.7084,0.16556278,1313.7316,0.098702796,-118.78948,-0.71520764,1916.8097,0.15812528,1180.5948,0.49263027,-118.96588,-0.6504872,3011.6765,0.10044972,1130.3799,0.3722152,-121.328384,-0.61899257,-20.4468,-0.3246774,28.014654,0.30326203,0.07049334,0.22570466,-0.022931961,-0.48977837,0.20812148,0.7204141,28.508923,0.31464484,15.125362,0.5544668,-4.135955,-2.258275,-18.030704,-0.61277205,-12.753735,20.298681,0.059363894,-0.014986653,0.09275891,3.6363635,6.1224494,0.07,0.014142135,0.114999995,0.005,-30.036787,18,11,2,SPEAKER_01,10.133333,10.7,10.133333,10.7,1,0.5666875,engaged
36.181557,0.06888643,34.01836,36.072685,38.307674,4.2893143,2.419281,0.0,18.578304,0.0,0.42333406,0.37390304,0.2669667,0.4446214,0.5709263,0.3039596,3.0177987,2.1026626,2.133177,0.595467,0.19015017,0.84246737,28.68655,0.34345582,7.9328055,1.7623808,-5.5710974,-2.1909208,-21.50797,-0.49475014,0.013530579,0.56675816,0.7952313,0.4746644,9.277721,0.39436108,10.919397,0.55010873,34.06373,0.19693251,822.28394,0.15360467,1227.5126,0.12261095,-73.37641,-1.1910497,1935.1503,0.098910525,1033.3704,0.15512694,-86.580925,-0.893957,3018.1685,0.0642714,873.6069,0.29325324,-88.85022,-0.8456966,-20.019812,-0.51465565,31.622366,0.27950177,0.054045074,0.3755299,-0.022371465,-0.65686065,0.253027,0.6577094,34.51199,0.11017369,12.431553,1.2262626,-3.2844546,-2.915748,-21.731564,-0.51322466,-2.233131,20.284271,0.045927577,0.0057829455,0.09661477,3.896104,1.388889,0.48,0.0,0.105,0.065,-24.818964,18,11,3,SPEAKER_01,10.733333,15.6,10.733333,11.52284375,1,0.7895,disengaged
36.338295,0.043354258,34.35496,36.305256,38.002716,3.6477547,20.471409,11.789913,9.502039,13.165074,0.47976026,0.36496624,0.332955,0.43727446,0.6334399,0.3004849,5.0945473,1.8922018,5.225603,1.0278902,0.22160508,0.56227094,31.744524,0.18481866,2.1190162,5.0872126,-13.050862,-0.93206203,-14.0124,-0.8049338,0.015056223,0.57226807,1.0808814,0.39762482,8.166174,0.34976438,8.043815,1.3286754,34.388584,0.19675572,786.5932,0.19594222,1348.8138,0.21145345,-62.55958,-1.2992622,1811.0624,0.13612147,1227.4116,0.26718947,-71.90265,-1.0071092,2951.1328,0.10535581,1009.3708,0.23785275,-79.91482,-0.8424442,-15.274125,-0.48686215,30.992844,0.2719685,0.053797062,0.44621977,-0.020076146,-0.8699893,0.23706342,0.5267134,33.359573,0.1335308,3.676782,2.7237887,-12.403178,-1.0309403,-14.719715,-0.7515037,-10.481547,23.718304,0.040132556,-0.0076186704,0.163236,5.6179776,3.6144578,0.19333334,0.0518545,0.06333333,0.01699673,-27.144321,18,11,3,SPEAKER_01,10.733333,15.6,14.695343750000005,15.6,1,0.9046875,disengaged
39.86978,0.13264343,35.204853,35.94144,46.13556,10.930706,180.93492,159.03871,16.560095,14.561974,0.44926018,0.29496145,0.35587442,0.39556688,0.54983497,0.19396055,4.311922,3.7001638,1.4098144,0.9216978,0.13658254,0.798483,23.007708,0.40941906,3.248906,2.585286,-16.621113,-0.7332536,-11.578218,-0.8095055,0.03539338,0.79366475,1.0537101,0.44295755,5.6257825,0.6392712,12.333723,0.5259479,32.012695,0.172106,817.73157,0.21559589,1234.7986,0.14533398,-24.431532,-2.1866078,1843.5973,0.12797323,977.3817,0.20217523,-35.79113,-1.2908286,2943.2808,0.08902939,836.5942,0.2539266,-45.687283,-0.94258136,-12.803875,-0.47256523,24.980564,0.28971514,0.062377416,0.2831392,-0.015260557,-0.74284244,0.1393706,0.76979905,23.915607,0.39760193,3.9636903,2.0680327,-15.822821,-0.8068267,-11.542634,-0.8645835,-11.6401415,22.530865,0.05847768,-0.0186318,0.16362257,4.0983605,2.586207,0.3433333,0.16539514,0.04,0.01,-29.994629,18,11,4,SPEAKER_01,15.633333,18.0,15.633333,16.872218750000002,1,1.238875,engaged
38.509583,0.07242266,36.67717,37.556007,40.090675,3.4135056,68.67901,57.378044,107.904274,126.16364,0.38910386,0.5173559,0.23585406,0.29118246,0.58541304,0.34955898,4.2825265,1.8022567,-0.035867054,3.2116094,0.17393893,0.8569074,22.910978,0.51999897,5.2782884,1.4320751,-14.2016115,-0.80078465,-8.421006,-1.289138,0.020176008,0.7440683,1.3830041,0.503188,8.644288,0.38139918,12.010308,0.70426095,37.00555,0.13465938,778.6981,0.1534193,1389.5437,0.13786294,-106.41035,-0.8262658,1860.3031,0.121768154,1070.0488,0.28134528,-112.058304,-0.7090544,3016.5708,0.09160768,1032.3679,0.23247932,-118.076324,-0.6215821,-16.468245,-0.34623483,28.313328,0.30805457,0.06430636,0.2244476,-0.019490534,-0.56298053,0.2625518,0.5925678,29.925493,0.23470598,6.1123843,1.3380026,-13.604002,-0.9189197,-14.956264,-0.6964079,-9.760668,17.011168,0.03869365,-0.009947062,0.077084616,4.166667,6.0606065,0.074999996,0.03905125,0.09666667,0.024944382,-27.904263,18,11,4,SPEAKER_01,15.633333,18.0,17.26034375,18.0,1,0.7396875,engaged
43.78045,0.01656977,43.593872,43.82263,44.349106,0.75523376,10.22391,4.630738,5.5907063,0.0,0.47738087,0.1582682,0.39218986,0.48479125,0.55511487,0.162925,1.7970319,0.7673927,0.8840068,0.33001003,0.097365804,0.41321817,20.766628,0.22617733,-13.729853,-0.2808235,-33.69086,-0.1117208,6.1841164,1.0330354,0.008288532,0.504893,0.96275073,0.3244204,8.068813,0.33046183,-1.8188174,-1.910107,18.98335,0.22763729,811.2033,0.21842566,1510.4569,0.20767094,-5.0339513,-6.094132,1656.6366,0.119447276,1356.9829,0.17960688,-4.139332,-3.8061347,2806.36,0.076218866,995.17566,0.24117947,-23.782902,-0.593311,3.408788,1.0584375,25.90064,0.11969859,0.04731614,0.26309898,0.016063148,0.56463426,0.10160502,0.39528388,21.0719,0.22326685,-13.9641485,-0.28714594,-34.198715,-0.10585934,6.869321,0.9163051,4.1442356,27.648964,0.05687207,0.010295062,0.13972242,4.6153846,1.6949153,0.58,0.0,0.0,0.0,-33.31154,18,11,5,SPEAKER_01,18.033333,18.7,18.033333,18.7,1,0.6666875,disengaged
39.73228,0.11482614,35.306545,37.59221,44.83764,9.531094,175.1558,130.31364,22.101103,10.127582,0.4903048,0.33411938,0.35380274,0.46364546,0.6092001,0.25539738,6.6742654,3.8849297,1.8461866,1.4009408,0.1952332,0.7743381,25.049648,0.3147059,1.0583638,15.725492,-17.865143,-1.036888,-14.85551,-0.73098916,0.038712647,1.3846364,1.320427,0.471859,6.444071,0.5189081,5.5705986,1.8362477,28.53601,0.314835,775.1327,0.22270441,1391.1938,0.15436466,-46.568047,-1.5343316,1752.5328,0.13061894,1152.9717,0.2503406,-48.7419,-1.3457487,2887.218,0.080460876,911.4045,0.36251453,-59.517147,-0.9939597,-11.218869,-0.94444233,29.335358,0.15858366,0.06521674,0.2813548,-0.008647766,-2.4273236,0.20820858,0.7911611,26.710318,0.25417835,-0.7804928,-22.308115,-19.953783,-0.953882,-14.419881,-0.76286733,-15.012254,24.22128,0.061254703,-0.017668061,0.1490858,4.6153846,3.1496062,0.2525,0.24175142,0.064,0.030066589,-28.251238,18,11,6,SPEAKER_01,18.733333,23.233333,18.733333,21.344093750000003,1,2.61075,engaged
37.09594,0.086772256,35.500378,37.089233,38.15521,2.654831,78.78009,10.631863,21.92904,14.757467,0.45060733,0.38475487,0.273626,0.42296973,0.6136626,0.3400366,5.168543,3.25536,2.128401,1.46676,0.20432872,0.8080934,26.948883,0.37231958,7.1268525,1.4730327,-14.998257,-0.8624149,-9.08504,-1.2194183,0.025722638,1.5220443,1.1053927,0.6328532,9.029099,0.28185213,2.3913567,4.1563706,27.538185,0.29393432,839.09143,0.15840265,1278.2987,0.16246788,-67.36836,-1.2087183,1883.0967,0.10935464,1084.412,0.21224229,-77.13403,-0.9569426,3011.5137,0.06926926,978.80084,0.30692634,-82.787155,-0.83859354,-16.894632,-0.49965456,32.60348,0.18837504,0.053084593,0.291061,-0.017891372,-0.7642254,0.24776754,0.71864545,30.958305,0.2185525,7.730775,1.452837,-13.544441,-1.0602152,-13.438448,-0.67964965,-8.975013,18.654263,0.034554124,-0.004745977,0.10175516,6.0402684,2.7972028,0.25,0.053851645,0.12,0.06480741,-26.095657,18,11,6,SPEAKER_01,18.733333,23.233333,21.73221875,23.233333,1,1.501125,engaged
36.102062,0.07684031,34.224518,35.48638,35.806282,1.5817642,54.84031,23.651598,12.135718,3.0436728,0.48364654,0.5096985,0.26780924,0.3906196,0.7434114,0.47560218,6.4718237,4.0631766,3.6823127,1.644576,0.19342063,0.68222576,27.20445,0.2641692,0.15833476,51.034927,-15.142539,-0.7325169,-15.436105,-0.6838267,0.026869908,0.90469337,1.3151733,0.43145454,6.475017,0.4205192,3.8530319,2.1449237,28.631428,0.3524653,827.4447,0.19414006,1348.84,0.28416452,-64.77918,-1.3298082,1846.7053,0.14215924,1139.0659,0.30406648,-70.80914,-1.1010329,2937.5017,0.075378574,918.9275,0.26345354,-77.33367,-0.9498577,-9.793132,-0.8949223,27.159174,0.27875558,0.070322335,0.25912166,-0.013126317,-1.3380202,0.23398992,0.5772458,28.25923,0.2748602,0.4793051,19.16045,-16.51714,-0.71515113,-17.927906,-0.61397654,-11.338843,21.42211,0.055283796,-0.019702014,0.1251187,4.8192773,3.846154,0.17333333,0.08219218,0.0475,0.0147902,-27.370588,18,11,7,SPEAKER_01,23.266667,28.333333,23.266667,24.11159375,1,0.8449375,disengaged
36.88124,0.043963462,35.864727,37.040714,38.1159,2.251171,51.510384,34.945286,18.492197,8.437225,0.3854427,0.5365261,0.19387293,0.33532587,0.5595937,0.36572075,4.6327386,2.6763842,3.6988015,1.2882049,0.18627608,0.7501942,28.241146,0.33385074,7.0305557,1.3602668,-6.7744093,-2.0313542,-13.544649,-0.8379698,0.021859694,0.9675507,1.2794822,0.74488485,9.179645,0.34965652,4.6316366,2.5598528,30.927336,0.27873528,793.49927,0.21248287,1372.7544,0.1634465,-89.72275,-0.9700969,1887.9436,0.1384734,1162.6052,0.26959038,-93.81879,-0.8300941,2974.0874,0.09854053,1076.2291,0.29322398,-98.21938,-0.75668085,-19.5483,-0.40251565,31.802225,0.25280163,0.07042196,0.22339049,-0.025329044,-0.45405644,0.24494973,0.55850464,31.816431,0.19736946,8.336899,1.2881535,-5.843655,-2.6296756,-19.483276,-0.47651654,-12.277451,21.942335,0.048637554,-0.010493706,0.096504055,4.5751634,3.3222592,0.17899999,0.090160966,0.099999994,0.061644137,-26.430822,18,11,7,SPEAKER_01,23.266667,28.333333,24.85409375,27.92534375,1,3.07125,disengaged
43.742985,0.058026575,41.76741,42.8373,45.481506,3.714096,34.26239,0.0,15.819093,0.0,0.42563862,0.44519204,0.23884118,0.41579664,0.57922244,0.34038126,3.7238133,0.9111854,4.07734,0.44153157,0.1574184,0.69264084,18.99101,0.38957617,0.83564675,13.635119,0.03733497,201.92598,-27.516504,-0.5497645,0.019459276,1.2802893,0.577226,1.121662,14.3106985,0.12481513,14.398072,0.3947301,21.171244,0.24089412,927.88574,0.07007291,1217.744,0.12857106,-71.96129,-1.0327532,2117.3823,0.056526788,1100.9875,0.45537263,-81.96657,-0.8315112,2991.2134,0.072909676,1074.8711,0.21869867,-80.30259,-0.8631388,-23.34279,-0.21779878,31.294283,0.16091853,0.07078159,0.36007902,-0.016444985,-0.7307271,0.18477027,0.58250654,23.683144,0.12082434,5.345035,1.5962006,1.978311,3.3668299,-35.314175,-0.31690523,-2.4779553,12.603651,0.050836522,0.014894484,0.100987926,5.555556,2.0408163,0.35,0.0,0.11,0.0,-25.921211,18,11,9,SPEAKER_01,29.233333,71.5,57.03471875,57.59159375,1,0.556875,disengaged
35.7107,0.11009329,34.12423,36.316395,38.220875,4.0966454,138.71902,66.5255,36.558292,19.09784,0.40986568,0.47018012,0.25681373,0.33436304,0.56737405,0.31056032,3.9275393,2.0014796,2.6492844,1.566746,0.14794105,0.7745006,21.260906,0.34596115,-2.108935,-4.9786043,-19.254358,-0.40373516,-5.678797,-1.7160178,0.034053236,1.3725256,1.213525,0.46587947,5.7608504,0.55324847,0.6999162,19.312685,23.021444,0.62651694,720.6643,0.2707495,1287.4525,0.13044427,-128.31279,-0.7003027,1746.1044,0.16652595,1058.248,0.22923192,-121.56637,-0.7208981,2827.9207,0.11946411,960.1883,0.18681638,-126.11098,-0.65335834,-9.30214,-1.1437179,25.072535,0.29304162,0.06031774,0.27765587,-0.010753374,-1.674492,0.23609088,0.53126794,26.660048,0.21650413,-2.5187066,-5.7837353,-20.060354,-0.48337162,-8.955348,-0.993887,-7.446682,18.990269,0.034532648,-0.0053710104,0.08749978,4.545455,3.6458335,0.105714284,0.091629244,0.14714286,0.119488694,-30.914145,18,11,9,SPEAKER_01,29.233333,71.5,59.46471875,61.45596875,1,1.99125,disengaged
35.529682,0.1163847,34.316875,36.0425,37.823082,3.5062065,78.4419,88.67009,35.638927,21.045912,0.38131616,0.46978503,0.24059239,0.3421401,0.5337408,0.29314843,4.2179008,1.829898,3.3733668,2.4795742,0.15390041,0.77238476,23.241547,0.50417596,8.77889,1.420664,-6.326161,-1.7405303,-10.895559,-1.0774057,0.02849809,1.8061928,1.1174198,0.61589724,8.256457,0.52296674,9.730481,0.9661982,30.651392,0.30179766,815.4401,0.18398716,1310.9464,0.15460934,-87.10425,-0.987455,1894.1748,0.124089964,1112.9438,0.2971931,-93.03685,-0.83545685,2980.5637,0.08739267,916.8913,0.22875418,-96.297935,-0.78158635,-18.002043,-0.52072763,29.972292,0.31398806,0.06654949,0.3173552,-0.018236998,-0.6830415,0.20100719,0.58407706,28.990786,0.27424207,11.488113,1.0911518,-4.3295417,-2.715903,-15.446521,-0.6983422,-8.038731,16.37105,0.042306237,-0.0018896225,0.08435158,3.7333333,3.783784,0.155,0.09678769,0.09384615,0.062207893,-26.7246,18,11,9,SPEAKER_01,29.233333,71.5,62.67096875,66.43409375,1,3.763125,disengaged
35.330257,0.03421565,34.540913,35.19751,36.190823,1.64991,44.572693,33.592552,10.044892,15.767785,0.36688277,0.4588435,0.24212179,0.3026635,0.5141559,0.27203414,1.4245816,1.7291219,3.204875,2.1464925,0.15170199,0.6362891,29.612759,0.26795393,2.9197903,3.0387652,-16.389439,-0.57227474,-7.56008,-1.1582829,0.02082378,0.66516095,1.4514418,0.4859043,6.4876337,0.39443588,15.462237,0.39926574,35.857353,0.30092338,772.1395,0.18714425,1280.0385,0.12061402,-65.06571,-1.3235192,1772.3094,0.10108289,1090.2915,0.18838911,-70.160126,-1.1156975,2906.3403,0.050539985,961.0833,0.2162866,-80.10792,-0.9054108,-13.851007,-0.51783925,32.27756,0.13846813,0.06150527,0.3588513,-0.00834838,-1.5228487,0.18157467,0.5762152,32.113888,0.26749903,4.9770885,1.9858284,-16.091022,-0.69768214,-11.100688,-0.7890193,-8.286557,23.191921,0.03515573,0.0034560605,0.11653434,3.773585,2.0833335,0.34,0.0,0.12,0.0,-30.739904,18,11,9,SPEAKER_01,29.233333,71.5,66.88971875,67.42971875,1,0.54,disengaged
35.525085,0.062088195,35.041874,35.76527,36.71285,1.6709747,25.401636,10.069529,-5.536087,20.806395,0.40441886,0.49959734,0.20382763,0.3729409,0.58098584,0.37715822,4.127827,1.8822829,3.1542497,1.7401261,0.15006842,0.7859653,27.471125,0.42762965,7.567886,1.7323129,-10.65401,-1.5029783,-11.488929,-0.95398986,0.01693535,1.43164,1.0379354,0.61981946,9.054544,0.32084203,6.060593,1.7847319,32.032104,0.2888627,728.38666,0.24328427,1393.4934,0.13047539,-67.93329,-1.2482189,1789.4205,0.15279816,1146.4398,0.19722381,-73.00916,-1.0440066,2955.5054,0.09209468,942.00745,0.27565694,-80.46255,-0.88598084,-17.073895,-0.56866163,31.485205,0.24384883,0.07464594,0.2029345,-0.01648201,-0.82724696,0.18581116,0.63007784,32.592583,0.21784285,8.620324,1.6455464,-10.087757,-1.7914811,-14.87611,-0.6005881,-8.120904,16.453232,0.048851743,-0.004066411,0.06343443,4.113924,1.607717,0.444,0.30702442,0.13,0.10661457,-28.521349,18,11,9,SPEAKER_01,29.233333,71.5,67.75034375,70.92284375,1,3.1725,disengaged
35.942513,0.0022425966,35.868027,35.929317,36.01121,0.14318466,0.043953706,0.0,0.0,0.0,0.38999107,0.65904653,0.13708161,0.30116728,0.6893217,0.5522401,3.4366353,0.0,-6.396796,0.0,0.15981834,0.916919,25.534199,0.31591284,-3.9659066,-2.1936264,-12.913643,-0.46595925,-12.100204,-1.390579,0.010542409,0.0,1.5546341,0.018689936,8.386499,0.4132406,-3.5583832,-0.76562035,38.937653,0.03448731,891.68945,0.029051661,1277.9852,0.041422892,-150.03894,-0.5341134,2025.0112,0.022333445,911.38513,0.1559761,-156.42278,-0.44601017,3138.7058,0.004819028,744.55133,0.050619144,-157.29341,-0.4352446,-18.258942,-0.18576588,28.697535,0.20199443,0.10142357,0.052712422,-0.03222169,-0.21364021,0.3898394,0.12037662,32.818382,0.10832272,3.195291,1.495868,-12.208677,-0.29166135,-26.094128,-0.15786356,-3.231005,14.667296,0.047496453,0.0077512264,0.04585167,4.166667,5.263158,0.04,0.0,0.13,0.0,-27.549114,18,11,9,SPEAKER_01,29.233333,71.5,71.24346875,71.5,1,0.2565625,disengaged
36.884026,0.044394627,35.697678,37.05164,38.154617,2.4569397,37.85795,19.471485,17.500368,9.129368,0.3680165,0.5583624,0.17898552,0.31602877,0.52902687,0.35004133,4.568871,3.3514645,3.6501248,1.3890682,0.17933083,0.7570674,27.18952,0.3581149,10.020185,1.0094635,-4.905286,-2.6133716,-13.678773,-0.8018607,0.01901379,0.8215862,1.1957024,0.6565237,8.955823,0.36732414,7.308817,1.6119235,31.719845,0.2779087,794.8874,0.20940329,1334.9156,0.1432711,-85.55248,-0.98917776,1885.8663,0.128293,1101.1147,0.22305278,-89.801735,-0.8518319,3004.6929,0.08308951,988.364,0.29536843,-94.31443,-0.7724991,-19.336836,-0.4303389,31.943775,0.25413924,0.071869254,0.2433353,-0.022988282,-0.51493585,0.22970249,0.54758024,31.092384,0.20953932,10.194733,1.140649,-6.0378757,-2.3498635,-18.645828,-0.47292107,-12.922074,21.780224,0.04987533,-0.010211616,0.09361576,4.912281,3.2142859,0.19333334,0.10143415,0.087,0.06356886,-26.729565,18,11,10,SPEAKER_01,71.533333,97.5,71.533333,74.39909375,1,2.86575,engaged
36.94803,0.07757058,34.192833,36.33229,40.582417,6.3895836,34.230755,21.052498,11.740366,1.482204,0.47039866,0.33396965,0.32465607,0.44299927,0.630851,0.3061949,3.754141,1.4853896,2.6069353,1.0046698,0.19969766,0.6422188,28.885767,0.3914829,7.4842277,1.0514838,-11.979199,-0.9078493,-10.279479,-1.1166232,0.016453892,0.7465199,1.1423683,0.6340411,9.097498,0.43644932,9.9263935,1.0877883,34.61136,0.36533445,821.984,0.19804133,1304.83,0.13588743,-69.55206,-1.1539743,1881.8889,0.13515417,1145.8047,0.25293213,-75.87201,-0.94405556,2996.1355,0.10130724,1019.54,0.4064329,-81.62398,-0.8346418,-18.925076,-0.3874883,31.871466,0.2852233,0.060493276,0.30759487,-0.01928884,-0.63734025,0.22468093,0.6198374,30.849018,0.34101108,10.302086,0.606786,-9.074641,-1.1687751,-13.798267,-0.7876897,-8.047348,23.831131,0.031405445,-0.004852565,0.14949864,4.968944,3.2051284,0.216,0.20567937,0.061666664,0.06202598,-24.645725,18,11,10,SPEAKER_01,71.533333,97.5,95.52659375,97.14659375,1,1.62,engaged
35.962,0.07628507,33.62405,35.143696,38.270794,4.646744,40.53597,21.040913,-0.63686085,20.024342,0.49203575,0.48528105,0.2537052,0.47031397,0.7452151,0.4915099,5.614545,1.804513,5.224337,1.7715663,0.24941614,0.6829741,33.467537,0.2018439,8.500733,1.2628263,-13.797223,-0.8881851,-23.460037,-0.6454072,0.038076185,2.7574213,1.2386568,0.65402174,8.541099,0.40951347,6.5093713,1.3586534,39.826015,0.20543638,793.9803,0.158808,1314.0911,0.1402326,-46.968704,-1.5390247,1894.1351,0.106764704,1255.6637,0.3194956,-59.113983,-1.0616853,3015.229,0.064079665,971.25775,0.19897567,-65.98968,-0.9021319,-19.91891,-0.35438937,33.832207,0.1822097,0.06887867,0.17918634,-0.032568805,-0.34937397,0.2952256,0.5847329,35.034466,0.15417978,11.762184,0.8294902,-13.509185,-0.9589164,-28.712963,-0.44412225,-11.294737,18.78381,0.051949862,-0.019213984,0.12833777,5.0000005,2.6666667,0.295,0.005,0.036666665,0.016996732,-24.775269,18,11,11,SPEAKER_01,97.533333,101.4,97.533333,98.34471875,1,0.811375,disengaged
36.313423,0.09422975,35.429375,36.302265,38.322765,2.8933907,85.90003,45.36428,-23.053757,36.91649,0.44261923,0.40340874,0.29384932,0.3893134,0.5863257,0.2924764,4.3288436,2.452301,2.1013324,0.6010052,0.18206756,0.69161403,25.678015,0.4431292,7.1868906,1.4036815,-8.832947,-1.3381764,-11.935745,-1.0192779,0.034257647,1.7515718,1.108835,0.66063106,8.556659,0.37689942,7.370893,1.5019686,31.146265,0.2710197,802.55804,0.21310867,1301.3472,0.14615369,-71.89353,-1.1750616,1856.581,0.12919842,1170.6552,0.22473729,-79.46154,-0.96188617,2936.6013,0.09009082,945.7618,0.29207233,-83.96302,-0.87203515,-19.060966,-0.36820182,32.813507,0.19488046,0.057937954,0.3559928,-0.02071223,-0.62257445,0.22126749,0.58737576,30.788046,0.2218752,9.125522,1.1332778,-8.552273,-1.2978461,-12.812249,-0.9477439,-8.926616,18.134594,0.043305613,-0.010209324,0.09846276,3.7190084,1.6877638,0.4075,0.12193748,0.16,0.07582875,-25.07447,18,11,11,SPEAKER_01,97.533333,101.4,98.96909375,101.4,1,2.4309375,disengaged
36.36182,0.07338624,35.346214,36.75698,38.042103,2.6958885,288.5859,538.48645,16.20451,8.076375,0.40240535,0.49583516,0.21677516,0.37983605,0.5727343,0.35595912,4.439322,2.4330983,3.4933798,2.2807453,0.17264235,0.90667963,26.681963,0.4040797,6.8246746,1.7006308,-10.37685,-1.1437503,-13.185177,-1.0724219,0.016703999,1.4263424,1.0288613,0.8076447,9.31463,0.37354496,5.5611305,1.6529841,31.734705,0.5555346,775.7322,0.19461115,1334.117,0.1657281,-98.4297,-0.940564,1864.0875,0.12540583,1103.9456,0.23433241,-104.96594,-0.7829487,2992.2568,0.08267545,933.6113,0.32773197,-108.19615,-0.7318228,-19.65677,-0.428432,31.095272,0.23793864,0.07451377,0.21206208,-0.023932219,-0.6135962,0.21771978,0.63064325,32.225563,0.22423704,10.276011,1.1298475,-8.073519,-1.6661488,-21.641842,-0.45992765,-9.641408,19.82221,0.042806096,-0.007331865,0.12129263,3.3587787,2.3076923,0.23333333,0.18339998,0.17866667,0.19085304,-27.09035,18,11,12,SPEAKER_01,101.433333,130.266667,101.60159375,108.16596875,1,6.564375,engaged
35.930347,0.062381312,34.444485,35.993843,37.675514,3.2310295,114.739845,112.12132,16.65729,10.95497,0.4134114,0.49909425,0.22544199,0.3826216,0.56783056,0.34238857,5.3898673,2.2496116,3.210988,1.2346512,0.19678743,0.91044956,27.611416,0.37430096,6.323349,1.5255915,-10.646639,-1.128982,-13.396892,-0.98330003,0.019801471,2.5229955,1.0217799,0.62426007,8.56019,0.4454716,5.999192,2.1310003,34.69112,0.3378701,794.6428,0.2027811,1351.9562,0.18504608,-89.215576,-1.0275072,1866.15,0.13833831,1121.7638,0.27921942,-94.50411,-0.8734543,2998.4116,0.09328861,1034.9629,0.24854387,-100.207535,-0.77832407,-19.024778,-0.4154797,31.432762,0.23525877,0.07716401,0.20407459,-0.022707246,-0.49029085,0.23392111,0.6509532,32.714718,0.1769674,7.547583,1.4580251,-9.632391,-1.3251033,-18.738537,-0.53202933,-11.96834,21.335512,0.056028597,-0.010587949,0.15029225,4.0441175,2.2471912,0.26,0.22353223,0.14,0.13330951,-26.434395,18,11,12,SPEAKER_01,101.433333,130.266667,108.46971875,111.20346875,1,2.73375,engaged
35.81435,0.09187053,34.71288,35.974945,37.737633,3.0247536,559.96216,562.48914,31.143639,36.227226,0.39562115,0.4546742,0.23254769,0.3569218,0.59007925,0.35753155,4.567394,1.868722,2.3210948,0.81815505,0.15423939,0.6981541,26.562643,0.46949014,8.365219,1.0784692,-9.453892,-1.433757,-12.995549,-0.9440645,0.01890974,1.5307169,0.98592234,0.61065716,8.977121,0.35438243,5.8925433,2.106228,31.900976,0.27463382,751.2592,0.22636168,1396.9506,0.16157432,-78.80386,-1.1046014,1800.5234,0.146462,1179.5818,0.31381541,-84.45792,-0.9305444,2930.3203,0.10372888,941.88794,0.28881326,-90.03163,-0.8261595,-18.75618,-0.37866116,30.762177,0.24298531,0.074651934,0.258852,-0.021882573,-0.5185008,0.19502255,0.49188948,32.371075,0.23882155,9.024484,1.0265862,-8.565979,-1.6040305,-18.627268,-0.51923305,-9.99883,17.646675,0.03523284,-0.008036772,0.08064845,3.1645572,2.5723474,0.25,0.19045997,0.104444444,0.026712924,-28.294886,18,11,12,SPEAKER_01,101.433333,130.266667,111.49034375,114.66284375,1,3.1725,engaged
37.032993,0.048984982,35.808083,36.983196,38.249977,2.4418945,91.899475,119.15355,95.46842,177.632,0.37790787,0.53531015,0.19457114,0.3302852,0.54975605,0.3551849,4.6069107,2.509772,3.5417519,0.97596043,0.18742816,0.71887714,30.134607,0.2856692,7.59674,1.2907778,-6.95553,-1.7213962,-12.104458,-0.96595037,0.022060983,1.2621808,1.2535152,0.6746416,8.783026,0.37292674,5.3003445,2.587521,31.282804,0.3375334,797.6069,0.16470502,1317.2578,0.16916578,-73.06405,-1.1014185,1879.0376,0.11304034,1091.2588,0.27861774,-81.13537,-0.8829506,2986.8591,0.083206564,992.32935,0.27609125,-86.9242,-0.7797668,-20.063675,-0.38549346,32.188065,0.250403,0.065520056,0.28217432,-0.022711657,-0.58342016,0.23478925,0.5563204,32.512245,0.20005858,8.56857,1.1941451,-6.892236,-1.9236573,-16.778032,-0.589731,-13.577061,23.514435,0.050072588,-0.010111006,0.08460451,4.761905,3.8062286,0.17545454,0.09576141,0.06545454,0.03285329,-26.433584,18,11,12,SPEAKER_01,101.433333,130.266667,115.18596875,118.13909375,1,2.953125,engaged
43.45025,0.037418813,42.06496,43.385025,44.783047,2.7180862,64.098564,114.15673,12.733984,6.8004417,0.4075142,0.4935851,0.20329201,0.40046373,0.57490635,0.37161434,3.722719,1.7249686,2.057048,1.3647976,0.10444377,0.91306686,22.786392,0.3995659,2.0570667,3.7560077,-13.419476,-0.6460158,-28.990816,-0.59410626,0.011184249,1.4012457,0.6065937,1.2138748,14.300724,0.21310785,14.959831,0.44103122,30.597002,0.1943757,844.02563,0.09525966,1144.7285,0.12985122,-78.81836,-1.0977702,1938.8981,0.08667397,969.06696,0.1999528,-90.18217,-0.84420335,2992.7478,0.05046898,713.2658,0.260362,-92.19842,-0.810829,-20.1525,-0.30808112,31.7914,0.20051162,0.07157893,0.22002655,-0.021946989,-0.48293155,0.12966108,0.79082704,26.15578,0.22909333,2.5486073,2.9078314,-13.043008,-0.7590184,-38.452133,-0.31874332,-8.963326,19.44959,0.042121306,-0.0072038025,0.055424985,3.343465,1.8518518,0.3483333,0.21659614,0.14571428,0.06842245,-27.552374,18,11,12,SPEAKER_00,101.433333,130.266667,118.51034375,121.81784375,1,3.3075,engaged
41.947742,0.08119782,40.375763,42.04722,44.43582,4.0600586,85.954834,136.27878,20.017061,31.866766,0.5017554,0.59580624,0.21032712,0.47428092,0.7671297,0.55680263,4.6846294,3.2714152,3.620219,2.1847541,0.14671378,0.9662493,20.130615,0.46567553,2.4843297,3.6126359,-14.570259,-0.6415322,-30.648489,-0.6532857,0.013500445,2.4775736,0.7228684,0.99199307,12.78972,0.305272,13.216607,1.0121927,30.881653,0.5876489,805.0843,0.12941104,1188.9924,0.154044,-72.10571,-1.2640747,1910.439,0.08372771,978.0182,0.2558753,-84.49402,-0.9331052,2993.9846,0.049545076,734.7151,0.29212132,-87.80829,-0.87266046,-19.17704,-0.36714482,29.369616,0.21420419,0.06524077,0.36967114,-0.028029202,-0.5573578,0.18922736,0.8035442,23.625322,0.25740513,2.2778294,4.201808,-16.238396,-0.61934763,-41.06273,-0.34990495,-8.982499,17.788425,0.037251234,-0.006853574,0.06927319,2.269693,2.1621623,0.29999998,0.22377443,0.14125,0.09150649,-24.718044,18,11,12,SPEAKER_00,101.433333,130.266667,121.96971875,129.47909375,1,7.509375,engaged
43.293667,0.06497453,43.50671,43.94789,44.814552,1.3078423,464.31616,74.359116,39.01109,22.808533,0.44051042,0.48040915,0.21658343,0.43238968,0.64974153,0.4331581,3.5499814,2.2365916,3.6353855,1.3592603,0.12170692,0.7255339,24.572685,0.2752306,-5.208763,-1.560768,-25.466993,-0.43363398,-22.237385,-0.5442503,0.026694257,1.4292473,0.86936265,0.6459816,10.746606,0.38827306,7.3052745,1.2885386,31.694862,0.26668128,858.5774,0.1384043,1257.0669,0.19118154,-54.25488,-1.4937035,1821.5624,0.08563839,1131.861,0.24917725,-66.71369,-1.0431945,2966.787,0.0723172,863.5357,0.3448545,-74.36089,-0.87346315,-11.4427185,-0.7539693,30.725174,0.1814676,0.072857685,0.30330065,-0.008196059,-1.5307982,0.14136156,0.60826737,26.459227,0.16811237,-6.1655097,-1.3010645,-27.332224,-0.43559635,-26.2827,-0.41292542,-10.353969,21.721743,0.052480556,-0.0069873277,0.068971336,3.787879,3.1496062,0.2325,0.24539508,0.06,0.025495097,-29.364437,18,11,13,SPEAKER_00,130.3,131.633333,130.3,131.633333,1,1.3333125,disengaged
39.883514,0.07650267,39.117653,40.396866,41.829815,2.712162,234.16597,301.1231,22.735302,16.593023,0.5104984,0.48881742,0.290365,0.48212716,0.6928304,0.40246537,4.640911,4.001671,3.5775132,1.6421537,0.20855778,0.97050685,26.933659,0.17300664,2.583228,3.5337906,-11.223269,-0.84420377,-32.382072,-0.41461572,0.03220726,1.8336779,1.0801854,0.8195905,10.07178,0.42123365,5.949018,1.6241474,29.483778,0.2619229,835.5104,0.09404006,1171.3278,0.113573305,-53.748993,-1.4452598,1948.7598,0.076089606,916.9201,0.21833418,-67.59076,-1.0217316,3046.9407,0.03824705,721.55176,0.2773283,-71.3484,-0.939855,-19.416384,-0.32245892,30.017365,0.19852844,0.06465229,0.24853076,-0.03465649,-0.25797474,0.20255287,0.7120534,27.826431,0.1652488,3.6247594,2.5989928,-11.187954,-0.91261846,-35.828278,-0.32230368,-13.723937,24.111311,0.06610446,-0.024087917,0.25025448,3.3980584,3.0,0.24499999,0.29101834,0.08,0.065726705,-26.827862,18,11,15,SPEAKER_00,132.533333,144.1,132.60096875000002,134.67659375,1,2.075625,disengaged
34.899513,0.12974803,28.730658,35.880356,39.040363,10.309706,74.58369,36.85033,43.76474,11.496458,0.679729,0.39006165,0.4084575,0.7335622,0.9174188,0.5089613,2.5565264,0.6411833,-1.0104729,2.5664787,0.38129735,0.76506877,32.26418,0.23958974,10.669215,1.2189906,-13.064246,-0.6137389,-30.000881,-0.42233473,0.027816856,1.1250259,0.9674842,0.8703363,8.58991,0.56297565,9.432378,1.2620639,38.00909,0.21039562,785.2822,0.19208089,1311.9827,0.112933666,-42.74717,-1.4545873,1924.199,0.079079986,1161.9391,0.16416296,-56.40393,-0.96684206,3023.0752,0.04333855,900.2698,0.31982267,-60.47553,-0.87223464,-23.394754,-0.24543616,37.717804,0.07819462,0.08671414,0.16660619,-0.040683355,-0.33062887,0.3731136,0.78174853,34.044296,0.14994362,15.412888,0.53087384,-11.190508,-0.6565893,-32.354446,-0.36690176,-11.650564,25.1386,0.078062095,-0.025960486,0.5390832,4.2253523,3.0303032,0.26999998,0.14,0.03,0.01,-21.063389,18,11,15,SPEAKER_00,132.533333,144.1,137.25846875000002,137.98409375,1,0.725625,disengaged
42.31934,0.12446967,41.355022,44.108944,45.059483,3.7044601,303.07687,178.8391,66.37473,65.87186,0.49757767,0.4542101,0.27558738,0.47077537,0.7204536,0.44486624,5.4286823,3.6105337,2.1473887,1.1755723,0.14896028,0.78233963,25.81755,0.35631728,3.665009,2.0720615,-20.437628,-0.4575383,-32.010815,-0.41664883,0.05781668,2.1645591,0.7834045,0.91156465,13.113993,0.31173295,14.234314,0.6684621,35.3374,0.19580795,835.34076,0.10978067,1187.7906,0.15710135,-55.12695,-1.4521503,1906.2622,0.0878294,1055.8762,0.31667012,-67.696976,-1.0138229,3036.596,0.06557868,800.74457,0.3843187,-74.2105,-0.8791511,-19.682411,-0.38045856,34.37117,0.1485747,0.07854383,0.22949275,-0.0249826,-0.45404604,0.16445228,0.75903654,27.948706,0.1946419,2.228954,3.5008492,-21.84082,-0.45042753,-35.687954,-0.28283456,-14.014864,24.19964,0.05865956,-0.020946104,0.101698935,3.550296,2.4539878,0.305,0.19704059,0.10666667,0.024944382,-25.113049,18,11,15,SPEAKER_00,132.533333,144.1,141.25784375,142.96221875,1,1.704375,disengaged
42.46764,0.038419932,41.43683,42.68505,43.81167,2.3748398,208.75941,156.53221,17.68409,21.035421,0.4975017,0.4089023,0.29399297,0.49590057,0.6856193,0.39162633,3.8947506,1.8335308,4.156092,2.4583986,0.1473345,0.70087105,29.650234,0.13054357,5.172883,1.7437818,-14.286265,-0.6542549,-35.754074,-0.37804714,0.00790558,1.0402691,0.5963109,0.9404247,13.7235775,0.2439255,11.839307,0.816892,33.702663,0.2456491,823.7443,0.15188475,1139.6287,0.13193995,-37.92425,-1.5313023,1892.1273,0.104758814,965.2718,0.1651396,-53.017487,-0.9341216,3018.392,0.0636033,764.044,0.37610796,-58.38723,-0.8052107,-20.846869,-0.4032633,32.85214,0.20772897,0.06458149,0.26928106,-0.027047155,-0.3589701,0.1502749,0.6592109,29.485275,0.13015427,4.3113565,1.9628161,-14.635533,-0.62150836,-38.95759,-0.28585508,-16.776443,29.698751,0.05994894,-0.02852669,0.1752586,2.6785715,2.8301888,0.30333334,0.1545603,0.089999996,0.0,-24.743286,18,11,15,SPEAKER_01,132.533333,144.1,142.96221875,144.1,1,1.1378125,disengaged
38.8348,0.012647603,38.346672,38.908165,39.348236,1.001564,14.522385,2.5991914,5.9654045,4.648796,0.25634697,0.550983,0.12510522,0.2476517,0.36623028,0.24112506,3.385624,0.8280374,2.0615501,0.9465039,0.076495335,0.8331064,25.596067,0.3326532,9.011435,0.7621879,0.43217397,26.523087,-22.93744,-0.49188554,0.027570488,0.95310444,0.9772364,0.6114788,9.459037,0.3927664,6.054688,0.9414067,28.973644,0.20251618,865.63367,0.13172305,1311.356,0.15658025,-90.39977,-0.9733345,1906.4613,0.10178464,1210.4069,0.20139419,-100.064186,-0.77653265,2871.6895,0.059119463,898.70905,0.34617293,-100.65546,-0.76738065,-20.475752,-0.25250548,33.665283,0.14558664,0.069504805,0.29162958,-0.031559885,-0.4834903,0.10964472,0.59624577,30.354912,0.18391044,10.674848,0.6495487,-3.2617693,-3.198445,-26.624666,-0.4955344,-8.700392,14.237339,0.037405144,-0.00956115,0.033312026,3.4482758,2.4691358,0.24,0.01,0.29999998,0.0,-33.53873,18,11,16,SPEAKER_01,144.133333,146.866667,144.133333,145.02096875,1,0.887625,engaged
34.664707,0.16793042,29.602161,37.53475,38.723545,9.121384,12.554856,0.0,61.477806,0.0,0.432927,0.5702759,0.19969963,0.32337868,0.7736526,0.573953,3.3180392,1.9530447,1.5034627,0.0,0.16238366,0.9129069,23.768232,0.33889732,-4.6762276,-1.6315339,-22.159412,-0.35968775,-2.41704,-3.1414683,0.040739458,1.3483427,1.3352798,0.4868977,4.8804255,0.6627663,-1.0519444,-10.581606,25.048307,0.3266862,749.61273,0.1932527,1401.4755,0.119359024,-92.87833,-1.057699,1680.2535,0.09243342,1296.6249,0.20575877,-91.18094,-1.0175261,2787.443,0.07816937,1011.7373,0.23260255,-100.35632,-0.84687626,-4.310672,-1.4956931,25.019732,0.23193203,0.05567876,0.24645007,-0.003645019,-4.1150875,0.26025465,0.57003874,27.795975,0.18917918,-7.3426228,-1.2304733,-27.186941,-0.22942638,-6.580471,-1.0589305,-6.6371436,19.238317,0.02515779,-0.002551605,0.07035552,1.4925374,3.2258065,0.16499999,0.145,0.125,0.105,-30.225088,18,11,16,SPEAKER_01,144.133333,146.866667,146.18534375000002,146.866667,1,0.6813125,engaged
36.336803,0.05268658,34.396942,36.198696,37.301556,2.9046135,113.53874,64.56261,10.644293,5.0106096,0.36200568,0.39375922,0.25099733,0.31107527,0.46253884,0.2115415,2.970191,1.780317,2.394697,1.0664287,0.12754577,0.6519342,19.79547,0.4240669,3.9521332,3.2523956,-16.373154,-0.56177336,-5.4574113,-1.864294,0.020743497,0.6966583,1.4676627,0.5484089,6.949467,0.41001526,6.9888268,1.9938995,28.524593,0.47002754,784.18713,0.2021322,1270.0537,0.19865072,-115.80404,-0.7831966,1889.3497,0.13515376,942.57294,0.24215163,-117.67493,-0.7058362,3025.0613,0.09283928,1000.7065,0.17924136,-122.00547,-0.64326835,-13.486812,-0.8242968,24.635403,0.33386153,0.06433465,0.23606548,-0.018189987,-0.8829072,0.19226024,0.4466281,26.166412,0.21916723,5.680127,2.7700362,-13.516013,-0.6654044,-9.957493,-0.9347935,-8.9697895,17.286997,0.04244315,-0.006651271,0.079805344,5.084746,4.424779,0.094,0.037735924,0.09166667,0.058996234,-31.860205,18,11,17,SPEAKER_01,146.9,149.533333,146.9,148.09221875,1,1.1921875,disengaged
35.979416,0.0039429134,35.85553,35.961746,36.094353,0.23882294,10.675049,0.0,-17.645645,0.0,0.3740355,0.2916225,0.27527043,0.37339377,0.48381084,0.20854041,1.2791992,2.3922045,2.2600472,0.0,0.19125439,0.4789623,34.711197,0.13730022,3.5546412,1.9369563,-9.7410555,-0.62696487,-9.247514,-0.842248,0.012505617,0.45044732,1.9780865,0.6418391,4.740818,0.5696946,-0.50457156,-2.808818,31.13228,0.018061377,742.2909,0.21760564,1292.8948,0.12721168,-90.14999,-0.9530158,1847.8182,0.14177163,1528.9408,0.502843,-102.12877,-0.75208145,2879.0825,0.072362155,1075.8816,0.054180797,-107.0676,-0.6781065,-16.466452,-0.28496712,29.447672,0.21713904,0.055607975,0.061332718,-0.029155867,-0.16586685,0.23816228,0.15089506,38.23168,0.0504863,2.8918557,2.6585712,-12.762082,-0.25005722,-16.8104,-0.068418615,-11.534823,23.572718,-0.004207965,-0.0004150789,0.07293174,5.555556,8.333334,0.06,0.0,0.04,0.0,-30.441479,18,11,17,SPEAKER_01,146.9,149.533333,149.34096875,149.533333,1,0.192375,disengaged
34.97025,0.09353491,33.983772,35.530445,36.735905,2.7521324,348.27808,465.9283,80.36222,69.61464,0.43054974,0.45818624,0.264874,0.3889994,0.60193247,0.33705845,4.70266,3.25893,4.6837444,8.072493,0.15384614,0.69056433,28.588259,0.32731652,3.408491,3.4677372,-12.920917,-0.8855928,-9.977135,-0.9475467,0.02348644,1.3827538,1.1737962,0.6482556,7.5742683,0.38364673,4.3527145,2.1928947,31.11142,0.34699106,789.9944,0.21862702,1311.5961,0.14621131,-65.18058,-1.2933608,1852.0735,0.14655747,1108.8977,0.2754038,-71.660614,-1.0567306,2969.3203,0.10432897,1060.2264,0.30632964,-78.89804,-0.8999067,-14.010017,-0.5851234,28.699268,0.24486479,0.055550657,0.35302806,-0.016650647,-0.8387186,0.17046109,0.49034423,31.781725,0.22859854,4.4049397,2.7763603,-12.412411,-0.99598646,-12.073045,-0.7640302,-9.624121,20.2195,0.031444732,-0.007499255,0.113425784,4.522613,3.3078883,0.2076923,0.14385644,0.08,0.04708149,-29.233112,18,11,18,SPEAKER_01,149.566667,155.4,149.566667,153.55971875,1,3.9930625,engaged
36.053658,0.06971718,35.27736,36.064945,38.43581,3.158451,213.73227,32.73034,13.674241,11.02202,0.46127298,0.44403735,0.24426529,0.4377191,0.6763066,0.43204132,4.527335,2.4024155,4.082594,1.2733493,0.1987101,0.6604629,28.115318,0.30085468,4.632708,2.1812143,-13.051593,-0.81540155,-12.017712,-0.9086093,0.05864192,2.5679765,1.3332851,0.7840171,8.598423,0.36070043,4.767162,2.450105,33.243877,0.28913203,772.1361,0.20077735,1307.3021,0.12572774,-75.10669,-1.1614124,1853.3184,0.12140079,1025.4658,0.22317505,-77.9013,-1.0008754,2991.9043,0.091548264,1001.24457,0.19593327,-85.20489,-0.85868555,-17.957005,-0.33783805,28.208965,0.24017133,0.06971729,0.2245963,-0.026854571,-0.35581103,0.23784183,0.53531724,32.192062,0.14737694,5.513943,1.8719938,-12.331114,-0.9526051,-16.204376,-0.59369975,-9.71096,19.73003,0.043234162,-0.007763792,0.11481185,6.2500005,2.877698,0.22999999,0.20748493,0.0925,0.06299801,-26.925138,18,11,18,SPEAKER_01,149.566667,155.4,153.94784375,155.4,1,1.4521875,engaged
38.203712,0.1789369,35.48228,36.969666,38.64082,3.1585388,418.39407,318.29257,488.7528,682.5739,0.42242646,0.475852,0.20923096,0.39485002,0.62800086,0.4187699,3.7403872,1.7955694,3.1885228,1.6491967,0.16482008,0.7148851,25.928196,0.32913595,1.3080295,8.85215,-15.935168,-0.74798447,-10.327511,-1.1353804,0.025653524,1.4452558,1.1481602,0.57487804,8.355759,0.34151375,3.180702,3.4723651,27.57466,0.33690673,772.1715,0.2279635,1285.3025,0.15727438,-84.98887,-1.0751697,1816.5195,0.15322182,1119.6526,0.25349838,-86.53435,-0.944893,2944.233,0.09349397,937.90686,0.3418975,-93.03503,-0.82569337,-14.328263,-0.6253582,30.85726,0.23526524,0.06246502,0.2850399,-0.01815367,-0.8105389,0.2167141,0.5185324,29.90054,0.20983773,4.361328,2.857396,-15.296308,-0.9009312,-14.678153,-0.7150102,-7.6820583,20.64555,0.036549944,-0.004246213,0.07447154,3.9513679,2.173913,0.28857142,0.28220704,0.17833334,0.11437026,-27.906317,18,11,19,SPEAKER_01,155.433333,158.733333,155.433333,158.733333,1,3.3,disengaged
36.296593,0.07596191,35.377754,35.943573,38.451374,3.0736198,153.84204,70.739845,72.0815,49.132877,0.4949897,0.38325524,0.3226301,0.44091487,0.6911084,0.3684783,4.299321,1.2675005,3.0440493,1.930957,0.20049131,0.6235038,28.825438,0.32490647,4.1364207,2.5672657,-13.009337,-0.77477956,-12.716717,-0.9000839,0.03029024,2.2751355,1.007683,0.6026564,8.392839,0.3868149,1.7156057,6.3727717,29.728252,0.33335677,738.5623,0.23547453,1312.6772,0.1534156,-60.392284,-1.2861307,1798.2052,0.1526104,1082.8289,0.22125877,-64.95226,-1.0714417,2926.834,0.09955428,996.05005,0.24502154,-73.61594,-0.8769173,-15.166098,-0.5365073,29.48125,0.22868565,0.060803827,0.25122258,-0.020197574,-0.7715795,0.2234632,0.5456124,31.735312,0.23265138,4.977517,2.1859415,-12.687936,-0.83030885,-14.746999,-0.66234684,-10.000016,22.462664,0.04411548,-0.011022697,0.13760869,5.494506,3.409091,0.21499999,0.11221259,0.068,0.030594116,-26.950455,18,11,20,SPEAKER_01,158.766667,160.6,158.766667,160.6,1,1.833375,engaged
34.9031,0.089547575,33.5124,35.36699,36.58777,3.075367,301.94687,195.84204,21.296535,30.2572,0.40369216,0.3718871,0.25671023,0.38963103,0.5255347,0.26882446,3.4016535,1.042813,3.0408266,1.8791457,0.13200285,0.6137357,25.757605,0.3948729,4.0779634,2.716997,-13.188308,-0.86673385,-10.352603,-0.9671933,0.019798173,1.4370425,0.99992335,0.52992314,7.7643523,0.40087488,4.2444916,2.6617818,30.424736,0.35749805,807.28735,0.17261305,1313.2924,0.14560702,-66.27973,-1.275651,1852.9126,0.115407355,1135.6998,0.27999678,-74.4271,-1.0486072,2976.0276,0.08299521,995.6133,0.23516434,-81.1646,-0.9068727,-15.326845,-0.45603874,29.409119,0.24232753,0.057608806,0.2815424,-0.017332079,-0.74017876,0.15125689,0.53437984,29.779837,0.26657048,5.8510556,1.899222,-13.5629,-0.9474836,-13.133594,-0.7082378,-8.735982,17.338497,0.041853767,-0.008052116,0.09581509,4.794521,3.4843206,0.191,0.09202716,0.095,0.06800735,-30.216509,18,11,21,SPEAKER_01,160.633333,167.933333,160.633333,163.56659375,1,2.93325,disengaged
36.011024,0.0030304757,35.911232,36.004375,36.117867,0.20663452,4.6509333,0.0,-5.815792,0.0,0.5135073,0.42520174,0.22550751,0.5542637,0.7116318,0.48612428,6.882638,1.0198097,-2.7871473,5.612223,0.21511215,0.56861955,27.957243,0.30533507,-0.019883256,-357.14764,-13.9894085,-0.45227873,-18.843153,-0.4650484,0.009780228,1.0794829,1.0565395,0.24526292,9.292024,0.3566075,-5.186021,-0.55691046,34.482323,0.08960511,584.86176,0.2999042,1403.124,0.07233015,-81.51655,-1.0444875,1520.9554,0.16389842,1117.7761,0.14551932,-86.09627,-0.91339254,2646.3162,0.12503774,929.0761,0.13342458,-95.805466,-0.7436427,-16.257158,-0.22058976,31.69133,0.21316676,0.087345734,0.100316025,-0.026476083,-0.37065473,0.2824991,0.30974752,34.09478,0.14734975,4.8945456,0.68714863,-16.776882,-0.45217705,-24.538939,-0.32411367,-9.865065,22.2067,0.05033746,-0.008755342,0.10427848,8.333334,5.263158,0.11,0.0,0.04,0.0,-26.663845,18,11,21,SPEAKER_01,160.633333,167.933333,164.02221875,164.27534375000002,1,0.253125,disengaged
41.623833,0.09224508,40.96901,42.33193,43.516613,2.5476036,298.16324,35.99542,43.319435,42.31971,0.4136374,0.46470618,0.2733935,0.40294898,0.556014,0.2826205,4.527765,2.7174618,2.2112656,1.5666125,0.159356,1.0117189,26.162228,0.2998714,3.071996,2.6207592,-13.275331,-0.6270918,-30.334076,-0.4490474,0.04465383,2.3602633,1.190112,0.64872485,9.768078,0.44522431,12.755162,0.91891,28.996874,0.94935566,808.2357,0.13436183,1233.6216,0.16119789,-33.726902,-1.8437977,1908.1871,0.089777425,1052.8927,0.19211397,-50.810684,-1.0146192,2951.326,0.0583839,837.85406,0.26971135,-53.51586,-0.9457473,-20.422937,-0.28032967,31.68631,0.17648351,0.06658604,0.29486653,-0.023415312,-0.79196775,0.17670138,0.96574837,26.918558,0.1947047,3.9279542,2.1172016,-14.114965,-0.5995866,-32.974377,-0.38438568,-15.916467,28.990475,0.07405319,-0.0053609093,0.103744924,3.6231885,2.3076923,0.3733333,0.36279777,0.055,0.024999999,-27.924389,18,11,21,SPEAKER_00,160.633333,167.933333,166.53659375,167.933333,1,1.39675,disengaged
42.914997,0.1054292,40.386063,41.989,44.17623,3.7901688,391.4532,648.24835,64.478134,55.3952,0.3152,0.38654402,0.20869237,0.29517508,0.41174906,0.2030567,2.4589324,1.3732711,2.7287884,1.3558027,0.09055733,0.83401597,25.120358,0.33775517,0.0020115348,3473.376,-14.646901,-0.47806022,-21.212843,-0.6517516,0.022862555,1.1843476,0.97654873,0.6875649,10.447108,0.36748242,9.399577,1.1050671,30.099955,0.33257473,810.2302,0.14734538,1156.7949,0.16567378,-76.191956,-1.1237298,1880.5524,0.0863358,1013.331,0.2558517,-82.6034,-0.90321404,2990.066,0.055095997,832.82043,0.3476961,-86.876,-0.81852114,-19.548326,-0.3360626,31.759201,0.22755474,0.04955817,0.35537657,-0.021488383,-0.6672893,0.10466574,0.7720508,27.97965,0.24433666,1.6343424,3.969299,-14.308629,-0.530117,-25.310278,-0.5083587,-9.234363,19.769985,0.040712688,-0.010647687,0.062059876,3.8,2.834008,0.23571427,0.18832776,0.111666664,0.0718602,-31.05102,18,11,22,SPEAKER_00,167.966667,189.433333,167.966667,172.98284375,1,5.0161875,engaged
40.315117,0.053650558,38.582138,39.772953,41.958786,3.376648,84.68729,89.2754,15.809949,3.0467234,0.39828438,0.4308296,0.23123035,0.38219404,0.5349255,0.30369517,2.1911204,0.89920324,2.8400593,1.3637143,0.11259606,0.8005143,27.869684,0.28965643,0.24869645,37.03013,-15.123013,-0.50465554,-23.648151,-0.5610106,0.01707301,1.5926945,1.0598991,0.84544384,10.201295,0.35287476,5.8212347,1.7054875,32.812786,0.3399711,788.5147,0.1603529,1299.4811,0.14144866,-55.506496,-1.4276124,1869.0532,0.09557233,1143.8909,0.1838111,-66.22567,-1.0383034,2951.853,0.07125538,897.6079,0.24491517,-71.83901,-0.9112515,-17.598688,-0.4010259,31.044462,0.21912776,0.06384571,0.30411848,-0.025661401,-0.6964738,0.12339512,0.7524791,29.589226,0.2326666,0.71205515,14.050763,-15.226839,-0.51253265,-27.283834,-0.46943218,-11.102562,23.269417,0.0466023,-0.011486074,0.08482585,2.6666667,2.7272727,0.27333334,0.21335937,0.06142857,0.032261685,-29.08017,18,11,22,SPEAKER_00,167.966667,189.433333,173.35409375,175.61534375000002,1,2.26125,engaged
42.29694,0.095057964,39.531677,41.53827,43.8625,4.330822,61.11031,54.982788,16.117052,9.881389,0.3994027,0.43487582,0.23353052,0.39776,0.55256593,0.3190354,3.2407253,2.2481892,2.8047087,2.6194358,0.10956209,0.7097473,25.882051,0.3384045,1.5674206,4.7035522,-12.88741,-0.5989421,-29.926872,-0.57224053,0.016184138,0.87633526,0.94924057,0.72428703,10.773324,0.3388189,9.144428,1.1857626,29.795118,0.322991,824.5052,0.10873554,1151.7957,0.14451575,-57.176025,-1.3947386,1932.4648,0.09311239,1016.90594,0.21365249,-71.341446,-0.94184095,2979.5786,0.04874388,784.99963,0.33896804,-74.07191,-0.89007986,-19.12677,-0.28679988,30.555271,0.21944454,0.06137719,0.30857378,-0.025945267,-0.50750613,0.1155531,0.6682329,27.69435,0.240767,1.9474605,3.8222818,-13.584661,-0.60603386,-34.691208,-0.45031387,-12.080808,22.648676,0.05771308,-0.010178707,0.098001726,3.4653466,2.5062656,0.296,0.25100598,0.083,0.041964266,-28.549713,18,11,22,SPEAKER_00,167.966667,189.433333,176.22284375,180.27284375,1,4.05,engaged
39.393593,0.10795905,38.072723,38.982784,40.306244,2.2335205,27.962914,0.11693382,73.793076,50.165977,0.32100257,0.2579662,0.25866446,0.3133352,0.39686677,0.13820231,1.7915263,1.0217278,1.025826,0.9547538,0.064537354,0.61380327,31.12835,0.25062943,6.6773386,0.88709396,-8.708218,-0.9147092,-21.89971,-0.48467627,0.034120962,3.238343,0.77939636,0.9498584,10.84808,0.30782428,6.7132373,0.8544704,32.80836,0.20256634,861.1904,0.099551454,1175.9473,0.15684207,-41.546906,-1.5029591,1921.3062,0.07931847,1080.0002,0.2684087,-58.44093,-0.9331953,3010.228,0.06243009,845.6202,0.23477186,-63.610527,-0.81584275,-21.255304,-0.32511887,34.68557,0.18255606,0.056814957,0.30348447,-0.027005581,-0.47015488,0.0645733,0.6137593,33.301018,0.1589958,7.719277,0.69125694,-8.159068,-0.9862939,-23.522161,-0.43036854,-11.390779,18.991447,0.04405403,-0.013033554,0.06363646,4.072398,1.8518519,0.45499998,0.38629648,0.049999997,0.014142135,-31.308912,18,11,22,SPEAKER_00,167.966667,189.433333,180.86346875,183.09096875,1,2.2275,engaged
36.366695,0.024263527,35.60115,36.271446,37.139,1.5378494,79.059044,111.55405,3.3560479,8.734104,0.40808398,0.37575528,0.2739123,0.37193823,0.5048938,0.23098147,2.8449495,1.1044478,2.0429988,1.3308537,0.14214332,0.5480742,23.391386,0.5196306,7.4060073,1.6482183,-13.2507,-0.82370305,-7.4145694,-1.3916864,0.012741215,0.7266628,0.9457333,0.7543046,9.80615,0.27851585,6.175535,1.4730496,34.163155,0.19436069,768.9735,0.19614449,1290.8624,0.16635747,-107.347466,-0.80361676,1868.6914,0.13072847,1077.4187,0.24299134,-109.4857,-0.72729474,2974.9214,0.10073913,1026.2885,0.3240381,-113.91788,-0.6620802,-18.594307,-0.46052212,32.91132,0.23157509,0.055248182,0.33816496,-0.020102788,-0.46708065,0.16605069,0.45680308,30.585611,0.16967323,12.732623,0.9771713,-9.864121,-1.2656251,-10.262123,-0.8776484,-7.9955235,17.501467,0.036166344,-0.009870327,0.11759749,3.9772727,3.5087721,0.14333333,0.08259674,0.1725,0.07980445,-29.4091,18,11,22,SPEAKER_01,167.966667,189.433333,185.95971875,187.73159375,1,1.771875,engaged
37.004295,0.02662767,36.615967,37.466232,37.72148,1.1055145,20.097788,0.0,-42.765976,42.66131,0.5070033,0.36978525,0.2955149,0.49854118,0.7127961,0.41728118,6.1071663,2.3193142,-1.8318336,5.526689,0.2657293,0.5703971,24.918808,0.21670248,-3.9245791,-2.2888904,-20.124367,-0.46134487,-6.086019,-1.2120858,0.020825034,0.24826251,1.7864733,0.20597798,3.6916318,0.36836052,-4.1759887,-2.83756,15.328974,0.6933548,656.4786,0.2276103,1494.3672,0.15865056,-94.18504,-0.8216813,1506.9633,0.13886131,1478.3322,0.18936129,-88.14729,-0.8664633,2514.6553,0.070831865,1041.0219,0.16051856,-97.2408,-0.7224625,-0.4707056,-13.63941,24.624783,0.14546284,0.04586426,0.27219033,0.011234762,1.0105042,0.28191096,0.57917404,22.877953,0.19858769,-8.588442,-0.8594517,-24.217815,-0.3341922,-3.4147801,-1.3978616,-6.6231794,22.051,0.028839497,-0.0029586726,0.22090918,6.25,11.111112,0.043333333,0.01699673,0.035,0.005,-28.629381,18,11,22,SPEAKER_01,167.966667,189.433333,189.09846875,189.433333,1,0.334875,engaged
36.650707,0.034300104,35.45121,36.65519,37.863396,2.4121857,48.11472,59.436802,13.448853,5.441527,0.4547679,0.36806282,0.32395178,0.42779127,0.5643385,0.24038672,3.6720982,2.0242279,3.1361814,1.8015004,0.17702737,0.5198004,28.96585,0.3271028,5.332238,2.406259,-10.22285,-1.3320802,-9.515511,-1.0914736,0.016637547,1.0474654,1.0029359,0.6624004,8.989896,0.36806604,9.434392,1.14993,31.545624,0.3636645,769.50397,0.19861205,1320.9089,0.17120166,-66.54908,-1.2066911,1868.6086,0.13022238,1093.0195,0.24740766,-71.99286,-1.0212198,2964.2944,0.084225945,1040.732,0.32992163,-78.87362,-0.8774909,-17.779726,-0.6102514,32.093243,0.255114,0.060810737,0.2768265,-0.018104015,-0.84735465,0.2003875,0.44720393,32.55439,0.2179002,6.8867936,1.8390943,-8.219447,-1.7820016,-12.497507,-0.7637623,-8.996647,18.931997,0.041434497,-0.008445498,0.123680666,5.4852324,2.1551726,0.33400002,0.3222794,0.11,0.076157734,-27.139112,18,11,23,SPEAKER_01,189.466667,200.133333,189.466667,191.84909375,1,2.3824375,disengaged
36.490223,0.13467847,33.93952,36.097412,37.317562,3.3780403,114.500534,88.304634,42.40898,15.925996,0.35514918,0.5719336,0.18375891,0.30216193,0.5069359,0.32317698,5.479193,2.5410407,2.351964,1.7378987,0.14183128,0.80466187,24.014404,0.42280084,3.4048884,3.0981128,-14.348695,-0.82591444,-9.305708,-1.5705788,0.024691379,1.0631227,1.37704,0.5427947,7.0634084,0.44992322,5.8331227,1.7806122,31.427935,0.3102026,742.1646,0.28377244,1360.1091,0.14838855,-113.1657,-0.8129138,1739.1288,0.18013686,1149.4022,0.2941493,-112.6127,-0.7528723,2875.2053,0.11329477,963.1698,0.25824207,-117.76871,-0.6774744,-15.163689,-0.5044471,28.63011,0.25069335,0.058269035,0.27078325,-0.018509518,-0.70359623,0.20905536,0.56332415,28.792185,0.31447992,5.1164737,2.1844225,-11.418175,-1.035792,-17.732262,-0.73043317,-8.779826,21.556889,0.0383229,-0.003021727,0.084462516,4.090909,3.255814,0.14142857,0.07317856,0.14285713,0.15368932,-30.811724,18,11,23,SPEAKER_01,189.466667,200.133333,192.45659375,194.66721875,1,2.210625,disengaged
36.676346,0.0663419,35.849342,36.935326,38.12576,2.2764168,156.04619,184.94064,26.56946,18.457102,0.35899314,0.5719376,0.17000124,0.29448548,0.54125047,0.37124923,4.609904,3.167573,3.5195668,1.0841402,0.17371549,0.7483623,28.511307,0.31445444,10.917995,0.9677863,-6.2521896,-2.1030936,-14.085358,-0.79685026,0.020489905,0.937251,1.2502048,0.6886433,8.868735,0.3883161,6.040532,2.0297713,31.995495,0.32661518,795.15607,0.19485866,1339.7976,0.16374275,-84.30101,-0.99846804,1883.9648,0.13523671,1110.6168,0.24228245,-90.669624,-0.82958645,2999.1272,0.09033642,1003.47784,0.2470325,-94.89347,-0.75695366,-20.75678,-0.38722447,32.731186,0.24065499,0.061230086,0.28269032,-0.021768983,-0.57109725,0.2270224,0.5520034,32.06996,0.19121422,11.358327,1.0107623,-5.9773626,-2.4763966,-18.90719,-0.4944431,-13.101062,22.7775,0.037415564,-0.0064280257,0.08212172,4.20712,3.618421,0.17090909,0.093852356,0.08363636,0.038203456,-26.853247,18,11,23,SPEAKER_01,189.466667,200.133333,195.05534375,198.16034375,1,3.105,disengaged
37.59945,0.14941232,33.906094,36.071453,40.982876,7.076782,995.4673,977.4238,212.15144,243.82993,0.36305884,0.48207486,0.22107303,0.29052642,0.5417038,0.3206308,3.5322084,0.94287366,3.3454125,2.4319634,0.14507218,1.028962,21.658735,0.41815674,-1.2683567,-5.750436,-13.910934,-0.7020398,-7.3647914,-1.4900166,0.03721007,1.6571431,1.4301167,0.46450403,6.370722,0.6480792,4.8397684,2.4088016,26.25638,0.2486398,787.88226,0.20330289,1255.8439,0.12514225,-118.88838,-0.7613709,1829.2714,0.10721439,1104.3628,0.26412776,-119.7105,-0.6995114,2900.0015,0.08870819,918.1791,0.2374006,-122.138504,-0.6602968,-14.925151,-0.49495324,27.737732,0.2758766,0.046564557,0.39235073,-0.014914388,-0.84068227,0.22881311,0.7793177,26.462706,0.31585902,1.6612827,4.7231455,-11.4078,-1.0974633,-11.744044,-0.8615783,-8.738447,20.302992,0.03154379,-0.0045094113,0.08001651,3.4482758,3.5353537,0.12,0.09576757,0.16499999,0.15359579,-27.861061,18,11,24,SPEAKER_01,200.166667,219.833333,212.36909375,214.41096875,1,2.041875,engaged
35.555744,0.040438745,33.890076,35.555233,37.08172,3.1916428,18.391369,1.7291508,11.552631,24.885328,0.3896852,0.519592,0.21420066,0.36365312,0.58659285,0.37239218,4.519832,2.6553724,3.0849876,1.9841022,0.15545276,0.72509426,26.441051,0.37879437,6.5246687,2.2975235,-8.967142,-1.5157343,-9.850505,-1.0011923,0.021129418,0.789468,1.0438437,0.747755,7.39903,0.63588184,13.788255,0.73365474,33.99646,0.24055603,783.35205,0.2350344,1490.7605,0.18794946,-91.64535,-1.0028177,1845.6238,0.13014752,1333.0774,0.22412841,-100.73959,-0.8174346,2953.6086,0.07319832,977.76495,0.29399133,-103.32194,-0.77303666,-19.626657,-0.64294857,34.06072,0.2844133,0.05691511,0.2985231,-0.015924409,-0.6196277,0.2150223,0.42783043,32.75853,0.19672981,10.917398,1.627321,-4.9198823,-3.1784294,-16.455479,-0.4684149,-4.112216,19.196825,0.01831545,0.004570409,0.09283811,4.166667,2.1978023,0.255,0.015,0.11666667,0.12970051,-28.797218,18,11,24,SPEAKER_01,200.166667,219.833333,215.35596875,216.33471875,1,0.97875,engaged
35.756485,0.038737662,34.94688,35.59153,36.435036,1.4881554,62.03096,80.31775,20.360575,6.91023,0.46649697,0.4905843,0.29093543,0.4181684,0.66865826,0.37772283,4.5080843,2.4010947,3.706341,2.3394656,0.17809673,0.7016663,21.6294,0.46096447,2.070322,4.9621806,-11.220388,-0.9686995,-10.398986,-1.1044165,0.021281136,1.1841944,1.0538734,0.5082393,7.1198664,0.4412307,3.1843345,4.121254,24.227806,1.2090464,779.3762,0.19144991,1378.1278,0.14300106,-106.97176,-0.8483917,1832.7267,0.12935989,1123.0562,0.25407377,-106.0094,-0.8021094,2921.439,0.094800815,987.8645,0.2586254,-110.03352,-0.737619,-13.408633,-0.65580195,26.116941,0.25627562,0.058830548,0.34489647,-0.015512311,-1.3735508,0.22428465,0.49571285,28.423744,0.22749764,3.1643963,3.4760675,-11.674572,-1.0400323,-14.09751,-0.8433416,-7.347741,16.431658,0.03607207,-0.0049649933,0.13660522,3.7900877,3.254438,0.15363635,0.13336706,0.12166667,0.12915322,-29.013565,18,11,24,SPEAKER_01,200.166667,219.833333,216.38534375,219.833333,1,3.448,engaged
35.69806,0.044707235,34.6434,35.488117,36.322506,1.6791077,150.58344,186.75223,34.46548,73.06829,0.46058407,0.4338032,0.26450175,0.42168364,0.6471789,0.38267714,4.5692463,3.464472,3.4120502,1.7812035,0.16278726,0.6994803,25.740866,0.31647015,4.231615,2.3910728,-14.107619,-0.8098676,-11.84568,-0.72891325,0.018194579,1.4088643,0.9823549,0.60651064,8.088068,0.35793644,3.0016143,2.9028947,30.464983,0.25102705,775.67944,0.24052966,1348.1383,0.16289169,-84.04396,-1.0776215,1812.8447,0.1584487,1178.5728,0.22825317,-90.178085,-0.9229566,2893.9763,0.094157785,976.8685,0.31680664,-96.12063,-0.81594974,-13.471234,-0.60565114,29.620619,0.18882483,0.058726206,0.20028725,-0.015665563,-0.7942147,0.19763818,0.4528603,29.738077,0.17633419,6.08844,1.8544976,-14.190265,-0.9307716,-14.280626,-0.54665434,-9.095176,20.784016,0.031392314,-0.0093834,0.11077183,4.0511727,2.586207,0.22916666,0.24060543,0.13583332,0.14349554,-28.795061,18,11,25,SPEAKER_01,219.866667,234.1,219.866667,224.56971875,1,4.7030625,disengaged
36.892902,0.04235384,35.928173,36.975555,38.108715,2.180542,70.70272,112.74519,16.095005,8.887394,0.43437448,0.40281448,0.26586676,0.4030117,0.592807,0.32694024,5.121626,3.0861344,3.425048,1.2242101,0.18013038,0.65052676,24.410534,0.35387745,4.7206926,1.9960635,-10.609439,-0.9835542,-13.806987,-0.6632638,0.019202108,1.0503873,1.2400978,0.7212017,8.642504,0.38517076,6.226136,1.8873519,29.343468,0.2675158,781.4143,0.2074585,1275.2491,0.17392711,-84.18924,-1.0326729,1858.5485,0.12675537,1076.0065,0.2782532,-89.51536,-0.8772987,2945.331,0.07877529,966.59265,0.3549817,-94.66724,-0.7875713,-17.442053,-0.40961486,30.605513,0.25408605,0.061926093,0.2801219,-0.021680126,-0.52753305,0.2227341,0.53102744,28.72656,0.20330125,7.131557,1.3338449,-9.781478,-1.2364856,-17.31101,-0.50991887,-9.147572,20.062319,0.04120134,-0.010375132,0.11146945,5.5016184,3.2894738,0.185,0.083336666,0.096999995,0.0603407,-27.213327,18,11,25,SPEAKER_01,219.866667,234.1,225.07596875,228.18096875,1,3.105,disengaged
38.939205,0.032040287,37.59993,39.946198,40.062576,2.4626465,4.322529,0.0,-20.371532,0.0,0.298402,0.29543546,0.2241563,0.27327797,0.37808034,0.15392403,2.9747825,1.386544,0.707797,1.3479548,0.07752476,0.50620383,19.888727,0.23034912,-2.398822,-1.8226452,-20.769093,-0.38992053,-17.865948,-0.4015395,0.015307652,0.65364796,1.1886498,0.32469043,6.9324474,0.3769649,1.4721909,4.696856,29.796215,0.14035569,862.112,0.09985034,1223.6044,0.072711304,-109.892334,-0.84822243,1823.9121,0.053796597,1046.671,0.16766125,-116.79295,-0.72648984,2939.4116,0.045176256,725.75824,0.31597182,-120.44535,-0.6706557,-11.613017,-0.16643062,27.386496,0.17197137,0.062009804,0.24029456,-0.021503862,-0.3365861,0.074917674,0.33234763,23.126392,0.18488802,-2.0035713,-2.132633,-27.407337,-0.26538092,-21.870628,-0.30237043,-8.939158,19.587526,0.052672718,-0.014951681,0.08715414,5.7971015,4.6875,0.086666666,0.047842335,0.0775,0.0443706,-37.881634,18,11,26,SPEAKER_01,234.133333,262.9,234.42471875,235.13346875,1,0.70875,engaged
41.761955,0.010605015,41.243744,41.997784,42.10812,0.86437607,-12.210931,0.0,6.270091,0.0,0.21660417,0.17450806,0.17631604,0.21841049,0.24870342,0.07238738,0.21127462,0.0,0.7487286,0.0,0.036163446,0.31412473,23.378994,0.14326641,7.9833074,0.4003596,-7.5954046,-0.25470722,-18.32064,-0.44644403,0.015882269,0.6531776,0.7895671,0.4090433,12.483361,0.1699509,-0.07205843,-61.134773,19.216831,0.18664703,927.33826,0.033156436,1010.38257,0.08993662,-19.149097,-0.18253103,2099.2544,0.022212578,1029.9535,0.12204512,-41.350792,-0.09667151,2954.0225,0.026726667,791.91516,0.22816074,-38.43799,-0.03971959,-21.511402,-0.14638643,35.85439,0.07641012,0.04331749,0.1730809,-0.008854609,-0.63059235,0.044446956,0.2657647,25.140944,0.09586576,9.718199,0.2124219,-7.6114593,-0.26190576,-22.77959,-0.25334933,0.0,0.0,0.0,0.0,0.0,0.0,7.692308,0.12,0.0,0.0,0.0,-36.36034,18,11,26,SPEAKER_01,234.133333,262.9,239.36909375,239.57159375,1,0.2025,engaged
36.91486,0.13577418,34.95643,37.33123,39.3371,4.3806725,235.78009,188.97562,173.23497,168.86829,0.45578685,0.521726,0.22102833,0.44156367,0.61816317,0.39713484,5.3323727,3.3507254,3.641148,2.79744,0.19319496,0.9304437,21.759851,0.47018567,1.9615353,5.2616177,-9.469594,-1.1009334,-10.453676,-1.0596923,0.030409893,1.7599411,1.2226483,0.6673081,7.6656075,0.50994635,6.527881,1.7124943,25.194965,0.98951095,769.23615,0.22996238,1298.3873,0.17261584,-78.412674,-1.1459026,1827.5668,0.14054617,1119.1422,0.3839144,-78.096924,-1.0150609,2894.704,0.10944254,1021.63947,0.37257737,-83.68318,-0.90386885,-14.838861,-0.5743103,26.37453,0.3359545,0.06682599,0.3688956,-0.014769339,-1.2083058,0.23956542,0.79733074,26.320463,0.27211863,3.7847733,2.8471375,-9.563617,-1.2407255,-13.294131,-0.86511785,-6.858654,16.41092,0.041375563,0.002288048,0.10398887,3.3163266,3.3591733,0.19307691,0.1804006,0.083076924,0.06449623,-26.519737,18,11,26,SPEAKER_01,234.133333,262.9,254.57346875,258.50534375,1,3.931875,engaged
36.585808,0.049799904,34.47895,36.6469,38.72769,4.248741,23.501236,9.255498,26.548595,16.288158,0.33049178,0.51490414,0.1639589,0.30329034,0.48236647,0.31840757,3.9436474,1.926461,2.6936867,1.1336626,0.13154997,0.89982176,22.006784,0.39924514,12.70359,0.99767196,-1.0786179,-10.943225,-13.58408,-0.6347264,0.017181816,0.9304341,0.9931656,0.7091556,10.030583,0.36186004,16.667187,0.70106095,33.884266,0.23090585,756.362,0.22688247,1502.0878,0.15821423,-104.46994,-0.8253884,1846.6238,0.1314965,1224.3237,0.23125707,-106.509544,-0.7431923,2919.921,0.076771304,949.0109,0.28072637,-107.448944,-0.7265004,-22.23419,-0.38817513,33.6462,0.1692124,0.07260859,0.17689562,-0.021234255,-0.5698124,0.19249932,0.6236472,28.487534,0.15476124,18.542505,0.6972719,1.1318867,12.102323,-16.87021,-0.4903718,-8.248421,16.08339,0.041902956,-0.006157847,0.060511973,3.7634408,2.2099447,0.24749999,0.25013745,0.17999999,0.1423025,-27.63249,18,11,26,SPEAKER_01,234.133333,262.9,258.97784375000003,260.85096875,1,1.873125,engaged
35.323692,0.047536846,34.78394,35.502052,35.973698,1.1897583,58.04242,45.4788,34.49497,35.95127,0.37156188,0.45318434,0.21877448,0.3376348,0.5097926,0.29101813,4.2238674,2.0626292,2.7069788,1.3445796,0.1238428,0.6251665,24.397297,0.42308292,9.884996,1.3464878,-11.513882,-1.1690267,-15.538216,-0.5934865,0.016281828,2.0236716,0.99125916,0.81489986,8.830106,0.41330972,4.825163,2.218025,33.101173,0.21254367,750.33936,0.22141513,1363.2491,0.12361771,-68.799965,-1.2535412,1801.0963,0.13174137,1176.8953,0.2215702,-77.85414,-0.98781675,2928.3296,0.07421454,977.38605,0.33100903,-84.411476,-0.854503,-16.57104,-0.59502697,32.198887,0.23213454,0.06952466,0.21118316,-0.017238157,-0.8065245,0.15314408,0.47182366,29.222868,0.23588856,12.51525,1.0790656,-13.074887,-1.0858378,-18.169584,-0.5104929,-4.2699566,15.35739,0.04335934,-0.0006668761,0.05977413,5.142857,2.95858,0.226,0.12970735,0.09199999,0.034292858,-30.265985,18,11,26,SPEAKER_01,234.133333,262.9,261.13784375,262.9,1,1.7621875,engaged
44.752247,0.106420524,41.08287,43.768044,49.20098,8.118111,53.16803,13.800009,73.79519,39.40332,0.73094743,0.85903037,0.19951938,0.5051318,1.1603824,0.960863,7.0968866,6.6475883,3.1890013,0.28653014,0.46207473,1.5079199,16.378094,0.36326608,-1.8798895,-4.7243066,-13.472901,-0.69379205,-39.270927,-0.62988263,0.030445293,2.0517545,0.7757076,0.7276928,10.79452,0.39310014,15.47932,0.68420285,22.558126,0.41060883,830.9634,0.21879941,1227.5618,0.1973991,-122.27086,-0.7587686,1964.2993,0.15566315,950.9899,0.55456984,-117.067024,-0.7326199,2907.857,0.07714354,736.28687,0.37639666,-114.99802,-0.7634578,-14.856664,-0.40030316,22.59499,0.33651653,0.07173231,0.33653176,-0.032858957,-0.49268553,0.82213694,1.0334541,15.352012,0.31767854,-2.5051546,-4.159978,-12.581972,-0.8834949,-59.359856,-0.31650344,-7.992122,19.151678,0.043883417,-0.013140794,0.14163746,1.1673152,1.5936255,0.29,0.21633308,0.3175,0.22286487,-17.281256,18,11,26,SPEAKER_00,234.133333,262.9,235.23471875,237.81659375,1,2.581875,engaged
35.645626,0.021358436,35.177876,35.656586,36.368637,1.1907616,35.471966,23.984959,10.7243185,9.21509,0.36583212,0.56741524,0.20062625,0.30296806,0.53631794,0.3356917,5.124758,2.557144,3.6319783,1.2019644,0.15643579,0.791955,21.198263,0.47101066,8.26146,1.5640637,-13.270905,-0.77592254,-11.283118,-0.890076,0.020576809,0.7489665,1.3005245,0.6066608,6.670331,0.31886816,7.594776,1.2195078,30.5273,0.3076255,815.43713,0.22289279,1285.0052,0.1479848,-105.299644,-0.8706934,1866.35,0.12867762,1086.8933,0.2458633,-110.9041,-0.7579349,2936.3403,0.097137794,932.34485,0.23772864,-114.48012,-0.70063055,-11.801805,-0.92203754,26.715736,0.31558207,0.080322176,0.1955021,-0.0117150415,-1.1725888,0.23912436,0.50577193,27.80671,0.20675625,5.007869,3.1361096,-13.499663,-0.9753465,-13.42657,-0.7318359,-9.232281,19.444908,0.05684092,-0.00793805,0.08653051,5.6,4.166667,0.11,0.072663605,0.089999996,0.061101004,-30.678322,18,11,27,SPEAKER_01,262.933333,264.2,262.933333,264.2,1,1.2666875,disengaged
35.525482,0.039678592,34.22076,35.521107,36.28743,2.0666695,24.06836,29.919264,0.732893,11.95445,0.46554658,0.41132307,0.29657543,0.41626695,0.61350197,0.31692654,3.0551958,1.6502146,3.181152,1.6835532,0.14358035,0.72299397,25.076307,0.3905245,5.2043614,1.8665713,-9.171365,-1.4685484,-9.710652,-0.84715223,0.01078588,0.6159185,0.91143554,0.416845,9.203833,0.30255747,5.8314304,1.7448682,29.444967,0.25261605,787.0875,0.22537537,1351.1565,0.16142741,-57.417538,-1.3751794,1824.1499,0.15246506,1071.296,0.28750545,-62.707645,-1.1509095,2928.889,0.09917012,918.8356,0.16309789,-70.51884,-0.953303,-14.797402,-0.5574139,28.486904,0.2548357,0.06519523,0.20365758,-0.0140059795,-0.8713184,0.16744108,0.6583431,29.15083,0.20858002,6.515469,1.6006719,-8.550547,-1.6887172,-11.313569,-0.7699364,-5.547134,12.379661,0.039103758,-0.0046717124,0.07120623,3.8709679,2.6845636,0.2775,0.1948557,0.103333324,0.00942809,-28.048239,18,11,28,SPEAKER_01,264.233333,265.8,264.233333,265.8,1,1.5666875,engaged
36.032417,0.016794741,35.426792,36.01405,36.703613,1.2768211,14.856577,5.2534866,6.035557,2.930317,0.43467236,0.30437407,0.33342355,0.40743434,0.58578247,0.2523589,1.3386434,0.8371731,2.4465964,1.1222262,0.11634624,0.4133343,27.140732,0.21260834,-0.7531066,-13.706196,-16.404728,-0.54550904,-4.8552012,-1.5189127,0.009669773,0.4803064,0.96453273,0.3538698,8.076286,0.32005635,2.9046063,3.8861182,28.10183,0.41319668,767.2981,0.17067292,1294.2405,0.08896748,-54.25316,-1.5378692,1772.1404,0.09399823,1107.2225,0.15582725,-58.352085,-1.2477517,2911.4507,0.07561206,941.27606,0.08205027,-67.39688,-1.0078071,-12.606346,-0.44442546,26.630787,0.21965405,0.055943325,0.2830368,-0.008395826,-1.2417974,0.12633325,0.42462885,30.166197,0.10836254,0.55802655,21.574179,-16.731947,-0.6176457,-4.4985247,-1.617651,-9.676379,23.942266,0.02645613,-0.017766755,0.10713277,4.255319,2.3809524,0.32,0.0,0.08,0.0,-31.772772,18,11,29,SPEAKER_01,265.833333,266.6,265.833333,266.31846875,1,0.485125,disengaged
36.195164,0.07749567,35.05818,36.410202,37.84243,2.7842484,-21.116081,34.225723,10.041843,0.90738964,0.49831814,0.3641122,0.33400595,0.47266674,0.6869073,0.35290134,5.104158,2.6126359,3.1178026,0.8745391,0.16423365,0.643101,21.952099,0.43375286,0.86701775,11.120976,-14.33233,-0.87234986,-10.106508,-0.64729017,0.018983606,1.0790963,1.1659986,0.5611845,7.792576,0.32636714,5.9796476,1.8950455,27.448769,0.27828366,781.98334,0.22303118,1294.384,0.15917464,-72.56784,-1.1735908,1791.1315,0.14046007,1196.356,0.40180376,-76.09817,-1.0502172,2874.4988,0.07692824,1014.5046,0.31391227,-83.4804,-0.894328,-11.755577,-0.6904343,27.64712,0.20564725,0.060560197,0.2623714,-0.010123281,-1.4428066,0.19730502,0.5613627,26.781082,0.20070809,1.9313155,5.6203747,-15.584182,-0.93091357,-11.120736,-0.59242433,-7.089025,16.358627,0.040186673,-0.0069063506,0.1033956,6.7357516,2.688172,0.24599999,0.1409397,0.102,0.040199503,-29.028658,18,11,30,SPEAKER_01,266.633333,280.466667,266.85846875000004,268.79909375,1,1.940625,engaged
36.567623,0.1483787,34.946384,35.662285,36.63396,1.6875763,206.41313,306.17868,205.36916,117.57877,0.45052168,0.4812912,0.28610182,0.39792177,0.5914418,0.30534,5.2465973,6.0951457,2.9403732,1.0995893,0.16533478,0.6953909,23.160225,0.4329496,6.314309,1.5214514,-10.642656,-0.9235821,-9.407997,-0.86941874,0.02395201,2.1345062,0.98867697,0.47330946,7.940595,0.34527424,5.6568027,1.9497894,26.702368,0.97893745,772.5418,0.22212045,1293.0603,0.15824729,-73.49338,-1.1354018,1854.7047,0.1376076,1057.1257,0.26188776,-77.1023,-0.97100854,2919.499,0.10143111,1004.5191,0.29792768,-81.345345,-0.8762343,-15.990036,-0.43606758,27.294977,0.2642301,0.058398355,0.32171005,-0.016070759,-0.94849724,0.19073252,0.62938243,26.773888,0.32680678,8.820147,1.0711422,-10.255572,-1.0373862,-10.720744,-0.79681754,-9.322959,19.480543,0.03663665,-0.003946604,0.12340487,3.4055727,3.773585,0.1775,0.12530795,0.077,0.051778372,-28.499622,18,11,30,SPEAKER_01,266.633333,280.466667,269.03534375000004,272.27534375,1,3.24,engaged
39.86991,0.028905809,38.847267,39.81619,40.832733,1.985466,35.55767,37.65852,38.772682,11.580934,0.2970358,0.54239875,0.16608702,0.25549594,0.38974908,0.22366206,3.2229788,1.9811095,2.7052963,1.179706,0.098824464,0.90155655,17.779198,0.4796703,4.1569037,2.1904504,-8.035349,-0.9195365,-15.849706,-0.7660553,0.031248922,1.0303949,1.4823837,0.9287154,7.885145,0.4418359,5.966637,0.7290679,25.853188,0.24340425,811.2845,0.19056514,1290.6594,0.19620197,-154.92154,-0.4902844,1934.911,0.12906682,1138.9053,0.28583834,-156.41742,-0.44104767,2817.246,0.08206205,988.55786,0.34388575,-156.41872,-0.4413247,-17.489182,-0.34971714,26.864162,0.26602668,0.0425893,0.42423683,-0.026995793,-0.51912713,0.103880994,0.5400753,23.209454,0.28388524,11.362885,0.67594296,-4.62498,-1.3493457,-22.097963,-0.6493632,-8.442849,17.454866,0.042622205,-0.013634896,0.09947663,3.5714285,2.909091,0.08125,0.05254462,0.21444444,0.17639044,-35.59735,18,11,30,SPEAKER_01,266.633333,280.466667,273.00096875,275.81909375000004,1,2.818125,engaged
42.041504,0.09793414,41.135315,42.217453,42.780384,1.6450691,221.22975,149.56721,42.030254,5.498016,0.30570886,0.40680373,0.18577594,0.30154505,0.39038798,0.20461205,3.4207554,1.7006614,2.0406206,1.1495279,0.07150769,0.69855326,20.365175,0.39294833,8.8634615,1.0306823,-6.769314,-1.0277203,-24.09,-0.5506619,0.026729735,1.6230887,1.0182375,1.0558834,11.9837475,0.36493948,18.140236,0.5190064,31.248886,0.23098545,816.5545,0.18266429,1210.0088,0.14514509,-85.16322,-0.9758263,1943.6617,0.105073,1106.322,0.2729514,-94.080986,-0.7720538,2920.5374,0.069482505,834.0324,0.37633708,-92.41793,-0.78175056,-21.577076,-0.31363457,33.591595,0.18595567,0.054135595,0.33210048,-0.023374034,-0.58151925,0.07752818,0.63649803,24.702381,0.20177561,11.485594,0.7180952,-8.145301,-0.7725148,-29.537855,-0.39160603,-7.8989606,16.454481,0.041222874,-0.006801037,0.06380282,5.91133,3.0456855,0.20833333,0.12979685,0.099999994,0.055075705,-32.316208,18,11,30,SPEAKER_01,266.633333,280.466667,276.17346875000004,278.21534375000005,1,2.041875,engaged
34.551113,0.044969805,33.415092,33.798218,36.39344,2.9783478,-2.6756458,8.532692,48.927055,0.0,0.32736215,0.32978544,0.23005122,0.28513062,0.43780303,0.20775181,0.8209323,0.76119804,1.9781309,0.7418822,0.09326893,0.6276684,17.246933,0.49326605,1.081564,6.351459,-13.321693,-0.57253015,-6.6144915,-1.0548056,0.0145677,0.8584131,1.009596,0.54050815,6.9845476,0.43025106,2.741805,3.6592646,31.95091,0.36935157,800.59045,0.23125824,1222.6768,0.13813163,-137.47948,-0.62875974,1781.7032,0.11973913,1206.9371,0.26825693,-138.09784,-0.59513044,2858.2642,0.07751314,833.5323,0.19227538,-141.6649,-0.5464203,-11.155739,-0.5607429,27.65974,0.28558075,0.049822953,0.25060517,-0.015914798,-0.57014406,0.14279377,0.40426224,26.594667,0.1979122,3.0952923,2.9196818,-17.62757,-0.32440123,-12.588201,-0.38573506,-6.5650783,18.624603,0.018558051,-0.0052327546,0.07469213,2.5641026,2.739726,0.114999995,0.024999999,0.14999999,0.014142135,-35.18622,18,11,30,SPEAKER_01,266.633333,280.466667,278.33346875,279.12659375000004,1,0.793125,engaged
38.6427,0.012158363,38.17763,38.772316,39.011677,0.8340454,9.269948,5.391076,8.829851,1.3615409,0.51906455,0.32495302,0.35913968,0.52314746,0.67221326,0.31307358,3.3274293,1.1932777,3.1088316,1.4655104,0.18064754,0.5213412,27.854786,0.24542469,4.0962505,2.5126655,-12.307147,-0.6931426,-13.377053,-0.67320895,0.010624628,0.72007704,0.8153499,0.62957674,10.348932,0.30734938,9.75367,1.3641399,31.455875,0.3327232,699.09894,0.26383284,1425.3196,0.17607959,-61.253857,-1.2763836,1706.5854,0.1649515,1253.0901,0.29993457,-63.92269,-1.0924456,2806.222,0.12072788,966.3398,0.18636918,-71.85524,-0.90973836,-15.308754,-0.52791405,29.700174,0.28213638,0.06205938,0.26827887,-0.024321835,-0.60623616,0.18953283,0.42419085,29.874,0.16479985,3.71513,3.1151688,-14.037137,-0.61488265,-15.151684,-0.57104063,-13.13064,25.47633,0.028274108,-0.014412753,0.16983812,6.8627453,2.1052632,0.35999998,0.07,0.06,0.008164966,-26.14098,18,11,30,SPEAKER_01,266.633333,280.466667,279.43034375,280.466667,1,1.0363125,engaged
33.335026,0.111115955,32.150635,34.36049,35.75933,3.608696,126.01176,87.70112,38.723644,17.71597,0.4863514,0.2932377,0.35846153,0.49880397,0.6239783,0.2655168,3.9682305,1.1384709,3.1792524,1.2314698,0.1460149,0.5069497,20.838776,0.36554074,0.23827271,44.92095,-14.589597,-0.588311,-8.444015,-0.8739824,0.033763636,1.6895671,1.4827217,0.5524037,4.8611813,0.6503654,8.629189,1.0256507,28.300909,0.21987376,864.27484,0.13743554,1228.8303,0.15095457,-61.128906,-1.4440712,1923.0099,0.08406895,1073.0857,0.25354013,-66.87267,-1.2001816,2940.2466,0.06330216,894.72784,0.21850468,-72.54005,-1.0587757,-11.964149,-0.5915515,24.059544,0.29064712,0.062425412,0.1608022,-0.010329676,-1.1900821,0.1722935,0.41177946,24.175123,0.27727246,2.9780653,3.9670284,-11.615536,-0.7233798,-8.136743,-0.97197855,-1.6336931,20.650513,0.039353054,0.010111619,0.11602992,6.9444447,2.9850748,0.22999999,0.01,0.16,0.0,-31.095156,18,11,31,SPEAKER_01,280.5,281.333333,280.5,281.23596875000004,1,0.7359375,disengaged
37.563877,0.1003771,35.599594,36.862427,38.574196,2.9746017,32.026913,13.047925,29.80944,0.0,0.46292895,0.4109451,0.29695764,0.4522035,0.6420839,0.34512624,4.84992,2.1322489,2.996629,1.160947,0.18586801,0.7057555,23.652721,0.44089773,3.1513584,4.050591,-8.455414,-1.3372352,-12.530961,-0.7080937,0.017527802,1.0853205,1.1999662,0.63402677,8.543574,0.47061738,5.0454884,1.8814366,23.472225,1.0973643,781.75586,0.23283182,1319.4911,0.14516062,-79.62138,-1.0428269,1835.4125,0.14332767,1155.3119,0.325147,-81.94465,-0.93273515,2893.8367,0.10971462,1076.519,0.42181292,-85.29395,-0.8593799,-15.686084,-0.69647694,28.693289,0.36619464,0.06264532,0.2802159,-0.015210911,-1.102275,0.21410345,0.5997835,27.911919,0.28327924,4.7780914,2.7936122,-8.621139,-1.3828936,-13.991388,-0.63015294,-9.419371,18.111616,0.05136321,0.00057847355,0.13711475,3.652968,2.8169017,0.23666665,0.17470612,0.08285714,0.05799366,-26.292974,18,11,32,SPEAKER_01,281.366667,283.9,281.69159375000004,283.9,1,2.2084375,engaged
0.0,0.0,0.0,0.0,0.0,0.0,0.0,0.0,0.0,0.0,0.22721267,0.35773078,0.17344895,0.18427332,0.2693291,0.09588015,1.9220074,0.8027042,1.6326877,0.95379823,0.046765544,0.8502443,12.58201,0.6361494,0.546008,13.031978,-14.224066,-0.63285756,-1.7237067,-2.043265,0.0,0.0,0.0,0.0,0.0,0.0,0.0,0.0,0.0,0.0,0.0,0.0,0.0,0.0,-201.0,0.0,0.0,0.0,0.0,0.0,-201.0,0.0,0.0,0.0,0.0,0.0,-201.0,0.0,0.0,0.0,0.0,0.0,0.0,0.0,0.0,0.0,0.0,0.0,0.0,0.0,0.0,0.0,0.0,0.0,0.0,0.0,-2.090418,16.367212,0.031155856,0.0070989104,0.0513748,5.1282053,0.0,0.0,0.0,0.32999998,0.0,-41.737507,18,11,33,SPEAKER_01,283.933333,287.1,283.933333,284.34096875,1,0.407625,disengaged
39.599804,0.17734852,36.405384,37.50717,38.36853,1.9631462,324.31427,217.11632,19.251902,0.0,0.48202467,0.42651916,0.28924915,0.44737554,0.709107,0.41985783,4.442823,1.4363313,3.6369157,2.0991156,0.18782255,0.6758514,23.479261,0.3780887,1.229598,9.6627445,-13.893659,-0.83259183,-11.14527,-0.7268194,0.018195847,0.6903551,1.0941416,0.40226996,8.728066,0.34412256,1.0727783,9.130036,24.684263,0.41100702,743.1474,0.2540008,1260.9427,0.16402748,-88.07184,-1.008746,1771.91,0.13699709,1113.6057,0.23117486,-86.7591,-0.93882227,2862.2676,0.083537236,967.60724,0.43915048,-91.81876,-0.8248902,-15.7567625,-0.540072,30.799154,0.26452562,0.057800144,0.26159933,-0.013457959,-0.95946336,0.22054206,0.5809565,26.654242,0.31391785,4.0678124,3.2135437,-13.17989,-0.967296,-12.286412,-0.51650816,-6.7067013,18.46895,0.033645853,-0.0046825237,0.11848798,5.46875,2.016129,0.318,0.16761862,0.195,0.21742815,-26.92889,18,11,33,SPEAKER_01,283.933333,287.1,284.52659375,287.1,1,2.5734375,disengaged
35.14081,0.090371996,34.23355,35.810852,36.85394,2.620388,175.30745,77.320206,25.177486,19.354565,0.40381196,0.392645,0.25288138,0.40274823,0.50328845,0.25040707,4.631071,2.4181676,2.6665695,1.2846166,0.14198202,0.63746643,25.003447,0.38880512,6.749969,1.497957,-13.497637,-0.8846625,-12.673519,-0.75234884,0.032117072,2.1052241,1.2327456,0.60875815,7.155216,0.5826131,5.8183227,1.6587154,30.47621,0.3078518,729.5045,0.23249087,1392.819,0.18627915,-60.32417,-1.3415669,1759.7561,0.15208857,1126.6759,0.2666119,-65.45589,-1.1131837,2879.526,0.09268913,952.7109,0.25553387,-72.66961,-0.94318223,-15.890153,-0.5364871,29.627663,0.22745782,0.0703327,0.21708703,-0.017534457,-0.89938694,0.16623616,0.5122834,28.867838,0.24677277,8.43403,1.2327846,-12.301171,-1.0332961,-14.876848,-0.63306266,-7.1709356,20.303225,0.045498524,-0.0030955444,0.080521606,5.2380953,3.4146342,0.21,0.18685363,0.071666665,0.037155826,-29.942326,18,11,34,SPEAKER_01,287.133333,290.266667,287.133333,289.25159375000004,1,2.11825,engaged
40.967384,0.22008762,35.93736,36.171917,38.823975,2.8866158,302.49216,0.0,77.330154,56.3951,0.3730631,0.533649,0.19024923,0.3051478,0.54482186,0.35457262,4.557472,0.061230183,-0.12685204,3.0883944,0.16795106,0.7094491,23.866304,0.40849778,8.1658,0.78163,-11.025137,-0.74834365,-16.884258,-0.5903545,0.02385471,0.8223357,1.640752,0.57979774,8.684995,0.384896,3.323787,3.087743,30.403126,0.30523032,660.2684,0.30593506,1404.1582,0.13039772,-88.71883,-0.9574266,1648.4844,0.1870334,1157.6781,0.18137373,-86.26461,-0.8747935,2766.6763,0.11437432,1221.5317,0.28549075,-94.21853,-0.7408549,-15.115056,-0.35198185,28.73948,0.24689357,0.081230074,0.3875274,-0.022334056,-0.51626664,0.20602112,0.58401006,26.148495,0.39211285,6.623991,0.7282611,-15.14059,-0.4836257,-21.202997,-0.5359837,-13.379695,25.342716,0.03611318,-0.014015796,0.08992457,4.651163,8.108108,0.07,0.037416574,0.055,0.024999999,-28.380508,18,11,34,SPEAKER_01,287.133333,290.266667,289.82534375,290.266667,1,0.4413125,engaged
37.09279,0.033171844,36.271137,37.011833,38.075226,1.8040886,33.348457,19.688082,20.270132,15.926872,0.44295013,0.53740174,0.24539816,0.37349945,0.6290148,0.38361663,8.0369835,5.2466598,4.0267262,2.5473466,0.19098917,0.728998,24.245846,0.33361077,6.68698,1.666738,-10.748962,-1.0565046,-14.966103,-0.59523773,0.018451657,0.9449876,1.1827781,0.49483564,8.179536,0.34031433,4.923216,2.0839489,27.450932,0.29630762,790.081,0.21315528,1272.9816,0.17478392,-75.12028,-1.1257594,1843.107,0.12575106,1107.8268,0.24878594,-81.66125,-0.92272455,2952.7893,0.06296967,872.70044,0.25112107,-86.96595,-0.8231345,-16.33847,-0.44274846,30.274065,0.2329368,0.07131679,0.25678387,-0.019225772,-0.60087293,0.24108839,0.5855472,27.327942,0.22901799,6.0544786,1.7748775,-12.3072605,-1.0097249,-17.529947,-0.517622,-12.275291,22.625286,0.048056673,-0.010674258,0.09306713,2.7027028,3.7558687,0.1725,0.08926785,0.07375,0.04498263,-26.643572,18,11,35,SPEAKER_01,290.3,292.533333,290.3,292.533333,1,2.2333125,disengaged
33.390945,0.019812942,32.95448,33.032486,33.777927,0.8234482,3.3467867,0.0,23.706734,0.0,0.30247286,0.25678152,0.23328353,0.29060212,0.36871216,0.13542862,2.8210795,0.82259303,3.5656033,1.9559283,0.097433105,0.9383026,16.180424,0.53620017,5.0102654,1.835869,-15.040539,-0.58342004,-13.699458,-0.48598766,0.024390062,0.39380354,1.1160375,0.44840264,6.5618534,0.36857957,18.791689,0.2497373,34.720085,0.1852031,831.39526,0.15616609,1156.7166,0.19096385,-105.110016,-0.9406261,1970.108,0.0393447,1020.6494,0.23700279,-114.668976,-0.77698284,2999.4397,0.020900555,880.68854,0.28560513,-117.162186,-0.73889995,-20.656036,-0.24932122,32.832664,0.15726636,0.07463816,0.2611429,-0.017351156,-0.32558,0.1688499,0.7439659,25.765137,0.17861101,12.616259,0.57576865,-5.623131,-0.8082788,-16.631721,-0.20445345,-9.638563,21.4649,0.026704876,-0.005278244,0.04659251,5.4054055,3.125,0.14,0.0,0.16,0.0,-33.04836,18,11,36,SPEAKER_01,292.566667,296.066667,292.566667,292.94721875,1,0.3805625,engaged
39.437008,0.056284677,38.047752,38.597034,40.540527,2.492775,-16.9287,0.0,211.46254,0.0,0.37040958,0.17337447,0.28677535,0.3968113,0.42005232,0.13327697,1.3077816,0.7658813,0.9823439,0.0,0.11729013,0.45895413,15.755986,0.52471274,1.065639,10.015225,-17.056486,-0.41345647,-24.00999,-0.33275363,0.10101087,0.76076734,1.309632,0.5836649,4.7092586,0.28470907,-0.95040506,-10.625749,23.995842,0.28487974,913.07996,0.03496507,1155.2228,0.07186151,-131.44022,-0.6662047,2054.0625,0.02670245,1176.8572,0.105720095,-140.43857,-0.54155463,2952.1086,0.0216443,887.4844,0.23962706,-139.51842,-0.55357647,-8.955907,-0.524795,26.878881,0.07193973,0.08066702,0.13384005,-0.028141696,-0.37327936,0.14667788,0.19135527,24.242636,0.10613019,-0.40473673,-25.850971,-23.421528,-0.18861012,-30.561148,-0.086819895,-9.755108,17.722569,0.06698724,-0.023711076,0.12707452,2.777778,3.2258065,0.099999994,0.0,0.089999996,0.049999997,-35.541786,18,11,36,SPEAKER_01,292.566667,296.066667,294.75284375,295.12409375000004,1,0.37125,engaged
36.813942,0.10202135,33.863388,37.629974,39.941395,6.0780067,118.403435,55.705734,76.833115,81.623085,0.45531216,0.40897846,0.28065282,0.40222287,0.60717165,0.32651883,4.2952065,2.3491082,4.9256964,1.904914,0.2234993,0.72982734,23.214294,0.33456615,5.7197146,1.4562311,-10.8834305,-0.7626858,-14.93043,-0.64691085,0.021679081,1.1265805,1.3002341,0.677333,9.166209,0.33729267,6.5281506,1.4463375,29.856562,0.3269423,764.38495,0.19833472,1291.3154,0.13045017,-98.34272,-0.8901353,1845.7299,0.12584032,1068.3638,0.20888768,-101.17692,-0.7922494,2893.6086,0.09010727,981.82043,0.26053804,-103.95404,-0.7470121,-19.161674,-0.34091875,29.403439,0.22963192,0.06032193,0.27949747,-0.02549972,-0.54074,0.29867324,0.5677622,27.688238,0.2053022,7.771094,1.1205018,-10.160158,-0.82057023,-18.25229,-0.5946973,-11.707786,21.802036,0.0478306,-0.014424837,0.13486603,4.6666665,4.8275867,0.10714286,0.045580164,0.1275,0.03897114,-25.377823,18,11,37,SPEAKER_01,296.1,300.1,297.40221875000003,298.92096875000004,1,1.51875,disengaged
35.46437,0.05619387,33.974762,35.122368,36.606907,2.632145,11.885357,0.0,20.743422,0.0,0.47535586,0.4746833,0.27058402,0.400585,0.6722107,0.40162668,4.259175,1.6528369,1.8956044,0.745102,0.16115674,0.606448,25.574837,0.37643144,7.225565,1.0541517,-19.022242,-0.4086273,-13.928583,-1.0683031,0.009230809,0.65153044,0.9916606,0.5973526,8.608939,0.34151828,3.304978,3.196332,33.46035,0.32899386,753.1437,0.21976842,1356.8667,0.22667575,-72.67852,-1.2159376,1752.3906,0.12155809,1206.2916,0.24806593,-81.27301,-0.9521412,2925.4863,0.084066026,888.6539,0.39572293,-88.39025,-0.81879306,-16.872887,-0.26119322,32.283623,0.20881957,0.059327587,0.2979371,-0.02234087,-0.47085986,0.1943215,0.5387865,29.657272,0.24448448,8.673479,0.84458005,-19.35007,-0.4320142,-20.08016,-0.7396488,-12.141848,21.678986,0.028374648,-0.007926433,0.09858997,2.7027028,5.7971015,0.105,0.1192686,0.06666666,0.044969123,-25.954668,18,11,37,SPEAKER_01,296.1,300.1,299.34284375000004,300.1,1,0.7571875,disengaged
60.945717,0.00027043922,60.93316,60.944527,60.96265,0.029491425,1.6882579,0.0,-0.92248917,0.0,0.26695997,0.19998194,0.22022474,0.24847676,0.31791732,0.09769258,4.07069,3.054772,-1.0265427,2.2738714,0.060437445,0.37192994,10.391731,0.54908705,-2.152836,-2.2874274,-19.295366,-0.3814181,-3.8455758,-0.75984144,0.0343292,0.18749061,1.7554841,0.15209444,7.4167633,0.11699552,17.675436,0.069229126,16.476841,0.13515294,546.33496,0.07231356,1274.5564,0.054848146,-201.0,0.0,1641.2893,0.081423804,1586.4645,0.16456085,-160.04794,-0.3972199,2439.7178,0.08024432,1123.7064,0.2355313,-151.24913,-0.42912033,-8.950196,-0.20202984,20.052385,0.2012061,0.028281556,0.41882634,-0.0025356305,-1.8135471,0.04426273,0.20149334,6.059491,0.22103965,0.55601543,5.30776,-24.781511,-0.20480841,-2.9042096,-0.5181567,-7.6212354,17.181904,0.038914163,-0.0013343934,0.06179325,6.0606065,7.142857,0.03,0.01,0.056666665,0.03091206,-41.937428,18,11,38,SPEAKER_01,300.133333,307.0,300.133333,300.47346875,1,0.340125,engaged
35.74045,0.07258574,34.34556,35.93633,37.801674,3.4561157,157.36409,105.88017,14.1911955,5.7810073,0.4472799,0.39322373,0.26198637,0.4487102,0.6175649,0.35557854,3.5085843,1.9743088,2.9252238,1.9726869,0.15690394,0.6715279,25.266258,0.33013043,6.0685,1.5608841,-10.812193,-0.9933479,-16.470678,-0.62549937,0.01957878,1.5379354,0.9807832,0.6334619,8.916018,0.3564105,7.652389,1.2536012,31.326305,0.24597822,782.49945,0.20560846,1341.4519,0.14672251,-60.144367,-1.3731992,1825.6918,0.14025892,1182.5334,0.2604762,-67.74187,-1.0724467,2894.432,0.08546067,895.2097,0.23799607,-72.560524,-0.9604198,-15.517521,-0.4779263,29.234564,0.23212238,0.072254136,0.22521041,-0.020672988,-0.648017,0.18062498,0.5454006,28.782997,0.18698713,7.2829366,1.3254837,-10.991361,-1.0497441,-18.981424,-0.5096204,-10.268789,20.078564,0.04882651,-0.009936993,0.093922704,4.268293,2.1671827,0.33714285,0.21110012,0.089999996,0.042720016,-28.509937,18,11,38,SPEAKER_01,300.133333,307.0,301.06409375000004,304.35471875,1,3.290625,engaged
39.525963,0.21081282,35.702827,36.395515,37.54892,1.8460922,22.087387,28.450178,54.434372,43.48268,0.3893005,0.4544956,0.20150852,0.3535873,0.5695296,0.36802107,2.5213711,1.5991845,2.7778075,1.0409954,0.10911756,0.70310926,22.656128,0.49636343,8.625823,1.3070585,-7.821728,-1.3270913,-13.612164,-0.82820356,0.015101884,0.9042763,0.8569617,0.6162721,9.364356,0.3772045,4.875226,2.0198607,26.263071,0.43936208,756.3132,0.19758739,1309.9315,0.20034571,-61.42649,-1.2818612,1816.5721,0.13462266,1203.4865,0.44637328,-64.931335,-1.0516129,2870.3013,0.09701674,957.66736,0.31388476,-70.3186,-0.9209344,-16.945326,-0.5534763,28.338797,0.31197363,0.06580111,0.3246056,-0.019199284,-0.7787355,0.13115914,0.5686151,25.884605,0.405254,9.997543,1.194943,-6.240175,-1.651685,-15.041988,-0.7940478,-8.430261,17.6357,0.039973687,-0.007986038,0.035748534,4.564316,2.5531917,0.29666665,0.21730675,0.107499994,0.07395099,-28.660864,18,11,38,SPEAKER_01,300.133333,307.0,304.57409375000003,307.0,1,2.4259375,engaged
37.336155,0.12789345,34.980103,36.804794,38.458252,3.4781494,99.76477,148.6551,26.008947,3.8974686,0.40796116,0.45197704,0.23572777,0.39045298,0.54450446,0.30877668,4.375747,2.4599473,3.510922,1.4077543,0.1505469,0.7057141,23.832563,0.38552913,8.465628,1.3926953,-7.874502,-1.4280201,-16.616573,-0.6986351,0.015408958,1.0156493,0.99000424,0.7505084,9.579121,0.3578664,12.169223,0.8508688,32.325054,0.27598932,778.6118,0.20074031,1281.8977,0.15552388,-86.72821,-0.9944947,1892.0829,0.12693675,1128.3936,0.36578542,-91.013954,-0.8377747,2932.3801,0.082687035,913.25977,0.28469127,-93.97374,-0.7859166,-19.1287,-0.3958106,30.299576,0.24046509,0.07022485,0.2845872,-0.0209542,-0.66992503,0.16386396,0.6363412,27.823236,0.2536468,11.275656,0.9934423,-6.683667,-1.7081492,-19.59448,-0.53068715,-11.782244,21.850134,0.057322748,-0.0068032965,0.14357029,4.411765,3.903904,0.15461537,0.095965974,0.08153845,0.06970775,-27.708958,18,11,39,SPEAKER_01,307.033333,310.566667,307.033333,310.44659375000003,1,3.41325,disengaged
36.961452,0.04328261,35.947617,37.001114,38.1832,2.2355843,44.69792,33.913723,25.509636,25.212374,0.40449384,0.47157735,0.22000834,0.35590634,0.594404,0.37439564,4.5473957,2.411411,3.1866872,1.1546187,0.17817776,0.7478268,23.907389,0.35844907,8.578053,1.0733072,-9.783695,-1.0870124,-16.458893,-0.5430975,0.022182474,1.1935819,1.3271432,0.7483251,8.123798,0.45725942,7.146092,1.5739455,30.633406,0.28823194,803.0817,0.1678499,1300.4729,0.13104013,-83.526085,-1.0324507,1854.7944,0.12142708,1215.3531,0.36788467,-90.87442,-0.86195415,2919.6619,0.08306672,875.84827,0.2354439,-95.73854,-0.7766804,-18.091276,-0.41603333,30.831705,0.2450134,0.07237361,0.2511358,-0.023661623,-0.4919039,0.23357415,0.5634539,28.091436,0.21687812,8.51649,1.2063435,-10.534445,-1.1636722,-19.799967,-0.4494181,-13.096735,22.615208,0.048432563,-0.012719533,0.09051763,4.934211,3.6789298,0.16272728,0.083675876,0.089090906,0.06273386,-27.328434,18,11,40,SPEAKER_01,310.6,314.166667,310.86846875000003,313.92284375,1,3.054375,engaged
40.279987,0.2779264,32.853134,35.292027,58.561436,25.708302,139.02899,49.67339,153.68956,66.1234,0.2068225,0.2076783,0.17564958,0.1973234,0.22478196,0.049132377,1.0614955,0.75012094,0.8921819,0.37576067,0.03793324,0.7071446,17.494034,0.36170805,3.0973904,1.4080964,-13.861345,-0.4679525,-10.911864,-0.62722725,0.038412403,1.0399753,1.2796286,0.38767445,4.6513114,0.5651102,7.4363656,1.4785343,24.234371,0.3056147,792.03674,0.15368465,1174.9657,0.1790036,-101.543304,-0.93406427,1817.1677,0.07498473,1032.2767,0.2599619,-98.14004,-0.8634736,2896.656,0.054963965,714.8363,0.30249733,-101.705,-0.7981063,-11.3935175,-0.32207662,25.235767,0.13679409,0.043337572,0.37282282,-0.010772305,-1.0253187,0.038401794,0.46591234,18.680386,0.29761833,3.236557,1.3349148,-15.828667,-0.45416984,-14.382393,-0.4419055,-10.093369,22.008945,0.022123381,-0.0036640745,0.039718777,4.081633,4.255319,0.12166667,0.06335526,0.106,0.085697144,-42.80784,18,11,41,SPEAKER_01,314.2,329.0,325.53284375000004,327.01784375,1,1.485,disengaged
35.085915,0.12620647,34.056786,36.83409,38.041126,3.9843407,101.97649,0.0,17.105728,27.872402,0.3999394,0.44167107,0.23945808,0.33641115,0.5781294,0.33867133,3.906727,0.8822504,1.0796835,0.8269574,0.14407931,0.6768961,18.710836,0.46117136,2.2121017,5.294213,-17.202662,-0.52299577,-9.2697525,-1.1656805,0.03531677,1.4174078,1.2119826,0.41030058,5.744571,0.5757702,9.428062,0.9369019,31.037922,0.2340588,741.3603,0.25680107,1402.1467,0.13808596,-113.91535,-0.83409715,1743.4636,0.15952602,1200.3823,0.2223088,-112.109726,-0.7916064,2804.024,0.1041785,952.34863,0.24684694,-116.78091,-0.7157404,-11.174839,-0.874845,26.302286,0.24786963,0.07447915,0.2369238,-0.01555843,-1.1748948,0.22044328,0.3975207,25.625854,0.20805272,3.645298,3.9193392,-19.012314,-0.5937582,-12.993071,-0.937456,-6.4077954,17.614157,0.033522774,-0.0032443071,0.07301006,4.477612,3.1007752,0.145,0.09552486,0.1575,0.14855555,-31.53908,18,11,41,SPEAKER_01,314.2,329.0,327.64221875000004,329.0,1,1.3578125,disengaged
37.41237,0.061174322,35.98173,36.39304,40.46824,4.4865074,596.1205,0.0,1.7910323,3.7809658,0.44957584,0.2796155,0.34213606,0.4370698,0.54632723,0.20419118,4.1919684,1.2025645,3.846239,1.264639,0.15715946,0.49353868,16.674501,0.2941908,-8.028507,-0.9507775,-21.215755,-0.418755,-9.7957735,-0.7879154,0.012899444,0.8804821,1.2456943,0.34279656,5.5513186,0.38569492,-13.098931,-0.36350846,7.6903324,1.3022183,722.2907,0.2343069,1252.0516,0.12591337,-133.01834,-0.64676094,1691.3381,0.1655389,1272.1544,0.43455842,-131.94788,-0.65156174,2731.441,0.09985511,1006.23804,0.21587935,-135.96,-0.5927622,-1.2914804,-5.028412,16.973991,0.29330054,0.030483967,0.3941123,0.0008679173,14.867329,0.19386423,0.42262563,20.002169,0.15161638,-13.46513,-0.56524414,-21.570696,-0.39245728,-4.053056,-2.1995904,-7.5035696,18.619497,0.03668714,-0.011627457,0.1349723,7.54717,4.166667,0.074999996,0.044999998,0.13499999,0.074999996,-33.07774,18,11,42,SPEAKER_01,329.033333,331.3,329.033333,329.58284375,1,0.5495,engaged
35.374638,0.027523853,33.933777,35.586605,36.258133,2.324356,6.198597,3.3682702,29.728624,0.0,0.4714726,0.3044664,0.3770391,0.44908786,0.56303066,0.18599156,3.475189,2.7982767,3.8556595,0.6187332,0.19118056,0.6010166,29.49994,0.19694944,1.6510085,6.461813,-11.73883,-0.7424152,-13.199556,-0.5817455,0.023378953,0.9249356,1.2835438,0.50456774,6.189177,0.4551981,11.528304,1.1275147,28.153776,0.20800972,822.1563,0.17154832,1258.6716,0.1055317,-52.322407,-1.2848524,1894.8325,0.10337559,959.21075,0.17856887,-58.47452,-1.0909172,3004.1064,0.094576456,1012.3723,0.7143076,-65.04223,-0.9379959,-15.183017,-0.38646263,26.894651,0.37432253,0.06544267,0.22657083,-0.017694585,-0.61220664,0.20407648,0.6046168,30.008394,0.22070172,3.1597593,3.2614636,-9.714843,-0.73463744,-13.974328,-0.553663,-12.000156,26.249329,0.05302189,-0.006698789,0.20094739,6.666667,5.0000005,0.14999999,0.08,0.03,0.0,-28.186495,18,11,42,SPEAKER_01,329.033333,331.3,330.83159375,331.3,1,0.4684375,engaged
35.814857,0.08124905,35.11165,35.750023,37.853172,2.7415237,18.69077,19.252031,28.44968,9.789058,0.41777018,0.38088298,0.25171143,0.40510473,0.58028364,0.3285722,4.0397496,3.0576231,3.0804935,1.0468538,0.13500638,0.68079203,22.322205,0.52621657,5.018849,1.7992605,-10.303875,-0.9654275,-16.413597,-0.77967596,0.05330937,2.8251557,1.0803293,0.47500908,6.81247,0.572196,9.091346,0.8645307,31.151371,0.23765197,801.63715,0.21634288,1297.5457,0.15273063,-73.85191,-1.1837091,1878.4904,0.13737309,1105.444,0.20825838,-80.16297,-0.9834722,2948.564,0.099343896,875.5086,0.29296568,-83.90645,-0.90968025,-15.284221,-0.40651184,27.370144,0.22622822,0.07174344,0.27325314,-0.022374183,-0.4726131,0.17276889,0.5094637,28.307192,0.20180337,5.3743415,1.6987604,-8.171144,-1.3477427,-21.395992,-0.55821615,-7.53482,14.202848,0.036003504,-0.0063429894,0.06628986,3.3557048,2.777778,0.235,0.14991663,0.13666667,0.08219219,-30.255106,18,11,43,SPEAKER_01,331.333333,343.566667,331.333333,332.83971875000003,1,1.506375,disengaged
35.91543,0.068778045,34.375034,35.948036,37.60867,3.233635,217.5916,214.06664,22.394093,28.589344,0.41713795,0.5101383,0.2353166,0.36564267,0.59356207,0.35824546,4.6425896,2.4062493,3.132035,1.3443577,0.16814275,0.77569485,25.063972,0.4922852,3.5986123,2.5576618,-16.931328,-0.63316226,-11.511999,-0.9908123,0.029398533,1.8596488,1.3143531,0.49661225,7.0092196,0.4588883,6.336237,1.5792955,30.60216,0.6830306,761.1747,0.22210965,1390.1567,0.20863731,-85.51034,-1.0462649,1759.265,0.13301983,1163.7856,0.26994038,-88.64341,-0.932872,2887.456,0.08575807,992.12775,0.33498177,-95.865524,-0.80202115,-14.7085495,-0.5220994,31.431547,0.22684576,0.075531036,0.25410143,-0.016407922,-1.0405917,0.2277398,0.5427707,31.427309,0.22967227,4.244461,2.3261564,-16.799252,-0.6904001,-16.136387,-0.65078324,-8.756907,18.327555,0.04904572,-0.0026738218,0.080879375,4.285714,3.188406,0.18636364,0.13425028,0.10545455,0.10030532,-28.292933,18,11,43,SPEAKER_01,331.333333,343.566667,333.39659375,336.90659375,1,3.51,disengaged
36.21511,0.07064728,34.658627,35.841152,37.772396,3.1137695,121.19936,81.32969,187.16576,328.27927,0.41769782,0.4539483,0.23197873,0.39625612,0.6089794,0.3770007,4.941455,2.236992,2.7792532,1.7248776,0.17543533,0.70713305,29.329842,0.40244415,9.226794,1.2718266,-12.666808,-1.0972401,-17.075064,-0.748616,0.031620987,2.074699,1.0848767,0.57983124,8.790806,0.4067748,5.4789963,1.5662271,32.432587,0.3101422,812.50354,0.21899843,1340.5226,0.14555049,-69.19999,-1.2195323,1847.2883,0.1535007,1186.5391,0.25275502,-76.986374,-0.974953,2984.1414,0.083738185,965.16785,0.34939784,-83.2012,-0.8459521,-16.899523,-0.58225113,33.60058,0.24159002,0.06821248,0.19206285,-0.018670687,-0.9129667,0.21078171,0.565337,33.16257,0.23571332,9.927708,1.2220073,-12.302144,-1.2115124,-21.296099,-0.5191828,-9.403182,20.379538,0.045846343,-0.006779999,0.09409104,5.243446,2.6717558,0.25714284,0.16507265,0.09428571,0.059727266,-26.865301,18,11,43,SPEAKER_01,331.333333,343.566667,337.21034375000005,339.89346875,1,2.683125,disengaged
36.758488,0.0797377,35.813004,37.108425,38.545765,2.7327614,306.02393,498.0433,42.830753,27.242092,0.3423763,0.57492155,0.16556029,0.29466236,0.50821763,0.34265733,4.351237,2.7112246,3.3681931,1.2585691,0.15901569,0.7460809,29.279564,0.30970037,12.815269,0.82658565,-6.663291,-1.9037479,-17.836752,-0.60917515,0.03285681,1.4953517,1.3963366,0.65899134,8.73979,0.38735366,7.3177295,1.4557064,33.0406,0.2906154,766.7858,0.22476403,1349.9009,0.15238215,-72.710144,-1.1146955,1867.4952,0.13997288,1102.3049,0.2556767,-79.789764,-0.8945143,2987.6282,0.087576486,1013.59204,0.2565223,-84.76173,-0.80344445,-20.205812,-0.40023938,32.154255,0.25042254,0.07268874,0.2764723,-0.023420833,-0.47400698,0.19503815,0.59951043,32.01306,0.18792778,12.161976,0.96596336,-5.590531,-2.5548525,-21.47335,-0.44035727,-14.057896,24.943766,0.054861724,-0.013990081,0.08039031,4.5751634,3.3222592,0.206,0.192,0.073,0.050408334,-27.581274,18,11,43,SPEAKER_01,331.333333,343.566667,340.48409375,343.55534375,1,3.07125,disengaged
40.421917,0.0,40.421917,40.421917,40.421917,0.0,0.0,0.0,0.0,0.0,0.13790473,0.14671949,0.12001912,0.15048648,0.15279949,0.032780364,1.4177431,0.0,-0.26096106,0.0,0.031040533,0.36910376,29.356764,0.04783429,1.7596471,1.8859596,-22.35177,-0.19134898,-11.183547,-0.2259961,0.025668291,0.052140627,2.508611,0.11687398,6.843476,0.025189556,-6.575474,-0.35050362,29.192768,0.015279459,913.7499,0.04369266,1214.4352,0.04676344,-2.7748122,-0.37613153,1992.8202,0.08759635,985.66455,0.046171077,-25.407602,-0.29562646,3064.3325,0.055720475,1004.8387,0.22347678,-38.543053,-0.04429027,-9.895019,-0.26285726,24.67224,0.1559851,0.04056736,0.15816471,-0.0061295605,-0.46745178,0.02968349,0.39783308,27.692644,0.04473464,4.2571626,0.26664722,-16.507772,-0.21302037,-8.827031,-0.33703294,0.0,0.0,0.0,0.0,0.0,14.285714,0.0,0.0,0.0,0.0,0.0,-47.38847,18,11,44,SPEAKER_00,343.6,368.633333,344.97284375000004,345.05721875,1,0.084375,engaged
39.79359,0.05999329,38.25651,40.384403,41.773724,3.517212,122.42027,78.759995,8.862774,5.5504665,0.3105748,0.42875063,0.1784029,0.30783316,0.43418306,0.25578016,3.050075,1.8240979,2.2873118,1.4746145,0.08019932,0.8058802,27.446365,0.23146595,12.594126,0.7136344,-5.4237123,-1.9909539,-34.732613,-0.4006393,0.016487846,1.6648644,0.85691077,1.001366,11.900098,0.3222452,16.666119,0.35390228,34.262733,0.17942451,750.2829,0.17115746,1343.6775,0.21226391,-71.06688,-1.1450512,1888.1882,0.10875281,1192.8647,0.1750824,-84.297554,-0.8191734,2950.9075,0.06095893,816.3419,0.38014978,-82.21759,-0.85368884,-23.804384,-0.21171403,32.728836,0.16933398,0.06632035,0.284235,-0.033653457,-0.3290078,0.087900236,0.76061225,29.651106,0.15024064,15.547632,0.48720863,-2.2555144,-3.996069,-40.172413,-0.25359908,-11.134541,22.72027,0.056874737,-0.016393425,0.058357526,4.3636365,2.222222,0.315,0.23329166,0.114999995,0.04924429,-30.61488,18,11,44,SPEAKER_00,343.6,368.633333,347.68971875,350.45721875000004,1,2.7675,engaged
0.0,0.0,0.0,0.0,0.0,0.0,0.0,0.0,0.0,0.0,0.13747369,0.10595348,0.12164205,0.13728943,0.14921732,0.02757527,1.0025686,0.5826656,0.94322,0.0,0.035211742,0.31409183,22.73165,0.22303177,1.8779066,0.8051503,-2.0565648,-6.489604,-22.245302,-0.11201409,0.0,0.0,0.0,0.0,0.0,0.0,0.0,0.0,0.0,0.0,0.0,0.0,0.0,0.0,-201.0,0.0,0.0,0.0,0.0,0.0,-201.0,0.0,0.0,0.0,0.0,0.0,-201.0,0.0,0.0,0.0,0.0,0.0,0.0,0.0,0.0,0.0,0.0,0.0,0.0,0.0,0.0,0.0,0.0,0.0,0.0,0.0,-15.818043,27.292929,0.06117863,-0.024084724,0.0514747,10.000001,0.0,0.0,0.0,0.04,0.0,-48.309807,18,11,44,SPEAKER_00,343.6,368.633333,350.65971875,350.77784375000005,1,0.118125,engaged
39.575756,0.054874927,37.169506,40.152046,41.68089,4.511383,47.889343,86.6971,9.099276,4.3343697,0.30107164,0.5029679,0.164225,0.28659004,0.39886647,0.23464148,2.0229385,1.1234632,1.3102268,1.2889532,0.056154665,0.86192656,28.188946,0.31405073,14.954149,0.502582,-3.2916675,-3.4742653,-35.504276,-0.40479103,0.0072474754,1.618999,0.4608611,1.4547513,14.068648,0.14861739,15.724654,0.4308689,39.25426,0.17817919,772.59863,0.1731511,1337.7363,0.13213906,-65.02435,-1.2234217,1950.7795,0.094560415,1205.0842,0.26273063,-78.8868,-0.8594681,3021.111,0.05459835,889.4432,0.28542346,-79.24811,-0.8513939,-25.777075,-0.1866988,35.71788,0.14405887,0.0702508,0.30017233,-0.03632195,-0.26472342,0.062194455,0.81823826,31.796242,0.14741373,16.199211,0.46911323,-4.023227,-3.1536708,-40.810844,-0.28519776,-10.969796,19.07562,0.04504403,-0.014290537,0.03917875,2.1621623,1.0958904,0.68,0.27748874,0.16799998,0.105527245,-29.874828,18,11,44,SPEAKER_00,343.6,368.633333,352.98846875000004,356.70096875,1,3.7125,engaged
37.562374,0.09692378,36.075905,38.115376,40.254143,4.178238,116.95872,126.500824,26.588827,15.439563,0.4648197,0.62564576,0.19157866,0.4256705,0.74406666,0.55248797,3.8729966,2.0895422,1.9545346,1.7011977,0.12080686,0.79753065,24.682613,0.37774238,8.764673,1.5015664,-2.402029,-4.6527524,-36.613117,-0.48605657,0.018929405,2.3580875,0.6271763,1.0844947,11.3610115,0.35933816,7.731741,1.0103191,27.735437,0.37696415,809.7347,0.17438379,1279.8246,0.14561868,-71.91707,-1.2526075,1987.6923,0.12064376,1093.6997,0.34682912,-82.783905,-0.9630853,2946.6792,0.05575227,830.5257,0.30867562,-82.48123,-0.9682867,-17.629585,-0.50243723,27.088417,0.27865574,0.07674021,0.26042452,-0.036866784,-0.38662392,0.14472342,0.7023661,27.896585,0.22163868,7.150008,2.0315037,-3.5428884,-3.3591993,-43.237,-0.3363272,-11.518116,19.76732,0.052554972,-0.016723562,0.07285849,2.7027028,1.8223236,0.36124998,0.24871857,0.16749999,0.09743587,-27.390331,18,11,44,SPEAKER_00,343.6,368.633333,357.35909375,361.81409375,1,4.455,engaged
38.34282,0.10043601,37.389523,38.962555,40.39039,3.000866,148.76892,138.88478,74.0248,84.83638,0.3841004,0.42338112,0.23208784,0.36836767,0.5217501,0.28966224,3.9021597,2.752479,2.4486372,1.7402397,0.10906751,0.74482775,25.687311,0.37937242,10.93525,0.78139615,-4.7233753,-2.0026162,-30.735722,-0.46914795,0.01725286,2.1457918,0.7794029,0.84406084,10.983231,0.37476733,9.225811,1.0249536,31.743923,0.24343368,757.7196,0.20701529,1332.4042,0.16129696,-87.356865,-1.0277957,1916.898,0.14050548,1154.7664,0.28416485,-93.22153,-0.83479285,2938.1313,0.06655521,929.19037,0.32150686,-93.577965,-0.8264827,-20.529427,-0.34168026,30.811882,0.23094063,0.06537487,0.3876632,-0.03425625,-0.35267577,0.11683581,0.6852102,29.290665,0.2285986,12.70127,0.6789428,-4.900201,-2.125689,-36.7079,-0.33653885,-11.109704,20.40022,0.04717864,-0.016928593,0.088706724,3.4328358,2.5563912,0.23882352,0.24192566,0.13235293,0.10474222,-29.49236,18,11,44,SPEAKER_00,343.6,368.633333,361.91534375,368.633333,1,6.718,engaged
0.0,0.0,0.0,0.0,0.0,0.0,0.0,0.0,0.0,0.0,0.13303365,0.18502867,0.10786648,0.13387828,0.144921,0.037054524,0.55625325,0.58744067,1.9141476,0.0,0.027579507,0.44716296,24.398941,0.09357551,2.248868,1.434196,-7.9617424,-0.46980464,-9.263492,-0.7262522,0.0,0.0,0.0,0.0,0.0,0.0,0.0,0.0,0.0,0.0,0.0,0.0,0.0,0.0,-201.0,0.0,0.0,0.0,0.0,0.0,-201.0,0.0,0.0,0.0,0.0,0.0,-201.0,0.0,0.0,0.0,0.0,0.0,0.0,0.0,0.0,0.0,0.0,0.0,0.0,0.0,0.0,0.0,0.0,0.0,0.0,0.0,-11.265206,23.964312,0.05321569,-0.0039974274,0.033530235,5.263158,0.0,0.0,0.0,0.13,0.0,-49.10285,18,11,44,SPEAKER_01,343.6,368.633333,350.45721875000004,350.65971875,1,0.2025,engaged
34.186787,0.014175603,33.663166,34.378727,34.638325,0.9751587,7.4189763,0.0,-10.876788,0.0,0.14806162,0.33922994,0.09101754,0.1515766,0.19489157,0.103874035,1.3938421,1.0913956,1.1304553,0.32084516,0.0373758,0.65277,27.390953,0.19208473,4.179516,1.211567,-5.4630704,-1.1113044,-7.9581237,-0.6924966,0.015100042,0.4105897,1.3387665,0.3096761,5.3577547,0.41646588,8.414926,0.6939789,28.019709,0.24255785,721.27435,0.2570909,1393.226,0.12764893,-117.03396,-0.8220481,1750.9902,0.14686672,1181.9773,0.36273798,-123.105865,-0.72548246,2775.425,0.094116524,1065.3683,0.20038317,-125.550224,-0.6881065,-13.990342,-0.13091479,21.429794,0.17237946,0.057121247,0.28548962,-0.010226663,-0.47566825,0.045058563,0.5498083,27.929237,0.12959868,0.008572066,501.43558,-3.0566125,-2.0791316,-9.490891,-0.6517497,-15.191894,26.31735,0.033666253,-0.013014821,0.036890943,5.882353,2.1739132,0.17999999,0.0,0.25,0.0,-44.04171,18,11,44,SPEAKER_01,343.6,368.633333,351.82409375000003,352.34721875,1,0.523125,engaged
38.628456,0.010969941,38.30469,38.55265,39.10549,0.8008003,11.316618,4.6737037,3.9794052,7.541863,0.4845989,0.35093787,0.322449,0.5474295,0.63291615,0.31046715,2.7655618,1.4886191,0.15437317,2.0419579,0.14784996,0.8227482,27.320599,0.1907416,7.9364285,0.5659786,-5.940965,-1.2099549,-32.488255,-0.47649524,0.013079121,0.7239641,0.77270037,0.64560544,10.667252,0.3149019,4.898368,1.6388739,31.919916,0.18477799,785.8678,0.13005821,1182.3892,0.11199617,-14.655089,-2.9329863,1915.1516,0.071271606,971.2225,0.16044596,-38.136726,-0.92290163,2992.7312,0.049107626,834.1304,0.44908792,-40.32928,-0.86522144,-19.214495,-0.1563876,30.112566,0.10685048,0.07451183,0.2102939,-0.042905543,-0.21057813,0.16910951,0.7456398,29.431759,0.106706895,9.262704,0.41564345,-6.5559287,-1.1846831,-36.563507,-0.37817168,-8.117647,18.637032,0.049239844,5.3882886e-05,0.15151863,4.878049,2.857143,0.32,0.0,0.0,0.0,-27.936382,18,11,45,SPEAKER_00,368.666667,371.233333,368.666667,369.08721875,1,0.4205625,disengaged
35.74837,0.09738364,34.224457,35.666424,37.2303,3.005844,125.85911,97.078514,20.170967,15.042394,0.4119063,0.4671413,0.24919075,0.37643117,0.54925185,0.3000611,4.890866,2.7949572,2.956009,2.2301478,0.19569354,0.7091621,26.934057,0.3817061,8.70179,1.1230497,-8.850404,-1.0083895,-15.936263,-0.7059833,0.021438144,1.2427635,1.2450334,0.5123426,8.045614,0.3425983,11.272899,0.93478763,33.979202,0.6908035,767.92694,0.23978409,1316.4894,0.17267284,-77.7518,-1.1289301,1834.9038,0.13769758,1133.5669,0.26301625,-82.52589,-0.9457433,2953.274,0.08046648,955.8949,0.32712036,-86.84915,-0.8648904,-20.577745,-0.2797801,33.55367,0.16282226,0.069750644,0.33675936,-0.020341761,-0.738637,0.23718354,0.6000342,31.450623,0.25692585,11.261659,0.6861176,-8.948427,-1.0176927,-19.091228,-0.50085634,-11.745336,22.09262,0.047321558,-0.0062127295,0.13598847,4.3650794,2.834008,0.22999999,0.1377368,0.118333325,0.10040197,-26.922869,18,11,46,SPEAKER_01,371.266667,407.266667,372.49596875,375.02721875,1,2.53125,engaged
36.448433,0.039253555,35.294167,36.07348,37.80736,2.513195,148.52876,160.80296,8.187239,15.501869,0.42945886,0.4106268,0.2683403,0.4040072,0.5681301,0.2997898,3.667759,2.3111067,3.1865788,1.2886997,0.16911973,0.64409333,23.42637,0.4905582,9.528988,1.0179374,-9.808422,-1.1821989,-12.895251,-0.8270254,0.016568625,0.9661388,1.079939,0.63846344,9.535439,0.34619287,6.308515,1.7035693,31.318405,0.27444795,772.15845,0.22106789,1334.307,0.16378424,-87.15228,-0.9946444,1823.7422,0.13200301,1153.9429,0.28843746,-94.13503,-0.8372997,2955.078,0.08143086,884.7786,0.18508135,-98.42119,-0.76554126,-20.141823,-0.3490949,32.172585,0.2545897,0.060501143,0.29733673,-0.020864163,-0.37339243,0.21459477,0.4732658,29.300081,0.24213584,12.092791,0.72184277,-7.3957896,-1.650992,-15.475418,-0.73887634,-9.232746,17.496431,0.042655915,-0.007697464,0.10341205,4.545455,2.5906737,0.23200001,0.109252006,0.11,0.05033223,-25.27562,18,11,46,SPEAKER_01,371.266667,407.266667,375.75284375,377.7440937500001,1,1.99125,engaged
37.865704,0.16190684,34.815712,36.408386,40.71767,5.9019585,334.9227,587.5154,230.77036,349.67767,0.47992805,0.4325849,0.28247362,0.42935935,0.66376805,0.38129443,4.1310816,1.8408484,2.6107852,1.2686192,0.19928227,0.66828007,22.380152,0.45446795,6.3087544,1.6033465,-13.529539,-0.82939464,-19.389105,-0.5842005,0.029168455,1.8402513,1.2182661,0.6410073,8.35481,0.45719928,7.620531,1.5604435,30.34506,0.3733395,804.7545,0.1913099,1310.2372,0.20790926,-83.07799,-1.0969034,1872.4014,0.11774691,1095.6582,0.24950622,-89.64413,-0.88985175,2966.3867,0.068007566,897.47345,0.38677958,-92.95697,-0.8291871,-18.17485,-0.4174382,31.059975,0.21960832,0.07049786,0.30031496,-0.02161012,-0.6844125,0.2488846,0.51949066,27.078054,0.28797117,7.6516232,1.3919395,-12.87559,-0.98230326,-23.065802,-0.49311227,-10.329565,19.641417,0.046110135,-0.011019823,0.112844706,4.1580043,3.1578948,0.19133332,0.20921652,0.12,0.10250703,-26.083254,18,11,46,SPEAKER_01,371.266667,407.266667,378.1997187500001,383.02596875,1,4.82625,engaged
37.99337,0.00927203,37.633038,37.981724,38.338512,0.70547485,0.15966351,0.0,0.0,0.0,0.54559946,0.44153005,0.27133727,0.6648466,0.76447356,0.4931363,3.143452,2.0646222,2.3505569,0.0,0.24061479,0.62395847,22.075476,0.33154932,-2.052345,-4.3029714,-21.698921,-0.485752,-12.546981,-0.75629574,0.015635265,0.1969565,1.5371213,0.103799716,7.004949,0.25281388,-4.5572453,-0.8939536,30.626114,0.1826562,711.95374,0.17906584,1292.0946,0.020948354,-99.86871,-0.9351644,1689.7482,0.107222855,1103.6171,0.09263413,-111.54761,-0.74887294,2866.405,0.017570274,1059.9554,0.34710717,-116.41549,-0.6727729,-11.893248,-0.13070363,28.954168,0.16634955,0.080963254,0.15443759,-0.018899444,-0.2609039,0.38007343,0.35966447,26.078331,0.25257614,3.7173233,1.3981439,-21.018173,-0.54705584,-24.199165,-0.23302622,-9.503227,22.98711,0.05734358,-0.0038976416,0.1287113,5.555556,8.333334,0.049999997,0.0,0.049999997,0.0,-28.277851,18,11,46,SPEAKER_01,371.266667,407.266667,407.07284375,407.266667,1,0.1938125,engaged
37.83022,0.11161324,34.405636,37.39052,39.38245,4.9768143,87.54632,58.569836,66.44551,71.35245,0.49191442,0.3876451,0.32626417,0.4337748,0.6691855,0.34292135,4.1942687,4.7675133,3.8648834,0.63577455,0.2630032,0.5666211,26.51805,0.2557757,14.54079,0.5892266,-8.839839,-1.4118043,-22.547071,-0.5244313,0.028669575,0.9909087,1.1297371,0.69329816,8.748483,0.49718446,7.5923576,1.1446637,30.145447,0.25765544,847.54156,0.14937937,1246.9924,0.14957464,-55.261757,-1.3365732,1954.0596,0.100321814,1124.4698,0.22213341,-69.25015,-0.92064196,3014.5366,0.06692894,891.9201,0.259066,-71.446045,-0.8747072,-21.31922,-0.32462656,34.680023,0.17219792,0.07538948,0.29654753,-0.026715161,-0.50626755,0.27686134,0.46595827,27.976849,0.20073712,14.091233,0.6454027,-10.514874,-1.2608669,-23.993443,-0.5102225,-17.71655,28.255508,0.06963312,-0.01863703,0.25934696,4.0,3.3333335,0.22749999,0.0449305,0.07333333,0.026246693,-24.251558,18,11,46,SPEAKER_00,371.266667,407.266667,384.22409375,385.48971875,1,1.265625,engaged
42.544422,0.08545606,39.024483,41.326195,46.911575,7.8870926,50.118904,0.3520671,137.23825,0.0,0.34688663,0.40876284,0.18356359,0.36410087,0.49253803,0.30897444,3.2061615,1.1322118,1.3006015,1.1067034,0.14905888,0.83135563,15.8504925,0.7485574,15.053095,0.46911025,-12.801553,-0.5640423,-27.344173,-0.41930926,0.019859608,1.1519933,0.71232605,1.0680306,11.644189,0.1901269,10.790378,0.70008683,31.828173,0.30918476,817.9229,0.17251503,1325.804,0.12401888,-111.08493,-0.7733103,1911.4617,0.12604438,1249.9241,0.2503485,-115.78505,-0.6543979,2954.8938,0.07148303,887.8811,0.42526385,-116.95251,-0.6338568,-23.15845,-0.32346264,35.673023,0.20823662,0.09024151,0.22546181,-0.032568377,-0.34127957,0.23036101,0.5496507,25.85079,0.25463444,18.082693,0.30339944,-14.666603,-0.5943621,-36.215336,-0.20600797,-7.5562572,15.155872,0.05508672,-0.013729358,0.066167906,5.681818,2.4390244,0.21499999,0.015,0.175,0.114999995,-28.781242,18,11,46,SPEAKER_00,371.266667,407.266667,387.4472187500001,388.34159375,1,0.894375,engaged
43.00645,0.11055956,38.269188,41.729813,48.676178,10.40699,57.34911,0.0,8.742996,31.100914,0.6552959,0.5469205,0.29086787,0.5890904,1.0305127,0.7396448,1.902717,1.3832604,2.9059677,1.6242238,0.3968389,0.9059398,15.673682,0.8802892,4.7893434,1.669586,-19.051458,-0.9351178,-39.65501,-0.38825214,0.09963821,2.1349347,0.7887097,1.5288924,10.171786,0.27983183,8.326308,0.5336952,34.52407,0.48141003,918.2057,0.10508401,1209.7028,0.13928857,-77.8775,-1.1832476,1955.3074,0.08908699,1319.7941,0.21503508,-94.28258,-0.83082855,3023.5981,0.05065374,780.048,0.25797352,-95.34732,-0.8123835,-18.370249,-0.26039404,33.801846,0.1475615,0.09731105,0.20722663,-0.038306195,-0.35234895,0.6255081,0.4786907,25.45503,0.3125514,3.4798973,2.5995846,-30.298763,-0.37828034,-50.689342,-0.16730082,-4.2945323,10.441274,0.056014396,-0.008940453,0.07528637,2.8169014,1.5151516,0.41,0.0,0.11,0.01,-21.2805,18,11,46,SPEAKER_00,371.266667,407.266667,388.96596875,389.69159375,1,0.725625,engaged
41.92941,0.05772926,39.58418,41.766014,44.168274,4.584095,24.5311,8.695898,106.93535,26.68314,0.4875669,0.56255984,0.21863881,0.45662326,0.7402969,0.52165806,4.0403185,2.9499621,6.210905,3.1863463,0.25303274,0.97792315,16.831148,0.65378636,4.1146846,2.016198,-10.602672,-0.7445728,-27.41585,-0.4902285,0.030742398,0.80210227,1.0557938,0.67489827,10.839148,0.33779773,8.261553,0.76954716,23.90451,0.16689308,839.70276,0.13276353,1278.4818,0.2036421,-128.51204,-0.6730025,1942.6602,0.089152075,1103.9297,0.20262514,-132.57259,-0.5876549,2867.8418,0.034449346,788.60425,0.35915926,-131.4255,-0.60301834,-20.1867,-0.24793531,29.916052,0.16589823,0.07646815,0.24620189,-0.029363995,-0.430199,0.35722876,0.6617013,23.810087,0.1307398,4.8916855,1.8271227,-10.087086,-0.73220295,-38.577034,-0.3009633,-8.867603,18.388855,0.060768947,-0.013859564,0.19928509,4.285714,2.222222,0.17666666,0.10656245,0.1875,0.20825164,-24.980503,18,11,46,SPEAKER_00,371.266667,407.266667,391.91909375,393.33659375,1,1.4175,engaged
41.76424,0.09070298,38.52644,40.025112,46.03395,7.507511,32.19972,0.0,92.25168,0.0,0.9899674,0.65629673,0.32955953,0.8543625,1.7809861,1.4514265,3.5221615,1.1484437,9.616915,1.6377102,0.5846413,0.8569563,23.164572,0.34857932,-1.7661043,-6.1654816,-22.404835,-0.5280282,-26.165485,-0.59075993,0.02296437,1.0574236,0.78586096,0.66496605,10.007503,0.3218891,12.521589,0.5626817,38.20907,0.2601155,837.06885,0.20075312,1364.9163,0.21532774,-55.771114,-1.4695833,1819.4801,0.11627363,1139.7064,0.13861391,-63.49088,-1.1216705,2995.7957,0.06115284,878.3607,0.23880859,-70.298996,-0.9573651,-15.097259,-0.52849174,32.79292,0.17513366,0.08679949,0.25286663,-0.031878214,-0.5615117,0.7623472,0.61820674,26.738384,0.17394519,-2.4991028,-5.042073,-27.771902,-0.26854008,-32.683075,-0.39874128,-7.7715664,14.919876,0.069730856,-0.011588909,0.16177589,2.9411764,1.5873016,0.48,0.0,0.06,0.02,-15.320018,18,11,46,SPEAKER_00,371.266667,407.266667,394.43346875,395.12534375,1,0.691875,engaged
41.514194,0.14365454,37.07471,41.00633,48.27458,11.199867,109.25711,31.557203,177.73476,51.19181,0.4908958,0.6312977,0.2250874,0.32356584,0.86057866,0.63549125,4.684222,3.1941102,4.4362965,2.95582,0.28588265,1.1721451,10.662964,1.0827292,2.7891471,3.5593817,-15.759887,-0.51852083,-26.930288,-0.6217384,0.079958834,1.2519273,1.3125479,0.61656356,5.9739017,0.95274115,12.009179,0.90699637,25.594522,0.37172455,860.52924,0.08922982,1279.0006,0.13257824,-143.13551,-0.5839352,1920.2369,0.080459855,1122.2563,0.17732355,-142.75703,-0.5525128,2895.9204,0.02452542,813.66003,0.35428187,-143.73416,-0.53678733,-11.818367,-0.9715677,26.433653,0.2793773,0.08390298,0.27898225,-0.030462354,-0.6652628,0.5808529,0.6038749,20.718632,0.2863106,-3.6697972,-3.340428,-20.113794,-0.41906917,-35.472626,-0.6367852,-6.13402,13.483615,0.06366305,-0.016514188,0.15332127,4.0,2.7586207,0.11,0.060415227,0.18399999,0.16954055,-25.670534,18,11,46,SPEAKER_00,371.266667,407.266667,395.96909375,397.48784375,1,1.51875,engaged
42.03106,0.09811992,39.15824,41.643017,45.269295,6.1110535,36.81162,11.143998,79.03724,96.931694,0.40134886,0.71565956,0.1583184,0.30270198,0.62632686,0.46800846,5.503986,4.085917,3.961656,2.6448286,0.22588728,1.1981006,16.464245,0.6247168,8.085753,0.93398386,-14.049428,-0.74010336,-23.48505,-0.6524517,0.025411144,1.1924224,1.177835,0.9951646,10.440463,0.3548799,10.755172,0.84305245,32.676525,0.25407523,818.11096,0.13476889,1260.7949,0.1533892,-109.589836,-0.8391677,1851.1178,0.097567245,1065.3953,0.25425902,-114.92005,-0.71292096,2980.9534,0.040514182,709.06433,0.28246212,-118.37675,-0.65991896,-20.933998,-0.31411338,33.028362,0.1828573,0.08163051,0.2727782,-0.029296786,-0.40671554,0.3976464,0.74289286,25.047203,0.21905375,7.3864098,1.2088262,-18.994024,-0.62431735,-35.910923,-0.27165368,-7.7397513,15.817955,0.05485699,0.0018085564,0.06116386,2.915452,2.6627219,0.17888889,0.12591395,0.15799999,0.12765579,-25.251995,18,11,46,SPEAKER_00,371.266667,407.266667,397.92659375000005,401.3690937500001,1,3.4425,engaged
38.88881,0.19085142,28.621016,42.20166,44.28987,15.668856,152.2349,169.55984,250.02266,403.648,0.28781456,0.39415634,0.17629024,0.26388952,0.40564132,0.22935107,2.2472181,1.2210939,1.9291382,0.6958562,0.106063925,0.8448178,14.7222805,0.6874957,12.607098,0.5131804,-9.480054,-0.71355885,-22.456766,-0.57948315,0.054545872,1.4555187,1.2099887,0.7234504,8.950877,0.5548439,12.042495,0.9045088,26.595345,0.3118824,833.6565,0.13630709,1207.974,0.11529909,-116.71743,-0.77308106,1923.023,0.08836304,1060.4445,0.23888782,-121.40829,-0.6590942,2932.5505,0.055286493,720.2301,0.31122974,-121.493416,-0.6563481,-20.628426,-0.32950696,30.019201,0.26324043,0.07716616,0.27844813,-0.023391018,-0.8035412,0.14595619,0.6293422,19.883402,0.3460705,14.2976055,0.45261487,-10.190324,-0.6927056,-29.64751,-0.3611212,-8.618969,16.633535,0.05443853,-0.0072656167,0.07254431,3.254438,3.3033035,0.13181818,0.07055857,0.1375,0.09148087,-33.01408,18,11,46,SPEAKER_00,371.266667,407.266667,401.63909375,405.03096875,1,3.391875,engaged
37.964878,0.22787592,34.118275,36.36566,40.183956,6.0656815,249.20872,236.04272,732.1548,856.49414,0.38694087,0.3682414,0.25797,0.34664154,0.5290283,0.2710583,3.389272,1.3717053,2.583719,0.69936657,0.13030148,0.67823267,15.050101,0.4626089,1.8698944,5.6341944,-17.611565,-0.5043238,-11.554404,-0.81041145,0.034556538,1.0626693,1.4587879,0.4117869,5.3937273,0.578825,6.279577,2.1605208,24.329454,0.4699254,738.56116,0.21529253,1363.7844,0.21224396,-120.96975,-0.74487203,1747.2366,0.14631787,1156.0995,0.26367667,-116.74619,-0.7366568,2786.53,0.09645228,900.1365,0.25660726,-118.25744,-0.6877867,-9.066883,-1.1227107,23.623875,0.27568486,0.06373714,0.3313005,-0.010609778,-1.6152544,0.18614307,0.51390094,19.106297,0.34652713,2.1388626,6.2427382,-17.407362,-0.6563519,-13.267949,-0.8558009,-7.073908,18.0352,0.04014521,-0.008350457,0.091065966,4.2944784,5.0632915,0.082499996,0.04322904,0.11,0.072702914,-32.771828,18,11,47,SPEAKER_01,407.3,411.266667,407.3,408.94596875,1,1.6459375,disengaged
36.33896,0.042939704,35.140923,36.020786,37.904194,2.7632713,34.43643,19.117708,13.361644,12.149883,0.5398384,0.41399467,0.3546239,0.50576514,0.66550726,0.31088334,8.647252,9.585597,3.0475588,2.2930815,0.2153716,0.6677835,25.203236,0.31306082,0.3463118,30.717535,-14.151865,-0.6344845,-13.316212,-0.6207356,0.026710637,1.1920841,1.3349622,0.43571976,5.946371,0.6418212,7.64187,1.2044971,29.249563,0.3511371,750.85785,0.23167497,1394.5627,0.19604549,-51.89788,-1.4725363,1737.3687,0.14056322,1213.2239,0.28100562,-56.685593,-1.1972076,2785.825,0.105128214,969.6448,0.25392056,-63.873547,-1.0052671,-12.479557,-0.5462663,25.637302,0.3158701,0.068968266,0.2661068,-0.017020995,-0.86279184,0.24641702,0.6028026,27.541376,0.24521662,1.1584932,8.5693245,-14.457017,-0.6461906,-15.313287,-0.54143846,-6.7398434,17.634842,0.050114486,-0.003892629,0.12510695,5.504587,2.8846154,0.26666665,0.12119772,0.06,0.014142135,-28.278444,18,11,47,SPEAKER_01,407.3,411.266667,410.16096875000005,411.266667,1,1.1056875,disengaged
39.11093,0.22890098,34.5668,35.688786,36.63571,2.0689125,8.118948,0.0,97.85819,0.0,0.33378664,0.44303665,0.24573778,0.30466133,0.4435348,0.19779702,1.499272,0.4341736,2.1793416,1.4074812,0.09370678,0.8940064,16.694193,0.6767977,3.8939314,2.125764,-12.730086,-0.8563821,-7.777202,-1.2637239,0.014982277,0.85803795,1.198598,0.44221857,7.022055,0.40354306,13.151258,0.5650571,30.271454,0.2139194,797.19434,0.22117363,1250.0621,0.1577637,-125.13623,-0.7242252,1887.2429,0.11143863,1088.5103,0.28176972,-121.98421,-0.6871682,2923.348,0.0696123,901.11957,0.47283077,-124.84429,-0.647078,-15.112509,-0.45808694,27.307055,0.2885662,0.0602027,0.38244346,-0.016064906,-0.5710715,0.14210351,0.74003047,24.523989,0.38565075,8.260127,1.1814201,-8.395681,-1.2932822,-14.894728,-0.7586127,-7.0920615,15.988585,0.046705548,0.0033892842,0.06841478,2.631579,2.7522936,0.15333332,0.07039571,0.28,0.03,-32.76219,18,11,48,SPEAKER_01,411.3,412.533333,411.3,412.45596875,1,1.1559375,engaged
35.395336,0.16178438,35.764847,37.276917,39.24145,3.4766045,7.4541225,9.552063,170.42813,0.0,0.40740123,0.44934362,0.2638563,0.3337909,0.57641464,0.31255835,4.028268,3.3854885,2.1016748,1.2574538,0.14774087,0.8005142,16.518408,0.58464235,3.4926834,2.1355243,-16.787296,-0.39259562,-11.183589,-0.69840956,0.031514097,0.5350873,1.2244067,0.62521493,6.0997477,0.54576635,12.02245,0.5001011,32.575584,0.12813115,736.94366,0.2189284,1445.8049,0.18649666,-148.4834,-0.5335635,1770.3463,0.15221725,1216.646,0.22163443,-144.02298,-0.5381661,2804.198,0.09725493,1013.8903,0.26158053,-146.83704,-0.5013672,-14.740054,-0.33890915,26.500664,0.20516784,0.062419806,0.29018673,-0.023889583,-0.40115044,0.26277354,0.50891936,26.194437,0.19833148,6.2257915,0.92610484,-13.6545,-0.61843574,-15.551091,-0.47402978,-8.172762,17.429945,0.035818063,-0.010713799,0.104718514,3.539823,3.7037039,0.074999996,0.025980761,0.138,0.038678158,-30.695,18,11,49,SPEAKER_01,412.566667,416.366667,412.84409375,413.9915937500001,1,1.1475,disengaged
40.173943,0.2181709,35.351994,36.323517,41.951954,6.5999603,994.49976,1083.5522,43.755367,21.011175,0.4171295,0.47739697,0.2428138,0.36404246,0.5776804,0.3348666,6.1573625,3.4126196,2.7576227,2.4406857,0.15574594,0.8372848,17.190245,0.56153035,3.8043046,2.8721933,-15.401648,-0.85477966,-11.126356,-0.90468234,0.027152937,0.9015501,1.2256583,0.6125959,6.672641,0.51494193,3.8483443,2.7867963,25.733353,0.3865892,692.41534,0.23944122,1335.6198,0.15378356,-100.89799,-0.8886493,1731.261,0.14180122,1146.7308,0.22635941,-93.34278,-0.87736,2796.0422,0.09607473,999.79376,0.33532476,-96.10341,-0.8002739,-14.239142,-0.50632626,27.16487,0.24156348,0.068201296,0.2967639,-0.017357817,-0.8273248,0.19869392,0.7186407,21.662058,0.42584804,5.56586,2.2006838,-16.79788,-0.7848654,-15.074828,-0.63533765,-6.56519,18.809265,0.04470729,0.00027334157,0.09069684,5.1401873,3.3653848,0.17428571,0.17086813,0.08875,0.033703674,-30.05888,18,11,49,SPEAKER_01,412.566667,416.366667,414.21096875,416.366667,1,2.1556875,disengaged
49.823254,0.26757443,33.922935,60.887558,60.92239,26.999454,245.82013,0.0,-0.40142062,0.0,0.3582895,0.61922,0.22680858,0.26322782,0.36766803,0.14085945,0.0649205,0.0,1.7922118,0.0,0.08260055,0.9155267,10.313861,0.6790955,-0.9003436,-9.411408,-21.262032,-0.44630593,-9.122899,-0.7241844,0.026025513,0.73390263,1.3795439,0.4700354,4.276075,0.7661514,12.738969,0.4501528,16.95601,0.44812873,592.75354,0.19704546,1330.9198,0.17435718,-149.6675,-0.5857037,1617.9604,0.10877465,1184.8286,0.14455995,-118.8421,-0.7806878,2682.888,0.07189662,977.5463,0.30536616,-122.244446,-0.6894388,-3.1168191,-1.8134658,23.000746,0.21288313,0.04767865,0.44165757,0.0072191115,1.7161902,0.11568883,0.94651586,9.991514,0.8849197,-4.4249244,-2.0305269,-30.498943,-0.2210871,-8.991559,-0.9620836,-7.054567,16.03221,0.049495917,-0.004232255,0.068584725,0.0,4.0,0.099999994,0.02,0.25,0.0,-32.468376,18,11,50,SPEAKER_01,416.4,452.2,416.4,416.96159375,1,0.5615625,engaged
35.89411,0.07914078,34.318275,35.740486,37.59201,3.273735,58.608017,23.521002,18.062468,15.058922,0.4617581,0.3917143,0.29290614,0.4240924,0.6166004,0.32369426,3.8890254,2.6000242,3.8029983,1.330941,0.1832472,0.68916947,21.032877,0.4898431,4.899723,1.8733876,-16.320967,-0.6539729,-12.645097,-0.70071,0.021260696,1.2879797,1.1550267,0.44458777,7.4475417,0.40311176,2.00664,3.9496133,25.836672,0.314229,814.9284,0.18796808,1254.3884,0.16335762,-78.795265,-1.13787,1839.1847,0.13342924,1058.9739,0.2147228,-86.805595,-0.9475746,2942.8596,0.07467589,855.73834,0.39022616,-91.39044,-0.855696,-12.892925,-0.68901426,29.589306,0.23000064,0.06373075,0.30789095,-0.016573986,-0.8813867,0.22897281,0.57304126,26.239614,0.24153277,6.194383,1.6839741,-16.111713,-0.7867775,-14.91793,-0.59965235,-7.6944637,17.629265,0.046810057,-0.0071928725,0.109777145,4.545455,2.5316458,0.24333334,0.080346465,0.111428574,0.07808943,-27.937788,18,11,50,SPEAKER_01,416.4,452.2,417.31596875,419.74596875,1,2.43,engaged
36.966076,0.046506688,35.86564,36.955215,38.259552,2.3939133,37.544987,28.844067,49.248627,69.726944,0.44000328,0.41426355,0.27252272,0.3974479,0.59978163,0.3272589,4.9784784,2.4287593,2.9980607,1.2789294,0.17999229,0.65808135,19.173372,0.4672095,8.957587,1.0806392,-9.466654,-1.1025035,-17.414286,-0.62491137,0.02438395,0.9699017,1.2895265,0.57108366,7.8762407,0.44966295,4.1031466,2.8980463,25.81283,0.38187915,773.632,0.22504722,1300.0237,0.17812593,-74.24188,-1.1203372,1843.7411,0.13723253,1148.6157,0.34097248,-79.64233,-0.930452,2864.7942,0.08347442,925.2172,0.27220762,-83.117805,-0.8600466,-16.994204,-0.4361251,28.675278,0.28775352,0.07147946,0.26127616,-0.020425526,-0.62396204,0.21194296,0.5521996,22.531971,0.35141286,10.302975,0.9555568,-10.026797,-1.0833656,-19.55172,-0.53073746,-10.103943,19.182482,0.05723069,-0.0104438085,0.11907804,4.7138047,3.7800689,0.17454545,0.099486284,0.077,0.058146365,-27.584105,18,11,50,SPEAKER_01,416.4,452.2,420.3197187500001,423.3065937500001,1,2.986875,engaged
36.514847,0.024015056,35.61141,36.36419,37.208603,1.5971947,84.60997,117.62074,6.8389015,10.910833,0.4460729,0.3957019,0.2881962,0.41422498,0.59060806,0.30241185,3.6997662,2.6231787,2.2406452,1.030872,0.14590383,0.5448131,21.630678,0.3937038,4.671264,2.0798266,-10.771156,-1.2177305,-7.8823633,-1.0247102,0.017586177,0.6680996,0.87993735,0.5744597,9.403834,0.2544646,3.4909742,2.8934762,28.629166,0.28737807,810.64813,0.20688969,1262.4052,0.15982167,-109.08709,-0.7982757,1883.8773,0.12365134,1028.945,0.2084281,-110.13452,-0.7273912,2937.337,0.07943977,978.3729,0.5311146,-113.775604,-0.6742147,-16.454945,-0.4291771,30.369776,0.23005344,0.05154351,0.4748394,-0.015326653,-0.57318187,0.16805458,0.42988434,26.639387,0.20368618,8.135271,1.1827455,-8.345073,-1.8339127,-10.991938,-0.78079706,-8.377518,18.469263,0.043493897,-0.008927973,0.12734306,3.8216562,3.9473684,0.12333333,0.0692018,0.09285714,0.050628696,-29.482664,18,11,50,SPEAKER_01,416.4,452.2,442.10534375,443.69159375,1,1.58625,engaged
36.000965,0.11759865,34.67854,35.79239,37.447983,2.7694435,752.4585,1056.1478,34.294544,19.311857,0.4287304,0.3163292,0.32115176,0.41606483,0.5288057,0.20765391,4.0666146,2.32337,2.6025891,1.9251202,0.16832064,0.54892164,23.497198,0.39129895,11.1847515,1.0681463,-10.751994,-1.0339139,-14.9467945,-0.6466031,0.028557818,1.4322226,1.1150056,0.62549174,7.984532,0.47150972,12.082924,0.8022561,32.055603,0.30802697,806.9485,0.2095061,1297.0278,0.17269485,-80.54172,-1.0218595,1913.1472,0.1256622,1114.2286,0.277911,-89.04598,-0.8175931,2981.9893,0.08078351,936.5147,0.34624848,-91.86578,-0.7735692,-18.68204,-0.41224527,30.792603,0.2639857,0.06703333,0.35142738,-0.021921756,-0.44676074,0.18148333,0.45290622,27.230387,0.26497987,14.127438,0.87108475,-7.3868637,-1.4890057,-16.973938,-0.5936529,-11.334762,21.96991,0.0509008,-0.015519602,0.15564625,5.144695,5.280528,0.113749996,0.07235978,0.058666665,0.044998765,-27.64639,18,11,50,SPEAKER_01,416.4,452.2,445.15971875,448.28159375,1,3.121875,engaged
36.66828,0.09707684,35.264336,36.236576,38.205418,2.941082,190.01411,140.86435,36.408325,58.439056,0.49818432,0.36468333,0.33882314,0.5023625,0.6240174,0.28519428,3.7538135,1.5296545,2.5475843,1.7786682,0.18522406,0.52668643,25.928717,0.303288,3.8533463,2.0819995,-14.347305,-0.72114503,-17.898613,-0.5528003,0.03521568,1.5020221,1.3127091,0.4803156,6.1153417,0.5531256,4.788667,2.259034,26.961061,0.709228,791.1679,0.21263741,1309.2448,0.15624082,-47.25711,-1.5213037,1851.8438,0.13792911,1134.6368,0.24118514,-56.80655,-1.1205763,2893.2793,0.07823121,981.1173,0.33700553,-62.72858,-0.96860665,-15.767626,-0.3327054,27.948467,0.20122518,0.07648607,0.25164774,-0.023055367,-0.66963524,0.20145357,0.45818728,27.852877,0.2261683,4.362513,1.8853362,-14.290164,-0.7382709,-19.299015,-0.5052393,-11.131266,22.042816,0.06511005,-0.011424601,0.14187506,3.7900877,3.264095,0.23909089,0.22932526,0.055555552,0.02948111,-27.567173,18,11,50,SPEAKER_01,416.4,452.2,448.75409375,452.2,1,3.4459375,engaged
42.28902,0.018713942,41.841774,42.029778,42.5884,0.7466278,4.7135854,5.063105,11.515625,1.5291005,0.2569119,0.28815472,0.19500598,0.2589167,0.31898656,0.12398058,1.3372911,1.2449197,1.4505296,1.7662253,0.046061072,0.638664,18.1519,0.38632715,6.976068,0.8348331,-15.666532,-0.40742555,-17.884472,-0.50703704,0.015769666,0.91262573,0.7924714,0.6435429,11.506537,0.35321394,7.953861,1.4937745,28.076534,0.287486,846.55054,0.1060021,1182.5774,0.33152282,-68.91658,-1.148677,1881.8381,0.07278294,943.65643,0.2377779,-76.36401,-0.9344717,2961.4512,0.065085694,736.39557,0.30395058,-81.38772,-0.8411067,-19.4405,-0.29457003,32.25847,0.19589983,0.052344706,0.30884495,-0.015456176,-0.6304627,0.044415947,0.55577457,20.804665,0.276392,8.844962,0.54456115,-15.33693,-0.35940635,-19.783613,-0.42583516,-9.181064,19.008747,0.055333532,0.001606638,0.05996028,3.4042554,2.183406,0.32799998,0.15011995,0.14,0.036742344,-35.27261,18,11,50,SPEAKER_00,416.4,452.2,423.96471875,426.32721875,1,2.3625,engaged
42.77772,0.0284726,41.89968,42.479485,43.945507,2.045826,72.98108,77.43344,9.0026045,5.4147973,0.31797218,0.44955292,0.201243,0.27183416,0.41005406,0.20881106,2.9935987,1.7754024,1.6366616,1.1441035,0.080181465,1.1372067,17.32975,0.42312413,8.127222,0.78743887,-14.66645,-0.4107433,-21.301548,-0.584243,0.018857025,0.65313476,0.86686456,0.7247147,11.275264,0.3209761,15.054613,0.7224563,32.24589,0.26486582,834.808,0.091105126,1109.2185,0.112591885,-101.83842,-0.890244,1922.3414,0.048722103,921.7304,0.1585756,-109.97296,-0.72659206,2993.522,0.042559233,678.2291,0.2898151,-112.792755,-0.68640727,-20.637419,-0.28061926,32.341084,0.19673449,0.06691991,0.293212,-0.02376101,-0.45568323,0.081726246,0.6968974,21.399452,0.23159692,10.387101,0.5912379,-15.728341,-0.3519006,-28.643124,-0.39383417,-8.9646,18.746012,0.03960849,-0.01270738,0.08022546,3.2432435,1.9178083,0.27571428,0.23193946,0.26166666,0.21797681,-31.424953,18,11,50,SPEAKER_00,416.4,452.2,426.83346875,430.54596875,1,3.7125,engaged
38.499283,0.111225605,35.181393,37.11776,41.841755,6.6603622,145.56783,108.34908,60.95262,45.120216,0.5441726,0.4330498,0.36850095,0.48328635,0.67540425,0.3069033,3.8367188,2.580195,3.8276598,3.6684835,0.21867608,0.7035494,26.265093,0.2929521,4.327364,2.8380835,-16.950138,-0.6483759,-23.53974,-0.4395054,0.03512013,1.1851671,1.2008659,0.45086446,7.1381507,0.50768673,8.725178,1.1517273,31.694624,0.26886892,815.31537,0.19763038,1295.9889,0.16427489,-24.280283,-2.1699982,1875.1998,0.12698746,1202.6095,0.32160813,-38.750156,-1.1716036,2930.8347,0.08606156,987.3451,0.34006527,-45.210125,-0.9514212,-15.04495,-0.5055602,30.07073,0.2272172,0.083354145,0.21561012,-0.021307884,-0.5872659,0.22945593,0.6838211,26.769981,0.28492826,4.1447263,3.0635664,-17.341585,-0.6535794,-23.745619,-0.4498561,-12.013955,25.51339,0.06969477,-0.020647207,0.14418145,3.6144578,1.9704434,0.45499998,0.21017848,0.049999997,0.0126491105,-25.930353,18,11,51,SPEAKER_01,452.233333,577.933333,452.233333,456.39846875,1,4.165125,disengaged
37.742115,0.06341755,36.087894,38.140213,40.04177,3.9538765,106.19827,93.06373,13.918027,22.393148,0.47296488,0.30872798,0.34514245,0.44743904,0.59352154,0.24837908,3.0863016,1.0752898,2.977515,1.9599881,0.17170946,0.60827875,23.850693,0.30513257,6.559749,1.464571,-12.98364,-0.72871673,-11.674007,-0.8323975,0.025043556,1.0927315,0.96995264,0.61040694,8.921693,0.41692224,8.704797,1.1680151,29.601927,0.17802979,846.262,0.20189637,1311.3438,0.17687657,-69.00165,-1.149342,1918.5339,0.13043563,1130.9594,0.23366219,-74.71206,-0.932094,3023.5657,0.09984843,963.3277,0.2514469,-79.06455,-0.8493318,-16.93151,-0.393825,31.556074,0.21183942,0.057693034,0.3224076,-0.018488543,-0.6059288,0.19068018,0.5178206,26.426899,0.24020621,9.693162,0.9165743,-11.843001,-0.8937673,-12.494549,-0.8077934,-8.146279,19.29884,0.044307593,-0.009734704,0.13286503,4.402516,3.267974,0.216,0.23294635,0.08,0.040620193,-26.580118,18,11,51,SPEAKER_01,452.233333,577.933333,457.42784375,459.03096875000006,1,1.603125,disengaged
36.240982,0.11174035,34.052677,37.206146,39.767635,5.714958,115.83949,0.0,-43.48003,0.0,0.5629706,0.38644207,0.3331112,0.5106996,0.8368661,0.50375485,2.1795728,1.7713685,3.4394007,0.0,0.20414524,0.5647765,28.233463,0.17204997,-4.504162,-1.0531584,-28.090273,-0.2803806,-17.621408,-0.54339904,0.05810703,1.7426275,1.467785,0.5591126,4.6592607,0.8861722,5.1663795,1.2223787,33.602276,0.0938081,700.127,0.2959665,1392.6807,0.10961451,-39.851078,-1.9013784,1668.7214,0.14706819,1277.6277,0.2160485,-41.163967,-1.5028087,2773.8535,0.12980348,1040.9397,0.22712103,-53.87506,-1.0468955,-9.211579,-0.39954627,26.440044,0.16177924,0.086105965,0.19394934,-0.019773243,-0.44426957,0.2553552,0.3639471,30.581516,0.095885076,-4.289821,-0.99173665,-31.269806,-0.21604039,-21.925241,-0.30772382,-7.7735906,18.31654,0.050546564,0.0013047731,0.085913666,2.777778,3.2258065,0.25,0.0,0.02,0.0,-27.58768,18,11,51,SPEAKER_01,452.233333,577.933333,459.48659375000005,459.85784375,1,0.37125,disengaged
39.046192,0.11962047,34.626644,37.15622,45.411716,10.785072,427.7257,345.07193,42.177547,28.982399,0.38859013,0.32863516,0.2681852,0.35708833,0.5011887,0.2330035,2.6501117,0.6977175,2.8990796,1.0715128,0.12752981,0.67908657,18.36075,0.42611292,6.547756,1.6623474,-13.025176,-0.59423774,-14.646268,-0.6522668,0.03941478,0.8380547,1.5055014,0.53511107,4.9033284,0.5793292,10.908195,1.1341683,22.49981,0.5943695,813.19916,0.19435512,1218.0444,0.15138236,-72.54803,-1.0727811,1906.5646,0.12507547,1017.8598,0.22174534,-73.0705,-0.9601614,2914.9587,0.076733775,895.77167,0.2789278,-76.2532,-0.89088434,-13.120959,-0.62736404,24.705557,0.23462456,0.07771888,0.252664,-0.010307064,-1.9260741,0.15694349,0.5976226,20.366499,0.39744407,6.1702814,1.8669573,-14.684401,-0.55989295,-14.0867195,-0.7079757,-11.394595,20.768944,0.06055291,-0.0058658193,0.080524616,3.539823,7.476636,0.085,0.04527693,0.044,0.017435594,-32.134075,18,11,51,SPEAKER_01,452.233333,577.933333,460.49909375,461.64659375,1,1.1475,disengaged
35.36295,0.13615751,34.844543,35.436768,37.949802,3.105259,660.41113,715.71466,69.587364,65.10984,0.41725996,0.4398424,0.26246512,0.38583964,0.6054484,0.3429833,4.584941,3.654871,2.110346,1.0888789,0.14115578,0.7220296,21.56771,0.5029652,10.620727,0.8820793,-11.945644,-0.86870825,-19.13268,-0.44874585,0.0485517,1.7853276,1.3647779,0.8167962,7.106156,0.476176,3.428641,2.4283571,29.73042,0.3198957,806.34406,0.21180604,1301.4607,0.2084057,-67.9786,-1.3012031,1864.5669,0.14855784,1115.8658,0.3473249,-75.502144,-1.038536,2938.2097,0.08887301,930.0157,0.3219347,-81.573006,-0.91284007,-14.066056,-0.40544656,27.046501,0.24506108,0.07263951,0.19915989,-0.01997154,-0.5684228,0.17157583,0.6105496,25.906986,0.33359456,10.074935,0.991695,-14.3551,-0.6390757,-21.654116,-0.3406464,-11.824446,20.455046,0.05955343,0.0010222058,0.097178675,4.0816326,3.6649215,0.17857143,0.099775255,0.07428571,0.03200765,-29.941294,18,11,51,SPEAKER_01,452.233333,577.933333,462.23721875,464.21159375,1,1.974375,disengaged
37.870964,0.060428396,35.65848,37.41923,41.161102,5.5026207,65.23932,40.868195,19.427887,9.078199,0.41975772,0.49871275,0.20812188,0.37644345,0.63525873,0.42713684,4.4433455,1.8641281,4.0123253,1.6626258,0.16492859,0.7463296,25.832436,0.370184,7.425283,1.8041816,-10.629532,-1.0817952,-14.334944,-0.7107783,0.023794461,1.024955,1.1893388,0.47330025,7.960021,0.39603814,4.95004,2.1557543,26.33193,0.4051833,790.7321,0.2283963,1291.2433,0.15649931,-49.64001,-1.4197237,1844.1428,0.14942671,1032.9429,0.30059934,-55.61591,-1.1471916,2978.307,0.099852405,935.8117,0.31676832,-62.943214,-0.9535244,-15.020473,-0.60795295,26.87361,0.21709685,0.07030012,0.30492532,-0.017480928,-0.89790696,0.18757692,0.6721157,27.115705,0.32644847,7.2341566,1.8284879,-11.904079,-0.9892125,-15.498992,-0.6719505,-11.85303,22.407309,0.056471135,-0.010944464,0.08820686,4.945055,2.824859,0.28,0.19349419,0.065,0.03640055,-28.395924,18,11,51,SPEAKER_01,452.233333,577.933333,464.58284375000005,466.42221875,1,1.839375,disengaged
38.16121,0.1975662,34.37118,36.12991,39.374912,5.003731,283.46234,258.9759,163.12183,174.4987,0.3229001,0.4319166,0.19831577,0.2854372,0.4345317,0.23621592,2.383023,1.173696,1.9439331,1.0846007,0.09516359,0.88359576,25.786367,0.29564315,0.40999,25.38712,-10.559256,-0.84643084,-13.265848,-0.85226643,0.03835383,1.7515293,1.2601006,0.53607947,6.2642846,0.62663627,7.24442,1.4941918,26.850843,0.39566094,816.4608,0.15943432,1208.6495,0.25133437,-62.100323,-1.3445593,1878.8043,0.09375511,975.5359,0.30711398,-67.007545,-1.0845835,2926.034,0.06696706,862.8744,0.2844333,-72.98333,-0.9500769,-15.5762615,-0.38254482,25.823177,0.32898784,0.0639318,0.31645194,-0.019645259,-0.645157,0.10852718,0.83585244,27.937233,0.2277989,1.9025881,5.5307546,-11.047155,-0.8401822,-14.347644,-0.7869711,-10.388294,19.767479,0.045195304,-0.007698005,0.060605403,3.4324944,3.9351854,0.17764705,0.20174326,0.06642857,0.06735908,-31.047758,18,11,51,SPEAKER_01,452.233333,577.933333,469.40909375,473.79659375000006,1,4.3875,disengaged
38.676025,0.19959845,34.302002,36.106743,38.06169,3.7596893,781.35364,1125.5856,250.34888,325.62424,0.4154118,0.4122195,0.27428824,0.35486516,0.5792973,0.30500907,4.2160687,2.2575753,2.7215939,1.0863731,0.15331508,0.697713,25.024925,0.40023547,-1.266758,-7.1930823,-18.62402,-0.41524616,-8.436784,-1.3433967,0.02850529,1.6168202,1.277356,0.47612953,6.468139,0.46056095,7.708249,1.3416123,29.819921,0.31911418,779.6052,0.19630599,1230.939,0.193041,-75.55275,-1.192891,1841.5365,0.11825236,1052.2521,0.34369364,-78.02521,-1.0129223,2960.2275,0.09147444,959.6008,0.27263856,-84.666214,-0.87140876,-13.387021,-0.56444967,25.367075,0.2641164,0.06127998,0.34403133,-0.013438523,-1.1579633,0.19555251,0.57225335,27.004036,0.40449482,-0.055718385,-177.72792,-18.616045,-0.47385707,-10.76428,-1.1546222,-10.443948,21.17058,0.039649926,-0.010732314,0.080736764,3.3519554,4.0697675,0.15714285,0.09482528,0.068571426,0.03833259,-29.587275,18,11,51,SPEAKER_01,452.233333,577.933333,474.3872187500001,476.19284375,1,1.805625,disengaged
36.88334,0.08616068,34.88682,35.795696,38.557922,3.6711006,20.251596,14.34216,123.899956,109.077805,0.39081174,0.49104917,0.2545111,0.3277137,0.58539474,0.33088365,3.0372906,1.8320328,1.8608209,0.93766576,0.13453408,0.6028014,26.115921,0.342352,4.8078475,2.7211902,-15.816231,-0.8090229,-14.485074,-0.77807766,0.020913046,1.5051924,1.005526,0.6281457,8.360036,0.31371766,8.829077,0.8931677,31.218708,0.34836212,775.4326,0.17502593,1340.1514,0.16365199,-71.33099,-1.2124343,1802.0712,0.1273349,1112.8046,0.26415825,-76.44187,-1.0293782,2934.6248,0.08163086,918.9175,0.2785468,-83.34157,-0.8828649,-13.836503,-0.76548684,29.287184,0.2734317,0.06873244,0.31330964,-0.013111679,-1.132281,0.15879251,0.5357276,26.866018,0.35281026,5.9734373,2.4087787,-16.751947,-0.9163614,-15.607583,-0.6570832,-12.209988,22.861273,0.05827814,-0.016692925,0.09585827,4.379562,3.787879,0.172,0.14048487,0.0875,0.0349106,-30.49162,18,11,51,SPEAKER_01,452.233333,577.933333,476.61471875,477.99846875,1,1.38375,disengaged
36.796642,0.111190766,34.286182,35.89859,38.6424,4.3562164,99.29815,60.917625,16.98642,5.2919583,0.44026083,0.36096942,0.28778607,0.41723105,0.57719517,0.2894091,3.5837543,1.2366229,3.2713509,1.831593,0.18010828,0.585048,28.280077,0.2951815,1.7395391,4.923324,-15.145819,-0.7818802,-17.7407,-0.57292145,0.024381252,1.0051893,1.2249323,0.48629916,7.1547813,0.41524255,8.753487,1.2041035,31.714142,0.26116842,767.2543,0.22390823,1335.4088,0.17447065,-31.342997,-2.1060581,1792.0159,0.14536217,1076.6083,0.2239301,-42.605206,-1.3241223,2934.5884,0.091591805,866.33765,0.2245997,-50.458332,-1.061551,-15.954106,-0.38137126,28.925549,0.20433784,0.07306991,0.27630296,-0.022783091,-0.5441996,0.19948581,0.48918763,30.073029,0.24806617,2.5242515,3.5077767,-15.554263,-0.7717871,-18.33333,-0.57157046,-9.696928,19.362772,0.042493142,-0.013054865,0.08940728,4.347826,1.923077,0.4433333,0.22365648,0.07,0.0,-28.856155,18,11,51,SPEAKER_01,452.233333,577.933333,481.03596875000005,482.65596875000006,1,1.62,disengaged
36.542362,0.109498635,34.129375,37.52897,39.906277,5.7769012,208.14369,175.15134,49.37796,26.43256,0.5958253,0.7468353,0.2890889,0.49370256,0.7401141,0.4510252,12.000228,10.828936,5.3310113,4.935497,0.30911613,1.1971507,28.458202,0.270541,0.8929876,10.432332,-13.064793,-0.68398774,-16.12544,-0.6910267,0.025852567,2.2867787,1.2702966,0.7886749,7.9928403,0.4656676,8.59775,1.1924562,31.06867,0.2861349,724.57275,0.26366144,1374.9047,0.139354,-83.746864,-1.0448927,1767.965,0.15975957,1107.8115,0.24500944,-81.395,-0.968958,2858.8074,0.11633824,1017.3915,0.31834114,-87.169365,-0.8603211,-16.698524,-0.37563688,29.042576,0.23046146,0.06494576,0.24513817,-0.023810863,-0.5642706,0.2782457,0.5457307,31.921877,0.13947323,3.0862944,2.9356074,-11.88285,-0.7840634,-18.78697,-0.5855314,-9.29592,19.350681,0.048234913,-0.018186264,0.39704305,4.1237116,2.6455026,0.24599999,0.085930206,0.09166667,0.05145116,-23.638367,18,11,51,SPEAKER_01,452.233333,577.933333,502.68659375,504.64409375,1,1.9575,disengaged
36.585274,0.048826054,35.04302,36.638767,38.558796,3.5157776,130.11455,78.69787,9.561939,5.2623158,0.40298685,0.3858468,0.23554754,0.39788368,0.5234072,0.28785968,4.7852807,2.3103561,1.1131438,2.7158768,0.16629203,0.6383274,28.298634,0.21455665,2.8190036,3.9741967,-10.327272,-0.9085313,-12.635374,-0.6944146,0.016466284,0.8113441,1.1332247,0.534464,8.298989,0.3888429,9.835426,1.0332404,32.48521,0.25935045,786.05743,0.1782016,1248.4738,0.18163714,-73.72551,-1.1424959,1886.4471,0.1198946,982.7977,0.22452496,-80.47675,-0.93379635,3007.6194,0.08638629,926.2626,0.2253339,-86.25544,-0.8313302,-16.927376,-0.4316097,28.730806,0.29728305,0.058131825,0.27544418,-0.023646286,-0.49998608,0.19695087,0.55489874,30.651352,0.14326243,5.756942,1.9746875,-10.558022,-0.85381585,-14.336121,-0.5409486,-10.671715,19.718132,0.03859264,-0.01814604,0.110776864,5.035971,3.7313435,0.174,0.16906802,0.06,0.032659862,-29.16489,18,11,51,SPEAKER_01,452.233333,577.933333,524.6240937499999,526.0247187500001,1,1.400625,disengaged
33.84443,0.2819192,24.362116,33.037395,43.838722,19.476606,1488.4657,1322.7279,87.606575,72.037415,0.16077,0.5363533,0.10260401,0.14290471,0.18881287,0.08620886,2.6231215,2.7195976,2.0874047,1.6595516,0.044046342,1.2186753,20.097933,0.38910413,10.021925,0.9172093,-9.05634,-0.8151421,-12.726336,-0.7923107,0.037686966,0.8983337,1.8639618,0.36069864,4.7177496,0.5757074,7.525142,1.2545977,28.348747,0.20532784,805.9577,0.16148248,1345.5645,0.17018464,-143.89642,-0.58395797,1872.764,0.0797333,1122.4618,0.21406822,-147.53453,-0.51937807,2921.883,0.05851164,830.3452,0.27063304,-148.84842,-0.5015377,-17.734505,-0.15602028,28.793291,0.16588071,0.056429125,0.2664764,-0.022129666,-0.5015173,0.045076866,0.42337772,26.85415,0.10767836,11.717302,0.47722352,-8.75602,-0.99968916,-15.151072,-0.46517748,-10.356827,19.841566,0.041367777,-0.0110508725,0.045059554,4.1237116,3.7234042,0.068571426,0.04672979,0.17999999,0.10730464,-42.074116,18,11,51,SPEAKER_01,452.233333,577.933333,544.1484687500001,546.1059687500001,1,1.9575,disengaged
35.969353,0.06492944,35.22044,35.48627,37.865944,2.645504,138.2681,130.57468,14.845684,12.372175,0.19060108,0.51803327,0.104731984,0.14783756,0.30325538,0.1985234,1.9840467,0.76238865,2.8536599,0.7992308,0.0482247,0.70837253,22.298609,0.3272476,6.4825683,1.2975014,-4.903615,-1.828,-6.201837,-1.1509206,0.04370192,1.7811823,1.6264827,0.5928884,7.527804,0.3901663,3.3976011,2.6831722,25.219036,0.37627673,766.61206,0.17760171,1437.6658,0.110257074,-96.94131,-0.9382935,1781.441,0.09141926,1069.0763,0.23784566,-100.774506,-0.8368249,2889.3794,0.07466653,904.0645,0.31565687,-104.5908,-0.7718399,-14.876951,-0.23737262,23.235874,0.25256965,0.05982173,0.391509,-0.019211553,-0.44792902,0.06918819,0.45093304,25.66627,0.20413043,4.218088,1.9953115,-6.309399,-1.6256709,-7.7685843,-1.0095291,-11.255765,17.987265,0.037274238,-0.006549004,0.027033867,5.2173915,4.5454545,0.11,0.0501996,0.07333333,0.02981424,-39.711086,18,11,51,SPEAKER_01,452.233333,577.933333,546.47721875,547.6415937500001,1,1.164375,disengaged
35.008884,0.166662,32.851368,33.82286,35.286793,2.4354248,302.76468,184.35791,68.563896,72.82013,0.20832057,0.5112937,0.13192706,0.18418916,0.27407002,0.14214297,4.261498,3.6706176,2.7096784,1.8855579,0.06152706,1.0794857,20.578564,0.4031449,4.538324,1.6476754,-3.7239969,-2.428824,-11.923764,-0.7525578,0.033485085,1.8910841,1.1658527,0.68647045,7.4184713,0.41614988,5.45145,1.392993,24.421785,0.6699929,791.5753,0.2191128,1354.2936,0.1357545,-139.99673,-0.60931915,1838.4059,0.13555364,1210.2961,0.31292668,-142.48196,-0.55403817,2810.4644,0.08012461,902.24634,0.2422258,-143.21239,-0.5387852,-16.983088,-0.30389836,27.110077,0.22808793,0.04875442,0.39281705,-0.013520124,-1.1657692,0.059785243,1.0282938,27.996445,0.19258463,10.195034,0.72989404,1.8143294,5.4096093,-10.289574,-0.861926,-8.605055,18.472399,0.044722456,-0.005079328,0.06664933,4.379562,2.2304833,0.14333333,0.08055364,0.24285714,0.24140742,-38.99389,18,11,51,SPEAKER_01,452.233333,577.933333,551.4890937499999,554.2397187500001,1,2.750625,disengaged
34.19995,0.03730491,33.108746,33.512108,35.75177,2.6430244,318.72406,0.0,-0.898334,6.2015696,0.18365233,0.29749858,0.1311883,0.18417284,0.24281672,0.11162841,1.0112362,0.19524989,2.2299948,0.1877886,0.04477771,0.45699808,19.599995,0.6495845,19.559872,0.29013327,6.2452774,1.347248,-6.0489364,-1.1967642,0.019806758,0.5239716,1.5198057,0.5771167,8.86296,0.169937,10.136375,0.5895528,34.73465,0.087817535,756.1991,0.19559261,1377.8516,0.117029086,-102.10721,-0.8594956,1896.5367,0.08064357,1386.1344,0.19500844,-113.86124,-0.6718994,2826.1724,0.06673328,979.5195,0.25423792,-113.8614,-0.6723602,-19.770887,-0.38063604,28.109856,0.2985208,0.044111133,0.5324471,-0.020471293,-0.82643735,0.052132465,0.33444074,24.900238,0.34030113,20.63795,0.34938186,4.2564416,2.3540301,-6.81948,-1.0214651,-9.581631,15.090895,0.021729441,-0.009417853,0.029338455,4.5454545,5.263158,0.089999996,0.02,0.08,0.049999997,-39.837,18,11,51,SPEAKER_01,452.233333,577.933333,557.74971875,558.2053437500001,1,0.455625,disengaged
33.147434,0.1723964,28.523272,28.987509,40.843746,12.320475,2.794838,0.0,60.926533,0.0,0.19861159,0.38115466,0.12647259,0.159416,0.28916553,0.16269293,0.3337205,0.058716144,1.0810926,0.35460553,0.046862867,0.6192022,21.554832,0.40927622,12.52875,0.9243766,-17.66521,-0.62711024,-17.234627,-0.5479171,0.03007728,1.778644,0.9958831,0.34126768,6.251452,0.4498253,1.319679,5.0267835,34.55331,0.09862037,861.32007,0.055054612,1230.15,0.08343233,-58.47768,-1.640615,1841.0879,0.07059279,1050.0098,0.09173698,-71.41454,-1.2225555,3003.5156,0.023196332,594.46497,0.16482314,-77.452835,-1.0760492,-19.004223,-0.20487969,33.000706,0.065371625,0.05832839,0.27549192,-0.027083604,-0.36897957,0.0699312,0.33180448,28.021797,0.14819211,8.803745,1.2997917,-20.99592,-0.6292688,-23.408283,-0.27879474,-13.4073305,20.015787,0.049850147,-0.009109976,0.017331053,2.3809524,2.7027028,0.24,0.0,0.11,0.0,-39.659645,18,11,51,SPEAKER_01,452.233333,577.933333,558.3403437500001,558.7790937500001,1,0.43875,disengaged
44.476547,0.065288536,41.0703,45.82778,47.313984,6.243683,16.239035,11.951034,14.319146,6.5505376,0.17002068,0.35382476,0.11145249,0.16473456,0.22102168,0.10956919,1.2267839,0.37297758,0.9603002,0.48787713,0.030425418,0.5632047,22.061455,0.23408158,2.7895916,2.3103886,-8.804036,-0.8013362,-18.181198,-0.7796878,0.016959935,0.7235854,0.86605483,0.55956024,12.362933,0.29894638,10.297981,0.90888685,22.29791,0.32673222,867.6858,0.16965301,1228.0328,0.13859457,-99.79165,-0.89605224,1965.159,0.10340819,1123.1736,0.26689863,-103.66495,-0.7767091,2951.2517,0.057731472,925.00745,0.33366627,-104.21212,-0.76755995,-18.337088,-0.33754864,29.331572,0.20459251,0.07027115,0.424502,-0.010323381,-0.89785683,0.038276147,0.43234578,24.557198,0.13440013,3.0217059,2.2441058,-8.425586,-0.9962848,-27.808813,-0.38168797,-8.89435,17.404428,0.034451365,-0.003962533,0.020141184,3.846154,2.4752476,0.222,0.19332874,0.19999999,0.12267844,-39.6021,18,11,51,SPEAKER_00,452.233333,577.933333,478.55534375,480.6478437500001,1,2.0925,disengaged
42.825264,0.0832481,40.173065,41.49833,45.974194,5.8011284,66.802605,114.66325,47.05928,51.61076,0.7188941,0.42259398,0.36314765,0.7904924,0.9575188,0.5943712,3.9315612,2.7159238,3.2904975,2.1752512,0.19110899,0.927707,21.637184,0.25159648,-7.055142,-1.2181538,-20.332611,-0.60356104,-41.492348,-0.38345686,0.0149296345,2.0861058,0.6530758,0.98384476,12.530407,0.33890995,4.2409782,2.9079645,25.526506,0.32487774,867.57886,0.114321776,1128.3518,0.16519597,-12.880679,-4.2913194,1927.8478,0.08565789,923.4383,0.32727757,-31.840324,-1.467833,2999.8308,0.04838418,648.0327,0.30555815,-36.091297,-1.2625754,-14.562895,-0.47381824,26.366856,0.22956991,0.06809087,0.3279059,-0.035092898,-0.39868122,0.2052286,0.87104976,21.331863,0.25900507,-7.4669147,-1.1725808,-21.36921,-0.57408357,-44.67046,-0.26932362,-9.294276,18.303646,0.035329722,-0.0090990905,0.04353004,2.0642202,0.93023264,0.98499995,0.81952727,0.13,0.06,-23.25411,18,11,51,SPEAKER_00,452.233333,577.933333,482.65596875000006,487.02659375,1,4.370625,disengaged
41.433186,0.11923819,38.68382,41.0101,47.935028,9.251209,158.45346,131.2885,54.551483,28.954712,0.7551034,0.5647921,0.35558552,0.681286,1.1608224,0.8052369,9.992147,7.02079,6.973592,2.984968,0.33210322,0.86430335,22.664032,0.350677,-9.62051,-1.1188769,-16.37352,-0.6897281,-31.959179,-0.45741588,0.037001926,1.0413483,1.256809,0.58800757,6.399311,0.6533094,4.086861,2.4489703,20.08391,1.1614211,864.76953,0.11483468,1194.1157,0.17438221,-26.617762,-2.3427942,1895.6161,0.10617046,974.18823,0.39101964,-40.454273,-1.4117445,2934.53,0.048484005,752.1603,0.38839293,-46.621506,-1.1713364,-11.594746,-0.7151791,25.399736,0.26288247,0.094946794,0.14992109,-0.021635365,-0.8473083,0.35286218,0.82577336,23.26576,0.30226445,-10.600953,-1.0259906,-17.87265,-0.6183316,-34.33475,-0.38883454,-9.587454,20.674372,0.07152841,-0.011737285,0.29641142,3.618421,2.3411372,0.36428568,0.2070788,0.04285714,0.040607627,-23.261747,18,11,51,SPEAKER_00,452.233333,577.933333,487.27971875,490.33409375,1,3.054375,disengaged
40.662273,0.0651317,39.16529,40.321568,42.84455,3.6792603,175.62073,248.28389,31.895922,25.196774,0.5850446,0.5048585,0.31142932,0.5152464,0.8532984,0.5418691,3.1464522,2.3592987,5.12707,1.3517264,0.18367341,0.758972,23.738207,0.38901648,3.469821,2.1568913,-12.35706,-1.0171685,-42.682808,-0.37392473,0.031413987,2.7103653,0.736709,0.61051035,11.308806,0.29808524,9.992326,1.0712125,28.49948,0.30928713,846.3416,0.113195896,1250.7064,0.155612,-28.546366,-2.1347485,1993.9279,0.10434757,1056.376,0.2795729,-45.804863,-1.1404492,2971.0771,0.04886711,820.0119,0.33692813,-45.978447,-1.1344706,-18.428179,-0.27300352,28.925423,0.20634212,0.07415969,0.24746506,-0.037897952,-0.30870408,0.20210792,0.6898514,25.61144,0.2655838,2.9370208,2.5774155,-11.691828,-1.1056076,-46.110268,-0.3038694,-11.0484295,19.443491,0.04670933,-0.020424247,0.06994179,3.0701754,1.3452915,0.65333337,0.18408935,0.099999994,0.049999997,-24.10175,18,11,51,SPEAKER_00,452.233333,577.933333,504.64409375,506.93909375,1,2.295,disengaged
40.605408,0.07688836,38.853165,41.007664,43.00263,4.1494637,105.16171,118.56822,38.79213,25.821274,0.64342785,0.56946,0.27862445,0.61357385,0.97600627,0.69738185,6.7952843,3.0459065,7.106743,3.77033,0.28730518,0.93742514,20.351799,0.44191876,-3.7477474,-2.942365,-15.024663,-0.8689989,-32.63436,-0.51029176,0.017880512,1.2577415,0.94275415,0.8904759,10.088503,0.3974847,3.7056823,2.2213438,25.001112,0.47650245,839.3319,0.13666314,1291.0059,0.19209301,-70.391815,-1.2555702,1935.9961,0.12189585,1097.5598,0.3416337,-79.671074,-0.97335017,2927.5452,0.06273147,886.83496,0.4155593,-81.00682,-0.9446525,-12.251729,-0.72506166,25.731153,0.32092696,0.061176907,0.2566588,-0.02554193,-0.59408116,0.33416408,0.8436103,21.71999,0.3775245,-3.813637,-3.2796664,-16.272867,-0.90989506,-38.914963,-0.3180663,-7.8400207,20.017279,0.044569787,-0.016287733,0.19534643,3.5799522,3.1400967,0.2076923,0.19403227,0.08357142,0.042863097,-24.049143,18,11,51,SPEAKER_00,452.233333,577.933333,507.42846875,511.63034375,1,4.201875,disengaged
36.75744,0.06461189,35.388023,36.308506,39.408676,4.020653,50.509274,37.300957,4.8842306,14.929608,0.46478885,0.32293436,0.3239467,0.44830677,0.60929453,0.28534782,4.1312866,2.760723,3.2956371,1.7594534,0.17442858,0.579079,29.647556,0.3093411,3.716321,2.6383293,-15.214408,-0.77753,-13.393586,-0.7930562,0.019971104,1.6295148,1.0209949,0.7589626,8.836227,0.4490958,6.533383,1.0741655,32.809723,0.19567929,806.8407,0.17355852,1268.699,0.14518963,-47.961697,-1.4407679,1853.2812,0.11520604,1087.1735,0.2256038,-58.398663,-1.0588676,2985.284,0.079821035,932.24207,0.25875282,-66.0354,-0.87483054,-17.366861,-0.504619,32.91146,0.25520402,0.06342391,0.2570657,-0.020615365,-0.57403034,0.20073944,0.48039111,33.543045,0.14649992,5.9215317,1.5730243,-12.553062,-0.9139022,-16.697664,-0.56672496,-4.873699,19.394241,0.037904244,-0.0018758671,0.085954964,4.0201006,2.1390374,0.3775,0.18859679,0.089999996,0.0725718,-25.553656,18,11,51,SPEAKER_00,452.233333,577.933333,529.1297187499999,531.13784375,1,2.008125,disengaged
41.266117,0.095234446,38.970463,41.245327,44.66626,5.695797,437.12372,762.2744,36.37373,30.064978,0.41973972,0.6823666,0.13511953,0.36664653,0.66945755,0.534338,7.513337,3.0813892,3.9430313,1.8271612,0.23260689,1.3395112,21.905457,0.3671131,4.48993,2.1549273,-17.789698,-0.679514,-33.326656,-0.46948338,0.03274919,1.497274,1.1205113,0.76618606,9.330278,0.50973254,6.6180377,1.5502836,31.814346,0.24842323,837.4415,0.13734409,1247.1965,0.16083446,-85.82847,-1.0779805,1903.2561,0.10065394,1190.9856,0.31763333,-95.45469,-0.8287375,2954.559,0.048398238,798.63947,0.35545227,-97.887634,-0.78670144,-15.3343315,-0.44278267,29.341309,0.2519614,0.072274655,0.29156098,-0.031029252,-0.39889458,0.29056582,1.1515937,23.301102,0.33183497,3.1419728,3.1046572,-20.174946,-0.61732787,-41.17562,-0.3046616,-11.235302,23.454084,0.052601267,-0.019429259,0.14856896,3.960396,3.508772,0.16357143,0.08067635,0.10692307,0.05914579,-26.52544,18,11,51,SPEAKER_00,452.233333,577.933333,532.3528437500001,536.4028437500001,1,4.05,disengaged
40.675716,0.10241633,38.29053,39.59172,44.13498,5.844448,589.5029,885.37274,306.41568,403.79797,0.6376194,0.6462512,0.23109846,0.5642843,1.0486051,0.8175066,10.464892,8.18539,6.955437,3.1992977,0.34312922,0.97089994,19.838907,0.36727497,-3.4951248,-3.1957278,-16.175842,-0.661411,-28.871277,-0.42199114,0.029404279,1.4235004,1.2196872,0.6893139,8.24655,0.56302124,2.9554367,3.5422835,24.315786,0.3814124,775.0558,0.18381076,1309.1952,0.12302724,-83.91594,-1.1121668,1813.4283,0.11180073,1160.3173,0.24380341,-88.14883,-0.935485,2873.5894,0.057261225,826.5751,0.3478761,-91.90472,-0.86476547,-13.22359,-0.5033106,26.182608,0.2717027,0.069416896,0.23341052,-0.021965519,-0.6803209,0.43358818,0.8011854,21.273438,0.334053,-3.8549054,-3.0636275,-17.4098,-0.6189382,-34.020317,-0.28503364,-7.466502,20.048487,0.046699803,-0.00855442,0.21008164,3.8327527,2.8368795,0.21124999,0.1410175,0.10666667,0.06073622,-23.560976,18,11,51,SPEAKER_00,452.233333,577.933333,537.06096875,539.9465937500001,1,2.885625,disengaged
40.7317,0.13796066,38.357864,40.731495,45.607502,7.2496376,29.169706,16.896135,37.958225,0.0,0.32441005,0.8378973,0.10187386,0.25014365,0.518878,0.4170041,4.8371987,2.060252,4.5368867,2.230407,0.14471868,1.0152155,19.070011,0.41909888,6.6080685,1.3871008,-12.031555,-0.91379106,-30.891586,-0.6343556,0.025797276,1.5061905,1.2567242,0.83944076,8.053511,0.62331444,10.540922,0.78046316,19.62456,2.120815,796.5545,0.18341403,1241.8387,0.1698742,-107.981224,-0.8651023,1919.3688,0.11576233,1025.2941,0.3928469,-113.059715,-0.7263556,2942.2058,0.06423169,720.53577,0.28227735,-113.884415,-0.7147003,-15.352189,-0.34128395,24.04139,0.31010443,0.07826469,0.28503674,-0.025060145,-1.0227427,0.21936195,0.70249134,20.079998,0.35629702,4.921192,2.0636783,-12.7983465,-0.8803103,-44.796406,-0.3989916,-11.644039,24.038303,0.051850915,-0.011477953,0.08673909,3.8709679,3.3333333,0.144,0.09810197,0.111666664,0.04913134,-28.724947,18,11,51,SPEAKER_00,452.233333,577.933333,540.11534375,541.68471875,1,1.569375,disengaged
44.434437,0.05475676,41.71828,44.673748,46.25749,4.5392075,14.0980625,6.7365136,20.230047,2.4464564,0.21450697,0.42977756,0.13680547,0.19259013,0.29087502,0.15406954,2.2367463,1.405236,2.415968,1.3376433,0.06674092,0.6298787,24.423738,0.20398027,5.853341,1.1906137,-11.587797,-0.7658533,-21.797543,-0.5628146,0.024957582,0.8091691,1.3481642,0.65736,10.288399,0.28608966,13.611981,0.58349454,31.814606,0.21156944,833.62665,0.13723174,1214.3702,0.13587429,-102.08944,-0.89071083,1904.5004,0.10343609,1089.2523,0.2785489,-105.5355,-0.7472582,2969.0752,0.06366557,806.00824,0.22311822,-108.973595,-0.69602895,-16.702415,-0.36026043,29.09215,0.17978382,0.0556767,0.26652366,-0.01668375,-0.68025076,0.07499585,0.53711045,26.327166,0.13471118,4.824973,1.5243287,-13.624377,-0.7084889,-26.832108,-0.3736545,-13.999461,24.378902,0.0393836,-0.015734663,0.061168768,5.3254437,4.268293,0.12,0.099999994,0.08125,0.033330727,-37.588966,18,11,51,SPEAKER_00,452.233333,577.933333,555.15096875,556.85534375,1,1.704375,disengaged
41.383373,0.02557222,40.310642,41.475216,42.418304,2.1076622,0.48651123,0.0,0.0,0.0,0.40481594,0.10476434,0.36948252,0.39243978,0.4451036,0.07562107,0.84488094,0.0,1.7725983,0.03578883,0.122496255,0.3299127,28.973513,0.018871723,1.700708,2.9840217,-26.648588,-0.35683215,-39.55257,-0.12554471,0.05136792,0.48758844,2.4246855,0.32204643,6.481391,0.19614924,4.3159385,0.8116916,36.096767,0.021632867,926.8908,0.08338839,1185.7961,0.147897,0.1007084,85.27289,2012.1841,0.06465144,1142.849,0.3473323,-21.821836,-0.14982657,3017.271,0.021039132,777.5737,0.30569696,-28.101675,-0.05359739,-22.581474,-0.17174463,33.23487,0.0917121,0.08743307,0.17268759,-0.050064877,-0.15225087,0.16956683,0.18721697,28.758842,0.010535516,2.674938,2.4947135,-19.079744,-0.4145014,-38.78951,-0.12566678,0.0,0.0,0.0,0.0,0.0,8.333334,16.666668,0.049999997,0.0,0.0,0.0,-31.112223,18,11,51,SPEAKER_00,452.233333,577.933333,558.2053437500001,558.3403437500001,1,0.135,disengaged
41.67227,0.12224565,40.03572,41.36865,45.6883,5.6525803,316.1189,360.29184,-30.565994,139.26108,0.2864402,0.46961588,0.1863302,0.26144263,0.3560776,0.16974741,2.488958,1.4225483,1.7400863,0.8194919,0.098631926,0.8011782,26.827778,0.11661959,2.690254,4.0865335,-16.01498,-0.8153135,-22.175478,-0.64675885,0.02035019,0.8150995,1.3439317,0.74875903,9.38999,0.47711,11.237831,0.8868529,28.90255,0.30335054,770.76,0.2062792,1336.0869,0.18919112,-80.094765,-1.0340779,1804.4042,0.13495512,1073.5437,0.21668932,-82.42313,-0.89615875,2923.0378,0.060570613,830.6927,0.23991199,-87.32261,-0.80937326,-15.621205,-0.6512832,31.05439,0.21573627,0.055704296,0.3678239,-0.017323488,-1.0314505,0.10522552,0.72856283,27.407957,0.11501828,3.2775526,3.544489,-14.608373,-0.9931845,-25.682936,-0.5472912,-10.118989,26.647263,0.05573353,-0.00819497,0.09038938,3.626943,4.255319,0.14999999,0.13407087,0.0625,0.04145781,-32.669937,18,11,51,SPEAKER_00,452.233333,577.933333,559.25159375,561.1922187499999,1,1.940625,disengaged
39.457813,0.1089386,36.536213,37.711063,42.730423,6.19421,103.1175,36.95864,101.52923,83.81994,0.2609889,0.4843395,0.17664357,0.2545877,0.32694742,0.15030386,3.6369236,5.411834,2.311025,3.5244305,0.07800683,1.1360364,25.816418,0.21965072,6.1759715,1.1908773,-0.63268745,-12.140511,-19.640608,-0.5546687,0.024731433,0.7453389,1.1382763,0.65287894,9.237629,0.34138587,5.6802683,1.480128,23.231869,0.21828055,803.9156,0.16197295,1243.1354,0.18489413,-83.54986,-1.0689526,2005.0803,0.10905499,959.84485,0.3467632,-90.34324,-0.85757565,2876.6287,0.07321446,1054.3423,0.33132982,-89.96034,-0.8646519,-17.454159,-0.23262465,25.126379,0.21066523,0.06155449,0.26216125,-0.024650466,-0.46403003,0.059550505,0.5883786,27.117918,0.17194954,7.5369453,0.83375174,0.5704683,15.141644,-22.393827,-0.45702744,-12.511379,22.217638,0.045964733,-0.014681052,0.11881077,3.7634408,2.7624311,0.22399999,0.27477992,0.09666667,0.045338232,-36.21331,18,11,51,SPEAKER_00,452.233333,577.933333,561.34409375,563.21721875,1,1.873125,disengaged
34.837097,0.009296867,34.5719,34.743015,35.036057,0.4641571,6.45474,0.0,-0.8016858,2.3409178,0.21570112,0.3342964,0.13243137,0.21257904,0.28217834,0.14974697,1.2048912,0.22059417,-0.06685791,0.45030275,0.03595008,0.642453,33.545864,0.26868153,18.054476,0.5228959,-1.2124492,-4.2639127,-11.967329,-0.5373924,0.010929751,0.6755204,0.6138709,1.0221906,11.592638,0.15354252,1.7144325,2.3404944,34.768528,0.08642574,837.16235,0.14820519,1357.9799,0.13178587,-52.9143,-1.2690539,1976.3926,0.12057124,1393.3137,0.26002738,-67.85081,-0.83299124,3015.1646,0.064745985,1173.0192,0.26726064,-71.46841,-0.7660838,-22.367275,-0.12980986,40.689243,0.07591244,0.042388402,0.36834362,-0.021765487,-0.37941304,0.039700758,0.5973202,37.83437,0.085899636,22.16892,0.19979115,-2.0970807,-1.8816823,-13.000075,-0.4328426,-9.747581,21.060583,0.04265264,0.0027347305,0.026901042,3.846154,1.369863,0.59999996,0.0,0.049999997,0.02,-34.583195,18,11,51,SPEAKER_00,452.233333,577.933333,564.6853437500001,565.47846875,1,0.793125,disengaged
45.64075,0.06711701,40.762383,47.29049,47.752235,6.989853,13.665505,11.823935,2.7188408,0.0,0.34119135,0.57874227,0.13287514,0.32121515,0.5010948,0.36821967,1.6766045,1.0337495,1.999207,0.897064,0.09772591,0.78998846,23.00405,0.3326492,1.5672866,6.524781,-19.956722,-0.8712887,-26.131466,-0.59574205,0.013433366,1.0525322,0.7368475,0.7637635,13.80321,0.27577874,10.05285,0.89709514,36.439926,0.23816,769.9735,0.28715226,1238.4847,0.15094566,-78.828285,-1.1357393,1746.2285,0.1706602,992.428,0.18181852,-76.49537,-1.0351434,2932.8838,0.065194584,779.91046,0.24217601,-87.42407,-0.80711025,-15.262718,-0.52575594,31.597172,0.2045442,0.08637932,0.2636605,-0.013503138,-1.1668217,0.11199504,0.6867424,25.273975,0.19231254,-0.8727278,-12.817715,-27.503006,-0.5896059,-33.565033,-0.37476677,-12.546572,22.645975,0.06370141,0.006523767,0.083055355,2.2727275,3.1746032,0.21,0.2394786,0.16,0.099999994,-30.305582,18,11,51,SPEAKER_00,452.233333,577.933333,566.11971875,567.45284375,1,1.333125,disengaged
34.36255,0.23048511,30.775154,31.579758,43.079258,12.304104,721.9382,500.66324,34.453735,47.92996,0.15509541,0.40993094,0.09919734,0.13698715,0.21026638,0.11106904,1.2830223,0.8164709,0.53383976,0.37618577,0.042248443,0.679144,27.053307,0.2614697,18.909048,0.35668746,8.203478,0.9502283,-9.708954,-1.2295405,0.031847496,1.813808,1.0018042,0.56635976,9.4439125,0.45103177,12.885001,1.416798,29.282866,0.6410613,806.52765,0.21322331,1401.8224,0.1407515,-86.992836,-0.93609124,1932.2244,0.122894414,1124.6805,0.22069588,-93.64422,-0.78745836,2954.5505,0.07748305,987.838,0.43371946,-94.25256,-0.7777787,-24.299665,-0.14393169,34.68177,0.13051675,0.033537548,0.9357713,-0.013302971,-0.7286411,0.048274,0.63589364,29.058018,0.21344581,21.09569,0.2807399,10.18607,0.78455245,-12.5079565,-0.9988917,-16.224968,26.348341,0.0193421,-0.007386897,0.029889453,3.6866362,2.7972028,0.22416666,0.2004353,0.111666664,0.07033649,-36.834293,18,11,51,SPEAKER_00,452.233333,577.933333,568.56659375,572.92034375,1,4.35375,disengaged
