,precision,recall,f1-score,support
disengaged,0.3333333333333333,0.25,0.2857142857142857,4.0
engaged,0.7272727272727273,0.8,0.7619047619047619,10.0
accuracy,0.6428571428571429,0.6428571428571429,0.6428571428571429,0.6428571428571429
macro avg,0.5303030303030303,0.525,0.5238095238095237,14.0
weighted avg,0.6147186147186148,0.6428571428571429,0.6258503401360543,14.0
