Actual,Prediction,Probability
1,0,0.0054841274
0,1,0.95926493
1,1,1.0
0,0,0.0141133815
1,1,0.9999584
1,1,0.9549926
1,1,1.0
1,1,1.0
1,1,0.9999912
1,1,0.9999894
1,1,0.995449
1,0,7.032056e-05
0,1,0.8478918
0,1,0.999925
