F0semitoneFrom27.5Hz_sma3nz_amean,F0semitoneFrom27.5Hz_sma3nz_stddevNorm,F0semitoneFrom27.5Hz_sma3nz_percentile20.0,F0semitoneFrom27.5Hz_sma3nz_percentile50.0,F0semitoneFrom27.5Hz_sma3nz_percentile80.0,F0semitoneFrom27.5Hz_sma3nz_pctlrange0-2,F0semitoneFrom27.5Hz_sma3nz_meanRisingSlope,F0semitoneFrom27.5Hz_sma3nz_stddevRisingSlope,F0semitoneFrom27.5Hz_sma3nz_meanFallingSlope,F0semitoneFrom27.5Hz_sma3nz_stddevFallingSlope,loudness_sma3_amean,loudness_sma3_stddevNorm,loudness_sma3_percentile20.0,loudness_sma3_percentile50.0,loudness_sma3_percentile80.0,loudness_sma3_pctlrange0-2,loudness_sma3_meanRisingSlope,loudness_sma3_stddevRisingSlope,loudness_sma3_meanFallingSlope,loudness_sma3_stddevFallingSlope,spectralFlux_sma3_amean,spectralFlux_sma3_stddevNorm,mfcc1_sma3_amean,mfcc1_sma3_stddevNorm,mfcc2_sma3_amean,mfcc2_sma3_stddevNorm,mfcc3_sma3_amean,mfcc3_sma3_stddevNorm,mfcc4_sma3_amean,mfcc4_sma3_stddevNorm,jitterLocal_sma3nz_amean,jitterLocal_sma3nz_stddevNorm,shimmerLocaldB_sma3nz_amean,shimmerLocaldB_sma3nz_stddevNorm,HNRdBACF_sma3nz_amean,HNRdBACF_sma3nz_stddevNorm,logRelF0-H1-H2_sma3nz_amean,logRelF0-H1-H2_sma3nz_stddevNorm,logRelF0-H1-A3_sma3nz_amean,logRelF0-H1-A3_sma3nz_stddevNorm,F1frequency_sma3nz_amean,F1frequency_sma3nz_stddevNorm,F1bandwidth_sma3nz_amean,F1bandwidth_sma3nz_stddevNorm,F1amplitudeLogRelF0_sma3nz_amean,F1amplitudeLogRelF0_sma3nz_stddevNorm,F2frequency_sma3nz_amean,F2frequency_sma3nz_stddevNorm,F2bandwidth_sma3nz_amean,F2bandwidth_sma3nz_stddevNorm,F2amplitudeLogRelF0_sma3nz_amean,F2amplitudeLogRelF0_sma3nz_stddevNorm,F3frequency_sma3nz_amean,F3frequency_sma3nz_stddevNorm,F3bandwidth_sma3nz_amean,F3bandwidth_sma3nz_stddevNorm,F3amplitudeLogRelF0_sma3nz_amean,F3amplitudeLogRelF0_sma3nz_stddevNorm,alphaRatioV_sma3nz_amean,alphaRatioV_sma3nz_stddevNorm,hammarbergIndexV_sma3nz_amean,hammarbergIndexV_sma3nz_stddevNorm,slopeV0-500_sma3nz_amean,slopeV0-500_sma3nz_stddevNorm,slopeV500-1500_sma3nz_amean,slopeV500-1500_sma3nz_stddevNorm,spectralFluxV_sma3nz_amean,spectralFluxV_sma3nz_stddevNorm,mfcc1V_sma3nz_amean,mfcc1V_sma3nz_stddevNorm,mfcc2V_sma3nz_amean,mfcc2V_sma3nz_stddevNorm,mfcc3V_sma3nz_amean,mfcc3V_sma3nz_stddevNorm,mfcc4V_sma3nz_amean,mfcc4V_sma3nz_stddevNorm,alphaRatioUV_sma3nz_amean,hammarbergIndexUV_sma3nz_amean,slopeUV0-500_sma3nz_amean,slopeUV500-1500_sma3nz_amean,spectralFluxUV_sma3nz_amean,loudnessPeaksPerSec,VoicedSegmentsPerSec,MeanVoicedSegmentLengthSec,StddevVoicedSegmentLengthSec,MeanUnvoicedSegmentLength,StddevUnvoicedSegmentLength,equivalentSoundLevel_dBp,participant,session,clip_id,speaker,engagement_start_time,engagement_end_time,speaker_start_time,speaker_end_time,num_segments,speech_duration,label
38.749966,0.1336252,33.98355,38.205345,43.989,10.005447,170.59724,218.66916,118.4021,189.46687,0.17074458,0.7277461,0.059461836,0.14418678,0.2670529,0.20759106,2.7550938,1.7505844,1.6738812,1.0544426,0.059227627,0.8742939,24.604105,0.6529095,10.378324,1.158699,-0.24349853,-72.465004,-15.344745,-1.0383253,0.025343366,0.9286118,1.4519001,0.6850913,8.72913,0.40741694,11.564483,0.9353069,34.5418,0.31909823,741.6948,0.28364497,1379.518,0.17253657,-85.708405,-1.0170422,1805.7611,0.13228542,1198.961,0.26956373,-92.257744,-0.82633376,2883.8125,0.08093497,1022.3378,0.28150403,-95.98815,-0.75891316,-19.447048,-0.47326425,33.043095,0.29549918,0.05756764,0.403319,-0.015981533,-1.0540346,0.075048395,0.7223731,29.803566,0.38741282,7.7112617,1.5624723,-2.1303213,-8.790282,-20.744987,-0.7272948,-12.755902,23.02686,0.032762222,0.0017172918,0.031965714,3.9906106,4.0189123,0.14823529,0.14571267,0.09428571,0.06315676,-36.891808,12,8,0,SPEAKER_00,0.0,53.466667,12.636593750000005,40.969718750000006,11,8.538750000000002,disengaged
41.5437,0.101683535,37.962803,41.23942,43.628307,5.6655045,67.28515,45.1213,104.583496,128.24323,0.2977363,0.9761823,0.053712666,0.1889912,0.5621822,0.5084695,4.977296,3.0957754,3.0477793,1.6610634,0.1176125,1.7318255,14.090857,1.5030195,8.508707,1.6598498,-5.14887,-2.7681973,-20.711065,-0.9647031,0.018535178,1.1853933,1.1482257,0.90024054,10.803731,0.35307166,15.071332,0.7419896,30.908655,0.34830028,784.66095,0.21613118,1293.0516,0.1727771,-96.58066,-0.93801963,1898.4613,0.11324949,1118.3108,0.29588342,-98.99889,-0.7981969,2911.7578,0.06923514,953.84576,0.36646646,-100.47363,-0.77154815,-17.510946,-0.6294203,29.216478,0.3883782,0.062335674,0.3243608,-0.0230873,-0.902109,0.17471272,1.3814834,24.836245,0.51169986,4.886792,2.8444767,-6.2941647,-2.4926147,-29.59911,-0.66947925,-2.2290914,9.538572,0.050309498,0.00956647,0.032458723,3.4534535,3.0257187,0.1885,0.17689759,0.12684211,0.12213248,-25.88709,12,8,0,SPEAKER_01,0.0,53.466667,40.969718750000006,53.466667,6,6.675073249999983,disengaged
36.88332,0.04232648,35.059593,36.861008,38.257256,3.1976624,37.648087,23.51757,23.370073,12.171492,0.24370374,1.1113039,0.008894836,0.09720437,0.54976714,0.5408723,3.354293,3.1142113,2.4666486,1.5580419,0.1665408,1.4830503,17.966913,1.1204067,13.17087,0.78961116,-3.631009,-4.749566,-11.987341,-1.6099564,0.020137085,0.86572105,1.6317923,0.79025656,9.627573,0.32441488,7.372188,1.8428898,34.012337,0.27954057,864.6037,0.20238234,1401.9999,0.25314587,-99.0734,-0.9396618,1960.608,0.07792187,1238.4526,0.13783148,-109.50757,-0.7282195,3002.969,0.05105892,1018.8639,0.24399856,-111.23093,-0.7021008,-25.608858,-0.34977242,39.25653,0.20912118,0.059313323,0.35391375,-0.023209317,-0.9853475,0.27323183,1.006698,31.77711,0.3239534,14.917222,0.8049986,-4.4379816,-4.9751453,-19.329935,-1.0973444,-4.3112373,13.426193,0.03677971,0.025526088,0.006958879,2.6785715,2.8301888,0.18666665,0.028674418,0.225,0.16499999,-22.616299,12,8,1,SPEAKER_01,53.5,55.333333,54.19971875,55.333333,1,1.1336142500000008,engaged
37.812485,0.058868524,36.48924,37.595924,39.05982,2.5705795,92.00647,83.11644,33.30983,59.56079,0.3266606,0.80049014,0.09258929,0.30524498,0.5169191,0.4243298,4.696932,2.6220136,3.3911834,3.630509,0.15249056,1.0034686,23.37097,0.7740807,12.236513,1.2420827,-2.1414049,-7.864393,-9.509849,-1.5854203,0.017182922,1.3187635,1.1571327,0.878708,10.485163,0.3168133,10.091392,1.1694943,32.638134,0.3597953,797.49646,0.2332866,1362.613,0.17190251,-81.56041,-1.019226,1891.9854,0.11576611,1189.1471,0.27231127,-88.8673,-0.82229674,2968.897,0.076300226,1069.903,0.23284493,-92.836395,-0.75313026,-21.00653,-0.60912675,36.012886,0.31115615,0.057333652,0.36709958,-0.017504241,-1.0287839,0.20202473,0.7755631,31.077244,0.38523504,11.429723,1.3463515,0.0074561406,2326.398,-14.084703,-0.9631955,-6.311145,16.726822,0.036854852,0.013352925,0.045902736,3.1791906,3.0612247,0.21238095,0.11827751,0.115294114,0.09953526,-25.598085,12,8,2,SPEAKER_01,55.366667,62.3,55.366667,62.3,1,6.9333329999999975,disengaged
37.60878,0.09207976,35.170387,36.87304,40.36839,5.198002,116.01725,79.371544,37.52413,33.381275,0.30679417,0.8862573,0.07789682,0.23390794,0.49373794,0.4158411,4.078992,1.9539288,3.7278976,1.78478,0.12696092,0.97695917,22.089008,0.73792845,9.953097,1.4967833,-2.2465792,-7.4501853,-15.41603,-1.2363619,0.021082195,1.3731896,1.1721092,0.8459619,9.82903,0.36581948,11.797075,1.0036106,32.77502,0.33097765,799.97845,0.21512742,1334.1582,0.17869459,-71.17204,-1.1760501,1893.4945,0.10937096,1162.3613,0.34449592,-80.59662,-0.91817284,2938.2585,0.07245669,983.0862,0.26350582,-84.119225,-0.85103476,-19.731905,-0.56674564,32.31668,0.32229713,0.061892997,0.34714806,-0.017655475,-1.012262,0.17135628,0.7192435,27.94497,0.43656957,9.106927,1.7345045,-2.1697948,-8.36918,-20.476866,-0.9425735,-7.852692,18.196487,0.04560181,0.012736514,0.024219168,3.6388142,2.7137043,0.2505,0.17074762,0.107777774,0.12638369,-26.77463,12,8,3,SPEAKER_01,62.333333,71.133333,62.333333,71.133333,2,7.43312499999999,engaged
37.3166,0.0643878,35.601433,36.992485,38.604046,3.002613,83.65405,65.32148,23.830534,32.707108,0.3087916,0.8923405,0.08100977,0.22671258,0.5165987,0.43558893,6.2997513,4.0596538,3.772484,1.8953441,0.16410215,1.12691,21.251095,0.9468986,10.153049,1.3573997,-1.9392818,-9.335947,-10.48544,-1.4064254,0.020238554,1.2454534,1.4244955,0.7203866,9.471202,0.35092354,10.028009,1.2134323,31.51209,0.34817576,787.962,0.24106993,1379.8563,0.19023292,-86.11557,-1.001146,1838.0388,0.12985386,1221.6323,0.22103743,-91.349525,-0.84106207,2932.3396,0.07814157,1032.4766,0.26287946,-95.9563,-0.75942814,-18.306332,-0.7054161,34.957607,0.3212232,0.05706027,0.38649943,-0.010333111,-1.7400153,0.21462326,0.83487606,30.046133,0.43451506,9.275459,1.5874963,-1.8872821,-10.176427,-13.908937,-0.9459238,-6.1167693,16.30075,0.04496506,0.012568614,0.0620868,3.456496,2.8811524,0.21625,0.14061806,0.12090909,0.097556934,-26.06973,12,8,6,SPEAKER_01,73.466667,85.266667,73.466667,85.266667,4,8.408124999999998,disengaged
37.851845,0.11083106,35.52028,37.21005,39.438828,3.9185486,105.198944,84.64427,104.836784,148.73755,0.58863556,0.79190964,0.18151174,0.50184107,0.9647529,0.78324115,9.727175,5.391105,6.1408978,3.8540888,0.28910318,1.0873121,18.693594,0.6292702,3.919492,3.1104486,1.6304582,11.100263,-28.836773,-0.70989513,0.02789558,1.4884638,1.3068016,0.6806132,7.8853416,0.43705004,10.084708,1.1902796,23.667685,0.49105948,746.4281,0.25406045,1350.0636,0.16077927,-61.815586,-1.386358,1838.6332,0.11648407,1030.6998,0.3980497,-67.72856,-1.0928649,2854.4822,0.080829546,889.1317,0.381705,-67.365074,-1.1029512,-14.852388,-0.51365924,23.308155,0.4224981,0.07786317,0.28851467,-0.025318136,-0.67918843,0.32447004,0.9051667,20.786919,0.49602687,3.4121943,3.5566578,2.4098144,7.7829523,-33.337917,-0.55432206,-9.519784,18.69913,0.062980816,-0.005564005,0.16208246,3.3130493,2.443992,0.29583332,0.23657714,0.101515144,0.09604674,-22.700214,12,8,7,SPEAKER_01,85.3,114.333333,85.3,114.333333,17,14.807707999999977,engaged
33.4621,0.1427407,28.541302,32.657627,37.97242,9.431118,575.4519,260.19815,29.787811,24.664036,0.2962421,0.68531185,0.08523023,0.30523247,0.47500008,0.38976985,5.605362,1.5525352,3.3749337,1.5336242,0.20057614,1.0987269,28.981722,0.39883894,11.069335,0.6998169,-2.0340014,-8.165024,-27.424128,-0.88754356,0.043581653,1.3065721,1.5166968,0.7775651,7.2919946,0.46756342,6.1283736,2.3763766,28.267338,0.2708548,867.46655,0.16265288,1301.5388,0.15368928,-119.091324,-0.76459986,1977.9978,0.0962169,1200.6963,0.25085896,-127.449974,-0.6184235,2994.3464,0.059755135,1010.23755,0.29199344,-126.90928,-0.62400746,-26.0817,-0.26546413,38.08168,0.17790271,0.06832831,0.3453412,-0.03452432,-0.7109133,0.3035001,0.759382,32.71555,0.21944872,13.976724,0.6715039,1.213923,15.549313,-27.607185,-0.8196239,-16.719818,29.234993,0.06602748,-0.028929131,0.13218543,3.7234042,3.3333335,0.12166667,0.069621995,0.18399999,0.17715529,-24.525974,12,8,7,SPEAKER_00,85.3,114.333333,107.17034375,113.75159375,4,1.8899999999999864,engaged
38.902187,0.07418129,36.86668,38.710606,40.42652,3.5598412,159.39735,80.572,30.63676,29.208084,0.7562153,1.3040192,0.08260379,0.41674152,1.1175807,1.0349768,7.085668,3.1569152,10.717948,10.015317,0.45860544,1.3875415,18.414198,0.9036152,5.382794,3.5008123,-2.213253,-6.358035,-3.738796,-3.3617554,0.029710632,2.304424,1.2444682,0.6885059,9.335823,0.47126192,12.544515,0.8688781,27.976484,0.5046012,897.5812,0.19323725,1408.2009,0.15970744,-110.89586,-0.75375354,1946.5491,0.098409474,1186.0479,0.18623915,-113.22227,-0.70090127,3030.1409,0.06752946,1081.7467,0.2594982,-116.32665,-0.65588826,-19.764286,-0.83798987,32.70915,0.4856371,0.046321373,0.39586693,-0.010898638,-1.5968293,0.6148389,1.073277,27.898897,0.4958905,6.6052294,3.2101896,2.3850062,6.663627,-5.7116942,-1.8461561,-4.7680697,14.292072,0.042443655,0.011745366,0.3068578,1.1764706,3.6290321,0.13333333,0.109949484,0.13374999,0.11488445,-18.547361,12,8,8,SPEAKER_01,114.366667,117.2,114.366667,117.2,2,2.563333,disengaged
37.682564,0.043396536,36.16992,37.748703,38.67241,2.5024872,43.38887,22.572777,53.87246,37.507095,0.3329026,0.7079665,0.10360448,0.2519738,0.5718909,0.4682864,4.4539175,2.453004,2.7065156,1.3009108,0.15975086,0.78211594,31.283615,0.34340388,9.072411,1.6690809,-3.936389,-4.321199,-11.883495,-0.85386664,0.022618938,1.0347706,1.1966563,0.85073787,9.871382,0.39881963,12.310971,1.1152055,32.2837,0.4274862,828.8034,0.2305333,1325.7389,0.13601908,-77.59516,-1.070816,1950.7278,0.108351626,1208.0615,0.32690108,-84.71138,-0.8718348,3058.3147,0.080949955,1081.448,0.19779825,-91.0888,-0.76622957,-18.013317,-0.92828625,36.89734,0.17373256,0.053222228,0.35497487,-0.017001133,-1.0552925,0.19871177,0.6154755,34.38485,0.22528368,7.5237155,2.1206799,-2.4686403,-7.198699,-12.137128,-0.83602697,-19.794304,35.344776,0.061355036,-0.009673292,0.10604189,3.5714285,4.6728973,0.136,0.10983624,0.07,0.031622775,-25.285334,12,8,9,SPEAKER_01,117.233333,118.366667,117.233333,118.366667,1,1.133334000000005,engaged
37.16078,0.0714877,35.230377,36.764378,38.853386,3.6230087,126.63366,127.907265,40.473717,50.89599,0.40429854,0.75223774,0.132285,0.35832644,0.64589185,0.51360685,7.193074,4.256979,4.4470625,2.8435135,0.20761986,0.9563139,26.311443,0.5266134,7.412449,1.6303418,-4.742753,-3.46484,-21.659975,-0.7835228,0.027988143,1.0564986,1.4263917,0.64695483,7.7989554,0.39006925,8.913949,1.1438129,33.295845,0.27265567,759.69073,0.23935862,1382.9877,0.16141371,-56.233627,-1.3977629,1827.6267,0.122904435,1188.7213,0.2653448,-64.875946,-1.0409461,2883.2239,0.077974774,1021.84344,0.3274801,-69.79703,-0.92993677,-16.660969,-0.48647946,31.542427,0.27319622,0.07315101,0.3138176,-0.022182725,-0.8247608,0.24433473,0.8220741,29.757223,0.34983054,6.5122623,1.8619894,-4.817701,-3.613442,-25.337646,-0.60790676,-10.346037,20.610683,0.056385502,0.0026017174,0.079910286,3.5227273,2.857143,0.2636,0.21329567,0.078095235,0.061382413,-26.607376,12,8,10,SPEAKER_01,118.4,129.866667,118.4,129.866667,6,8.817291999999995,disengaged
37.8734,0.122308105,35.11801,37.660088,40.836018,5.718006,165.60931,288.02228,57.761787,68.28058,0.5153791,0.8118201,0.11836091,0.43535948,0.88637066,0.7680098,8.18453,4.4739056,5.326037,2.8935037,0.22481221,1.0226771,18.889423,0.8538893,3.693662,3.931065,-5.8988323,-2.6068945,-28.336031,-0.6500739,0.021667665,1.6847893,1.150121,0.7499514,9.0116,0.4435247,5.5529795,2.2107809,28.289104,0.44220322,774.5385,0.2289676,1321.0819,0.17580058,-74.30327,-1.2246687,1862.8944,0.13167566,1090.6335,0.3108625,-81.3291,-0.9886142,2895.8608,0.068042114,914.542,0.3390744,-83.67292,-0.9378371,-16.39643,-0.587212,27.04782,0.40163666,0.07110925,0.2982582,-0.028112797,-0.6679832,0.28029874,0.8161303,23.836145,0.5079188,3.2424994,4.601741,-6.4544363,-2.5347786,-33.365135,-0.49408218,-7.516935,16.836113,0.059233047,-0.004765726,0.113134086,3.348962,2.5184689,0.25666666,0.21713488,0.13358209,0.117126055,-24.318436,12,8,11,SPEAKER_01,129.9,173.866667,129.9,173.866667,15,29.876041999999956,engaged
37.660347,0.14870358,34.441803,36.49017,38.534637,4.0928345,501.87512,778.35144,85.00962,72.66728,0.3859333,0.824417,0.12591094,0.27107427,0.65240407,0.52649313,5.887638,3.2128043,4.191465,2.2638059,0.17480204,1.0101995,17.95717,1.0431628,11.328471,0.9977374,0.8398015,18.043915,-18.63991,-1.0293931,0.030361313,1.027212,1.5081714,0.67375183,7.655553,0.4547634,10.824389,1.07716,27.748457,0.50730103,779.13,0.21263221,1387.8406,0.17718515,-77.089485,-1.1049674,1893.4126,0.1140654,1060.8215,0.3738347,-79.56283,-0.94668317,2908.2986,0.07002196,986.27075,0.40477312,-80.84928,-0.9230307,-16.22133,-0.67495114,25.854546,0.5377924,0.07469939,0.30113167,-0.02208877,-0.72992426,0.22173184,0.86090577,22.291248,0.69005615,9.57987,1.1868126,2.667154,5.6818366,-24.800146,-0.70347524,-7.1580467,14.461073,0.052630402,0.00016691808,0.0756112,3.7800689,4.195804,0.155,0.12120919,0.076,0.054258637,-25.912296,12,8,14,SPEAKER_01,176.166667,181.433333,176.166667,180.13784375,3,2.9249267500000258,disengaged
36.29583,0.10235844,35.060604,36.877968,38.393208,3.3326035,145.58206,213.03413,47.044235,44.249046,0.31032878,0.6774367,0.12213699,0.2833521,0.46808732,0.34595034,5.455477,2.9952776,3.196615,1.53566,0.15061583,0.8859992,22.46805,0.65902084,14.33924,0.9707416,5.4055934,3.471327,-17.051521,-0.89373374,0.020103235,1.2255374,1.2877947,0.77201295,9.348591,0.40902793,10.07176,1.3285689,28.636654,0.35827172,801.60455,0.25703305,1405.5876,0.17319433,-79.104385,-1.022438,1906.8616,0.12979361,1200.5277,0.31362563,-85.45533,-0.82085735,2959.007,0.084450535,959.9834,0.34369513,-87.07433,-0.78820246,-20.816671,-0.5134759,33.5752,0.32402968,0.056448657,0.37343758,-0.019108238,-0.80772114,0.18805312,0.74123746,27.703789,0.38429713,14.248555,0.9904061,6.2794957,2.9296606,-19.388988,-0.7578224,-9.644439,18.884888,0.050962433,-0.0010640379,0.07072752,3.9927406,4.220184,0.15521738,0.111115664,0.071499996,0.042693675,-26.268442,12,8,15,SPEAKER_01,181.466667,190.233333,181.466667,190.233333,3,5.526665999999977,engaged
34.42068,0.18658586,32.11652,32.96215,34.468735,2.3522148,151.73799,150.54086,249.9004,94.73369,0.2949149,0.6669548,0.10415365,0.25553414,0.4720976,0.36794394,5.2942486,2.4183238,3.8270001,1.1482997,0.09682444,0.7479885,17.63001,1.2018776,14.151621,0.5590143,9.302984,1.5667164,-22.95183,-0.60841286,0.02259333,2.1670723,1.1778246,0.7895565,7.251389,0.57953936,-1.740522,-3.972397,24.44895,0.5717523,710.11163,0.2666679,1329.1919,0.2645833,-65.28063,-1.2450278,1819.9689,0.13959162,1079.9347,0.29838064,-73.906586,-0.9457975,2898.8108,0.061774693,908.6558,0.418341,-75.06938,-0.9154024,-14.687591,-0.8902953,24.657133,0.6484365,0.055699803,0.32911494,-0.025936905,-0.74824953,0.11597914,0.6306937,23.137503,0.83306473,14.206828,0.50483084,8.2582245,1.860447,-26.7527,-0.44543028,-4.1617203,10.714562,0.027046038,0.00014212228,0.04793091,4.597701,5.3254437,0.12555555,0.10542097,0.068,0.039698865,-32.101433,12,8,17,SPEAKER_01,190.833333,193.2,190.833333,193.2,2,1.7591669999999624,engaged
38.405155,0.08166822,35.35174,39.546894,40.81963,5.467888,86.95424,63.495495,27.466965,10.705489,0.6213352,0.8016017,0.12254636,0.59847033,0.9553962,0.8328498,6.9824867,2.8030593,-0.3023971,3.892158,0.21569625,0.94945836,20.69576,0.43703654,3.408921,4.594745,-4.0680203,-3.5514493,-32.324707,-0.5895119,0.022714594,1.4180388,1.3859754,0.95636576,10.478101,0.4026782,4.632369,2.3949409,24.340633,0.34774333,788.0352,0.22784345,1394.3185,0.20070009,-29.81953,-2.1195354,1842.4636,0.11543865,1246.6766,0.54217345,-42.052975,-1.279745,2887.9749,0.047030296,870.0222,0.53085876,-43.1864,-1.2304523,-16.235325,-0.35397413,24.956158,0.29594862,0.05571631,0.3885327,-0.026260948,-0.62358963,0.24343388,0.86126965,21.008238,0.41506925,1.5746996,10.363365,-5.5576596,-2.636593,-34.808052,-0.53258234,-14.947842,25.230345,0.0378867,-0.0027260985,0.024843864,3.0303032,3.1914895,0.26666665,0.0837987,0.026666667,0.0094280895,-22.887396,12,8,19,SPEAKER_01,193.666667,198.133333,193.666667,198.133333,3,1.0072910000000093,engaged
37.11905,0.1259326,35.054153,36.37019,37.871193,2.8170395,606.3089,972.2337,121.1356,109.70685,0.2930686,0.7037766,0.080459505,0.28037167,0.49051315,0.41005364,5.1488614,3.3460054,3.8789167,1.8297949,0.08718983,0.7963592,17.63252,1.2449008,7.9268136,1.1952134,2.071737,6.3242173,-23.459053,-0.6717497,0.015559139,1.0032542,1.1836894,0.9024461,8.739675,0.37089482,3.1783612,2.4549198,30.099234,0.387208,679.61084,0.24072453,1329.6338,0.16087976,-74.932556,-1.171445,1760.0948,0.13558069,1122.2402,0.31102002,-78.94859,-0.9709789,2853.9353,0.075125456,963.7905,0.32727483,-83.44866,-0.8793613,-13.114324,-0.76236725,24.214972,0.5333525,0.0719492,0.22668561,-0.021370867,-0.891539,0.11671446,0.579925,25.555176,0.6343868,4.9848294,1.5034673,-0.53641987,-23.196154,-29.000055,-0.51870984,-0.8139972,7.951427,0.062013704,0.0037870526,0.03266612,4.9180326,3.8135595,0.17,0.09955457,0.08,0.0597913,-32.579937,12,8,20,SPEAKER_01,198.166667,200.633333,198.166667,200.62409375,1,2.457426749999996,disengaged
42.503742,0.12837821,38.11685,42.593803,46.18119,8.064339,80.74518,46.558193,83.50194,67.77369,0.5075061,0.7720186,0.121388614,0.45544365,0.9310299,0.8096413,7.982214,4.393855,5.565254,3.256978,0.23439816,1.0615257,18.669615,0.6873391,-3.1776857,-4.721392,-13.515553,-1.225935,-29.10778,-0.5633338,0.023619926,1.5214018,1.1237948,0.8788956,10.507539,0.3803336,9.374674,1.2424831,29.303751,0.37327972,818.75275,0.18687104,1305.1141,0.1671894,-53.988598,-1.5820106,1895.1261,0.10942999,1062.5315,0.23084109,-63.866467,-1.119621,2896.0203,0.07101836,983.66223,0.41421646,-68.088524,-1.014538,-16.25108,-0.4496941,27.775427,0.34063435,0.07043146,0.3307057,-0.019698579,-0.78273576,0.28399283,0.8757909,22.238321,0.5118862,-5.4408407,-2.7884364,-15.142125,-1.089087,-32.990707,-0.43972963,-8.237593,16.452877,0.04644994,0.0044385837,0.030837558,4.0955634,2.8169014,0.2625,0.120701075,0.084285714,0.041698627,-22.929268,12,8,21,SPEAKER_01,200.666667,205.966667,202.56471875000005,205.966667,2,2.946323249999949,engaged
36.11381,0.08262111,33.731647,35.612156,39.375294,5.6436462,61.28597,71.770515,21.279549,7.384704,0.28526405,0.70445114,0.06321685,0.26776642,0.47989672,0.41667986,3.9836879,2.0457165,2.2220745,1.3546089,0.08744731,0.8714865,21.734468,0.8500164,11.986461,0.8914538,3.598238,4.2171326,-21.852571,-0.8593769,0.016573677,1.0041969,0.872174,0.914236,9.497154,0.34711742,5.1456532,1.831546,31.450611,0.2311905,704.17163,0.25713363,1389.0371,0.17831992,-67.70195,-1.24254,1792.7732,0.1382912,1218.5802,0.23944661,-77.529305,-0.9481906,2859.9512,0.06784041,1026.0414,0.43707797,-80.72525,-0.8815123,-17.629265,-0.52919894,29.432486,0.36708546,0.06077508,0.32724485,-0.02133745,-0.81787556,0.10904636,0.6750043,28.184673,0.46712372,10.738273,0.96822125,2.3847394,6.38072,-28.92693,-0.57187253,-6.5274024,14.466418,0.03919874,0.011146398,0.026767192,3.601695,2.360515,0.29636362,0.22308876,0.118999995,0.06609841,-31.745905,12,8,23,SPEAKER_01,207.266667,214.733333,207.266667,214.733333,2,4.732915999999989,engaged
36.751648,0.08786179,35.450027,36.35609,38.298023,2.8479958,164.87689,126.80375,58.507427,35.401917,0.3831308,0.60182536,0.17543146,0.39005336,0.5570735,0.381642,3.6586695,1.5706905,3.2792265,1.8003423,0.17126927,0.82126236,26.259697,0.579456,5.722745,2.645691,-4.7913184,-2.9401138,-27.484194,-0.61794055,0.022948245,2.1680803,1.0048386,0.7872812,9.455406,0.40193927,10.079885,1.385078,32.717197,0.35035968,771.56744,0.2357136,1376.5671,0.14080806,-73.996315,-1.1714965,1909.8953,0.123132505,1161.7489,0.2664246,-82.96827,-0.90943277,2938.7556,0.07335331,1097.7052,0.30293095,-85.180984,-0.86823916,-21.234238,-0.4788259,35.59586,0.25106755,0.0718758,0.2867893,-0.028004136,-0.72591066,0.1848526,0.72724617,30.996157,0.28615946,7.556003,2.0993886,-3.8292742,-3.9006164,-28.17822,-0.5525121,-11.159535,23.18387,0.062819555,-0.015643792,0.14417852,3.7288134,3.1034484,0.2111111,0.20151891,0.10125,0.081307665,-26.87001,12,8,24,SPEAKER_01,214.766667,217.733333,214.766667,217.733333,1,2.966665999999975,disengaged
37.204624,0.14664775,33.793762,35.871323,38.425377,4.6316147,165.81726,151.98181,327.4927,531.0856,0.19117025,1.1642118,0.019614412,0.085167475,0.3751797,0.3555653,4.35712,2.333352,2.597586,1.5294888,0.07636416,1.4033794,12.686597,1.7836208,11.973032,0.9604407,-0.9993727,-14.573136,-7.0865088,-2.4172685,0.037079558,2.7073965,1.2018015,0.8337897,8.287668,0.5828444,7.208814,1.7781628,31.25035,0.33724886,673.6117,0.31583908,1462.5049,0.1706147,-133.27194,-0.64314365,1749.9495,0.17394413,1203.6641,0.28534132,-132.38155,-0.6048152,2840.1182,0.10015447,1107.4722,0.29081023,-135.44882,-0.5584496,-18.465229,-0.6939193,30.562609,0.47551763,0.053449538,0.33144647,-0.018936725,-1.094588,0.15294331,0.804537,28.602882,0.6288179,12.519773,0.94545877,-0.29423988,-56.905273,-16.723703,-1.1050087,-4.6278014,13.687662,0.03674245,0.017071849,0.026664577,2.2964509,3.1645572,0.11666667,0.10952422,0.19285715,0.22508502,-31.058773,12,8,25,SPEAKER_01,217.766667,222.566667,217.766667,222.566667,1,4.799999999999983,engaged
36.69581,0.08960997,34.562763,35.96553,38.21963,3.656868,195.61282,378.19006,47.49559,32.644882,0.3242821,0.86330473,0.0828713,0.22617683,0.54952115,0.46664983,6.2611504,2.9860687,3.9516437,2.256651,0.13747443,0.96361923,19.996553,0.9363519,6.8717785,2.0228617,-5.092914,-3.5682793,-19.236462,-0.92038167,0.026585545,1.2605362,1.389495,0.7188369,7.148915,0.51093674,3.9647462,2.9130428,28.245525,0.39469996,732.0536,0.25407368,1406.3651,0.1683952,-78.72661,-1.1551412,1809.8693,0.14363559,1182.4602,0.24670126,-84.301125,-0.95070654,2874.0232,0.08502156,1049.7296,0.38395318,-88.3473,-0.8650903,-15.560226,-0.7167291,29.818525,0.34825566,0.062111974,0.35261753,-0.018674826,-1.0801352,0.18725741,0.7034731,28.121136,0.41382885,6.1210155,2.3244095,-5.7968297,-3.2769554,-26.48748,-0.6272205,-5.0687966,14.264162,0.04897808,0.0129658105,0.041002553,3.3834589,3.2380953,0.19235294,0.16210127,0.099374995,0.10449096,-29.296698,12,8,26,SPEAKER_01,222.6,229.233333,222.6,229.233333,4,5.333958000000081,disengaged
38.08618,0.07445816,36.41473,37.320366,38.861324,2.4465942,149.1547,68.67592,244.71733,428.57675,0.29696444,0.6399492,0.09798318,0.29917037,0.43243363,0.33445045,4.314989,1.3469124,2.2599397,1.7004948,0.18928495,0.7182378,26.44094,0.3987223,13.018679,1.1514941,4.621104,3.5418606,-10.415054,-1.044037,0.034126755,0.849307,1.7030727,0.5581686,8.81982,0.44266865,12.271717,0.97154564,28.570564,0.4255097,812.4756,0.22855322,1442.7836,0.13867646,-94.06764,-0.8358297,1895.2318,0.10241596,1212.9302,0.15593009,-92.3809,-0.73517114,2951.447,0.07234622,1120.2661,0.21618243,-94.572754,-0.7053125,-23.253584,-0.49718314,35.453373,0.3467148,0.044955432,0.42344213,-0.011588611,-1.252933,0.21293601,0.6440593,28.799013,0.3462613,14.56646,1.1215951,6.28155,2.7783518,-8.460159,-1.309696,-14.389469,23.715012,0.056923535,-0.01550408,0.13903278,5.042017,4.424779,0.146,0.088453375,0.06,0.030331502,-26.629084,12,8,27,SPEAKER_01,229.266667,230.466667,229.266667,230.466667,1,1.1999999999999886,engaged
37.450146,0.110447235,34.356815,36.85738,41.753075,7.3962593,241.61609,155.45325,37.085426,29.10091,0.37406296,0.6169109,0.14463991,0.36772177,0.5937405,0.4491006,6.3124824,4.051383,2.8000836,1.8669177,0.1347133,0.95898676,22.534456,0.7950479,5.0590663,2.4909723,-5.9518557,-2.7125726,-23.86282,-0.77185595,0.018406264,1.3177543,1.0792193,0.94053054,9.916551,0.33557248,6.530774,1.8642585,30.426971,0.3021059,736.2575,0.21455818,1357.5165,0.18961918,-71.278694,-1.2200198,1799.4546,0.12535667,1136.8724,0.30970722,-77.669556,-0.9850195,2882.8066,0.08117726,960.9438,0.32762495,-82.20874,-0.89551175,-17.129122,-0.47250667,28.399351,0.36910537,0.060481623,0.32292047,-0.026778372,-0.6444319,0.15462722,0.87172925,27.283382,0.44005477,2.790706,4.3261995,-6.359106,-2.56374,-28.604395,-0.54800195,-9.861231,19.84184,0.050907787,-0.007706993,0.09090101,3.8363173,3.626943,0.18142857,0.1564726,0.085,0.0553022,-29.18735,12,8,29,SPEAKER_01,231.9,240.233333,231.9,240.233333,5,3.9289579999999376,engaged
36.743988,0.09007835,36.584293,37.685852,38.478428,1.8941345,140.15636,98.38885,81.92699,104.14255,0.34150425,0.6941744,0.06790648,0.35966408,0.5654565,0.49755004,5.410688,2.7344875,2.7847733,2.24072,0.13876913,0.82201815,25.702057,0.42483088,8.554899,0.98648286,0.116691574,101.7839,-27.988028,-0.5776707,0.021345219,2.403133,1.2655199,0.9957994,10.438654,0.28176552,9.967788,1.2200134,33.235924,0.32959384,698.6637,0.17608626,1337.3876,0.1218834,-69.688965,-1.2905375,1899.8015,0.10339286,1000.91077,0.3142914,-82.584045,-0.9371818,2889.2893,0.04910574,941.57416,0.22986731,-82.91643,-0.93236995,-22.580427,-0.2975073,31.327003,0.28636876,0.08852359,0.19145803,-0.036237814,-0.4625919,0.16273767,0.6143798,28.633123,0.29110613,8.27102,1.036187,2.361311,4.3680987,-33.31231,-0.41069502,-13.387651,24.325165,0.06510922,-0.006066651,0.08018468,3.8834953,3.0,0.21666665,0.18997076,0.118,0.11923087,-28.793026,12,8,30,SPEAKER_01,240.266667,242.8,240.266667,242.8,2,2.077708000000001,disengaged
36.292023,0.11897397,33.71601,35.467915,40.13132,6.41531,95.4215,88.072495,77.76751,113.16024,0.32358122,0.65910727,0.10726959,0.32840052,0.4847231,0.3774535,5.4250655,3.6616292,3.2377863,2.1655803,0.115583554,0.8676561,22.309828,0.7565438,9.7481365,1.0477071,-0.762929,-18.970013,-28.371975,-0.6303648,0.020508073,1.825445,1.1579357,0.90293074,9.239349,0.398356,6.0004964,1.8110443,31.151163,0.2877489,750.50653,0.19801018,1319.693,0.1772026,-76.84589,-1.1613214,1871.7985,0.124075525,1081.9978,0.29538316,-86.92609,-0.8999914,2920.137,0.052933335,853.7869,0.3588151,-89.283966,-0.85718673,-18.860462,-0.4411841,29.107973,0.37786883,0.06545479,0.30636674,-0.032673366,-0.50239456,0.14219452,0.73477495,27.018042,0.46110243,9.558875,1.1217182,-0.5797581,-26.824024,-32.86871,-0.49337643,-10.935089,20.03852,0.05641471,-0.013339735,0.06706591,3.6477988,3.0379748,0.20541665,0.21077198,0.117142856,0.09632003,-30.499277,12,8,31,SPEAKER_01,242.833333,253.7,242.833333,253.30784375,5,7.960135749999978,engaged
37.544464,0.1002608,35.737553,37.42494,39.36191,3.6243591,87.61355,59.831955,47.771572,55.78695,0.40428144,0.73165303,0.14399248,0.35559657,0.62905383,0.48506135,5.2820325,4.1923437,3.7299151,1.7702727,0.19030292,0.8293818,24.44396,0.6587814,9.44241,1.5981842,-4.193619,-3.9788513,-18.703932,-0.8948093,0.025369719,1.5227088,1.2470545,0.7075282,9.222567,0.44272006,7.3136573,1.6262265,29.59632,0.35195175,811.2047,0.24034737,1364.1531,0.18140118,-52.556858,-1.4269047,1904.5328,0.1215527,1197.543,0.2682232,-63.38679,-1.017073,2944.6611,0.07876376,1029.0417,0.29881427,-66.36404,-0.9344761,-18.725142,-0.65303606,32.971127,0.3403539,0.063752055,0.32137045,-0.019620903,-0.9657211,0.21858679,0.6945025,28.142584,0.43426,8.0108795,1.9636841,-3.7697124,-4.7084723,-21.638065,-0.7241054,-10.203748,18.882166,0.055077672,0.004771407,0.06444717,3.022339,2.6490066,0.29549998,0.21784112,0.07235294,0.052751288,-24.169697,12,8,32,SPEAKER_01,253.733333,264.733333,253.733333,264.733333,7,7.625000000000114,disengaged
36.590004,0.02175606,35.95377,36.589283,37.22462,1.2708511,45.452866,72.431,13.627935,4.6102557,0.57203346,0.45214832,0.33145204,0.5693828,0.75676346,0.42531142,7.353075,3.6840224,5.7812824,2.6043398,0.20316596,0.5267885,25.854454,0.30868116,10.765539,1.3377931,4.9815083,3.0979464,-27.592693,-0.6267415,0.01260319,0.73227775,1.0271006,0.66788745,9.160355,0.41170347,9.337126,0.80480176,30.738667,0.20684314,708.07886,0.22507033,1415.0208,0.13386047,-13.650602,-1.764955,1847.4825,0.1387786,1123.6132,0.29856747,-28.612217,-0.7533748,2821.1433,0.074292935,1084.8398,0.3078383,-32.129105,-0.61945915,-17.060387,-0.402202,26.168392,0.24546772,0.078520186,0.23105013,-0.023149246,-0.4994542,0.2056759,0.5175913,26.055351,0.30283734,10.354849,1.3869929,4.9332933,3.1333816,-28.344517,-0.60941476,-14.542763,20.664036,0.06237791,-0.011234706,0.055777904,4.9504952,1.0309279,0.945,0.024999999,0.02,0.0,-25.540152,12,8,33,SPEAKER_01,264.766667,266.8,264.766667,266.8,1,2.0333330000000274,engaged
36.85433,0.045386598,35.916218,36.624287,37.14159,1.2253723,70.34403,69.08744,-25.132765,33.431633,0.52378887,0.56040186,0.23122044,0.5530529,0.750899,0.5196786,4.9456315,2.3743408,5.265212,1.3890052,0.2013209,0.67492396,27.670862,0.45741215,-0.57233953,-20.402496,-2.3084996,-7.7749667,-31.539606,-0.36752188,0.027327491,1.7291602,0.9728555,0.7197661,8.752857,0.39773133,7.2693305,1.4316591,32.171303,0.24770887,816.1202,0.20757061,1393.5741,0.18118393,-40.463783,-1.8343688,1841.3092,0.10549462,1282.4056,0.37309092,-50.59553,-1.2866161,2877.2852,0.0570665,875.0928,0.34761146,-55.191597,-1.1475672,-16.471659,-0.39008898,29.414865,0.27833262,0.0818872,0.229828,-0.022279453,-0.4056235,0.24597889,0.5150473,30.80718,0.31458816,-3.135407,-3.7060916,-2.2352931,-7.50069,-35.395298,-0.2716078,-10.410202,19.018295,0.046596922,-0.011264981,0.07619061,3.0303032,3.1914895,0.24666665,0.04784233,0.046666663,0.012472191,-25.493835,12,8,34,SPEAKER_01,266.833333,267.833333,266.833333,267.833333,1,1.0,disengaged
37.371685,0.08140178,34.894897,36.912292,39.460922,4.566025,236.13452,233.90721,179.94615,492.9865,0.45772138,0.8685854,0.08542199,0.40462875,0.79144984,0.70602787,8.9011545,4.743159,4.962862,3.0307908,0.19068038,1.1083039,18.24394,1.0080993,8.828533,1.1588199,-4.6346474,-3.099307,-27.173775,-0.70414287,0.016146718,1.1409354,1.1361173,0.85673475,8.855714,0.42294455,5.208286,1.781488,30.280136,0.37129155,726.85846,0.2567571,1364.3679,0.16476946,-73.19555,-1.2155687,1782.238,0.14199196,1177.1146,0.29882678,-79.31283,-0.9834764,2868.5845,0.08212415,994.3181,0.40648744,-82.87816,-0.91049165,-15.69262,-0.593487,26.954327,0.44290707,0.070221275,0.29873353,-0.024630679,-0.7657362,0.25859687,0.85338235,24.953732,0.49794912,7.1067295,1.3758987,-6.1349454,-2.374296,-34.056553,-0.4998052,-4.51669,12.73601,0.05026962,0.007724724,0.039966535,2.9754205,2.607562,0.255,0.18653417,0.11473684,0.071404584,-25.95371,12,8,35,SPEAKER_01,267.866667,282.733333,267.866667,282.61971875,7,7.7499267500001,engaged
35.578106,0.08678278,32.65967,35.616623,39.15644,6.496769,197.92683,80.42251,108.9662,165.91368,0.2051022,0.79748076,0.07909531,0.14783554,0.35036024,0.27126494,3.128049,0.98123205,2.868404,3.23143,0.08880457,1.2303157,14.211399,1.6276938,15.220186,0.78754324,0.5304127,30.67068,-13.396902,-1.1903249,0.039121926,1.449737,1.2763774,0.6446497,7.459295,0.54778737,10.3864565,1.0223521,32.472702,0.30158713,772.0658,0.28159925,1406.6451,0.19454099,-82.883705,-1.057225,1840.2482,0.13465813,1322.2754,0.21141045,-92.68548,-0.823727,2871.7876,0.07894205,971.9798,0.15328668,-94.11865,-0.7945569,-19.873014,-0.5491779,33.752216,0.30942672,0.055273563,0.3162478,-0.014359691,-1.4119259,0.12633263,0.95193267,27.16804,0.4811386,15.375475,0.8148974,0.47166336,40.463783,-18.312284,-0.8751647,1.5419401,5.390619,0.04990177,0.018487765,0.028206658,2.7972028,2.8985507,0.21249999,0.11053845,0.107499994,0.056734025,-29.90652,12,8,36,SPEAKER_01,282.766667,285.466667,283.32846875,285.466667,2,1.4463232499999208,disengaged
38.035336,0.11810916,35.195114,37.276073,40.66123,5.466114,175.5664,194.82123,74.83889,55.15064,0.3206656,0.9936516,0.08038032,0.22239845,0.5068589,0.42647856,6.0795803,4.017207,4.0992556,3.0652356,0.16559286,1.2595041,15.942592,1.3584825,6.2733765,2.5155282,-5.0684433,-3.4329383,-13.846197,-1.2612904,0.0346929,1.5821402,1.3822752,0.74745405,8.078466,0.5079836,10.083579,1.3602831,30.128183,0.37033728,800.73535,0.2396484,1385.033,0.15823726,-90.30351,-1.0287083,1863.5797,0.120356046,1256.0289,0.2823319,-93.84544,-0.8787434,2908.0793,0.08113464,1046.0381,0.25771496,-96.903625,-0.82585585,-16.569464,-0.81448656,32.211018,0.3511237,0.061377842,0.32085612,-0.015597633,-1.3259869,0.2365271,0.9604502,26.896177,0.47570893,4.1472683,4.1498103,-4.5189214,-4.1179495,-21.275908,-0.8042262,-1.7372137,11.803415,0.03716958,0.018961785,0.058105536,2.7510316,2.773925,0.2095,0.10012367,0.14444445,0.13512225,-25.72114,12,8,37,SPEAKER_01,285.5,295.633333,285.5,295.633333,5,7.28145799999993,engaged
39.77057,0.13267514,36.67035,38.06732,46.232887,9.562538,119.44609,146.35277,72.275375,99.83013,0.59625894,1.1013087,0.12888134,0.40091312,0.81586653,0.6869852,8.720758,7.427232,7.2067885,6.50752,0.26069677,1.1947213,19.355034,0.83771175,2.0870697,8.822426,-2.0256045,-9.688469,-19.544512,-0.9519128,0.021456255,1.3926399,1.2346365,0.75036234,9.195337,0.4517683,10.060404,1.3275014,24.195518,0.6007494,807.76215,0.25656515,1313.2595,0.19584492,-60.013775,-1.325035,1879.2552,0.12272018,1109.0698,0.31836042,-65.26834,-1.0886077,2902.2527,0.07916547,1014.184,0.32111505,-68.02387,-1.0200568,-15.191918,-0.77266556,27.891016,0.47693336,0.06423092,0.39283356,-0.01460884,-1.1590705,0.32154587,1.0180423,22.604404,0.59699976,0.31313065,61.21341,-2.325913,-8.855269,-23.93175,-0.71814364,-6.106169,16.734007,0.04556266,0.013216344,0.05404301,2.5359838,2.2008252,0.34281248,0.46786895,0.09633333,0.109406985,-20.708353,12,8,39,SPEAKER_01,296.3,338.333333,296.55846875000003,338.333333,6,14.606114250000019,engaged
39.231476,0.11256053,38.240406,39.21879,40.915295,2.6748886,9.700409,8.424493,48.015358,0.0,0.27321774,0.69612586,0.07575662,0.2725543,0.45563614,0.37987953,2.2537704,1.4313432,2.243378,2.100807,0.07691549,0.86805123,28.81771,0.34443015,7.89225,1.2247845,-8.15527,-1.4184797,-25.784615,-0.7647484,0.021903044,1.980527,0.81289166,1.2427967,11.303868,0.34920767,9.359231,1.2962506,35.521896,0.313271,786.0367,0.16868992,1340.3967,0.1594157,-53.56699,-1.5091885,1886.1216,0.103039384,1226.9581,0.20660433,-67.43891,-0.9551766,2937.4824,0.074510776,1025.3951,0.27808076,-71.0434,-0.8789827,-22.352272,-0.34087226,37.448593,0.18482624,0.05745181,0.3381683,-0.027927443,-0.7496495,0.083207674,0.723678,32.062935,0.2203767,7.1118703,1.444872,-10.522452,-1.0269707,-30.38976,-0.57087463,-13.076541,25.484905,0.0369718,0.005828291,0.05974106,2.9411764,2.0100503,0.39,0.07648529,0.0875,0.035619516,-31.813026,12,8,39,SPEAKER_00,296.3,338.333333,330.56159375000004,337.90221875000003,3,2.058750000000032,engaged
37.534523,0.09513752,35.99587,37.20208,38.23058,2.2347107,470.55225,961.94543,89.00434,121.66138,0.19312511,0.6778756,0.05999221,0.17523992,0.3112899,0.2512977,3.383922,2.0887141,2.4570296,1.3637077,0.0892838,1.0418073,20.434156,1.0352238,18.666986,0.60170674,6.7211967,1.8568264,-4.039505,-3.208196,0.016172096,0.9711337,1.3582869,0.7903837,10.1779,0.3776793,17.406252,0.57217634,35.600494,0.33081666,776.05963,0.26873413,1407.6421,0.17353621,-93.68382,-0.8802316,1895.684,0.1066148,1213.1143,0.24862224,-98.2914,-0.74100035,2964.4714,0.076480284,1086.8472,0.23215143,-100.532005,-0.70445913,-24.463226,-0.49861947,35.621742,0.3698242,0.059066053,0.3511727,-0.014094181,-1.1016089,0.12527525,0.7625499,30.905615,0.47744468,17.622564,0.65850836,9.473155,1.412084,-9.493332,-1.2169536,-7.710137,14.443579,0.041238446,0.012246224,0.02615803,4.4410415,3.3950617,0.17681818,0.16405061,0.11777777,0.084758185,-28.677223,12,8,40,SPEAKER_01,338.366667,346.633333,338.366667,346.633333,2,6.545415999999989,disengaged
38.67532,0.124697804,35.425003,37.859715,40.587276,5.1622734,359.0332,644.7778,65.39609,136.15602,0.33726013,0.95804125,0.07755857,0.2467678,0.52710724,0.44954866,6.299227,5.692382,3.8196201,2.600108,0.15018192,1.1803764,18.759586,1.1151489,8.199029,1.889641,-5.6742597,-3.0858073,-18.2398,-1.0690523,0.02193623,1.5148964,1.2793437,0.80037767,9.249099,0.46790242,10.238903,1.1693183,32.225872,0.38410884,786.91595,0.2512067,1380.7526,0.18018234,-81.485664,-1.0948994,1869.394,0.13362817,1170.676,0.27217358,-85.1243,-0.9148025,2928.0364,0.08167194,1056.5815,0.29921782,-88.617676,-0.84680533,-18.737383,-0.60591686,32.177658,0.39263004,0.0624212,0.32446975,-0.020175267,-0.8857773,0.20277163,0.91199756,27.392996,0.5324169,6.413806,2.4268925,-5.293643,-3.5379372,-25.14617,-0.6952158,-3.830135,12.593117,0.041721426,0.0144617865,0.04283299,2.6887872,2.9850745,0.21442308,0.2049992,0.11282609,0.11897504,-25.987782,12,8,41,SPEAKER_01,346.666667,371.066667,346.666667,371.066667,7,17.49812500000013,engaged
39.196625,0.09447947,37.300568,38.38548,40.070576,2.770008,71.62852,89.66107,47.04721,27.08676,0.8312078,0.77499336,0.33760324,0.57233196,1.4251565,1.0875533,20.95068,18.543846,7.889749,4.7112494,0.48629025,1.3848941,16.934803,0.7750494,2.8551898,4.9301434,0.6297822,24.74904,-14.898795,-0.987151,0.024530023,1.5606481,1.3517511,0.6996186,7.678276,0.6280288,4.528118,2.6130292,18.611542,0.7073832,841.75745,0.24585593,1305.3243,0.20613423,-83.6193,-1.0249603,1856.3864,0.1200717,1139.6431,0.27079523,-80.67295,-0.95147264,2864.4758,0.09439786,978.10675,0.25205162,-81.742676,-0.9319621,-14.733912,-0.78598225,24.74341,0.59077907,0.041532375,0.46466526,-0.018879948,-0.6797662,0.57379436,1.2736317,19.912678,0.6495418,3.2562678,4.482419,0.27441403,61.980232,-17.009708,-0.9580727,-6.7877746,13.729417,0.015665669,-0.008772235,0.36043215,4.0,2.994012,0.22,0.122800656,0.089999996,0.09715966,-19.636013,12,8,42,SPEAKER_01,371.1,373.366667,371.1,373.366667,3,1.760417000000018,disengaged
36.584114,0.04921391,34.916042,36.45096,38.511864,3.5958214,62.31456,97.19447,25.093903,20.849134,0.3446699,0.75406474,0.10184058,0.30067566,0.5938323,0.49199173,5.3561153,2.5786881,4.1587744,2.3917956,0.15155518,0.8997767,22.144482,0.7840853,14.67732,0.916399,4.504934,3.5609708,-17.910984,-1.1141967,0.017178537,0.82573175,1.2489394,0.8249988,9.5370655,0.35049096,8.641235,1.3134352,30.883476,0.3405371,764.74414,0.24292885,1378.522,0.17831738,-71.37721,-1.1609293,1892.5048,0.122269325,1141.9275,0.2711115,-81.427284,-0.8773545,2924.273,0.077832974,969.2127,0.3298752,-82.37448,-0.8596528,-21.254663,-0.5208915,31.72592,0.38249603,0.05809445,0.34545296,-0.024736753,-0.77282065,0.19614582,0.68676615,27.795586,0.43042365,14.799733,0.94269645,5.982606,2.9176114,-23.502249,-0.8202164,-7.6334176,15.740234,0.038427677,0.0067464253,0.040474154,3.1914895,2.7348394,0.2526087,0.14632356,0.11157895,0.08449622,-25.319504,12,8,43,SPEAKER_01,373.4,388.6,374.47034375,388.6,6,8.476531250000107,engaged
39.895344,0.118411854,36.41883,38.12323,43.15336,6.7345276,116.423004,131.4345,56.21835,27.01154,0.42470407,0.9997488,0.10875174,0.26742837,0.7549045,0.6461528,7.881784,7.6022797,7.770289,6.582302,0.20517437,1.285918,12.613163,1.6098969,13.511541,1.0795712,14.213742,1.2653204,-16.225206,-1.2509574,0.01856093,0.7947876,1.062392,0.638705,10.010462,0.37928694,17.815258,0.47050214,26.231056,0.6454365,783.1857,0.27939335,1394.3518,0.2182856,-89.139534,-0.9054756,1942.3121,0.09505725,1053.9447,0.46192893,-88.42702,-0.8046317,2918.4004,0.07679286,1147.467,0.33253485,-86.4195,-0.84308684,-21.10167,-0.59436196,29.04884,0.5438698,0.06731582,0.38219187,-0.02234126,-0.69169337,0.26542658,0.998466,21.294744,0.67783976,14.329991,1.1123388,15.701497,1.030953,-20.36543,-1.0310191,0.9653461,6.360081,0.04719031,0.008028153,0.09429355,3.783784,3.3333335,0.19666666,0.11556624,0.08333333,0.05962848,-25.365383,12,8,44,SPEAKER_01,388.633333,390.5,388.633333,390.5,1,1.8666670000000067,disengaged
38.152134,0.09699399,35.18724,36.20094,43.014866,7.8276253,72.93874,51.62441,36.262676,12.542371,0.6637865,0.8307099,0.17615697,0.45050338,1.2276629,1.0515059,9.998065,8.7929325,5.0313473,6.658552,0.2693778,1.0840137,5.5977316,3.1728358,-0.9047106,-17.499908,-2.0954664,-7.868181,-29.435028,-0.43611175,0.015739571,0.8371309,1.1288837,0.47873515,7.214148,0.47382367,6.840856,1.4913834,23.254236,0.37996435,778.8792,0.22403727,1327.4592,0.19741243,-78.1219,-1.1916378,1871.9747,0.12161619,1075.3597,0.4892356,-82.748665,-1.0189768,2808.8623,0.08803128,893.44525,0.36616558,-81.87061,-1.0365301,-9.537902,-0.8844883,18.466703,0.4579459,0.066591516,0.29056457,-0.01927326,-0.7629839,0.38306552,0.83675003,14.588203,0.6162748,0.23539716,78.27209,0.5866086,33.17799,-35.962803,-0.29967493,9.748566,-1.1975456,0.046087664,0.02211858,0.090825625,2.3622048,2.4590163,0.25333333,0.044969123,0.13333333,0.08576453,-23.490057,12,8,46,SPEAKER_01,392.233333,394.466667,392.233333,394.466667,2,1.2883339999999066,disengaged
38.441723,0.115690306,34.91897,37.363274,42.132664,7.2136955,80.35978,89.04173,59.931503,77.095604,0.63851696,0.77422345,0.1852963,0.52998775,1.0550829,0.8697866,10.909529,6.8161397,5.352022,3.499124,0.28022188,0.9442335,19.598265,0.7079626,-1.0904797,-13.380097,-10.152187,-1.4796716,-26.872076,-0.63600653,0.024073726,1.5836183,1.2542502,0.75538033,8.154866,0.46243072,5.268729,2.2160003,25.225376,0.42051733,762.5845,0.24917498,1359.8451,0.15277241,-46.435738,-1.6912273,1795.1278,0.12553632,1143.9415,0.28702423,-54.83185,-1.2723404,2861.1335,0.07415788,967.92017,0.42385688,-59.656277,-1.1210905,-13.523626,-0.6405578,25.046535,0.37347928,0.0651959,0.329264,-0.020570736,-0.8030589,0.31861252,0.7851849,22.750061,0.44092384,-2.8435457,-5.2035184,-10.291972,-1.4740596,-31.153519,-0.48917305,-5.303741,14.954237,0.04785327,0.004095307,0.12688318,2.818706,2.2493575,0.34514284,0.275135,0.08966666,0.071156316,-23.878323,12,8,47,SPEAKER_01,394.5,418.666667,395.71596875,418.26096875,8,15.626249999999914,engaged
37.842506,0.028041646,37.29335,37.697025,38.299534,1.0061836,77.42288,51.51678,29.240585,1.9927874,0.47671217,0.4348879,0.3500683,0.4872223,0.6157855,0.26571718,4.5698614,2.7311041,3.275528,1.4435134,0.27005586,0.5212321,29.884197,0.3738272,14.439512,0.74854165,4.7123065,2.2395062,-21.219831,-0.54572064,0.022351583,1.1353256,0.9808201,0.61202854,10.584512,0.38305423,13.923799,0.87872165,33.06599,0.2505049,795.62756,0.1794799,1434.5544,0.19777732,-41.170147,-1.2227544,1927.6268,0.086332224,1174.0853,0.18348636,-56.28207,-0.76529384,3013.561,0.054834425,1051.7772,0.25192243,-58.817055,-0.71603405,-27.308813,-0.2441604,39.531334,0.19623962,0.06451599,0.26068395,-0.027936943,-0.39315304,0.29411465,0.41645426,33.687565,0.13675238,16.381374,0.5807374,6.32208,1.6176759,-21.108538,-0.51532036,-9.325339,17.525553,0.042975273,-0.002868007,0.18903673,4.761905,2.0,0.44,0.42,0.023333332,0.0047140447,-22.098682,12,8,49,SPEAKER_01,420.033333,421.166667,420.10034375,421.166667,1,1.066323250000039,engaged
35.31148,0.032198228,34.27547,35.167633,36.322845,2.0473747,41.321358,47.307034,6.0881534,13.950434,0.4233251,0.6800576,0.15328832,0.38430104,0.64971936,0.49643105,7.4990587,2.869692,5.264139,1.9545659,0.16801193,0.642109,23.579142,0.4590376,13.81811,0.6847332,12.409697,1.2709055,-23.088049,-0.7395996,0.017173773,0.9678503,1.2036227,0.5701143,8.624334,0.27059728,7.2771883,1.4102786,28.06481,0.25793955,623.9782,0.20883313,1374.4497,0.120836064,-44.071583,-1.685715,1787.5297,0.10796237,1000.4949,0.30100226,-57.740414,-1.0984828,2819.1484,0.052235287,910.0626,0.51017463,-58.494934,-1.0733734,-17.847399,-0.34444624,25.402254,0.31881744,0.06346133,0.40179664,-0.025297381,-0.5394392,0.18246292,0.51115084,24.440565,0.37922707,13.1711445,0.7668997,13.552614,1.2686603,-27.763,-0.5684176,-15.899399,23.267738,0.02122749,-0.0039438256,0.08806212,5.050505,3.1746032,0.24666665,0.18499248,0.055999998,0.04454211,-27.768314,12,8,50,SPEAKER_01,421.2,423.5,421.2,423.5,2,1.996249999999975,disengaged
40.501072,0.13156332,35.442024,38.898518,45.894077,10.452053,103.91221,110.076126,98.32668,97.12278,0.6667698,0.90593237,0.14710653,0.49427155,1.2130764,1.0659698,9.272045,6.05284,6.238286,3.3545356,0.26011634,1.0086995,16.413052,0.86176944,4.951089,3.3535519,-1.1433877,-13.360654,-25.706038,-0.78357416,0.02667602,1.8202891,1.1048357,0.8619927,9.978495,0.41335,12.981153,0.97635156,22.29962,0.5777074,792.8658,0.22615689,1326.5203,0.21935077,-59.237656,-1.3367544,1917.9231,0.1202358,1012.2426,0.38920772,-66.04745,-1.0516274,2890.1064,0.07902136,974.07983,0.31506824,-65.43451,-1.063998,-16.558598,-0.5960611,25.156128,0.49062943,0.06491222,0.37066934,-0.020469021,-0.7325293,0.30982596,0.8632774,18.562103,0.72155756,4.1348553,4.2148113,-0.53196543,-29.831738,-29.475653,-0.65816444,-8.321808,16.84035,0.052938562,-0.0009817911,0.10009447,2.7685494,2.3385303,0.32333332,0.26195845,0.084285714,0.06059793,-21.133804,12,8,51,SPEAKER_01,423.533333,435.9,423.533333,435.9,5,9.042291999999861,engaged
36.651176,0.06725186,35.292248,36.262592,37.83003,2.5377808,260.41284,263.9184,22.196032,24.83666,0.34753668,0.6708477,0.11532354,0.31160897,0.57643473,0.4611112,4.6752706,2.4734435,3.453805,2.1324618,0.13021755,0.82294744,15.653445,0.9740855,12.339416,1.4722127,5.2639055,2.3718832,-18.487932,-1.0022666,0.025075119,1.1507186,1.3934495,0.6761317,7.814529,0.47736898,13.01312,0.9742916,28.094225,0.5439134,717.073,0.25019753,1313.3809,0.12820818,-59.600334,-1.3303406,1881.5168,0.10203081,1020.1792,0.2057536,-70.76625,-0.9783349,2857.3625,0.06858185,972.0175,0.42115405,-70.51729,-0.9808509,-16.470934,-0.7714661,25.519075,0.44084275,0.06907187,0.3233866,-0.01901553,-1.0985817,0.16533437,0.6211297,20.76149,0.58331287,12.638764,1.5306277,7.504644,1.6479315,-23.779724,-0.70021486,-5.1705675,12.529566,0.051873785,0.012952909,0.028455606,4.8913045,3.3707867,0.21499999,0.07762087,0.0925,0.08377798,-29.321745,12,8,52,SPEAKER_01,435.933333,438.433333,435.933333,438.433333,2,1.8587499999999864,disengaged
38.715927,0.20415756,33.906307,36.281013,38.357243,4.4509354,121.53204,103.77462,121.71295,79.69181,0.25029564,0.8005861,0.072887175,0.17868406,0.4234091,0.35052192,4.1952596,3.0180032,2.2780814,2.596765,0.10382239,1.59248,10.629625,2.462071,13.59163,0.8037785,5.8639965,3.243735,-12.303293,-1.48544,0.021659758,1.0222952,1.4342875,0.5567083,6.883642,0.7432141,11.970222,1.1165353,26.770433,0.48765624,655.8914,0.34693387,1323.3785,0.20579122,-88.45972,-1.0203472,1785.8477,0.13100366,1063.0088,0.2717565,-87.35371,-0.9029647,2798.1792,0.09198251,1069.4943,0.35762537,-86.484924,-0.8972202,-13.934783,-0.9954889,23.967508,0.680554,0.05676502,0.3652042,-0.012887428,-1.773579,0.114102826,0.9902707,18.80351,1.1838424,12.418973,0.86713815,8.938959,2.3639684,-17.889578,-1.0466306,1.6177355,4.5472465,0.039503183,0.013007846,0.03400903,2.542373,3.9130435,0.15666667,0.12525529,0.078888886,0.0495411,-28.86098,12,8,53,SPEAKER_01,438.466667,441.5,438.466667,441.5,2,2.3752079999999296,engaged
35.65816,0.10672587,34.559162,36.280697,38.009148,3.4499855,170.10098,86.237465,46.539993,62.167015,0.24323843,0.8994495,0.040795635,0.18735044,0.4094594,0.3686638,4.081552,1.7368808,3.3620336,2.5404358,0.12600966,1.2013417,14.378367,1.4153153,15.091186,0.8678331,8.082334,2.0000656,-5.8962965,-2.8557472,0.040686987,2.2155745,1.4879527,0.68940014,7.739753,0.54561204,12.03913,0.91597235,29.292347,0.34374428,744.71545,0.27690256,1397.914,0.18509233,-90.802956,-0.9559176,1861.4619,0.113058195,1109.5571,0.34097964,-94.83111,-0.8180683,2913.5303,0.08668821,1065.2256,0.27326664,-96.77488,-0.78263193,-19.403563,-0.688895,30.740164,0.4441391,0.056979418,0.35061753,-0.014593045,-1.6320008,0.17539905,0.8054734,24.490658,0.5822525,15.097834,0.9311152,9.049083,2.1150193,-13.00471,-1.2707348,-3.219661,10.97478,0.035541493,0.022967137,0.043688595,4.057971,3.254438,0.18363635,0.16471864,0.13875,0.12975337,-27.441229,12,8,54,SPEAKER_01,441.533333,445.0,441.533333,445.0,1,3.4666669999999726,disengaged
36.138977,0.08022825,34.261185,35.680336,37.495544,3.2343597,185.61151,350.04633,51.391445,87.91588,0.36607057,0.8565155,0.07851505,0.30691934,0.62371576,0.5452007,6.320296,3.904225,4.4483128,2.85437,0.14521271,1.0543007,21.493868,0.83066696,10.053419,1.1690229,-1.0765212,-14.254861,-20.608904,-0.9051023,0.01780389,1.1937207,1.2359006,0.8282724,9.048727,0.38096246,5.141383,2.2033067,31.180695,0.2983374,727.81976,0.24807607,1381.3593,0.15182781,-70.16078,-1.2415322,1812.4485,0.13148013,1160.557,0.27445975,-79.476295,-0.96531487,2892.265,0.07501254,954.765,0.36093152,-83.19837,-0.8892296,-18.045134,-0.5287967,30.657846,0.33557576,0.06595792,0.32518297,-0.025156548,-0.71377087,0.18848488,0.8286113,28.83788,0.39794543,9.610724,1.2274921,-1.8696862,-8.85412,-26.415318,-0.644573,-6.2457623,15.083084,0.043888923,0.009247206,0.046942335,2.8370516,2.6226323,0.25527778,0.21338303,0.11670103,0.16488497,-26.86346,12,8,55,SPEAKER_01,445.033333,506.0,445.033333,506.0,14,41.25666699999999,engaged
37.804768,0.24449363,30.099173,37.884148,43.227386,13.128214,133.13304,61.21317,381.98712,596.9787,0.3347908,0.54329133,0.16149364,0.34016627,0.48039904,0.3189054,3.3941848,1.6253697,1.8671567,1.2989522,0.12873375,0.70385206,27.028412,0.27057716,6.2056684,1.8343986,-2.7012103,-5.880494,-35.168835,-0.55894923,0.04356501,1.0449169,1.573736,0.90101296,8.7672615,0.56686705,7.894799,1.7747719,22.44736,0.41801992,855.0433,0.1589274,1361.5825,0.16191156,-49.685436,-1.5479025,1998.3763,0.06707748,1072.5171,0.25546739,-59.60046,-1.0635461,2959.77,0.051668804,944.50037,0.23918611,-58.549973,-1.0953041,-23.862623,-0.26037508,34.007496,0.23672855,0.070833385,0.42126903,-0.03663101,-0.5839631,0.12345395,0.61100906,26.851925,0.2358462,5.553508,2.1776087,-1.6389128,-10.089991,-36.781147,-0.53850406,-21.212711,32.32465,0.07898279,-0.03665843,0.1692296,3.097345,3.181818,0.24571428,0.21559599,0.058333334,0.027335364,-29.183168,12,8,55,SPEAKER_00,445.033333,506.0,470.9784687500001,486.52034375000005,7,2.278124999999932,engaged
38.333595,0.103632376,36.727436,37.428715,38.3395,1.6120644,69.011215,96.348495,35.01765,33.064533,0.3296553,0.8160461,0.08900367,0.24143696,0.5639797,0.474976,4.648878,3.955255,4.9803257,3.311609,0.14044087,0.9200457,15.891548,0.8312985,9.961141,0.9616861,10.213306,1.5048716,-17.24919,-0.8482665,0.021250205,0.87398916,1.7586994,0.61845756,7.1965647,0.5605854,13.46889,0.96310914,26.606401,0.35112312,703.43567,0.26179075,1410.9584,0.19774492,-105.840515,-0.8654262,1832.1564,0.1139317,1127.5079,0.48315448,-105.65587,-0.7793402,2829.5195,0.079090945,991.2629,0.26285347,-106.55965,-0.7630118,-14.145566,-0.5887033,21.82184,0.42010462,0.058032043,0.40699568,-0.018909324,-0.899644,0.20174827,0.6339368,20.76384,0.5824653,8.581938,1.3340752,10.517834,1.7844628,-24.273573,-0.5340497,-8.500007,14.704749,0.034727376,-0.0016529682,0.06435335,4.029304,3.7313435,0.13499999,0.15602884,0.12444445,0.06718318,-29.717064,12,8,56,SPEAKER_01,506.033333,509.566667,506.033333,509.566667,2,2.74020900000005,disengaged
37.005913,0.11827696,35.15537,36.301727,37.287994,2.1326256,93.044624,47.122196,10.34243,4.3869157,0.3380163,0.928606,0.07156366,0.21206702,0.6388088,0.5672451,5.882346,4.639895,3.12537,1.4031665,0.12926053,0.9549824,22.373575,0.72957784,9.52269,1.1511797,5.241654,2.0265172,-19.679167,-0.83322155,0.016370721,0.8794792,1.6672821,0.73165995,8.2255335,0.4083003,6.376493,1.9466747,28.55319,0.35893437,690.1377,0.22646922,1370.0043,0.15719208,-87.17676,-1.0549859,1773.6357,0.10518089,1150.3583,0.2628839,-92.234406,-0.88116074,2809.691,0.07667517,911.0175,0.34617987,-93.608795,-0.8462034,-17.74169,-0.5578319,26.52858,0.4110729,0.06175959,0.33797717,-0.022588504,-0.67653733,0.17873538,0.7207829,27.670752,0.49218,6.2326636,1.8023422,5.734324,1.961117,-24.485111,-0.57046324,-12.218838,20.204447,0.04628024,-0.00490751,0.051762868,4.034582,3.264095,0.1809091,0.14368238,0.12666667,0.1356466,-28.77637,12,8,57,SPEAKER_01,509.6,514.233333,509.6,514.233333,4,3.485832999999843,engaged
42.449524,0.11001276,39.36951,41.610764,47.202576,7.833065,40.389614,40.50295,135.0125,144.39655,0.6237321,0.7040078,0.18454218,0.54289675,1.0097349,0.8251927,7.4057374,3.3274286,4.69753,2.9084313,0.2554366,0.9212519,15.819744,0.6320514,1.1535414,10.911841,-6.991202,-2.8300118,-33.939014,-0.5821444,0.025471581,1.298146,1.2128285,0.97775954,9.856696,0.35671163,14.335138,0.6949877,26.532267,0.38374388,810.06824,0.17091055,1211.5771,0.1587691,-39.621376,-1.7593067,1899.8572,0.09878277,919.4426,0.39676124,-50.979885,-1.1646017,2932.2388,0.057578444,808.1055,0.29961517,-52.65989,-1.1172063,-14.675367,-0.4424115,23.446095,0.3257215,0.06777712,0.3008016,-0.024524193,-0.6885504,0.29027382,0.81858563,17.86184,0.413765,-0.56736827,-22.81765,-7.6795936,-2.6897292,-38.344784,-0.4448552,-7.7014465,14.95783,0.048121683,0.0085006235,0.049172983,3.3519554,2.8901734,0.28399998,0.16169105,0.099999994,0.0,-23.26411,12,8,58,SPEAKER_01,514.266667,516.066667,514.266667,516.066667,1,1.8000000000000682,disengaged
42.67286,0.13607743,36.91725,42.680054,48.729553,11.812302,206.95929,160.92336,61.12064,48.3417,1.1209816,0.7718918,0.47503915,0.82423764,1.6047667,1.1297276,14.456091,9.145828,8.759885,5.490435,0.6388065,1.1991804,10.329424,1.4110011,-0.5945266,-31.221891,-6.870899,-2.105448,-27.886896,-0.7220178,0.021732446,1.4773409,0.98946047,0.6889423,8.740583,0.4869202,8.748028,1.4354267,15.896065,0.84737337,880.76447,0.20995413,1163.9536,0.20004849,-69.47046,-1.2254343,1978.7423,0.12230879,1010.6381,0.3790287,-73.5759,-1.05239,2959.578,0.06792735,895.27045,0.33444434,-73.42431,-1.0548435,-10.043155,-1.1885817,20.401337,0.6707729,0.075977325,0.31176266,-0.016723806,-1.2401549,0.7104765,1.0748651,12.883064,1.0610955,-2.1690738,-8.869799,-6.054105,-2.365788,-29.758255,-0.70960766,-4.4050965,12.77376,0.0687367,-0.013489595,0.47154585,2.3593469,2.7472527,0.25,0.17193021,0.114999995,0.0904157,-17.303898,12,8,59,SPEAKER_01,516.1,523.466667,516.1,523.466667,4,5.5272919999999885,engaged
37.180195,0.031393453,36.262325,37.155495,38.103115,1.8407898,64.62133,27.768044,28.976883,20.92545,0.26782054,0.8310161,0.083500616,0.20003803,0.49613726,0.41263664,4.533044,2.7682283,2.860813,1.3708545,0.15617329,1.1478257,21.440695,0.761764,18.69331,0.5794625,7.731671,2.115836,-5.726721,-2.996963,0.025228143,0.8240372,1.3905916,0.72031426,8.808855,0.4534591,15.785621,0.4237128,31.452993,0.25488198,841.7477,0.2490869,1431.4691,0.17082095,-90.007126,-0.8644554,1964.615,0.08630671,1299.7167,0.21735983,-93.79012,-0.7324083,2969.6091,0.06481798,1113.0255,0.30424356,-94.3724,-0.7243157,-28.339672,-0.2641144,38.820034,0.24194008,0.055658292,0.5523773,-0.014290708,-1.3089693,0.20366079,0.93229896,27.729595,0.35251123,22.108484,0.29747632,13.147922,0.776389,-7.4366927,-2.0268989,-9.597622,17.997742,0.04653148,0.015895765,0.051505893,2.5210085,3.6363635,0.1775,0.1042533,0.099999994,0.029439203,-24.005886,12,8,60,SPEAKER_01,523.5,524.7,523.5,524.7,1,1.2000000000000455,disengaged
37.86927,0.08893858,35.971336,37.296738,38.845684,2.8743477,185.819,282.91934,64.34298,135.95813,0.32110116,0.7702276,0.09166725,0.27731934,0.53885835,0.44719112,5.8871727,4.265478,3.7016356,2.029646,0.16253035,1.0616091,22.359873,0.6748428,11.474281,1.3262963,-0.37473857,-49.443542,-14.7598715,-1.146021,0.02130731,1.2538444,1.3655825,0.7529664,9.546888,0.37751603,9.892137,1.268866,29.36408,0.35343367,779.22565,0.27336767,1369.817,0.17479602,-76.431625,-1.0810754,1870.2136,0.14442153,1221.8049,0.2529064,-82.1889,-0.87917763,2921.1184,0.0837156,1046.1814,0.31315964,-85.40947,-0.8173736,-18.793186,-0.740884,33.90661,0.3678664,0.05464407,0.42915034,-0.013125035,-1.3769237,0.20773606,0.8327474,27.545925,0.43739012,11.793978,1.3848237,1.7760968,10.727762,-17.92241,-0.95189303,-6.7308908,18.476591,0.044583134,0.010246953,0.05298297,3.9016116,2.7280478,0.25125,0.17495981,0.10482758,0.09835267,-24.512793,12,8,62,SPEAKER_01,529.233333,541.966667,529.28159375,541.966667,6,11.807573250000019,disengaged
38.40594,0.10712462,35.343807,38.257614,40.934822,5.591015,186.30716,297.27307,49.291348,56.300564,0.41199768,0.8865647,0.05852627,0.3449715,0.7131864,0.6546601,7.358055,4.868844,4.635377,2.9552212,0.14609103,1.0994786,16.421005,1.1746542,6.240193,2.4405575,-3.2333963,-5.0705576,-25.06052,-0.7490512,0.02096417,2.2161772,1.0559337,0.9813899,9.799942,0.40622276,7.3505254,1.4201986,29.950678,0.3535918,735.2451,0.25724053,1349.4531,0.17679414,-79.420555,-1.157328,1826.6509,0.13631786,1140.3077,0.30761474,-85.17102,-0.95580393,2873.127,0.07360573,962.1078,0.40339497,-87.93337,-0.8973886,-15.445037,-0.65255535,26.664583,0.4208269,0.06372624,0.31227273,-0.02560369,-0.72572654,0.20117883,0.8280287,24.491657,0.54423255,3.8409984,4.256415,-4.836534,-3.639001,-32.48132,-0.49959484,-4.0564494,12.31463,0.04665111,0.007904508,0.04398232,2.8388927,2.4946544,0.25114286,0.29228917,0.14387096,0.12071501,-26.872738,12,8,63,SPEAKER_01,542.0,560.133333,542.0,560.133333,10,14.100208000000066,engaged
35.434036,0.04804936,33.501774,35.877556,36.946274,3.4445,44.56105,18.525145,5.8333135,9.862138,0.26024568,0.68594605,0.11150888,0.20581086,0.4448506,0.33334172,4.281996,0.9823757,3.1719952,1.9082417,0.10811984,0.7958997,27.429098,0.48606038,9.3697,1.3002249,-1.9551314,-8.026971,-19.187227,-0.8747836,0.021874001,1.0385638,1.550473,0.5838972,8.212869,0.35505214,3.3274565,3.6738696,31.451326,0.2775648,803.6836,0.2611558,1286.895,0.17322873,-70.38053,-1.211199,1874.6854,0.13344868,1147.1697,0.25789875,-81.60599,-0.9237301,2902.24,0.073848814,987.05566,0.39363143,-84.9215,-0.85773915,-16.160404,-0.6885292,29.690903,0.36763838,0.056252353,0.33442527,-0.020172596,-1.0716078,0.12574822,0.738572,28.973545,0.5092291,5.6783733,2.2420685,-4.5967054,-3.790747,-21.86841,-0.7611203,-19.389198,28.14302,0.054913655,-0.011473586,0.06580049,3.6036036,4.761905,0.13399999,0.09810199,0.0725,0.03344772,-31.45238,12,8,66,SPEAKER_01,561.766667,563.5,561.766667,563.5,2,1.1258329999999432,disengaged
37.883064,0.10707895,35.94259,37.18966,38.649788,2.707199,86.69165,90.13378,50.910587,53.722473,0.49908754,0.7464666,0.13998845,0.44642937,0.8402768,0.7002883,7.495766,5.6804156,5.935191,3.27094,0.22084582,1.0648634,17.99934,0.97270364,9.356471,1.5426278,3.3504384,5.0589714,-21.198973,-0.9230762,0.019065605,1.3653957,1.137031,0.76004404,9.085139,0.41361466,12.774534,0.8260196,27.729414,0.40776077,766.9924,0.2666054,1341.1825,0.18949547,-55.16647,-1.3947461,1871.4845,0.124370396,1087.5073,0.3284952,-61.83484,-1.0952923,2874.2017,0.0800514,992.02045,0.4026066,-63.746964,-1.0475688,-15.92049,-0.72335887,26.371246,0.47735286,0.07372614,0.31844792,-0.019887257,-0.91168755,0.2622239,0.91648465,22.73248,0.5990353,7.3233166,1.9595689,4.6100483,3.919397,-26.4728,-0.6517009,-6.113131,13.879524,0.045723733,0.011438228,0.070201375,3.4188035,2.1520803,0.36066666,0.31815022,0.08928572,0.09338585,-24.510706,12,8,67,SPEAKER_01,563.533333,573.6,563.58846875,573.5615937499999,7,7.036875000000009,engaged
37.57285,0.07956814,35.911865,37.184753,38.5689,2.6570358,55.200405,56.356133,37.186394,41.488167,0.30394253,1.1469457,0.039637394,0.16604996,0.53073955,0.49110216,5.455451,4.371639,3.668358,2.4914088,0.12144051,1.3376151,21.084036,0.68800235,9.467716,1.374167,0.7645961,23.21266,-18.459572,-1.0135496,0.021453189,1.2757363,1.3852292,0.7420519,8.762346,0.39320716,10.047821,1.121403,29.671673,0.37161052,738.1664,0.2632021,1388.1696,0.17687947,-89.82483,-0.9958805,1819.906,0.12917276,1129.5077,0.3218242,-92.81116,-0.86030823,2873.507,0.08499788,994.3638,0.34001467,-95.094376,-0.822503,-16.83847,-0.57379955,29.06012,0.37292022,0.06511678,0.3508416,-0.016654747,-0.9711519,0.16967157,1.0258288,26.31159,0.41236553,7.177072,1.8801391,1.4235103,13.598222,-25.81001,-0.681789,-11.040454,21.934713,0.041357152,0.008594306,0.041599434,2.3373983,3.0612245,0.1935,0.1971702,0.13137254,0.1465287,-28.188242,12,8,68,SPEAKER_01,573.633333,790.566667,573.8315937500001,790.5234687500001,15,19.693125000000236,disengaged
39.75509,0.12121327,35.69056,38.313995,44.8229,9.1323395,249.2566,615.41327,144.87064,185.07611,0.13695644,1.1095668,0.027271157,0.083726436,0.21726228,0.18999113,2.79464,1.769503,1.7461684,1.7888647,0.036770117,1.1126837,21.717587,0.5978389,7.307926,1.8736422,-0.90638703,-17.992422,-15.549119,-0.99287546,0.03172547,1.2758764,1.5282849,0.6380591,8.385017,0.38407233,8.553675,1.5390255,28.83259,0.41811666,772.86615,0.24780524,1387.3126,0.19493805,-105.4737,-0.861739,1816.7941,0.12830853,1206.4385,0.27050585,-106.40328,-0.77128303,2866.9978,0.07684463,977.4824,0.31455296,-108.942924,-0.7298854,-16.387094,-0.49529606,30.841534,0.3101142,0.053846657,0.43124303,-0.011074134,-1.326176,0.055294905,0.7693607,28.35966,0.28278252,1.6473616,8.896361,-5.1816163,-3.5771072,-22.882647,-0.6420727,-11.530961,21.349022,0.039002124,0.00828588,0.015057279,2.5053687,3.2327585,0.15844443,0.14389741,0.14121951,0.13182019,-38.843376,12,8,68,SPEAKER_00,573.633333,790.566667,583.46721875,779.31846875,19,13.98937500000011,disengaged
37.160946,0.14119352,34.24871,37.575928,39.716866,5.468155,97.982346,83.92653,52.32772,26.182034,0.0759906,1.0859737,0.020851132,0.04859008,0.111628845,0.09077771,1.9800469,1.8062778,1.6297224,2.0027764,0.019840233,1.3802135,18.734694,0.7121572,13.137479,0.6936319,7.637725,1.7191573,-9.961573,-1.4533341,0.033208925,1.0139506,2.0323606,0.52898777,7.048107,0.4509097,12.515706,0.77608067,30.304905,0.366474,708.8261,0.2909193,1420.7222,0.15912837,-148.90979,-0.52330285,1792.922,0.14315046,1165.6854,0.32884637,-145.49973,-0.5092661,2829.7434,0.08311387,986.52515,0.32561505,-146.42155,-0.4981823,-17.20169,-0.48766404,28.223986,0.37973613,0.046615105,0.5198903,-0.012397784,-1.1850305,0.037288528,0.88579005,25.727262,0.43637916,9.767342,1.0657245,4.8137145,3.199054,-18.809649,-0.8758276,-12.612285,21.661797,0.02756391,0.006546113,0.011641947,3.058104,3.5303147,0.08021739,0.069108896,0.17723404,0.23582993,-45.60861,12,8,68,SPEAKER_02,573.633333,790.566667,586.52159375,783.01409375,16,13.095000000000027,disengaged
39.650562,0.08192751,37.70848,39.32597,43.065147,5.3566666,90.62712,87.70005,70.40291,64.83944,0.50987375,0.7051354,0.14329655,0.44556126,0.9323761,0.78907955,6.2671084,1.7915243,5.46283,3.7975638,0.1812267,0.7633908,19.25298,0.71669745,0.69586384,19.963194,-2.611461,-5.7934704,-25.714598,-0.65852225,0.022454713,1.0902737,1.1132561,0.55531096,8.212136,0.55503875,10.2959795,1.0648637,23.74092,0.41103998,731.9455,0.2640059,1381.1467,0.15997685,-59.103905,-1.3316728,1801.7401,0.12826745,1014.3289,0.3501675,-61.182785,-1.1599637,2888.6636,0.078325905,1005.7408,0.5542042,-64.02195,-1.0818974,-15.519628,-0.47285634,24.944736,0.3459038,0.06927482,0.31674615,-0.023281557,-0.59737265,0.21693528,0.55126166,23.770023,0.3214319,-0.36180562,-38.59403,0.63304603,23.916391,-29.607056,-0.52582955,-2.9115183,12.150225,0.061397508,0.0035498466,0.07240054,3.3195024,1.6949153,0.4525,0.4894065,0.14999999,0.09092121,-26.833616,12,8,70,SPEAKER_01,792.266667,795.6,792.9028437500001,795.6,2,2.427156249999939,disengaged
37.286194,0.09351154,35.178482,37.062927,38.994316,3.815834,230.23831,328.9898,31.790894,22.718637,0.47367087,0.8536473,0.10084059,0.37274566,0.8098674,0.7090268,7.4526563,4.580492,4.7137337,3.1211667,0.17997572,1.0473281,17.992867,0.9012344,3.9094086,3.3408978,-3.7381742,-4.251238,-26.235687,-0.6381586,0.019248787,1.5286536,1.2275103,0.77005327,8.217467,0.43191397,5.421981,2.185868,25.663893,0.42477864,714.30133,0.27560243,1385.1295,0.17151998,-71.831764,-1.242399,1767.057,0.13963054,1138.0154,0.3239895,-73.96948,-1.0695782,2839.9822,0.080545425,908.0376,0.40898517,-77.12159,-0.99516374,-13.454918,-0.65696496,24.38375,0.4056073,0.07099317,0.27135846,-0.02016887,-0.8872863,0.23443142,0.8278989,22.860794,0.48967364,2.1409082,6.2634983,-3.1527772,-5.3757205,-31.52235,-0.48461872,-5.072634,14.156595,0.053248968,0.0018530091,0.052166622,3.0303032,2.4932005,0.27272728,0.22606881,0.11207547,0.07913109,-26.382242,12,8,71,SPEAKER_01,795.633333,826.566667,795.633333,826.45034375,13,22.126385750000054,engaged
37.50509,0.10813234,35.631687,36.656815,38.02277,2.3910828,670.3211,1020.2232,70.44489,72.68004,0.33051983,0.89587307,0.06555223,0.26598886,0.535172,0.46961975,5.8297443,4.0421176,4.3528576,2.856073,0.124721,1.0195934,17.464878,1.152644,10.548321,1.2475044,5.255513,3.4865751,-17.414848,-1.0788065,0.018905304,1.3551538,1.320545,0.79523516,9.267653,0.40169784,5.905186,1.9554198,25.888096,0.42544526,730.3779,0.2813871,1399.3402,0.1741079,-80.4795,-1.0681523,1806.0201,0.14054398,1139.7,0.32310003,-83.11695,-0.92157453,2854.7087,0.08444589,989.01337,0.34098193,-85.11788,-0.8721408,-16.944717,-0.62573606,27.444305,0.44611725,0.059023406,0.38237482,-0.016710807,-0.9458024,0.16511874,0.7639162,25.5742,0.56127065,8.317282,1.6006979,5.6055,3.5980303,-22.916012,-0.78637505,-2.8169186,8.968886,0.0391494,0.011202841,0.040181093,3.5964036,2.51004,0.2624,0.28266275,0.117916666,0.10571105,-28.059795,12,8,72,SPEAKER_01,826.6,841.6,829.38659375,841.5534687500001,5,10.023749999999836,disengaged
36.508102,0.1544554,33.810665,35.532444,40.267483,6.4568176,58.916557,15.0325165,9.644168,10.527947,0.54692495,1.0014198,0.11350791,0.3823122,0.82507527,0.71156734,8.104422,7.306918,6.8776035,4.808831,0.21018448,1.1826345,21.187191,0.72096527,2.0778575,7.882289,-5.442294,-2.4222033,-20.055569,-0.95430607,0.022368543,1.6031096,1.3080374,0.7856559,8.344995,0.41822168,3.571636,2.4554281,26.002031,0.42271557,705.6397,0.3073203,1389.533,0.15284726,-53.806522,-1.535674,1698.4196,0.16045815,1232.5132,0.34122342,-58.554752,-1.2686455,2815.9622,0.07214982,1039.1603,0.34284157,-66.52332,-1.0541589,-12.268386,-0.751278,25.871883,0.40445945,0.050336737,0.41672274,-0.0131787285,-1.1932858,0.2517913,0.9526894,25.77499,0.47802925,-0.14045346,-117.140236,-7.4859033,-1.7875079,-25.247646,-0.66529816,-5.673138,14.612709,0.02319409,0.017887855,0.07923319,3.1518624,2.3323617,0.3225,0.1504784,0.099999994,0.078010984,-25.2885,12,8,73,SPEAKER_01,841.633333,854.866667,841.6884687500001,854.866667,4,3.5088232499999776,engaged
37.177937,0.03284967,36.410847,36.891914,37.96877,1.5579224,25.702263,4.057565,15.7657585,29.096537,0.2961825,0.67356366,0.097358674,0.2479238,0.50295156,0.4055929,5.394742,2.2029128,3.7923555,1.0895824,0.13521521,0.8796571,28.278664,0.5635759,11.830401,0.96944624,-3.4351149,-3.8491743,-12.481027,-1.3855734,0.016105667,0.74600565,1.1661218,0.6793841,10.501668,0.17879239,4.700236,3.0238938,32.655807,0.26738504,724.1384,0.2514857,1480.1725,0.16238782,-60.22143,-1.1622618,1811.4072,0.15029474,1266.0103,0.22387701,-65.98199,-0.9001988,2919.2815,0.097011626,1090.4142,0.24023493,-73.14875,-0.7542817,-20.631012,-0.4278485,35.811504,0.2598284,0.04994994,0.35074565,-0.018260166,-0.8366039,0.1499845,0.7975015,33.316505,0.33515975,11.343519,1.0540438,-3.2061846,-4.521555,-14.297154,-1.214417,-10.901472,19.595066,0.044616602,0.0058817817,0.055545427,3.6697247,3.8834953,0.19749999,0.12577261,0.035,0.025980761,-27.816244,12,8,74,SPEAKER_01,854.9,856.0,854.9,856.0,1,1.1000000000000227,disengaged
37.93682,0.114411436,35.257595,36.331757,40.008327,4.7507324,630.15204,894.9055,34.176,34.826363,0.2321761,0.80278665,0.051804494,0.1868077,0.40370014,0.35189566,4.000349,1.9026905,3.2219937,2.02693,0.07919504,0.97168446,22.6871,0.8444948,9.204746,1.060352,-2.8153813,-5.222193,-16.26312,-1.1367388,0.019739645,0.90053225,1.2708877,0.8772413,8.958815,0.4485125,9.118827,1.0338991,36.643803,0.44241744,688.3318,0.25291184,1417.2631,0.14703444,-89.67227,-1.0205584,1766.0594,0.13555993,1167.9036,0.26632002,-94.782394,-0.84118843,2882.099,0.07392948,1017.69977,0.25491083,-99.75637,-0.7506477,-18.433496,-0.49066764,32.67174,0.33666417,0.06216895,0.33416906,-0.020022212,-0.9326404,0.10935836,0.71614754,31.313015,0.40822038,8.186633,1.225871,-4.408013,-3.527591,-23.333324,-0.76425016,-9.045562,18.490612,0.04307633,0.0064475476,0.033125993,4.024145,3.665988,0.15666667,0.12692955,0.099999994,0.1000588,-32.19247,12,8,77,SPEAKER_01,858.066667,870.066667,858.066667,870.066667,3,4.980000000000018,engaged
37.443237,0.02958944,36.578884,37.693848,38.49687,1.917984,67.73813,46.28691,23.40728,7.6830845,0.2350687,0.7285125,0.09839252,0.16024563,0.36768365,0.26929113,3.9082792,2.006751,0.95506006,1.5637653,0.07887823,0.9398123,14.509216,1.5979897,12.585778,1.3405163,-1.9104247,-5.45811,-14.511931,-1.0516738,0.01874535,0.6064853,1.6340556,0.6944166,6.975762,0.3983798,3.3645587,2.843602,30.517334,0.23243499,651.1144,0.26876938,1426.6967,0.13849378,-105.39517,-0.88335997,1702.1096,0.14990735,1104.1873,0.2926419,-107.80549,-0.7787295,2801.341,0.07935044,1000.2909,0.22946046,-111.747925,-0.7137448,-16.094908,-0.35279158,25.2268,0.3708286,0.06453454,0.18169123,-0.026200451,-0.3842868,0.1286559,0.56602365,29.084019,0.3210864,1.79236,6.616476,-2.7008936,-4.0327463,-25.328907,-0.5012453,-4.269077,9.34366,0.04991364,-0.0028488494,0.030381892,3.0303032,3.937008,0.121999994,0.08059776,0.108,0.1014692,-34.45785,12,8,78,SPEAKER_01,870.1,871.433333,870.1,871.433333,1,1.333332999999925,disengaged
34.780834,0.032468986,33.710236,34.367874,36.17154,2.4613037,24.461266,15.525199,16.627102,8.097467,0.21513999,0.74807674,0.036026303,0.1984007,0.39515805,0.35913175,4.785214,1.7728215,2.6141121,2.2243252,0.064902194,0.90138423,26.987232,0.6051274,9.008895,1.045794,2.7334793,5.531465,-16.044704,-0.9462573,0.016229386,0.96592396,1.2877979,0.81667644,8.912985,0.2531452,3.4617603,1.8169985,33.05715,0.16641162,623.1097,0.24138878,1431.0073,0.13794515,-68.631294,-1.2547504,1663.0378,0.1658216,1087.0643,0.23588575,-76.48607,-1.0318947,2814.8958,0.0716716,991.5261,0.33689606,-85.01595,-0.8538993,-16.436111,-0.47925055,32.023468,0.2438423,0.05787554,0.38585374,-0.018363267,-0.81495476,0.08805897,0.6380581,34.880116,0.2973002,6.3989797,1.3803174,-0.67152566,-23.071012,-21.299202,-0.67503226,-11.261853,17.975252,0.047421474,0.0005892692,0.01904658,4.794521,2.8368795,0.235,0.23984368,0.0925,0.08073877,-35.275604,12,8,79,SPEAKER_01,871.466667,873.566667,871.466667,873.566667,2,1.4756249999999227,engaged
37.020897,0.1565225,34.16649,35.686275,37.81229,3.6458015,123.686195,89.54557,152.1601,168.01047,0.109889865,0.9351056,0.017054886,0.08161185,0.18925606,0.17220117,2.9406164,2.1503522,1.8705367,1.4446734,0.049771816,1.4420047,10.374675,2.4738262,15.240912,0.7741272,-0.53932977,-30.084858,-3.2967603,-4.785522,0.020418774,0.7143418,1.9299104,0.67928886,6.9094105,0.65078276,9.591806,1.1390306,33.456745,0.32835048,768.4752,0.24419588,1435.0935,0.15430717,-118.83956,-0.7327404,1819.6272,0.12853983,1300.7594,0.25403127,-120.336914,-0.655577,2874.2803,0.09669268,1166.2908,0.26338872,-121.52217,-0.6254854,-17.504871,-0.80573237,31.268106,0.5260098,0.04727636,0.43740124,-0.006974923,-2.7209039,0.08844834,0.9593229,24.78612,0.8451514,15.723504,0.7680452,0.16202691,113.01221,-8.410953,-1.8142323,-2.3640196,11.089996,0.022938892,0.023237903,0.013442408,4.6728973,3.7974684,0.118333325,0.09035424,0.148,0.13869391,-34.29223,12,8,80,SPEAKER_01,873.6,878.533333,873.6,878.533333,3,3.2289579999999205,disengaged
39.213326,0.112390466,37.331455,38.97809,40.98704,3.6555862,74.040276,77.027916,64.132256,47.393013,0.5469636,0.69153047,0.15571985,0.4832798,0.89116466,0.7354448,4.255523,0.7326757,3.8015757,1.1671064,0.24126841,0.9585331,17.974321,1.0736197,2.3265786,6.3795485,-11.928875,-1.4749728,-26.544386,-0.80593026,0.024873031,1.4727604,1.0523953,0.821196,8.627341,0.4609933,6.3510337,1.84477,27.108946,0.46433556,885.6643,0.16106306,1225.4031,0.16110362,-52.904568,-1.5040842,1911.6826,0.11583719,1094.102,0.20793515,-64.83674,-1.094881,2963.8013,0.06355631,847.3814,0.29944384,-67.361786,-1.0014131,-12.1718025,-0.9044843,26.767141,0.45592716,0.062164936,0.26880753,-0.019771496,-1.0265199,0.2763622,0.8449841,22.408522,0.6677464,0.14920044,99.36671,-13.177143,-1.4341166,-30.243946,-0.6221774,-4.2454524,11.223051,0.045432407,-0.0056643537,0.113522366,2.4539878,3.1645572,0.22999999,0.20258331,0.061999995,0.029257476,-25.158907,12,8,82,SPEAKER_01,879.933333,882.133333,879.933333,882.133333,2,1.6431250000000546,disengaged
36.286922,0.13400246,31.986675,36.581573,41.53987,9.553196,121.430214,115.93145,64.27562,84.66817,0.39864904,0.8538414,0.13016182,0.3435493,0.5497699,0.41960806,4.3615675,1.9546493,2.6893203,1.2179712,0.13310963,0.8646495,21.06368,0.83220404,5.334032,2.8600843,-1.1856878,-14.19994,-32.28695,-0.5999379,0.02779348,1.2905746,1.0565009,0.73911655,8.471696,0.49469098,3.3042395,3.4675055,27.090714,0.39437142,763.15704,0.23577088,1311.2761,0.15851903,-54.31441,-1.5498956,1877.5033,0.12754236,1126.2657,0.2858236,-66.60317,-1.0989732,2865.7427,0.06972305,941.7081,0.37683642,-68.18385,-1.0601089,-17.548504,-0.50376886,28.520824,0.36882204,0.065099984,0.29876837,-0.029877326,-0.67834145,0.15221854,0.68127376,25.041502,0.48778054,3.3957024,4.485621,-2.7981746,-6.194718,-37.161037,-0.46435592,-8.776471,15.969041,0.053086895,-0.010000309,0.052162625,3.0805688,2.6442308,0.27272728,0.24772017,0.08363636,0.04436885,-28.47539,12,8,83,SPEAKER_01,882.166667,887.966667,882.166667,887.966667,4,4.230625000000259,engaged
42.44308,0.07571126,41.425785,42.828857,45.486107,4.060322,40.82671,0.0,25.148907,11.116221,0.8649247,0.6995957,0.31203842,0.74334246,1.5721899,1.2601515,6.8185916,0.48655376,2.6073723,2.7879307,0.3276502,0.89162236,14.926595,0.7658301,-11.749853,-1.6387167,-13.938992,-0.8651037,-28.170847,-0.5672077,0.008897656,1.0343554,0.6820565,0.7329807,11.262178,0.36840087,12.13377,0.7678169,26.099174,0.43392643,912.7401,0.17212303,1241.207,0.15858339,-37.353966,-1.9696989,1880.3342,0.09684819,1127.329,0.2565049,-44.36565,-1.5110228,2909.2764,0.06631849,897.5154,0.2273785,-48.44639,-1.3481823,-13.55396,-0.7700247,24.196953,0.5035083,0.052014813,0.301057,-0.016474245,-1.1771216,0.29983392,0.7965967,16.858984,0.69192433,-11.315343,-1.7474838,-15.2538395,-0.7740804,-29.12291,-0.50513566,-5.581448,14.041148,0.056053925,0.0023784987,0.23418163,2.857143,3.0303032,0.26666665,0.18553226,0.07,0.03,-21.87206,12,8,84,SPEAKER_01,888.0,889.066667,888.0,889.066667,1,1.0666670000000522,disengaged
41.0546,0.11444633,35.36198,42.557495,44.455128,9.093147,165.01958,164.22903,60.48651,88.58885,0.7245904,0.7077956,0.23416394,0.64800406,1.2403355,1.0061715,9.918819,4.310472,7.3539896,3.5818424,0.2813046,0.7974864,16.024412,0.76964146,-5.513453,-2.8738713,-14.688208,-0.9243211,-32.25253,-0.50381505,0.023070581,2.260515,1.0328648,0.8613262,10.034529,0.40828142,8.44932,1.4282434,24.925459,0.4659565,783.3876,0.27055106,1338.9418,0.16981947,-27.55466,-2.486892,1825.2449,0.13275728,1100.6284,0.34535164,-36.838074,-1.6328593,2856.9036,0.07196892,993.92145,0.41321054,-41.79654,-1.4017185,-13.008774,-0.5200187,23.663324,0.39777038,0.062569894,0.3401688,-0.01851316,-0.6736844,0.31161258,0.69728667,18.151052,0.63409173,-6.85825,-2.3982108,-14.790015,-0.94922435,-34.7195,-0.4079063,-3.9572241,11.878359,0.046966795,0.0140608065,0.025939658,3.7109375,1.6064256,0.53499997,0.3572464,0.106,0.07889233,-22.081793,12,8,85,SPEAKER_01,889.1,894.233333,889.1,894.233333,1,5.133332999999993,engaged
39.392944,0.13479495,38.75656,41.23387,43.042023,4.2854614,252.6346,266.9318,13.906379,9.473179,0.8515958,0.471705,0.44795126,0.82122874,1.1295726,0.6816214,7.123143,4.800929,4.7703714,2.5362136,0.25597754,0.62567914,15.766723,0.48980743,-9.426685,-1.1860094,-14.645645,-0.51251316,-42.675575,-0.2799041,0.015716873,1.8437884,0.7892072,0.7527277,10.914742,0.32358992,5.9195065,2.169164,19.54537,0.8048683,839.20575,0.1447583,1236.2717,0.15765123,-1.7592123,-22.327368,1941.1835,0.08616673,946.8647,0.40301836,-17.254236,-2.1100008,2916.116,0.052531622,885.2542,0.3439227,-18.892447,-1.9325913,-15.11138,-0.38760504,23.222584,0.2998052,0.055406928,0.22298656,-0.029124353,-0.29011303,0.26233757,0.6078118,15.750108,0.50608575,-9.377286,-1.2111291,-14.39133,-0.5258283,-43.648685,-0.26510236,-7.2423105,20.548756,0.047290266,-0.005830592,0.035122614,3.0172415,0.88495576,1.0799999,0.55,0.07,0.0,-21.395517,12,8,86,SPEAKER_01,894.266667,896.6,894.266667,896.6,1,2.3333330000000387,disengaged
36.06044,0.058266364,34.51404,35.84737,37.60063,3.0865898,32.613255,43.856853,46.50282,65.23835,0.3471034,0.77332354,0.047695857,0.33628392,0.5719864,0.5242905,5.026401,2.7351422,3.3714035,2.063515,0.108987026,0.8539529,21.30089,0.7211889,9.515639,1.2268698,-3.8608012,-3.453375,-27.272272,-0.72945994,0.02085888,1.8939778,1.0266308,0.9062572,9.4625,0.32478878,1.0026186,8.500122,30.478167,0.28649142,714.49365,0.20507374,1388.9178,0.181698,-67.43653,-1.330983,1806.2085,0.13151425,1108.2511,0.2406074,-80.30232,-0.9895585,2876.0286,0.062593415,880.5767,0.44733444,-83.43826,-0.9228681,-18.509129,-0.41144335,29.031143,0.26353866,0.07036016,0.2761054,-0.030381316,-0.5982019,0.14240782,0.6121212,28.35713,0.27239382,8.083463,1.3941826,-3.5995598,-3.5475278,-34.71212,-0.4882095,-7.1919255,14.556176,0.049355708,0.002491455,0.038616814,3.258656,2.474227,0.26583335,0.2684666,0.15666667,0.10230672,-30.135796,12,8,87,SPEAKER_01,896.633333,904.2,896.633333,903.73784375,5,4.927635750000036,engaged
36.323914,0.07705161,35.03204,36.761013,37.504486,2.4724464,193.16205,120.59848,112.07621,129.77055,0.25904113,0.7098922,0.07613913,0.24195585,0.4270563,0.3509172,3.8007646,1.9912839,3.0529873,1.7564253,0.10581627,0.9084594,17.364212,1.3129557,5.928591,2.9917684,-4.8283587,-3.9976814,-14.711957,-1.1528642,0.04048481,1.417946,1.3606012,0.72330487,7.9143047,0.4752874,3.6620657,3.747975,27.808157,0.3515187,752.0456,0.2753222,1459.1758,0.17909306,-82.10391,-1.0781809,1805.9956,0.15347981,1290.5365,0.304433,-84.76445,-0.9450569,2872.0393,0.08042758,1133.6342,0.28289577,-90.19544,-0.8399461,-13.966391,-0.9083804,32.80818,0.3073179,0.055183537,0.27926785,-0.012243811,-1.4474945,0.14207278,0.6384132,29.398535,0.39004463,4.0754795,4.1668005,-5.6662674,-3.8513105,-20.651018,-0.7157761,-0.76173186,9.269607,0.04981291,0.014039254,0.045589883,3.5353537,3.1088083,0.20166665,0.15104266,0.084285714,0.070276424,-30.902277,12,8,91,SPEAKER_01,907.1,909.733333,907.48409375,909.733333,2,1.996114250000005,engaged
36.677876,0.063985,35.200245,36.20063,37.83071,2.6304665,110.63717,121.25317,22.0478,21.714045,0.26335105,0.76689494,0.06534994,0.21007429,0.463905,0.39855507,4.3917813,2.690485,3.6073692,2.0855167,0.11518337,0.9348589,23.666931,0.700549,11.426307,1.0873382,0.7974846,24.296534,-15.172483,-1.2456083,0.022141233,1.060193,1.4505384,0.72028846,8.68138,0.38794672,9.546829,1.1595061,31.43891,0.2962937,758.8666,0.24963558,1391.8177,0.16013028,-64.72549,-1.2528032,1859.4854,0.13266338,1204.5674,0.28783223,-72.92288,-0.9625027,2900.7612,0.0853766,1033.0609,0.3055168,-75.919975,-0.89821255,-18.573895,-0.59794635,31.942831,0.3202634,0.056756336,0.41305178,-0.016668973,-1.1679608,0.14233623,0.73746455,28.661127,0.38968444,10.683205,1.2343708,1.9984208,10.016355,-19.560509,-0.9307883,-7.1771398,17.076826,0.03887734,0.009969117,0.035958346,4.6136103,2.5551686,0.28454545,0.17196001,0.08681818,0.053715274,-29.23277,12,8,94,SPEAKER_01,911.366667,925.266667,911.366667,923.5828437500002,6,8.68930175000014,disengaged
37.458805,0.07535341,35.7074,37.483047,38.293037,2.5856361,178.21857,260.55396,27.67338,31.252878,0.2426303,0.8396791,0.059638232,0.18632646,0.41367263,0.3540344,5.044748,3.6966846,2.593331,1.5966212,0.12936074,1.0820019,22.897411,0.7643601,15.714922,0.7898424,5.4999213,2.8444822,-8.625077,-1.9661208,0.020059053,1.0247846,1.4334339,0.7851206,9.909651,0.36992842,12.906139,0.9813503,32.374943,0.32722688,796.3747,0.24753544,1403.0518,0.17147024,-90.47798,-0.9259562,1900.3394,0.11698451,1202.39,0.26850876,-95.27148,-0.7754683,2965.268,0.08295637,1067.7987,0.22718424,-97.87751,-0.7312247,-23.889992,-0.49175066,36.35895,0.33387566,0.049972974,0.47415683,-0.015903909,-1.0766788,0.1788839,0.81043875,30.178978,0.390718,16.178518,0.84137,6.9212356,2.3173578,-12.525372,-1.2724246,-11.100771,19.851534,0.027015448,0.008827651,0.03903487,3.491272,3.007519,0.20638889,0.20204721,0.11875,0.10537878,-25.922056,12,8,96,SPEAKER_01,931.833333,961.566667,931.83471875,961.566667,9,12.046948249999673,disengaged
34.434986,0.07715075,33.778786,34.724842,35.69136,1.9125748,52.85027,40.545547,42.062496,17.908823,0.22339925,0.8424029,0.05932773,0.16647473,0.3917647,0.33243698,4.114015,2.2733989,2.3433704,1.1466976,0.086942725,0.94817585,26.436426,0.6795906,14.282402,0.7037179,1.1190708,13.022059,-14.769326,-1.1823124,0.03384212,1.7886415,1.3365211,0.7101531,7.686574,0.4322813,1.8337189,4.8748765,34.243977,0.20730056,711.4238,0.24968597,1450.5282,0.118386194,-62.053616,-1.282044,1761.6619,0.13449655,1225.3538,0.23970675,-74.41426,-0.9502249,2902.2908,0.07970077,1033.5933,0.3044446,-80.592995,-0.8270084,-21.129623,-0.45950797,34.33037,0.34141225,0.055560376,0.26798463,-0.020556156,-0.88752234,0.11534231,0.7122232,33.09583,0.34859803,12.259167,0.9000758,0.8087633,17.85424,-20.990747,-0.78300166,-10.814516,19.353474,0.036150035,0.008843999,0.020552251,3.4482758,2.9761906,0.236,0.10669583,0.074,0.0344093,-33.68443,12,8,97,SPEAKER_01,961.6,969.066667,961.6,965.38221875,2,1.7572187500001064,engaged
37.01526,0.028283156,36.405514,36.828323,37.567535,1.1620216,45.597507,47.187096,28.01502,28.514515,0.25831124,0.71157813,0.07869663,0.22284503,0.44165808,0.36296144,3.9254172,2.122147,3.6223147,1.8352113,0.11658202,0.82939947,26.341902,0.6960644,14.203344,1.0133762,-0.15444207,-92.70558,-12.117497,-1.3247465,0.013979369,0.75342536,1.2283319,0.7498627,10.431903,0.24411827,7.7297816,1.9801006,34.98927,0.30461368,735.8646,0.24970935,1450.8932,0.1994618,-71.54524,-1.1348603,1819.1254,0.13981792,1240.4785,0.23507725,-78.2715,-0.890207,2939.1436,0.08381718,1072.043,0.23774931,-84.10259,-0.78112924,-21.982162,-0.54592353,37.561172,0.30024284,0.055546004,0.42894197,-0.01732467,-0.83465064,0.15162107,0.5948962,34.24799,0.32372808,12.725418,1.2106851,-1.007116,-14.809858,-16.051912,-0.96376544,-8.280977,16.383158,0.047572426,0.012971705,0.024597365,4.562738,2.34375,0.30666664,0.18318176,0.099999994,0.051639777,-29.076462,12,8,98,SPEAKER_01,969.1,972.833333,969.75284375,972.833333,2,2.6417392500000005,disengaged
37.809902,0.12180057,35.6988,36.896618,38.3326,2.6338005,253.58061,242.88159,-23.664259,51.432163,0.16408643,0.9422807,0.03280016,0.10151071,0.2966969,0.26389673,3.109898,1.5948749,1.4284202,1.3622328,0.079055615,1.2173289,21.312706,0.96160495,16.318361,0.6624138,3.7881188,4.642779,-9.420159,-1.5509746,0.0190517,0.88444054,1.593111,0.83979404,9.193733,0.48782367,10.32706,1.1436628,34.276394,0.3199788,784.99054,0.24916768,1422.0507,0.16046081,-103.578735,-0.82195646,1899.876,0.124690555,1208.3976,0.2883842,-108.89156,-0.6965574,2961.7026,0.0787054,1075.7618,0.23389025,-109.67067,-0.6683744,-22.068825,-0.6475312,34.999775,0.42666283,0.05280745,0.41993362,-0.01641992,-1.1486194,0.12217491,0.84976697,29.730728,0.59733486,16.453175,0.748784,6.4286633,2.982251,-13.953451,-1.0831755,-9.944499,18.516726,0.040715538,0.008405381,0.018285666,3.7681162,3.2352943,0.1690909,0.14871906,0.12,0.059083913,-29.943407,12,8,99,SPEAKER_01,972.866667,977.633333,972.866667,977.633333,3,3.4672910000000456,engaged
37.384995,0.12860794,35.227386,36.484287,37.88878,2.6613922,102.228165,128.36966,101.22351,109.52215,0.1658876,1.1636671,0.015334758,0.09161596,0.33316252,0.31782776,4.2913604,2.7603328,2.6089392,1.6547649,0.074902065,1.30949,12.164581,1.8473996,15.743822,0.7868025,-0.99643534,-13.754958,-3.7565544,-4.0668206,0.021543892,0.73051155,1.505332,0.7134097,7.8188467,0.5284301,8.569415,1.3601139,33.26581,0.32601875,717.5206,0.29327035,1436.1011,0.14469607,-117.35679,-0.7637142,1789.0933,0.13327008,1208.5103,0.21439192,-118.61369,-0.68817174,2888.6362,0.090356834,1082.068,0.2856862,-120.85216,-0.6431525,-18.490267,-0.7033185,30.892607,0.4631464,0.05884298,0.42009392,-0.01141197,-1.6818248,0.14104803,0.7415682,26.501406,0.6659704,14.150304,1.0059203,-0.83651227,-19.589966,-12.181545,-1.2661195,-4.570516,12.384726,0.028265033,0.024579583,0.012395745,3.4836066,2.9045644,0.15928571,0.13869104,0.19083333,0.26744026,-32.94267,12,8,100,SPEAKER_01,977.666667,983.066667,977.666667,983.066667,3,4.893749999999841,disengaged
37.51042,0.12987737,34.9685,36.01157,38.48107,3.5125732,56.749752,34.48574,120.40958,22.006432,0.37870246,0.85456175,0.09049649,0.2990679,0.65429914,0.56380266,7.1672564,3.9442472,4.9799366,2.8385727,0.15015091,1.0317483,21.769503,0.8148191,6.4168787,2.309666,-3.866546,-4.5544357,-20.85415,-0.91752785,0.023954794,1.5480328,1.2825805,0.84063447,8.977493,0.41603804,2.9149983,4.0689964,28.957811,0.34462246,730.9307,0.27054635,1366.7643,0.16044188,-58.83972,-1.4194294,1814.6759,0.13527577,1169.7947,0.2145201,-68.30376,-1.0706773,2877.991,0.07386967,973.20135,0.30049384,-72.33784,-0.97378486,-16.445654,-0.6729049,29.588634,0.39817297,0.059208464,0.31679887,-0.01973146,-0.80451447,0.19166946,0.8292437,27.34107,0.52104765,4.0177417,3.6164575,-3.839317,-4.910829,-27.161428,-0.6286628,-6.777833,16.425037,0.044886768,0.009020066,0.032500852,3.5294118,2.5742576,0.28230768,0.24242851,0.0925,0.040645827,-26.623188,12,8,101,SPEAKER_01,983.1,988.8,983.1,988.78784375,3,5.114093749999711,engaged
37.6376,0.056879677,36.45593,37.96382,39.10222,2.6462898,142.82762,203.54013,22.510693,25.641087,0.36579624,0.61592275,0.12372182,0.3590002,0.570722,0.44700015,3.546772,0.5654144,1.9082907,0.88791955,0.21234165,0.8552495,25.450014,0.67194146,16.082552,0.61255705,-0.89901745,-18.678646,-10.872224,-1.5170062,0.01450985,0.9192168,1.1831367,0.6691813,10.612663,0.31005034,8.800458,0.84020156,31.069899,0.32223368,868.3067,0.18611358,1342.236,0.18847421,-55.281208,-1.1460316,1962.8057,0.10405917,1232.4064,0.23724924,-66.54246,-0.8002732,2995.8176,0.07188215,1068.205,0.23566641,-69.00074,-0.75129247,-21.192568,-0.5440768,37.776615,0.26688278,0.0478837,0.44229954,-0.012005097,-1.2477049,0.24350545,0.75782806,28.48924,0.435829,15.1822,0.68741333,-0.13296057,-127.890274,-12.431127,-1.2902732,-10.157397,20.289837,0.043541674,0.0060529364,0.0700265,4.545455,3.1746032,0.255,0.13683932,0.04,0.012247449,-22.0925,12,8,103,SPEAKER_01,989.5,990.833333,989.5,990.833333,1,1.3333330000000387,engaged
37.737095,0.028369812,36.591244,38.160316,38.661877,2.070633,29.16899,19.238735,13.751368,10.042365,0.42737705,0.6879529,0.13382007,0.38076103,0.7124298,0.57860976,7.8875046,3.0647032,4.117557,3.6687508,0.20187506,0.72753316,20.743456,0.6854474,10.496905,1.1310827,3.1866934,4.632369,-25.47417,-0.69224834,0.01408204,0.5420791,1.2450296,0.6245636,9.519471,0.2961697,12.046834,0.7709797,30.075733,0.2395552,770.9495,0.22942561,1368.3773,0.14483164,-65.4252,-1.2297343,1918.0248,0.12858564,1137.479,0.27912027,-72.10945,-0.97335625,2892.5737,0.07201855,1012.7233,0.36228606,-73.25156,-0.9473662,-18.746378,-0.48689893,30.69875,0.28181416,0.06745851,0.28428996,-0.03075208,-0.48681682,0.24504435,0.5169879,27.044748,0.37407976,11.689825,0.9796679,5.5804863,2.5137568,-30.98568,-0.5241538,-3.9789457,13.056316,0.03747427,0.0091151865,0.07480749,3.7974684,2.631579,0.2775,0.16437382,0.11333333,0.052493386,-26.220964,12,8,104,SPEAKER_01,990.866667,993.166667,990.866667,993.166667,2,1.5912499999999454,disengaged
35.527405,0.04183491,34.24759,35.28092,36.93748,2.6898918,45.302975,27.442858,23.537174,13.067309,0.46183476,0.6678124,0.17795227,0.41841874,0.76167774,0.58372545,9.093505,2.706866,2.4480066,2.3265553,0.19211075,0.6168031,25.645624,0.62370604,2.4258533,6.394737,-0.9771315,-16.001232,-22.420584,-0.7959847,0.01770489,0.8630335,1.3088003,0.7121499,7.0211253,0.53654426,3.0664496,3.1789963,26.102993,0.3570639,718.1026,0.30003121,1433.2241,0.14514413,-53.828457,-1.4839706,1790.5808,0.16762769,1217.8257,0.24965936,-61.275475,-1.1589013,2866.9897,0.08178529,1043.0437,0.27936816,-66.49255,-1.0259802,-13.908559,-0.6926978,27.844368,0.42645073,0.052868847,0.33992925,-0.016358724,-0.78868705,0.21054903,0.5409089,28.771515,0.43295714,1.2716098,12.185913,-2.1083274,-8.284897,-26.698105,-0.6445367,-7.032839,18.927845,0.031115383,0.0009088764,0.121246435,4.761905,3.0303032,0.24666665,0.089938246,0.06333333,0.04189935,-27.729176,12,8,105,SPEAKER_01,993.2,994.266667,993.2,994.266667,1,1.0666669999999385,engaged
34.9755,0.027372178,34.516796,34.793842,35.230064,0.7132683,86.091446,45.719395,12.677054,8.140962,0.5196441,0.64122355,0.22474037,0.45253804,0.74397916,0.51923877,10.325043,2.795249,7.2896204,1.9301547,0.17539257,0.6039086,26.015337,0.32515824,8.241449,1.2818393,5.1388125,2.7533123,-29.395693,-0.54049337,0.01745636,1.0823121,1.3632249,0.75829697,8.407297,0.2956715,-2.7641273,-2.7735193,21.611519,0.4439731,742.54407,0.1821059,1406.3525,0.11119977,-28.77163,-1.8123765,1794.1824,0.09997503,1156.5886,0.26693314,-43.341072,-1.0387936,2883.8777,0.0613471,851.3507,0.36749205,-44.98178,-0.98184186,-14.716825,-0.41157916,24.092945,0.32425645,0.05013741,0.3191226,-0.024525238,-0.48854104,0.18682668,0.5240414,26.330029,0.30725068,6.1714253,1.412986,3.019774,4.29126,-31.181007,-0.5038051,-19.949509,33.234207,0.030971544,-0.01543962,0.14462064,6.557377,5.263158,0.15833333,0.100235835,0.02,0.0,-27.162727,12,8,106,SPEAKER_01,994.3,995.533333,994.3,995.533333,1,1.233333000000016,disengaged
36.35515,0.13989668,33.406948,34.86821,37.787403,4.380455,96.7028,118.70956,29.214949,20.476612,0.30645543,0.72486615,0.07629379,0.3020093,0.50116706,0.42487326,5.148247,2.8728127,3.5710225,2.1820238,0.08715321,0.8326186,22.901188,0.7624241,8.109232,1.3630408,1.0942346,13.751445,-24.570217,-0.6799807,0.022370266,2.3231895,1.1272396,0.8851369,8.996882,0.4107,0.4842098,18.214615,27.774591,0.3778103,669.88226,0.25586835,1362.1807,0.15336819,-61.391087,-1.3773197,1760.971,0.14364982,1102.8363,0.2868283,-71.530396,-1.0424579,2826.0576,0.07276246,995.7074,0.35517305,-75.76894,-0.9457434,-16.028522,-0.5092256,27.275072,0.37817514,0.056255184,0.30663398,-0.026189843,-0.6490122,0.10814038,0.65773296,28.026648,0.45923942,5.8286414,1.8920367,0.23952775,66.87641,-30.078712,-0.48775324,-8.602632,16.524803,0.04391348,0.001549027,0.030984368,3.9510818,2.646503,0.2657143,0.26821405,0.093703695,0.07732319,-31.859217,12,8,107,SPEAKER_01,995.566667,1025.266667,995.566667,1025.266667,7,10.648124999999709,engaged
42.975494,0.082279325,42.414402,43.25654,44.18103,1.7666283,-9.583078,21.23675,247.03577,0.0,0.32380316,0.7817253,0.07517274,0.26179454,0.5539242,0.47875148,5.9489875,1.0557996,3.9349256,2.069915,0.13461877,0.8479536,18.279924,0.80661553,0.50615066,19.081177,-16.425076,-0.8586664,-32.671177,-0.52182966,0.022830058,1.083826,1.4223564,0.8253225,10.180432,0.33163977,16.588923,0.8121209,35.677055,0.28728324,759.7922,0.23332793,1469.8772,0.21317834,-70.757866,-1.2724013,1801.3635,0.12419508,1205.4897,0.23501147,-72.81136,-1.0088178,2853.5269,0.067775756,966.90796,0.31042197,-77.215096,-0.9158648,-16.043991,-0.4319177,30.603128,0.3233831,0.0670747,0.20593981,-0.022793284,-0.59831643,0.17306535,0.6062398,22.487118,0.4362912,-3.0952787,-2.7080834,-19.653147,-0.6758288,-40.561047,-0.29862782,-9.72204,19.082273,0.06138138,-0.005949688,0.047729384,4.5454545,3.3557048,0.206,0.16572267,0.058333334,0.03531603,-28.846605,12,8,108,SPEAKER_01,1025.3,1027.233333,1025.6765937500002,1027.233333,1,1.5567392499997368,disengaged
36.982494,0.15355246,33.79987,35.567387,38.336094,4.5362244,42.34404,13.466679,8.74953,12.439358,0.31039408,0.60556716,0.10373352,0.32292128,0.48130193,0.37756842,5.1949797,2.4077141,1.9817363,1.3494208,0.10281086,1.0843289,28.358149,0.471523,7.833673,1.4333304,-1.3525666,-12.350312,-27.260754,-0.6172331,0.017487995,1.2841661,1.0399587,0.96880734,9.707563,0.28911602,2.7570612,3.1380048,29.878088,0.33302367,707.80475,0.24352667,1414.1255,0.13712646,-46.17184,-1.6649256,1811.069,0.1389766,1194.85,0.25063786,-61.839344,-1.0436707,2882.4766,0.062833644,930.06146,0.39586836,-65.90535,-0.9479018,-18.781662,-0.34841093,31.256609,0.23478125,0.061576273,0.29983416,-0.026354898,-0.5649627,0.1051595,0.76814777,32.15741,0.24284795,6.4005494,1.7134761,-1.4459273,-12.169028,-31.458508,-0.45848095,-10.363319,19.779724,0.048344456,-0.0028225621,0.04422604,3.8011699,2.6785715,0.2911111,0.18905874,0.09166667,0.046696417,-30.96306,12,8,109,SPEAKER_01,1027.266667,1032.666667,1027.266667,1032.3253437500002,4,3.4386767499995585,engaged
37.685677,0.07844208,36.41882,37.68847,38.568935,2.150116,189.18408,246.71631,16.85324,66.03318,0.19277854,0.8042458,0.04021217,0.15859082,0.34561238,0.3054002,3.2752466,1.3752983,2.7607448,2.1556103,0.0978753,1.1030201,19.493662,1.0156032,13.648541,0.8006784,6.878884,2.3078806,-9.870117,-1.5352489,0.024097096,0.91530776,1.615282,0.6681072,8.894923,0.42200288,10.360098,1.2240037,30.453976,0.29938528,765.04175,0.23188637,1341.6757,0.15253296,-98.09635,-0.8772061,1895.8777,0.096230224,1080.2206,0.3029611,-104.71335,-0.73491275,2926.3088,0.07721365,972.0877,0.2516819,-105.22773,-0.7218677,-22.627722,-0.47193328,32.812935,0.38641322,0.048683822,0.45383757,-0.020398092,-0.7866589,0.14668477,0.75722086,29.242779,0.44626024,13.1911125,0.87998676,9.089928,1.7847581,-15.100604,-0.94395596,-8.060959,15.473676,0.030501323,0.0109293675,0.030596897,3.977273,3.4416826,0.16,0.11254628,0.115882345,0.1015213,-29.149025,12,8,110,SPEAKER_01,1032.7,1040.733333,1032.7,1040.733333,6,5.299582999999075,disengaged
36.774017,0.10108079,35.09191,36.50408,38.12628,3.0343704,236.73744,220.10063,85.603294,131.87268,0.19851176,1.0088112,0.026326653,0.13143657,0.3226573,0.29633063,3.682723,2.4571872,2.145535,1.2619612,0.085036926,1.2257077,13.472844,1.8331612,10.900858,1.3889892,-4.4347258,-4.6956506,-6.971335,-2.5133505,0.02451309,1.2638448,1.3185371,0.6910363,8.4182625,0.47756115,9.325374,1.487076,30.30052,0.4305646,773.35913,0.24151236,1430.4075,0.18526454,-107.17549,-0.8764735,1832.429,0.118556835,1262.4587,0.25943696,-107.259315,-0.79264116,2928.9895,0.07366649,1090.4304,0.24340829,-110.734795,-0.7298223,-15.892523,-1.0012335,34.170597,0.34132648,0.05631489,0.3611461,-0.014086146,-1.256017,0.13282734,0.7716993,29.484394,0.51486844,8.054359,1.9914049,-3.4880767,-7.084326,-17.433252,-0.80607045,-1.4276783,9.1005,0.02708701,0.023697099,0.023332788,2.8901734,2.5490196,0.20076923,0.17530026,0.20272727,0.2019492,-31.400055,12,8,111,SPEAKER_01,1040.766667,1047.1,1040.766667,1047.1,3,5.202707999999802,engaged
35.513,0.03236786,34.31255,35.28456,36.562664,2.2501144,161.60663,163.8965,18.134045,4.8309474,0.17150943,0.84633005,0.07572466,0.1252033,0.21670924,0.14098458,3.2324574,1.8221303,2.1464946,2.216756,0.084057614,1.4341819,16.389744,1.4708458,14.494814,1.1034216,-4.0987687,-4.012826,-6.083299,-2.1007848,0.025322694,0.8242621,1.8153124,0.58207715,7.4428415,0.3221175,11.18645,1.1618236,35.662666,0.3109707,779.74634,0.31461123,1410.5847,0.13665918,-95.43414,-0.9260383,1811.9962,0.15369648,1447.9102,0.37456435,-101.98828,-0.7767741,2881.1257,0.091245264,1164.3989,0.25325042,-105.30867,-0.72345614,-19.044704,-0.62096256,33.91656,0.3445155,0.05423845,0.40970576,-0.0060614436,-2.4235697,0.12028622,1.2123637,28.141554,0.5563658,14.333887,0.96215415,0.220295,68.98718,-10.821778,-1.1844211,0.75338006,10.184174,0.038193736,0.016904991,0.028031915,5.590062,3.2258065,0.172,0.092606686,0.118,0.029257476,-33.56179,12,8,112,SPEAKER_01,1047.133333,1049.466667,1047.133333,1049.466667,2,1.6245839999999134,disengaged
41.861034,0.031151956,40.597763,41.858364,42.604023,2.00626,15.479009,5.7345967,12.768378,3.711667,0.44979152,0.46290725,0.28830752,0.47232506,0.6299622,0.3416547,4.041417,1.2148626,3.3052669,1.983063,0.12633255,0.60720706,22.812277,0.40479288,3.4770858,2.7069836,-11.29907,-1.0901521,-44.651173,-0.3506758,0.00842994,0.9619083,0.76943994,1.1336434,13.447375,0.18212226,16.129234,0.5317205,35.585316,0.18980876,795.6152,0.14371493,1300.854,0.11853932,-23.509642,-2.3422737,1995.6615,0.08737147,1142.121,0.25268364,-46.470535,-0.95228356,2982.238,0.05055178,882.2525,0.27345574,-45.326866,-0.9715202,-21.052568,-0.27932638,31.410189,0.25933582,0.05620331,0.27605787,-0.03257825,-0.4732214,0.13344316,0.54121536,24.712381,0.31465054,2.546657,3.7911623,-11.863893,-1.0872672,-46.645847,-0.27726266,-6.2432365,14.15425,0.024821678,0.009463358,0.015433129,4.0,1.6806724,0.53499997,0.285,0.08,0.0,-27.30284,12,8,114,SPEAKER_01,1051.3,1053.266667,1052.0015937500002,1053.266667,1,1.2650732499998867,disengaged
38.515266,0.1083847,35.875366,38.055668,41.18519,5.309822,137.5138,163.60481,125.03773,339.9345,0.29041266,0.83459556,0.055001378,0.24140222,0.5014665,0.44646513,4.5708327,3.2533803,3.0645244,1.9049513,0.09993095,1.0876188,23.605637,0.71355176,8.673868,1.3888234,-3.6905975,-3.982954,-24.89108,-0.700943,0.019792791,1.6302844,1.0562526,0.969182,10.510004,0.33088234,6.8269677,1.6015043,33.783375,0.27999172,774.0503,0.20396133,1356.4143,0.1792365,-72.45248,-1.1910435,1877.8948,0.12158473,1189.0435,0.29474995,-81.83972,-0.90008175,2932.976,0.07437395,987.436,0.30104804,-84.77578,-0.8447358,-19.422466,-0.4754453,32.234074,0.35266232,0.06335389,0.30601183,-0.026404541,-0.6685586,0.12790065,0.8677544,29.229515,0.46024823,7.533236,1.6361644,-5.866853,-2.6551294,-30.849499,-0.5127604,-8.975492,17.562727,0.042979125,0.0017077657,0.035449248,3.437692,2.714374,0.24818182,0.2175616,0.096888885,0.047601227,-29.606153,12,8,115,SPEAKER_01,1053.3,1106.7,1053.3,1101.0909687500002,15,16.302218749999838,engaged
38.320362,0.07374683,37.47418,38.10027,41.570877,4.0966988,20.647556,10.595875,29.262058,6.6870775,0.10438346,0.8413195,0.0437416,0.080473095,0.14618468,0.102443084,1.5286578,0.80955064,1.3102717,0.97112924,0.02778584,0.85579026,28.348131,0.41653782,12.465855,0.68872815,2.0342758,6.8282027,-19.970436,-0.63863796,0.027429068,0.7911861,1.4741054,0.68503547,9.457971,0.3790382,9.963814,0.68996286,31.64147,0.26630902,805.48267,0.19447397,1303.7263,0.11467288,-93.19554,-0.9226998,1942.1118,0.11591358,1077.1461,0.1782416,-100.46855,-0.73322576,2985.765,0.07082439,957.16675,0.28945556,-101.33847,-0.7195513,-24.200195,-0.22324978,36.85786,0.1400921,0.044871394,0.26375037,-0.024135567,-0.55182546,0.0332002,0.74675137,33.003407,0.10420164,12.062829,0.8142315,1.8139781,8.64106,-21.057968,-0.6633816,-15.878498,26.757406,0.04859807,-0.013364643,0.021664847,3.1746032,3.804348,0.15285714,0.11119022,0.089999996,0.07289915,-41.285637,12,8,116,SPEAKER_00,1106.733333,1118.933333,1112.4647187500002,1114.37159375,1,1.9068749999999,disengaged
29.115568,0.19205081,25.198683,25.722366,37.23728,12.038599,160.32175,107.39581,192.1396,0.0,0.063871056,0.7312968,0.0181956,0.06426346,0.09222898,0.07403338,0.7892472,0.60613954,0.65531874,0.669839,0.011689292,0.94077295,10.293899,2.047752,13.296393,0.55011237,6.998938,1.5669978,-4.5999985,-2.471494,0.025964966,0.4092051,1.8649371,0.29074088,5.108534,0.57575554,3.3485305,1.9203935,25.0273,0.19459333,880.993,0.21028404,1409.863,0.09859542,-163.4405,-0.42790633,1815.6327,0.076626256,1412.0721,0.2336058,-165.57808,-0.3984069,2882.1755,0.058292724,893.5017,0.27848423,-165.49374,-0.39964962,-18.181103,-0.2961738,28.589876,0.299962,0.045769107,0.36699024,-0.011602566,-0.8785657,0.023301542,0.22567064,26.31187,0.30489534,15.67669,0.30516765,6.1102,1.2071387,-12.255658,-1.0797639,-4.1957808,11.805489,0.027923934,0.016310127,0.008180882,5.0000005,2.6086957,0.06666666,0.032998316,0.22,0.15508062,-51.569145,12,8,120,SPEAKER_02,1152.166667,1180.266667,1162.19534375,1165.65471875,3,1.2150000000001455,disengaged
