F0semitoneFrom27.5Hz_sma3nz_amean,F0semitoneFrom27.5Hz_sma3nz_stddevNorm,F0semitoneFrom27.5Hz_sma3nz_percentile20.0,F0semitoneFrom27.5Hz_sma3nz_percentile50.0,F0semitoneFrom27.5Hz_sma3nz_percentile80.0,F0semitoneFrom27.5Hz_sma3nz_pctlrange0-2,F0semitoneFrom27.5Hz_sma3nz_meanRisingSlope,F0semitoneFrom27.5Hz_sma3nz_stddevRisingSlope,F0semitoneFrom27.5Hz_sma3nz_meanFallingSlope,F0semitoneFrom27.5Hz_sma3nz_stddevFallingSlope,loudness_sma3_amean,loudness_sma3_stddevNorm,loudness_sma3_percentile20.0,loudness_sma3_percentile50.0,loudness_sma3_percentile80.0,loudness_sma3_pctlrange0-2,loudness_sma3_meanRisingSlope,loudness_sma3_stddevRisingSlope,loudness_sma3_meanFallingSlope,loudness_sma3_stddevFallingSlope,spectralFlux_sma3_amean,spectralFlux_sma3_stddevNorm,mfcc1_sma3_amean,mfcc1_sma3_stddevNorm,mfcc2_sma3_amean,mfcc2_sma3_stddevNorm,mfcc3_sma3_amean,mfcc3_sma3_stddevNorm,mfcc4_sma3_amean,mfcc4_sma3_stddevNorm,jitterLocal_sma3nz_amean,jitterLocal_sma3nz_stddevNorm,shimmerLocaldB_sma3nz_amean,shimmerLocaldB_sma3nz_stddevNorm,HNRdBACF_sma3nz_amean,HNRdBACF_sma3nz_stddevNorm,logRelF0-H1-H2_sma3nz_amean,logRelF0-H1-H2_sma3nz_stddevNorm,logRelF0-H1-A3_sma3nz_amean,logRelF0-H1-A3_sma3nz_stddevNorm,F1frequency_sma3nz_amean,F1frequency_sma3nz_stddevNorm,F1bandwidth_sma3nz_amean,F1bandwidth_sma3nz_stddevNorm,F1amplitudeLogRelF0_sma3nz_amean,F1amplitudeLogRelF0_sma3nz_stddevNorm,F2frequency_sma3nz_amean,F2frequency_sma3nz_stddevNorm,F2bandwidth_sma3nz_amean,F2bandwidth_sma3nz_stddevNorm,F2amplitudeLogRelF0_sma3nz_amean,F2amplitudeLogRelF0_sma3nz_stddevNorm,F3frequency_sma3nz_amean,F3frequency_sma3nz_stddevNorm,F3bandwidth_sma3nz_amean,F3bandwidth_sma3nz_stddevNorm,F3amplitudeLogRelF0_sma3nz_amean,F3amplitudeLogRelF0_sma3nz_stddevNorm,alphaRatioV_sma3nz_amean,alphaRatioV_sma3nz_stddevNorm,hammarbergIndexV_sma3nz_amean,hammarbergIndexV_sma3nz_stddevNorm,slopeV0-500_sma3nz_amean,slopeV0-500_sma3nz_stddevNorm,slopeV500-1500_sma3nz_amean,slopeV500-1500_sma3nz_stddevNorm,spectralFluxV_sma3nz_amean,spectralFluxV_sma3nz_stddevNorm,mfcc1V_sma3nz_amean,mfcc1V_sma3nz_stddevNorm,mfcc2V_sma3nz_amean,mfcc2V_sma3nz_stddevNorm,mfcc3V_sma3nz_amean,mfcc3V_sma3nz_stddevNorm,mfcc4V_sma3nz_amean,mfcc4V_sma3nz_stddevNorm,alphaRatioUV_sma3nz_amean,hammarbergIndexUV_sma3nz_amean,slopeUV0-500_sma3nz_amean,slopeUV500-1500_sma3nz_amean,spectralFluxUV_sma3nz_amean,loudnessPeaksPerSec,VoicedSegmentsPerSec,MeanVoicedSegmentLengthSec,StddevVoicedSegmentLengthSec,MeanUnvoicedSegmentLength,StddevUnvoicedSegmentLength,equivalentSoundLevel_dBp,participant,session,clip_id,speaker,engagement_start_time,engagement_end_time,speaker_start_time,speaker_end_time,num_segments,speech_duration,label
35.942387,0.021818915,35.229706,35.68419,36.825676,1.5959702,16.583725,10.759739,7.83736,5.2295723,0.19514775,0.57508796,0.09144479,0.18107183,0.2777044,0.1862596,2.3504348,0.91684383,2.9886541,1.5679796,0.095743366,0.6462745,21.196737,0.5145792,22.57302,0.32829693,5.5448837,1.5911154,-5.3664713,-1.554763,0.027841035,0.592569,1.8012635,0.4853744,8.066415,0.21298386,17.739902,0.42788905,35.53156,0.20251831,747.87244,0.3068726,1464.2349,0.08656638,-138.10199,-0.6163084,1831.2214,0.13096897,1286.5554,0.21200876,-139.08049,-0.5610899,2898.7844,0.09560617,1132.409,0.28537694,-140.04533,-0.54866314,-24.771818,-0.097731136,35.567207,0.10408847,0.03910702,0.59222806,-0.014680762,-0.45648083,0.14190029,0.24298885,28.852398,0.14433448,20.31979,0.23166476,8.711343,0.8350268,-7.0712996,-0.87299436,-15.871256,25.591766,0.02902648,-0.0054712426,0.075289674,7.2,2.5000002,0.13666667,0.04109609,0.24333334,0.21699975,-34.51277,12,10,0,SPEAKER_00,0.0,85.3,23.21721875,74.12909375000001,3,1.2656250000000107,disengaged
36.276928,0.07244289,34.6868,36.775803,38.898743,4.2119446,512.3931,387.09683,35.103622,28.976759,0.21964571,0.59720707,0.12860575,0.18206254,0.29767418,0.16906843,3.218756,1.9748509,2.3029728,1.6517868,0.10277886,0.8576346,20.851002,0.7759073,20.60701,0.35163727,3.492669,2.5038743,-8.992641,-1.3195728,0.028366767,1.0535092,1.9711632,0.6301606,6.571458,0.38795215,7.0498304,1.4520823,38.767056,0.14304541,616.76154,0.31198445,1464.4226,0.12650411,-163.87228,-0.4396966,1662.8297,0.16217011,1273.6594,0.1561975,-156.97856,-0.4507193,2759.5105,0.08562522,997.71265,0.18425108,-158.9009,-0.42508918,-19.430027,-0.20684125,32.38528,0.15171747,0.033379097,0.6793858,-0.026698738,-0.4834805,0.18245748,0.64453244,30.662697,0.24720083,13.62491,0.53905565,-5.012907,-1.8157647,-21.546219,-0.5325342,-15.315436,23.816236,0.010131642,-0.007853089,0.07800954,5.3435116,3.1128407,0.07,0.05656854,0.22874999,0.1692954,-34.359833,12,10,2,SPEAKER_00,87.6,95.166667,88.47284375000001,94.29471875,5,2.632499999999993,disengaged
37.331856,0.020765197,36.317005,37.63991,37.976074,1.6590691,109.32236,88.02185,5.3369145,10.364471,0.23078263,0.48256877,0.13175628,0.21222878,0.32910985,0.19735357,3.176746,1.3179418,2.2884815,1.3388915,0.09908798,0.6189215,21.375229,0.59945565,21.500935,0.33761728,2.5868402,2.6634672,-7.172175,-1.0073053,0.030516043,0.4524035,1.7951766,0.35592484,7.302948,0.19647458,12.40064,0.64697945,32.093697,0.1426619,784.6,0.1921929,1298.0577,0.17233041,-149.6465,-0.5290731,1951.3706,0.12136051,1106.8591,0.1302754,-152.44273,-0.46816608,2955.0654,0.068903,1192.6119,0.52045935,-153.60555,-0.45352674,-17.89019,-0.20432307,32.176918,0.1129927,0.027816063,0.4615527,-0.020519372,-0.3302752,0.14355278,0.30718702,28.81226,0.16680297,16.466396,0.27968717,-1.0359406,-8.387091,-14.235659,-0.42928812,-15.00133,23.694422,0.0130040385,-0.0075935633,0.08396026,5.035971,2.9850748,0.0875,0.03269174,0.22749999,0.18552291,-35.4361,12,10,4,SPEAKER_02,100.066667,101.466667,100.066667,101.466667,1,1.4000000000000057,disengaged
37.838417,0.056107435,36.377964,38.289547,38.98221,2.6042442,158.10658,171.85217,7.775248,43.58489,0.32985088,0.70394874,0.1254532,0.27823508,0.5297491,0.4042959,6.1490617,3.6478033,4.2383747,2.4507384,0.17226018,0.7339625,23.26468,0.48202452,16.916656,0.5091972,4.977453,2.5227299,-13.097221,-1.0637065,0.027757522,0.73667336,1.8756003,0.5413412,7.4976983,0.2693897,14.253795,0.7351616,29.918314,0.2605032,676.6195,0.2777433,1438.8981,0.11178321,-123.82013,-0.69824266,1769.533,0.14777982,1277.7017,0.23994787,-116.772736,-0.68918353,2776.7092,0.09013318,1092.7308,0.47823903,-118.473335,-0.6644664,-16.721966,-0.5259338,28.979187,0.27790812,0.03656985,0.5143421,-0.02065254,-0.6512879,0.23117095,0.52125114,25.175156,0.3308686,14.355731,0.72087383,4.3182163,3.4852993,-19.715109,-0.7115433,-16.67384,25.924994,0.026874807,-0.008850031,0.11989754,3.846154,3.8997216,0.11571428,0.070072845,0.12071428,0.14325124,-29.950811,12,10,6,SPEAKER_02,102.6,107.8,102.6,107.57534375,4,3.659093750000011,disengaged
37.130333,0.09229044,35.105316,36.39924,38.107456,3.00214,109.41518,143.37227,108.46081,138.29074,0.33507714,0.7900655,0.12659669,0.23902945,0.535225,0.40862828,5.2803316,3.000861,4.244506,2.779443,0.1608604,0.8833306,22.019518,0.6929236,16.85833,0.5473301,6.301257,2.0917885,-12.887379,-1.134179,0.025709612,0.98513246,1.5303537,0.59385973,7.994317,0.35443375,13.9758005,0.7911841,31.03815,0.33464137,691.4689,0.31295833,1442.2966,0.18713064,-124.51416,-0.7214532,1782.1295,0.15219954,1234.4813,0.29655066,-123.46616,-0.6685632,2821.0361,0.091465674,1067.1733,0.35214177,-124.92233,-0.6467859,-17.515148,-0.5128068,28.89059,0.3617561,0.048811525,0.42476735,-0.01902562,-0.6243977,0.24982412,0.58217543,26.346771,0.4349271,12.907936,0.7413216,5.0856695,3.458667,-22.616108,-0.65458864,-14.923999,23.788849,0.022990935,-0.0055074478,0.09031788,2.9385576,2.5962398,0.16241379,0.13639838,0.21703702,0.22490844,-28.419758,12,10,9,SPEAKER_02,109.8,133.6,109.8,132.65159375000002,9,11.241593750000035,engaged
37.395363,0.022340788,36.67477,37.475235,38.034004,1.3592339,59.070637,48.912247,22.077602,13.765781,0.1896211,0.62180483,0.093152165,0.1501159,0.3311175,0.23796535,2.7233758,1.290262,1.2426789,0.84762794,0.08570115,0.8658477,12.935799,1.9717648,22.219688,0.31407943,6.6807117,1.4324253,-4.4861493,-2.6295447,0.0258866,0.56153375,1.4136575,0.66020817,8.710636,0.26009327,20.976187,0.2067324,37.628582,0.12999986,723.7794,0.27741942,1412.1102,0.1451831,-152.52412,-0.4989855,1852.4733,0.14019981,1295.8605,0.26293382,-147.43153,-0.50931853,2875.3193,0.076282635,1029.2545,0.15525822,-148.84624,-0.49046507,-20.617634,-0.42756817,32.28745,0.3466414,0.04510956,0.43656483,-0.013661525,-1.3248357,0.15106949,0.4056053,27.646456,0.5361868,17.520542,0.3521416,6.686777,1.7707503,-13.926352,-0.8137407,-7.4999566,14.159563,0.031048333,0.008429699,0.053406082,5.5248623,2.2857144,0.13,0.05338539,0.38333333,0.06847546,-33.92964,12,10,10,SPEAKER_02,133.633333,137.366667,134.60909375,137.366667,3,1.8294482500000129,disengaged
37.491467,0.103731856,35.71378,37.159992,38.594337,2.880558,251.54453,324.4191,84.88207,113.1992,0.21709272,0.743025,0.07731142,0.16981642,0.3481732,0.27086177,3.3589387,2.091646,3.0518425,1.9146725,0.12100927,1.0262045,24.631723,0.70715654,19.250479,0.5845164,8.4771,1.7600403,-6.3692517,-2.0412135,0.027468467,1.4762928,1.4809378,0.7328355,9.432724,0.37904882,12.713559,0.89924693,31.33582,0.3309997,789.20245,0.2723642,1431.1327,0.14216547,-100.45935,-0.8277178,1883.8694,0.1337484,1292.0511,0.22475891,-104.86248,-0.7116781,2951.8152,0.08463217,1076.5786,0.21501364,-106.82115,-0.6745315,-24.200876,-0.49496058,37.803955,0.2823169,0.035845086,0.509281,-0.0129586235,-1.2043157,0.17026818,0.79166,31.246796,0.36996055,17.73089,0.6741195,8.93249,1.8598859,-10.067214,-1.2959775,-14.004714,24.090137,0.02829978,0.0032932207,0.050257493,3.8022814,3.4438777,0.16407408,0.112488985,0.113199994,0.11616264,-27.594753,12,10,12,SPEAKER_02,138.166667,148.933333,138.166667,147.11346875,3,7.900551750000034,disengaged
36.514282,0.026298065,35.60492,36.46231,37.442394,1.8374748,13.595154,10.382111,15.969038,5.58499,0.50378335,0.5286627,0.24753912,0.4893696,0.78982955,0.54229045,7.488052,4.1934853,3.7917387,1.9781685,0.17246558,0.42490253,24.339388,0.4216012,12.347596,1.2956738,16.644587,0.9588443,-27.453875,-0.6382324,0.01491373,0.83123237,0.9797121,0.7597239,9.799799,0.23988084,11.971878,1.1162277,25.615162,0.28875732,681.8583,0.27402094,1369.4034,0.118397675,-29.530674,-1.698723,1791.3336,0.1341657,1172.8881,0.4514345,-43.156048,-0.99586314,2789.143,0.07766504,928.00195,0.40528798,-43.531178,-0.9711839,-17.52858,-0.4704868,25.7091,0.3995276,0.055141844,0.38237274,-0.017365692,-0.7871336,0.17638396,0.37984705,25.887363,0.3555638,11.390963,1.2557703,17.41028,0.93668574,-28.381083,-0.58469117,-14.939235,21.347284,0.050607484,-0.008322468,0.095883094,4.9586782,2.6086957,0.3433333,0.19482185,0.035,0.005,-28.042337,12,10,12,SPEAKER_01,138.166667,148.933333,147.70409375,148.933333,1,1.2292392500000062,disengaged
34.74754,0.048903935,34.170914,34.704063,35.652287,1.4813728,90.88846,89.02312,35.218075,26.065823,0.3862039,0.66116166,0.13060752,0.34834242,0.6422428,0.5116353,6.3663588,3.866233,4.413166,2.4680638,0.11332268,0.58912015,29.660534,0.19500016,13.235363,0.7208667,6.827231,2.2565205,-27.43644,-0.6765264,0.019617738,1.749194,1.1482568,0.8636353,9.02467,0.3073395,4.0318613,2.2994456,28.549683,0.23471686,603.1871,0.2789413,1474.1533,0.1290621,-62.917923,-1.3496486,1621.4034,0.15866661,1209.1667,0.23368919,-70.6467,-1.0847231,2755.432,0.078282125,966.8676,0.4116769,-75.68749,-0.9666466,-15.244459,-0.46731237,24.798616,0.29881597,0.056299463,0.37085623,-0.019108783,-0.4554616,0.12854475,0.5106007,28.7287,0.19776945,10.269479,0.89712507,5.7622256,2.988817,-34.491463,-0.46297362,-22.476694,33.91472,0.034587786,-0.01603051,0.07708513,3.2786884,2.9288704,0.23714285,0.14616178,0.084285714,0.04776644,-29.06937,12,10,14,SPEAKER_01,149.8,152.9,149.8,152.9,2,2.4587499999999807,disengaged
39.11735,0.087866254,36.336906,39.1558,41.197212,4.860306,-2.4791412,41.284317,38.5965,24.919958,0.31189623,0.8822307,0.0960193,0.22271045,0.510995,0.41497567,6.2959948,3.6402586,3.6783507,2.1544378,0.12959972,0.98012215,24.859886,0.5463279,11.540961,0.9053068,-5.713129,-2.5095181,-28.584011,-0.58364016,0.024284618,0.97011596,1.3314545,0.76673883,8.500443,0.46619952,6.1519613,1.8644763,31.445332,0.19810888,784.25543,0.19088426,1306.8715,0.1889164,-107.4726,-0.87141895,1906.391,0.12063624,1167.8859,0.38595584,-115.19376,-0.6963139,2905.0657,0.055957988,878.4413,0.340395,-115.61728,-0.6912164,-17.474415,-0.37797803,28.425667,0.33163118,0.0544243,0.3392194,-0.032726366,-0.4289574,0.19588286,0.6887936,26.596334,0.39875308,7.736228,1.3674307,-6.465219,-2.6476183,-38.434483,-0.4188763,-14.936471,26.267353,0.043217484,-0.015680173,0.06396124,3.7773361,3.4136546,0.13764705,0.09710694,0.13411765,0.1107758,-29.163822,12,10,16,SPEAKER_02,153.666667,164.666667,155.56784375,161.62596875,2,5.045625000000001,disengaged
36.989426,0.053014986,35.22086,36.576767,38.598526,3.3776665,43.318233,48.823574,14.252657,7.363166,0.26503783,0.8831113,0.077857785,0.20435448,0.4129521,0.3350943,5.8942146,3.497513,4.2863426,3.1433785,0.10513689,0.9367359,24.365974,0.5901683,14.322762,0.74836826,10.128075,1.4368882,-16.768335,-0.9327902,0.020210212,0.8693053,1.4548734,0.65356034,8.830215,0.3013728,13.807736,0.81097066,31.69548,0.28179774,661.26355,0.29506767,1464.8057,0.15430911,-88.60715,-1.0088638,1777.9788,0.13317204,1192.5226,0.31030932,-92.669495,-0.8387117,2830.7275,0.07685897,998.3877,0.37648323,-93.70299,-0.82117903,-19.936438,-0.39012024,30.191349,0.30544308,0.05476646,0.40800425,-0.017318904,-0.7186971,0.13802408,0.735729,28.711422,0.28872332,12.0254,0.9223419,10.126558,1.6508856,-23.173075,-0.65315896,-14.214944,23.644022,0.034418005,-3.417963e-05,0.049742147,3.8240917,3.2660904,0.18411763,0.21528527,0.10147058,0.105583325,-31.65699,12,10,17,SPEAKER_02,164.7,203.833333,169.48971875,186.93846875,7,10.479374999999948,engaged
38.275288,0.20570089,33.023304,42.143692,45.315132,12.291828,292.518,11.193344,210.00542,189.4862,0.14210679,0.4308542,0.090776786,0.1442008,0.20316741,0.11239062,1.2892724,0.8937653,1.296162,0.34164828,0.050605554,0.5095494,24.4294,0.33600542,17.049711,0.34562734,17.08642,0.3812301,-6.945059,-1.149994,0.080171935,1.229978,1.9525596,0.55326396,7.356501,0.38858446,15.813656,0.53043634,22.789795,0.37658495,781.2547,0.30237463,1638.8126,0.13321625,-164.89813,-0.38975233,1830.6295,0.15641113,1297.4382,0.26616287,-159.01268,-0.42295766,2836.2302,0.09531812,1178.2391,0.3501779,-158.6126,-0.42841306,-24.24338,-0.22701108,34.048332,0.21110624,0.0596711,0.23965535,-0.011763077,-0.6793515,0.058532387,0.35090932,27.77837,0.22418769,16.165354,0.22281845,13.696559,0.40269122,-13.674664,-0.44540682,-19.186966,27.310541,0.041490752,-0.0024876953,0.049419943,5.932204,3.539823,0.06,0.03,0.2025,0.115839325,-39.55763,12,10,17,SPEAKER_00,164.7,203.833333,168.29159375,169.48971875,1,1.1981250000000045,engaged
36.016163,0.020836197,35.22398,35.947086,36.685993,1.4620132,63.6451,51.30303,7.3326235,8.444413,0.21363162,0.75039095,0.07623908,0.17237508,0.32462835,0.24838927,2.976724,1.8320936,2.3012137,1.7627546,0.089916036,0.86487436,21.121243,0.91462886,20.01388,0.5607182,8.076285,1.641592,-10.832029,-1.2013713,0.017519098,0.8510255,1.3685043,0.69021213,9.194621,0.30053127,14.29969,0.82523435,36.577026,0.25378764,644.191,0.30722106,1453.9832,0.109797046,-104.53771,-0.8930539,1795.465,0.12247458,1276.8213,0.17301594,-110.45616,-0.72506994,2831.7266,0.08831571,1106.3147,0.18253458,-112.13923,-0.69616896,-22.110231,-0.42319787,35.69562,0.17683205,0.055728756,0.3695796,-0.019817369,-0.5747695,0.14037317,0.5209553,31.433039,0.28922698,16.407087,0.7550414,5.578426,2.899768,-18.942183,-0.62322116,-11.323233,19.172964,0.02762164,0.006607801,0.029068898,3.7500002,3.2467532,0.156,0.18639742,0.132,0.120399326,-31.650719,12,10,18,SPEAKER_02,203.866667,206.2,204.13409375,206.2,2,1.6102812499999573,disengaged
34.85544,0.106947556,33.50891,34.852608,36.696365,3.1874542,499.86487,771.1136,135.02274,120.35679,0.1620192,0.7502296,0.05036716,0.15145032,0.23206984,0.18170267,2.748342,1.7799735,1.7206984,1.0464412,0.073304355,1.0063477,19.597418,0.9708183,18.933643,0.4350078,7.492558,1.2906758,-8.57862,-1.3047502,0.039783258,1.4037144,1.7520711,0.56044453,6.8454204,0.42181483,11.737943,0.8848323,37.521748,0.18724634,697.87274,0.28155455,1514.39,0.120213956,-128.98586,-0.6830541,1781.0782,0.12793975,1354.3354,0.22295369,-132.1496,-0.60015535,2847.7898,0.08002826,1110.0027,0.33569488,-134.05995,-0.57362825,-23.17343,-0.30823728,35.128365,0.2064567,0.05022222,0.4130295,-0.017591044,-0.684116,0.124507785,0.64771914,32.17317,0.24224558,16.627016,0.48220727,5.36395,2.1605604,-15.306674,-0.7628332,-11.471455,19.947874,0.03044022,0.0051401327,0.038107187,4.197901,2.8744328,0.13210526,0.06947767,0.21764705,0.2039472,-34.565006,12,10,19,SPEAKER_02,206.233333,214.0,206.233333,214.0,4,6.686667000000085,engaged
35.840977,0.13598427,32.959007,35.90987,38.019608,5.0606003,218.0149,323.3792,107.09731,149.4196,0.27886733,0.7168714,0.105865955,0.24833678,0.42244896,0.316583,5.0378647,3.296528,3.5027335,3.1304164,0.12411197,0.9129506,22.530434,0.7104344,17.077765,0.6616297,6.631234,1.9533743,-12.633509,-1.1198494,0.03393587,1.894074,1.5246525,0.6964511,8.199011,0.42787907,8.679897,1.3453606,29.636898,0.3990463,732.707,0.28761873,1442.3997,0.15413986,-94.03061,-0.9253671,1835.0385,0.13612182,1203.7063,0.2645218,-97.356926,-0.79724663,2880.9995,0.08021732,1007.48114,0.307268,-98.929436,-0.7712955,-21.648867,-0.39051393,32.312332,0.299545,0.051222194,0.44397426,-0.020882046,-0.68372154,0.15955266,0.70064014,28.57126,0.3764094,15.748079,0.74324524,6.960653,2.1050806,-16.689098,-0.915676,-12.156391,20.509838,0.034166705,-0.0013298946,0.06961422,3.4331338,3.68,0.15565217,0.1628837,0.11025316,0.12647083,-29.754911,12,10,20,SPEAKER_02,214.033333,276.233333,214.033333,270.63846875,14,25.065760749999953,disengaged
35.502903,0.13104805,34.73455,35.58266,37.075066,2.3405151,172.44928,118.91217,328.81625,430.8253,0.18736814,0.80944216,0.062527105,0.1322447,0.33075607,0.26822895,2.9824743,2.1292744,2.085396,1.3924117,0.074867606,1.1797829,18.548504,1.0627269,19.851446,0.29184186,9.435334,1.0567333,-8.930615,-1.6957003,0.031732824,1.4399632,1.6648837,0.87053967,8.832218,0.38935015,16.045607,0.6371415,38.99932,0.29962006,737.538,0.26597098,1510.6716,0.22241525,-138.3155,-0.61934,1881.9987,0.12762997,1275.3512,0.19959094,-141.8706,-0.5317083,2925.2202,0.081942216,1043.0494,0.23005682,-142.16518,-0.52914447,-26.215189,-0.2915298,36.702633,0.26019105,0.06571361,0.4489288,-0.0232012,-0.6173787,0.11932315,0.6629188,31.721352,0.32255337,19.368738,0.23601969,7.188214,1.2983884,-21.097261,-0.6502101,-11.037669,18.7702,0.022454869,0.0036281256,0.049760025,3.7688441,2.8061225,0.11636364,0.13779251,0.22,0.2091976,-31.637987,12,10,20,SPEAKER_00,214.033333,276.233333,234.15471875000003,249.46034375,7,3.9993749999999295,disengaged
40.688477,0.10925691,37.232098,38.7563,45.71203,8.479931,128.96887,129.23055,23.05575,37.65483,0.6042422,0.9023543,0.07532045,0.43123373,1.1289544,1.0536339,12.542893,4.9829507,7.0398507,3.9761162,0.29207262,1.0190947,14.994655,1.1123968,6.987194,1.652725,0.5755212,27.88128,-30.385826,-0.7071547,0.021599421,2.0063603,1.2388262,0.6928998,9.161429,0.36110193,12.812053,0.9220758,26.787424,0.44286138,751.99304,0.23809119,1307.8633,0.17207873,-83.49488,-1.1084093,1865.1554,0.12143167,1025.7598,0.39898685,-86.0259,-0.94351906,2869.249,0.06533256,939.72644,0.46023303,-86.26802,-0.9370458,-14.826161,-0.5447839,23.236092,0.45456094,0.06964216,0.2732824,-0.029819129,-0.5041671,0.42761356,0.6713704,19.427792,0.6172945,2.5750365,4.456425,-1.4910462,-11.777515,-40.904694,-0.4510977,-7.4702735,14.992871,0.038819112,0.0033087467,0.05314442,3.1512606,2.5641026,0.24416666,0.09534659,0.16555555,0.13630937,-22.22211,12,10,20,SPEAKER_01,214.033333,276.233333,271.06034375,275.98784375,2,4.775624999999991,disengaged
39.741726,0.09650022,36.81681,38.864666,43.350357,6.5335464,122.484184,136.5502,76.336876,71.24169,0.6603257,0.7717159,0.17181145,0.5507391,1.1111584,0.9393469,10.115622,5.390919,7.234806,3.117165,0.28583163,1.0018139,11.997512,1.2426057,4.4919014,3.0787668,3.699537,4.179674,-33.589867,-0.5762389,0.027733061,1.709149,1.2617356,0.6689972,7.9900246,0.43521988,12.384368,0.9650674,20.333996,0.3958857,743.43536,0.25276887,1341.9293,0.18013655,-69.72655,-1.2734873,1861.1785,0.11410153,985.50507,0.46894935,-71.76605,-1.0932987,2854.3062,0.073815,884.27014,0.5039894,-70.14957,-1.1324952,-12.019446,-0.7073928,18.977262,0.5451897,0.07185414,0.2881663,-0.02557291,-0.55858994,0.37235814,0.7905229,16.095213,0.5823341,1.3395418,10.2337,5.7478843,2.945748,-41.749218,-0.36019528,-5.085568,11.405679,0.05724943,-0.0037418788,0.08254509,3.3009708,2.5490196,0.26999998,0.19705524,0.11909091,0.08016512,-23.796623,12,10,21,SPEAKER_01,276.266667,323.033333,276.56159375000004,286.99034375,6,5.163749999999993,engaged
37.898922,0.11165646,34.8695,36.894615,40.66288,5.7933807,164.21393,281.13205,62.15083,79.81844,0.40982994,0.82690805,0.11299815,0.31127745,0.7166367,0.6036386,7.173096,4.0918612,4.957794,3.1656678,0.17659299,1.10471,16.41675,1.0976037,11.687899,1.1076778,3.002685,5.518896,-27.056683,-0.73767424,0.025858419,1.3756407,1.2826874,0.7222645,8.477578,0.3904122,8.006928,1.4382703,27.84842,0.38892403,742.8881,0.25139484,1366.4338,0.16526662,-88.76289,-1.0663902,1855.9384,0.13430685,1133.8839,0.37824917,-93.18506,-0.8989081,2860.8105,0.07160318,918.8741,0.39323875,-93.32999,-0.89432275,-16.225054,-0.514994,25.71689,0.37618944,0.060492378,0.3494494,-0.028427403,-0.5306459,0.24593136,0.8456352,22.761889,0.43885192,7.25923,1.747787,0.4114431,45.273335,-36.885727,-0.4196674,-8.087769,15.354434,0.040291805,-0.003971472,0.07208968,2.9352226,2.435312,0.23895833,0.18473223,0.1548936,0.1346528,-26.665672,12,10,21,SPEAKER_02,276.266667,323.033333,286.38284375,319.57596875,20,19.777500000000146,engaged
40.373177,0.080658294,36.824898,40.056232,44.35005,7.525154,188.81236,156.52042,69.729294,91.2255,0.272289,0.68397146,0.10279549,0.24570136,0.40377858,0.3009831,2.8250844,1.4272562,3.7465944,1.5575266,0.100384295,0.7534856,19.565374,0.92329836,13.955892,0.59816957,3.7824485,3.2210417,-17.265764,-0.7518623,0.024517242,1.3470277,1.1835281,0.6943827,10.718126,0.2630626,13.906994,0.76789904,33.708237,0.30024454,766.6391,0.23890835,1335.9524,0.18784198,-85.72338,-1.0215063,1873.39,0.106957234,1164.6149,0.15852104,-93.3294,-0.79803354,2913.4453,0.07729124,928.4886,0.29278407,-95.54631,-0.76126266,-21.674742,-0.48332316,34.128464,0.31849027,0.05612586,0.4268434,-0.020325148,-0.64704376,0.13480884,0.49700722,27.654383,0.41401973,13.019994,0.69214535,1.0563009,12.542924,-23.186134,-0.48712906,-7.3136873,15.309496,0.04154652,0.003260461,0.04556254,3.3898306,2.906977,0.21399999,0.1400857,0.106,0.05122499,-31.071896,12,10,22,SPEAKER_02,323.066667,331.633333,323.38971875000004,326.62971875,2,1.7887499999999363,disengaged
37.952526,0.06253958,37.592,37.658585,37.711025,0.119026184,3.3479927,0.0,67.75539,72.27134,0.20844552,0.56143045,0.08321537,0.20928672,0.3174376,0.23422222,2.4814565,1.5228075,1.1857171,0.8394242,0.059968695,0.70856345,20.926159,0.7831595,22.684427,0.32195193,12.767154,0.748072,-1.6132205,-5.9478946,0.022195889,0.77061915,0.90793294,1.0230103,11.626857,0.25125977,12.756322,0.43956053,25.825539,0.33469594,906.7879,0.19742985,1441.1119,0.16704603,-111.71365,-0.7053754,1970.4227,0.09736397,1236.166,0.22507544,-109.51242,-0.6793817,2997.236,0.068104655,1089.047,0.26747027,-109.881516,-0.67501307,-27.698584,-0.29633665,38.638905,0.23699291,0.030288354,0.45806256,-0.012317079,-0.6411304,0.07675452,0.5201583,26.311893,0.30010897,24.24672,0.33982846,13.75372,0.68211377,-0.4294488,-21.189917,-14.685188,23.16348,0.023268968,-0.0005688211,0.038231038,3.6231885,1.8382353,0.308,0.7784574,0.19545454,0.17721911,-31.55579,12,10,23,SPEAKER_00,331.666667,364.1,333.09284375000004,354.87846875,5,5.535000000000025,engaged
39.694088,0.17010613,36.48606,41.062363,45.78223,9.296169,75.447334,66.7818,135.72185,123.08826,0.43974364,0.9357129,0.115799166,0.3340982,0.6196716,0.5038724,8.174781,4.6731143,5.0349426,6.3795013,0.1891263,1.2051126,19.584103,0.6038434,4.245841,3.6491923,3.3792639,4.4158897,-22.825083,-0.68283266,0.032484375,1.1272507,1.6996925,0.7662622,8.031023,0.5109431,8.058906,1.4692638,21.371258,0.6908237,822.2162,0.24933797,1335.0828,0.23284936,-106.958374,-0.8565922,1896.5438,0.13222484,1121.0613,0.34817845,-105.33939,-0.7931118,2886.7122,0.08544758,977.237,0.31417787,-105.950775,-0.78227544,-14.477405,-0.59939134,25.547207,0.42012513,0.06185373,0.36404076,-0.022331681,-0.8778119,0.2555493,0.91189146,22.816069,0.4021885,-0.008145269,-1988.5896,-1.3493398,-13.028745,-29.59058,-0.47540948,-12.244936,20.06743,0.043313894,-0.009304722,0.11694869,2.8508773,3.3259425,0.152,0.11112755,0.12,0.080777474,-26.681667,12,10,23,SPEAKER_02,331.666667,364.1,338.13846875,354.96284375000005,9,4.573125000000061,engaged
37.45187,0.046477564,36.75756,37.593422,38.684795,1.9272346,33.12021,24.201057,17.344065,11.935205,0.32747298,0.56732684,0.15300238,0.31066412,0.50006115,0.34705877,5.232061,1.7334198,4.6059523,1.2437348,0.19077224,0.6908531,22.931147,0.5088931,14.552548,0.68004507,10.138407,1.0039492,-17.452768,-0.64088017,0.05225584,1.7922035,1.9275261,0.5479146,8.074305,0.2879449,15.673332,0.54697675,31.329842,0.21093978,681.7487,0.2788975,1473.2494,0.15416116,-77.35074,-1.0885376,1797.8208,0.11970499,1079.2456,0.19194649,-79.58029,-0.904369,2846.5369,0.0753648,843.61273,0.2598203,-80.97071,-0.88014156,-19.268858,-0.35590374,27.692728,0.3312116,0.05506787,0.3566787,-0.020912277,-0.5670207,0.19389242,0.46947387,25.38528,0.38178572,12.679073,0.77519846,10.408763,1.0306057,-19.395794,-0.5714858,-15.214051,22.614012,0.04892323,-0.010425325,0.19683936,5.3030305,3.968254,0.17,0.10936178,0.066,0.039293766,-29.127174,12,10,36,SPEAKER_02,385.6,386.933333,385.6,386.933333,1,1.333332999999982,disengaged
36.297867,0.07504461,34.582535,36.440033,37.84496,3.2624245,41.95947,24.846697,20.598213,5.6890516,0.32612732,0.5330967,0.16409963,0.2880201,0.46855015,0.3044505,5.702705,2.7624326,2.8040211,1.2296194,0.14365572,0.58818436,26.091902,0.5271148,12.886309,0.7655038,15.220007,0.8682558,-18.401651,-0.7819826,0.020491213,0.7015602,1.6393256,0.7224379,8.173149,0.33586383,12.603704,0.824929,29.406384,0.2861314,726.4778,0.27658314,1456.5338,0.16499092,-49.555355,-1.3789693,1858.9166,0.103256784,1104.1146,0.32483554,-61.91314,-0.9816022,2872.5876,0.07449825,996.6651,0.30871096,-62.207317,-0.97613645,-19.857145,-0.42557862,28.40477,0.37195364,0.05705994,0.3799371,-0.023207465,-0.47486833,0.15730248,0.5141856,28.243021,0.36405256,11.003235,0.8097375,15.158871,0.9203129,-21.63913,-0.6282923,-15.740073,23.15296,0.03256496,-0.007572938,0.09366872,4.845815,3.1531532,0.25,0.23928465,0.053333335,0.016996732,-30.979807,12,10,37,SPEAKER_02,386.966667,389.466667,386.966667,389.25284375,1,2.2861767500000383,engaged
36.66582,0.07016572,34.727642,36.256325,38.293095,3.5654526,46.85182,34.8115,36.06838,35.93433,0.3751494,0.7192833,0.13361993,0.30237636,0.6101252,0.47650525,6.040187,3.3083982,5.1314807,2.98596,0.16184382,0.8147594,23.11244,0.5878709,14.807764,0.7622999,11.753212,1.5464374,-24.731052,-0.76872164,0.030223427,0.98363364,1.5253308,0.6834128,8.011424,0.30752668,12.129587,0.85783607,30.309467,0.34898588,718.1975,0.24975011,1456.9403,0.19704755,-62.81388,-1.2979553,1843.5447,0.14016458,1096.1775,0.30069813,-71.23796,-0.99355656,2861.0254,0.08055823,918.7581,0.31947264,-70.60829,-1.007503,-17.858496,-0.3909058,26.981503,0.34537262,0.0593351,0.37697762,-0.024205798,-0.58303034,0.19919765,0.67325056,25.763556,0.37415215,11.962529,0.77023965,10.241588,1.6876037,-30.832052,-0.5488269,-12.014834,18.811455,0.03580783,-0.00407422,0.061349727,3.6082475,2.6455026,0.274,0.22177465,0.081999995,0.026381811,-27.22192,12,10,38,SPEAKER_02,389.5,392.1,389.5,392.1,2,1.9587499999998954,disengaged
36.43146,0.052628994,34.822403,35.547066,37.885887,3.0634842,111.03329,157.17314,22.290543,6.8542438,0.1909813,0.9412255,0.04098525,0.12692049,0.31810442,0.27711916,4.413759,1.892537,3.1769066,0.99857247,0.11194927,1.2469083,20.529615,0.94426864,18.996891,0.46894056,6.305983,1.8532639,-11.327226,-1.4941515,0.021687655,0.697408,1.8637397,0.669543,8.411933,0.29500997,11.642368,0.48659712,34.77256,0.14688821,812.7322,0.2614837,1393.8582,0.20855646,-117.83152,-0.74220055,1946.0687,0.12940231,1177.3027,0.26214173,-125.34193,-0.6161996,2929.4604,0.07932409,1014.43195,0.31564197,-125.05873,-0.6224701,-21.541363,-0.35232377,32.21808,0.30157018,0.05341981,0.43287414,-0.018351689,-0.95474964,0.15900078,0.8903756,29.77799,0.38242897,15.530932,0.4134989,9.852781,1.3362767,-21.981419,-0.7921653,-11.420351,21.532013,0.033377133,0.0062259855,0.06883876,3.2051284,3.3333333,0.128,0.09410632,0.125,0.0799479,-31.022514,12,10,39,SPEAKER_02,392.133333,394.266667,392.133333,394.266667,3,1.5764589999998861,engaged
38.33845,0.028819485,37.44868,38.202934,39.645885,2.1972046,42.15264,27.880684,10.811663,6.9893894,0.38061684,0.5078371,0.25660652,0.36304584,0.4451588,0.18855229,4.5158486,2.5540664,2.5871432,1.0379134,0.22946543,0.5566005,30.551662,0.2368334,10.444908,1.2670442,4.006938,4.145365,-15.4677,-0.7461691,0.022533454,0.5991293,1.473647,0.7782492,9.811424,0.24407999,12.730017,1.089872,31.324722,0.17135775,823.1595,0.23732643,1349.7074,0.17366894,-60.07704,-1.1493139,1939.6129,0.11543719,1213.7194,0.1954225,-68.24334,-0.80037093,2933.7383,0.073278055,1009.6832,0.24288446,-70.59778,-0.75484324,-21.714502,-0.47097075,35.831158,0.20405774,0.04165562,0.44305125,-0.020562358,-0.5979201,0.2557156,0.47357967,32.331936,0.15294471,12.128774,0.9938929,5.4072413,2.9707968,-17.65902,-0.675447,-10.209768,23.363081,0.02795748,-0.0038600666,0.13316202,5.504587,4.854369,0.16,0.04560702,0.06,0.04,-25.913795,12,10,40,SPEAKER_02,394.3,396.0,394.3,396.0,2,1.109375,disengaged
37.740486,0.040228948,36.688457,37.918537,38.841576,2.1531181,23.20844,11.357492,9.528619,15.94521,0.32248798,0.70142174,0.11018987,0.29425028,0.5094916,0.39930177,4.88024,2.7359679,4.2718925,2.3212376,0.14251655,0.70845413,22.717007,0.69251287,14.927672,0.8409049,13.694963,1.0831105,-18.120676,-1.0778435,0.020159695,0.8225595,1.3583984,0.77442586,9.558011,0.30771643,16.250284,0.5269811,28.876324,0.33522126,725.14935,0.27400163,1391.7122,0.1320009,-76.446724,-1.0665916,1896.1643,0.11857627,1083.4404,0.31854084,-81.76634,-0.8758928,2880.069,0.08163667,1042.862,0.30578664,-81.28082,-0.88670284,-21.751156,-0.446339,30.991606,0.38640168,0.046570856,0.4548302,-0.024368677,-0.54379624,0.18139084,0.49750945,28.504122,0.3204038,13.387063,0.9519449,17.000244,0.9104779,-24.032467,-0.80505854,-9.29932,17.184187,0.027870016,0.0031252732,0.054977782,4.7745357,2.972973,0.2309091,0.1810301,0.095,0.08028075,-27.910477,12,10,42,SPEAKER_02,396.533333,402.4,396.533333,402.19596875,4,3.7895107500000904,disengaged
36.62719,0.02444506,35.849754,36.643528,37.360332,1.5105782,43.249672,55.53665,19.873398,13.209345,0.37207144,0.55324316,0.19525397,0.3569764,0.54649127,0.3512373,5.068392,3.930993,3.862583,2.1748765,0.15211257,0.5223801,25.98643,0.36212045,10.8822,0.9297384,12.614652,1.0729269,-20.692019,-0.8553173,0.023384964,0.93314034,1.5195982,0.701869,8.612838,0.32659248,11.000725,0.74803925,28.25957,0.24113612,750.9235,0.2507602,1420.6755,0.116628155,-53.254345,-1.3717904,1836.4889,0.11177704,1155.3613,0.30406123,-62.910515,-1.0178324,2861.1619,0.072762385,912.483,0.27647993,-63.324375,-1.013969,-19.255783,-0.41334853,29.343193,0.27206215,0.051738504,0.4401893,-0.020378303,-0.7641101,0.17125337,0.39433149,28.852003,0.2095689,9.973945,1.0628605,12.983302,1.0821979,-23.220947,-0.7607249,-12.341892,20.829277,0.031182235,0.0017164359,0.07216759,6.0439563,2.840909,0.274,0.2624957,0.07,0.027386129,-28.734491,12,10,43,SPEAKER_02,402.433333,405.666667,402.75284375,405.666667,3,1.8338232500001368,engaged
35.57672,0.03674677,34.49584,35.335922,36.27732,1.7814827,54.36495,61.31271,15.896502,10.638211,0.27543208,0.5414943,0.13029999,0.24118759,0.4047203,0.27442032,3.4155974,1.6111692,3.2373178,1.4843291,0.12158643,0.53190863,29.071545,0.42571053,17.065718,0.6576341,9.724943,1.513819,-17.092205,-1.0046656,0.020932043,0.72281075,1.5783353,0.47708562,7.781299,0.26235372,8.825904,1.1104898,32.275352,0.28411794,666.2928,0.25490442,1436.5159,0.14190371,-64.73793,-1.2452255,1789.6349,0.14053595,1184.681,0.30470276,-75.81404,-0.9292756,2857.1445,0.0662029,883.53906,0.22733414,-76.787025,-0.91187644,-20.57837,-0.3341766,30.871359,0.28359532,0.038565863,0.40634966,-0.021021029,-0.42861956,0.14590761,0.37877086,31.5359,0.24022704,13.92983,0.7978055,10.99465,1.5228559,-23.623375,-0.6520178,-18.525982,28.0159,0.011227691,-0.007065145,0.068111315,5.6962028,3.9215686,0.17666666,0.09944289,0.082499996,0.0553963,-32.7148,12,10,44,SPEAKER_02,405.7,407.733333,405.7,407.29221875,1,1.592218750000029,disengaged
36.635544,0.0812801,35.37327,36.74733,37.932297,2.5590286,229.70401,294.79517,57.450954,69.49355,0.20269574,0.70244545,0.07271738,0.17750354,0.32213163,0.24941425,3.218398,1.7682576,2.2703795,1.1748475,0.098870665,0.8775195,24.622276,0.6619188,18.268227,0.5468597,8.023929,1.5865273,-11.295408,-1.0685102,0.027755165,1.2888608,1.5495505,0.701417,8.639289,0.3975791,14.330136,0.79001415,34.727005,0.25093618,734.74115,0.2713062,1454.5624,0.13638414,-102.66185,-0.83519596,1847.8229,0.13080393,1270.3612,0.2564246,-105.932724,-0.7227731,2894.3606,0.083909914,1086.3965,0.2847527,-107.94461,-0.6908426,-23.633238,-0.4072881,35.892284,0.25051254,0.0494064,0.43088484,-0.017890848,-0.79951817,0.13780981,0.6401934,31.208668,0.32646292,16.955513,0.6353309,8.300307,1.7452527,-14.768149,-0.8233107,-14.3877,23.31291,0.038663093,0.00041995203,0.046667594,4.0847588,3.5787323,0.15114285,0.11912833,0.116589144,0.09835463,-30.453224,12,10,45,SPEAKER_02,407.766667,494.1,408.30471875,493.91159375,18,39.18374999999992,engaged
37.153126,0.117480315,34.567913,35.93358,37.936848,3.3689346,84.05497,89.25771,64.41906,82.53815,0.45830923,0.8118649,0.112503335,0.38719025,0.7665637,0.65406036,8.640883,5.2616305,5.973617,3.6350617,0.20471548,0.95864576,19.325842,0.76117134,10.220491,1.289731,9.045925,1.7333313,-27.226513,-0.6900036,0.022843922,1.1524299,1.3360026,0.68619734,8.418429,0.35155034,6.237736,1.9561658,22.795,0.4502109,721.25934,0.2231001,1417.0212,0.18473932,-72.67014,-1.2293639,1837.9547,0.12500735,1022.52246,0.41328418,-77.79347,-1.0229852,2850.2678,0.077821754,865.4838,0.33010438,-77.51074,-1.029014,-16.44188,-0.45292184,25.22508,0.3359461,0.060114354,0.38399732,-0.029208515,-0.46900335,0.26813248,0.73623884,23.725096,0.37381303,6.8338075,2.0596511,9.682554,1.8563951,-35.005222,-0.46522063,-9.684259,17.170197,0.04036493,-0.0011223522,0.06746816,3.5906644,1.9927536,0.3381818,0.3474797,0.13083333,0.1613205,-25.823166,12,10,45,SPEAKER_01,407.766667,494.1,417.02909375,424.36971875,2,5.585625000000107,engaged
37.738506,9.2548005e-05,37.736298,37.738556,37.740738,0.0044403076,0.0,0.0,-0.0013599396,0.0,0.10165106,0.34811565,0.07354854,0.10108804,0.13592882,0.062380284,1.1127642,0.3752466,1.1177859,0.85618263,0.036049332,0.52959484,24.815693,0.34214872,20.360592,0.26030114,12.619007,0.4630399,-4.447011,-1.7631992,0.025174098,0.087432176,1.9038874,0.052140247,7.670363,0.07493691,27.943068,0.045715794,37.255047,0.01609573,559.9459,0.09284869,1445.9706,0.02184959,-194.49669,-0.15763967,1744.8374,0.038919177,1190.3937,0.10426876,-195.41167,-0.1337942,2850.425,0.021620002,690.5455,0.060419895,-195.31215,-0.13576482,-23.294062,-0.021094812,32.22347,0.02911377,0.044311263,0.20467669,-0.022371247,-0.040376306,0.07045999,0.21205106,31.30383,0.017965175,17.779787,0.11717697,15.893778,0.17561854,-20.504852,-0.18467373,-20.465822,30.01229,0.03290958,-0.0068814475,0.03610794,7.377049,0.85470086,0.03,0.0,0.555,0.205,-46.003956,12,10,45,SPEAKER_00,407.766667,494.1,438.83159375,440.06346875,1,1.2318750000000023,engaged
36.2823,0.039998226,35.193848,36.505882,37.793854,2.600006,51.64154,62.810944,16.419174,7.2244425,0.20050743,0.69873655,0.081839375,0.16753992,0.36029837,0.27845898,2.280097,0.96757567,1.9212633,0.53553104,0.10458095,0.84978414,27.891665,0.51974094,21.66598,0.33706668,11.020985,0.8648058,-10.11684,-1.191335,0.02003601,0.6640551,1.4253125,0.7687417,9.574307,0.30737793,17.5501,0.6052424,40.470062,0.15871234,698.26,0.22584718,1495.143,0.09457732,-97.53927,-0.8850431,1870.321,0.08355936,1317.5387,0.16365077,-107.77147,-0.6890456,2901.413,0.06731909,1166.2059,0.25092804,-109.00188,-0.6725016,-28.959997,-0.17378658,40.395752,0.13378695,0.05161259,0.39613986,-0.021713883,-0.5552807,0.14125247,0.6211668,35.105595,0.15504685,20.829374,0.28848743,10.448639,1.061071,-13.900947,-0.9538685,-18.665161,27.931503,0.038207002,-0.0017087433,0.06208074,4.8192773,3.10559,0.17799999,0.08930845,0.12,0.046904158,-29.50337,12,10,46,SPEAKER_02,494.133333,496.8,494.33346875,496.8,2,1.6734062500000846,disengaged
35.510914,0.06731779,34.395107,35.83101,36.984127,2.5890198,133.17015,74.560165,40.06164,17.178337,0.12795226,0.83142674,0.040690597,0.0953493,0.20329762,0.16260701,2.6485724,1.198937,2.1443582,1.5384667,0.057421915,1.0178708,20.485891,0.8168062,18.837229,0.49905172,9.928914,1.1484213,-10.156421,-1.3574196,0.05560107,1.5852991,2.1756673,0.51928526,6.368874,0.28769878,12.43656,1.0215402,33.7638,0.22813879,684.01404,0.34229654,1384.3223,0.15835117,-131.50832,-0.65675676,1824.5807,0.114007816,1196.3385,0.24531497,-137.79211,-0.54578453,2824.8254,0.090293966,1029.6841,0.2771948,-138.38121,-0.5404771,-20.839813,-0.3411775,31.062445,0.2899336,0.044403173,0.42446986,-0.01565994,-1.0135343,0.08674136,0.7947151,28.873627,0.36434886,16.359669,0.5257114,12.8658905,1.1039526,-16.47125,-0.847609,-14.818628,24.009306,0.02857545,0.0034154165,0.036664397,4.2168674,3.726708,0.09166667,0.042979326,0.13285714,0.09207362,-39.22292,12,10,47,SPEAKER_02,496.833333,498.966667,496.833333,498.966667,2,1.6777089999999362,engaged
37.74224,0.13587864,35.383152,38.029636,41.926224,6.5430717,167.09898,78.662056,91.637215,119.35537,0.21703078,0.7703176,0.079334654,0.17794324,0.31392193,0.23458728,4.3031225,3.8928204,3.047417,1.7030855,0.10716581,0.9053436,23.539547,0.68508375,15.818053,0.6802418,5.204588,2.3606791,-11.513764,-1.2447565,0.0501253,1.8905892,1.7678851,0.6009375,8.817927,0.3298614,11.444146,1.0031115,31.491196,0.32836333,759.92365,0.24796416,1433.7574,0.15522599,-118.66064,-0.7420602,1871.8438,0.11691765,1240.3203,0.2201608,-120.620865,-0.65342665,2907.1743,0.078557834,1045.7035,0.24867608,-122.530716,-0.62720174,-22.442204,-0.40280348,34.01964,0.29543576,0.047077727,0.5139025,-0.018768806,-0.7357106,0.1472718,0.6767075,29.681797,0.34950972,13.922011,0.8162541,3.641935,3.8137138,-16.06311,-0.84873873,-15.28864,24.183659,0.033267368,-0.002824071,0.07291915,4.496788,3.6956522,0.11882353,0.07315434,0.13058823,0.11248375,-30.948622,12,10,48,SPEAKER_02,499.0,508.3,499.0,504.25596875,2,4.682218750000118,disengaged
37.39551,0.05573817,35.82186,37.34038,38.46207,2.6402092,48.806183,68.38246,25.5693,31.234896,0.6044808,0.8322969,0.17855868,0.45922247,0.92248785,0.74392915,9.098891,7.410875,4.6876726,4.759414,0.28834918,0.7941265,21.949764,0.5337442,10.393013,1.2621379,5.1509533,3.1502705,-23.285934,-0.8044564,0.021822197,0.9450688,1.349373,0.6820741,8.144823,0.38121986,7.4865026,1.7792609,25.739336,0.45793432,738.56006,0.27701956,1457.7815,0.14231241,-64.103264,-1.2147193,1813.4321,0.13748232,1253.5079,0.32247952,-68.11704,-1.021816,2853.9756,0.08708071,1038.4637,0.39973304,-71.30705,-0.9419933,-16.729107,-0.64942265,27.724695,0.41613182,0.04420686,0.45540863,-0.021114383,-0.7151578,0.33144924,0.6639223,24.853998,0.37368852,8.610512,1.6256212,4.2571006,4.1271877,-26.56994,-0.71413565,-12.061403,19.413782,0.03420186,-0.0023143275,0.13124618,3.9702237,3.2745593,0.22461538,0.16321836,0.08333333,0.092376046,-23.74928,12,10,48,SPEAKER_01,499.0,508.3,504.25596875,508.3,1,4.044031249999989,disengaged
36.422512,0.07302388,35.14152,36.468407,37.307446,2.165924,35.333107,24.677208,24.870037,17.883762,0.6815626,0.8941576,0.17539313,0.3738191,1.1927257,1.0173326,16.081738,6.537282,9.300718,6.342438,0.27507558,0.9114001,19.690836,0.42992666,9.575973,1.4793752,5.603319,2.874929,-25.167707,-0.8032365,0.029356718,1.091869,1.7285002,0.7252675,6.616086,0.50782263,3.0363493,3.4883184,22.880194,0.45794076,671.65796,0.2876648,1400.3673,0.13377316,-67.008705,-1.252723,1739.8912,0.16363823,1094.4974,0.34503293,-67.29518,-1.0986041,2783.7556,0.096253894,1027.2103,0.41966087,-70.968864,-1.0082244,-12.353178,-0.6525794,21.026505,0.4720403,0.051382907,0.29919192,-0.017166601,-0.9102883,0.34179652,0.7730985,19.369745,0.44478527,7.0418086,2.1918268,1.3982601,10.587228,-29.427574,-0.70643127,-14.354092,19.94896,0.03883692,-0.007918701,0.1073239,3.301887,4.3689322,0.15888889,0.10629564,0.057499997,0.049434297,-24.12024,12,10,49,SPEAKER_01,508.333333,515.766667,508.333333,510.46596875000006,1,2.1326357500000768,engaged
37.820522,0.08377775,35.732304,37.785763,40.15341,4.4211082,144.54016,178.09079,33.18279,37.159782,0.47270152,0.9350245,0.1381126,0.33347344,0.69766635,0.55955374,11.093029,6.8870583,5.217539,4.005578,0.17337199,0.9803387,21.637508,0.5449496,7.993759,1.6546702,2.1195815,6.5619826,-26.977722,-0.6780267,0.019141784,1.5106049,1.2717788,0.6597836,8.657907,0.3615719,7.0420723,1.8788816,25.606358,0.39556816,687.4051,0.26040804,1339.5518,0.14657,-54.062378,-1.4650977,1818.4594,0.1453678,1102.2948,0.2995962,-61.51962,-1.1147108,2837.3376,0.06516649,937.2065,0.42150274,-63.76245,-1.0476418,-15.406808,-0.53573865,24.263891,0.36573738,0.04625675,0.41334388,-0.021829,-0.7114984,0.20172144,0.8548856,23.359756,0.34108296,6.103206,2.2071192,0.22417521,63.498447,-32.18671,-0.46033698,-13.251787,20.574202,0.03358486,-0.004954167,0.08054621,2.9801326,2.020202,0.38333333,0.20669353,0.07714286,0.033685215,-26.572203,12,10,49,SPEAKER_02,508.333333,515.766667,511.4447187500001,515.766667,2,3.0394482499998503,engaged
35.837524,0.05260602,33.95694,35.99693,37.417297,3.4603577,79.58851,118.22537,33.14884,20.000786,0.2509638,0.7740487,0.07795377,0.20815712,0.39949688,0.3215431,5.1923795,3.782571,2.614462,2.5232668,0.12229917,0.9350057,25.254242,0.7274245,11.458656,1.2493348,0.7012372,21.703442,-13.276098,-1.0595443,0.019932926,0.66245836,1.4482315,0.6031837,7.702997,0.47529003,8.37453,1.455069,33.333405,0.30634522,722.6428,0.23944274,1435.3976,0.15789089,-94.55606,-0.9383001,1801.2866,0.12700324,1260.0127,0.22254036,-100.337326,-0.7946851,2906.792,0.07349139,1032.4502,0.23962414,-104.556694,-0.72757244,-20.290451,-0.5613206,35.12699,0.25111443,0.04992768,0.3447343,-0.018025028,-0.9367195,0.16741249,0.6787252,33.673748,0.25136787,9.298755,1.6606234,0.4067905,40.520172,-18.793673,-0.68337077,-10.107433,20.574215,0.04058095,0.0048035653,0.054175023,3.4023669,3.2786884,0.17,0.13038404,0.13210526,0.1112408,-29.94606,12,10,51,SPEAKER_02,516.833333,525.766667,517.48596875,525.766667,4,6.778823249999618,engaged
40.63399,0.08649745,37.025085,41.261528,43.88491,6.859825,92.72103,90.31429,128.32771,159.13124,0.45247632,0.58748615,0.19710769,0.3972813,0.69037366,0.493266,6.013445,3.9914384,6.433117,3.7766666,0.2361974,0.61573935,25.621784,0.41563123,6.2337146,2.8219304,3.6322722,3.939906,-23.64924,-0.797484,0.026132364,1.3306942,1.2327651,0.73035896,10.253845,0.3096531,13.337182,0.82402694,29.225828,0.28120798,849.7341,0.20666523,1328.9275,0.124824025,-45.813015,-1.4051994,2002.0256,0.09172225,1097.4923,0.27983516,-58.998257,-0.92600286,2960.9324,0.06841685,982.2571,0.21167973,-58.97936,-0.92548823,-20.539854,-0.5150363,30.205124,0.38797787,0.052865274,0.41625005,-0.02071615,-0.52792907,0.26149434,0.55976075,25.572416,0.41629672,3.104747,5.6040974,4.42792,3.2832181,-26.441328,-0.7441962,-19.424349,27.050451,0.05423112,-0.025000768,0.18760233,4.761905,4.0404043,0.1925,0.17893784,0.036666665,0.012472192,-24.188803,12,10,52,SPEAKER_02,525.8,526.866667,525.8,526.866667,1,1.0666670000000522,disengaged
37.108604,0.06005666,35.482166,36.514717,39.122665,3.640499,91.928955,119.45755,30.07432,20.240448,0.2070618,0.8924561,0.061416127,0.16281891,0.31290445,0.25148833,5.3574,4.873989,4.8343697,5.1056256,0.11319848,1.193452,25.48824,0.5056433,14.499888,0.70969576,6.834681,1.626783,-12.225482,-1.0411589,0.028605897,0.866859,1.7229671,0.6809135,7.6996083,0.4850188,11.724911,0.91267234,33.341904,0.29211032,753.39374,0.2741095,1425.7765,0.13343757,-119.585945,-0.6969418,1836.054,0.12907986,1250.1644,0.2325401,-118.8776,-0.64075434,2877.6155,0.08216681,993.92456,0.26599854,-120.99298,-0.6109072,-21.26163,-0.5176556,33.192406,0.32457948,0.046967708,0.36947128,-0.019036314,-0.7769827,0.14851604,0.9452833,29.616316,0.40361428,14.546912,0.8208751,6.773798,1.7791892,-16.615295,-0.8100012,-16.390192,26.134747,0.040001202,-0.0044981334,0.08086106,4.7745357,5.390836,0.0805,0.058435865,0.09333333,0.07688375,-29.981083,12,10,53,SPEAKER_02,526.9,532.033333,526.9,532.033333,3,3.783333000000084,engaged
40.410854,0.09886515,37.183403,40.102325,42.00673,4.823326,331.41156,284.62704,112.30184,99.24101,0.3171157,1.1438303,0.050911266,0.1855365,0.52469563,0.47378436,5.8973846,2.6123629,5.101024,2.9426785,0.15860601,1.283237,17.276937,1.1350868,7.0320807,2.4073172,-4.4768767,-3.0341914,-15.693616,-0.96810013,0.024493184,0.8483285,1.6869249,0.751111,7.3279853,0.5657636,6.7125535,1.8289926,29.21427,0.28294605,824.26263,0.14167021,1256.108,0.1436213,-105.694305,-0.8619324,1935.5033,0.073692195,1073.0461,0.16987462,-110.827705,-0.7202357,2891.022,0.056869566,932.74274,0.24006468,-112.3914,-0.69650584,-16.055248,-0.74993175,25.722134,0.5493731,0.046056878,0.370255,-0.020198658,-1.0160115,0.22252825,0.929624,22.314444,0.8179543,6.058496,2.8221703,-5.2765837,-2.7972326,-22.468208,-0.7358953,-7.94007,16.186138,0.040791415,0.0022338708,0.098030865,3.5874438,4.587156,0.103999995,0.03693237,0.103333324,0.07888107,-29.78655,12,10,54,SPEAKER_02,532.066667,534.8,532.066667,534.3103437500001,1,2.243676750000077,disengaged
37.951153,0.13469006,35.756657,40.22663,42.12604,6.369385,219.2863,61.064217,62.27751,38.957256,0.2147185,0.84603494,0.056738824,0.1646887,0.39056373,0.3338249,3.5472634,1.8764577,2.1392977,0.96566266,0.08620249,0.89002246,26.3798,0.40469918,11.632727,0.798596,1.1051377,10.512565,-17.831247,-0.8136322,0.031083573,1.3605337,1.3961301,0.78751665,8.965736,0.47932824,12.478186,0.99565566,35.724678,0.23494783,753.65216,0.2154387,1394.2163,0.16434167,-131.05055,-0.67216355,1835.2852,0.11317828,1154.8687,0.23225383,-128.95891,-0.63092977,2923.1665,0.07253326,886.54254,0.3161522,-131.15047,-0.60043705,-21.727512,-0.27255708,33.603096,0.22643436,0.05507266,0.3396081,-0.029217087,-0.54498726,0.12653548,0.59977067,29.520578,0.26013663,7.3501225,1.3124014,-5.276498,-2.3898828,-27.820637,-0.47278768,-18.268127,28.101542,0.04613015,-0.009611731,0.059193764,2.8688524,3.1120334,0.122666664,0.07103676,0.17733333,0.17364587,-32.652874,12,10,55,SPEAKER_02,534.833333,543.566667,535.76159375,543.1528437500001,5,4.893750000000182,engaged
37.947933,0.07485037,36.431705,38.40342,40.176598,3.7448921,45.64394,22.553146,19.975252,15.466272,0.28170675,1.0292878,0.062153354,0.16747382,0.47306326,0.4109099,3.7868752,1.6466541,2.062538,1.321236,0.09897517,1.0092328,18.042595,0.8487786,14.225138,0.7247826,4.7831845,2.375673,-21.04532,-0.8570699,0.021024602,1.133148,1.4183942,0.7531892,8.999102,0.40662178,14.743998,0.67083806,34.385677,0.31799555,642.8158,0.28841373,1460.4833,0.13031584,-121.22041,-0.73113155,1729.2439,0.13060153,1257.9867,0.21052185,-114.24449,-0.71519345,2794.6372,0.06930058,962.9267,0.37591588,-115.20575,-0.7005992,-18.721542,-0.47438085,27.795998,0.40607876,0.05873123,0.36666736,-0.025622396,-0.5787552,0.14961442,0.6441219,23.741722,0.43519726,11.426495,0.9780891,2.4389503,5.2690873,-31.588133,-0.5179544,-11.842189,19.97836,0.03502158,-0.0019574517,0.045637403,2.9545455,3.4562213,0.136,0.13578415,0.15230769,0.12179135,-30.528122,12,10,57,SPEAKER_02,544.2,552.6,544.3172187499999,552.6,7,4.418406250000203,engaged
35.15404,0.13710965,34.21338,35.853348,39.9043,5.690922,192.78131,93.88497,138.68312,110.94822,0.15712546,0.7743285,0.058156203,0.09833217,0.26661775,0.20846154,2.6736727,1.6615952,2.1000242,1.2589886,0.06505968,0.8883271,25.162231,0.40320286,19.512466,0.38844162,9.576566,1.0728327,-13.062861,-1.2307302,0.04052746,1.7806017,1.4688947,0.50511944,7.4214315,0.36980027,12.885605,0.8924364,33.445095,0.30004027,664.5476,0.25523755,1543.9808,0.19413649,-129.87018,-0.64339405,1738.4803,0.13787265,1286.0641,0.22420566,-128.14137,-0.6077323,2837.9216,0.07730492,930.7228,0.27838355,-129.08057,-0.59458375,-21.074305,-0.35633153,31.567413,0.3165874,0.04950891,0.42971697,-0.023521079,-0.62809837,0.09659026,0.62348264,27.598818,0.36123613,16.026731,0.5108724,4.0151806,2.985719,-25.190552,-0.58440036,-20.874977,30.33609,0.03474251,-0.0061234795,0.043489352,3.137255,4.8,0.07833333,0.06817053,0.11727273,0.10349272,-36.805336,12,10,59,SPEAKER_02,553.466667,559.2,554.34096875,558.4753437500001,5,2.565000000000282,engaged
36.046207,0.07611752,33.78151,36.155045,37.79385,4.0123405,167.92976,134.79343,22.723206,18.251764,0.1641171,0.7934859,0.054851707,0.13872947,0.25130588,0.19645417,3.363874,1.5943336,2.2992246,1.4980749,0.07870496,0.9866395,23.200264,0.6528475,20.268452,0.37232375,10.304121,0.87815094,-8.804628,-1.4050708,0.027499754,1.0954404,1.7393959,0.6467329,8.157298,0.33457297,14.7629795,0.69287866,36.906696,0.18477218,677.9566,0.28513077,1481.2773,0.15259957,-118.04384,-0.72510225,1793.6112,0.13765028,1220.5555,0.20435031,-120.068825,-0.64499396,2867.7507,0.07295835,1040.8287,0.29609367,-122.22007,-0.6137011,-22.624125,-0.35817915,34.052845,0.2544331,0.04603901,0.41062218,-0.017382141,-0.77202386,0.11426942,0.70156926,30.709034,0.32085872,18.01939,0.45239162,8.651866,1.2438421,-15.567102,-0.7230101,-15.823203,24.001688,0.02810192,0.001375844,0.0462796,4.296875,3.931848,0.11399999,0.08027452,0.13222222,0.11467614,-34.25645,12,10,61,SPEAKER_02,560.066667,572.6,560.066667,572.6,7,7.6902079999998705,engaged
38.86896,0.13021556,36.36115,37.4142,39.283466,2.9223175,291.2899,392.9338,68.85415,55.08241,0.23088378,0.7071379,0.079727195,0.18274383,0.36982602,0.29009882,4.090116,1.9420773,1.9052522,1.4364525,0.109018765,0.9175913,19.945414,0.898191,19.20233,0.48248374,11.748274,1.1926241,-11.973832,-1.0249491,0.030218162,0.90698254,1.550071,0.6756877,8.796451,0.50088507,10.945053,1.1090153,24.978065,0.67120034,789.3421,0.25589034,1389.4696,0.20784563,-112.58022,-0.72141266,1880.5027,0.13137999,1187.536,0.26320034,-110.052574,-0.68591213,2914.6465,0.06468597,958.2739,0.23670885,-109.58713,-0.6897111,-19.965282,-0.7578218,30.503815,0.5530157,0.041967645,0.43553942,-0.017131,-0.87228346,0.14478178,0.71521723,24.134699,0.7104013,18.091381,0.5688972,12.906237,1.2835963,-15.989983,-0.790113,-13.856577,21.58153,0.0361029,-0.0042684907,0.0581768,4.0983605,4.564316,0.11181818,0.06819999,0.095,0.079466976,-29.632797,12,10,62,SPEAKER_02,572.633333,579.166667,572.633333,579.0290937500001,3,4.893885749999754,disengaged
35.07293,0.10808734,32.384796,34.566322,37.468483,5.083687,97.85634,119.307655,175.50102,275.20154,0.2734934,0.9023706,0.06683811,0.19827609,0.4479344,0.38109627,7.097326,3.6280665,3.934008,2.2153668,0.10084411,0.93468666,21.097313,0.69169927,12.649176,1.1263081,7.535179,1.9193316,-14.395746,-1.1205924,0.02778489,1.4273269,1.7679566,0.6328277,7.0111938,0.39687487,4.826671,1.8764173,26.655155,0.3658873,678.2619,0.25684404,1412.1466,0.12778963,-91.41857,-1.0000228,1759.3788,0.11879361,1090.6919,0.25862324,-96.65417,-0.85902756,2833.6206,0.07483947,890.46606,0.40033638,-99.10015,-0.8163136,-15.987228,-0.5648073,25.870726,0.41823924,0.043247093,0.43430972,-0.018614242,-0.751186,0.139137,0.6964026,26.692862,0.39270148,8.553381,1.671642,8.710367,1.9283748,-20.979815,-0.73568845,-12.065951,19.588617,0.0351527,-0.0010200685,0.046458647,3.804348,2.8767126,0.19523808,0.18732755,0.13238095,0.08949087,-33.19187,12,10,63,SPEAKER_01,579.2,588.233333,579.2,588.0234687500001,2,7.372218750000229,engaged
36.895256,0.049395174,35.51078,37.481678,38.221924,2.7111435,127.758095,162.0724,23.890305,18.185324,0.2573184,0.6949296,0.108070455,0.21641752,0.37623543,0.26816496,4.312871,2.2737422,2.996384,2.1503272,0.11846858,0.916751,24.437437,0.7219699,16.122234,0.7500951,5.371875,2.628158,-13.79497,-0.9831039,0.01974747,0.7331713,1.3217856,0.72784114,9.065874,0.39178658,10.476799,1.0756404,30.986353,0.2595152,775.5194,0.28064927,1430.7485,0.15109716,-78.45045,-0.9999359,1867.2115,0.1340733,1245.8071,0.2427718,-85.54961,-0.8169456,2931.9084,0.08278749,1069.5765,0.34143263,-87.75139,-0.7768477,-22.510014,-0.4851412,35.00512,0.29154056,0.043345615,0.41232687,-0.018293865,-0.75185865,0.14825787,0.7534883,30.770092,0.31601,14.791075,0.8599718,8.545319,1.6839722,-17.29067,-0.7441033,-9.245726,17.299065,0.042802084,-0.0008188764,0.050605953,3.8934426,3.526971,0.19,0.20318058,0.087142855,0.057249893,-27.571096,12,10,65,SPEAKER_02,588.666667,595.2,588.96846875,595.2,2,4.898406250000107,engaged
36.504406,0.048857026,35.218872,35.90341,39.065495,3.8466225,84.7859,0.0,-1.4118855,6.1942596,0.14244092,0.8498643,0.019276755,0.09992983,0.2839107,0.26463392,3.0124946,1.1309505,0.64150435,1.1307788,0.05380577,1.0681541,17.716166,1.1975808,16.60788,0.7047369,-4.376395,-2.6389046,-11.709128,-1.0573173,0.021505155,0.84830874,1.3038142,0.60480803,9.016395,0.29905733,8.729086,1.6648301,37.053055,0.104152195,718.05676,0.31337762,1538.9581,0.14410672,-122.834206,-0.71286404,1832.8274,0.17778577,1266.5645,0.111429095,-122.84013,-0.65836775,2946.07,0.09315356,1295.2269,0.33338547,-126.57249,-0.60257095,-19.492767,-0.5633502,37.881798,0.1638963,0.044509392,0.24301916,-0.020207496,-0.583955,0.10268463,0.44928104,36.11552,0.14919503,12.807358,0.84946376,-2.9531271,-5.3380156,-20.683184,-0.54471415,-6.447633,15.648852,0.03062963,0.012844033,0.0181143,3.9215686,3.0927837,0.14,0.024494898,0.16333334,0.20270392,-35.689373,12,10,66,SPEAKER_02,595.233333,596.266667,595.233333,596.266667,1,1.033333999999968,disengaged
36.731125,0.09865106,33.28682,37.453003,38.80815,5.521332,106.708275,81.90592,11.307547,10.118138,0.23684062,0.67881984,0.09165202,0.20020325,0.36853108,0.27687907,3.3593855,1.3883803,2.220065,1.2183441,0.10271592,0.79024845,25.817932,0.61487854,15.274482,0.74650943,3.603996,3.8686316,-14.373359,-0.8278492,0.022351595,0.87827563,1.414023,0.67491335,8.621332,0.3911076,11.813101,0.9517539,33.25686,0.26043612,704.4995,0.29341722,1461.9333,0.1598014,-89.93077,-0.9638322,1774.7013,0.1400272,1256.1107,0.22937,-93.051956,-0.83064324,2852.8052,0.085386984,1058.8088,0.29603827,-96.79008,-0.7659742,-21.35366,-0.40330794,33.76695,0.20369367,0.048312988,0.32115474,-0.018441139,-0.61295784,0.13229808,0.5769949,31.419113,0.17272183,12.542333,0.9653603,4.512918,3.4832652,-18.691769,-0.55368173,-14.071692,23.930431,0.03445496,-0.0029325385,0.05715714,4.204204,3.6585367,0.16333334,0.15472195,0.09545455,0.053489786,-31.202593,12,10,68,SPEAKER_02,598.3,602.1,598.3,602.1,2,3.344375000000241,disengaged
38.337887,0.11270018,36.041676,37.737606,40.543358,4.5016823,62.005974,49.146294,49.16264,41.758797,0.25619316,0.8487455,0.07699803,0.19221866,0.41154486,0.33454683,4.314232,2.7454557,2.6317801,1.6859181,0.10478175,1.1032621,18.312801,1.0644015,14.455517,0.7445829,3.6618104,3.2355354,-19.766323,-0.9356256,0.022430837,1.2920892,1.2518157,0.6877422,8.908192,0.38149202,12.784302,0.86977315,32.440685,0.35488355,740.7844,0.24772178,1381.2557,0.16627821,-107.9448,-0.8462117,1877.6953,0.13419425,1198.0195,0.33517778,-111.71678,-0.72443193,2884.0806,0.080313616,1029.0322,0.40725663,-112.426765,-0.71500874,-19.863733,-0.46889144,30.012627,0.40162522,0.054526083,0.3246507,-0.025061315,-0.6583392,0.15493871,0.7714625,26.772867,0.5240475,12.275237,0.9161131,2.8687475,4.504107,-28.309958,-0.62779826,-9.333614,17.18252,0.040384527,0.00043822266,0.050376322,3.017603,2.946128,0.16828571,0.15866381,0.1552941,0.11013989,-29.955603,12,10,69,SPEAKER_02,602.133333,621.366667,602.133333,620.69346875,6,11.945135749999736,engaged
38.527405,0.04620472,36.668926,38.59304,40.11737,3.4484444,201.52081,230.54164,12.751505,27.403553,0.18499048,0.7851845,0.0539667,0.13937168,0.3076672,0.2537005,2.6791978,1.2364888,2.2601418,1.1721431,0.06442654,0.88429993,17.120766,1.078814,19.274075,0.452611,11.193337,0.82430255,-16.912766,-1.0933058,0.023104561,0.7357008,1.2318267,0.8314064,9.09202,0.2998297,12.479743,0.86204433,31.398699,0.29423332,717.62634,0.18943724,1304.4823,0.11437688,-155.57066,-0.48329508,1930.7362,0.07990711,1065.9575,0.24608476,-155.48688,-0.44494778,2907.728,0.06524189,926.3088,0.31082052,-154.53738,-0.4568448,-21.097746,-0.32317162,29.517256,0.30552086,0.0573603,0.31027308,-0.03058389,-0.38982666,0.10698265,0.40292844,26.261381,0.468286,14.232069,0.6648201,5.659425,1.5489595,-31.622442,-0.45216712,-13.328047,21.321186,0.034720033,-0.00705967,0.050247766,4.9261084,3.0303032,0.08,0.05066228,0.19571428,0.15900199,-36.078484,12,10,70,SPEAKER_02,621.4,626.633333,622.7859687499999,625.0303437499999,2,2.041874999999891,disengaged
38.129807,0.12152163,34.850357,38.305004,40.652885,5.8025284,305.51337,386.70175,213.20128,438.611,0.24112879,0.7691289,0.07625124,0.19419567,0.38123947,0.30498824,3.9537396,2.727909,2.6924462,1.9983542,0.07964821,0.9146624,21.35539,0.92277473,15.484123,0.7157479,4.181473,3.1944578,-17.815458,-0.88834834,0.023249142,1.8682997,1.2063792,0.8759027,9.8101635,0.34919283,10.285841,1.0542026,34.46156,0.2947206,718.7958,0.24486524,1409.184,0.16964835,-106.81224,-0.86145616,1825.131,0.1284855,1207.9917,0.23022117,-110.61101,-0.7343608,2887.7102,0.072975755,978.5681,0.33441442,-112.59882,-0.70263726,-20.452106,-0.4454559,32.006638,0.32495913,0.05321259,0.33977997,-0.025863968,-0.61118263,0.11340466,0.66538393,30.624844,0.3830868,10.924647,1.0101078,0.853935,17.567917,-27.246561,-0.50385857,-10.872565,18.621927,0.03452039,2.4671685e-05,0.041702144,2.8173473,2.6658204,0.18940476,0.1605374,0.17961039,0.14092864,-32.498016,12,10,71,SPEAKER_02,626.666667,674.233333,627.8315937500001,674.233333,13,31.602364250000505,engaged
36.705143,0.07846936,34.227585,35.627613,39.543262,5.3156776,36.92319,6.322015,29.061295,10.916273,0.24172738,0.97540313,0.04066503,0.15986437,0.4359604,0.39529538,6.276138,3.9708667,3.7662137,1.7149807,0.08783749,0.9825189,13.9826355,1.5734524,16.432867,0.6031476,4.160732,2.6890256,-15.824995,-0.95773965,0.02635745,0.75420284,1.4171467,0.82489556,8.776311,0.27950323,5.0525064,1.5024809,29.393166,0.2271342,764.9091,0.19688967,1400.4039,0.11867612,-98.223366,-0.9082905,1823.3091,0.10591698,1181.8276,0.28328627,-104.65331,-0.7686866,2919.4873,0.05755553,803.8231,0.3457084,-107.067276,-0.73103106,-20.238111,-0.40211245,30.072048,0.34336436,0.050356038,0.33580333,-0.021164667,-0.5273696,0.14359854,0.5325254,28.6036,0.29538587,13.642792,0.79586995,5.6239624,2.2368972,-23.948729,-0.5991626,-2.3299632,8.860478,0.041765478,0.012361387,0.021083284,2.690583,2.3255816,0.236,0.07059745,0.172,0.15091719,-33.12175,12,10,71,SPEAKER_01,626.666667,674.233333,661.1428437500001,667.26846875,2,2.244374999999991,engaged
35.98584,0.019856999,35.426323,35.937984,36.70242,1.2760963,11.299454,5.731243,80.19358,97.474655,0.16986614,0.8643401,0.03773094,0.1106901,0.27271923,0.2349883,2.2786775,1.5632863,2.0275083,1.6697693,0.065889895,1.0241109,16.401571,1.4195167,19.114927,0.55066603,5.8987055,2.1197984,-13.51678,-0.8894521,0.015829893,0.59108806,1.1641586,0.57979,9.22486,0.26753318,11.085779,1.0174711,35.186016,0.21859379,683.3445,0.2939953,1457.6797,0.1231927,-119.981155,-0.7633603,1812.9194,0.14621404,1392.9496,0.32304966,-121.78999,-0.68276775,2834.9783,0.086667635,1153.0044,0.38825896,-123.708885,-0.65092623,-22.588217,-0.47427204,37.265003,0.09886936,0.05435169,0.37711036,-0.023383262,-0.31620643,0.12925537,0.38420352,35.58979,0.06639239,13.870193,0.924552,5.1153064,3.2168438,-23.190699,-0.4055858,-6.652269,13.731495,0.035513047,0.008414879,0.017283427,3.3898306,1.7699115,0.255,0.205,0.29,0.21,-34.448757,12,10,72,SPEAKER_02,674.266667,675.666667,674.266667,675.666667,2,1.1974999999998772,disengaged
37.010254,0.13590859,34.28607,36.358543,38.00212,3.7160492,59.66539,38.089905,40.732346,32.465057,0.18423203,0.696279,0.057011645,0.16705722,0.2872858,0.23027416,2.7941198,1.8159204,2.5404317,1.2357124,0.08142411,0.847349,24.81052,0.6862781,19.982573,0.4565601,9.313113,1.2263615,-12.821651,-0.8651045,0.02139968,0.8818657,1.3954412,0.72100776,8.349051,0.5177542,15.372635,0.66659707,35.143494,0.3053294,697.5921,0.28740752,1564.6989,0.17322427,-108.60103,-0.79214877,1793.514,0.15275438,1344.8422,0.19214536,-110.648026,-0.68751216,2850.4717,0.08060141,1119.647,0.28608504,-111.66751,-0.669455,-23.60245,-0.49076256,35.14742,0.35019723,0.049536504,0.3500024,-0.020289203,-0.5525478,0.119538374,0.6033849,30.875937,0.45316952,19.697176,0.50643593,10.0020075,1.4343818,-17.550438,-0.64960814,-15.224149,24.557976,0.038442954,-5.5151446e-05,0.039305504,4.3689322,4.477612,0.112222224,0.08270131,0.13166666,0.10415,-32.975895,12,10,73,SPEAKER_02,675.7,678.166667,675.7,678.166667,2,2.0785419999999704,engaged
36.43879,0.021400664,35.688232,36.175125,37.233063,1.5448303,20.085527,16.56217,15.148641,8.003588,0.13239361,0.9976323,0.031157603,0.10449042,0.16873592,0.13757832,1.8525976,1.4152864,0.29808703,1.2934576,0.049235202,1.532858,0.8135628,30.831957,23.149637,0.28390193,8.060415,1.5124553,-7.429246,-1.8388158,0.028448915,0.6600665,1.5303711,0.6698634,8.6813755,0.28670737,20.205177,0.37356445,35.570557,0.15369993,621.8428,0.31540814,1432.573,0.15936083,-149.78662,-0.5406384,1720.5775,0.13644032,1502.3583,0.39845487,-149.9008,-0.48774436,2643.5142,0.10324483,931.50934,0.28091908,-150.0356,-0.48688513,-20.911901,-0.39608228,30.165085,0.37730083,0.05612407,0.49536407,-0.0128299985,-1.0540556,0.110045865,0.74829257,24.370846,0.50762486,19.408869,0.3553177,19.841824,0.61772585,-18.171247,-0.9588768,2.2622526,3.1257615,0.03536125,0.019427696,0.010403137,3.5460994,2.222222,0.13,0.029439203,0.29999998,0.21275964,-34.66572,12,10,74,SPEAKER_02,678.2,680.066667,678.2,680.066667,2,1.4279169999999795,disengaged
37.9758,0.03899158,36.345547,37.77283,39.79947,3.4539223,228.35075,155.82379,12.618126,16.35871,0.14054927,1.064126,0.018472552,0.071756706,0.27009046,0.2516179,3.128562,2.026365,1.5623597,1.0119319,0.065921515,1.2330544,14.500029,1.4059625,17.461426,0.5414088,2.0638452,5.0953407,-7.4549093,-1.5079443,0.03185841,0.67602617,1.869343,0.7834916,8.949189,0.33540785,12.439259,0.55443054,37.78857,0.16722989,857.28564,0.17638814,1319.6107,0.12873858,-158.18697,-0.45351607,2011.818,0.101296775,1217.5818,0.1894234,-159.55063,-0.41628125,3031.1316,0.07263848,1130.7797,0.16834371,-160.65399,-0.4027143,-23.358286,-0.3762906,35.664948,0.30493957,0.04713865,0.41991273,-0.02286736,-0.93804383,0.14396347,0.53504944,32.045013,0.43788686,16.205906,0.41020152,2.3944678,5.0716414,-16.321234,-0.9116958,-8.720839,18.517212,0.03219205,0.010284771,0.03764168,3.846154,2.5,0.09199999,0.03187475,0.28599998,0.257107,-34.01207,12,10,75,SPEAKER_02,680.1,682.466667,680.1,682.466667,2,2.096667000000025,engaged
39.23063,0.14668788,36.114723,37.609383,43.808304,7.6935806,112.5406,73.53468,210.50888,156.4375,0.24641353,0.980865,0.065577924,0.16656697,0.3795026,0.31392467,5.3922634,3.8890386,3.8201444,3.1628938,0.1114779,1.3492343,17.438173,0.9589645,12.876591,1.0221654,5.8303366,2.3876095,-15.185641,-1.0304493,0.042954225,1.8346349,1.6272857,0.64846283,7.829981,0.46572223,12.496986,0.9026962,27.310848,0.43742135,780.7375,0.24103822,1359.1917,0.21717063,-122.51097,-0.72716945,1860.0757,0.13428369,1181.4921,0.30233163,-120.58872,-0.6812102,2860.2466,0.07564134,968.6197,0.31895137,-121.848305,-0.6617103,-14.997899,-0.7951859,26.513876,0.47547615,0.05391436,0.3929505,-0.015497009,-1.1055119,0.17887555,0.9667429,22.272367,0.64117855,9.408906,1.6300756,4.1671853,4.2293735,-23.892084,-0.683141,-11.294892,19.827248,0.04047827,0.00017805984,0.05464666,3.412463,3.2884903,0.13045454,0.118147716,0.16047618,0.14327715,-31.004576,12,10,76,SPEAKER_02,682.5,693.5,682.5,692.9015937500001,8,6.75659375000032,disengaged
35.930656,0.038666155,34.947964,36.003975,37.09272,2.1447563,77.05614,144.78694,14.353095,10.135135,0.32702628,0.67211264,0.122211166,0.3076355,0.5032699,0.38105875,5.47974,2.8060534,4.1280155,2.81183,0.11561726,0.7337444,26.908997,0.34686747,11.282566,0.9881077,10.911729,1.3811871,-21.859743,-0.72193843,0.020779325,1.7153136,1.3835487,0.7644586,8.631346,0.2940838,8.656816,1.2559873,28.06543,0.32200995,615.2321,0.27240542,1431.4003,0.1415012,-64.593094,-1.2995744,1718.4099,0.13005814,1181.9824,0.3317053,-71.127266,-1.0259615,2752.1978,0.071714416,957.9907,0.35218173,-72.149666,-1.0040874,-17.45086,-0.4502943,26.788326,0.34701398,0.05863652,0.35684472,-0.019505104,-0.5526787,0.13541646,0.6290177,27.839077,0.3134245,8.664968,1.2701975,10.49687,1.6240503,-26.519415,-0.5519296,-19.752506,27.615244,0.038969476,-0.011798767,0.06189172,4.353933,3.1161473,0.22636363,0.16579136,0.09352941,0.046138052,-31.571257,12,10,77,SPEAKER_02,693.533333,711.9,693.84659375,711.9,7,7.135281250000048,engaged
38.093002,0.093202464,34.94969,37.26187,42.306625,7.3569336,108.693474,132.65378,26.534487,19.241386,0.47091165,0.7225246,0.17616539,0.41100168,0.7295904,0.553425,9.138336,5.637768,4.962034,2.51604,0.20466903,0.8947077,24.974863,0.32637912,7.4565067,1.5969533,3.6374,5.971228,-28.366108,-0.47664705,0.023601275,1.6082801,1.2605433,0.71931684,8.312774,0.46268412,9.809084,1.120012,27.665922,0.3018334,694.35614,0.25435063,1424.323,0.1456007,-64.38092,-1.3204404,1795.2225,0.12937202,1160.3451,0.3580558,-71.702095,-1.0224174,2829.842,0.07328419,903.225,0.37162605,-73.044785,-0.99187696,-15.210519,-0.54942155,26.020912,0.33258963,0.051382817,0.31576532,-0.022068497,-0.5925028,0.24288066,0.81556064,24.961142,0.32294863,6.196316,2.057077,4.715105,4.9456053,-31.793846,-0.41669267,-16.531746,26.782661,0.05151635,-0.016323287,0.103332534,4.3103447,3.254438,0.21545453,0.19364277,0.08,0.05585696,-26.684643,12,10,78,SPEAKER_02,711.933333,717.033333,711.933333,717.033333,4,3.496875000000159,disengaged
42.562298,0.09074632,40.149574,42.22461,46.042706,5.8931313,43.827667,37.090374,157.70612,152.9571,0.34923843,0.8010492,0.06639363,0.29477414,0.6007678,0.5343742,8.517274,5.0145063,5.220105,2.886502,0.18335775,1.081371,22.401691,0.4993773,8.711222,1.1513748,-4.442531,-3.3330114,-24.379473,-0.6712963,0.031095404,1.2833608,1.3880258,0.8453148,10.160094,0.3875639,14.18501,0.7545482,29.811249,0.41386643,790.3113,0.22579227,1382.3203,0.17385823,-106.66102,-0.853347,1862.639,0.122095466,1270.7394,0.38652676,-105.697014,-0.7578054,2891.0247,0.077763945,900.3772,0.30724844,-107.16268,-0.7358755,-19.125174,-0.40939185,31.13362,0.310963,0.059164245,0.35981074,-0.025036607,-0.5783882,0.25815648,0.80243474,25.641329,0.35922635,5.114753,1.9112827,-7.4894476,-2.1756005,-33.916298,-0.41414595,-13.871836,24.075172,0.041609697,-0.005300357,0.09171981,4.7858944,3.3163266,0.1576923,0.14299832,0.114285715,0.07037799,-26.582045,12,10,79,SPEAKER_02,717.066667,722.366667,717.066667,722.366667,3,3.9837499999998727,engaged
36.17977,0.10309698,33.892822,36.18769,39.04983,5.157009,171.5067,285.7849,51.14222,45.14987,0.17947909,0.9149432,0.036787003,0.13030082,0.30623192,0.2694449,3.9317577,1.8507705,1.6264302,1.0642703,0.078750506,0.99519217,21.570377,0.7892482,17.798267,0.5246821,6.5343037,1.791535,-12.726699,-1.0945796,0.03656308,1.630234,1.6718733,0.668416,8.13158,0.35582748,12.210969,0.9510002,36.636543,0.23756939,711.71606,0.2438388,1445.5486,0.121770434,-108.33854,-0.8271031,1849.1765,0.119161606,1288.8009,0.32128474,-113.11703,-0.6994951,2867.959,0.08033021,1060.3754,0.2753902,-114.71206,-0.67706335,-22.357138,-0.37332922,34.35297,0.2420078,0.053428322,0.3281128,-0.02133605,-0.6776287,0.118658036,0.63744664,30.888851,0.29368106,15.695985,0.66074246,5.607801,2.4633415,-19.7241,-0.67933524,-12.239204,20.334894,0.037105344,0.0057801353,0.03376312,3.653586,3.547067,0.1376923,0.1154692,0.14,0.10409026,-33.46417,12,10,80,SPEAKER_02,722.4,732.2,722.4,732.2,6,7.4037500000002865,disengaged
39.325962,0.11195898,36.531578,38.7397,43.427696,6.896118,196.71442,309.22006,143.93158,236.86343,0.34113967,0.98363554,0.07980009,0.24566197,0.5106529,0.4308528,6.176214,4.602964,3.8084114,3.611658,0.136773,1.1358396,19.544489,0.8890498,10.730757,1.4724258,4.147055,3.8131597,-18.41582,-0.90237194,0.025744518,1.6758401,1.3366561,0.74776363,9.175751,0.41057205,10.142279,1.1854454,26.035198,0.56617373,795.8379,0.23932236,1366.4698,0.19639851,-95.4356,-0.9459479,1895.3638,0.12588796,1144.8639,0.3387422,-96.77762,-0.8393194,2894.3901,0.08035855,1007.6152,0.30941927,-97.73708,-0.82255995,-17.222656,-0.71189064,28.710905,0.45782098,0.05045725,0.4095712,-0.018843656,-0.8509693,0.19716214,0.855768,25.06881,0.4847834,6.0059876,2.870976,2.7875865,6.3724504,-24.754463,-0.6653144,-10.808349,18.95626,0.040155247,-0.00064814836,0.046127375,2.234078,2.7722113,0.20783132,0.1655953,0.14421053,0.12674323,-27.63016,12,10,81,SPEAKER_02,732.233333,792.766667,732.233333,792.766667,14,30.00645899999995,engaged
38.177963,0.09743738,35.4665,37.485268,39.936256,4.469757,161.69656,398.24014,63.821056,66.114136,0.5045258,0.8459498,0.13255969,0.41244602,0.81167865,0.679119,9.139057,5.2462797,6.543442,4.429517,0.2216837,1.1101309,17.169985,0.95822513,5.935115,2.2807736,4.39162,4.033126,-25.782595,-0.72905844,0.027540846,1.4027227,1.4103718,0.70141464,7.3165817,0.45949894,9.554659,1.1398079,23.249334,0.46719107,739.1961,0.2608198,1327.2155,0.15790579,-69.35124,-1.2535912,1821.7811,0.124518536,1023.50684,0.36551368,-71.331856,-1.0841739,2834.3433,0.07169823,904.6952,0.4246604,-71.85766,-1.0710292,-12.097865,-0.7180612,21.581278,0.47409445,0.06355008,0.31015787,-0.021930562,-0.7470204,0.28551432,0.91610026,20.380014,0.5742343,2.2281547,5.8003407,5.4634547,3.5016642,-32.65417,-0.48557946,-8.078442,15.877446,0.04263305,-0.00030250577,0.06449778,3.4607065,2.9688632,0.23121952,0.1716945,0.09432432,0.068715654,-25.649557,12,10,81,SPEAKER_01,732.233333,792.766667,757.0265937500001,783.6047187500001,16,13.888124999999263,engaged
39.581306,0.12956053,35.66573,38.156357,44.40495,8.73922,271.19424,382.57303,73.965706,66.46055,0.32565704,0.9210345,0.09195927,0.22641258,0.5379319,0.44597265,5.199227,3.912179,3.5058434,2.2610314,0.12802128,1.2704185,22.604445,0.6052828,9.189917,1.7035927,3.0916305,4.9991584,-16.635902,-0.9353129,0.027766723,1.6565357,1.3237368,0.70361584,9.198742,0.39127916,11.345624,0.949938,27.947916,0.38734704,751.3669,0.2659467,1415.1887,0.198037,-85.175735,-1.0304455,1817.0607,0.13566595,1198.355,0.239067,-86.22531,-0.9119751,2858.242,0.073900014,981.6938,0.31188372,-89.09127,-0.85452056,-16.042786,-0.65482235,28.599426,0.36207813,0.059341777,0.31656146,-0.012710027,-1.2807095,0.17048904,1.0824474,25.474154,0.44202873,5.2556753,3.1239588,1.4764144,11.2413225,-22.145773,-0.678128,-13.928288,24.538755,0.03993375,0.0005957528,0.048404697,2.4468086,3.1016045,0.20241378,0.17711587,0.10666667,0.091408715,-28.887766,12,10,82,SPEAKER_02,792.8,816.8,792.8,814.8403437500001,9,9.417843749999975,disengaged
37.223415,0.084263444,36.06634,37.2419,38.898994,2.832653,176.7602,201.12202,46.484528,60.714027,0.19400322,0.6629806,0.07745118,0.1721223,0.31157014,0.23411897,2.8863056,2.0080082,1.9571202,1.0744889,0.08837657,0.82585126,24.531637,0.62982094,18.403507,0.52128947,9.880342,1.4040842,-10.076421,-1.1196556,0.026698261,1.4971565,1.3801985,0.79471475,9.589189,0.38127953,13.691544,0.826352,32.06146,0.2588996,808.0686,0.23385213,1433.4584,0.14132375,-107.76243,-0.7645641,1913.1407,0.1243136,1269.5122,0.23676814,-110.7955,-0.6711678,2957.464,0.07375492,1082.8463,0.29832155,-112.02052,-0.6528808,-25.172113,-0.399694,37.99837,0.21667308,0.038291443,0.47285047,-0.01625654,-0.7968245,0.118693344,0.5927506,31.46259,0.2689875,18.496681,0.5131267,10.855468,1.350757,-12.892643,-0.88356197,-13.494083,23.192625,0.03290142,-0.0009766839,0.049889013,3.8461537,3.6104114,0.14581394,0.1232738,0.12394737,0.12850434,-30.171455,12,10,86,SPEAKER_02,821.5,844.266667,821.5,836.59221875,6,11.970343749999756,disengaged
35.67829,0.03171262,35.015587,35.39962,36.507336,1.4917488,34.262173,25.646296,12.908818,7.7003584,0.3089478,0.5895793,0.14166872,0.27906498,0.44828793,0.30661923,3.85425,2.0763733,3.2509296,1.2212844,0.12587082,0.7676402,23.019144,0.80904084,21.188246,0.48760697,11.940317,1.1565163,-21.997524,-0.9060482,0.01615187,1.0975317,1.032991,0.75669026,9.361593,0.29681405,12.592228,0.6921009,35.801113,0.20865759,649.1535,0.2965,1487.2057,0.13640065,-77.700836,-1.1254529,1788.4811,0.13854776,1196.4185,0.24170722,-86.31015,-0.8639792,2882.0183,0.08171254,972.78186,0.41414687,-87.50385,-0.84067553,-20.702305,-0.39413133,30.197227,0.3324789,0.064440645,0.30594298,-0.021097403,-0.48883474,0.12824476,0.5946021,27.473154,0.3802042,18.06651,0.525995,14.503283,1.0543056,-29.493118,-0.5909911,-14.511673,22.303965,0.05060022,-0.008703633,0.13384128,4.255319,2.9411764,0.21499999,0.12737739,0.078,0.035440087,-30.747963,12,10,87,SPEAKER_02,844.3,845.9,844.3,845.72159375,1,1.4215937500000564,engaged
36.42224,0.05493956,34.810776,36.355232,37.442783,2.6320076,29.94074,37.265472,21.830124,11.85021,0.23429522,0.7498671,0.07321292,0.20876493,0.40118572,0.3279728,4.249581,2.303563,3.5461795,1.4020909,0.08986322,0.6963365,28.49367,0.42232344,13.582509,0.738787,0.9934831,11.911,-20.187038,-0.6571228,0.022266883,0.7420698,1.6680578,0.7196078,8.005922,0.2514123,6.958435,1.4422835,35.77959,0.1969524,695.96204,0.285683,1439.8313,0.11417928,-80.91392,-1.0748233,1750.5831,0.15673944,1330.2909,0.28730267,-85.881676,-0.8967576,2816.0613,0.08345594,1127.2097,0.32812747,-91.36912,-0.7958011,-18.642624,-0.4188676,33.322514,0.22063202,0.05844437,0.27724645,-0.01990383,-0.6260713,0.11423549,0.49934652,32.5717,0.27387074,11.012004,0.869432,-1.3285753,-9.33348,-25.540613,-0.47263303,-15.630755,25.227116,0.038524855,-0.0036759183,0.04553298,4.529617,3.1914895,0.19888888,0.08899993,0.08399999,0.0346987,-34.230133,12,10,88,SPEAKER_02,845.933333,852.533333,846.95346875,851.93159375,4,2.8856250000001182,disengaged
28.250673,0.19008,23.139301,25.027895,34.743935,11.604633,27.28665,0.0,203.29768,0.0,0.15159726,0.63816184,0.04128472,0.1447508,0.2541171,0.21283238,1.2825477,0.75039387,1.3292094,0.42187583,0.059340406,0.71688324,25.379187,0.39761895,16.468756,0.37633407,10.427669,1.2690688,-22.469732,-0.70364535,0.028124737,0.7018449,1.8045628,0.49320626,4.3845725,0.5334754,8.538182,2.3643305,26.866945,0.25728965,746.6945,0.18163446,1445.57,0.1452397,-177.66191,-0.33015218,1880.1327,0.09797417,1089.7032,0.23422718,-179.94131,-0.29368138,2882.8865,0.06858356,972.7833,0.6892137,-179.68686,-0.29841143,-22.620077,-0.177615,32.514698,0.17989628,0.07102194,0.17761643,-0.029196994,-0.56408626,0.062683366,0.30442157,26.930666,0.28689587,15.439595,0.451872,13.439176,1.2574265,-33.77876,-0.25692138,-18.706408,28.164005,0.051886026,-0.017578216,0.060509436,4.477612,2.3255816,0.04,0.008164966,0.37,0.040824827,-40.107807,12,10,89,SPEAKER_00,852.566667,858.466667,852.566667,855.0365937500001,2,1.3561767500000315,engaged
40.905125,0.10441718,39.515408,40.300617,40.47818,0.96277237,0.27894923,0.0,0.0,0.0,0.16841921,0.7808143,0.04698069,0.12384373,0.31495962,0.26797894,1.4714683,0.8868428,1.2412574,0.49853697,0.03819035,1.0068609,9.874521,2.5323396,13.597047,1.0025766,-2.1131551,-6.0396194,-16.80102,-1.0054085,0.017983248,0.5439653,1.2160852,0.74039274,9.54689,0.336936,9.1349945,1.4743209,31.168318,0.2992788,768.149,0.1791096,1350.2004,0.12597291,-123.06175,-0.7667582,1853.922,0.1115977,1226.2607,0.25073442,-125.86816,-0.6669622,2877.5813,0.057371195,880.2294,0.20526263,-125.3199,-0.65205705,-14.793248,-0.6146977,28.402628,0.3810892,0.04454893,0.27753508,-0.02660698,-0.5416141,0.07187362,0.46460718,28.130865,0.48562527,1.9779104,5.555686,-7.504349,-1.9897519,-32.245205,-0.33846802,-2.58811,8.928561,0.038578946,0.008213839,0.013950716,2.2222223,2.2857144,0.18249999,0.10825317,0.186,0.062482,-38.742237,12,10,89,SPEAKER_02,852.566667,858.466667,856.65659375,858.466667,1,1.8100732500000731,engaged
39.02579,0.10868217,36.306705,40.45397,41.694633,5.387928,543.67694,1013.57465,105.28124,96.147446,0.32235312,0.75576264,0.124147415,0.2541737,0.48945868,0.36531126,3.8059583,3.451662,3.0387473,2.3055747,0.095283136,0.9269719,21.249365,0.8015177,7.6818857,1.8461974,-4.4640865,-3.828219,-23.704525,-0.6740811,0.023423849,1.8355384,1.1874881,0.7462533,9.672871,0.34034112,9.010319,1.2931193,31.87166,0.30997056,767.91724,0.23703797,1367.3378,0.15502368,-77.61828,-1.1990968,1831.9745,0.12859768,1192.3322,0.3010793,-83.40052,-0.9798392,2895.2456,0.075084805,924.5012,0.30786476,-86.82015,-0.90762264,-16.384394,-0.54255384,29.744558,0.30157503,0.05427147,0.36027575,-0.021681134,-0.6873794,0.120233685,0.77828246,25.916718,0.35555744,3.3338246,4.2234783,-7.831868,-2.381332,-30.406145,-0.45760402,-9.537162,18.693409,0.03954576,-0.0043261806,0.04806381,2.1276596,2.4408848,0.25968748,0.2677042,0.14642857,0.10883193,-31.153654,12,10,90,SPEAKER_02,858.5,885.9,858.5,885.20909375,12,13.175343749999456,disengaged
35.033714,0.055209093,33.81749,34.9714,36.14879,2.3312988,41.21165,17.71297,27.087067,6.8922076,0.33569977,0.9176787,0.08053796,0.2566093,0.5154004,0.43486243,6.307047,4.241336,3.6622138,1.6794809,0.1312268,1.069114,20.64011,0.62973654,13.845794,0.97979224,6.4813223,2.965414,-18.557842,-0.8817577,0.023587601,0.7058287,1.7532643,0.6392366,6.411319,0.5387516,6.4586744,1.3413546,26.3216,0.31549096,662.63184,0.28707567,1471.9141,0.11763443,-64.535385,-1.2356832,1743.6771,0.15988365,1194.0055,0.24566773,-71.79431,-0.99887574,2775.1858,0.1016698,1051.9365,0.5141729,-74.91266,-0.9279111,-13.318179,-0.727001,23.129894,0.38854876,0.047312196,0.36732718,-0.013085062,-1.1057335,0.16575131,0.90324616,22.978945,0.4193349,11.178989,1.201289,7.87352,2.737518,-24.61633,-0.58213425,-14.302196,22.717491,0.030291252,-0.0003539762,0.047262587,3.8910506,3.968254,0.175,0.12027053,0.06111111,0.034138422,-31.344322,12,10,90,SPEAKER_01,858.5,885.9,874.2234687500002,885.9,3,2.580906249999657,disengaged
35.50418,0.05814035,34.313747,35.113174,36.227966,1.9142189,57.880165,41.275185,22.137817,10.073258,0.3849079,0.8936759,0.08721578,0.2498044,0.67449653,0.58728075,7.6536674,3.392945,4.6132298,2.9749541,0.14768656,0.8482044,19.430006,0.76545703,14.215982,0.8214309,4.2428904,4.101858,-23.32099,-0.73944753,0.022189217,1.163124,1.4355743,0.6847393,7.35211,0.40487286,7.894045,1.2730999,28.921053,0.30726674,668.6279,0.27752125,1449.7417,0.16547492,-82.98636,-1.0743268,1742.9934,0.15281045,1223.4943,0.3569431,-88.1451,-0.9187875,2817.9048,0.07824563,1045.5807,0.42265448,-91.59348,-0.84996015,-13.740811,-0.69992435,24.523712,0.44403023,0.055970658,0.33771825,-0.018135,-0.8703744,0.19544922,0.5968014,23.85647,0.51128876,12.175896,0.976243,2.5995579,7.1947756,-30.02059,-0.534738,-10.965716,19.484392,0.03765645,-0.00023118891,0.068202086,3.8888888,3.364486,0.17944445,0.14706281,0.10875,0.0792839,-29.153158,12,10,91,SPEAKER_01,885.933333,901.733333,885.933333,893.83221875,5,5.418260750000172,engaged
38.263615,0.05407405,36.331257,38.780785,39.836853,3.5055962,46.48095,29.96481,58.063526,44.18935,0.28515217,0.8442976,0.04956644,0.24965262,0.51976603,0.47019958,5.6432786,2.8700743,2.1957493,1.415845,0.09743804,1.1706641,16.10384,1.3351187,15.112552,0.83982956,-2.5643198,-5.958792,-17.713957,-0.9406152,0.018012557,1.210852,0.99877846,0.9299923,10.359833,0.3643712,9.23932,1.2157698,34.70342,0.23698547,723.5251,0.23762676,1405.935,0.13206209,-99.88484,-0.9355616,1811.8304,0.10873115,1271.468,0.26932904,-104.53361,-0.77665055,2885.3047,0.06428004,959.46436,0.26543495,-107.121765,-0.7364563,-19.734562,-0.43701446,32.6153,0.3048455,0.05033437,0.36774188,-0.026731092,-0.54500103,0.15269442,0.78478956,28.51329,0.37437984,11.31325,0.9386586,-2.9662964,-5.996813,-27.696188,-0.4993909,-3.7780924,10.923308,0.03987688,0.009342184,0.020783518,2.5369978,2.1413276,0.256,0.13994284,0.23625,0.18979841,-29.652563,12,10,91,SPEAKER_02,885.933333,901.733333,893.83221875,901.733333,5,4.745489249999878,engaged
39.60053,0.07827309,37.655014,39.236847,42.0499,4.394886,51.629528,13.990988,4.912401,55.132824,0.3890027,0.7652366,0.119195014,0.31514227,0.6377636,0.51856863,6.7660456,3.697109,4.2045426,1.1830204,0.2059241,0.7991,21.272303,0.6529474,9.271664,1.299446,1.4549124,13.077141,-20.06804,-0.637748,0.037792586,1.7501543,1.5273175,0.90707266,8.434137,0.49071637,15.694491,1.7596962,26.868816,0.33479702,738.8849,0.2736392,1360.9899,0.17052405,-101.51022,-0.85984063,1840.3782,0.13086303,1111.4768,0.23294781,-96.77769,-0.77660954,2871.5874,0.08908711,953.39545,0.27661413,-98.5177,-0.7453888,-18.101171,-0.61388814,29.883678,0.35631487,0.04877523,0.34248683,-0.017661575,-0.8211423,0.27787605,0.6114562,25.921923,0.38752213,10.147325,1.2792438,3.4793622,5.8951454,-22.985899,-0.577677,-8.781376,18.68603,0.044565156,-0.00028156643,0.09034049,4.268293,4.5454545,0.12714286,0.07004371,0.08333333,0.03986087,-27.345655,12,10,92,SPEAKER_02,901.766667,904.1,901.766667,904.1,3,1.6583330000000842,disengaged
39.377636,0.10519916,36.8238,38.955692,43.62056,6.7967606,207.02689,198.52441,102.50682,108.624084,0.51946294,0.7322818,0.12800166,0.47446585,0.8807963,0.7527946,9.069699,5.825096,6.112171,2.6408405,0.30440527,1.0456202,21.040768,0.4961607,8.993761,1.4430554,6.502216,1.9988036,-24.207571,-0.66483486,0.03058231,1.1034529,1.3200593,0.7686827,8.38745,0.51639766,8.20988,1.5720733,22.235748,0.47679737,766.48566,0.21069251,1363.2954,0.18633537,-79.79629,-1.0437175,1901.7637,0.11913812,993.30005,0.39435968,-83.71993,-0.87117237,2869.3699,0.07956305,956.9536,0.34064707,-83.58552,-0.8707306,-17.021626,-0.56130034,26.292273,0.39112717,0.053604554,0.40011504,-0.023056116,-0.6542438,0.35507897,0.9326632,21.852625,0.48378426,8.245113,1.7543015,5.5621176,2.279845,-27.348295,-0.55822855,-14.062154,21.79658,0.050513636,-0.01211533,0.21160112,3.9408867,4.060914,0.16125,0.13457689,0.07571428,0.059965976,-21.951262,12,10,93,SPEAKER_02,904.133333,906.7,904.133333,906.7,2,2.0435419999998885,engaged
36.567898,0.06966869,35.34246,36.83406,38.153442,2.8109818,198.81224,180.62758,18.9126,17.005646,0.2358741,1.0098133,0.05073114,0.13377604,0.42398477,0.3732536,6.2363734,4.403428,4.8872447,3.4702542,0.10392689,1.1000093,15.33281,1.253144,10.52278,1.107296,-1.9489441,-9.198184,-15.138656,-0.947433,0.022669755,1.7698717,1.8745052,0.64113545,6.524414,0.50204456,4.165324,3.103433,27.026976,0.3200928,732.5407,0.27643514,1363.6984,0.14033651,-112.10813,-0.84426904,1826.1733,0.15034194,1175.5216,0.2603222,-115.23327,-0.749808,2870.6663,0.09849849,988.5158,0.33804053,-118.06107,-0.7039762,-11.287575,-0.9194397,28.283314,0.2988994,0.04626299,0.36395377,-0.012827929,-1.4372333,0.18886656,0.61016595,25.407446,0.43551323,5.8184967,2.47512,-3.512257,-6.5497756,-22.73077,-0.5901151,-6.500745,15.150673,0.041036554,0.0056820437,0.030583441,4.2654033,2.4271846,0.188,0.13105723,0.204,0.09850888,-31.949741,12,10,95,SPEAKER_02,907.633333,910.066667,907.633333,910.066667,2,2.1295840000000226,engaged
36.81043,0.09702171,35.312813,36.43282,37.189934,1.877121,54.734146,41.3481,161.32289,239.21423,0.17472754,0.9160413,0.05351674,0.12675853,0.26628903,0.21277228,3.6226637,3.143202,2.098058,2.3183646,0.07230915,1.1127398,18.547644,1.0775602,12.908681,0.9048503,4.003726,3.597714,-10.537971,-1.2496282,0.02843323,0.7063332,1.8251307,0.5441469,7.0947294,0.45989493,3.7644403,3.1108172,28.260075,0.32046866,783.06165,0.21814671,1463.6428,0.19740885,-121.56049,-0.7224372,1868.5812,0.1289493,1316.1648,0.18229112,-123.23625,-0.6466758,2919.7166,0.07793025,1029.4143,0.25682682,-125.48328,-0.6117022,-18.541504,-0.61913836,34.36265,0.27557433,0.035720646,0.49818355,-0.014120108,-1.014565,0.111292206,0.71765405,30.116516,0.39677128,12.991666,0.9850526,3.0341008,5.607979,-15.025623,-0.86210936,-7.893434,16.804056,0.03150344,0.006833836,0.03439351,3.5928144,3.4274194,0.12470588,0.089975,0.14823529,0.15014641,-34.79638,12,10,96,SPEAKER_02,910.1,915.733333,910.1,915.733333,2,5.0258329999999205,disengaged
35.95976,0.07901144,34.07434,35.505875,37.0577,2.9833603,174.49834,241.8122,14.557564,3.1971147,0.34385383,0.68509,0.12585922,0.3004066,0.5522255,0.42636627,6.6946507,3.2730548,5.6457725,3.23672,0.12227072,0.73854727,25.59385,0.49687594,11.602434,1.117157,6.091958,2.4880295,-21.395346,-0.6954651,0.01735754,0.9144745,1.2530463,0.79202247,8.541577,0.3747132,5.637999,1.5309027,27.885876,0.28203115,665.14655,0.26451656,1453.3389,0.16867797,-64.068344,-1.2716097,1744.8759,0.15456082,1120.2003,0.3010422,-71.03866,-1.0215365,2814.4072,0.08187923,1022.7549,0.4539625,-74.6957,-0.9394106,-16.39108,-0.6076153,28.107273,0.39613813,0.050328057,0.32653004,-0.020593101,-0.53909975,0.15303104,0.56091875,28.049187,0.3717923,9.091337,1.3724903,6.1621857,2.6814294,-26.17718,-0.5122317,-13.895134,23.678814,0.03818568,-0.0029182567,0.04054831,4.3010755,3.2967033,0.21555555,0.13425608,0.099999994,0.052281287,-30.14271,12,10,97,SPEAKER_02,915.766667,919.433333,915.766667,919.433333,3,2.8060409999999365,engaged
38.205685,0.05734335,36.477764,37.588047,39.710358,3.2325935,95.81461,144.15797,38.39252,27.433744,0.32004356,0.7523953,0.08831717,0.28841034,0.47554636,0.3872292,7.0231686,5.7191043,4.63331,2.9539247,0.15302041,0.9232847,17.748652,0.84386706,16.624481,0.6215692,11.237837,1.2917415,-13.80524,-1.1275777,0.022868931,0.7165957,1.7155367,0.7566464,8.856476,0.400945,16.540586,0.48166576,26.842443,0.43122452,771.98425,0.2756448,1423.7301,0.17855544,-121.21586,-0.6848128,1888.0175,0.12523966,1104.1968,0.30365816,-113.862045,-0.67956644,2875.945,0.08942323,1096.1953,0.37048143,-113.79465,-0.68015355,-19.521639,-0.5371439,28.830833,0.45293638,0.04561201,0.49935514,-0.015886316,-0.76359886,0.19756396,0.70944375,22.781599,0.5457756,15.474285,0.7242576,10.903036,1.2356702,-15.737954,-1.0192753,-11.512096,19.42747,0.037370477,-0.0048230425,0.10424283,5.027933,3.6827195,0.13384615,0.07550226,0.12666667,0.08449194,-29.048794,12,10,98,SPEAKER_02,919.466667,923.833333,919.466667,923.833333,3,3.5904160000000047,disengaged
39.363457,0.14510098,35.578995,38.718494,45.166763,9.587769,373.76993,566.3826,106.96478,106.386345,0.28869635,0.9031744,0.09861102,0.22473723,0.4319634,0.3333524,4.276394,2.3341928,2.8832996,2.0518875,0.12233163,1.374401,21.308025,0.71284825,14.826412,0.7228377,7.5321913,1.8203845,-19.020706,-0.88158387,0.030949427,1.4202957,1.3390071,0.7401496,9.439623,0.42870092,13.488083,0.77191395,27.799557,0.49348575,771.3486,0.2639107,1413.2001,0.16783063,-96.63283,-0.90837634,1890.8104,0.12074801,1171.7983,0.30557638,-100.171326,-0.7745802,2883.232,0.07831988,985.3659,0.30775255,-100.2838,-0.7734549,-20.772772,-0.4284786,30.890366,0.3535931,0.057439294,0.39457926,-0.021992845,-0.6930686,0.1657333,1.1824487,25.910305,0.41141877,12.3375025,0.85186553,6.8851237,2.1959722,-25.910465,-0.6055995,-12.913967,21.023897,0.037787482,-0.0025149353,0.058645718,2.2799017,3.2677443,0.17365591,0.19164695,0.12023255,0.118311554,-26.092016,12,10,99,SPEAKER_02,923.866667,993.2,923.866667,993.2,23,28.529583000000343,engaged
39.271687,0.15106444,34.223625,39.856453,45.654106,11.430481,100.053535,78.01319,607.6939,641.44995,0.17899208,0.62244976,0.07343061,0.17051418,0.27120695,0.19777633,2.066942,0.97634417,1.6527367,0.5439487,0.07163124,0.9019677,26.643198,0.35211435,16.529978,0.30591345,6.6368985,1.4606336,-15.075577,-0.79630774,0.045466706,1.7347213,1.5353357,0.7523967,9.909832,0.3639723,15.098184,0.6703501,30.763943,0.500537,730.81464,0.29208875,1535.0359,0.11033604,-120.70836,-0.72107434,1832.2358,0.13520077,1289.9353,0.22168544,-114.9155,-0.6961011,2898.0007,0.07770613,1197.4211,0.4319297,-116.35422,-0.67517287,-24.267588,-0.21246867,36.154747,0.18295494,0.058118194,0.3163732,-0.020066023,-0.6102787,0.09062145,0.73233974,29.162136,0.21394216,14.786372,0.3245503,3.766187,2.9715695,-21.510036,-0.50909466,-19.560856,29.44425,0.041678753,-0.004905092,0.052886162,4.0214477,2.7247958,0.17899999,0.1258928,0.18555555,0.15071024,-34.14875,12,10,99,SPEAKER_00,923.866667,993.2,945.08159375,953.26596875,5,3.7462499999998045,engaged
35.18813,0.018011782,34.66725,35.104034,35.67439,1.0071373,23.804483,17.162237,19.005363,13.2907,0.33396095,0.650268,0.10916744,0.31586027,0.51107264,0.40190518,4.9037743,2.9373958,2.8579972,2.6790006,0.10438135,0.6244689,27.149242,0.41339174,14.081895,0.753189,3.7432294,4.536139,-18.987175,-0.6944676,0.016929222,0.9359654,1.1526754,0.94951344,9.139991,0.23971544,11.984339,0.77505934,35.893085,0.21068138,630.0111,0.28870675,1609.8094,0.14657408,-52.89667,-1.4989773,1664.2476,0.14294313,1385.074,0.35448602,-62.92554,-1.1162221,2804.5637,0.083574295,1134.6503,0.41466177,-69.83148,-0.9418411,-16.321238,-0.55967104,30.050684,0.29197845,0.06809642,0.21874739,-0.009667193,-1.172563,0.12225726,0.48895377,29.860193,0.3051834,12.118772,0.8869302,2.9742982,6.1753955,-23.052368,-0.4665494,-15.839365,24.737696,0.036222715,0.0025958465,0.043768145,5.194805,2.6845636,0.2825,0.15155444,0.14,0.04,-31.685503,12,10,99,SPEAKER_01,923.866667,993.2,961.4165937500002,962.96909375,1,1.5524999999997817,engaged
42.63611,0.119122125,38.843746,45.239857,46.01377,7.170025,170.34065,101.65404,300.4451,407.42896,0.2500637,0.83299327,0.05347489,0.20121226,0.43797633,0.38450146,4.7441874,2.3418086,4.348201,2.8758016,0.08901431,0.9861233,18.055874,0.549137,10.0080385,1.0686429,7.537931,2.2170515,-15.624714,-0.74144584,0.083123006,1.9824629,1.3416837,0.8524324,10.495082,0.3958616,8.344258,0.7543,11.112905,1.3847225,816.58527,0.23441567,1378.3062,0.13687235,-127.7515,-0.66644216,1875.6841,0.106594615,1014.5339,0.2791154,-122.07539,-0.66420525,2824.594,0.08071228,955.50397,0.28929877,-121.497444,-0.6722588,-15.455758,-0.49450728,23.908974,0.3570852,0.06656413,0.3198388,-0.010139039,-1.0151198,0.14430644,0.6249595,17.89281,0.4816088,6.4641557,1.6518673,9.959366,1.9334174,-23.564402,-0.4487418,-11.877085,22.239437,0.037728883,-0.0009778504,0.04673174,3.4188035,3.1111112,0.13714285,0.15480073,0.1425,0.08257572,-31.3772,12,10,100,SPEAKER_02,993.233333,996.466667,993.233333,996.466667,2,2.3558340000000726,disengaged
37.831104,0.055711433,35.439064,37.69129,39.865494,4.4264297,135.21367,234.02965,24.359627,13.311179,0.22663379,0.81621546,0.06908328,0.15989754,0.37489998,0.3058167,4.3336506,3.2616692,4.080245,1.9291875,0.12921354,0.9682077,23.497196,0.6003467,18.834877,0.3706043,10.691361,1.0509769,-14.2023535,-0.79712117,0.021920234,0.650283,1.4499537,0.59935534,9.692667,0.3099409,12.859618,0.65284276,32.353844,0.260546,757.4312,0.233839,1455.4861,0.14597271,-98.2172,-0.84474444,1848.6213,0.12111435,1238.0264,0.19027026,-103.40264,-0.70936894,2891.1902,0.09409649,1126.0164,0.42851564,-104.08141,-0.6974816,-24.114525,-0.30143344,34.9774,0.25078452,0.0493956,0.3534398,-0.021797705,-0.70223445,0.18073171,0.72355175,29.075495,0.33606365,17.579609,0.43978298,8.33111,1.1885265,-17.529646,-0.6526339,-16.872362,25.361874,0.037888594,-0.007070117,0.06097178,4.3478265,3.9106145,0.14571428,0.16876502,0.089999996,0.04810702,-28.029505,12,10,101,SPEAKER_02,996.5,999.233333,996.5,999.233333,2,1.8558330000001888,engaged
34.8117,0.14733261,33.4309,35.785477,37.235508,3.8046074,332.42023,206.07358,138.05305,116.39047,0.15592174,0.809195,0.04402464,0.12650792,0.24033543,0.19631079,3.104122,1.7390491,1.6318935,1.3401153,0.064210705,0.99172616,18.345781,1.0676373,17.989836,0.62097937,5.8025384,2.3765984,-10.328979,-1.1724494,0.041391324,1.2534819,1.6958328,0.6675098,7.1858153,0.43399155,8.162994,1.7518826,31.471546,0.30815107,744.8736,0.25150955,1463.2859,0.14236031,-123.920166,-0.7073398,1831.0144,0.1401141,1285.9612,0.24485824,-124.95401,-0.6423724,2895.4924,0.07953868,1062.715,0.24926221,-126.76368,-0.6147713,-20.254307,-0.55022997,33.983936,0.27342144,0.04784068,0.33099273,-0.013615976,-1.112132,0.10371296,0.66731924,29.01199,0.4009381,14.605425,0.813228,6.0191803,2.896527,-16.451057,-0.6737163,-10.83405,19.949602,0.037131242,0.006142971,0.032915033,3.3628318,3.2142859,0.12944445,0.10485292,0.17117646,0.14796193,-35.368984,12,10,102,SPEAKER_02,999.266667,1005.333333,999.266667,1005.333333,3,5.661666000000082,disengaged
36.290203,0.10203601,34.070427,35.669167,37.406574,3.3361473,134.6711,176.0761,135.45285,200.86116,0.2710494,0.8540167,0.07815373,0.19762643,0.44301376,0.36486003,4.9021893,2.6254451,3.8568652,3.6567745,0.1046421,0.8746073,20.066545,0.8071641,15.4893675,0.61680245,8.362614,1.7769567,-18.857983,-0.9560312,0.02387277,1.2153548,1.4806564,0.6636882,7.7459455,0.45493853,9.828868,1.1818964,29.788084,0.32041892,716.1543,0.2722203,1428.1296,0.1674643,-88.721214,-0.98909706,1829.5267,0.14273436,1155.5773,0.31839952,-92.78407,-0.85145867,2866.9622,0.07934994,1020.26044,0.34551218,-94.3432,-0.81904477,-17.06228,-0.5999863,26.638666,0.44961458,0.05655594,0.35498118,-0.01784844,-0.8271984,0.13557234,0.64323086,24.356493,0.54016364,14.043803,0.7428518,8.491817,2.0026908,-26.389103,-0.65219945,-12.198891,20.403986,0.03966761,0.0038946185,0.048199605,3.4321373,3.3070867,0.18047619,0.12915388,0.12352941,0.111193575,-32.049393,12,10,103,SPEAKER_02,1005.366667,1012.466667,1005.366667,1012.466667,3,6.425000000000068,engaged
41.527695,0.09843259,37.953777,41.473206,45.288483,7.3347054,104.556465,84.90557,165.19136,264.38147,0.40507704,0.9439968,0.095841624,0.26021022,0.73479813,0.6389565,6.256647,4.381308,3.9110322,2.1950564,0.15841752,1.17087,21.881117,0.533742,4.6831503,3.3432302,-9.88368,-2.0178764,-23.290379,-0.66478723,0.029821033,1.4400476,1.1771799,0.8058243,10.169582,0.38059977,4.980489,2.4773319,27.107449,0.46419817,839.09235,0.20588693,1308.2954,0.18650305,-83.33744,-1.1321149,1880.0062,0.121648155,1173.1301,0.30520582,-87.76984,-0.9484366,2945.356,0.07641507,926.78326,0.35671833,-91.80243,-0.86677694,-14.337081,-0.7226267,31.197876,0.2882679,0.055947777,0.3702822,-0.018910067,-0.74173295,0.21715406,0.9327675,24.758793,0.33338267,-0.5112472,-30.787619,-15.977529,-1.3176694,-29.820303,-0.5008898,-11.859434,22.145977,0.040347375,-0.0052219736,0.061317794,3.0423281,3.0625832,0.19565217,0.15136555,0.11454545,0.07518022,-24.837864,12,10,105,SPEAKER_02,1013.6,1025.666667,1014.18471875,1022.89221875,4,7.576874999999973,engaged
37.683575,0.077403225,35.64978,38.07443,39.336132,3.6863518,104.9447,110.66552,187.75937,244.06303,0.24870668,0.8259842,0.06313738,0.22166651,0.37784463,0.31470725,3.567248,1.9158738,2.729345,1.0320395,0.100651614,0.8558709,24.090315,0.54005325,15.183569,0.53935546,8.181174,2.0868323,-17.633274,-0.8972949,0.030934742,1.615407,1.372375,0.70012426,9.447924,0.34441268,15.177914,0.84446377,31.412125,0.19349368,742.9447,0.24558654,1356.6838,0.14823584,-86.30656,-0.9641373,1887.6003,0.11878299,1180.085,0.361632,-91.29814,-0.7896503,2886.0654,0.08777035,1035.3032,0.39218625,-91.81994,-0.781842,-20.13303,-0.46899354,32.015217,0.29667002,0.048252296,0.44206297,-0.018122353,-0.7690923,0.13013572,0.63374054,28.391165,0.3425421,14.94805,0.6170806,8.596161,2.356058,-22.634115,-0.67824167,-13.011984,21.629473,0.039316863,0.002970971,0.04387388,3.75,3.544304,0.17857143,0.14793131,0.08214286,0.062698655,-30.717325,12,10,108,SPEAKER_02,1030.3,1039.166667,1030.7728437500002,1036.3922187500002,5,4.0162500000008095,disengaged
37.58025,0.091639936,35.271976,36.36141,38.829117,3.5571404,78.993164,65.6622,68.92992,49.435482,0.2761815,0.87434286,0.091729075,0.19360372,0.41194856,0.3202195,5.8406253,3.8714867,2.4692974,1.543849,0.13959977,1.1455812,21.298677,0.8457637,16.638308,0.8363001,-0.285682,-53.806118,-14.585877,-1.0241557,0.028649248,1.2936734,1.6533326,0.73106575,9.079718,0.35452792,10.310538,1.119289,32.613297,0.34153494,737.9338,0.25183812,1465.6492,0.13377476,-98.559166,-0.88903624,1784.1631,0.13518962,1350.5399,0.32591942,-99.977844,-0.7936238,2843.249,0.0811522,1070.7382,0.34770605,-104.10809,-0.7255943,-20.407248,-0.40887725,33.330925,0.2474089,0.059808683,0.37393945,-0.016799029,-0.7172072,0.18845221,0.9392152,27.846275,0.38080862,12.693759,1.1046216,1.3995242,12.222042,-19.914469,-0.6615145,-12.391117,20.44729,0.042409703,-0.002697299,0.06587765,4.3010755,3.888889,0.14142857,0.07018924,0.09571428,0.06455498,-27.943506,12,10,108,SPEAKER_01,1030.3,1039.166667,1034.1140937500002,1038.9065937500002,3,1.8731249999998454,disengaged
35.59336,0.033453602,34.576183,35.407894,36.620327,2.0441437,74.346306,101.0804,10.06886,8.044195,0.5263378,0.74210227,0.15015526,0.41428494,0.85343426,0.703279,9.028829,5.3499103,4.965955,2.2928295,0.18816838,0.8036995,17.184267,0.72181493,17.29755,0.8666333,10.014251,2.0577645,-28.57726,-0.69589597,0.013815064,0.8996353,1.162074,0.65216875,7.8165755,0.3636036,11.116313,1.0076283,26.287697,0.3712133,583.4269,0.23581429,1420.5498,0.14272651,-53.657673,-1.5172888,1725.9075,0.12460169,1061.7891,0.27351144,-62.883537,-1.1296409,2781.5876,0.06987565,838.32965,0.26990426,-63.823868,-1.0927106,-13.437982,-0.74473715,21.3437,0.51562274,0.054672156,0.33866298,-0.016497476,-0.7061694,0.22182143,0.6677601,19.062767,0.53128,15.214165,0.9632619,10.095578,2.2353938,-34.680946,-0.5119197,-12.954996,20.425323,0.033628333,-0.0023439738,0.049330615,3.6458335,2.673797,0.282,0.16521502,0.0925,0.019202864,-27.472,12,10,109,SPEAKER_01,1039.2,1041.366667,1039.42971875,1041.366667,1,1.936948250000114,engaged
44.145767,0.13425873,41.20985,44.041794,49.115974,7.906124,114.35494,44.48956,55.43048,32.800842,0.4316929,1.1968017,0.07771112,0.22998084,0.7253479,0.6476368,10.891625,5.5669417,5.879753,4.0727096,0.2807221,1.6068965,13.803415,0.9401583,9.411108,1.5898345,1.0896469,13.296573,-21.059319,-0.6345741,0.02656705,0.74519265,1.5985627,0.62887657,6.6571045,0.5749322,13.651204,0.8338308,20.79881,0.67357266,852.57385,0.1863618,1278.6165,0.17836563,-126.11222,-0.69762754,1938.1937,0.12690148,990.88776,0.39766625,-126.62132,-0.637979,2876.768,0.075242676,939.9723,0.247833,-125.68988,-0.64523745,-13.699281,-0.5455913,22.520906,0.42399752,0.05543367,0.43278244,-0.01954873,-0.65707254,0.50893503,1.1475102,16.889647,0.7075136,3.867704,3.5613666,-2.0911696,-8.306295,-29.689548,-0.42818242,-9.78478,17.791092,0.039231274,-0.0044372045,0.12840676,2.739726,4.694836,0.08,0.0745654,0.12666667,0.055777334,-22.344599,12,10,110,SPEAKER_01,1041.4,1044.2,1041.4,1044.2,3,2.2093750000001364,disengaged
36.193905,0.10874168,34.27605,34.963467,36.77569,2.4996376,127.764565,94.69689,304.4031,555.1766,0.4060264,0.65661794,0.17249155,0.37032548,0.6158614,0.44336987,6.1983237,3.5234463,4.4611297,2.6506696,0.15745117,0.7479176,22.080492,0.60779995,12.598836,0.90301585,2.8377707,5.0006046,-22.619389,-0.72458297,0.030259186,1.3036582,1.3449658,0.6227499,7.8519754,0.35801327,8.489246,1.1006656,27.507423,0.3634772,657.0972,0.30056518,1470.6465,0.14551724,-64.76466,-1.2806076,1692.9113,0.15604666,1264.624,0.33043623,-69.05856,-1.0884277,2797.0344,0.07377604,1013.01685,0.39927673,-74.15447,-0.96289456,-15.925176,-0.57936615,26.250473,0.40720925,0.05262547,0.39640617,-0.016457545,-0.7568891,0.18301809,0.62464917,25.523602,0.31470823,10.288935,1.0442655,1.2681714,12.385405,-26.476416,-0.59204143,-10.542138,16.835382,0.042224508,-0.0026150604,0.08727769,4.2016807,2.2792022,0.3175,0.3681287,0.13499999,0.07952987,-29.206303,12,10,111,SPEAKER_01,1044.233333,1050.533333,1044.233333,1048.96409375,2,3.5832607500003633,engaged
34.58623,0.04428047,33.370026,34.38331,36.309544,2.939518,36.834038,20.223558,30.999674,29.737797,0.25393048,0.58450425,0.12448204,0.22578311,0.39692354,0.2724415,3.484763,1.8348256,1.4200994,0.91571575,0.093810536,0.56116647,27.029858,0.36963487,20.001007,0.6744724,5.9454565,2.087134,-11.673131,-1.3595378,0.026205095,0.67845845,1.6751586,0.5671513,7.5485744,0.3148872,9.886541,0.78771037,33.318275,0.20358148,687.5854,0.22468804,1475.4443,0.11178345,-68.41885,-1.1696975,1748.5383,0.10175851,1233.9847,0.14428405,-78.76271,-0.90144473,2892.6118,0.05855867,1024.3479,0.36370355,-83.26973,-0.81685144,-19.473047,-0.4339103,32.40851,0.24850403,0.038712382,0.35959473,-0.016403897,-0.4792259,0.10178168,0.41021305,30.460909,0.22519815,16.545212,0.76118577,4.0910287,3.280883,-16.47578,-0.84182435,-17.982096,26.43434,0.030296663,-0.0018255566,0.08174918,3.2786884,3.508772,0.195,0.13462912,0.08333333,0.032998316,-34.574287,12,10,111,SPEAKER_02,1044.233333,1050.533333,1048.96409375,1050.19596875,1,1.2318749999999454,engaged
37.51607,0.03421411,36.084805,37.642544,38.943806,2.8590012,26.159153,7.602826,8.022987,10.139101,0.2066172,0.75048023,0.07424496,0.15966398,0.34977508,0.2755301,3.3262742,1.350148,2.2847006,1.1537997,0.09026993,1.0117519,16.910854,1.0089498,15.082861,0.82159835,13.643537,0.9515177,-5.9300137,-2.4005327,0.024791053,0.7844482,1.5598016,0.9430217,9.922985,0.39582038,18.888393,0.3920517,29.212389,0.1589004,776.42975,0.27519244,1463.4491,0.12930751,-131.5294,-0.62632704,1903.717,0.10312679,1283.5208,0.24607973,-132.24875,-0.573468,2869.4019,0.076699294,1099.188,0.31666312,-131.4863,-0.5849806,-25.887558,-0.32249507,35.241158,0.3163154,0.029875193,0.3989971,-0.019784443,-0.5163113,0.16338916,0.59326595,29.24271,0.23594594,19.74477,0.33049357,24.27921,0.43320727,-14.402733,-0.96436864,-9.0275545,17.44016,0.004894815,0.008802971,0.036539037,3.5714285,2.8037386,0.14333333,0.08653837,0.19333334,0.13199326,-27.854898,12,10,113,SPEAKER_02,1051.666667,1053.066667,1051.93409375,1053.066667,1,1.1325732499999503,engaged
38.82125,0.098504424,36.468422,37.57333,41.041912,4.57349,64.8975,62.922054,40.41096,27.183426,0.23846233,0.7041087,0.080563515,0.21404362,0.37258846,0.29202494,2.9451578,1.2909253,1.8611591,0.8183106,0.09189023,0.76781875,24.263935,0.7395559,15.705141,0.817013,3.590402,4.585547,-12.92053,-1.0992728,0.023537304,0.9023997,1.2322206,0.80864155,9.978505,0.4039849,15.869991,0.60974395,35.383217,0.23772043,792.5341,0.26298603,1385.9861,0.17026469,-86.42993,-0.97585756,1888.139,0.11954496,1354.8931,0.32015073,-92.89519,-0.78901637,2951.6523,0.07461345,1079.8787,0.25716934,-95.70669,-0.7358835,-20.464094,-0.62768394,36.433506,0.3090104,0.05210229,0.3483346,-0.012869654,-1.0881635,0.11689556,0.56919485,30.291819,0.4144488,14.405941,0.95329154,2.7147477,7.006666,-16.906666,-0.82583016,-10.374229,19.304468,0.04504274,0.0059277783,0.042376313,3.678161,3.2634032,0.19285715,0.1262327,0.10833333,0.08132582,-30.462082,12,10,114,SPEAKER_02,1053.1,1057.466667,1053.1,1057.466667,1,4.366667000000007,disengaged
37.84607,0.10240609,36.155857,36.95842,37.97248,1.8166237,88.59386,110.0667,37.679367,29.302137,0.1576474,0.7383209,0.0639447,0.13614218,0.23345126,0.16950656,2.929262,2.1248913,1.9762875,1.3189902,0.06948747,0.9192737,21.161177,0.77593315,16.897562,0.7062915,8.930729,1.297275,-7.81319,-1.3775605,0.03259475,1.047137,1.8308511,0.55081797,8.589252,0.30103192,12.2616415,0.8960722,29.611813,0.3334358,756.6143,0.25123662,1488.7002,0.14134626,-118.72944,-0.70128715,1841.4832,0.12709948,1278.707,0.28270906,-116.44265,-0.65924263,2886.2178,0.07789414,1033.8848,0.24773586,-118.2122,-0.63238126,-22.087923,-0.43043807,33.500877,0.28514972,0.042434838,0.51321214,-0.0120780375,-1.0662338,0.09784997,0.6581964,28.984327,0.33652982,16.737034,0.7916043,9.169108,1.3204505,-10.235927,-1.15538,-11.810334,19.614033,0.03740015,0.0015697376,0.040722247,3.6363637,4.40367,0.10583333,0.063764974,0.10521739,0.093010955,-35.71409,12,10,115,SPEAKER_02,1057.5,1063.466667,1057.5,1063.466667,2,5.511042000000089,engaged
42.869637,0.14160381,35.717197,45.4834,47.573483,11.856285,90.102165,106.2407,145.10463,203.66725,0.47920677,0.8909186,0.10573603,0.3170258,0.8979423,0.7922063,6.3328,2.9743724,5.3038282,3.0519722,0.1985254,1.1208668,15.487998,1.0055375,8.940595,1.6181606,5.3519077,2.7924483,-27.647152,-0.7240839,0.02025732,1.2392054,1.0346054,0.84104526,11.535755,0.4005097,11.991293,0.8879491,20.241655,0.6250693,834.0457,0.2187152,1274.9978,0.22795913,-82.46692,-1.0558387,1928.5796,0.10798014,1104.7728,0.39925963,-87.302444,-0.87629455,2898.4253,0.06279434,838.466,0.4658494,-86.04141,-0.8983042,-16.389633,-0.5808833,24.89443,0.44871524,0.074714884,0.37580726,-0.014844673,-0.8875365,0.27291945,0.8868962,19.819082,0.5456085,4.3178024,3.459442,2.8894546,5.5326934,-35.04507,-0.51358503,-6.281152,13.255339,0.04284205,0.0010651966,0.053900477,4.5146728,2.283105,0.281,0.36137098,0.12,0.12548089,-22.07353,12,10,116,SPEAKER_02,1063.5,1070.733333,1063.5,1069.6865937500002,4,4.448468749999847,disengaged
34.48681,0.13796401,35.16662,36.5628,36.959377,1.792759,391.8172,95.06064,133.15575,57.64458,0.17828971,0.52687603,0.09681441,0.16291384,0.26520333,0.16838892,1.6551397,0.6040933,2.134959,0.88604844,0.07118771,0.5906226,27.842386,0.4729651,18.350374,0.544915,2.4356534,4.1987834,-12.144824,-1.1960047,0.026070438,0.6464043,1.2062694,0.43511313,7.5428057,0.49133483,9.810296,1.1640797,34.068344,0.19827108,716.98334,0.26581535,1472.46,0.13819413,-131.35649,-0.6259636,1818.5243,0.15332784,1290.9631,0.14952645,-132.22696,-0.5588571,2865.8403,0.09742698,1119.4102,0.30228946,-134.40161,-0.53138185,-22.996763,-0.27738485,36.739815,0.15027128,0.051538646,0.38841242,-0.020287832,-0.7684595,0.082684934,0.38278186,33.601707,0.14505313,15.649377,0.5729217,3.0309465,4.015973,-15.5891285,-0.9079087,-18.19498,29.222504,0.04973252,-0.0130669195,0.06603874,4.1379313,5.755396,0.061249997,0.09413256,0.0925,0.061186187,-37.23332,12,10,117,SPEAKER_02,1070.766667,1072.366667,1070.90159375,1072.366667,1,1.4650732499999322,engaged
35.581287,0.04784377,34.414978,36.40602,36.679565,2.2645874,23.310951,20.685635,8.981704,8.005192,0.32600164,0.70444655,0.117463015,0.2681174,0.50962204,0.39215901,6.3011575,3.3647254,3.7806575,1.637945,0.10675608,0.6938338,20.486988,0.6659975,17.939367,0.67128026,15.555274,0.86718583,-22.689337,-0.78988975,0.023784485,1.0744215,1.3198103,0.6836881,8.409898,0.33821195,15.601877,0.6076542,32.272667,0.24178426,623.8426,0.35176104,1509.0144,0.1425756,-69.10683,-1.2233683,1743.0432,0.13650458,1215.4977,0.3083711,-73.65169,-0.99265134,2745.935,0.07949391,1089.4713,0.42882618,-74.32855,-0.97758454,-17.728441,-0.46890762,26.096504,0.39191702,0.0673828,0.35126263,-0.017264865,-0.6835663,0.13028622,0.5619013,24.108082,0.37432396,13.539335,0.75635076,15.514444,0.90568846,-29.191677,-0.5260722,-12.491234,18.257578,0.034392532,-0.0013714636,0.053308845,4.9180326,3.7656906,0.1822222,0.1457378,0.078571424,0.051388875,-30.760542,12,10,119,SPEAKER_01,1073.8,1091.833333,1073.8,1076.82471875,2,2.450968750000129,engaged
36.68188,0.08804557,33.871025,36.237164,40.025513,6.1544876,156.89812,219.63826,16.44203,18.309242,0.33727753,0.8718885,0.07380867,0.2572643,0.5368632,0.46305454,5.7496414,3.4593751,3.5147393,2.2589908,0.12047205,0.95360935,22.899807,0.4985904,9.458296,1.3651142,-2.9506328,-6.1620307,-21.524887,-0.7459509,0.02053682,1.2715889,1.3873862,0.80036545,8.499987,0.38511914,5.364337,1.9059697,29.723288,0.31084383,707.55396,0.26396042,1404.1934,0.15872154,-82.26511,-1.116869,1779.4713,0.1412372,1106.9775,0.22648917,-85.53723,-0.96660393,2861.1338,0.080898665,1041.1696,0.465921,-90.22584,-0.8727856,-14.969284,-0.58360994,28.458893,0.32766896,0.047879253,0.3780134,-0.020662948,-0.84756655,0.16058214,0.7517028,24.745333,0.38153273,6.158414,2.0107777,-6.1221423,-3.1560001,-28.378298,-0.48395303,-13.934071,24.778244,0.031050818,-0.0044998,0.053961143,2.9906542,3.018868,0.2025,0.16437382,0.10875,0.06575285,-29.844051,12,10,119,SPEAKER_02,1073.8,1091.833333,1077.24659375,1090.2403437500002,6,5.366250000000264,engaged
36.13052,0.061785072,35.08121,36.4524,37.969547,2.8883362,101.663345,60.72665,8.634091,7.453868,0.20258461,0.6290234,0.09051222,0.16859613,0.3058869,0.21537468,2.1973462,1.3091142,1.8507352,0.68973947,0.07342078,0.73174626,21.50082,0.92276305,20.622713,0.41513467,11.717981,0.9229828,-12.155414,-1.1569582,0.025474481,0.7974894,1.3316633,0.62435544,8.743056,0.29476362,11.60717,0.83282113,32.375134,0.189934,732.1411,0.23146424,1416.999,0.19916175,-80.74644,-1.0536991,1873.4852,0.10986944,1119.8495,0.27177176,-90.01381,-0.828682,2892.4067,0.06322148,958.7877,0.2648504,-90.85384,-0.8130494,-22.072287,-0.41421705,31.03591,0.3328582,0.04963471,0.32685295,-0.021675367,-0.59611136,0.09681614,0.5385944,28.304577,0.39540854,17.829813,0.45875934,13.592573,0.83705705,-18.568932,-0.62733024,-10.812301,18.616028,0.03711367,0.0047341166,0.02954054,4.255319,2.6200874,0.24666665,0.15369523,0.14,0.105640896,-34.126106,12,10,120,SPEAKER_02,1091.866667,1094.233333,1091.866667,1094.233333,1,2.3666659999998956,disengaged
35.263363,0.07300989,32.666805,34.642838,37.796097,5.1292915,58.9898,63.37978,38.333687,27.08319,0.2767581,0.8198606,0.046898235,0.2410648,0.52413446,0.4772362,3.1095772,1.3767943,2.9211488,1.2068613,0.107354954,0.97524214,20.053772,0.63100374,14.541843,0.6623231,7.021218,2.5090566,-18.497126,-0.7081983,0.039332543,1.8269267,1.4405835,0.72592574,7.4919343,0.5359907,4.807458,1.9356731,29.223526,0.24175414,727.7653,0.25556484,1415.0444,0.17507277,-100.41019,-0.884336,1804.1797,0.14517826,1107.2866,0.1598914,-106.20352,-0.7738906,2871.2793,0.058059342,916.49615,0.2349829,-109.43036,-0.7198838,-16.949423,-0.5327698,29.640705,0.32614362,0.04542503,0.37280053,-0.020068606,-0.75122446,0.16626115,0.6360908,26.499626,0.34574485,13.086786,0.8549774,3.8972726,5.366634,-24.470057,-0.5095993,-10.423174,17.583002,0.043120604,-0.00030236336,0.04478364,2.9239767,3.6144578,0.14,0.10327955,0.114999995,0.052519836,-28.831404,12,10,121,SPEAKER_02,1094.266667,1096.933333,1094.266667,1096.5684687500002,2,1.728051750000077,engaged
36.636864,0.08871913,34.93149,35.73101,38.005997,3.0745049,82.661606,111.42338,49.9695,27.953342,0.23280536,0.6958787,0.077123284,0.20106028,0.38275456,0.30563128,3.5323668,1.270707,2.332544,0.9391611,0.09262314,0.8385839,22.432951,0.81500787,14.089089,1.0195302,1.984285,8.819159,-15.336395,-0.8761381,0.023804113,0.75090706,1.3682761,0.6720642,7.8291364,0.4348987,8.955093,1.2067574,29.436005,0.3548093,739.40137,0.27683407,1461.0946,0.18268156,-105.74666,-0.85259086,1831.9001,0.1586279,1285.0001,0.29759318,-106.510216,-0.7683107,2899.961,0.08809413,1084.6249,0.2940216,-109.70423,-0.71173716,-16.770853,-0.693028,33.618416,0.30630818,0.046732258,0.3327359,-0.014899355,-0.8786174,0.12589557,0.5978061,29.917845,0.36505583,11.648675,1.3167219,1.0260668,19.77164,-20.326378,-0.56423277,-10.391406,20.607517,0.035954546,-0.0024552692,0.053535458,3.7422037,3.1512606,0.16466667,0.14099015,0.14999999,0.10310562,-32.615005,12,10,122,SPEAKER_02,1096.966667,1105.566667,1097.37846875,1104.34784375,3,4.826250000000073,disengaged
37.884933,0.061666112,36.49341,37.894093,38.34776,1.854351,198.06317,79.53029,43.771355,56.257256,0.18285272,0.676154,0.054013915,0.17513566,0.29767558,0.24366167,2.771587,1.4340818,2.1667445,1.0230039,0.090409644,0.9148666,18.166237,1.1608704,21.833466,0.24732271,14.130433,0.8043719,-8.61586,-1.4374543,0.0318086,1.1313297,1.1074777,0.6725261,10.895025,0.22361758,19.455805,0.48164582,31.129402,0.21964294,814.4315,0.19115984,1452.7186,0.16454917,-109.604485,-0.73201895,1953.4186,0.09516566,1158.2098,0.2702886,-109.84112,-0.66906726,2987.404,0.06352818,1072.987,0.20801003,-110.32746,-0.6618599,-28.096369,-0.2857194,38.879333,0.24275474,0.044118192,0.44590473,-0.014581585,-0.80209756,0.11923654,0.57952976,30.136637,0.30453986,21.831966,0.28804937,17.322865,0.49092165,-10.709047,-1.0283384,-6.39387,12.837849,0.039476153,0.009614787,0.039980672,3.7433155,2.793296,0.19799998,0.069685005,0.114999995,0.094295636,-30.161062,12,10,123,SPEAKER_02,1105.6,1107.833333,1105.95096875,1107.833333,1,1.882364250000137,engaged
36.467964,0.05819471,34.570755,36.002163,38.379787,3.8090324,132.39447,54.5363,27.7708,11.162667,0.14342278,0.8878613,0.019619701,0.103594765,0.27198687,0.25236717,1.7795068,0.6285891,0.9227307,0.969774,0.06111426,1.0038631,24.152336,0.57217276,14.685521,0.8081304,0.92149884,14.12297,-11.331482,-1.150352,0.024729911,0.81021106,1.4055576,0.7182604,7.807143,0.46379983,2.1096504,5.099486,28.19398,0.31852853,791.5833,0.25736958,1427.3743,0.14574446,-119.76538,-0.73435843,1883.7675,0.1542144,1419.4296,0.22088063,-124.22609,-0.6243305,2907.074,0.10522731,1114.4364,0.20130974,-126.49526,-0.5940143,-21.216436,-0.5232219,37.711025,0.24621114,0.031740665,0.45247823,-0.015207993,-0.88181573,0.10009072,0.51019955,31.58462,0.3098646,13.091537,1.1663214,-1.0320246,-16.767502,-15.18103,-0.97018737,-14.309819,24.774265,0.033676434,-0.0005510295,0.03445278,2.586207,4.5045047,0.09199999,0.07493998,0.13499999,0.10356157,-34.185535,12,10,124,SPEAKER_02,1107.866667,1109.266667,1107.866667,1109.03909375,1,1.172426749999886,disengaged
36.776516,0.09510034,33.867523,35.85785,40.502106,6.6345825,160.83492,168.03822,35.73666,30.757893,0.22886294,0.7115179,0.075170115,0.19041568,0.38393512,0.308765,3.455976,1.7924243,2.216382,1.0447664,0.09157128,0.91606396,28.254278,0.3728919,9.187726,1.3495728,-1.147086,-14.244167,-18.425138,-0.779574,0.027064959,0.99769235,1.528577,0.55256563,7.4134736,0.42458814,6.487427,1.6675568,30.656713,0.31598148,767.58484,0.25848877,1415.3922,0.14100687,-78.34411,-1.1079165,1836.0265,0.16047218,1306.3925,0.22646582,-85.373726,-0.8968279,2875.0913,0.08694794,1108.1907,0.3297983,-89.86795,-0.8121067,-16.408325,-0.65058196,33.70785,0.21436408,0.04123315,0.43474233,-0.017530657,-0.82078505,0.11794526,0.7408593,31.540134,0.21118274,7.075009,1.7985067,-3.3544114,-5.295073,-22.703686,-0.62566864,-13.867072,26.105742,0.032133587,-0.002662737,0.040875934,3.3464568,3.3797219,0.18941177,0.14362821,0.118333325,0.058428492,-31.726463,12,10,127,SPEAKER_02,1111.0,1132.133333,1111.0,1131.83721875,5,5.092843749999702,engaged
36.3327,0.057727948,34.07613,36.334335,37.942215,3.866085,101.083046,114.356064,26.312075,19.570158,0.14025643,0.86923444,0.032935042,0.10281189,0.23525913,0.20232409,2.8095164,1.6344047,0.9671049,1.107293,0.05753375,1.1114312,18.047453,1.0054699,19.358845,0.469186,8.625811,1.5072545,-6.232482,-1.7718844,0.022169875,0.63161254,1.6878728,0.73453265,8.534168,0.44283783,10.946365,1.2095504,30.796883,0.20093238,760.42065,0.28947031,1416.2504,0.1463352,-135.75919,-0.60283965,1867.4119,0.15046698,1188.5002,0.19868971,-137.78691,-0.5505837,2923.9194,0.07574753,1039.3296,0.21133675,-139.67905,-0.5246065,-22.382587,-0.44507855,36.86875,0.14697582,0.034523748,0.41529277,-0.013937765,-0.95432615,0.09846108,0.5804575,31.584873,0.19303246,16.912506,0.6184112,8.837397,1.9684674,-12.442066,-0.948302,-10.638915,20.081987,0.031963073,0.011950467,0.028511945,3.007519,3.0769231,0.114999995,0.07599342,0.19,0.22090721,-33.245853,12,10,128,SPEAKER_02,1132.166667,1136.066667,1132.39409375,1136.066667,2,2.676948250000123,disengaged
38.12213,0.13191204,35.204052,36.93714,40.95209,5.7480392,300.58807,411.02588,71.27241,86.70589,0.21866202,1.1739954,0.051686417,0.13202462,0.29782727,0.24614085,4.0850124,3.2331135,2.6000156,2.5500052,0.08602701,1.4981204,18.368753,1.0034211,15.981031,0.63817006,8.465214,1.7687591,-13.1922655,-1.1611413,0.02703018,1.4172435,1.4528269,0.7303841,9.080049,0.45722997,9.259038,1.1451118,28.549067,0.46410325,761.1518,0.2562372,1392.0967,0.20489052,-120.176674,-0.73133355,1884.8044,0.12832746,1188.3053,0.33457428,-120.37789,-0.6659404,2884.2195,0.082741685,1023.89624,0.33352837,-120.92595,-0.655393,-19.579512,-0.5882635,30.434168,0.40662873,0.047240984,0.44705707,-0.018268572,-0.8267776,0.13871172,1.0076615,26.711092,0.49885857,12.824077,0.8808889,7.051793,2.7119083,-21.048317,-0.7819443,-10.8922615,18.544521,0.03454808,0.0037474846,0.03848715,2.2678952,3.0583217,0.14627907,0.12623388,0.172,0.16740969,-28.629213,12,10,130,SPEAKER_02,1136.733333,1340.833333,1136.733333,1340.4459687500002,6,14.122010750000982,disengaged
34.152393,0.1982197,34.433315,36.527206,38.19552,3.7622032,223.21196,152.98878,27.65083,41.853718,0.080676645,0.92798096,0.025649497,0.058006518,0.12123135,0.09558185,1.6857071,1.356558,1.0461164,0.7362756,0.023708086,1.1080832,13.903433,1.2669411,20.495916,0.30118403,15.322061,0.59968907,-3.663976,-3.3460808,0.025015602,0.81207937,1.6628287,0.6493641,7.186951,0.48763233,15.302444,0.5376962,30.865673,0.34932938,693.2845,0.28840774,1413.2634,0.1411653,-178.88686,-0.31548637,1804.7507,0.120516494,1117.5173,0.28715542,-177.21712,-0.31395143,2822.947,0.089394554,970.0011,0.2617415,-177.37857,-0.31143677,-20.80953,-0.3197387,30.170666,0.31088164,0.038533993,0.9311362,-0.01313474,-0.87656236,0.054714087,0.61565506,25.286291,0.37883493,17.637987,0.40669176,16.214544,0.8581705,-13.925679,-1.1015341,-12.160212,19.383936,0.01776048,0.0067495625,0.018709848,3.35097,1.4171834,0.089999996,0.062149014,0.6346667,0.6428672,-44.536034,12,10,130,SPEAKER_00,1136.733333,1340.833333,1158.24659375,1333.1390937500005,14,11.356875000000173,disengaged
36.90841,0.118247494,35.51775,36.86229,40.08877,4.571022,303.40085,506.09952,110.511826,98.290276,0.15478396,0.725634,0.06315704,0.13169987,0.23051092,0.16735388,2.8894987,1.2764293,1.9132515,1.1943874,0.05998716,0.7391443,26.201138,0.48174864,16.407362,0.5262024,9.082787,1.3465772,-11.150436,-1.1133376,0.03427345,1.1761272,1.5796711,0.7154125,8.81072,0.3707552,12.656601,0.7944486,35.941753,0.22305031,748.0898,0.25932014,1483.7222,0.21284238,-118.428116,-0.73643637,1859.7938,0.11795317,1256.5715,0.24356097,-122.020355,-0.6363613,2897.5852,0.07329386,1058.3309,0.2488424,-123.70919,-0.61279607,-23.646946,-0.34058952,35.706673,0.21450393,0.051549617,0.3964035,-0.017501557,-0.79288447,0.08496177,0.518032,31.294197,0.26704895,14.861696,0.6584607,6.778321,2.02119,-16.330675,-0.7724083,-17.296982,26.722439,0.032981347,-0.0036021625,0.037426233,4.5525904,3.6392407,0.12086957,0.08968122,0.1525,0.121978484,-36.37587,12,10,131,SPEAKER_02,1340.866667,1355.266667,1341.1040937500002,1355.266667,6,6.38319824999985,engaged
31.345291,0.05166355,29.91243,31.640305,32.896164,2.9837341,0.0,0.0,-0.943748,0.0,0.0722152,0.48963624,0.045879703,0.06643053,0.09848811,0.052608404,1.8158205,1.1198566,1.0442412,0.47447875,0.02478612,0.7936535,19.391985,0.7775345,16.427435,0.25442693,15.884336,0.5702356,-0.37129188,-29.176676,0.36282045,0.0,2.822392,0.0,4.128695,0.038207673,15.579836,0.4205406,36.231136,0.050433423,902.4077,0.16758421,1419.1526,0.14759302,-193.37471,-0.16733575,1876.9524,0.07202265,1213.6108,0.21872304,-193.70398,-0.16006622,2816.3376,0.05374883,1094.4934,0.15274417,-193.76057,-0.1585909,-17.951736,-0.36612836,25.846361,0.36536634,0.03227562,0.20413373,-0.005578921,-0.569604,0.040315438,0.44179913,23.236782,0.33994037,14.01912,0.13169234,14.501945,0.083089784,-8.682649,-0.22834861,-15.428562,23.570574,0.017117986,0.0014216796,0.024445644,7.7669907,1.0204082,0.03,0.0,0.45999998,0.089999996,-48.568954,12,10,131,SPEAKER_00,1340.866667,1355.266667,1342.2178437500002,1344.6309687500002,3,1.0462499999996453,engaged
36.66146,0.041701395,34.872967,37.761696,38.094624,3.2216568,22.812748,13.653893,15.958301,0.0,0.13382913,0.3912734,0.09503211,0.12859382,0.17312816,0.07809605,2.0037348,0.8077839,1.2005624,0.50582397,0.05128108,0.50204486,26.480127,0.28364918,17.83232,0.30442208,11.98116,1.0489157,-12.817814,-0.65396756,0.03183129,0.7104687,2.035301,0.33976215,7.2697206,0.32745856,17.219252,0.31042588,37.092648,0.095919125,622.63336,0.23270412,1506.2996,0.123815715,-145.23448,-0.5650311,1734.7205,0.12581275,1303.4437,0.20822148,-146.88686,-0.49908075,2767.6082,0.073217936,1113.41,0.2850714,-148.09253,-0.4840975,-22.058718,-0.2666938,33.189293,0.14913455,0.04642004,0.26482692,-0.014640156,-0.6009923,0.064270146,0.49973732,30.303576,0.16148019,17.992569,0.2609603,8.743883,1.4273902,-15.376213,-0.45033592,-18.71649,27.29276,0.037393242,-0.011127624,0.045994293,8.849558,3.773585,0.074999996,0.057227615,0.22333333,0.094633795,-41.599876,12,10,132,SPEAKER_02,1355.3,1356.666667,1355.3,1356.666667,2,1.1472920000003342,disengaged
36.26696,0.051279545,35.295364,36.42139,37.54706,2.2516937,21.411182,13.415415,23.600641,15.697368,0.15427762,0.64624506,0.061855137,0.13731486,0.22999817,0.16814303,2.4997907,1.1911395,1.7843293,0.74214375,0.06283552,0.81429243,22.267721,0.76002467,18.674982,0.39041305,16.645458,0.8239913,-12.580872,-0.8876222,0.029942563,1.6176658,1.5799075,0.6542976,8.924854,0.33219987,16.441187,0.5053271,35.85423,0.24633537,700.21783,0.2786742,1483.1282,0.13494797,-105.026215,-0.82112443,1819.3928,0.13522707,1290.9619,0.2850495,-110.281876,-0.6979882,2843.1748,0.081375904,1017.91064,0.2596106,-111.69164,-0.67643684,-23.918156,-0.32952562,35.166397,0.23058686,0.048860654,0.33728105,-0.015443783,-0.6894609,0.088432,0.5598821,31.598278,0.26497665,18.117847,0.4743522,12.534426,1.0935276,-15.689219,-0.60671145,-11.244214,17.874239,0.033464864,0.003616338,0.032369774,5.0113897,3.2332563,0.16142856,0.09280218,0.13692307,0.08351736,-35.607605,12,10,133,SPEAKER_02,1356.7,1361.866667,1356.7,1361.84346875,3,4.400968749999947,engaged
37.755756,0.036574606,36.53197,37.142986,39.49106,2.9590874,57.994415,51.413002,10.193866,10.68623,0.23647709,0.7263635,0.07050629,0.19217563,0.38828278,0.3177765,3.9810824,1.6641201,2.9629247,2.5113285,0.10887251,0.7785609,25.168736,0.4328076,16.670628,0.5103929,14.959725,1.3703755,-15.557483,-0.7953517,0.018740647,0.73171586,1.3349799,0.90043455,10.815288,0.26080075,15.490231,0.7310478,31.71761,0.26706442,784.51556,0.26585206,1452.2765,0.12403384,-93.95048,-0.856573,1917.4647,0.11942418,1194.492,0.26851946,-95.917076,-0.7517388,2896.0908,0.06546065,1093.6649,0.28281793,-97.44196,-0.7257443,-22.902996,-0.31134233,34.535393,0.20017868,0.045369245,0.3743952,-0.017002244,-0.8826688,0.14030223,0.5866733,29.832687,0.28753895,16.564821,0.5798721,14.603441,1.5804162,-18.296116,-0.63439053,-14.881167,23.028461,0.02604749,0.0023429978,0.042673755,4.794521,4.255319,0.14166667,0.07882822,0.086,0.088,-29.762753,12,10,134,SPEAKER_02,1361.9,1364.166667,1362.14721875,1364.166667,2,1.4794482499999049,disengaged
37.593174,0.02558291,36.862923,37.62126,38.532726,1.6698036,36.121567,32.30587,24.306467,17.073647,0.18005897,0.5531365,0.07095131,0.18502466,0.26821944,0.19726813,1.5513715,0.93298453,1.9363929,0.66730213,0.089818306,0.73315525,25.398396,0.48650867,19.864641,0.28806463,17.74786,0.6171395,-13.998433,-0.8586595,0.028041556,0.79120415,1.5187496,0.68192214,9.733522,0.25121018,16.210493,0.5380812,30.003935,0.32081723,773.80365,0.22333871,1433.5797,0.12716523,-91.30815,-0.87123966,1911.8169,0.09590313,1115.616,0.3036395,-95.260315,-0.7421579,2914.311,0.05410415,951.65436,0.39699048,-94.682365,-0.7523604,-25.764349,-0.25427106,34.980633,0.22911607,0.04040238,0.48392192,-0.019236356,-0.5196693,0.122139774,0.4750529,29.864649,0.19423243,19.639399,0.31995773,20.985884,0.5574672,-18.20115,-0.61227316,-14.945358,23.203909,0.033433627,-0.00063050236,0.032370478,6.47482,2.9850748,0.21249999,0.13329947,0.08,0.0334664,-33.070896,12,10,135,SPEAKER_02,1364.2,1365.6,1364.2,1365.6,1,1.3999999999998636,engaged
37.808773,0.034026105,36.76045,37.554066,39.276314,2.5158653,105.93283,126.65686,13.684037,7.739818,0.23249786,0.7353731,0.07290858,0.20462489,0.37715012,0.30424154,3.2853954,2.5713308,2.520768,1.3357716,0.08262646,0.69499415,26.991486,0.36810383,14.802681,0.56754124,6.5071373,2.3604157,-18.795225,-0.8392833,0.018397158,0.7879344,1.3380713,0.8486761,10.153226,0.27855763,8.12018,1.2285613,33.236004,0.18540235,762.0138,0.23607229,1463.3096,0.13891543,-96.68864,-0.9149134,1832.9341,0.14076306,1313.8887,0.2707417,-100.11332,-0.7760799,2890.7275,0.0905091,1003.07733,0.24445991,-102.56979,-0.7351332,-20.341532,-0.36527118,32.907455,0.22166839,0.051180527,0.39227703,-0.022620972,-0.52248096,0.11072053,0.48296347,31.262733,0.22734895,11.9221,0.7427841,2.0462933,8.564708,-26.457327,-0.55962485,-17.633665,26.314743,0.032516483,-0.0017273609,0.042579122,3.6585367,3.0959752,0.185,0.12010412,0.118,0.07304793,-32.068836,12,10,136,SPEAKER_02,1365.633333,1369.266667,1365.633333,1369.266667,2,3.295834000000241,disengaged
37.595993,0.041692797,36.189075,37.323082,39.46035,3.2712746,43.021587,30.392529,13.178535,7.605184,0.19020452,0.78147954,0.05357413,0.1526421,0.3080601,0.25448596,4.1003246,3.3364205,2.7947693,1.4299337,0.104780026,1.0082952,26.6794,0.46828154,17.517904,0.355381,11.595701,0.87359166,-10.881928,-1.0655344,0.023299359,0.6601738,1.3642814,0.7163378,9.842467,0.25385612,13.970775,0.5965739,33.852257,0.16733824,815.7299,0.22702707,1416.0475,0.15419951,-102.79702,-0.7951754,1963.3486,0.10094287,1273.0791,0.27396885,-108.293045,-0.67607266,2937.7925,0.0825397,1128.5237,0.2313394,-109.36358,-0.6599314,-25.573956,-0.26097947,35.984447,0.20240983,0.04426447,0.46632427,-0.019491266,-0.7944731,0.14228022,0.7466183,32.367466,0.23214778,16.747723,0.43821412,11.723429,0.99908984,-13.948632,-0.8678279,-18.119268,27.163599,0.03706664,-0.005029114,0.058697805,4.0358744,4.1284404,0.13,0.0794425,0.156,0.111103565,-30.61434,12,10,137,SPEAKER_02,1369.3,1372.033333,1369.3,1371.9515937500005,2,2.2465937500005566,engaged
37.42161,0.066988215,36.22666,37.600502,38.570984,2.3443222,123.14334,114.33157,38.52783,34.68284,0.15000916,0.81223285,0.061817665,0.11340767,0.21941821,0.15760055,3.1660664,2.2838125,1.8298266,1.2880967,0.053764343,0.9851289,22.82114,0.47869915,14.2456875,0.6520471,16.554556,0.78893244,-14.900304,-0.90655994,0.028923107,1.0499421,1.7598048,0.59503895,8.179347,0.35903263,13.998789,0.7676304,28.025679,0.37367013,691.9099,0.2891255,1444.15,0.22463839,-137.48581,-0.6063562,1812.7708,0.11784623,1137.4133,0.3173955,-134.8059,-0.57598376,2816.9316,0.08495926,980.5934,0.3612361,-134.70349,-0.57787174,-19.204239,-0.44205502,28.145292,0.36802799,0.050564416,0.40862906,-0.01945311,-0.71650577,0.0869375,0.7499003,26.315828,0.34312782,10.975829,0.9481131,16.203043,0.9148051,-21.666254,-0.6617095,-16.362381,24.572474,0.036792725,-0.005894977,0.032683015,3.1722791,3.4752815,0.10183099,0.1130413,0.17742424,0.15500058,-35.884045,12,10,140,SPEAKER_02,1374.066667,1484.066667,1374.7022187500002,1484.066667,17,20.50069825000037,disengaged
37.404247,0.063117035,35.94263,37.01713,37.801697,1.859066,145.50563,132.78685,21.734758,120.50049,0.10552293,0.62077796,0.057430603,0.08834839,0.14421931,0.08678871,1.3674318,0.7694882,1.2507844,0.88021266,0.034817994,0.7072389,22.925352,0.49572453,17.302158,0.48328018,15.456046,0.5931928,-10.343156,-1.1553744,0.04041617,0.85482657,1.9994649,0.45614925,7.4229903,0.3296746,12.566458,0.74484783,29.75386,0.30065072,666.94116,0.26203522,1459.9294,0.15115291,-165.73152,-0.40257528,1779.0117,0.11974547,1247.4694,0.36349183,-164.93959,-0.38575152,2826.26,0.08051578,997.5549,0.32465807,-165.33879,-0.37998977,-21.090296,-0.30280393,31.453665,0.22646765,0.049893495,0.37985542,-0.016161222,-0.74907285,0.058815822,0.4941942,28.344688,0.19404706,14.466971,0.57719624,10.908464,0.92004544,-18.431551,-0.7169797,-17.404022,26.123291,0.033598665,-0.004255263,0.028461304,4.4239635,2.965709,0.0625,0.042866074,0.2546875,0.3048973,-43.472923,12,10,140,SPEAKER_00,1374.066667,1484.066667,1406.98409375,1468.5103437500002,12,10.867500000000518,disengaged
38.202145,0.036565736,37.42842,38.05631,39.48025,2.0518303,26.901169,17.159359,17.476034,12.046335,0.39252633,0.78845495,0.096102804,0.32188103,0.6930032,0.59690034,8.238248,3.4925218,3.882686,2.2536557,0.18924493,1.0246958,19.962482,0.75613207,10.722745,1.175423,1.7499291,6.7921624,-25.19721,-0.6619008,0.016871512,0.8432991,1.4721754,0.7420889,9.419841,0.26896486,14.0336075,0.7052974,32.277813,0.2659339,740.9946,0.25488272,1426.4005,0.15878832,-80.52375,-1.0985945,1819.1511,0.12462082,1171.0312,0.41220424,-80.52669,-0.9732443,2852.8418,0.070592865,925.30176,0.36536214,-82.14119,-0.94363195,-17.872688,-0.4287903,26.569675,0.39259905,0.06843712,0.289905,-0.03342311,-0.4921698,0.25788304,0.79850984,23.641275,0.49422774,7.019409,1.6697888,2.200653,5.5594807,-32.554,-0.443499,-11.941684,19.201593,0.04664589,-0.008237334,0.056894567,4.2253523,3.1700287,0.20454545,0.10756508,0.108888894,0.06983225,-25.735659,12,10,140,SPEAKER_01,1374.066667,1484.066667,1473.2015937500005,1478.87159375,3,3.560624999999618,disengaged
35.50635,0.10315847,32.93631,34.914314,36.45004,3.513729,36.909107,34.21988,42.89621,30.659044,0.3131261,0.65128636,0.11905265,0.27438176,0.5337632,0.41471052,6.0602603,2.0831363,3.1278355,1.1982516,0.113044344,0.7696414,20.315092,0.8231439,12.150157,1.3006594,-2.1612914,-6.1291347,-22.47607,-0.7375098,0.029548198,1.1566052,1.5224221,0.5742368,6.562549,0.39706913,5.7485085,1.7901146,28.7669,0.28004882,693.0421,0.27337864,1433.5193,0.12368171,-73.7187,-1.2039717,1765.3228,0.15361544,1215.6278,0.23164837,-82.3082,-0.9573647,2819.781,0.09384677,1082.6882,0.32517806,-85.60651,-0.8925697,-16.284765,-0.43228632,27.078842,0.31861222,0.057526045,0.34883544,-0.021643182,-0.49369615,0.13656175,0.4565931,27.228888,0.32002977,7.8745575,1.8535998,-2.2089667,-6.299398,-28.47713,-0.49328184,-7.029648,15.0742445,0.038662747,0.0036600078,0.04395922,3.9800994,3.5714288,0.17714284,0.1618389,0.09666667,0.051207636,-33.227993,12,10,141,SPEAKER_02,1484.1,1487.133333,1484.1,1487.133333,3,2.0208330000004935,engaged
37.469963,0.077207804,35.951027,37.63711,39.012478,3.061451,142.05455,128.86615,16.124708,9.811126,0.22922924,0.81286466,0.07629409,0.1945447,0.34031838,0.2640243,4.6017723,3.2292686,3.074575,2.2003357,0.11101153,1.0294801,20.772343,0.85913086,17.041182,0.7244748,5.7025204,2.455159,-12.534431,-1.127881,0.022703676,0.9475191,1.4085754,0.7382822,9.498176,0.36656392,13.514223,0.78265333,31.981916,0.29275557,762.8153,0.25474226,1422.3491,0.15387066,-100.14556,-0.85412234,1874.7013,0.12157548,1239.2574,0.20990956,-103.920334,-0.73439795,2908.6553,0.07705095,1034.8818,0.27732578,-105.43997,-0.708879,-22.390945,-0.51069087,34.618988,0.31233397,0.042147137,0.41976675,-0.017790351,-0.8010483,0.14531022,0.7830435,28.647072,0.41090015,16.475386,0.76199526,7.3275757,2.1306665,-16.966843,-0.78027934,-10.152276,19.207085,0.031307545,0.004367802,0.06307359,3.4816246,3.1128407,0.1796875,0.1477854,0.13607143,0.15798596,-29.62727,12,10,142,SPEAKER_02,1487.166667,1502.6,1487.166667,1502.36159375,7,10.351801750000277,disengaged
34.60192,0.073916025,32.826637,33.66559,36.83803,4.0113945,33.19045,20.02019,42.71089,37.76897,0.4535277,0.7039226,0.14227514,0.44142616,0.69579166,0.5535165,7.7698846,4.9399047,4.1601105,2.7806337,0.18732533,0.85771704,25.190908,0.47794133,4.1947303,3.5495205,-6.033987,-2.2579842,-24.045422,-0.5784023,0.018869162,0.7600235,1.5310168,0.5938437,5.803842,0.6645696,-0.55688465,-16.009748,25.984737,0.40546092,657.66254,0.24796653,1493.3716,0.16904359,-67.6482,-1.3106097,1676.2703,0.13242415,1244.2708,0.27166787,-73.28689,-1.1124222,2801.3706,0.073452614,1025.4089,0.36188447,-79.43523,-0.9702435,-14.09624,-0.6388364,27.198368,0.37338907,0.049898736,0.28731003,-0.022010293,-0.7023785,0.221893,0.6981062,28.16709,0.32036757,-0.14536302,-88.53817,-5.987779,-2.3750467,-28.942408,-0.39368656,-12.062527,21.73942,0.04111454,-0.0109302625,0.1254924,5.027933,2.8735633,0.22999999,0.18676187,0.114999995,0.0820061,-27.583345,12,10,142,SPEAKER_01,1487.166667,1502.6,1488.8109687500005,1491.64596875,5,1.8056249999995089,disengaged
42.431976,0.106242225,39.21421,41.326954,46.54604,7.331829,131.99313,101.46281,66.04743,54.848927,0.89422137,0.6547416,0.34441906,0.78272504,1.4683138,1.1238947,9.451,5.3927116,8.035948,2.9437277,0.3855349,0.75928754,9.151332,1.3544925,3.1496642,5.255037,0.2463786,81.26303,-36.368393,-0.49949804,0.023003167,1.2159259,1.1253855,0.6565423,7.781731,0.47688994,12.242211,0.90838426,18.868135,0.58203745,788.2408,0.287916,1319.2131,0.14662664,-74.25311,-1.2017738,1863.5771,0.116823085,1066.8499,0.4489126,-67.81131,-1.1365045,2882.5193,0.07866816,909.99615,0.45099068,-68.08056,-1.1235609,-7.9246206,-0.9611827,15.43811,0.5641422,0.05615289,0.41634488,-0.019074349,-0.9639175,0.4566602,0.64338595,10.020679,0.9919923,-1.0899191,-14.594895,-2.9542372,-7.1701126,-42.593224,-0.3575772,-5.93099,12.029901,0.02872679,-0.01484489,0.20465481,4.057971,3.529412,0.195,0.2175431,0.08,0.052725706,-21.36095,12,10,143,SPEAKER_01,1502.633333,1506.566667,1502.633333,1506.566667,2,3.4608339999997497,engaged
36.93732,0.06525469,35.316387,36.465282,38.459373,3.1429863,57.374268,51.252243,53.513653,61.26649,0.57714516,0.7335277,0.18809758,0.5013047,0.94072556,0.75262797,9.795602,5.317505,7.3901205,4.412134,0.22961625,0.89076316,16.469492,0.7026395,10.858866,1.4276471,5.521341,3.2954028,-26.619265,-0.6718965,0.021352204,1.1635025,1.3355446,0.67710704,7.415163,0.39632797,5.266931,2.1921816,23.443914,0.39989525,637.2123,0.31161332,1421.5135,0.1586787,-71.09934,-1.272581,1717.9495,0.14542465,1128.7382,0.3456407,-72.66395,-1.1006817,2762.3806,0.07832066,973.63635,0.43440273,-75.157166,-1.0366633,-11.742478,-0.6339751,20.510489,0.41251203,0.03100979,0.6432497,-0.019247025,-0.6507705,0.27759102,0.743154,18.477264,0.5007936,7.450497,2.0651803,3.2609012,6.100688,-33.60339,-0.42807594,-12.930336,20.024315,0.0015324693,-0.006171657,0.12129982,4.0922623,3.064275,0.21829267,0.18486516,0.10171428,0.092627846,-26.343668,12,10,144,SPEAKER_01,1506.6,1520.733333,1506.6,1520.733333,3,13.458332999999811,disengaged
35.788197,0.06576892,33.91987,34.711605,38.870335,4.950466,21.329784,0.21280316,10.30681,6.8233113,0.43481693,0.59567165,0.2074009,0.411527,0.71344775,0.50604683,3.95699,2.472748,4.173038,2.316315,0.13980432,0.56760055,23.981245,0.30725077,8.705303,1.555941,0.6857336,31.216845,-27.27345,-0.5620935,0.015694374,0.95548236,1.1605029,0.70237166,8.849402,0.20396902,2.3313208,3.6574035,27.108555,0.23340873,618.8626,0.23082541,1385.382,0.120385244,-53.890087,-1.6664491,1723.6377,0.14463177,1104.6078,0.30160636,-65.32583,-1.2113568,2802.324,0.07468048,910.4442,0.30399877,-70.06301,-1.0837822,-12.832744,-0.6457548,24.598211,0.23806028,0.024425866,0.74147534,-0.021418342,-0.5509425,0.1610259,0.42448243,26.114498,0.19462936,5.857045,2.2808294,2.343217,10.342926,-31.802042,-0.40354392,-15.631462,24.081436,-0.0069858423,-0.004721147,0.095511325,4.5454545,1.923077,0.375,0.195,0.26,0.0,-30.53165,12,10,145,SPEAKER_01,1520.766667,1526.4,1520.766667,1524.3834687500002,2,1.1193017500004316,engaged
41.13976,0.1497582,35.251755,42.15133,46.93608,11.684326,280.18143,136.32265,104.6961,48.961197,0.2017587,0.8776574,0.062440302,0.15534505,0.28622785,0.22378755,5.344182,3.8555393,2.5681176,2.0466998,0.0804604,1.2336788,16.834948,1.0750517,13.764181,0.58150893,7.688316,1.5648059,-23.38101,-0.73597866,0.047171816,1.317441,1.7621601,0.5493894,7.7784424,0.43253392,20.62826,0.55356425,30.207912,0.4127512,779.5737,0.21103884,1277.11,0.23437044,-117.55821,-0.7493022,1923.474,0.13592546,1096.8077,0.31821468,-117.69501,-0.66761124,2920.02,0.08005712,907.64935,0.35914105,-116.718445,-0.6828911,-18.105349,-0.5595457,27.07515,0.47579813,0.05885121,0.35508373,-0.026654953,-0.48547995,0.13463703,0.8885961,23.588875,0.5601335,10.041706,0.79720324,3.7461705,3.699243,-35.758114,-0.40520695,-9.26884,16.762182,0.033811186,0.00071194535,0.029315347,3.5714285,3.649635,0.12399999,0.070028566,0.17857143,0.10615737,-32.710175,12,10,145,SPEAKER_02,1520.766667,1526.4,1521.9534687500002,1526.2059687500002,3,2.8181249999997817,engaged
39.378277,0.11398293,34.891994,40.152542,42.99491,8.102917,570.6056,709.22906,56.11949,47.061405,0.29058892,0.92861485,0.07251288,0.20464294,0.47871348,0.4062006,6.0809937,3.9510424,3.23422,1.925414,0.10544785,1.1934791,12.177499,1.2805405,14.533865,0.8390652,11.387746,1.1479518,-20.355007,-0.861537,0.022716314,1.0692854,1.6263764,0.5850344,7.8857603,0.4153145,14.732046,0.7765764,19.307741,0.73131853,682.6298,0.26154423,1364.4238,0.17882435,-119.46792,-0.75462633,1827.7155,0.1279622,1044.2913,0.3796563,-114.25828,-0.7220148,2791.713,0.06957179,878.2916,0.304278,-112.16712,-0.7528868,-14.3201275,-0.5782426,21.871853,0.4666654,0.04796615,0.4012709,-0.021060877,-0.6400632,0.16306823,0.86561304,17.35478,0.6415268,12.057576,0.99928445,11.67335,1.3277155,-33.24491,-0.3912408,-7.872352,14.878597,0.020794177,0.0049162237,0.04788377,3.1509123,2.8475714,0.16647059,0.09707129,0.16470589,0.12020168,-30.641636,12,10,147,SPEAKER_02,1527.233333,1551.0,1527.233333,1536.68534375,5,6.043260750000627,engaged
38.418606,0.09119595,35.390465,37.66074,41.9552,6.5647354,138.47717,170.6178,50.876396,54.99041,0.59339,0.8032561,0.1536003,0.4712209,1.0050175,0.8514172,8.40048,3.909953,4.8426595,2.5503113,0.2505573,1.0042773,15.0917635,1.0356007,6.8685274,2.0135694,-0.9237026,-21.249977,-32.907528,-0.5736517,0.02350331,1.7410278,1.2603542,0.7048648,8.215554,0.36018422,4.1863446,2.9557679,24.114925,0.4344514,770.94165,0.22934525,1337.6074,0.17590745,-75.85762,-1.2509439,1873.2129,0.13717256,1048.8016,0.3873535,-80.50236,-1.0410326,2882.3584,0.077357434,915.436,0.41751292,-81.59848,-1.015833,-12.695596,-0.6173204,22.304201,0.4190969,0.04821728,0.45477986,-0.027722243,-0.51403,0.3390345,0.77469635,18.798946,0.5538506,2.8093255,4.7685776,-4.2721043,-4.7703466,-41.53443,-0.3578864,-6.7667713,14.455611,0.026536956,-0.0046693916,0.08518215,3.2657657,2.60771,0.24173914,0.17812188,0.13333333,0.07960218,-24.624422,12,10,147,SPEAKER_01,1527.233333,1551.0,1538.18721875,1550.6240937500002,9,8.893125000000282,engaged
34.03946,0.08370921,32.391426,34.888596,35.51114,3.1197128,142.9322,91.20207,21.706337,18.302452,0.5268095,0.7485217,0.1687112,0.4069302,0.84138554,0.67267436,6.6223416,1.9127976,4.5746384,2.184282,0.21743102,1.0367123,19.22994,0.56441176,11.808276,1.0392445,5.704065,3.3962512,-29.39832,-0.5001384,0.021344146,1.3784145,1.3664073,0.57586086,6.308471,0.5607254,2.319279,3.5972428,23.554249,0.34049478,654.1793,0.26244107,1409.3175,0.13484621,-41.472713,-1.7958775,1765.0516,0.14161186,1090.755,0.31705022,-52.05301,-1.2918378,2802.788,0.082413815,935.7793,0.47055185,-54.238506,-1.205512,-14.278406,-0.456537,21.40555,0.35933176,0.042219233,0.44914687,-0.024661824,-0.43731606,0.2620725,0.89956886,19.925102,0.3767158,9.848142,1.2624911,5.4233856,3.719627,-34.006886,-0.33468992,-11.04628,18.362318,0.045139465,-0.015006745,0.06247407,3.5714288,3.1746032,0.24666665,0.14727148,0.09333333,0.04714045,-26.38248,12,10,149,SPEAKER_01,1553.833333,1559.366667,1553.833333,1555.80471875,1,1.971385749999854,engaged
37.05089,0.0717883,35.348335,36.823803,38.91953,3.5711937,141.2026,142.22754,50.93875,48.44698,0.20277937,0.8273408,0.01617063,0.1946368,0.386888,0.37071738,3.0002277,1.5614935,1.8499544,1.3754643,0.07204692,1.0110677,23.836292,0.6205252,15.685171,0.3976195,7.168178,1.151014,-18.458769,-0.8320707,0.026171792,1.1503915,1.007214,0.8816146,10.251006,0.30083084,14.284853,0.89120847,39.383698,0.242315,728.11743,0.2723448,1504.4048,0.1408666,-95.98286,-0.956536,1874.917,0.1175519,1306.3678,0.20287187,-104.49257,-0.7588337,2939.7825,0.07034778,1002.6831,0.31411558,-104.88267,-0.75381595,-27.007507,-0.21201956,37.396656,0.18228109,0.06982825,0.3511856,-0.029293252,-0.29830408,0.11221522,0.6041608,34.040062,0.09909382,15.473076,0.37410024,6.048486,1.5781016,-28.925055,-0.32773995,-12.4564905,21.06639,0.029652176,0.014617426,0.01834114,2.4561405,1.7857143,0.31599998,0.18304098,0.22,0.2682536,-30.72408,12,10,151,SPEAKER_02,1559.933333,1573.733333,1562.0653437500002,1573.5572187500002,3,2.868749999999409,engaged
42.031456,0.10322167,39.102127,41.120434,43.793106,4.690979,80.167984,90.66393,65.66359,20.494186,0.41626996,0.8689835,0.1369026,0.3022598,0.606552,0.4696494,7.158059,4.7025695,5.067739,3.9221447,0.19683717,0.99490696,12.303944,1.6479874,6.908318,1.7490633,2.38899,7.7710915,-21.93563,-0.68528473,0.022798741,0.9941831,1.2904131,0.75157773,9.355692,0.50668305,12.591613,0.9069111,21.501747,0.6317045,843.65204,0.22535059,1320.4636,0.2330869,-105.65709,-0.81746197,1892.5916,0.11020032,1083.0507,0.27897465,-100.53324,-0.7876155,2913.8618,0.0607787,1030.9227,0.4309938,-100.687706,-0.77301055,-14.233371,-1.1296326,24.68289,0.73699445,0.052186213,0.38101158,-0.015976502,-1.0413352,0.28283933,0.7405656,16.872633,1.1048743,4.8260612,2.911028,1.6271688,12.844328,-28.89933,-0.46373835,-4.9820786,12.637906,0.05086579,0.00016455138,0.08376073,4.1025643,4.736842,0.11333333,0.089938246,0.08625,0.0421122,-27.121729,12,10,152,SPEAKER_01,1573.766667,1577.066667,1573.766667,1577.066667,4,1.9668750000000728,disengaged
36.13243,0.051913645,34.85533,35.752087,37.36447,2.50914,20.594883,8.261057,23.834824,15.585893,0.36873135,0.81128675,0.12162113,0.28072724,0.6003853,0.47876418,6.3488603,3.1044838,4.16498,2.9880035,0.13982953,0.8323893,21.4795,0.587507,13.307831,0.95475495,5.7010403,2.7748847,-24.42119,-0.7688869,0.019077253,0.8191939,1.5858616,0.6264548,7.6617947,0.3383051,6.8916087,1.4122156,28.32502,0.3132656,717.2751,0.23053212,1404.5278,0.13614622,-60.888386,-1.3783554,1834.945,0.1192481,1098.8324,0.33879355,-70.66881,-1.038776,2878.5066,0.07230596,898.4498,0.33961934,-71.94667,-1.0088873,-17.32063,-0.43097425,25.948862,0.35212168,0.056825005,0.30894473,-0.024622101,-0.5075258,0.17105088,0.6690038,24.278337,0.40185505,11.1461735,1.1442492,5.7391987,2.9944384,-30.292889,-0.5533638,-13.593755,21.71004,0.037186984,-0.001971819,0.054888546,4.1860466,2.8125002,0.25277779,0.12273756,0.08647058,0.07999567,-29.64641,12,10,153,SPEAKER_01,1577.1,1584.033333,1577.1,1584.033333,2,6.460833000000321,engaged
36.73223,0.072134726,35.296124,36.841423,38.267754,2.97163,73.75849,72.77452,23.893827,12.007959,0.36226162,0.75601566,0.1209758,0.27365118,0.64437354,0.52339774,7.481432,3.6074147,4.311382,2.351812,0.15454586,0.8576721,20.87671,0.6916087,10.407658,1.3958437,1.6067016,9.471561,-22.057896,-0.880767,0.021918429,1.0405946,1.6052129,0.6714951,7.479581,0.4104095,8.156245,1.2103671,28.032438,0.29473314,728.47675,0.2483274,1432.6791,0.11466298,-77.29833,-1.1394109,1789.8389,0.13809195,1175.4678,0.30874294,-82.77766,-0.95025396,2854.345,0.074368514,932.1756,0.32144743,-85.34906,-0.8999922,-16.014507,-0.5613727,26.866772,0.3622596,0.0529183,0.36355725,-0.021501414,-0.68628114,0.19229439,0.6397911,25.177706,0.38780272,7.277396,1.9565336,2.4530866,7.250539,-28.865032,-0.61723644,-10.943533,19.321577,0.029478187,-0.004859997,0.08776039,3.896104,4.1575494,0.14894737,0.14973292,0.074999996,0.044999998,-29.674728,12,10,154,SPEAKER_01,1584.066667,1588.7,1584.066667,1588.7,1,4.633332999999993,disengaged
36.135746,0.06542219,34.346096,35.583824,37.955112,3.6090164,34.494583,24.699043,27.65595,48.44549,0.7185218,0.66408247,0.23145324,0.65379125,1.1708606,0.9394074,9.959294,5.173625,7.0280876,3.5478365,0.2886154,0.8195183,17.978388,0.69565713,8.126794,1.7216061,-0.005302519,-3490.9478,-32.211002,-0.5377888,0.015709266,1.2721876,1.1518836,0.713262,7.7795167,0.36787242,2.1993792,4.8307033,22.240227,0.39954528,716.2021,0.24648584,1420.1826,0.18143249,-56.773937,-1.4744571,1752.5558,0.14496566,1094.4559,0.4078296,-62.343105,-1.21248,2843.9346,0.08523975,875.7058,0.5044462,-65.1657,-1.1314504,-11.45953,-0.6573968,21.665617,0.40010166,0.040570606,0.53359705,-0.022634586,-0.5726197,0.34018245,0.6981399,20.138294,0.47131622,5.452214,2.4755363,-1.1531887,-17.211477,-37.022125,-0.41935566,-9.467843,17.371244,0.01697546,-0.01157938,0.13210204,3.3579032,2.9605265,0.2436111,0.14312297,0.082812496,0.050263952,-23.81749,12,10,155,SPEAKER_01,1588.733333,1606.666667,1588.733333,1606.666667,6,12.229584000000386,engaged
36.815346,0.047068115,35.339394,36.80576,38.048454,2.7090607,68.82498,131.02917,14.648956,7.341011,0.6967687,0.645819,0.18598467,0.65310806,1.1537052,0.96772057,8.240709,3.1311972,7.0956645,3.6147468,0.2423176,0.6790981,17.507538,0.53256094,12.879834,0.92955095,6.1947656,3.2724369,-32.027,-0.6396496,0.020349286,1.936299,0.96204764,0.7504046,8.620469,0.29703152,2.7790208,3.6383371,23.926987,0.34947744,613.63,0.2672091,1452.8224,0.15861022,-65.43928,-1.3921609,1697.9038,0.1404795,1137.4464,0.2618655,-68.32525,-1.1700928,2783.8271,0.06822753,927.3289,0.4650128,-70.749405,-1.1045903,-11.899767,-0.45020992,19.823181,0.34369698,0.02772751,0.6876259,-0.025836943,-0.3450422,0.2927266,0.529649,19.59633,0.34497955,9.3653555,1.22531,0.18279245,110.53585,-41.372196,-0.33908206,-18.15069,25.887993,-0.028442461,-0.00727814,0.11793822,4.2283297,1.7094017,0.41375,0.15442939,0.17285715,0.15654431,-24.647396,12,10,156,SPEAKER_01,1606.7,1612.166667,1606.7,1611.4415937500005,1,4.7415937500004475,disengaged
37.043453,0.03726814,35.745026,36.73931,38.55267,2.807644,108.03388,125.941605,11.910506,3.7255456,0.21413772,0.5968062,0.093854375,0.17720608,0.33451968,0.24066532,1.7994322,0.8062625,2.091142,0.5315353,0.097998396,0.5062369,29.638533,0.37598604,21.316359,0.42659822,14.389706,0.6591617,-4.5881243,-2.2310774,0.02386,0.69417536,1.3912024,0.9176577,9.996859,0.3130911,12.4101715,0.5798905,33.09913,0.21639666,749.69745,0.2555338,1425.6482,0.15368126,-105.25655,-0.7949732,1897.7683,0.105602905,1242.4768,0.28152707,-109.191765,-0.6815967,2947.2822,0.07665284,1069.0856,0.29213375,-111.591835,-0.6459105,-25.881432,-0.24588425,37.828262,0.12799476,0.003340999,5.133597,-0.01776168,-0.56174654,0.11898904,0.3959139,34.666977,0.119151555,16.91664,0.42932034,13.845558,0.8516705,-9.237546,-0.8872877,-24.884087,33.6381,-0.01859304,-0.007762969,0.07708454,4.444444,3.846154,0.138,0.11356055,0.098,0.06764614,-30.93861,12,10,158,SPEAKER_01,1614.2,1616.433333,1614.3778437500002,1615.7447187500002,1,1.3668749999999363,disengaged
33.408676,0.08898671,32.391148,33.64268,35.23356,2.842411,5.679941,2.4383469,16.609692,0.0,0.43743774,0.51933247,0.23113087,0.38526455,0.6473419,0.41621104,8.557452,3.2060623,5.6968737,1.8219577,0.15789764,0.5136057,26.442223,0.29732004,11.978317,1.0469347,9.112581,1.3439802,-25.913206,-0.5201179,0.023527727,1.1800088,1.3861307,0.5380845,5.638897,0.44993025,1.2901891,5.3979797,24.160885,0.4052797,521.55286,0.26338792,1397.8975,0.11628759,-37.803513,-1.8768201,1557.9563,0.14988446,1228.1674,0.206341,-50.526917,-1.3013476,2696.0674,0.07417331,1016.6697,0.44839177,-55.39973,-1.1389709,-13.9024,-0.59736454,22.352085,0.48316747,0.0073954747,2.1330452,-0.020887433,-0.56442404,0.16313618,0.49933025,25.890558,0.31823045,10.434207,1.237216,8.009756,1.561126,-28.099424,-0.41952637,-21.196596,30.876974,-0.0050240397,-0.018963488,0.13663888,6.010929,2.247191,0.3575,0.2668684,0.051999997,0.019390719,-31.160912,12,10,159,SPEAKER_01,1616.466667,1618.4,1616.55471875,1618.4,1,1.8452812500001983,engaged
36.76888,0.05820195,35.245983,36.73338,38.59696,3.350975,43.935146,46.391624,21.393852,15.303903,0.38083297,0.7127417,0.113510884,0.3311588,0.6371669,0.523656,5.8737397,2.5488055,4.510796,2.0335205,0.14476283,0.75828165,20.874643,0.64104164,7.270763,1.8639531,1.4097025,12.559986,-25.983429,-0.706203,0.01822651,1.2054609,1.4999764,0.6576839,7.732698,0.38260654,8.00286,1.3199687,26.729609,0.35399443,687.542,0.25917357,1396.5175,0.17150159,-61.440105,-1.395455,1758.2312,0.1295577,1076.869,0.34503487,-67.00206,-1.1298666,2829.2424,0.07824009,880.69794,0.40420672,-69.55138,-1.0667055,-14.377949,-0.5090618,24.19494,0.3542785,0.06110343,0.32563028,-0.023123916,-0.66136897,0.17626055,0.59329087,24.215666,0.3861218,4.546886,2.9442356,2.5834768,7.2212048,-32.283802,-0.49158663,-9.330284,17.445967,0.036484964,8.401141e-05,0.059471574,4.447633,2.6049204,0.2738889,0.23816751,0.099999994,0.08551315,-30.04901,12,10,166,SPEAKER_01,1625.433333,1658.7,1625.433333,1644.8540937500002,5,6.983885750000809,disengaged
40.033634,0.080767125,37.66141,39.55067,42.554123,4.8927116,69.39811,105.74976,22.770489,11.3559265,0.28439385,0.9600093,0.052314438,0.19165544,0.5093289,0.45701447,4.8768196,3.1410503,3.2053382,2.3275664,0.116157524,1.157222,16.211712,1.144982,14.007169,0.82792866,2.7267728,4.653947,-15.701918,-1.1528351,0.018697137,1.0862552,1.2167646,0.85266465,10.43482,0.34254527,12.978327,0.7008544,29.361736,0.35858753,758.9184,0.2364021,1401.2284,0.15712658,-111.49823,-0.80167204,1878.6543,0.12973838,1162.7568,0.27794114,-110.30281,-0.72962385,2899.8242,0.07932848,1035.5514,0.37707528,-111.22409,-0.7158441,-20.450905,-0.4771754,30.47434,0.389846,0.046770457,0.46467268,-0.023807697,-0.6824166,0.17801394,0.7612214,25.921867,0.41200116,11.288992,1.1174563,1.2251529,11.25382,-25.851732,-0.62290007,-8.653646,16.563635,0.024951398,0.005919311,0.043838635,2.7986348,2.5342467,0.20324323,0.15330686,0.18057142,0.1442011,-28.548445,12,10,166,SPEAKER_02,1625.433333,1658.7,1625.4984687500005,1657.4090937500002,11,14.664375000000291,disengaged
40.21461,0.0795782,36.41344,40.22424,43.08124,6.667801,92.22643,188.06837,25.635931,11.221412,0.30349496,1.0157793,0.05816519,0.16011685,0.60080653,0.54264134,4.8858333,3.3329468,3.1065762,1.3358266,0.11186912,1.1836339,12.7448,1.5677959,9.041749,1.5765015,-5.5051403,-2.713339,-18.272842,-1.0551444,0.015680084,1.1217659,1.1601222,0.91781825,9.56832,0.3565259,7.370576,1.4005182,29.954628,0.33876175,775.3795,0.26483616,1315.353,0.152748,-120.69016,-0.78536,1881.0936,0.15992427,1128.6548,0.3082029,-120.87777,-0.709517,2890.504,0.090004735,973.69196,0.38151866,-122.501076,-0.68421334,-15.3906975,-0.4992225,26.677416,0.35938168,0.05306875,0.32625547,-0.025578365,-0.5795705,0.2045152,0.68340796,23.796375,0.4109624,0.20733486,72.04684,-10.555933,-1.6857285,-33.58612,-0.40111765,-6.3115416,13.856142,0.028446704,0.003281242,0.037771333,2.618454,2.3839397,0.17789474,0.091742136,0.22105262,0.14530893,-29.328297,12,10,168,SPEAKER_02,1659.866667,1694.8,1661.7797187500005,1694.6859687500005,7,8.032500000000027,disengaged
38.705303,0.06901724,36.742527,38.411633,40.444633,3.7021065,59.233143,77.25924,36.672096,46.302715,0.566635,0.75069326,0.1859294,0.50443804,0.8821411,0.6962117,7.636892,2.9030304,5.408662,2.7890017,0.23717773,0.81025594,20.473837,0.66241086,3.3825903,4.7314343,0.1559097,123.36612,-27.058048,-0.63878113,0.020465193,1.4212296,1.2586026,0.6083266,8.672602,0.34142512,9.991086,1.1714281,25.712898,0.4439903,724.76227,0.27059165,1388.3619,0.16435559,-55.111317,-1.5310695,1782.9005,0.11649167,1069.6267,0.3511033,-58.39423,-1.2485948,2837.545,0.07327162,904.97455,0.4050989,-60.52179,-1.1775749,-13.886483,-0.5711953,24.559275,0.35472363,0.04932073,0.42755935,-0.025736034,-0.58494437,0.27841756,0.6822781,22.64961,0.46216536,-0.20499094,-75.57087,-1.4519603,-14.268766,-31.949415,-0.46969333,-12.508083,20.672522,0.025385907,-0.005881056,0.095974244,3.6551723,2.493075,0.30249998,0.21279065,0.08484848,0.09089192,-25.20318,12,10,168,SPEAKER_01,1659.866667,1694.8,1666.9772187500002,1685.9784687500005,4,14.512500000000045,disengaged
37.53945,0.070433915,36.502625,38.35605,38.990555,2.4879303,119.71212,97.49058,27.736465,36.385284,0.23595357,0.5835344,0.0836381,0.24478813,0.37323928,0.28960118,3.212591,1.2795063,1.3873088,0.6917765,0.097237326,0.704905,26.777107,0.44710615,14.137649,0.8805287,6.47055,1.5932624,-14.020003,-0.7566413,0.021465361,0.9888507,1.2244892,0.72134566,10.319701,0.37457675,14.92828,0.9260505,33.947792,0.27323282,763.91284,0.20698935,1407.5419,0.12358942,-88.16231,-0.9265896,1900.261,0.11386322,1187.1532,0.20913339,-91.92455,-0.81862426,2966.1829,0.07707591,1011.1549,0.25447395,-94.55456,-0.77205014,-23.928692,-0.48162138,38.022446,0.17659062,0.04010054,0.4393926,-0.021698603,-0.71993005,0.12352696,0.4844578,31.96797,0.21916488,14.528451,0.83278596,6.992369,1.7672648,-16.927784,-0.5762044,-15.11658,24.436005,0.024052333,-0.0033680547,0.038137417,5.6910567,2.542373,0.25,0.22105806,0.185,0.015,-30.48599,12,10,169,SPEAKER_02,1694.833333,1697.5,1695.8165937500005,1697.5,2,1.2446562499994798,engaged
37.109226,0.08186109,34.89482,36.72745,39.267193,4.3723717,118.214485,127.304146,63.703796,105.14104,0.27874503,0.88261473,0.08509775,0.21314204,0.4403458,0.35524803,5.284274,3.6914835,3.6819048,4.1657686,0.117468104,1.0272539,24.805187,0.5730678,12.309418,1.0142283,3.4950423,4.341828,-18.60471,-0.7928873,0.024246216,1.2753973,1.4618899,0.66457766,8.317217,0.38057074,8.986135,1.283645,31.227726,0.31176293,714.6364,0.26114708,1442.9609,0.15055592,-84.984955,-1.037486,1790.5314,0.13510974,1216.4434,0.28514716,-88.079956,-0.8916006,2862.912,0.08150369,1010.6614,0.35611606,-91.353004,-0.8292147,-18.921831,-0.4939446,31.277275,0.31204212,0.051836383,0.36986002,-0.021154815,-0.62563795,0.15370691,0.82664466,29.28688,0.3459043,9.098872,1.4335678,2.0602722,8.140366,-23.615871,-0.5899056,-14.34214,23.202637,0.037018582,-0.003793106,0.050904863,2.8334484,3.1826568,0.19471014,0.16005069,0.10724409,0.09095882,-30.5732,12,10,170,SPEAKER_02,1697.533333,1834.1,1697.533333,1828.75784375,44,43.42388574999927,disengaged
37.571888,0.08264612,35.411213,36.68097,39.230972,3.8197594,109.14779,131.08846,31.696228,26.462362,0.44961205,0.75569934,0.14371112,0.3909571,0.7178235,0.5741124,8.154978,4.5404096,5.819038,2.9779322,0.18894906,0.8839314,22.952236,0.4974796,6.298771,2.2647877,3.6787694,5.1677446,-28.4265,-0.63309944,0.02270113,1.2293841,1.5057999,0.59924746,7.9090185,0.40644538,7.6202106,1.5345249,26.219913,0.42714125,688.77905,0.27031532,1437.6338,0.15566415,-56.26273,-1.4602512,1763.7606,0.13589518,1131.0262,0.3520853,-60.946095,-1.1643027,2830.5398,0.07810685,976.6031,0.4361325,-63.33045,-1.0946316,-15.055426,-0.5206618,25.622177,0.33869386,0.05709484,0.33175856,-0.022296753,-0.60883707,0.22015904,0.7721254,25.012869,0.37199983,3.8833358,3.5640337,2.7100499,7.4663677,-33.246433,-0.48245892,-12.919273,21.68006,0.03636461,-0.00451957,0.088072754,4.513889,2.9288702,0.255,0.19427827,0.07236842,0.062003147,-27.698715,12,10,170,SPEAKER_01,1697.533333,1834.1,1702.1109687500002,1784.84909375,9,14.4112500000017,disengaged
