Accuracy,Precision,Recall,F1 Score
0.6428571428571429,0.7272727272727273,0.8,0.7619047619047619
