Accuracy,Precision,Recall,F1 Score
0.7916666666666666,0.7894736842105263,0.9375,0.8571428571428571
