Actual,Prediction,Probability
1,1,0.94108135
1,1,0.6204247
0,0,0.32591853
0,0,0.41798258
1,1,0.775602
1,1,0.66594964
0,1,0.99342597
1,1,0.937218
1,1,0.5251472
1,1,0.77923125
1,0,0.34727716
0,0,0.40391397
1,1,0.7184656
1,1,0.8792054
1,1,0.9519164
1,1,0.93106586
1,1,0.6846326
0,1,0.9555171
1,1,0.61113334
0,0,0.36250708
0,1,0.7506829
0,1,0.73493886
1,1,0.81837964
1,1,0.78589374
