Actual,Prediction,Probability
1,1,0.9273289
1,1,0.6049692
0,0,0.33897874
0,0,0.45502257
1,1,0.7770548
1,1,0.70166516
0,1,0.96574545
1,1,0.8996743
1,1,0.59701264
1,1,0.7228617
1,0,0.38797373
0,0,0.40830728
1,1,0.68182534
1,1,0.80722284
1,1,0.91295147
1,1,0.90560496
1,1,0.74585396
0,1,0.9114819
1,1,0.6941608
0,0,0.33630276
0,1,0.7422477
0,1,0.78959537
1,1,0.7576946
1,1,0.79113144
