Accuracy,Precision,Recall,F1 Score
0.7083333333333334,0.7931034482758621,0.7419354838709677,0.7666666666666667
