F0semitoneFrom27.5Hz_sma3nz_amean,F0semitoneFrom27.5Hz_sma3nz_stddevNorm,F0semitoneFrom27.5Hz_sma3nz_percentile20.0,F0semitoneFrom27.5Hz_sma3nz_percentile50.0,F0semitoneFrom27.5Hz_sma3nz_percentile80.0,F0semitoneFrom27.5Hz_sma3nz_pctlrange0-2,F0semitoneFrom27.5Hz_sma3nz_meanRisingSlope,F0semitoneFrom27.5Hz_sma3nz_stddevRisingSlope,F0semitoneFrom27.5Hz_sma3nz_meanFallingSlope,F0semitoneFrom27.5Hz_sma3nz_stddevFallingSlope,loudness_sma3_amean,loudness_sma3_stddevNorm,loudness_sma3_percentile20.0,loudness_sma3_percentile50.0,loudness_sma3_percentile80.0,loudness_sma3_pctlrange0-2,loudness_sma3_meanRisingSlope,loudness_sma3_stddevRisingSlope,loudness_sma3_meanFallingSlope,loudness_sma3_stddevFallingSlope,spectralFlux_sma3_amean,spectralFlux_sma3_stddevNorm,mfcc1_sma3_amean,mfcc1_sma3_stddevNorm,mfcc2_sma3_amean,mfcc2_sma3_stddevNorm,mfcc3_sma3_amean,mfcc3_sma3_stddevNorm,mfcc4_sma3_amean,mfcc4_sma3_stddevNorm,jitterLocal_sma3nz_amean,jitterLocal_sma3nz_stddevNorm,shimmerLocaldB_sma3nz_amean,shimmerLocaldB_sma3nz_stddevNorm,HNRdBACF_sma3nz_amean,HNRdBACF_sma3nz_stddevNorm,logRelF0-H1-H2_sma3nz_amean,logRelF0-H1-H2_sma3nz_stddevNorm,logRelF0-H1-A3_sma3nz_amean,logRelF0-H1-A3_sma3nz_stddevNorm,F1frequency_sma3nz_amean,F1frequency_sma3nz_stddevNorm,F1bandwidth_sma3nz_amean,F1bandwidth_sma3nz_stddevNorm,F1amplitudeLogRelF0_sma3nz_amean,F1amplitudeLogRelF0_sma3nz_stddevNorm,F2frequency_sma3nz_amean,F2frequency_sma3nz_stddevNorm,F2bandwidth_sma3nz_amean,F2bandwidth_sma3nz_stddevNorm,F2amplitudeLogRelF0_sma3nz_amean,F2amplitudeLogRelF0_sma3nz_stddevNorm,F3frequency_sma3nz_amean,F3frequency_sma3nz_stddevNorm,F3bandwidth_sma3nz_amean,F3bandwidth_sma3nz_stddevNorm,F3amplitudeLogRelF0_sma3nz_amean,F3amplitudeLogRelF0_sma3nz_stddevNorm,alphaRatioV_sma3nz_amean,alphaRatioV_sma3nz_stddevNorm,hammarbergIndexV_sma3nz_amean,hammarbergIndexV_sma3nz_stddevNorm,slopeV0-500_sma3nz_amean,slopeV0-500_sma3nz_stddevNorm,slopeV500-1500_sma3nz_amean,slopeV500-1500_sma3nz_stddevNorm,spectralFluxV_sma3nz_amean,spectralFluxV_sma3nz_stddevNorm,mfcc1V_sma3nz_amean,mfcc1V_sma3nz_stddevNorm,mfcc2V_sma3nz_amean,mfcc2V_sma3nz_stddevNorm,mfcc3V_sma3nz_amean,mfcc3V_sma3nz_stddevNorm,mfcc4V_sma3nz_amean,mfcc4V_sma3nz_stddevNorm,alphaRatioUV_sma3nz_amean,hammarbergIndexUV_sma3nz_amean,slopeUV0-500_sma3nz_amean,slopeUV500-1500_sma3nz_amean,spectralFluxUV_sma3nz_amean,loudnessPeaksPerSec,VoicedSegmentsPerSec,MeanVoicedSegmentLengthSec,StddevVoicedSegmentLengthSec,MeanUnvoicedSegmentLength,StddevUnvoicedSegmentLength,equivalentSoundLevel_dBp,start_time,end_time,label
36.60943,0.06938836,34.39638,36.716747,39.085625,4.6892433,104.112114,143.84166,25.675783,16.330956,1.2200618,0.6742728,0.57791215,1.0070957,1.8009856,1.2230735,14.102764,9.029141,9.742294,5.672794,0.8490808,0.9203836,26.026894,0.36892056,10.593878,1.1642759,-6.452049,-1.8286846,-19.575022,-0.68045574,0.022363061,1.8644391,1.0531322,0.69952023,8.975793,0.4106315,5.532348,2.0198536,28.769796,0.35539636,810.11145,0.19298275,1283.5485,0.18956442,-91.32067,-0.98881316,1898.1539,0.12390817,1115.3308,0.34608087,-97.22962,-0.8430925,2971.6277,0.08775571,992.84216,0.3278833,-100.846214,-0.78261095,-15.92748,-0.4713344,29.093092,0.2799831,0.05474758,0.3661132,-0.030696223,-0.35899165,1.075234,0.71653646,29.941162,0.24476816,7.8488164,1.7300397,-6.637436,-1.727177,-19.445168,-0.58481485,-12.116118,21.313555,0.03384552,-0.029385788,0.5043027,3.5643566,2.6052105,0.21846153,0.1501715,0.186,0.17867288,-12.208627,0.0,5.066667,engaged
38.90949,0.20753457,34.212875,37.08177,39.05054,4.8376656,172.56575,71.4419,27.867628,38.275356,1.3949547,0.62458754,0.46943298,1.4069189,2.2854228,1.8159899,16.115648,9.66486,7.26011,3.224766,1.0021363,0.76951456,25.004387,0.3853434,3.3069408,4.200309,-5.0152793,-2.1986027,-17.994995,-0.6300738,0.037471693,1.443199,1.2400035,0.66723466,7.3049684,0.63238233,2.266588,4.588966,21.547127,0.6011831,794.3945,0.24324608,1255.2195,0.13376024,-89.06837,-1.0081894,1830.6576,0.12873608,1133.329,0.29387638,-89.81514,-0.9076553,2878.577,0.0735875,964.3864,0.5728373,-92.36006,-0.849927,-13.008258,-0.6249881,25.748215,0.3720741,0.048966445,0.3877279,-0.025547393,-0.507851,1.3020885,0.54524916,26.879494,0.38402137,0.024329115,595.25543,-6.7537103,-1.479165,-19.176039,-0.59084,-11.124851,19.828382,0.03434761,-0.023665857,0.5520442,3.2727273,2.6022303,0.23571427,0.11598732,0.17999999,0.15633297,-11.6731615,5.1,7.866667,disengaged
36.2692,0.11231256,35.93826,36.98677,38.78792,2.8496628,86.58278,19.581776,611.8072,797.63586,0.43837506,1.2384143,0.09284279,0.10126397,0.9069816,0.81413877,12.498036,5.486442,6.4624743,3.9401777,0.27812466,1.7750812,28.7777,0.14458826,12.192181,0.73903394,-1.5948793,-5.8142767,-7.770196,-1.8432188,0.02917124,1.4065994,1.362245,0.5369779,6.788142,0.4668749,1.9007975,5.1265607,30.233458,0.2146161,774.1464,0.2150176,1277.7631,0.14502035,-145.79167,-0.59195936,1855.5273,0.11898722,979.5319,0.24835202,-144.93349,-0.55769473,2963.8423,0.060137983,904.6357,0.28696343,-147.86028,-0.5177043,-16.880354,-0.34364322,27.356083,0.22284342,0.057478193,0.45564944,-0.036524095,-0.38012528,0.7175148,0.80195826,28.472605,0.20839877,6.564447,1.4454128,-9.120314,-1.1114243,-24.18995,-0.4764886,-17.918337,30.613174,-0.005064584,-0.010210861,0.04854992,1.7191978,1.7595309,0.16833334,0.13969211,0.45799997,0.31140968,-20.438782,7.9,11.4,engaged
37.734043,0.0906615,36.28914,37.538227,39.583214,3.294075,73.84762,52.638588,116.59021,46.763603,0.9833732,0.6878133,0.2592823,0.955737,1.6017482,1.3424659,14.001406,8.933776,8.345925,6.087771,0.70875424,0.8462629,26.693811,0.3127293,5.5978656,1.9268911,-10.792825,-1.3607044,-18.391716,-0.6695541,0.043582525,1.2740561,1.2840194,0.50692,6.1463146,0.70184934,0.59583306,20.480534,25.705864,0.5548734,821.60504,0.15752131,1231.4163,0.17652717,-89.0766,-1.0826007,1875.8536,0.10718874,1044.3536,0.277744,-96.1517,-0.8885929,2966.5515,0.057950575,866.28406,0.28310505,-100.77786,-0.8083253,-14.99584,-0.55700576,28.38247,0.28332424,0.06280378,0.2823705,-0.030711357,-0.5662224,1.0391186,0.47378105,29.17197,0.24402396,2.4873617,4.915934,-12.20279,-1.2257771,-21.829687,-0.43214783,-12.738016,24.399446,0.03255573,-0.025561843,0.28223148,2.9239767,1.7804155,0.32166666,0.37485182,0.262,0.373063,-14.9696665,11.433333,14.866667,disengaged
36.320152,0.18122473,25.965275,39.36092,41.53758,15.572304,64.95696,49.48452,104.01265,80.37908,0.30524117,1.3728877,0.096003056,0.1268704,0.49458957,0.3985865,3.697027,3.412589,-0.30247307,1.9389752,0.15636349,2.6342669,25.089582,0.21930626,8.946002,1.0321189,1.3621459,8.837018,-4.233839,-2.269614,0.029026493,0.8632589,1.4578723,0.40340912,5.4508505,0.47846842,5.503398,1.5531179,28.828043,0.28704226,794.22125,0.19959708,1324.1263,0.1429041,-151.36292,-0.5413327,1848.2042,0.1089785,1105.4604,0.2953938,-151.58794,-0.51295245,2900.0693,0.076397344,1036.6248,0.40039262,-153.63538,-0.4838016,-14.332965,-0.30940568,26.411758,0.23134527,0.034805927,0.66567945,-0.025662921,-0.54870945,0.34672806,1.6781241,27.581688,0.18814726,1.7762061,5.9583344,-8.709222,-1.6645824,-14.124127,-0.7626937,-14.543372,26.046202,0.003573937,-0.007439185,0.08730414,0.8010681,2.1505377,0.115624994,0.13444184,0.30941176,0.26242018,-23.634655,14.9,22.4,engaged
36.768826,0.08399963,34.948612,37.52969,38.905964,3.9573517,147.81754,182.63832,104.48739,173.79077,1.0027733,0.8805687,0.220804,0.7262957,1.7680876,1.5472836,17.807438,12.920745,11.152673,7.1394706,0.71634126,1.1672592,22.298683,0.48453143,6.5223637,1.6842818,-2.2639198,-4.2555537,-9.624963,-1.0075697,0.024197793,1.6988698,1.188351,0.7552217,8.551506,0.45666096,5.5586286,2.140241,27.416094,0.5253576,822.53076,0.16140912,1243.9651,0.147983,-119.54621,-0.7736879,1905.0778,0.10357482,1041.687,0.25041515,-123.68149,-0.68363565,2989.7483,0.07103677,934.55347,0.30578065,-127.17618,-0.6333218,-15.335957,-0.624181,29.027294,0.28528187,0.05336064,0.42038128,-0.026573544,-0.55331963,1.321205,0.60479265,30.578749,0.23466913,4.807755,2.8228703,-6.1862164,-1.8653061,-15.285467,-0.58946997,-9.200648,18.423529,0.02072029,-0.008131047,0.25079325,2.3655915,1.8705037,0.22615385,0.2199489,0.3381818,0.78062695,-12.705197,22.433333,36.4,disengaged
40.308132,0.078670554,38.083195,39.869823,43.453457,5.370262,24.554924,10.604134,11.7990885,9.958462,0.7067255,0.70436114,0.30762598,0.5737233,1.0191766,0.7115506,9.986484,5.897533,7.1068344,6.208541,0.26813945,0.92055583,19.045906,0.38085005,-3.1162503,-3.3922782,1.8327861,6.285238,-12.038149,-0.9582147,0.0145020345,1.4391543,1.0674955,0.51321965,8.363521,0.48235458,10.442269,0.8936053,15.657045,1.4125987,707.1748,0.32313854,1365.0295,0.16733193,-79.268295,-1.1540631,1747.0322,0.12178339,1081.7474,0.35588756,-65.1302,-1.2435191,2717.7825,0.08565493,1031.9393,0.39778817,-66.541435,-1.2020112,-10.592109,-0.60324615,17.51129,0.43490764,0.03601952,0.5248647,-0.021120893,-0.7331625,0.33104786,0.7684306,19.917746,0.35400456,-6.539412,-1.2332426,1.7342063,7.2877517,-15.610153,-0.70000476,-10.261013,20.38052,0.014381661,-0.00474209,0.11749612,2.669903,1.7199018,0.41285712,0.37840697,0.12875,0.20306632,-22.7392,36.433333,40.566667,engaged
41.06736,0.027948763,40.897774,41.305435,41.575714,0.67794037,21.20154,6.814524,32.178272,24.522676,0.51780784,0.84707993,0.19653404,0.32149333,0.79811394,0.6015799,13.728268,12.583451,8.023037,4.5307345,0.19544578,1.347903,14.785046,0.4752301,6.214835,1.2581139,1.703526,5.8860655,-11.531994,-0.912077,0.017849913,0.90631163,1.1496595,0.6010292,7.2344646,0.418227,4.9981074,1.5318217,19.65018,0.4357293,798.90186,0.21770574,1259.4755,0.11323159,-149.17592,-0.56937945,1869.0002,0.09975322,979.6479,0.31137395,-144.41554,-0.57358325,2814.2327,0.08004459,917.0209,0.3574389,-144.84767,-0.56680375,-11.362393,-0.41457662,18.093113,0.33781078,0.031200271,0.6166163,-0.021555748,-0.5192422,0.36118123,0.8129309,15.802316,0.43075117,-1.4078189,-4.748559,-3.360547,-4.043807,-21.616718,-0.33283597,-8.9866,17.077665,0.014372155,-0.006021416,0.12609513,2.484472,1.2618297,0.235,0.18553975,0.71333337,0.3120185,-27.601076,40.6,43.833333,disengaged
26.067219,0.007900997,25.91326,26.025396,26.212816,0.29955673,0.16642062,0.0,0.0,0.0,0.14784263,0.26288223,0.10857663,0.1421677,0.18249576,0.073919125,0.88151526,0.5129599,0.8307114,0.46366408,0.034254275,0.43488583,23.265837,0.11748756,12.568774,0.3209019,5.411243,0.8378961,-2.096465,-2.6502304,0.10118864,0.0,0.42554435,0.170606,4.3329954,0.07423667,0.4631738,3.1558053,21.869364,0.015290107,763.2549,0.066535674,1324.0209,0.06113077,-196.91505,-0.11245411,1891.8477,0.01660927,1136.9167,0.10914955,-197.17282,-0.10543357,2956.0627,0.011118404,790.0716,0.11974559,-197.22978,-0.10379034,-18.064266,-0.02846734,32.82224,0.0071101338,-0.0070853145,-0.26491657,-0.0037661446,-0.25495097,0.020153314,0.036931984,25.710106,0.007406364,16.652256,0.054900613,11.219306,0.033299487,3.5642266,0.34033024,-14.543868,25.900862,0.0072089233,-0.007005099,0.03418657,5.9259257,0.7692308,0.02,0.0,0.625,0.074999996,-46.00785,43.866667,45.233333,engaged
41.949085,0.108537436,40.04981,40.911163,43.395844,3.346035,126.85826,147.97394,50.505554,40.82784,0.50990474,0.75420016,0.1881114,0.36091363,0.78773856,0.59962714,5.39214,3.9266913,4.0476136,2.367089,0.2509652,1.3236939,25.750025,0.27322945,7.528778,0.7637025,-7.9210095,-1.6296197,-23.600243,-0.6622247,0.042010937,1.4970003,1.0649354,0.7007498,8.716049,0.43385354,7.762552,1.0505913,31.590496,0.3275037,735.19495,0.27036837,1365.996,0.16563308,-114.782265,-0.83900434,1817.2794,0.15253673,1245.7415,0.30654114,-106.29859,-0.8074691,2937.9204,0.0859212,1014.0445,0.34451365,-110.50412,-0.74070776,-16.20209,-0.36936903,30.462507,0.17824017,0.040565584,0.56711775,-0.033577852,-0.3860015,0.36845183,1.1124427,28.808578,0.16648303,5.765126,1.0037082,-16.208372,-0.6381065,-33.6666,-0.34104452,-12.645412,23.41733,0.016631112,-0.012994438,0.11445739,2.745098,2.008032,0.256,0.15357083,0.18333334,0.18245243,-23.629128,45.266667,47.833333,disengaged
44.83473,0.15116245,39.454926,46.50514,50.048763,10.593838,140.34785,146.67867,94.94439,80.214005,0.79248846,0.7370824,0.20404032,0.667943,1.2820712,1.078031,5.210004,3.4179792,3.9660475,2.0713055,0.28634995,0.9964247,9.743711,1.4350802,-1.5865668,-8.771657,-3.500613,-3.564719,-4.031389,-4.4029665,0.025537398,1.3813659,1.1656895,0.50827754,6.1651564,0.7445971,4.1902122,2.8015661,13.99064,1.5021746,784.30914,0.29631466,1208.6305,0.19700968,-105.18329,-0.95085347,1797.4542,0.12878717,1139.0662,0.26904613,-88.74656,-1.0907651,2789.9385,0.0896786,917.7046,0.34234044,-92.32594,-1.0128607,-1.7730792,-7.455645,16.469362,0.6207886,0.037130184,0.70665526,-0.00011139334,-245.11383,0.4148704,0.7204365,6.614203,2.3712373,-7.089742,-1.9366472,-9.329684,-1.2655909,-5.108228,-4.011212,-7.702963,17.61864,0.007169601,-0.0013668105,0.12457569,1.1145511,1.6149068,0.34192306,0.6194974,0.2573077,0.3680986,-23.326973,47.866667,64.033333,engaged
45.37752,0.15210024,40.873985,42.827297,51.70343,10.829445,108.55493,48.134483,219.20915,144.06754,0.6447285,0.12868164,0.57241434,0.6275936,0.70006156,0.12764722,2.1617696,0.65672666,1.7395765,0.6804978,0.21214657,0.39690647,8.877054,0.3873387,4.3815374,1.1952155,-27.728357,-0.20161752,-23.773497,-0.47047895,0.03449489,0.9460735,1.3535883,0.4112619,7.4382114,0.38783458,0.8024855,19.41687,17.547722,0.54104686,717.8977,0.22868653,1460.793,0.1797035,-9.110541,-7.180585,1698.9229,0.16805677,1495.6632,0.23100962,-17.405182,-2.115412,2723.4167,0.056871615,829.8405,0.26038668,-24.18283,-1.4710879,-3.770371,-2.937557,21.82522,0.1890185,0.0028936078,5.8444195,-0.011257785,-0.9466072,0.21599801,0.39080423,8.274541,0.32368502,4.253121,1.2248563,-28.175325,-0.19402626,-23.530695,-0.470543,6.555832,23.435951,0.024166128,0.0037518353,0.27014503,8.421053,3.3707867,0.26999998,0.3253716,0.02,0.0,-27.418842,64.066667,65.033333,disengaged
45.148888,0.20395106,37.087437,44.787926,58.16544,21.078003,204.37212,111.54414,188.99844,184.8144,0.6984758,0.9064992,0.24091522,0.48984718,0.99279755,0.7518823,9.088034,8.243291,4.1703944,6.1692085,0.34955665,1.5982808,11.812249,0.81007737,1.412409,8.868719,-9.463376,-1.3905026,-15.585745,-0.8675792,0.02909158,0.9392685,1.3071034,0.44055924,7.4249005,0.5853273,0.38390157,36.832542,15.301241,0.8772275,738.3875,0.2677734,1384.8644,0.21913221,-138.39761,-0.65341765,1771.2411,0.14291371,1239.9089,0.22821099,-121.215805,-0.7409668,2788.4739,0.07769661,952.89246,0.37415108,-121.34004,-0.7141052,-7.0222597,-1.7352289,22.97325,0.30720463,0.032507204,0.8269135,-0.0088416,-2.784268,0.59881544,1.1873531,12.168837,1.0072818,-2.8974528,-4.199692,-17.416456,-0.50355923,-19.981585,-0.73884064,-7.183773,17.461945,0.002602565,-0.0072235265,0.14469138,0.997151,2.4425287,0.17,0.218901,0.24733333,0.3355486,-19.712437,65.066667,72.1,engaged
36.752136,0.07124045,35.36921,36.86437,38.742382,3.3731728,186.73235,237.71764,28.46715,32.800423,1.1843516,0.728985,0.40283328,0.98269105,1.8999543,1.4971211,17.267479,10.461392,11.490534,8.129961,0.84399515,0.9568069,23.263615,0.46859583,6.1086435,2.000552,-5.717898,-1.878463,-10.585393,-0.8818101,0.016679233,1.0748922,1.0054969,0.6541333,8.826815,0.4153288,4.4667473,3.0356574,28.570246,0.37349346,793.01025,0.2052199,1326.7932,0.16076474,-99.92817,-0.9167236,1852.6968,0.12617536,1176.3766,0.29913104,-103.254654,-0.8195792,2941.0295,0.08748308,1015.41296,0.25051507,-108.3942,-0.73735905,-14.448832,-0.62290883,29.638668,0.2506477,0.060037613,0.32152647,-0.024778532,-0.5171711,1.2669919,0.59992343,29.785778,0.23126613,5.083665,2.563618,-10.028073,-1.034411,-15.0760355,-0.56840837,-8.917601,17.087446,0.035754096,-0.008430873,0.30915084,2.9255319,2.141901,0.249375,0.24493541,0.2242857,0.29980263,-12.276735,72.133333,79.666667,disengaged
42.274933,0.18000379,34.836006,44.875843,48.509186,13.67318,436.59937,582.27466,106.00295,184.63806,0.46386966,1.1396432,0.1395589,0.263185,0.665187,0.5256281,8.829724,9.035021,4.3631716,5.2715025,0.20575605,1.8785818,17.491747,0.60172355,6.6487966,1.7002128,-0.18855856,-63.451466,-6.5589156,-2.1091418,0.024974674,1.6894056,1.0565896,0.5733045,8.202189,0.6252594,6.005785,2.3929892,21.377811,1.0290041,820.8582,0.22514582,1237.7931,0.1860262,-159.51033,-0.4951528,1841.8392,0.11743023,1139.0114,0.20144506,-156.5363,-0.49712104,2891.487,0.081264205,916.08734,0.28981376,-157.97647,-0.47334504,-9.040277,-1.6060554,25.2884,0.35675544,0.044767592,0.73429304,-0.008932328,-2.8185494,0.52188796,1.1218507,18.647612,0.74926364,-1.6788685,-8.654529,-13.391086,-0.84663945,-13.679575,-1.5640486,-10.340883,19.878008,0.004245898,-0.0065971552,0.1080057,0.8791209,1.0141094,0.22999999,0.25702307,0.73521733,1.1917903,-22.873035,79.7,102.466667,engaged
40.81499,0.18762079,36.429127,42.98051,45.26615,8.837025,457.3005,741.2375,215.95251,507.38577,0.26333392,1.1467428,0.102276,0.14596273,0.34238523,0.24010924,2.5344806,3.2162187,1.635096,1.4951954,0.076909244,1.63763,21.650589,0.34004983,10.228691,1.0867195,-0.37218255,-31.01846,-6.749777,-1.8194015,0.022822602,1.5594727,1.1272078,0.44843572,7.331647,0.50354093,7.8301754,1.6277201,27.00801,0.42248526,764.4558,0.25059545,1353.2269,0.19917691,-158.18196,-0.4963132,1794.179,0.12109664,1147.9801,0.2539339,-153.31982,-0.5054256,2863.8792,0.07734951,948.28687,0.36043102,-155.31853,-0.47707796,-12.894843,-0.6079561,24.615807,0.40196386,0.03412672,0.6976655,-0.016935904,-0.80380154,0.16016906,1.1362664,22.101028,0.4814135,4.6220317,3.2786622,-9.384298,-1.5235212,-17.972502,-0.64147747,-14.05858,24.549467,0.008172705,-0.00699141,0.04645507,0.6510417,1.4677104,0.16933332,0.21342084,0.53902435,0.6311847,-32.216167,102.5,133.233333,disengaged
36.868694,0.0888266,34.60477,37.1929,39.126545,4.5217743,108.68034,73.537445,26.944511,10.900258,0.98189825,0.72638386,0.493115,0.72248584,1.4075092,0.9143942,17.791706,15.684939,7.51065,5.24986,0.5838971,1.0856495,23.991636,0.2962293,0.9030188,9.631765,-9.418219,-0.8594732,-14.811134,-0.5385572,0.02323767,0.73599595,1.2310036,0.5624969,6.2488813,0.6088151,2.6123638,4.2622633,26.6374,0.38994783,757.33026,0.25119728,1332.5492,0.17154068,-144.57664,-0.5806494,1847.3052,0.14483665,1089.0181,0.2738879,-140.70587,-0.5778337,2902.7468,0.10466347,1098.7506,0.31749386,-143.40259,-0.5412055,-12.427984,-0.47616708,25.978903,0.29226357,0.04536035,0.4582251,-0.028348457,-0.34732533,0.9822286,0.8059727,26.921385,0.25998977,2.3908544,4.6912622,-11.700338,-0.8464368,-17.902203,-0.5574752,-9.3342,19.760618,0.024673207,-0.025260665,0.39468816,2.0512822,2.4137933,0.12785713,0.13417359,0.2657143,0.32578945,-16.871222,133.266667,139.133333,engaged
36.215626,0.102371365,34.461742,36.92051,38.86484,4.403099,290.49048,338.2971,49.996407,76.16088,1.1606344,0.70981914,0.4347136,0.9635434,1.7952361,1.3605225,15.831726,8.006442,10.293533,5.9647512,0.80672294,0.8841934,25.887142,0.3949242,4.7134066,2.492514,-5.190392,-2.059638,-13.276692,-0.74102765,0.020030526,1.4771491,1.077633,0.7208515,8.514126,0.48773226,3.7932417,2.9954052,27.316406,0.66605985,798.86755,0.20839517,1314.0582,0.17080703,-103.76092,-0.8936023,1851.0168,0.13050893,1125.4463,0.24653196,-107.19039,-0.7951446,2944.6738,0.08838324,988.0841,0.25916964,-112.13515,-0.7178057,-14.969656,-0.60154724,29.288101,0.2823367,0.056906622,0.34707087,-0.024382915,-0.60846967,1.2248656,0.4962667,31.032328,0.22695081,4.087165,3.1500192,-8.927857,-1.2576487,-15.533182,-0.54847056,-10.2872925,18.271025,0.03277884,-0.018481728,0.352944,2.9490619,2.2441652,0.2268,0.20061345,0.19076923,0.2376475,-12.420588,139.166667,150.366667,disengaged
38.46486,0.12564512,35.15697,38.21957,42.13306,6.9760895,261.9675,523.0968,125.24236,290.14108,0.63783985,0.9787858,0.17977794,0.39228603,1.0133307,0.8335528,11.277942,9.15166,6.89794,4.7647295,0.34632003,1.4681885,22.65097,0.38142288,5.8934603,1.8054478,-3.7408586,-2.938547,-12.474257,-0.99505454,0.02426645,1.4885335,1.2031863,0.5502932,7.3606725,0.51259685,6.831034,1.717497,26.96477,0.4090478,770.2241,0.22796853,1311.6211,0.15941101,-119.54755,-0.7856194,1835.2213,0.12859961,1095.0762,0.29028612,-119.198326,-0.7284642,2893.8345,0.08446903,952.5127,0.32639015,-122.32238,-0.6817287,-13.893654,-0.6008753,26.29871,0.32259986,0.045983206,0.5226621,-0.024135757,-0.6087606,0.6066316,1.0201547,25.861774,0.33216694,4.504378,2.7801907,-7.8060427,-1.5519072,-18.311392,-0.6634188,-11.093227,20.361757,0.022502402,-0.013354145,0.13188122,1.2977649,1.9838885,0.21921211,0.23006193,0.28834435,0.47117358,-17.910646,150.4,233.633333,engaged
36.766228,0.113762476,35.20112,36.410614,39.079174,3.8780556,181.0976,203.1654,106.21206,124.70392,1.2177432,0.57856786,0.59685665,1.021277,1.7575686,1.160712,18.550404,12.131714,11.043742,5.5845785,0.9067129,0.8557493,22.407265,0.5531332,7.1418223,1.8826691,-6.44549,-1.8191314,-16.059546,-0.5244007,0.021698039,1.1542604,1.147424,0.59667933,8.660482,0.37159187,1.6695926,6.4188204,28.6462,0.3028484,778.47595,0.2535481,1278.8815,0.1710848,-102.32575,-0.89134836,1818.9758,0.1447862,1107.2825,0.27062565,-104.171326,-0.8085863,2919.7957,0.10011947,990.7443,0.34539172,-109.33996,-0.7269799,-14.624038,-0.58258367,28.190687,0.304933,0.051314373,0.54436654,-0.024538362,-0.39659098,1.2311016,0.610879,28.335535,0.3179068,7.3967457,1.6975554,-9.755482,-1.2408998,-17.710335,-0.47761884,-7.307081,14.403693,0.02740218,-0.015006148,0.5245924,4.057971,3.254438,0.15727273,0.095354915,0.13,0.19159617,-12.834017,233.666667,237.133333,disengaged
37.883022,0.098295756,34.79342,37.342606,40.076954,5.283535,93.90568,105.84389,24.452858,35.57551,0.77783585,0.97114325,0.17810462,0.5172007,1.2957062,1.1176015,14.307631,9.699012,10.195968,6.748214,0.5180433,1.333847,23.150442,0.40361428,7.0073686,1.481932,-3.9385607,-2.7722743,-12.332782,-1.1046878,0.022203453,1.7800679,1.1523616,0.70407265,8.517526,0.4726473,6.7796335,1.5586346,26.061363,0.54823214,775.9677,0.20555449,1311.1842,0.15322788,-136.40666,-0.65078676,1834.8717,0.13556895,1121.2416,0.27991816,-136.76346,-0.60364187,2898.722,0.084996074,967.91,0.30305722,-139.16843,-0.5701214,-14.716844,-0.53878015,27.926512,0.30027103,0.05050277,0.36832908,-0.02548696,-0.44300604,1.0523224,0.7530949,27.26911,0.3285843,6.6766934,1.9230685,-7.732011,-1.6620467,-21.873375,-0.62100023,-10.145868,20.400288,0.015360078,-0.009651401,0.21597634,2.0932446,1.6213639,0.21499999,0.17337903,0.43066666,0.9938878,-15.416588,237.166667,258.2,engaged
44.60503,0.11556332,41.869915,45.255207,48.1887,6.3187866,110.858345,85.51965,65.12177,66.5159,0.43565112,0.97025084,0.18449354,0.27172112,0.57288414,0.3883906,4.989211,3.789509,3.7427685,3.564122,0.16655532,1.530936,18.76121,0.36768463,4.186368,2.4758773,-1.6977915,-5.565733,-10.690186,-0.99079686,0.028652173,0.9962749,1.3701966,0.4881175,6.990553,0.47148752,9.499706,1.1699103,22.591455,0.4458754,793.3303,0.241819,1328.8348,0.20617066,-172.06517,-0.39408523,1797.8763,0.13107753,1125.1326,0.27492663,-166.26836,-0.42063895,2830.8948,0.07369241,907.6504,0.35794112,-167.25165,-0.4050406,-9.785846,-0.801727,22.50664,0.3603717,0.045993652,0.5210179,-0.015595636,-1.0127687,0.42787698,0.98118526,19.235683,0.35914126,-3.7530077,-3.6410253,-9.944838,-1.1867125,-23.744516,-0.44409624,-9.701875,19.512224,0.016017584,-0.008751836,0.10561993,0.8634868,0.9888752,0.18249999,0.146095,0.8426087,1.3073279,-26.79757,258.233333,282.566667,disengaged
37.75942,0.10005957,34.7879,37.282204,40.897106,6.109207,144.7365,147.52592,123.9609,215.55663,0.71203154,0.8642672,0.2283328,0.5251629,1.0879837,0.8596509,10.043791,7.330372,5.8958874,4.403387,0.37817723,1.3853682,23.09007,0.36351904,6.4905977,1.5537755,-3.209751,-3.5362954,-15.737577,-1.0005444,0.017032798,1.4055171,0.97929347,0.6444531,8.971147,0.39400154,6.6932425,1.7627541,28.08663,0.3690352,725.62396,0.2422671,1376.3083,0.16994494,-123.316666,-0.75317985,1777.7467,0.14932749,1167.8964,0.2905432,-123.33631,-0.69837004,2870.8528,0.08648863,874.4479,0.33697286,-126.001884,-0.65846545,-15.945947,-0.44437942,27.815224,0.2712891,0.043974373,0.47872335,-0.028157473,-0.49978504,0.56816643,1.0401764,26.883549,0.28192568,7.9295626,1.4913436,-7.571659,-1.7131622,-25.071913,-0.58788145,-10.502952,20.173923,0.01450813,-0.011453387,0.23629268,1.7798594,1.8788165,0.221,0.20575227,0.3225,0.47102946,-18.495283,282.6,303.966667,engaged
43.47971,0.14934999,38.37613,43.633987,45.109436,6.733307,48.34503,23.28671,35.935146,21.148008,0.6063354,0.7274389,0.28589255,0.47697794,0.85880584,0.5729133,5.416306,7.451062,3.923001,3.9832513,0.2574047,1.2996526,17.090841,0.43263057,1.8408229,4.821752,0.98650664,10.811313,-19.453346,-0.6755914,0.026830843,1.1635989,1.1737214,0.4586412,8.284675,0.47048712,11.765803,0.8288557,18.668362,0.6158129,700.7296,0.29364038,1406.8878,0.20201477,-139.10663,-0.62103003,1765.4988,0.13217837,1142.3768,0.3039619,-121.32491,-0.706851,2759.282,0.08206555,941.88525,0.33932984,-120.419205,-0.71251136,-13.019322,-0.45818108,21.010193,0.3626078,0.037834626,0.5903504,-0.02039367,-0.62128216,0.28496972,0.6674975,16.902071,0.42794466,0.7166701,14.219055,-0.86972857,-15.053891,-26.356247,-0.4506309,-8.860863,17.292461,0.028043065,-0.010321926,0.24424706,1.3861387,2.4048097,0.17666666,0.19027758,0.26299998,0.3996761,-25.003332,304.0,309.066667,disengaged
37.388817,0.1833014,34.40412,36.806442,38.453667,4.0495453,254.1218,197.24911,270.41916,432.05014,0.53058255,0.78528523,0.21899503,0.41551808,0.7627474,0.5437524,4.675024,4.076539,4.603801,4.8569922,0.19882315,1.8362563,17.802895,0.42035022,7.2365165,1.1421064,1.1555278,8.055251,-19.72501,-0.7834922,0.02122953,1.444973,1.0280243,0.6735857,7.687606,0.44078115,4.061117,2.5999713,23.401772,0.37494853,730.6682,0.20964094,1341.087,0.1355403,-105.93372,-0.92185307,1840.8215,0.13280883,1012.72205,0.3475175,-107.32518,-0.81694406,2846.805,0.075765595,845.721,0.32435554,-108.11875,-0.8017984,-15.915877,-0.37102368,23.70922,0.2938454,0.0502045,0.53852636,-0.033261754,-0.44239092,0.24502905,1.408404,20.876984,0.2892077,5.598576,1.5744067,-2.0963757,-4.4604836,-29.838081,-0.39505732,-10.192648,18.21519,0.0129278805,-0.011246502,0.15103404,1.7094017,2.4137933,0.20285715,0.16849878,0.20538461,0.32355273,-25.130262,309.1,314.966667,engaged
36.94507,0.10220009,34.727535,36.49724,38.333218,3.6056824,130.32845,120.04502,48.76722,37.320065,1.2643367,0.64404565,0.5683885,1.0681978,1.9892442,1.4208558,15.813132,10.3741,11.547712,6.57502,0.9152811,0.87951577,23.205849,0.4862283,6.033475,1.9933071,-5.529366,-2.3434973,-15.029214,-0.7726258,0.024778021,1.6289229,1.1858886,0.5844008,7.7079678,0.47341445,9.125645,1.1780732,28.819296,0.36378738,782.5949,0.22480878,1355.4398,0.14914723,-90.02275,-1.0403957,1848.6853,0.14086789,1200.6832,0.3256926,-93.68698,-0.8903913,2889.5544,0.09037582,1047.03,0.30306074,-97.51686,-0.8227734,-14.136046,-0.53689367,28.376228,0.29012385,0.060517214,0.3679301,-0.023605086,-0.46840858,1.2529618,0.6407291,27.716036,0.31218928,5.7626753,2.2847676,-8.648609,-1.4489968,-19.433641,-0.48900136,-8.415818,16.229715,0.026916303,-0.011071425,0.41338176,3.407881,2.1436226,0.2735,0.2003815,0.18263158,0.23505521,-13.080763,315.0,324.4,disengaged
38.237377,0.11570276,35.151264,38.325974,41.43247,6.281204,198.24365,275.8862,72.28657,94.69467,0.66099703,0.9520021,0.20110057,0.46252576,0.9749963,0.77389574,11.746204,10.563409,7.15818,5.9424133,0.33893502,1.62738,20.86193,0.4798125,6.9998426,1.5045962,-4.173111,-2.4995031,-14.601341,-1.0213478,0.023154987,2.0425105,0.95687973,0.6774451,8.781903,0.4601321,9.1656,1.2349344,28.924263,0.44059637,769.0041,0.21516661,1322.0337,0.16905384,-115.67091,-0.82427853,1854.6888,0.13838886,1109.1907,0.30526075,-117.18384,-0.74537736,2912.6816,0.08883102,947.875,0.30902025,-119.97495,-0.702952,-16.24106,-0.47848547,27.854397,0.2622279,0.048935905,0.4612327,-0.029120617,-0.55214775,0.57869214,1.1944823,26.711658,0.2809421,6.4862576,1.8980899,-8.681863,-1.1945398,-24.484003,-0.53745294,-8.67617,17.486969,0.014443685,-0.0074511818,0.1304939,1.2994685,1.4592782,0.31148648,0.28219542,0.37869564,0.52211636,-18.03183,324.433333,375.233333,engaged
48.472008,0.07259488,45.805225,49.218094,51.514935,5.709709,142.72466,154.22078,49.724766,81.81407,0.63286597,0.8717349,0.17055711,0.4453967,1.0197158,0.84915864,6.054044,3.5466747,3.2782283,2.4256713,0.26261896,1.1650647,13.583845,0.6200422,-1.0932267,-12.430803,1.2331015,7.531013,-15.9791,-0.8320912,0.02305468,1.2370034,1.2978,0.42456123,7.4795203,0.49181756,13.211597,0.6012295,11.998694,0.8123413,858.2594,0.21045026,1216.0155,0.20085087,-136.08072,-0.651353,1881.2682,0.10166988,931.39594,0.3720123,-126.833954,-0.6836358,2829.65,0.06768541,904.1594,0.33246922,-126.13953,-0.692314,-5.9330225,-1.3934194,15.009888,0.5437487,0.051720373,0.48852336,-0.016030956,-0.69559884,0.4658275,0.7791961,10.156303,0.9390397,-10.089344,-1.3036324,-0.48418716,-22.083649,-25.255816,-0.3983839,-9.292332,17.775059,0.0144094,-0.0090748845,0.12464466,1.3530928,1.8745961,0.20827587,0.17969453,0.3262963,0.7738798,-25.176651,375.266667,390.8,disengaged
39.79808,0.14651366,35.661922,38.772133,44.52643,8.864506,345.33807,686.3363,89.80926,117.001755,0.6190051,0.99256045,0.18945348,0.38819224,0.91440976,0.7249563,12.294946,10.736132,7.649969,6.2826824,0.34495977,1.5841378,22.078068,0.42316648,7.2624226,1.434716,-4.6000195,-2.5021777,-13.996883,-0.96291834,0.028116757,1.5372689,1.1593567,0.60431695,8.045909,0.4864025,8.575822,1.3437221,27.520634,0.4843028,770.34155,0.22573678,1319.3885,0.15936846,-110.6548,-0.858316,1849.306,0.13543724,1092.189,0.2817857,-108.622345,-0.79873246,2911.739,0.08588725,966.9927,0.31466192,-111.84181,-0.7448723,-15.545607,-0.540564,27.787191,0.2868392,0.052308314,0.4547999,-0.024008436,-0.70688856,0.54925495,1.2081785,25.514265,0.34398893,6.3926325,1.8811789,-8.708785,-1.3315915,-20.940145,-0.5986884,-10.596374,19.830364,0.021680426,-0.010041037,0.12846057,1.4388489,1.9051906,0.2625197,0.21784179,0.26885965,0.4359639,-18.14677,390.833333,457.566667,engaged
39.192448,0.07150903,39.010635,40.168194,40.568203,1.5575676,73.974594,31.824863,92.87561,69.87241,0.48568052,0.53630316,0.25787625,0.4957491,0.6707032,0.41282693,0.47814664,1.3178351,1.738268,0.9036063,0.16571355,0.69514775,29.106379,0.052644867,7.600806,0.87990856,-5.619261,-1.8156177,-26.096012,-0.48092797,0.018560287,1.8219371,0.7565101,0.45582977,10.327774,0.2949721,8.790979,0.8799241,32.505066,0.17091484,744.0302,0.22408177,1503.2216,0.14139923,-82.94403,-1.1320598,1725.1202,0.102794014,1301.901,0.1668516,-82.6283,-0.99869645,2902.9297,0.06801469,837.5365,0.30257347,-87.85704,-0.8953879,-18.8526,-0.16076101,30.764957,0.06712605,0.044026647,0.47356156,-0.030775951,-0.3595349,0.18025109,0.6798405,29.009636,0.050112516,6.0310597,1.1118119,-8.059472,-1.4064974,-33.186264,-0.25602472,-16.82002,28.49092,0.024014529,-0.018288773,0.14247833,2.0202022,2.1276596,0.29999998,0.049999997,0.14999999,0.089999996,-26.910927,457.6,458.6,disengaged
42.84468,0.12331985,39.332428,44.098984,47.16789,7.8354607,129.10707,118.74233,129.22087,152.0316,0.5150073,0.50529414,0.24050117,0.5109704,0.73615426,0.4956531,4.354206,4.3536544,2.181702,1.0835491,0.14643836,0.8736587,15.7226715,0.5889953,2.3927164,2.9385612,-4.1936097,-2.199226,-17.947657,-0.7092824,0.038575828,1.631397,1.0601207,0.67933905,8.365536,0.55566883,13.4739065,0.8798425,24.6856,0.5887573,772.3253,0.23685174,1277.0084,0.15543795,-111.5213,-0.87086755,1839.8942,0.121961005,1038.5005,0.3069298,-107.439026,-0.82706654,2850.7473,0.07895988,884.4374,0.30549046,-109.39068,-0.7939436,-14.854927,-0.41198233,24.61481,0.3002469,0.047461666,0.50044906,-0.023499893,-0.653035,0.18596102,0.6071499,18.55947,0.4433886,1.7829489,3.8673346,-9.369271,-0.89695954,-26.303892,-0.3968598,-7.247738,15.203951,0.018634938,-0.0076625133,0.10728067,2.1291697,2.065527,0.23689654,0.18116675,0.2425926,0.24432206,-28.399178,458.633333,472.733333,engaged
43.77588,0.1260485,41.25766,45.255943,47.51912,6.2614594,226.46167,333.80646,65.93029,56.46477,0.61485606,0.89906174,0.24054533,0.4561213,0.8422676,0.60172224,6.3607464,5.533642,3.4018114,2.4894693,0.2651926,1.410225,19.250086,0.45922038,1.9087204,5.6093225,-4.559693,-2.6047077,-16.2127,-0.90818995,0.022511607,1.0528104,1.1125813,0.56007534,8.26769,0.4647454,9.636582,1.1503959,21.145126,0.5054899,825.63367,0.21207152,1264.4741,0.18346585,-125.75968,-0.7249793,1870.5902,0.13197657,1024.454,0.3630378,-121.58945,-0.7135057,2878.1335,0.072796464,886.83344,0.33020946,-123.524254,-0.6837722,-10.540094,-0.71492344,22.411764,0.31709564,0.055821188,0.47497675,-0.013492544,-1.2346675,0.38978556,1.198252,17.998655,0.40835008,-1.665755,-7.523847,-8.303196,-1.8018762,-25.115967,-0.5823971,-10.105195,20.192411,0.024964126,-0.011268883,0.17016226,1.3296399,1.8888888,0.22382352,0.2698912,0.27714285,0.336983,-22.083685,472.766667,490.833333,disengaged
31.03739,0.001336896,31.00683,31.036682,31.067808,0.060977936,0.0,0.0,-0.033877056,0.0,0.45302185,1.153759,0.17687133,0.2755602,0.5197248,0.34285346,6.771989,7.265981,5.0189304,2.3843415,0.22462443,2.2511113,20.828022,0.22992796,1.6993169,4.5363235,-2.5084305,-2.6292698,-6.5428076,-1.0248085,0.026344784,0.0,0.64515996,0.5359104,3.2551382,0.049146384,3.9612436,0.2684876,27.694319,0.0039022379,349.87543,0.094870456,1533.493,0.01997449,-199.80925,-0.06910566,1373.0939,0.026281504,1273.567,0.026420353,-199.33159,-0.07531647,2552.0273,0.030256556,936.57935,0.019868275,-199.44913,-0.070067115,-13.287986,-0.07486436,25.00388,0.029160144,0.042109404,0.08970477,-0.018891387,-0.06487885,0.0713604,0.077323325,25.501442,0.0303564,9.859936,0.1750448,-0.05371337,-11.958509,-10.231732,-0.09599604,-8.28674,19.277966,0.015746813,-0.007524366,0.22888297,1.1267606,0.2857143,0.02,0.0,1.7249999,0.565,-25.489864,490.866667,494.433333,engaged
37.26718,0.15733345,32.312027,37.762722,42.261745,9.949718,231.89107,250.17764,214.75319,457.6673,0.4561632,1.0745358,0.178942,0.28335726,0.5620573,0.38311532,12.274161,11.816415,5.8494425,6.367682,0.23537938,1.9950514,21.498293,0.39218113,6.055303,1.4512231,-2.9399953,-3.091419,-10.740828,-1.0518135,0.027743593,1.338194,1.2607963,0.55833685,6.5920854,0.55610627,5.835694,1.88924,23.976837,0.42869616,753.5189,0.24338183,1327.5323,0.15848817,-156.11049,-0.50518006,1818.2892,0.1485262,1098.9418,0.30746403,-153.4445,-0.49718904,2850.1746,0.08756276,988.37384,0.34557912,-154.9036,-0.4769352,-13.683927,-0.5675106,25.187243,0.30338266,0.040112056,0.56287897,-0.02349588,-0.5962537,0.55749166,1.2938612,25.504593,0.30716547,5.3790708,2.0870671,-4.818943,-2.475003,-18.04526,-0.68709993,-10.274454,20.676535,0.017005522,-0.009825599,0.11744498,0.7474519,1.7691087,0.13935898,0.14190409,0.43301368,0.69168377,-19.800251,494.466667,538.633333,disengaged
36.501656,0.042328525,35.448025,36.102463,36.794556,1.3465309,30.380917,16.271898,32.676815,24.956251,1.4468557,0.48351395,0.8815979,1.2411324,1.7292693,0.8476714,14.401962,8.872868,2.5028343,8.224667,1.0072547,0.603746,26.248535,0.38269934,5.69342,2.5636306,-11.265656,-1.0933182,-15.09095,-0.45321485,0.022457518,0.92365277,1.058289,0.62572634,7.339637,0.4863016,8.791102,1.4261454,28.949636,0.637832,782.1229,0.22398424,1366.6768,0.13543327,-25.917797,-2.3512082,1862.7009,0.13613679,1156.9529,0.21294864,-38.791637,-1.412531,2937.0671,0.09273376,1152.5925,0.2796832,-46.910732,-1.097627,-11.769778,-1.1871177,29.946598,0.21380584,0.069022916,0.26875094,-0.020997996,-0.76583,1.0692152,0.5606676,27.828688,0.34514588,5.458035,2.7951922,-12.15851,-0.9989217,-15.533397,-0.45227295,-12.420827,23.623688,0.058680248,-0.027174983,0.40120003,3.809524,3.0303032,0.28333333,0.15326084,0.044999998,0.024999999,-12.53713,538.666667,539.733333,engaged
37.741978,0.11804866,34.53616,37.19429,41.419956,6.8837967,136.83292,152.33546,42.085255,42.00782,1.3599937,0.51649296,0.7666433,1.2142158,1.9202695,1.1536262,13.451423,7.53538,7.349873,3.1705713,0.9119523,0.7216231,23.526625,0.4629738,5.181475,2.8688674,-12.801866,-0.92688286,-13.202844,-0.93951523,0.02340913,1.2810313,1.1310252,0.6230104,8.313898,0.47653052,6.858774,1.6288922,27.30117,0.41073215,785.0894,0.25601128,1357.6434,0.19636437,-68.152954,-1.2465813,1827.7552,0.14453438,1156.8971,0.28553703,-70.90372,-1.0702703,2920.9111,0.09203368,1020.37933,0.2955537,-76.908066,-0.9387603,-12.894188,-0.7161096,28.499147,0.26469365,0.0528443,0.3792861,-0.023401579,-0.58871,1.0929414,0.6106808,26.406162,0.33553827,3.3227258,4.5065064,-13.94804,-0.8687887,-15.488228,-0.7363246,-9.36301,19.492172,0.04213149,-0.016131228,0.4861813,3.38295,3.1335151,0.22043477,0.19229682,0.08523809,0.04846393,-12.854653,539.766667,547.166667,disengaged
38.333935,0.06288505,36.799343,37.50612,41.92159,5.122246,30.559238,3.2282267,172.2983,123.64867,1.067474,0.75183475,0.4321584,0.57291174,1.833674,1.4015155,10.954426,10.237054,11.460685,4.8798823,0.6187324,1.0739977,22.4008,0.25496024,-9.532718,-0.692446,-19.0907,-0.31563365,-9.383863,-1.0080584,0.02348528,1.3955127,1.14656,0.4670119,6.681494,0.49036467,-7.449861,-1.694836,19.669939,0.5523489,649.0588,0.3229881,1300.821,0.10983513,-103.44017,-0.942199,1614.6941,0.15447885,1238.3779,0.19316748,-85.119774,-1.0772325,2678.735,0.0943975,1020.40295,0.1280343,-93.19004,-0.91462946,-7.511343,-0.8955051,25.946335,0.15939823,0.054206293,0.42391536,-0.010562117,-1.2361975,0.9939703,0.6744775,25.970657,0.18850553,-10.04588,-0.8276187,-21.925133,-0.28052834,-14.180146,-0.6934816,-4.938789,17.790627,0.016856845,-0.005039705,0.11744625,2.1052632,2.2222223,0.26,0.17999999,0.32999998,0.0,-15.580309,547.2,548.166667,engaged
36.261395,0.048660558,34.715363,36.27493,37.135483,2.4201202,260.29794,366.1354,10.832172,6.3903885,1.3642831,0.55687755,0.60129684,1.3052871,2.1039467,1.5026498,10.2966,5.790391,9.971799,6.669684,0.9314147,0.8045264,26.896963,0.31804326,-2.664986,-3.4008255,-14.496258,-0.7056682,-13.192137,-0.6211358,0.014512624,0.6046918,1.0830661,0.5783148,7.8616595,0.4133199,8.178374,1.322427,31.440634,0.27291068,842.34186,0.16971645,1356.9452,0.19139847,-95.99596,-1.0025054,1830.9961,0.116992384,1149.8932,0.18395525,-99.188866,-0.88545966,2954.5728,0.07086314,948.02234,0.25063896,-105.6031,-0.7785335,-12.195123,-0.7090275,29.369125,0.21106163,0.06397934,0.30512786,-0.021070339,-0.6282557,1.3290591,0.51798826,31.98287,0.18746234,-1.0771383,-8.74339,-13.461607,-0.89635545,-16.172058,-0.49400893,-4.7679543,18.90484,0.02777734,-0.009764341,0.45255178,2.8708136,1.9607843,0.275,0.28900692,0.21499999,0.12539935,-12.826307,548.2,550.3,disengaged
36.336445,0.06178914,35.15736,36.66479,37.957283,2.799923,18.535154,15.626729,29.873636,11.176194,1.0803608,0.65553707,0.3993103,0.97148263,1.6904103,1.2911,11.051533,4.177095,11.573595,6.695591,0.70341414,0.8917855,27.175425,0.2792875,-1.0771036,-9.370218,-11.154517,-0.92551327,-8.606836,-1.3540035,0.019099228,2.140654,1.2045412,0.52147895,7.296479,0.49206817,3.985939,1.8480574,27.662283,0.36214957,792.0913,0.22766411,1301.5275,0.12657206,-79.14046,-1.1285608,1817.4127,0.13916394,1147.2749,0.20608437,-81.096565,-0.9948975,2910.7344,0.094786026,1012.0867,0.21279706,-88.38435,-0.85570616,-11.755214,-0.79235286,27.15654,0.31102687,0.053362194,0.4066004,-0.01976735,-0.7330751,0.9654743,0.62409323,29.79843,0.19567433,0.9129029,11.160256,-12.346535,-0.9665953,-12.403976,-0.9074634,-6.7412148,18.171177,0.023824232,0.001514866,0.23111373,2.7624311,3.0812325,0.20545453,0.19754693,0.1211111,0.14813241,-14.486207,550.333333,553.966667,engaged
34.677635,0.3164498,22.83864,29.520115,46.727463,23.888823,42.201427,11.55068,70.95217,0.0,0.5413593,0.47426316,0.3295346,0.46163097,0.7521913,0.42265671,4.39932,3.3836274,3.3699236,2.9559197,0.23147334,1.0024363,23.345428,0.32400438,-6.238018,-1.2055689,-9.620647,-1.0025018,-7.7982583,-1.3408834,0.026521571,1.220277,0.986957,0.56070954,4.910943,0.733183,6.42829,1.1196957,23.875908,0.19988212,796.2845,0.19727147,1360.7402,0.19435254,-105.635056,-0.95069814,1796.8451,0.13575707,1266.7325,0.33531165,-108.74399,-0.8473586,2763.5513,0.08866586,1015.2776,0.20384961,-111.93309,-0.7953408,-10.121228,-0.5324297,19.822277,0.20413323,0.05453165,0.27126113,-0.021854794,-0.6002969,0.27769572,0.96318614,26.099785,0.25623563,-8.03148,-1.1140414,-13.0536785,-0.74464506,-15.498158,-0.45972237,-9.512356,17.60748,-0.0005156867,-0.006721191,0.2017358,2.234637,1.7241379,0.27333334,0.10498677,0.28666666,0.17782636,-27.643738,554.0,555.8,disengaged
43.103504,0.18636023,33.979195,45.74308,49.10197,15.122776,175.22314,127.07448,106.94939,72.535484,0.5372888,0.6365404,0.31207836,0.3933022,0.6987685,0.38669014,4.709197,3.4847584,2.5966394,1.8002222,0.19257313,1.331242,15.79063,0.40660563,-6.263788,-1.0385668,-8.682258,-0.7575655,-10.89928,-1.2981614,0.046226084,1.2336913,1.6362535,0.44902024,3.998731,0.8145541,7.276853,1.5240707,19.240335,0.4105063,692.8741,0.30346784,1197.4918,0.19439884,-136.4539,-0.6565235,1704.5598,0.16226399,1050.0397,0.22608952,-117.286446,-0.75391936,2697.1472,0.119323775,979.4165,0.32764375,-118.284225,-0.7218393,-9.833673,-0.5190923,19.818544,0.24835363,0.04686274,0.598357,-0.0106608225,-1.9197937,0.27256268,1.1132503,18.525537,0.2908367,-6.6156645,-1.2544528,-9.210832,-0.8975928,-15.983818,-0.95951575,-6.025787,15.413548,0.028910507,-0.0010556579,0.1304095,1.4240507,3.84,0.10708333,0.1113358,0.15799999,0.18372805,-27.183802,555.833333,562.166667,engaged
39.15441,0.20401514,34.598415,36.497543,46.74997,12.151554,230.63902,317.52243,150.31749,165.377,0.7789144,0.79226726,0.34730652,0.54348034,1.1035678,0.75626135,14.096855,12.606731,7.6769614,5.512191,0.3953284,1.3668776,19.366257,0.47276533,-3.0566933,-3.014045,-10.141487,-0.9014576,-11.860203,-1.0243043,0.029303784,1.1862063,1.2831455,0.47154284,5.4951386,0.64558685,5.1925483,2.1815217,20.148403,0.58646226,722.8609,0.27408615,1291.8961,0.17717588,-123.93734,-0.74287987,1739.9316,0.1517716,1170.3276,0.26182488,-115.17266,-0.76373714,2768.7712,0.10249585,976.3171,0.35179773,-116.95742,-0.723909,-9.659575,-0.82437736,23.104713,0.3311408,0.046316918,0.4778637,-0.014379054,-1.04658,0.57831347,1.1082858,21.29537,0.44778723,-1.6269252,-6.3211303,-10.46704,-1.0006633,-15.40949,-0.7811882,-7.273411,17.413538,0.025070144,-0.0064151366,0.23048928,1.4955134,3.16245,0.13831578,0.13357161,0.16786516,0.25271767,-18.820108,562.2,592.3,disengaged
37.474693,0.14371091,34.649208,36.930485,39.522835,4.8736267,105.911766,143.68286,38.486176,36.506866,1.0950118,0.6807151,0.41353786,0.9441864,1.6206119,1.207074,13.7174635,8.026525,10.7673235,6.9621334,0.74289846,0.9318367,25.148607,0.41142085,1.3150802,9.768575,-11.504327,-0.8545508,-8.844701,-1.1341747,0.022104973,1.2840501,1.27825,0.5783908,6.885714,0.540607,3.6511307,3.3923898,24.938826,0.720934,736.4221,0.27483207,1298.5045,0.21753353,-70.15345,-1.2025018,1751.3147,0.15756012,1172.3121,0.23431662,-63.955082,-1.1817398,2829.391,0.10972049,1022.7692,0.2748112,-71.14634,-1.0023731,-12.701685,-0.6656657,28.609142,0.28687727,0.052413408,0.49353486,-0.01611156,-1.0148495,0.8791386,0.81482136,27.786274,0.33402172,1.8901783,6.897364,-11.190933,-0.90794337,-10.171757,-0.9537822,-7.7359443,19.842394,0.03988901,-0.007884105,0.38178107,3.5271688,2.975048,0.24161291,0.17960705,0.087692305,0.12882032,-13.751998,592.333333,602.833333,engaged
38.10833,0.18059362,34.43052,36.817772,43.93845,9.507931,252.93925,478.77722,162.92769,365.1741,0.7282042,0.782306,0.30080435,0.5070464,1.0869484,0.786144,11.503563,9.290396,6.6098633,5.0401974,0.37615466,1.3385378,23.824516,0.39049402,-2.7041523,-3.8110583,-9.926285,-1.0029068,-8.36185,-1.3041803,0.024150448,1.320279,1.3160609,0.5014854,6.0345716,0.56662,5.883029,1.815739,24.330465,0.43449777,751.9758,0.2557776,1301.018,0.16560182,-108.23869,-0.8650174,1772.248,0.14461713,1158.3406,0.24530771,-100.734055,-0.8799795,2806.545,0.098865695,1027.679,0.32225862,-104.897514,-0.8071641,-10.433656,-0.79920113,24.404917,0.33955806,0.045160264,0.4952486,-0.014949862,-1.1515833,0.54370344,1.1004894,26.075258,0.35617393,-2.2409282,-5.13914,-9.688588,-1.2050891,-10.929058,-1.0562098,-7.745672,18.904453,0.025097018,-0.007269401,0.18317391,1.8295544,2.8486462,0.17961538,0.18543193,0.1680368,0.2033096,-18.46466,602.866667,666.833333,disengaged
36.602257,0.1040901,34.519238,36.081905,38.251255,3.7320175,522.2496,869.8822,40.103764,40.138508,1.3715358,0.5208063,0.78434646,1.2720747,1.9410219,1.1566755,16.353058,11.113513,9.837485,6.449794,0.93534124,0.74169457,24.63357,0.44559333,3.4938934,3.463536,-12.330976,-0.95863104,-11.728338,-0.98358047,0.025949713,1.7918468,1.2654814,0.5677181,7.4691586,0.45149776,5.554525,1.9082258,26.298998,0.4509583,774.0844,0.24681336,1350.6475,0.17670104,-72.62859,-1.2175239,1807.7081,0.15288521,1225.7701,0.28483838,-74.57085,-1.0592642,2874.698,0.09602743,1014.7004,0.25654802,-80.5661,-0.93025774,-12.415971,-0.73714966,28.603443,0.2928639,0.05194788,0.37851733,-0.019762687,-0.69152147,1.1303078,0.60076195,27.768782,0.336258,3.8099093,3.288871,-11.843078,-1.0186776,-14.450249,-0.6774891,-6.8870482,18.752998,0.035337925,-0.007871387,0.50211006,3.6208735,2.248394,0.30285713,0.18923765,0.120952375,0.17880303,-12.816377,666.866667,676.266667,engaged
42.21055,0.18118733,36.632538,39.05266,49.173473,12.5409355,238.60124,229.74179,80.47458,97.705376,0.9417327,0.6797992,0.31589517,0.84762126,1.4552064,1.1393112,10.784364,7.764996,6.7374063,3.9362023,0.48076224,1.1165112,18.009869,0.58009535,-5.863015,-1.6538888,-8.946255,-1.0037848,-11.056863,-0.9621379,0.028167406,1.4883546,1.4795759,0.46671048,5.1484385,0.6868814,5.7382116,1.8514897,18.867582,0.89058167,718.6022,0.3004886,1216.0266,0.20566623,-101.49959,-0.9318252,1732.8953,0.15601157,1159.6698,0.24889477,-78.946884,-1.1172625,2722.6245,0.09889221,998.60803,0.27370617,-82.69808,-1.0252457,-7.4126067,-1.2367041,21.36741,0.45568848,0.041277014,0.6279823,-0.008066322,-2.4731193,0.61100566,0.9845763,18.503384,0.6276811,-6.191694,-1.6648731,-8.951797,-1.0970805,-12.725684,-0.8450356,-6.7543864,18.436998,0.027099518,-0.00574382,0.2658894,1.9812304,2.8331585,0.21629629,0.21648963,0.126,0.15587173,-17.22076,676.3,685.9,disengaged
37.342266,0.24807163,30.072525,30.082005,49.13139,19.058865,1906.3998,0.0,59.5364,42.33695,0.31968173,0.25315177,0.25929284,0.28276578,0.39910018,0.13980734,2.2358658,1.0945436,0.238725,1.1569257,0.06307301,0.6465815,20.511572,0.20397346,-10.458686,-0.32402173,-10.286069,-0.2925341,-3.7843306,-1.2792006,0.027688382,1.014734,1.3367994,0.45212755,3.391178,0.20313418,1.4009917,6.5288844,10.683842,0.993864,511.88644,0.0467268,1055.442,0.07828266,-152.4512,-0.4989856,1482.2087,0.030536598,1124.5687,0.056836296,-130.58426,-0.64586294,2489.7136,0.041359223,1354.6302,0.31092522,-134.35376,-0.5940992,-5.7839327,-0.15832648,20.776031,0.053579994,0.017716546,0.627753,0.012328754,0.46820536,0.03531344,0.18079218,21.24548,0.0773768,-13.316264,-0.14276123,-9.806024,-0.18678114,-0.9156597,-2.7821121,-6.478661,20.770838,0.022219658,0.0014901139,0.07320411,4.6153846,6.666667,0.0425,0.021650637,0.0875,0.074624054,-39.621292,685.933333,686.6,engaged
45.524704,0.15224424,39.333828,49.12652,49.171265,9.837437,586.34186,983.2198,54.00286,59.326866,0.4326113,0.40243858,0.28234595,0.41104388,0.5339954,0.25164944,2.1218226,1.3273668,1.7024033,0.8428277,0.09777942,0.80351985,20.236235,0.22055699,-8.839011,-0.66297346,-16.006802,-0.57329834,-6.0915165,-1.5153375,0.03885184,1.2361969,1.3937068,0.36660135,4.5114446,0.6955395,8.097516,1.2147843,23.20016,0.30748814,641.33606,0.28324845,1199.654,0.21520129,-33.303112,-2.257964,1613.5219,0.1250894,1164.9084,0.18794137,-18.954374,-2.7377262,2642.2146,0.09270933,1054.06,0.29215896,-29.282297,-1.6200808,-8.099363,-0.5204336,23.009575,0.24683474,0.027011799,0.755568,0.00201147,6.2663608,0.099507906,0.81341106,20.50501,0.21285373,-9.025028,-0.6580673,-16.39951,-0.55477154,-5.956303,-1.5645692,-7.332976,18.675041,0.022121163,-0.0013878456,0.09395384,1.897019,1.9283748,0.46714285,0.35216528,0.03833333,0.02034426,-32.95327,686.633333,690.333333,disengaged
48.237972,0.19995117,39.858505,49.163055,61.080303,21.221798,335.63492,406.21793,158.47449,214.63484,0.39652333,0.42663738,0.29044256,0.34595612,0.47569847,0.18525591,3.665256,2.293811,1.901293,1.3776016,0.09067715,1.0688672,20.601233,0.3047063,-8.223462,-0.80815244,-14.370177,-0.52699304,-1.9487872,-5.606766,0.039489493,1.047538,1.3351625,0.39903545,6.04604,0.5133495,11.28807,0.9487535,19.836914,0.59270364,601.6388,0.25938883,1093.786,0.19848599,-102.41259,-0.9300362,1603.6431,0.12158408,1126.4984,0.23631196,-64.21454,-1.3240399,2604.456,0.08940352,1111.1779,0.27809364,-66.51225,-1.1335585,-9.952242,-0.35190484,24.987213,0.20761415,0.019174164,0.9942041,0.0045325537,3.38866,0.087282255,1.191719,20.824862,0.26038563,-9.1376295,-0.66059923,-15.622387,-0.47349772,-1.4016372,-8.153695,-8.497575,19.805586,0.02687018,-0.0026637926,0.10381314,1.4213198,2.4489796,0.29375,0.24817353,0.10136364,0.13188478,-32.265675,690.366667,700.233333,engaged
45.111305,0.1192805,40.77926,46.75638,49.17637,8.39711,152.168,142.78514,96.13069,90.58583,0.4895906,0.3293513,0.3396512,0.45204115,0.6485015,0.30885032,4.220947,3.3878448,2.6363997,1.8809128,0.13926132,0.63529956,18.14559,0.418195,-2.364978,-2.0896816,-5.607621,-1.6048015,-12.171254,-0.7279462,0.040264063,1.2247441,1.1061653,0.48354807,7.7063265,0.5937272,7.905138,1.1184424,15.366653,0.5761201,846.9451,0.23138392,1129.928,0.13924913,-128.64278,-0.68075037,1873.8842,0.125219,1059.1603,0.25338006,-117.71376,-0.7416579,2808.4612,0.09620596,987.1496,0.3960448,-119.05514,-0.7194461,-12.595678,-0.39270332,23.145338,0.23454085,0.04213011,0.5218079,-0.0022513687,-4.9933486,0.15029386,0.7320559,18.19704,0.35629278,-2.0389974,-2.7847373,-3.6742256,-2.838916,-13.843944,-0.8274045,-8.234471,16.833576,0.027303254,-0.010098329,0.12446384,4.7846894,2.4509804,0.17799999,0.10961752,0.35,0.23366642,-29.417505,700.266667,702.366667,disengaged
50.637188,0.17850524,44.459946,49.175236,61.091454,16.631508,332.7066,356.92728,161.25493,163.97469,0.3873776,0.62937814,0.2823745,0.3129731,0.4295527,0.1471782,2.7347505,3.1850476,1.1800956,1.1029085,0.10750994,1.7574334,19.160212,0.42685598,-10.074005,-0.52961653,-13.808102,-0.38170722,0.092652954,102.29012,0.041036043,0.8763162,1.5599617,0.36289766,5.8706775,0.4801195,12.729061,0.93516123,17.877008,0.8418316,597.00415,0.29863578,1072.6206,0.21843009,-165.12952,-0.4589788,1584.9894,0.11103755,1125.0249,0.21641526,-122.27469,-0.7605636,2554.161,0.08425922,1049.6129,0.22668996,-114.950386,-0.76917535,-8.371948,-0.82559556,23.577255,0.20348817,0.019221937,1.3166355,0.0050893365,2.8421245,0.13462591,1.9607707,19.131851,0.46799928,-12.284826,-0.43434316,-16.254215,-0.29672045,-0.64768946,-17.971893,-7.083616,20.15071,0.009624258,0.0032288413,0.08565127,0.35928145,2.5301204,0.1747619,0.1936767,0.1995238,0.21667348,-30.707016,702.4,710.766667,engaged
43.35172,0.21303685,36.457195,43.448334,49.16074,12.703545,374.11508,662.6128,125.94664,127.68477,0.5095162,0.60191834,0.2797976,0.38344994,0.72987354,0.45007592,5.312573,3.7142577,2.9151363,2.122034,0.17297469,1.0150875,22.662956,0.28443757,-6.757645,-1.0155154,-13.739372,-0.63796216,-8.09794,-1.7930198,0.031533863,1.2978964,1.326035,0.47397333,6.4839544,0.6226633,8.666984,1.3387411,22.099066,0.60929996,723.5804,0.25903174,1225.0402,0.1874485,-113.73236,-0.8208759,1741.8086,0.13186105,1118.8586,0.22229423,-100.4134,-0.8704975,2759.0479,0.09748146,1046.0779,0.33438575,-102.637596,-0.80731004,-11.288457,-0.56410915,25.100264,0.22403143,0.039872658,0.6504896,-0.011472436,-1.5822651,0.21766919,0.9097562,23.638617,0.27687424,-6.1080327,-1.2252452,-15.6066885,-0.632975,-12.558972,-1.2881683,-8.042556,20.29993,0.022936266,-0.0033435945,0.11881544,1.9277109,3.0917876,0.1709375,0.16843686,0.14754386,0.184992,-26.00207,710.8,731.566667,disengaged
47.874413,0.21123758,45.994465,49.156086,57.11869,11.124226,598.56665,932.11017,179.63913,238.48848,0.36833045,0.41990122,0.2700739,0.3009628,0.45498297,0.18490908,3.985076,4.1271343,1.7097172,1.5742372,0.06976936,0.8248702,14.866568,0.7021917,-8.556475,-0.7707055,-11.2904825,-0.5353222,0.3631459,26.01531,0.036801662,0.6208832,1.6309536,0.3231501,4.086051,0.5669598,11.205224,0.8989235,14.977234,1.3670965,571.6852,0.271409,1015.16315,0.1566043,-166.36066,-0.4278709,1555.4725,0.10567806,1100.2675,0.1642873,-114.34695,-0.8318707,2476.136,0.084878065,1063.8839,0.29165724,-110.71448,-0.8188459,-7.9801517,-0.2658881,20.628534,0.19765294,0.015275517,1.4340096,0.008953031,1.2487227,0.05472117,0.63773125,18.167727,0.3830433,-10.335109,-0.578604,-12.668903,-0.46130875,1.9283963,4.935343,-4.249221,14.666645,0.0133781815,0.005753267,0.08436374,1.1296396,2.4284945,0.188,0.27582276,0.20288889,0.43091956,-36.829338,731.6,750.2,engaged
40.336506,0.13895003,36.377586,37.113235,49.15239,12.774803,38.66486,20.476778,126.442345,68.01103,0.42260253,0.31654522,0.30750436,0.38500178,0.54267365,0.23516929,4.035531,4.077014,1.4901553,0.8554421,0.10285655,0.55997854,22.557924,0.28038427,-9.285318,-0.401175,-9.762319,-0.48904938,-4.7669544,-1.6962734,0.025192138,1.1341231,1.3681309,0.40992922,3.6920373,0.47830176,7.1019025,1.3047686,22.000475,0.2268674,704.7832,0.23812088,1259.4916,0.15049331,-101.23512,-0.95588166,1676.6221,0.11953619,1139.718,0.24298365,-88.700035,-1.0221046,2696.1482,0.102129914,997.8926,0.33425218,-94.43151,-0.9110634,-8.934018,-0.2814869,21.62911,0.18022501,0.030009422,0.54328686,-0.0057251086,-2.1682684,0.105419144,0.57170004,24.556517,0.1375803,-10.078385,-0.41219193,-10.6646595,-0.4688568,-6.6990433,-1.0874666,-6.386446,18.503305,0.021606604,0.0011465948,0.100698,2.4489796,3.3333335,0.16375,0.08014635,0.11625,0.11146048,-35.160908,750.233333,752.7,disengaged
38.49752,0.23191668,34.430622,38.61278,49.142704,14.712082,207.59448,117.9444,298.85687,199.92218,0.6030745,0.87500924,0.34504184,0.42606905,0.6267905,0.28174868,3.4384363,1.5955515,0.057884533,4.4049525,0.33766544,1.9901994,19.698631,0.4258806,-6.9810247,-1.185395,-11.28308,-0.5528529,0.6605484,11.446226,0.036731355,0.51093596,1.7098662,0.4115551,3.2936022,0.81047684,5.5876718,1.3790135,24.720284,0.39829952,713.2484,0.271062,1202.6582,0.15886019,-173.5246,-0.3666637,1709.4125,0.13105585,1142.0372,0.119752154,-161.14583,-0.4469707,2736.0215,0.10416042,994.5807,0.21075496,-162.90038,-0.42353094,-8.197703,-0.7124298,22.099672,0.39274862,0.027915157,0.6193576,-0.0011659452,-11.239118,0.64466745,1.5654801,23.499033,0.31603834,-5.709648,-1.653505,-11.265121,-0.625233,-1.9979888,-3.5789657,-4.4444156,16.249712,0.012507128,0.002180938,0.22903514,1.0638298,2.909091,0.061249997,0.038870778,0.29857144,0.19910002,-19.282612,752.733333,755.566667,engaged
36.97741,0.082414895,34.906143,37.069786,39.276825,4.370682,126.45386,115.82988,126.16307,209.17104,1.1931597,0.6240103,0.43599537,1.0675589,1.8313128,1.3953174,14.792582,11.581499,8.959782,4.5232973,0.8468669,0.9109811,26.972094,0.31430295,2.0131156,5.6314006,-8.381879,-1.2357988,-11.253276,-0.9935438,0.025343344,1.9853392,1.1290599,0.6738636,8.332735,0.44004953,6.5901847,1.7225128,27.6066,0.36519378,808.1587,0.20850486,1318.3673,0.16849999,-77.49945,-1.1342092,1849.9978,0.13598475,1139.8126,0.22991697,-81.733955,-0.97774065,2922.9429,0.08649821,1013.14844,0.28802797,-87.640205,-0.8634494,-14.217439,-0.69049627,29.388084,0.27489102,0.052747387,0.4138659,-0.020301348,-0.73581177,1.0684307,0.6911247,29.720852,0.24003257,2.8181357,4.474237,-8.753334,-1.2455487,-13.522274,-0.7890609,-9.646359,20.823143,0.029190192,-0.005687713,0.40514535,2.797203,2.5352113,0.255,0.17979154,0.14133333,0.13768886,-12.472826,755.6,762.766667,disengaged
36.08275,0.0995098,32.607704,35.625904,37.853085,5.2453804,71.19162,51.681953,17.256338,10.362999,1.2621995,0.5556457,0.7571327,1.0230439,1.542801,0.7856683,9.452901,6.271023,6.934591,2.0774467,0.7469542,0.7878512,24.027145,0.43797407,1.8248837,7.9148207,-11.517115,-1.0168791,-12.859063,-1.0548468,0.019296046,0.8789746,1.1264415,0.6300896,6.7025013,0.485417,9.423652,1.0605576,28.030624,0.41787267,781.60876,0.24182718,1385.5903,0.15454392,-78.39645,-1.1561111,1781.494,0.13020003,1234.861,0.25571775,-81.47174,-1.0113311,2876.1006,0.07973067,1021.24005,0.27522588,-87.727325,-0.88777095,-10.89118,-0.88910717,27.27301,0.24959314,0.055761345,0.4450815,-0.016351435,-0.8303606,0.9154213,0.7222353,27.156473,0.33613726,0.6542959,22.02282,-12.983202,-0.8465381,-12.714771,-1.0606364,-9.423021,18.684929,0.050407186,-0.015863415,0.4761433,2.4793391,3.7974684,0.1611111,0.107852206,0.091249995,0.06584784,-14.540155,762.8,765.233333,engaged
44.844227,0.23629266,35.702488,43.92404,57.107994,21.405506,495.64047,776.6888,223.13927,496.6918,0.48495653,0.8632126,0.26289397,0.33503142,0.5747464,0.3118524,7.4990287,8.046054,5.668873,6.093708,0.18466587,1.8561606,24.47893,0.25547996,-7.515418,-0.9570441,-13.090987,-0.559277,-6.1547894,-2.0009716,0.03452298,1.0988224,1.4925733,0.42278656,5.589993,0.6193347,8.481297,1.3467408,22.436512,0.53527987,687.9357,0.27945614,1195.3418,0.19740127,-110.724106,-0.85850817,1691.531,0.1442166,1194.3088,0.23148768,-92.35313,-0.95410115,2673.0789,0.11857747,1080.1144,0.29032344,-91.48352,-0.9001681,-10.707242,-0.46204594,24.188356,0.21009085,0.029913655,0.8960623,-0.008594324,-2.0324798,0.22259556,1.8134629,25.523926,0.21860817,-7.493046,-1.023684,-14.68279,-0.5008518,-8.249272,-1.6332159,-8.284537,19.562742,0.021503448,-0.004367768,0.12664886,0.70856184,3.0804288,0.18926027,0.21292809,0.12625377,0.13639683,-21.986351,765.266667,883.833333,disengaged
48.005077,0.25071812,36.396507,49.127666,61.058357,24.66185,397.3556,467.4643,194.20166,189.29977,0.36019337,1.1654922,0.23776498,0.2611473,0.32483605,0.08707106,5.0051975,7.9495234,3.3840961,4.9317327,0.09972972,2.851786,22.260626,0.28741232,-9.439842,-0.65641433,-11.390692,-0.4562141,-3.844045,-2.9446526,0.03701768,0.998838,1.6245108,0.42096403,5.5803094,0.6169365,8.985068,1.5879929,15.468266,1.0718749,609.4731,0.27465528,1110.4258,0.17343137,-150.80095,-0.5548637,1605.1622,0.14821583,1223.8605,0.24449255,-121.11211,-0.73171383,2519.0256,0.11955117,1152.151,0.3326576,-114.42204,-0.7410294,-9.454665,-0.5350621,22.639715,0.1843245,0.016529644,1.2986103,-0.0032206737,-5.139048,0.14043602,2.7926157,22.229008,0.3234548,-9.594547,-0.7353529,-12.851716,-0.40801746,-7.176278,-1.923947,-7.019921,19.144953,0.009155362,0.0026462625,0.061454408,0.2469136,3.6685314,0.1208156,0.1294165,0.14354086,0.121595725,-24.881626,883.866667,960.833333,engaged
37.12395,0.1149678,34.987816,36.823307,38.30306,3.3152428,402.26318,782.11035,22.09431,53.354908,1.1076567,0.58031005,0.50397205,0.97211677,1.5962095,1.0922375,12.501769,6.74702,8.851041,5.1727633,0.72130966,0.840272,26.758968,0.30702782,4.0641356,2.953635,-11.682029,-0.8211702,-12.644772,-0.8528457,0.020388074,1.1141379,1.1895638,0.58571863,8.270719,0.44625357,4.647609,2.3860757,27.634014,0.3660082,788.3748,0.20835061,1284.065,0.16476038,-67.74553,-1.2473866,1852.239,0.14179556,1152.8041,0.25519866,-72.96976,-1.0298218,2939.5498,0.09272949,1018.20667,0.29764417,-78.83809,-0.9010522,-14.205581,-0.57856816,29.844599,0.2400023,0.055776063,0.370756,-0.020190114,-0.66643316,0.8822218,0.6866962,29.189617,0.23859543,6.0775867,1.9181727,-11.410524,-0.88954705,-14.831737,-0.73013234,-8.854839,21.680964,0.030952204,-0.0076638386,0.30652255,2.9900334,2.2,0.32151514,0.31790146,0.12793103,0.1488665,-14.090325,960.866667,975.933333,disengaged
48.39306,0.22048035,37.541504,49.101196,61.02804,23.486538,329.82028,537.60345,113.58426,134.31462,0.62629646,0.9475532,0.28306648,0.3377534,0.8908849,0.60781837,12.511451,7.915656,8.953956,6.511384,0.32101607,1.690934,19.03261,0.48054692,-2.7921457,-3.1070626,-13.895597,-0.50961953,-7.999036,-1.2168676,0.03411074,1.0986553,1.3791722,0.426865,7.4136767,0.44973233,5.5234733,2.204528,15.923901,1.379916,605.2661,0.2865326,1109.6593,0.22770937,-114.385544,-0.8155339,1598.4009,0.15120742,1176.9971,0.21262252,-83.735985,-1.037131,2620.5198,0.10944159,1053.4274,0.2716039,-79.32293,-0.955603,-11.667745,-0.5038372,26.93247,0.21780391,0.023151623,1.2179694,-0.0016961687,-10.899506,0.38087133,1.6104262,20.010567,0.4544115,-3.1804185,-2.8760667,-14.731503,-0.48043194,-9.087418,-1.1662328,-7.7736154,20.703098,0.020892981,0.00093397446,0.18618238,1.1688095,2.8241978,0.23857988,0.28219616,0.1026282,0.096682884,-17.64198,975.966667,1035.866667,engaged
46.569733,0.25556225,32.971455,49.104836,61.025436,28.053982,227.38904,217.92917,203.07109,372.94534,0.38839522,0.40839195,0.2896021,0.33255804,0.4477498,0.1581477,1.5811391,0.8860358,1.9673482,1.4672216,0.095769614,1.0229042,20.176258,0.3100803,-3.7923687,-1.3082728,-14.005331,-0.4609579,-8.329747,-1.2173575,0.035893913,0.9862299,1.4222028,0.33856073,6.0834413,0.5084129,6.8975496,1.6611351,16.983343,1.182133,595.47186,0.27717277,1122.2842,0.18392797,-94.783875,-1.0135452,1580.0558,0.15236771,1225.1868,0.21955982,-67.88602,-1.2371753,2577.0354,0.10226868,1068.0917,0.37013867,-67.493355,-1.0854425,-10.978788,-0.259935,25.035591,0.16765793,0.019126521,1.2211868,-0.00060138514,-25.23314,0.102161035,1.0650799,20.65933,0.3073332,-4.258214,-1.2038783,-14.719877,-0.4532912,-9.364107,-1.1546314,-9.31445,22.389479,0.01216881,0.003416516,0.0777879,0.9925558,2.75,0.2630303,0.3124341,0.09321428,0.08268069,-32.383907,1035.9,1048.0,disengaged
48.43798,0.22629067,38.26734,49.10257,61.026268,22.758926,301.6229,116.12921,115.16641,84.29018,0.5421597,0.5458593,0.34272468,0.44689754,0.77364993,0.43092525,9.86965,5.720232,1.5698231,0.6302342,0.17755002,1.8276061,18.306673,0.28839263,-6.031503,-0.8919074,-9.375605,-0.62941164,-17.362745,-0.94150794,0.042228688,1.2132504,1.58958,0.44136712,6.0928087,0.5374678,5.6076093,2.03544,17.823223,0.6680135,655.15753,0.28485036,1219.2443,0.29261667,-133.28654,-0.6815609,1675.5499,0.16876145,1284.2484,0.3000501,-108.89072,-0.7877926,2607.611,0.117158994,1048.548,0.36908552,-100.39037,-0.8280619,-11.923458,-0.2800521,22.880919,0.16195463,0.03014065,0.80020696,-0.012990195,-1.4842625,0.13115638,0.9368522,19.907555,0.24711238,-6.5639305,-0.80971307,-11.390905,-0.4154343,-21.12066,-0.8426704,-7.287199,16.012318,0.023370855,-0.011308705,0.15974692,1.0752689,3.2967033,0.1622222,0.111033306,0.15285714,0.253079,-24.053442,1048.033333,1050.833333,engaged
40.374065,0.2268356,34.86008,38.16894,43.760437,8.900356,452.95285,941.0471,95.413795,124.90372,1.0866463,0.70077807,0.3604838,0.90511143,1.6993992,1.3389155,16.33756,11.39196,9.283673,5.9531293,0.7440725,1.0120127,25.81673,0.3544063,-1.1690578,-10.266078,-10.169253,-0.9813526,-12.081002,-0.9185301,0.03002676,1.1899376,1.2254462,0.6648394,7.9751444,0.47413352,5.8165474,2.0967925,22.912807,0.6165047,761.32056,0.24169955,1260.0203,0.18134494,-73.49574,-1.1840075,1812.7466,0.14186221,1122.2329,0.25190252,-73.88472,-1.0298752,2882.5137,0.097262606,1047.9994,0.34261897,-77.702705,-0.91477174,-13.332595,-0.6962438,28.51465,0.26858303,0.04517174,0.5715771,-0.017463919,-0.8970898,0.8620048,0.89317185,27.540236,0.30004045,-1.0446602,-12.251841,-10.530637,-1.003763,-13.725976,-0.82983243,-9.54585,21.866226,0.039962593,-0.0062818695,0.4602293,2.419355,3.346856,0.20666665,0.23250502,0.080689654,0.07519773,-13.134681,1050.866667,1060.8,disengaged
48.332745,0.24405189,39.244648,49.07989,61.023926,21.779278,450.77643,661.4226,261.2762,540.29254,0.48075387,0.8379471,0.25115407,0.29266846,0.64515233,0.39399827,5.315821,4.7941937,4.5876203,3.7629814,0.1677055,1.5035847,19.876509,0.36373258,-5.2982564,-1.4433138,-10.307867,-0.6520308,-12.85991,-1.3432772,0.028618483,0.8831291,1.4114915,0.47050285,7.396049,0.44561657,9.818367,1.0541782,18.352007,0.7400067,669.1607,0.26856908,1164.2926,0.18594377,-125.01688,-0.7451173,1741.547,0.15783037,1150.156,0.3138387,-106.498436,-0.8105809,2689.0742,0.11429036,1062.7876,0.35363963,-99.49351,-0.8221523,-11.782356,-0.49411857,23.177,0.25264916,0.0270323,1.0716,-0.013463964,-1.5671529,0.22594741,1.3437375,20.668398,0.3272408,-5.086445,-1.7178675,-10.457028,-0.68785065,-18.137583,-1.0721428,-8.232165,19.595129,0.010626596,-0.0018963704,0.08954227,0.86338246,3.1600409,0.17370968,0.1700781,0.13051724,0.13348669,-25.45472,1060.833333,1080.533333,engaged
47.38472,0.2716284,33.090225,47.320564,61.007,27.916775,372.71295,540.60187,185.88628,279.92828,0.37925616,0.8707899,0.2319341,0.28281853,0.473428,0.24149391,6.814795,8.975948,3.0624163,5.675269,0.12154458,2.166918,21.150846,0.31390932,-4.262417,-1.618059,-11.092542,-0.7120778,-6.1437244,-1.8942426,0.033876937,1.1928738,1.484611,0.4034084,6.3069353,0.55199647,6.682466,1.7525165,17.48801,0.89407736,645.5375,0.27755144,1197.0785,0.20663358,-140.01202,-0.63507384,1657.5137,0.1260705,1185.4823,0.23776425,-120.50843,-0.7309065,2667.426,0.102302335,1121.7017,0.35048515,-114.781876,-0.7247777,-10.925421,-0.39645442,25.187803,0.20689401,0.02256609,1.1825374,-0.0069673904,-2.3260286,0.16101633,2.192391,21.982382,0.3039296,-5.8848896,-1.2777982,-14.082599,-0.5841,-9.4873705,-1.3164189,-8.894816,20.801188,0.014770431,-0.0018873602,0.084241234,0.2094378,2.9529235,0.15713969,0.17806306,0.17549637,0.36871555,-27.341824,1080.566667,1233.366667,disengaged
44.20944,0.24583562,36.799656,37.224743,60.294056,23.4944,11.890107,0.0,487.16388,0.0,0.35313115,1.0263481,0.19438288,0.2214645,0.36400226,0.16961938,4.3856297,3.5700777,1.1504388,6.6183796,0.16547647,2.3703363,15.525379,0.2721726,-1.5455755,-4.7037296,-7.367841,-0.9146038,-1.4104123,-4.5108624,0.041098766,0.5927118,1.5404129,0.26938555,4.5328345,0.6301901,0.5818826,18.785418,18.97324,0.22071685,644.23425,0.35504916,1240.013,0.20483708,-194.70377,-0.16328323,1653.3298,0.18958022,1136.6033,0.3098988,-189.12668,-0.2202094,2734.0896,0.11102793,1003.6511,0.15956134,-189.98459,-0.20381415,-2.9821444,-2.2449217,23.742945,0.09866913,0.046908457,0.61831415,-0.015524914,-0.7682327,0.9433009,0.83375174,22.72206,0.14284638,-13.006813,-0.44865617,-21.574303,-0.23394252,-13.129076,-0.60977554,-7.0429215,18.740871,0.00552174,0.003324757,0.08752534,0.754717,1.1673152,0.043333333,0.020548046,0.78666663,0.8117608,-24.933437,1233.4,1236.066667,engaged
36.19362,0.13802916,34.50081,36.84405,38.280273,3.7794647,353.87466,611.32416,336.84732,544.29126,1.109576,0.70842,0.35926786,0.9203504,1.7214886,1.3622208,13.458028,7.8041296,11.105981,6.991677,0.73589003,0.9761002,26.157139,0.32564977,1.1612105,10.226982,-15.562041,-0.67180693,-11.662667,-1.1144066,0.021886913,1.2653474,1.1309148,0.5616239,7.1970043,0.543561,2.2844186,5.1031923,24.40298,0.64032614,764.97705,0.2506949,1308.5325,0.16427268,-73.02478,-1.2137746,1789.1268,0.15629795,1190.2325,0.23231375,-75.463356,-1.0726908,2878.1072,0.09410048,1036.4327,0.27821383,-82.87844,-0.91252387,-9.936143,-0.99013984,29.08826,0.22037454,0.055215895,0.35093027,-0.0170432,-1.0107367,0.9668977,0.7621213,28.796225,0.24132328,0.96323884,13.46526,-16.687729,-0.6486546,-13.8308,-0.98969835,-8.536883,23.06018,0.017182922,-0.0062155565,0.2342438,2.450091,2.6435735,0.25103447,0.26938432,0.12833333,0.20370866,-14.186672,1236.1,1247.133333,disengaged
40.271744,0.18813264,38.20498,40.908127,43.853172,5.6481934,163.3919,166.60167,580.79987,890.8227,0.40518564,0.9771055,0.20496872,0.2279941,0.5236024,0.3186337,3.0085645,2.8012114,2.1540256,1.2613515,0.16316833,1.7318851,18.819351,0.3440958,-0.6085129,-12.886944,-13.189838,-0.5825833,-10.810735,-1.204135,0.034862474,2.0215025,1.0188196,0.6772021,7.8946867,0.5137085,5.5882497,1.7778236,25.385937,1.095204,800.5324,0.20911215,1295.7369,0.14914462,-160.0034,-0.4942333,1803.9427,0.12439084,1188.4054,0.31680515,-157.43863,-0.48300877,2877.5796,0.08335319,926.15247,0.43733922,-159.26186,-0.45292965,-13.544275,-0.45893112,27.893026,0.20995454,0.03861962,0.62636834,-0.025779756,-0.78652155,0.45944828,0.8590242,23.38507,0.31933373,-2.2016742,-5.8617277,-20.153526,-0.5361087,-28.969435,-0.4714103,-8.507757,22.501366,0.0009757191,-0.0010758429,0.064831495,0.7874016,1.3590034,0.16833334,0.15555456,0.5981818,0.55763817,-25.48003,1247.166667,1256.066667,engaged
37.98171,0.10885223,34.980183,37.043076,41.776413,6.7962303,126.7132,136.8838,27.783379,24.520937,1.0778916,0.6508068,0.5173047,0.9108786,1.5057278,0.98842305,14.075203,9.26489,8.316585,4.324252,0.7076561,0.9416883,23.546745,0.45121244,3.277598,3.59617,-15.682337,-0.69698846,-13.229542,-0.76657903,0.0273883,1.2119354,1.2108977,0.44910154,6.7421885,0.51634854,5.1678557,2.0195928,30.234056,0.2981835,772.3734,0.2541722,1341.2378,0.15574062,-85.84803,-1.0869694,1789.0253,0.15207055,1148.2423,0.22809131,-86.58494,-0.97792435,2915.7598,0.091432266,1024.8278,0.3554465,-94.058,-0.838536,-10.676753,-0.78323853,27.707338,0.26812005,0.06065434,0.34703794,-0.016278561,-0.8068351,0.93015957,0.74908555,26.508112,0.3612302,3.1893697,3.8822021,-16.587486,-0.7101549,-15.769852,-0.5943692,-7.6763196,20.17886,0.040236227,-0.009190755,0.32926214,2.677532,2.2274327,0.2731579,0.24548669,0.17411764,0.16929121,-15.885787,1256.1,1264.7,disengaged
35.883495,0.089082964,34.38197,35.856846,37.76668,3.3847122,191.14168,155.35277,33.666973,17.621855,1.1561513,0.597026,0.588073,0.99419886,1.6942892,1.1062162,20.258396,15.054967,8.465854,3.599463,0.82739186,0.8752422,23.726517,0.49085596,4.290765,2.90672,-16.889559,-0.6993266,-11.268632,-0.8947672,0.031648215,1.8537863,1.2536818,0.5373589,6.7239013,0.5000596,2.7607684,3.503091,27.200258,0.36010233,785.6734,0.23871212,1311.8812,0.21202812,-85.88632,-1.0828404,1839.4838,0.1505209,1100.4202,0.20120858,-88.38449,-0.9614955,2970.6897,0.09873153,1012.4389,0.22863586,-95.26017,-0.8337773,-10.655916,-0.95900124,29.784775,0.24124934,0.057420444,0.2845696,-0.018870212,-0.7828558,1.1125513,0.58014876,29.056698,0.26904628,4.1435356,3.3339767,-15.456474,-0.814331,-15.075512,-0.6108899,-6.653145,19.454834,0.03180009,-0.004595185,0.27010182,2.9239767,2.3809524,0.25125,0.08283077,0.19833334,0.28032225,-14.691805,1264.733333,1268.166667,engaged
37.60482,0.0895233,36.0847,36.98208,38.998512,2.9138107,95.43933,67.933685,186.32321,170.40355,1.0832969,0.54473156,0.5630381,0.9253612,1.5772488,1.0142107,13.1297655,6.3151083,9.642275,3.9482372,0.71815246,0.8088054,21.895832,0.4379007,2.054886,4.26104,-15.941413,-0.74744666,-19.408316,-0.5005759,0.048832074,2.0695763,1.2347096,0.54292107,7.158282,0.4580892,0.3986275,22.669893,25.811096,0.33757237,762.5422,0.24724619,1373.4407,0.14253272,-79.518425,-1.1283053,1770.571,0.16129017,1225.4263,0.20893684,-78.36809,-1.0302545,2849.325,0.09764213,1103.9474,0.39059827,-85.532875,-0.88704085,-11.135473,-0.5766304,27.873167,0.22894502,0.05432866,0.36515656,-0.024456171,-0.40696982,0.9224311,0.6299211,25.642248,0.26957375,1.8333268,4.6846237,-18.120703,-0.6639834,-19.911541,-0.45527393,-6.991124,19.48321,0.035366703,-0.018807253,0.37016916,3.301887,3.3816426,0.18857142,0.23399809,0.118,0.10457533,-16.105103,1268.2,1270.333333,disengaged
37.344563,0.04134479,36.42378,37.51806,38.666862,2.243084,99.092995,149.53807,19.85715,11.661624,1.4292771,0.46883765,0.7914217,1.2410614,2.1944108,1.4029891,17.058023,10.459015,5.093222,7.0914054,1.0791082,0.5533493,32.16721,0.21604174,4.9187746,2.497155,-10.829349,-1.1673793,-17.470078,-0.38909274,0.019102601,1.0252771,1.1797001,0.6821831,8.8621435,0.48876444,-0.80277294,-11.701375,25.291162,0.30989885,812.62646,0.17916268,1251.7439,0.16750145,-51.175663,-1.4318749,1877.1729,0.13258283,1146.1288,0.2633325,-60.281876,-1.0757169,2969.1387,0.07609119,1044.404,0.27782118,-67.79382,-0.89244103,-14.28582,-0.5535435,31.787462,0.21496949,0.0513718,0.2968159,-0.024003869,-0.43756458,1.2053916,0.48968178,31.877354,0.20802161,2.8156865,4.553442,-12.446754,-1.0704533,-17.721598,-0.34476855,-16.628134,30.926666,0.056905504,-0.0252294,0.52303004,5.504587,3.8834953,0.19749999,0.072929755,0.056666665,0.026246693,-11.131621,1270.366667,1271.466667,engaged
35.49714,0.051752653,33.14792,36.54275,37.08398,3.9360619,23.93811,9.855099,26.613457,2.5190907,0.4413499,0.6950922,0.16748798,0.35047692,0.77052414,0.60303617,6.0915837,5.334,3.7492666,2.2591634,0.36658883,1.5465926,20.814592,0.5556781,20.413923,0.5370573,-1.8262773,-4.390364,-5.8419747,-1.717904,0.03136055,0.68438715,1.4343439,0.5333627,7.20318,0.47269997,14.959498,0.43251273,37.535137,0.17096469,735.10583,0.26705295,1490.4565,0.11641517,-131.90332,-0.6442512,1898.902,0.1448147,1279.1593,0.23341975,-136.60265,-0.5416283,3004.3616,0.09960109,1255.6562,0.1609792,-137.22696,-0.5341361,-24.665916,-0.2429722,35.603165,0.24409589,0.062057123,0.2099224,-0.027019935,-0.27296194,0.86779314,0.83113104,31.307816,0.27234387,26.543056,0.2225837,4.2717385,1.234901,-14.932779,-0.5308614,-10.604486,20.13151,0.0175809,-0.0049845674,0.07665078,1.6393442,3.4188035,0.107499994,0.11211043,0.32,0.28,-19.951828,1271.5,1272.733333,disengaged
41.716835,0.19745988,36.813465,41.094982,49.688015,12.87455,311.36694,573.9761,127.957146,148.10342,0.30468035,1.2331412,0.13701643,0.16331284,0.30206266,0.16504623,10.355657,8.872374,5.6887274,6.608922,0.15877241,2.5221431,20.577368,0.27112576,6.2336802,1.1639602,-2.146349,-3.6452603,-6.0809875,-2.7508097,0.033816118,1.5637422,1.180711,0.6624621,9.61211,0.43855536,11.439198,0.8356624,22.877056,0.56721985,774.72363,0.25136793,1282.0979,0.13668138,-175.82756,-0.3559129,1862.6862,0.16168575,1088.675,0.31079286,-172.46086,-0.36126566,2874.5144,0.09039233,909.9907,0.36148533,-172.89163,-0.35505512,-17.205048,-0.3921629,27.792225,0.3039082,0.051183842,0.5127931,-0.030482892,-0.44917652,0.6859056,1.0338477,23.921024,0.3615306,7.6718926,1.1370497,-6.3644814,-1.7683917,-33.26908,-0.6413016,-10.348434,22.80457,0.000656805,0.001674322,0.05228591,0.72751325,0.7304117,0.22,0.13987006,1.1290909,1.7123108,-21.731085,1272.766667,1287.9,engaged
36.23463,0.091733605,34.715057,36.532234,38.000736,3.2856789,174.95857,206.95055,90.72836,194.51227,0.97964835,0.68992907,0.36144322,0.85851145,1.5442563,1.1828132,12.890937,8.1189375,8.450559,4.618642,0.6236865,0.8984695,25.644793,0.4361878,8.782072,1.3517889,-10.87369,-1.0536833,-15.172256,-0.84259534,0.022505974,1.833721,1.1924559,0.6047086,8.267245,0.42438495,4.708119,2.3018262,31.270405,0.4780428,777.1131,0.22518618,1374.2225,0.17851713,-94.854004,-0.98439485,1823.3286,0.14983284,1226.9153,0.25492042,-98.2186,-0.8613398,2948.9487,0.093058385,1044.7235,0.2652564,-103.90346,-0.7660326,-14.50311,-0.5508435,31.011461,0.2551248,0.061485015,0.3000733,-0.024856115,-0.52514136,0.9263054,0.572353,31.079172,0.28252372,8.434566,1.4026802,-13.054651,-0.9179006,-20.039865,-0.5109184,-9.992645,21.037195,0.02653577,-0.009291634,0.21160533,2.4936388,1.9397652,0.2905263,0.26610196,0.22171429,0.32215774,-15.192063,1287.933333,1307.6,disengaged
36.383846,0.20680967,27.136898,38.20984,42.98606,15.849163,122.03189,84.779655,407.81946,841.72516,0.31524825,0.97540456,0.11464454,0.1854771,0.44430506,0.32966053,3.7063177,2.4723752,2.5150502,2.0080018,0.110128395,1.6276902,20.205889,0.41298553,11.891563,0.7264848,-0.39772215,-27.97204,-12.236613,-1.4363557,0.030544424,2.1630545,1.1078212,0.69540656,7.7615967,0.5953251,4.7979984,2.8031702,26.490292,0.5142061,731.6134,0.24382211,1338.7454,0.1604231,-141.07852,-0.62772083,1804.6726,0.14884219,1076.4927,0.32709277,-140.89304,-0.5844394,2878.7239,0.08518575,924.42236,0.33941895,-142.66231,-0.5599174,-16.952328,-0.3166363,27.324389,0.22745128,0.04520924,0.50131917,-0.030548736,-0.60799617,0.23028666,1.0325501,24.696857,0.31072208,9.260327,1.1766564,-8.397597,-1.5237457,-28.501373,-0.5726319,-12.581846,23.39279,0.009247987,-0.0072816224,0.050597478,1.1146964,1.821922,0.17306451,0.17726952,0.36766666,0.59025234,-27.739607,1307.633333,1341.733333,engaged
36.932877,0.21246433,29.202541,36.12441,44.613235,15.410694,149.57909,262.05176,215.62094,374.44794,0.34508473,0.7992177,0.13030289,0.25018322,0.5277838,0.3974809,3.5279078,2.6090002,1.9386256,1.7280588,0.11781767,1.2986398,20.085207,0.37492,8.441247,1.2374613,-4.2950926,-2.8484013,-10.191558,-1.4489249,0.026029283,1.5403496,1.2046491,0.5581575,6.634739,0.6253152,2.7806358,4.369337,23.78781,0.4232193,698.38684,0.30269694,1357.5973,0.16573454,-133.29,-0.6907409,1732.8794,0.16440807,1118.8087,0.28616154,-131.65236,-0.66181666,2788.2986,0.100268856,1002.4738,0.34380287,-134.64432,-0.6181123,-12.39925,-0.500183,25.613222,0.25657097,0.047456305,0.44005537,-0.024693053,-0.5978299,0.2098812,0.8521397,24.893475,0.2604611,2.6432712,4.293334,-12.6285925,-0.96993357,-20.614586,-0.76398224,-11.645966,22.168676,0.01098412,-0.0073153535,0.06346018,1.2239902,1.7769608,0.20022988,0.17753083,0.371875,0.5385095,-29.410418,1341.766667,1390.8,disengaged
36.92126,0.15210143,30.980696,37.75579,41.47163,10.490934,78.662895,262.03094,198.29356,349.24905,0.48332965,1.0040793,0.12457881,0.2972992,0.7662133,0.64163446,7.3384748,7.6026263,5.209462,5.7446156,0.21113756,1.7887852,19.63149,0.47789878,9.200353,1.2682236,-4.4208117,-2.9334545,-12.88753,-1.3693825,0.021227801,2.0740032,1.0172447,0.6866675,8.229061,0.56485623,5.2066317,2.199418,25.40715,0.5084652,731.8714,0.27063245,1330.5076,0.16823673,-123.06416,-0.77202964,1801.2931,0.15905142,1089.9725,0.32243124,-122.40621,-0.7261302,2869.9539,0.09470241,942.558,0.3527884,-125.2193,-0.6834263,-13.949235,-0.51271653,26.171375,0.28787446,0.05202611,0.40772334,-0.027698526,-0.61279154,0.39578635,1.2199764,25.005516,0.31341285,4.7623343,2.8332825,-11.367592,-1.1777517,-26.584417,-0.60901433,-10.887399,21.324224,0.009300101,-0.0053170235,0.07404559,1.0740815,1.4262756,0.29070422,0.27361852,0.41305968,0.5193469,-22.052225,1390.833333,1490.466667,engaged
40.095043,0.23087285,29.402153,41.87239,47.229584,17.82743,52.907616,44.332977,83.60698,124.510086,0.25653705,0.7580857,0.11086655,0.17695175,0.3966168,0.28575024,3.312909,3.498812,1.52312,2.0284855,0.080241084,1.2313138,21.823011,0.29748017,8.913603,1.1215647,-2.7980134,-3.6717486,-7.342378,-1.7550864,0.02991966,1.6475787,1.1887429,0.5908724,7.594205,0.5386443,7.5608044,1.4371256,25.597094,0.34784704,739.5618,0.28935668,1349.8352,0.23172203,-161.82587,-0.4690531,1784.9066,0.17557363,1133.2482,0.27167395,-157.38136,-0.47673118,2858.4873,0.09625659,995.355,0.33113095,-159.30653,-0.44871536,-13.16126,-0.5178509,27.820568,0.20819005,0.035879705,0.6188673,-0.019899234,-0.808662,0.15437475,0.80974525,26.31124,0.19831781,3.4321084,3.2976701,-12.142324,-0.9509161,-21.377625,-0.5878976,-12.367085,23.922136,0.007889645,-0.0068660057,0.056923945,1.3360741,1.2358394,0.18666665,0.16206995,0.6194285,0.7522497,-34.12474,1490.5,1519.7,disengaged
26.642546,0.0037398865,26.554918,26.643663,26.730621,0.17570305,0.06324053,0.0,0.0,0.0,0.19490746,0.30398583,0.14466926,0.17736302,0.2324473,0.08777803,1.399515,0.9046433,1.281282,0.74859554,0.053029675,0.6267596,23.178032,0.22596063,9.577919,0.6886393,-1.1137357,-5.5938106,-6.1469893,-0.938991,0.016989289,0.4174258,1.8549238,0.5240988,2.7652383,0.23481259,-5.6202264,-0.6734609,16.903748,0.1991617,567.56134,0.121399544,1260.6962,0.017733162,-195.1418,-0.1643258,1657.8741,0.02704039,948.9964,0.02036791,-195.38777,-0.15741172,2812.8293,0.012886411,910.7039,0.06931578,-195.77127,-0.14617798,-12.688322,-0.09328938,24.500277,0.037897974,0.050764807,0.21444556,-0.031365898,-0.033803046,0.08132151,0.07621187,31.706108,0.018178677,-0.46782047,-3.6479256,-7.1163344,-0.33711335,-5.565503,-0.34671745,-12.079192,23.471243,0.0186462,-0.011098262,0.052440196,5.5172415,0.71428573,0.03,0.0,1.35,0.0,-42.914143,1519.733333,1521.2,engaged
0.0,0.0,0.0,0.0,0.0,0.0,0.0,0.0,0.0,0.0,0.2535769,1.306214,0.10320222,0.12988374,0.3319826,0.22878039,5.2023273,6.3033676,3.1677842,2.092571,0.10719276,2.6124423,21.120693,0.2567601,9.7558565,0.8903753,0.44014695,13.922363,-2.0245533,-3.1869643,0.0,0.0,0.0,0.0,0.0,0.0,0.0,0.0,0.0,0.0,0.0,0.0,0.0,0.0,-201.0,0.0,0.0,0.0,0.0,0.0,-201.0,0.0,0.0,0.0,0.0,0.0,-201.0,0.0,0.0,0.0,0.0,0.0,0.0,0.0,0.0,0.0,0.0,0.0,0.0,0.0,0.0,0.0,0.0,0.0,0.0,0.0,-11.992107,24.43442,0.0031382048,-0.0036700806,0.10918334,0.74404764,0.0,0.0,0.0,6.6499996,0.0,-30.601902,1521.233333,1527.966667,disengaged
37.032017,0.09711131,36.9999,37.911057,38.429592,1.4296913,123.274956,57.4888,13.773382,4.075332,0.6023614,1.5178792,0.09685158,0.10430389,1.0234778,0.9266262,14.436903,19.43804,13.005556,4.7188616,0.3784312,1.9266933,21.41179,0.31222558,9.609627,1.4879751,-4.4309206,-2.6940563,-2.747635,-2.6563663,0.022109099,0.82480955,1.0565099,0.6369176,7.6487823,0.5017604,-4.0559473,-2.3690422,19.446053,0.5712136,742.4119,0.2769627,1336.0607,0.16927117,-164.59229,-0.43215227,1750.5231,0.15271842,1223.4249,0.15546429,-160.88644,-0.44654712,2820.6362,0.11102705,1041.5912,0.18026151,-163.1832,-0.41475907,-11.935243,-0.65349436,27.516441,0.3237233,0.049380157,0.54276043,-0.0162675,-0.76563925,1.3034632,0.71066254,26.8791,0.33165964,-1.0599958,-13.764733,-14.404173,-0.6750193,-11.340475,-0.7329773,-13.441468,26.658215,-0.00017157765,-0.0002666809,0.08141077,1.2158055,1.8575851,0.11,0.12165525,0.4083333,0.5047579,-16.54773,1528.0,1531.3,engaged
34.92307,0.08460943,33.804493,35.598465,36.56679,2.7622986,171.71437,135.14085,23.452927,9.6371565,0.94959587,0.5884815,0.4134767,0.8291421,1.5553253,1.1418486,8.693142,6.3776617,7.424272,2.3464916,0.6003322,0.8922517,24.421686,0.32874176,5.266969,1.6232332,-10.478353,-1.0932242,-15.041347,-0.8274121,0.017881561,0.7685101,1.10372,0.45671898,6.8867354,0.3491369,8.701097,0.8588291,33.292408,0.2316723,846.2885,0.15274209,1276.0624,0.1371054,-105.243164,-0.89730185,1896.5022,0.12548123,1191.2817,0.2142023,-111.22118,-0.7719463,2997.848,0.074424356,1005.6142,0.2252085,-115.72964,-0.70414263,-10.969909,-0.636055,28.951729,0.18915357,0.06917563,0.26066956,-0.020446451,-0.69146,0.9932765,0.50963026,29.647219,0.20972262,5.8101945,1.5803117,-16.045504,-0.657423,-18.303833,-0.59701157,-8.720114,16.767433,0.031989723,-0.018711165,0.25114077,3.7037036,2.7173915,0.174,0.16280048,0.174,0.12515591,-17.932419,1531.333333,1533.233333,disengaged
37.79662,0.19755673,33.37426,37.418274,43.72455,10.350288,132.0741,334.01694,232.87259,461.53772,0.4677912,1.2086723,0.10880615,0.18606305,0.79591775,0.6871116,10.29789,9.0459,6.180674,5.6443987,0.25516823,1.803125,20.965633,0.44535235,10.367464,1.0019351,-2.8439338,-4.208675,-7.925623,-1.8610715,0.026449924,1.8492712,1.1058826,0.6867191,8.191632,0.5069057,7.677861,1.6595707,27.558666,0.5255745,784.35583,0.23853558,1329.998,0.18180923,-148.25536,-0.56518155,1842.9186,0.14648098,1145.2164,0.31808233,-146.51443,-0.5423517,2919.903,0.08847513,1018.9814,0.32248354,-148.82837,-0.51018804,-13.685991,-0.5997803,28.771923,0.27117106,0.05246987,0.4617395,-0.0220962,-0.77596664,0.64200395,0.92857736,26.883968,0.33672184,5.507027,2.4446948,-11.048197,-1.2513803,-21.055046,-0.73397195,-12.071158,23.446974,0.007684445,-0.0047032954,0.08635115,1.1959423,1.7094017,0.16931249,0.18467571,0.42965987,0.63441694,-19.734709,1533.266667,1626.933333,engaged
36.38297,0.13162467,33.962402,37.687683,39.895767,5.933365,90.90124,85.93827,578.12115,905.38385,1.0516716,0.784854,0.28793162,0.9079135,1.517805,1.2298734,9.993634,5.79593,10.028995,7.225232,0.6838364,0.95598626,24.599497,0.3819252,9.232329,1.5135773,-12.426335,-1.0564867,-11.784461,-1.3811496,0.023385381,2.040342,1.0063535,0.6834563,8.0990715,0.45304433,-1.1061202,-9.7469425,26.094213,0.43810007,783.12225,0.22869296,1372.5879,0.17244348,-103.7826,-0.8923136,1829.7606,0.14295872,1290.684,0.28898224,-104.68083,-0.8071436,2907.5398,0.087168075,1029.567,0.23178956,-109.416954,-0.7315952,-13.746451,-0.5887895,29.312132,0.25958228,0.055602092,0.4351219,-0.021031942,-0.70723045,0.9924979,0.69651943,27.673208,0.28449118,5.5395155,2.7746387,-13.585005,-0.88137007,-14.977497,-1.0292919,-11.684747,22.88367,0.043246813,-0.014814237,0.33721006,2.507837,2.8753996,0.17888889,0.15630771,0.14888889,0.12617838,-14.430948,1626.966667,1630.166667,disengaged
35.699905,0.10242583,34.804665,35.87053,37.81799,3.0133247,372.3279,481.65848,53.739967,34.563164,1.0560971,0.64762634,0.45391235,0.97507876,1.5674012,1.1134888,17.389849,9.213247,7.2630024,5.181334,0.7400198,0.8629107,28.754816,0.3409966,6.5296474,1.8593132,-11.416232,-0.96790165,-13.396523,-0.89527154,0.026824031,1.6255968,1.1987802,0.57963896,7.9025574,0.47889653,6.027899,1.5786517,32.057003,0.3245138,781.1168,0.24226882,1338.1577,0.1603283,-85.21738,-1.0694687,1830.8633,0.15053952,1244.3284,0.2491979,-89.214226,-0.91697925,2936.5774,0.08603399,1062.2401,0.2635668,-95.595535,-0.8040909,-12.987866,-0.6676218,32.045,0.23734204,0.06516017,0.25941354,-0.0199124,-0.5313022,0.992033,0.5850577,32.378254,0.24250673,7.449542,1.6666588,-12.894912,-0.8152531,-16.946781,-0.5838798,-9.876817,22.392132,0.030513195,-0.012317532,0.2800924,2.7826087,2.2887325,0.2676923,0.20027496,0.17636363,0.21261455,-14.679187,1630.2,1635.966667,engaged
36.52889,0.039341982,35.287033,36.424637,37.853455,2.5664215,9.016823,6.6337357,14.432919,2.6849332,1.4734911,0.5464057,0.6373341,1.3782883,2.1752489,1.5379148,13.047811,6.311286,13.37646,8.805031,0.9602471,0.7260758,27.231699,0.29076707,2.5598342,6.04581,-12.607414,-1.0036407,-17.76025,-0.61711603,0.012535909,0.87779653,0.9687351,0.6293348,8.793659,0.38284832,-2.344816,-5.2071486,26.872982,0.52336043,793.41986,0.21380204,1378.1671,0.13903952,-71.08898,-1.2581803,1790.8712,0.13156793,1313.6495,0.25883472,-77.90715,-1.0397543,2882.1587,0.078222506,966.41504,0.22580087,-84.846954,-0.8944878,-10.911728,-0.9123748,30.01129,0.21736948,0.06058739,0.28389814,-0.023857959,-0.6061467,1.1714633,0.5743146,29.489311,0.22792523,1.930079,8.552756,-16.599089,-0.69821024,-18.95667,-0.56192815,-9.333058,22.355755,0.037156157,-0.00978913,0.5366836,3.3557048,1.4084507,0.48,0.14,0.13666667,0.07408704,-12.759076,1636.0,1637.5,disengaged
35.77256,0.10727719,34.1363,36.659977,38.481018,4.344719,115.81031,91.140686,80.493286,56.908897,0.5964794,1.2993952,0.09516512,0.23163095,1.0049738,0.90980864,15.174414,10.831411,11.7441225,7.919211,0.39827165,1.7108787,23.280313,0.3704005,8.937896,1.4456668,-2.7019072,-4.2468243,-6.178461,-1.6309865,0.030819805,1.8563553,1.0936953,0.65736324,8.128782,0.4416255,3.8242798,3.5533075,27.830505,0.44446835,808.8006,0.19992913,1329.2454,0.15581007,-151.77882,-0.5346946,1892.4886,0.13155484,1159.4443,0.24969983,-150.96405,-0.51170546,2982.8357,0.08569089,1032.387,0.24356726,-152.78358,-0.48575538,-15.397404,-0.52221215,30.257586,0.2665137,0.053797856,0.42527542,-0.021467961,-0.6321323,1.1397437,0.6981162,28.047861,0.29013327,8.502455,1.9441624,-9.333758,-1.2926872,-15.391352,-0.71519315,-11.946047,24.475878,0.0018494817,-0.0026844887,0.10606867,1.2315271,1.3630731,0.19999999,0.21494184,0.51363635,0.60962397,-16.365252,1637.533333,1645.666667,engaged
37.061657,0.086073235,35.037743,37.06632,38.557346,3.5196037,107.56971,114.868965,102.74795,145.35956,1.1297933,0.66168165,0.4434396,0.9910962,1.6896424,1.2462028,15.585403,9.567979,8.241483,4.4503827,0.81938726,0.87446,25.363577,0.4232435,2.5906703,5.6216664,-11.404646,-1.0208591,-12.496449,-0.9536729,0.026972206,1.6336626,1.2172941,0.6125309,8.015733,0.4654144,4.527094,2.4991047,28.180607,0.49550277,767.83496,0.2498327,1339.8774,0.16638437,-87.00616,-1.0343091,1817.2961,0.1579806,1186.7756,0.24142632,-87.118454,-0.94262254,2920.5476,0.10084167,1058.9823,0.28797475,-93.7518,-0.8218626,-13.197871,-0.76960176,30.666534,0.24709998,0.05953511,0.31955102,-0.020720173,-0.7906423,1.0852321,0.61264515,29.820047,0.28677368,5.0013223,2.8003416,-11.53957,-1.0554842,-15.70718,-0.6695721,-5.091726,19.796333,0.028198853,0.0025013622,0.35339996,2.8685791,2.2757697,0.27235293,0.23165719,0.1825926,0.20726782,-13.777893,1645.7,1660.7,disengaged
30.8721,0.2115031,25.938532,28.163214,37.48811,11.549578,217.98538,386.07632,180.51306,191.3068,0.34156373,1.3281657,0.11207242,0.18145478,0.37918547,0.26711303,7.657687,10.950621,5.9819565,5.6582966,0.17324494,2.1777155,27.008419,0.2997904,10.441256,0.80128604,-0.30689582,-30.007555,-8.367386,-1.5085851,0.01813805,1.5635794,1.1195445,0.60071516,6.479248,0.5190894,1.6452008,5.0792913,28.806377,0.42883822,719.80707,0.26077968,1396.1815,0.15168533,-127.197365,-0.7280292,1774.148,0.146474,1194.1769,0.27743647,-131.26566,-0.64739084,2860.3796,0.086097404,1026.2123,0.3364459,-134.07104,-0.6072814,-18.171648,-0.26642346,30.133547,0.20053102,0.05283194,0.40249807,-0.024953445,-0.51519734,0.34341788,1.5394292,31.88925,0.19860086,11.021019,0.79471755,-2.2676828,-4.9568458,-16.729494,-0.7642849,-13.483634,25.80503,0.012060417,-0.0071107144,0.061204653,0.9490509,1.7535071,0.212,0.17520273,0.3806452,0.47961634,-19.974577,1660.733333,1680.766667,engaged
34.85114,0.21655878,26.81387,36.353966,41.43656,14.622692,182.44763,375.48557,126.676834,238.10733,0.4635645,1.615011,0.09706648,0.16320245,0.51220983,0.41514337,11.407686,9.741179,8.09767,7.163587,0.24783206,2.1321728,26.041616,0.29137072,9.874756,1.1457335,-2.5849192,-4.3091598,-7.786798,-1.707845,0.025812184,1.59285,1.188847,0.56169045,6.3013105,0.63752323,3.0837693,3.4303117,25.632387,0.49127254,715.53436,0.28484845,1372.3961,0.17507596,-129.37115,-0.7055945,1752.5736,0.1695145,1194.968,0.27668944,-128.09132,-0.6753596,2839.2273,0.09683038,1028.3999,0.30592972,-131.28905,-0.62891334,-13.957651,-0.6367632,27.634695,0.2694521,0.048296895,0.50172746,-0.018190816,-0.85124815,0.52415437,1.3943206,27.862564,0.3028885,5.9700303,2.390733,-7.4131975,-1.7358631,-16.405842,-0.8386201,-14.487906,27.370176,0.008575053,-0.005441955,0.06390771,0.6735267,1.7415731,0.22139785,0.26067564,0.34355557,0.5164886,-19.470833,1680.8,1734.266667,disengaged
32.384396,0.24256632,25.665958,31.305141,38.75933,13.093372,111.178314,118.8322,214.22035,256.1761,0.15666059,1.031054,0.0859777,0.092244364,0.19954664,0.11356893,3.453762,3.088079,2.8835053,3.2246199,0.048140645,2.3043087,25.551008,0.26627088,12.726136,0.43435442,2.3511546,3.0987573,-2.5533242,-4.2163925,0.026727362,1.0576512,1.2791225,0.49115688,5.56447,0.575995,4.536298,1.823888,27.124384,0.32373437,765.658,0.23723862,1341.0426,0.15788502,-176.19019,-0.34554332,1870.4905,0.14765926,1105.7966,0.26219407,-176.41376,-0.32737067,2903.6887,0.08768053,1015.9518,0.30678982,-177.05527,-0.31771502,-17.077824,-0.26955965,28.282026,0.2176794,0.03734429,0.7975626,-0.022181697,-0.7767708,0.16923164,1.4424745,27.793615,0.21583232,10.052778,0.79360664,-1.8122082,-6.6601214,-15.832802,-1.1464262,-15.38351,28.998316,0.00073632866,-0.0042787385,0.028837532,0.5265005,1.6174403,0.07586956,0.0824773,0.5219565,0.7431766,-34.572285,1734.3,1762.8,engaged
35.60148,0.18586677,28.964136,36.34929,41.47244,12.508303,194.44029,304.9242,180.64444,322.76096,0.26454148,0.9057328,0.09552109,0.16613533,0.40709323,0.31157213,2.8357892,2.2889915,1.517399,1.161521,0.08723591,1.2986714,25.712948,0.2840275,8.109093,1.1935625,-2.0964503,-5.563383,-7.019099,-1.8643463,0.029843854,1.787179,1.2684028,0.54965985,5.883371,0.62856346,2.6435015,4.00674,25.669722,0.5195148,737.0372,0.26162705,1378.8162,0.1565765,-149.2096,-0.56280804,1760.7194,0.15453887,1161.4893,0.29105303,-146.71759,-0.55317783,2854.1619,0.091080725,990.3375,0.35660997,-149.45616,-0.5146529,-13.169711,-0.486872,27.166346,0.23605584,0.039653067,0.590925,-0.02127774,-0.70315313,0.16837451,0.8122436,28.50391,0.23269999,3.3614087,3.1118898,-10.567435,-1.2556208,-18.312834,-0.7366597,-13.824785,26.372068,0.006804492,-0.0070698587,0.054162268,0.97692025,1.8817205,0.1462987,0.15228115,0.38445204,0.53144276,-32.740982,1762.833333,1844.733333,disengaged
33.794777,0.22329053,23.110828,38.182114,40.78968,17.678852,308.9366,0.0,133.69269,0.0,0.265154,1.7519339,0.10414396,0.12886211,0.27888426,0.1747403,2.1094363,1.9948684,4.437407,4.2865195,0.15125729,3.4884336,21.64755,0.22792545,7.443252,1.3418224,1.4184778,6.469329,-1.3072116,-3.8645036,0.08377531,1.5848941,1.548636,0.5136877,5.6889153,0.48799568,1.2545563,5.2544427,25.787975,0.5097501,896.5315,0.12600778,1191.7496,0.16402054,-192.3946,-0.20010027,1906.719,0.10769889,1252.5603,0.14216274,-192.76187,-0.18683988,3009.4766,0.051384963,1110.2434,0.11705054,-193.14323,-0.17749776,-8.273788,-0.8149171,32.258812,0.19562452,0.042900547,0.31820855,-0.0063348217,-1.9041498,1.5889794,0.8243576,31.424253,0.2114512,-3.0513616,-3.2089288,-12.917295,-0.5736365,-4.8292212,-1.4563767,-11.818643,24.927052,-0.0041172956,0.001217086,0.08288536,0.47393367,0.47961628,0.085,0.005,1.3166667,1.6305487,-22.42529,1844.766667,1849.0,engaged
38.232155,0.12936446,34.837288,37.01175,39.55213,4.7148438,66.16436,39.25502,30.387707,26.918299,1.742087,0.82755464,0.58035904,1.1943717,2.8782318,2.2978728,16.95359,12.00489,12.366892,8.403053,1.1649599,0.92789483,20.528803,0.64531404,0.5153667,31.459843,-6.8432994,-1.9262218,-10.402092,-1.1135772,0.022208508,1.017674,1.1343397,0.6389552,6.825931,0.5369941,5.6464343,2.0364535,20.567015,0.7254104,812.01514,0.22158276,1269.6459,0.18650278,-80.0036,-1.1178613,1858.6548,0.13261333,1087.4436,0.28086352,-79.54322,-1.0445584,2911.143,0.09442281,999.57904,0.26335233,-83.82675,-0.9552766,-8.063506,-1.4896842,22.880327,0.49874508,0.05712576,0.38884714,-0.014622111,-1.122265,1.437344,0.675572,22.592813,0.57517296,-2.1758196,-8.073376,-6.818909,-2.0470455,-12.378199,-0.88922876,-7.8077145,18.987978,0.03518917,-0.0054690083,0.6506405,2.4122808,2.5386314,0.2521739,0.2394551,0.13949999,0.17482777,-11.650617,1849.033333,1858.166667,disengaged
34.77247,0.08692154,34.15444,34.899193,37.340782,3.1863403,395.3188,499.51624,49.650375,39.83696,0.9647976,0.72350806,0.3428213,0.7857503,1.46505,1.1222286,14.030212,7.4826097,11.141905,6.657404,0.6187889,0.94404817,25.613413,0.3928409,7.7893615,1.6856759,-11.060708,-1.0847661,-8.745736,-1.2607589,0.030382596,2.05561,1.2078428,0.58999854,7.0101476,0.53192717,6.7036247,1.2455107,29.812496,0.36050227,799.8419,0.21416828,1345.8722,0.20630719,-93.05751,-1.0090514,1815.6943,0.13897455,1231.7887,0.36605066,-98.071915,-0.8816146,2961.599,0.081388816,968.9929,0.28244102,-104.350365,-0.7755252,-12.118689,-0.8137755,30.802637,0.18528579,0.056435134,0.31279257,-0.01540539,-0.9554189,0.90630066,0.65612733,29.397839,0.30737925,8.715519,1.7035356,-14.714424,-0.80189127,-10.622166,-1.0421914,-9.878064,22.445297,0.030582806,-0.0076409937,0.25467414,3.3412888,1.6908213,0.32999998,0.25286925,0.24142855,0.22465393,-15.507437,1858.2,1862.4,engaged
33.776356,0.16227643,25.936256,34.934628,37.083084,11.146828,235.56525,115.97143,32.995434,28.358425,0.34440655,1.4274468,0.09387274,0.106163315,0.5594997,0.46562696,9.396845,3.949106,9.254174,5.6747527,0.19023332,2.0602734,26.287487,0.24901979,11.452164,0.7153155,-0.13134925,-64.43445,-2.9335585,-3.0846,0.028505357,1.2066231,1.2301503,0.4842493,7.2185216,0.39658248,7.6235876,1.2675838,27.983059,0.3753613,779.89813,0.19107786,1290.5947,0.17620125,-160.34827,-0.47410116,1866.871,0.13478728,1124.3225,0.18819994,-160.16478,-0.45257655,2918.8716,0.086348884,1010.82837,0.23692916,-161.90279,-0.4281871,-13.184214,-0.745502,30.408081,0.24084306,0.05069772,0.5815166,-0.015773876,-1.0309583,0.6781076,0.82327193,29.64231,0.25635827,7.1300435,2.0354443,-7.1631,-1.7937441,-11.459881,-1.0686682,-14.56248,27.93835,0.00824982,-0.004890715,0.04568228,0.872818,1.2562814,0.174,0.19246818,0.54636365,0.50499815,-21.647724,1862.433333,1870.466667,disengaged
35.6867,0.094069675,35.10315,36.62027,37.4228,2.3196487,35.04868,17.749979,8.85941,10.898858,0.5088969,1.3254622,0.0934851,0.105244055,0.93577564,0.8422905,11.539177,6.7861605,11.815808,9.962864,0.3383796,1.7698063,26.863083,0.21111092,10.015165,0.9924096,-2.6787205,-4.198715,-4.9587917,-1.995007,0.019216131,1.1690354,1.098179,0.50321394,8.563584,0.33295482,9.198748,1.1756935,33.1538,0.2989499,772.35876,0.25115523,1403.9951,0.15178531,-156.75984,-0.49972138,1826.224,0.15443015,1287.6482,0.2529313,-153.72397,-0.49252582,2915.1343,0.10360241,1101.7509,0.26426035,-155.98509,-0.4612227,-15.367605,-0.5191086,31.082088,0.22227699,0.06521585,0.38776174,-0.022435302,-0.547552,1.0299075,0.7142077,29.42079,0.20954329,9.162403,1.4894848,-13.206843,-0.8252799,-14.857563,-0.77206594,-14.232681,27.975994,0.006818293,-0.005257266,0.080771044,1.330377,1.3392857,0.19166666,0.2668593,0.53499997,0.69673645,-18.240225,1870.5,1879.533333,engaged
35.82492,0.09998246,34.365433,35.89959,37.699276,3.3338432,370.62057,457.597,112.957695,135.66797,1.0144407,0.76187354,0.41546553,0.7394109,1.5487568,1.1332912,14.332872,9.523953,7.8950615,5.485836,0.67978257,0.9723688,22.6411,0.53523314,5.054225,3.103886,-11.81167,-1.0775288,-8.220815,-1.1464555,0.028572455,1.5324241,1.2533102,0.6185214,6.7919545,0.49774653,4.066378,2.7496965,24.08943,0.60211504,776.0557,0.22006528,1348.3098,0.16029884,-107.950806,-0.86595416,1812.3668,0.1426251,1165.6188,0.20285657,-108.09773,-0.81027526,2910.323,0.095943324,1063.6373,0.31501472,-112.66235,-0.73788226,-9.070365,-1.380153,28.642307,0.24185266,0.057563428,0.29165742,-0.013599126,-1.1421679,1.0397146,0.6408743,27.213234,0.35390618,3.3214037,5.4843035,-13.952505,-0.94092375,-10.075103,-0.947249,-8.700751,20.033325,0.036638048,-0.0068989876,0.2847518,3.286385,2.3696682,0.20666665,0.16127272,0.22384614,0.24269445,-15.286514,1879.566667,1885.966667,disengaged
35.280384,0.036395483,34.28514,35.059795,36.236683,1.9515419,52.104828,71.61263,31.878765,33.7246,1.5400488,0.5330277,0.7784951,1.361167,2.3993459,1.6208508,17.743635,7.6504345,14.166414,4.43874,1.0339633,0.6997322,29.503588,0.27970913,1.4207507,9.075831,-19.375364,-0.5418528,-15.233372,-0.647065,0.01522372,1.1873275,1.0715541,0.49804506,7.4021497,0.37295046,2.4975314,3.893439,28.910786,0.39586145,777.5377,0.23425865,1383.916,0.1697891,-33.694267,-2.054252,1787.103,0.14288987,1274.8444,0.18546352,-43.79009,-1.390991,2897.2163,0.08386578,1051.5612,0.35017183,-54.578197,-1.0379297,-8.255366,-1.1114758,30.26967,0.1559585,0.06180921,0.26705185,-0.018642455,-0.94528747,1.2152127,0.57237405,31.200262,0.21819986,-0.15713811,-84.09608,-20.490694,-0.47824827,-16.24351,-0.5704411,-8.094519,24.998701,0.039754096,-0.011434374,0.25907558,3.773585,2.6490066,0.3125,0.15562373,0.056666665,0.023570225,-12.725291,1886.0,1887.6,engaged
37.00371,0.123923674,34.88195,38.41951,39.77448,4.8925285,231.78267,194.71791,50.54002,38.62161,0.50047255,1.4147229,0.09338755,0.108552694,0.8348179,0.74143034,13.233727,7.628186,9.256396,5.5422955,0.28038672,1.8448348,26.878126,0.23425484,10.110045,0.85911894,-2.8164515,-3.8792155,-3.6618357,-2.8903136,0.021724673,1.2408354,1.1609318,0.79827577,9.1388035,0.43567696,5.424645,1.9367487,29.412195,0.26389065,825.1996,0.17006244,1256.3757,0.17232011,-154.91457,-0.51715994,1900.2758,0.10399966,1080.2737,0.21286911,-155.42029,-0.48453993,2997.3577,0.07686306,1058.2662,0.49509186,-157.82146,-0.45141625,-15.740495,-0.60323733,31.614708,0.19192542,0.05024938,0.4103238,-0.02337571,-0.68086404,0.9150177,0.7264782,31.277779,0.14236932,4.6264515,2.3076966,-10.652592,-1.0155762,-14.4755,-0.7106273,-14.631525,28.793705,0.0053073224,-0.003873508,0.05807915,1.3903744,1.0764263,0.23200001,0.35178974,0.6769999,0.711225,-15.871499,1887.633333,1897.0,disengaged
34.654278,0.18405995,30.535252,33.47422,42.578274,12.043022,98.48653,48.825294,208.48657,190.81012,0.31870338,1.1114587,0.11631088,0.20335405,0.4219064,0.30559552,13.559348,17.81916,3.956654,4.972364,0.14227492,2.4501586,24.550821,0.23466149,8.402193,1.3232875,-2.115628,-5.084653,-7.461535,-1.5894239,0.032704394,2.0237734,1.3023859,0.6320567,6.0169983,0.78258073,11.580712,0.85970324,29.19451,0.42571628,702.25696,0.26197416,1337.7095,0.127058,-138.41823,-0.63693625,1747.8251,0.124979734,1114.3737,0.22713721,-137.77274,-0.605024,2804.172,0.0882054,890.38556,0.32249656,-140.36272,-0.5694537,-16.112013,-0.48774633,27.831512,0.2611995,0.041238494,0.3988272,-0.01952432,-0.77834564,0.24711321,1.8002859,25.594166,0.2491378,6.3631115,1.9964151,-6.2980175,-2.0709736,-14.731988,-0.84703195,-13.959598,25.166712,0.013159757,-0.0128910225,0.07493256,0.7853403,2.6595745,0.118999995,0.095126234,0.33714285,0.3476745,-24.280935,1897.033333,1900.866667,engaged
36.15646,0.08016305,35.1561,36.537796,38.002106,2.8460045,130.06493,144.13834,17.702097,3.655209,0.9960661,0.76923096,0.23740208,0.8778927,1.570613,1.333211,15.033212,13.148052,7.1743155,3.2910066,0.65335363,0.9948923,23.615074,0.3746434,6.790238,1.551527,-9.577859,-1.33208,-11.715864,-0.96986246,0.018471083,0.7282366,1.202838,0.5551194,7.2485414,0.38427967,3.1079702,3.4393697,27.80342,0.3723822,785.39825,0.21778695,1300.2928,0.15698808,-113.92358,-0.8069701,1849.4609,0.15376192,1244.8945,0.28252792,-114.636,-0.7509266,2893.3005,0.105141394,1055.3027,0.23324178,-119.199394,-0.68316156,-11.7236805,-0.5676368,28.103119,0.24158347,0.06443479,0.28594962,-0.024228925,-0.46743914,1.1272652,0.56035763,28.295166,0.2537357,4.139996,3.0282452,-16.331072,-0.5744011,-14.884174,-0.7295762,-10.073681,17.625553,0.030531242,-0.017288681,0.25626326,2.7118645,2.777778,0.1625,0.16361158,0.1775,0.18619546,-16.063385,1900.9,1903.866667,disengaged
35.809372,0.088775896,34.4507,36.375713,38.07118,3.6204796,142.8955,125.70558,94.837234,242.78163,0.94524044,0.7352777,0.30004257,0.8213697,1.4904712,1.1904287,12.847335,7.3172216,9.728707,5.281361,0.66005147,0.96562463,26.049196,0.41324303,8.0976095,1.5568163,-8.264411,-1.4286348,-12.963545,-0.8647186,0.02603269,2.268463,1.182084,0.5663814,8.045228,0.4372675,5.1706758,1.9581808,30.105873,0.44050157,789.3792,0.22807178,1343.2094,0.16343856,-98.94578,-0.9320922,1841.0953,0.14228381,1233.4587,0.2578408,-101.50261,-0.8278539,2942.519,0.08588503,1045.4568,0.27806145,-106.669426,-0.743379,-14.218406,-0.64032584,31.592184,0.24403198,0.060672596,0.31047297,-0.022876784,-0.5734623,0.97995,0.5977352,30.542068,0.26934376,9.416149,1.3419466,-11.3825245,-1.0565075,-17.442581,-0.5467547,-9.73996,21.917336,0.025938466,-0.00390953,0.2323308,2.5671642,2.0359282,0.26999998,0.23484662,0.24249999,0.25825825,-14.504639,1903.9,1920.666667,engaged
37.215897,0.102435924,34.45503,37.21877,39.148796,4.6937675,108.85762,101.96184,23.180569,14.116137,1.1185381,0.65326995,0.46794793,0.9833379,1.7180753,1.2501273,14.260698,9.06922,9.320602,4.74039,0.766264,0.87096596,28.851171,0.2964874,4.527292,2.5268612,-10.248475,-1.0142161,-13.236909,-0.8228361,0.0216482,1.2854179,1.1313269,0.6643139,8.636234,0.48406252,6.605855,1.5273204,29.436901,0.335103,799.99536,0.21063384,1338.4695,0.17490454,-78.38769,-1.1294875,1837.9185,0.13418306,1182.8228,0.24680099,-82.55281,-0.9624447,2936.2073,0.086025506,987.22534,0.28917837,-89.23486,-0.83800113,-14.371324,-0.6631069,31.141893,0.24193881,0.057111084,0.32765985,-0.023863854,-0.61718065,0.97991204,0.6702915,31.197039,0.22069535,4.549778,2.7352161,-11.894754,-0.92227334,-16.193243,-0.6652614,-10.964589,23.78058,0.035267513,-0.007993888,0.34661517,3.0785563,2.4546425,0.26347825,0.2223708,0.15555555,0.17901652,-13.063976,1920.7,1930.133333,disengaged
37.891018,0.13414448,35.25155,37.37759,41.20983,5.9582825,197.2688,297.43253,57.22553,65.083466,0.6283258,1.04287,0.100088716,0.3452884,1.1184494,1.0183607,10.24364,7.7418513,7.2502804,5.397859,0.35034916,1.4755218,25.434265,0.31887063,6.0687613,2.2069356,-4.9278955,-2.7983596,-13.8026705,-1.2546831,0.02370034,1.6758518,0.9947924,0.6387817,8.684886,0.45738623,6.2417965,1.9525833,28.259912,0.4403437,793.2131,0.22266428,1322.4847,0.17349207,-113.839165,-0.84060246,1850.1548,0.13622749,1162.7324,0.3078492,-114.93503,-0.7640792,2921.9875,0.07929117,964.239,0.3849017,-117.97353,-0.71743506,-14.503403,-0.65001166,28.66625,0.27012575,0.05289036,0.44151327,-0.02464975,-0.7035046,0.62493145,0.9608672,27.373047,0.3171814,4.6551824,3.5512578,-10.141631,-1.4373548,-25.11857,-0.6576666,-12.134385,25.500128,0.0060246014,-0.0036826464,0.09894411,1.3377926,1.4880953,0.31312498,0.34848082,0.3658108,0.40632826,-18.208595,1930.166667,1984.0,engaged
34.136375,0.18176353,27.19327,35.7591,38.69483,11.501562,220.98726,376.2319,113.36404,278.1553,0.27269062,1.1528298,0.09585521,0.16820295,0.37772056,0.28186536,6.905701,7.8929424,4.3643928,5.3008256,0.099109046,2.3822713,26.510386,0.2504339,9.912951,0.93468225,-3.580756,-3.4236035,-9.391246,-1.5842382,0.022980459,1.8412184,1.1247008,0.537126,6.5287952,0.5247623,2.5244136,4.7472777,26.755184,0.41133872,696.2634,0.2822655,1402.626,0.15798956,-125.48061,-0.756723,1724.7806,0.1599276,1179.6774,0.26374528,-124.37694,-0.7209938,2844.2898,0.09281198,993.8484,0.33925143,-128.43758,-0.6596744,-14.399893,-0.45715886,28.673382,0.22559488,0.036776572,0.64053273,-0.021476418,-0.67898095,0.16836591,1.9716128,29.165895,0.2041714,7.238434,1.4842441,-10.54459,-1.279573,-20.539097,-0.7015141,-14.580733,27.522316,0.00024886333,-0.0061074365,0.0515381,0.4706716,1.6300497,0.24201864,0.3684704,0.3681433,0.57742715,-25.43114,1984.033333,2181.633333,disengaged
35.212032,0.15813117,29.379292,37.223446,39.70523,10.325939,126.231705,118.2511,75.12477,108.71841,0.39177316,0.849505,0.12692857,0.26029977,0.6384514,0.5115228,3.2705872,2.2788906,2.2080834,1.9718589,0.10183958,1.1273934,22.391603,0.34896654,11.508779,0.8253301,3.655386,3.1789637,-17.970535,-1.2902899,0.017235152,2.1463387,0.8583797,0.75458604,9.196271,0.4464333,3.3778121,3.0156395,23.127008,0.46838313,716.218,0.25473717,1357.2642,0.14383215,-104.93494,-0.9280623,1875.8289,0.1547623,1027.739,0.3625436,-108.203094,-0.82455015,2854.3647,0.09301832,962.30084,0.36311337,-108.36315,-0.8210431,-15.743687,-0.30354917,23.493246,0.29923433,0.039402075,0.50282013,-0.032981355,-0.40392086,0.15307942,0.8621153,24.834751,0.27817133,10.212111,1.1022518,0.8829374,16.18275,-32.77328,-0.69178134,-13.465406,23.192179,-4.7348345e-05,-0.008614821,0.050078414,1.2297735,1.4935066,0.33086956,0.35727122,0.31782606,0.37863553,-26.240772,2181.666667,2197.133333,engaged
40.182384,0.28663445,25.56806,43.98492,49.409187,23.841127,36.98463,27.198269,345.39255,0.0,0.19985949,0.9526788,0.09059168,0.09711125,0.2738759,0.18328422,1.6958655,1.4584824,1.2662829,0.6849116,0.06690467,1.576854,24.313732,0.22328168,13.257149,0.36498845,4.4088206,0.96194625,-7.753081,-2.6310883,0.024749098,0.6672448,1.350803,0.59286255,7.239562,0.45913437,6.1886897,0.8666541,15.709178,0.4163924,855.6758,0.12590891,1237.604,0.106355324,-176.25876,-0.33973187,1999.5406,0.115211524,1307.4243,0.4034265,-173.01968,-0.33919096,2860.2844,0.054114863,828.88257,0.38799515,-172.39935,-0.3481595,-14.025284,-0.3214548,22.71261,0.34274426,0.028684566,0.9773307,-0.015496412,-1.2628833,0.14019583,0.7361105,18.520994,0.36066726,10.77155,0.5090281,0.070773385,63.257736,-30.734385,-0.829697,-15.864337,28.80805,-0.004991464,-0.0067083747,0.05384299,0.8888889,1.8181818,0.082499996,0.053560715,0.35599998,0.30604574,-35.138485,2197.166667,2199.433333,disengaged
37.789856,0.16928263,32.9411,40.356018,41.330765,8.389664,101.20905,148.37506,284.3764,492.12393,0.33337557,0.8751508,0.093493834,0.19645402,0.60067356,0.50717974,3.0240536,1.988395,1.6851947,1.4294978,0.08217988,1.2914095,19.397814,0.42797002,13.027582,0.66884714,5.942845,1.3053061,-16.216223,-1.3721976,0.02005118,2.3241847,0.9162278,0.81584907,9.782127,0.4212114,8.61102,1.1883935,20.145203,0.8538566,773.58905,0.19269186,1276.0648,0.17080167,-132.22354,-0.66994035,1972.1786,0.14317465,1006.1615,0.44273683,-132.3123,-0.61692584,2887.3665,0.07411814,885.38617,0.4592191,-130.91956,-0.6368827,-16.400183,-0.30184937,22.56067,0.33098108,0.021655418,1.0154935,-0.031922963,-0.500831,0.13925621,0.9046235,20.16931,0.3360479,14.465219,0.7780517,2.2676566,3.4076757,-37.21697,-0.52961457,-13.074052,22.687565,-0.00870578,-0.008423346,0.045475975,1.072386,2.3537323,0.1582857,0.18166666,0.26030302,0.23002614,-29.535126,2199.466667,2214.4,engaged
34.179016,0.24552691,25.65095,32.71881,43.411007,17.760057,173.02635,239.32031,139.80208,324.91827,0.182404,0.9188754,0.09263707,0.11397036,0.23124097,0.1386039,3.3509219,4.587725,1.6053684,2.262295,0.051591314,1.8028241,24.654053,0.2857236,11.292249,0.63927037,1.8693727,5.0024343,-3.0449657,-3.6268468,0.026682952,1.5449101,1.1529244,0.5913717,6.3565917,0.65406954,5.725576,2.1841223,28.422253,0.33171767,718.42474,0.2602338,1393.7081,0.15426081,-169.4522,-0.40371475,1749.0713,0.1501906,1194.6967,0.2632563,-167.43633,-0.40061003,2834.744,0.08729911,988.4624,0.3238185,-169.064,-0.37639013,-15.296018,-0.34951133,29.137579,0.1998404,0.024417963,1.0761784,-0.016943226,-0.86694694,0.114994064,1.3396276,28.996212,0.19637626,7.6628027,1.4280009,-7.087449,-1.9455742,-13.858829,-1.0960686,-14.467424,26.925037,-0.0031915295,-0.0046544992,0.037341867,0.6753498,1.6698842,0.1015607,0.11766705,0.47988373,0.688794,-35.27736,2214.433333,2318.1,disengaged
36.792522,0.1371017,35.39323,36.701202,40.049446,4.6562157,154.3476,256.50177,51.091766,65.37435,0.5124048,0.94627357,0.13564645,0.3365683,0.8185129,0.68286645,5.7675433,8.044223,2.6799304,3.1325252,0.13224918,1.6125323,19.393387,0.51432526,12.840159,0.8200836,8.548267,1.2949133,-27.871775,-0.88536334,0.0149967,2.479681,0.65179986,0.8772098,10.364636,0.3652351,7.969763,1.3556349,21.703568,0.87177247,736.1874,0.23791274,1329.6925,0.1913869,-107.79721,-0.8996622,1932.4009,0.1669951,931.9402,0.48985276,-109.71433,-0.8028561,2882.436,0.07532976,847.0603,0.41236553,-108.15886,-0.82734185,-16.39743,-0.35230082,21.798794,0.35524976,0.05652906,0.38026288,-0.036001317,-0.42423293,0.20317832,1.30492,21.38964,0.36618167,13.526443,0.946471,7.6047297,1.6796389,-46.910633,-0.34214225,-11.644242,19.676907,0.004748415,-0.011327539,0.06109323,0.7889546,1.5810277,0.31166667,0.27069613,0.3272727,0.3215966,-22.734718,2318.133333,2348.566667,engaged
39.030407,0.13284472,37.045483,40.097847,42.2283,5.1828156,288.56165,400.1293,231.38571,772.7859,0.62195814,0.94743216,0.11410082,0.45266935,1.0337282,0.9196274,7.0296416,6.995161,4.0542655,3.3486137,0.20847419,1.6610521,22.854452,0.40118048,9.717526,1.2292948,-1.6103197,-9.029599,-25.584665,-0.94009095,0.013696463,2.1200812,0.71043324,0.86469406,11.11063,0.37399012,7.0808797,1.6360823,25.141495,0.58536077,803.0881,0.19961259,1283.054,0.1750118,-98.067795,-0.97188103,1929.0933,0.15214083,1082.3955,0.3979456,-100.80625,-0.85318416,2947.1162,0.07061278,852.24,0.37888965,-101.64183,-0.83792543,-13.992874,-0.48273218,24.745054,0.34428596,0.037525527,0.5253126,-0.029346883,-0.523204,0.30870843,1.297038,23.768154,0.39158946,9.380219,1.4596144,-5.4598866,-2.9439082,-40.860123,-0.47351915,-12.665577,24.463818,0.0019220936,-0.006285823,0.079155274,1.1976048,1.3189448,0.42072725,0.4738924,0.32314816,0.39716503,-20.291569,2348.6,2390.366667,disengaged
37.099693,0.15121335,32.162518,38.32371,42.668503,10.505985,90.43467,39.61921,15.276766,28.741825,0.4238783,1.208052,0.09720089,0.26161003,0.56366676,0.46646586,10.736938,9.433326,7.7582374,5.5485506,0.24857359,1.9818752,25.875944,0.23869473,5.6876926,1.5494583,-1.2310269,-11.438632,-12.222644,-1.2343937,0.023446297,1.3685255,1.0722431,0.83800626,8.2741785,0.6060339,6.2143817,1.2848036,24.004225,0.4581845,796.8353,0.21772867,1285.1335,0.20010068,-159.11095,-0.4910883,1858.6467,0.16597964,987.02594,0.45046568,-156.84483,-0.47849524,2990.6719,0.065314636,869.3066,0.41787878,-158.35094,-0.4576973,-13.835865,-0.2834116,27.667137,0.25887746,0.046568435,0.55590016,-0.024314744,-0.4951624,0.44741374,1.2567978,28.604061,0.21593569,6.496385,1.2433497,-6.5244503,-2.6045983,-29.038021,-0.5623829,-12.222743,26.158907,0.0052649747,-0.0036565233,0.15629946,1.2853471,1.5665797,0.14666666,0.12697332,0.47166666,0.4913728,-20.0594,2390.4,2394.3,engaged
36.348305,0.083858125,34.63386,34.90427,39.81766,5.1837997,247.32939,0.0,6.9214244,14.836406,1.1749519,0.57854503,0.6286428,0.89271003,1.8040977,1.1754549,10.279764,5.805784,7.407687,1.0955516,0.6580555,0.8663538,23.306734,0.51403034,9.585462,1.2751775,-14.456359,-0.84001946,-10.411172,-0.6529335,0.017578471,2.0535178,0.9523189,0.6177178,8.684918,0.5393957,8.001747,1.1657555,31.30067,0.30060357,763.8393,0.24416001,1377.5507,0.17291293,-88.84953,-1.0285997,1755.8422,0.14792891,1269.1627,0.20065126,-92.09957,-0.88944274,2860.5176,0.08685156,1011.00464,0.18755068,-98.4019,-0.77932864,-14.271775,-0.5286444,31.520285,0.22676212,0.051670484,0.3097505,-0.019714437,-0.5270856,0.8342749,0.74578637,28.058617,0.34057587,10.062153,1.3049157,-16.237156,-0.6741037,-12.233428,-0.45750722,-8.261783,19.768093,0.037245777,-0.0151736345,0.42965573,2.366864,3.0487804,0.192,0.10457533,0.116000004,0.085930206,-13.043598,2394.333333,2396.033333,disengaged
34.709217,0.12784852,34.13241,35.935745,37.56028,3.4278717,156.24962,185.34706,53.441307,66.71629,0.73834896,0.86967546,0.17656684,0.5596225,1.1308937,0.95432687,12.400882,10.881411,8.382224,8.4512,0.41776153,1.4151827,25.094933,0.39990354,10.415627,1.3006954,-5.2466016,-2.842959,-14.902071,-1.1710495,0.023422638,2.1626458,0.92036045,0.70494676,8.565859,0.44906312,4.313192,2.3106759,28.953796,0.58719814,741.8332,0.23137404,1403.0436,0.14581704,-101.03716,-0.95255756,1795.319,0.14388502,1272.8663,0.2448247,-104.899925,-0.8281506,2889.5496,0.09255577,1016.2303,0.38589576,-108.72109,-0.7654188,-14.84661,-0.6592805,29.702084,0.24901883,0.058643676,0.2870079,-0.024375943,-0.70614326,0.6765071,1.0230702,29.902336,0.27417624,10.924675,1.3640723,-8.887043,-1.8561499,-22.735607,-0.77354896,-11.617911,22.39046,0.01104555,-0.0068157497,0.12331067,1.5613383,1.6430173,0.31863636,0.28849602,0.25782606,0.45041,-18.058374,2396.066667,2409.533333,engaged
33.83989,0.1329767,28.808079,36.07318,36.331055,7.522976,148.17896,176.02992,43.56975,28.076418,0.18071833,0.4539316,0.10422302,0.13909616,0.25735703,0.15313402,0.69082594,0.35316893,0.44030988,0.027724406,0.032141674,0.67469853,28.03389,0.17394091,16.819195,0.37154448,9.310206,0.58243173,-19.862982,-0.8265772,0.025713451,2.0556505,1.080723,0.55134463,6.7041926,0.32543644,8.247583,0.98404306,27.414482,0.20788851,602.3066,0.23521928,1528.3274,0.12036778,-105.282745,-0.8805965,1632.3895,0.18336645,1279.0116,0.20921268,-106.4294,-0.7884506,2740.6685,0.060153726,704.1484,0.2893399,-106.60261,-0.7832812,-20.488808,-0.17709728,27.396479,0.1446472,0.03732865,0.44808552,-0.025593894,-0.34462634,0.04285935,0.60539895,31.707634,0.07594544,18.703629,0.3883369,7.5987372,0.60776764,-32.227467,-0.35092416,-16.52066,26.492735,-0.010913941,-0.00957812,0.021276936,1.6216217,2.2222223,0.235,0.22276668,0.195,0.18309833,-39.343956,2409.566667,2411.433333,disengaged
36.44252,0.1394911,33.71967,37.25428,39.51875,5.79908,230.66292,378.72867,119.38298,334.67117,0.49645266,0.9749553,0.11331054,0.31821206,0.8147514,0.7014409,8.299939,7.462888,5.0396523,5.1724744,0.21185337,1.6199579,24.610594,0.37202397,13.189289,0.8122894,0.30689088,41.810837,-16.840519,-1.2022245,0.023058293,1.9639425,0.98049337,0.7567746,8.972549,0.46693873,6.990561,1.6986023,29.421787,0.47676343,745.7504,0.22704668,1351.6367,0.16120978,-109.00683,-0.8696483,1861.4507,0.14543414,1095.211,0.3218775,-112.2363,-0.76422614,2925.1042,0.078342386,928.538,0.3813543,-114.261314,-0.7327718,-18.044525,-0.37357673,28.269247,0.26850563,0.048926808,0.48375946,-0.033275727,-0.4731381,0.34686083,1.171815,27.656685,0.26667443,13.426372,0.95730543,-3.297922,-4.497327,-30.14096,-0.61043453,-13.739664,24.675001,0.0025921317,-0.008235502,0.07166239,1.1470187,1.7131401,0.28515956,0.36235857,0.296875,0.3611782,-21.566174,2411.466667,2521.333333,engaged
35.341682,0.08178613,34.392868,36.18954,36.71185,2.3189812,76.961815,84.87488,27.732119,14.737224,0.7750071,0.7045472,0.30508927,0.62064236,1.1891694,0.8840802,9.752833,4.4828715,7.9678383,3.6666799,0.45935053,1.0058112,25.33009,0.2826938,0.21156314,68.93886,-8.266386,-1.0118408,-8.857702,-1.2038383,0.02464354,1.3049256,1.1413546,0.57190055,7.9648347,0.5256165,11.357055,0.5882222,33.29013,0.27294117,713.506,0.29804718,1424.03,0.18206045,-129.88345,-0.6839715,1755.525,0.18143716,1185.2335,0.24627373,-128.07376,-0.65856427,2869.3264,0.09898047,1034.1356,0.29748723,-132.33133,-0.59950703,-16.235226,-0.5574557,30.552538,0.27105126,0.063774616,0.27170563,-0.020815386,-0.6233939,0.8015936,0.55393493,29.993526,0.22185856,10.085987,1.3694859,-6.966391,-1.420094,-13.429887,-0.9503063,-7.4149013,19.980545,0.01623148,-0.0011948026,0.21282111,1.8666667,2.4390244,0.15777777,0.07799968,0.2625,0.57774884,-17.555798,2521.366667,2525.133333,disengaged
36.6326,0.108260535,34.620678,36.996655,38.427086,3.806408,132.12474,166.2959,87.50177,140.20912,0.9383546,0.95991397,0.16945404,0.6151368,1.6512883,1.4818342,15.378741,10.491788,10.458596,7.5622053,0.6194594,1.201903,26.090233,0.33861956,3.8608139,3.037983,-6.1837187,-1.6994276,-10.217064,-1.3420815,0.02480625,1.4017323,1.1138167,0.6252314,8.287344,0.43757713,2.9353104,3.898088,26.69071,0.47456098,777.04065,0.23012893,1306.8407,0.17252044,-106.14098,-0.87898344,1830.6509,0.14199471,1150.9086,0.25237063,-107.58716,-0.7971806,2912.5872,0.091233686,1003.8916,0.33008564,-111.91957,-0.7300019,-14.629974,-0.59713256,29.835793,0.26437858,0.05378015,0.38051224,-0.024206186,-0.53977877,1.0197836,0.75871307,28.922113,0.29091236,5.495495,2.4030814,-9.470078,-1.1889951,-17.176655,-0.69861424,-9.366828,22.610212,0.010251285,-0.005579371,0.17134736,2.0729368,2.0015397,0.25403845,0.27494237,0.2652273,0.52413774,-14.036586,2525.166667,2551.233333,engaged
36.668613,0.10005424,34.801117,36.99735,39.19681,4.3956947,254.47737,404.51315,103.10628,207.46507,0.92205966,0.840344,0.13983391,0.757592,1.6576039,1.5177699,17.114828,9.583878,11.012879,7.5538325,0.6494912,1.1194012,26.107466,0.31208694,8.196776,1.2742932,-4.6047416,-2.466523,-10.819901,-1.1495217,0.031198116,1.6516598,1.3366929,0.6156167,7.76547,0.49350753,10.157173,0.9207531,31.348883,0.24415413,789.2468,0.21364954,1350.0327,0.14731736,-104.72095,-0.8702851,1852.6996,0.12982449,1153.837,0.2715115,-105.42634,-0.79082006,2940.1426,0.07934858,1022.32074,0.31722146,-109.570076,-0.72576654,-15.746673,-0.45685056,29.699348,0.24003132,0.056833427,0.37700552,-0.026165385,-0.51674205,1.0209744,0.71184707,28.52259,0.25761363,8.013388,1.5551754,-9.030315,-1.2854817,-16.29131,-0.7066995,-12.476942,24.291508,0.016326956,-0.008446275,0.21082617,2.468085,2.3931625,0.21928571,0.2074665,0.19879998,0.26266813,-14.772747,2551.266667,2563.033333,disengaged
37.21084,0.07925775,35.056896,37.56822,39.79499,4.7380943,207.55858,178.18018,108.30587,274.2162,0.9509949,0.846763,0.19410028,0.75695384,1.6090317,1.4149314,13.712772,7.34284,10.682573,6.0813823,0.6537582,1.1007845,23.82518,0.44708094,6.1980486,1.9536493,-8.589818,-1.4158556,-8.913767,-1.2459377,0.022578273,1.5585264,1.1236223,0.67194146,8.7000065,0.43579566,3.9373214,2.6917553,26.917112,0.6280304,821.6895,0.19666222,1291.6906,0.16772537,-109.77196,-0.85071343,1872.9792,0.12629828,1200.8712,0.24515985,-113.541145,-0.7520433,2951.4302,0.08314311,1030.165,0.3033581,-117.81728,-0.687794,-12.748285,-0.851373,31.29686,0.22402939,0.050817337,0.42913392,-0.019849194,-0.73673654,1.1382042,0.6149479,28.53238,0.31055757,6.2429934,2.1989887,-12.655529,-0.91068095,-14.964535,-0.6334308,-9.622821,21.629766,0.009113408,-0.0032913082,0.17865214,2.3809524,1.7733232,0.2721739,0.22966814,0.2957143,0.3077193,-13.592852,2563.066667,2576.1,engaged
37.693783,0.1558155,34.397423,37.719624,41.93365,7.536228,147.54416,132.19984,130.33856,112.60654,0.3943427,1.1364851,0.114304185,0.20574634,0.57229525,0.45799106,8.781836,7.135017,5.333993,5.2159257,0.21790014,1.794925,24.21937,0.37364775,13.8925085,0.7061949,-0.29399902,-35.660942,-9.766885,-1.3649511,0.028164763,1.5483122,1.2228237,0.72771734,8.40363,0.4798529,7.5539584,1.4235991,30.949408,0.29550275,769.1466,0.22002019,1339.4353,0.15941787,-136.79555,-0.6312659,1873.756,0.14182176,1122.6132,0.29895493,-137.64925,-0.58278114,2951.0107,0.084418565,1034.7882,0.31473747,-139.98404,-0.55071837,-18.26276,-0.44175932,30.529533,0.2372563,0.046054587,0.5186168,-0.026619386,-0.5293599,0.47042853,1.1194751,28.155611,0.27352428,13.715575,0.93485814,-5.0804443,-2.5268683,-21.216642,-0.5717024,-13.975142,25.53539,0.007336863,-0.007258785,0.072427906,1.4430015,1.8322083,0.19157894,0.16779573,0.33368418,0.51114637,-21.230324,2576.133333,2596.933333,disengaged
36.728996,0.20660676,31.473045,35.224995,44.053326,12.58028,121.39833,116.99722,111.94252,114.50923,0.2896315,1.6141032,0.0941238,0.1253672,0.2979498,0.20382598,3.2023988,3.3712862,3.3426704,4.382889,0.107409485,2.4499943,25.57225,0.31417468,10.882803,1.0563828,2.4027588,4.496206,-5.8413053,-1.9623939,0.035698473,1.8622475,1.1848629,0.73322946,7.7780743,0.527725,6.5394063,1.491055,26.219152,0.74240464,760.2691,0.28545704,1357.7026,0.14866501,-159.50145,-0.48005086,1806.7153,0.14324467,1175.145,0.299375,-156.4702,-0.48416463,2865.8442,0.08575712,1000.0204,0.36570016,-158.22719,-0.458902,-15.785651,-0.44520363,27.54787,0.28548458,0.032507397,0.7913664,-0.020216674,-0.83500993,0.30722547,1.479022,26.449635,0.33662558,3.7766342,4.913122,-6.3963747,-2.2570143,-18.007376,-0.78399044,-15.802957,27.879679,-0.0024455294,-0.009177364,0.04307783,0.48496607,1.7015071,0.13428572,0.117334336,0.43285713,0.5300813,-24.252182,2596.966667,2617.6,engaged
35.844322,0.18928748,26.845747,38.631397,42.31924,15.473494,308.51212,353.37982,22.553112,17.147688,0.19744961,0.7431138,0.09899509,0.14255518,0.26571453,0.16671944,2.3932328,2.4196174,1.3474442,0.83282715,0.059679255,1.1080552,26.643316,0.2984317,13.12909,0.574664,4.7678075,1.302363,-9.160905,-1.5255592,0.030727774,1.2373084,1.0589556,0.55280495,7.137722,0.41311243,11.370295,0.559827,30.181261,0.88983923,735.12225,0.24171077,1370.0128,0.17243077,-132.05815,-0.6632631,1874.5044,0.14038406,1093.8777,0.34356758,-134.08705,-0.5966126,2921.5298,0.07166651,1032.4021,0.18832564,-135.76308,-0.573869,-20.004553,-0.3009386,31.214827,0.2783415,0.012082608,1.5846251,-0.02247099,-0.81510943,0.103423044,0.82332665,30.35485,0.23072997,14.945589,0.5985772,3.3752322,2.3239539,-18.319454,-0.9535824,-14.668603,27.488798,-0.00420589,-0.00531984,0.03404236,1.9178083,2.777778,0.131,0.0943875,0.1890909,0.18720211,-35.572933,2617.633333,2621.3,disengaged
28.017872,0.10521315,25.504013,25.713741,31.434286,5.930273,3.782387,0.0,56.272835,0.0,0.15222806,0.535776,0.092477456,0.10721028,0.2530671,0.16058965,0.89885306,0.32445544,0.99525225,0.47477478,0.03491436,0.689764,27.065199,0.15060747,9.2723255,1.1563478,1.0407296,7.831491,-1.6685989,-3.3039412,0.033408005,0.5662115,1.4377416,0.47908652,4.8059464,0.21401761,5.034004,1.554445,30.187904,0.34865114,732.5406,0.19930032,1399.2816,0.085673705,-182.77916,-0.27302986,1782.4503,0.10887996,1222.0967,0.11337712,-182.76869,-0.25883958,2854.4697,0.06231074,1008.6321,0.15880093,-183.3625,-0.24897663,-19.539215,-0.1081808,34.652187,0.086423516,0.00764267,2.7206357,-0.013342431,-0.6747431,0.04033432,0.70215154,31.776798,0.102065206,16.464325,0.12327717,2.5226064,1.7952917,-5.465466,-1.6886389,-13.721659,28.408005,-0.005469893,-0.0033161556,0.032487366,1.8867925,2.415459,0.034,0.010198039,0.35999998,0.2911357,-44.096294,2621.333333,2623.466667,engaged
35.026814,0.14985584,30.777607,35.91778,38.80454,8.026932,216.08272,272.17657,105.817116,140.29498,0.43517533,1.2422322,0.09891495,0.20297211,0.6635468,0.5646318,11.183561,9.788273,7.155365,5.730742,0.24617411,1.9400688,26.664972,0.31214368,9.664668,1.0648872,-2.1828976,-5.1020017,-5.466946,-1.995748,0.025652813,1.4174534,1.2118301,0.55983406,6.830198,0.49269205,5.639125,2.0060036,29.211674,0.34451324,755.06714,0.23017368,1359.8867,0.15325081,-125.85485,-0.71904767,1810.3755,0.13777106,1142.2244,0.23042013,-127.21049,-0.6625817,2900.4985,0.0819272,1022.7739,0.2915556,-130.8264,-0.61128426,-15.558606,-0.5014803,29.639778,0.24069504,0.039476905,0.6667607,-0.020574644,-0.70009154,0.46044,1.3257596,30.780996,0.21490146,7.58333,1.612519,-6.835718,-1.8195145,-11.856058,-0.9214369,-13.951712,26.958931,0.0053660413,-0.0038172693,0.0979304,0.9379728,2.4545455,0.15888889,0.18620974,0.24599999,0.2906315,-19.539106,2623.5,2656.566667,disengaged
