train_loss,val_loss
0.6962640086809794,0.6984052062034607
0.6782297889391581,0.7007633447647095
0.6494868993759155,0.7030375003814697
0.635667622089386,0.7053287625312805
0.6135706504185995,0.7067963480949402
0.599341889222463,0.7086461782455444
0.6094691952069601,0.7121875882148743
0.5949628154436747,0.7132358551025391
0.5568682154019674,0.7146869897842407
0.5620773037274679,0.7140161395072937
0.5200769007205963,0.7101534008979797
