Accuracy,Precision,Recall,F1 Score
0.5454545454545454,0.625,0.7142857142857143,0.6666666666666666
