Actual,Prediction,Probability
1,0,0.47927454
0,1,0.5017585
0,1,0.5191911
0,0,0.49247816
1,1,0.51066035
1,0,0.49315256
0,1,0.5791916
1,1,0.5236889
1,1,0.5199942
1,1,0.52550936
1,1,0.51371
