F0semitoneFrom27.5Hz_sma3nz_amean,F0semitoneFrom27.5Hz_sma3nz_stddevNorm,F0semitoneFrom27.5Hz_sma3nz_percentile20.0,F0semitoneFrom27.5Hz_sma3nz_percentile50.0,F0semitoneFrom27.5Hz_sma3nz_percentile80.0,F0semitoneFrom27.5Hz_sma3nz_pctlrange0-2,F0semitoneFrom27.5Hz_sma3nz_meanRisingSlope,F0semitoneFrom27.5Hz_sma3nz_stddevRisingSlope,F0semitoneFrom27.5Hz_sma3nz_meanFallingSlope,F0semitoneFrom27.5Hz_sma3nz_stddevFallingSlope,loudness_sma3_amean,loudness_sma3_stddevNorm,loudness_sma3_percentile20.0,loudness_sma3_percentile50.0,loudness_sma3_percentile80.0,loudness_sma3_pctlrange0-2,loudness_sma3_meanRisingSlope,loudness_sma3_stddevRisingSlope,loudness_sma3_meanFallingSlope,loudness_sma3_stddevFallingSlope,spectralFlux_sma3_amean,spectralFlux_sma3_stddevNorm,mfcc1_sma3_amean,mfcc1_sma3_stddevNorm,mfcc2_sma3_amean,mfcc2_sma3_stddevNorm,mfcc3_sma3_amean,mfcc3_sma3_stddevNorm,mfcc4_sma3_amean,mfcc4_sma3_stddevNorm,jitterLocal_sma3nz_amean,jitterLocal_sma3nz_stddevNorm,shimmerLocaldB_sma3nz_amean,shimmerLocaldB_sma3nz_stddevNorm,HNRdBACF_sma3nz_amean,HNRdBACF_sma3nz_stddevNorm,logRelF0-H1-H2_sma3nz_amean,logRelF0-H1-H2_sma3nz_stddevNorm,logRelF0-H1-A3_sma3nz_amean,logRelF0-H1-A3_sma3nz_stddevNorm,F1frequency_sma3nz_amean,F1frequency_sma3nz_stddevNorm,F1bandwidth_sma3nz_amean,F1bandwidth_sma3nz_stddevNorm,F1amplitudeLogRelF0_sma3nz_amean,F1amplitudeLogRelF0_sma3nz_stddevNorm,F2frequency_sma3nz_amean,F2frequency_sma3nz_stddevNorm,F2bandwidth_sma3nz_amean,F2bandwidth_sma3nz_stddevNorm,F2amplitudeLogRelF0_sma3nz_amean,F2amplitudeLogRelF0_sma3nz_stddevNorm,F3frequency_sma3nz_amean,F3frequency_sma3nz_stddevNorm,F3bandwidth_sma3nz_amean,F3bandwidth_sma3nz_stddevNorm,F3amplitudeLogRelF0_sma3nz_amean,F3amplitudeLogRelF0_sma3nz_stddevNorm,alphaRatioV_sma3nz_amean,alphaRatioV_sma3nz_stddevNorm,hammarbergIndexV_sma3nz_amean,hammarbergIndexV_sma3nz_stddevNorm,slopeV0-500_sma3nz_amean,slopeV0-500_sma3nz_stddevNorm,slopeV500-1500_sma3nz_amean,slopeV500-1500_sma3nz_stddevNorm,spectralFluxV_sma3nz_amean,spectralFluxV_sma3nz_stddevNorm,mfcc1V_sma3nz_amean,mfcc1V_sma3nz_stddevNorm,mfcc2V_sma3nz_amean,mfcc2V_sma3nz_stddevNorm,mfcc3V_sma3nz_amean,mfcc3V_sma3nz_stddevNorm,mfcc4V_sma3nz_amean,mfcc4V_sma3nz_stddevNorm,alphaRatioUV_sma3nz_amean,hammarbergIndexUV_sma3nz_amean,slopeUV0-500_sma3nz_amean,slopeUV500-1500_sma3nz_amean,spectralFluxUV_sma3nz_amean,loudnessPeaksPerSec,VoicedSegmentsPerSec,MeanVoicedSegmentLengthSec,StddevVoicedSegmentLengthSec,MeanUnvoicedSegmentLength,StddevUnvoicedSegmentLength,equivalentSoundLevel_dBp,participant,session,engagement_id,speaker,engagement_start_time,engagement_end_time,speaker_start_time,speaker_end_time,num_segments,speech_duration,label
0.0,0.0,0.0,0.0,0.0,0.0,0.0,0.0,0.0,0.0,0.6129253,0.3642176,0.40089366,0.684844,0.8099624,0.40906873,0.07472604,0.0,0.0,0.0,0.3396199,0.42267844,29.094576,0.0860704,4.176217,0.99459326,-9.377666,-0.8811166,-6.54569,-1.143837,0.0,0.0,0.0,0.0,0.0,0.0,0.0,0.0,0.0,0.0,0.0,0.0,0.0,0.0,-201.0,0.0,0.0,0.0,0.0,0.0,-201.0,0.0,0.0,0.0,0.0,0.0,-201.0,0.0,0.0,0.0,0.0,0.0,0.0,0.0,0.0,0.0,0.0,0.0,0.0,0.0,0.0,0.0,0.0,0.0,0.0,0.0,-17.884338,30.766743,-0.023797406,-0.015159492,0.29101828,0.0,0.0,0.0,0.0,0.03,0.0,-26.995846,11,16-2,0,SPEAKER_01,0.0,7.133333,0.03096875,0.13221875,1,0.10125,disengaged
33.458893,0.20067643,30.864529,34.811466,39.38747,8.522942,50.347263,14.431802,262.0884,206.9903,0.62563473,0.49356043,0.41556743,0.5232551,0.7602017,0.34463426,4.793197,2.0546257,3.150702,1.0333755,0.300797,0.5327201,29.533527,0.18245333,8.9573145,1.0275259,-4.6301446,-1.5410441,-7.549823,-1.0879308,0.048026912,1.5456681,1.248427,0.3495076,5.145406,0.5834721,2.9847457,3.9992557,30.354002,0.35991463,708.09576,0.345791,1394.4977,0.13033304,-164.19102,-0.42547548,1750.2854,0.19418266,1105.7626,0.16328645,-156.18616,-0.46242177,2933.7148,0.09835487,927.4654,0.213051,-158.96425,-0.42508495,-13.277871,-0.6342184,29.937458,0.25464967,0.014958859,0.7950389,-0.022952497,-0.600032,0.34154058,0.37295276,33.219715,0.13121018,8.5337515,1.1730008,-7.386115,-1.3765256,-11.230765,-0.89045274,-12.748206,25.587736,0.011810323,-0.017843982,0.2968535,2.631579,3.4013608,0.061999995,0.03487119,0.175,0.15074813,-25.814405,11,16-2,0,SPEAKER_01,0.0,7.133333,0.63846875,2.17409375,1,1.535625,disengaged
38.945415,0.021302762,38.682114,39.194786,39.509647,0.8275337,24.093346,14.885371,17.662458,7.290525,0.66163427,0.3555662,0.49049482,0.6276286,0.75866055,0.26816574,5.69247,4.6219254,-0.07993971,3.141461,0.3068973,0.43563873,26.661825,0.34178883,12.273347,0.4562792,-6.9600887,-1.1928568,-8.184395,-1.1464918,0.02895819,0.45292446,1.5872028,0.29604864,6.375631,0.49700218,4.3593016,2.2879908,31.26346,0.22868332,803.25867,0.19199874,1294.042,0.1506266,-171.25046,-0.38913062,1874.7639,0.115335114,1021.18,0.26460037,-170.21043,-0.3671273,3020.221,0.0684434,844.9912,0.17576389,-171.92044,-0.3430399,-18.216667,-0.14854243,29.254435,0.15538554,0.010706277,1.0762873,-0.030994432,-0.24869606,0.3574009,0.476566,32.971,0.07774636,11.245644,0.38032842,-2.5744328,-2.8796675,-11.241001,-0.76483107,-12.42451,25.120602,0.013221451,-0.022086283,0.28255704,3.8674035,1.7241379,0.09333333,0.06847546,0.3475,0.2182172,-26.367472,11,16-2,0,SPEAKER_01,0.0,7.133333,2.4778437500000003,4.30034375,1,1.8225,disengaged
38.596622,0.018045316,37.692337,38.942677,39.220615,1.5282784,12.757786,4.681363,5.8458056,0.0,0.7627069,0.4615415,0.46106452,0.6456425,1.0656495,0.604585,5.6578045,3.7888937,2.6719866,0.95084906,0.3619279,0.44989032,28.752645,0.22473943,4.1435657,2.1193035,0.12686108,55.033077,-8.419838,-0.9106024,0.016842624,0.58234787,1.4129168,0.45890278,6.3921413,0.4175539,6.928192,1.2810415,25.65478,0.3425866,689.7159,0.18377937,1450.985,0.13181776,-140.64606,-0.62501127,1742.6595,0.1147531,1175.2004,0.311753,-136.96141,-0.6109086,2757.3877,0.060205672,1029.3589,0.14489903,-138.58441,-0.59146833,-14.418496,-0.22396582,23.015825,0.34271434,0.026430301,0.41112554,-0.03390482,-0.22050683,0.46305573,0.36245227,29.995996,0.15415218,2.5976517,2.3200119,-2.570848,-2.949102,-13.993066,-0.38210773,-12.5535755,24.147022,0.014995294,-0.016401466,0.3211619,3.5714285,2.222222,0.14666666,0.13888444,0.21,0.10839742,-24.607027,11,16-2,0,SPEAKER_01,0.0,7.133333,4.620968749999999,6.03846875,1,1.4175,disengaged
0.0,0.0,0.0,0.0,0.0,0.0,0.0,0.0,0.0,0.0,0.41757923,0.08820275,0.38791543,0.41438583,0.45300305,0.06508762,3.9960058,0.0,-1.9572579,2.4012003,0.18133281,0.36775088,33.487316,0.05012908,8.553731,0.28929472,3.9030387,0.4968744,-6.724031,-0.17848082,0.0,0.0,0.0,0.0,0.0,0.0,0.0,0.0,0.0,0.0,0.0,0.0,0.0,0.0,-201.0,0.0,0.0,0.0,0.0,0.0,-201.0,0.0,0.0,0.0,0.0,0.0,-201.0,0.0,0.0,0.0,0.0,0.0,0.0,0.0,0.0,0.0,0.0,0.0,0.0,0.0,0.0,0.0,0.0,0.0,0.0,0.0,-15.750927,31.402143,0.0028286832,-0.015518791,0.17140394,14.285714,0.0,0.0,0.0,0.0,0.0,-31.615396,11,16-2,0,SPEAKER_01,0.0,7.133333,6.08909375,6.17346875,1,0.084375,disengaged
42.21009,0.11209291,37.933666,40.899414,48.198948,10.265282,1.0389965,0.0,151.37749,0.0,0.67547375,0.2884228,0.5380382,0.6369402,0.8218174,0.2837792,6.9618454,5.6770434,5.3221736,2.4781818,0.36755258,0.45345134,28.454912,0.15414867,3.427899,1.965987,6.63872,1.0837308,-14.497534,-0.43963957,0.045578763,0.58202416,1.9675766,0.52250457,8.021656,0.14982419,19.430569,0.5150436,19.874079,0.5448615,479.5816,0.33636335,1394.9385,0.08193346,-186.09402,-0.25208703,1668.6016,0.08612256,1109.499,0.15474631,-166.15639,-0.37661695,2714.225,0.024349,961.79974,0.15824173,-166.07416,-0.37534848,-15.851237,-0.19686699,24.530891,0.2074449,0.014751295,0.99969816,-0.035609655,-0.0858329,0.4117295,0.3270642,26.353,0.124352805,3.5266588,2.2399957,6.4204698,1.6171376,-14.997173,-0.40659368,-14.580162,22.317463,0.015914563,-0.031649258,0.3734939,5.7971015,4.6875,0.03,0.008164966,0.12,0.0441588,-25.197994,11,16-2,0,SPEAKER_01,0.0,7.133333,6.342218750000001,7.050968750000001,1,0.70875,disengaged
36.464516,0.2235843,33.59508,39.87602,40.443314,6.8482323,126.35298,0.0,-103.49341,0.0,0.8718,0.1648997,0.7558296,0.90111256,1.0085602,0.2527306,3.887003,0.99085927,2.255629,1.7981112,0.44651031,0.33053836,28.402945,0.19699468,2.527253,4.184922,0.7377111,13.640754,-9.497411,-0.56578135,0.101354815,1.5656134,1.2107778,0.58418435,7.565182,0.4666601,3.5950353,3.024934,25.787796,0.29939783,785.86316,0.23884194,1378.1194,0.057186816,-132.89238,-0.6225095,1849.8141,0.115151726,1329.4391,0.3073068,-126.26473,-0.6074325,2797.7498,0.11094865,939.2395,0.24355744,-128.12057,-0.5856144,-19.713394,-0.49251986,31.039478,0.31352618,0.013390267,1.0217496,-0.026343875,-0.33407438,0.39589646,0.29312795,29.185112,0.20155066,10.263314,1.1355041,5.5828986,2.0982063,-9.425463,-0.44223958,-10.4808035,20.557516,0.008739937,-0.024673149,0.5037575,6.25,5.172414,0.07333333,0.06847546,0.09666667,0.06798693,-20.429731,11,16-2,1,SPEAKER_01,7.166667,23.2,8.265968750000003,8.92409375,1,0.658125,engaged
0.0,0.0,0.0,0.0,0.0,0.0,0.0,0.0,0.0,0.0,0.4461954,0.065578096,0.4138806,0.454091,0.46943778,0.05555719,0.60112923,0.43906078,1.4947137,0.28533888,0.21427484,0.24968529,29.30751,0.041338973,15.382963,0.15832122,3.8059676,0.34763992,-12.758586,-0.16917585,0.0,0.0,0.0,0.0,0.0,0.0,0.0,0.0,0.0,0.0,0.0,0.0,0.0,0.0,-201.0,0.0,0.0,0.0,0.0,0.0,-201.0,0.0,0.0,0.0,0.0,0.0,-201.0,0.0,0.0,0.0,0.0,0.0,0.0,0.0,0.0,0.0,0.0,0.0,0.0,0.0,0.0,0.0,0.0,0.0,0.0,0.0,-18.441372,26.171162,-0.00033858579,-0.027280947,0.23768556,14.285714,0.0,0.0,0.0,0.08,0.0,-29.791351,11,16-2,1,SPEAKER_01,7.166667,23.2,10.29096875,10.442843750000002,1,0.151875,engaged
0.0,0.0,0.0,0.0,0.0,0.0,0.0,0.0,0.0,0.0,0.4103111,0.14586926,0.36466935,0.37512058,0.47647554,0.111806184,0.55534446,0.0,2.4024124,0.0,0.1811199,0.38207135,30.162025,0.052717026,17.619421,0.14751327,4.6395755,0.6396253,-8.144074,-0.33860433,0.0,0.0,0.0,0.0,0.0,0.0,0.0,0.0,0.0,0.0,0.0,0.0,0.0,0.0,-201.0,0.0,0.0,0.0,0.0,0.0,-201.0,0.0,0.0,0.0,0.0,0.0,-201.0,0.0,0.0,0.0,0.0,0.0,0.0,0.0,0.0,0.0,0.0,0.0,0.0,0.0,0.0,0.0,0.0,0.0,0.0,0.0,-16.597986,30.176813,-0.0007982695,-0.019137973,0.14962113,10.000001,0.0,0.0,0.0,0.04,0.0,-29.139183,11,16-2,1,SPEAKER_01,7.166667,23.2,10.61159375,10.72971875,1,0.118125,engaged
37.412777,0.09483212,35.570053,37.746067,40.259647,4.6895943,142.5513,113.264725,52.730103,35.73341,0.61094844,0.3831063,0.432979,0.53017384,0.751812,0.318833,4.539457,3.3659587,3.6202288,1.6332604,0.3113472,0.59999317,29.546022,0.16266897,10.662837,0.7390738,-5.7394924,-1.2976446,-10.860406,-0.9305693,0.0289382,2.0876448,1.3487866,0.37212494,5.1964116,0.531789,5.8298097,1.7292349,32.400787,0.17561524,696.2155,0.21195883,1369.9474,0.12623365,-146.95995,-0.5602307,1717.8071,0.13578846,1090.0668,0.24275577,-146.08109,-0.5315584,2902.721,0.08432929,871.0213,0.40313366,-149.85464,-0.4816062,-15.503213,-0.30865845,28.736359,0.15571506,0.017280597,0.5519194,-0.032483675,-0.35992464,0.37809724,0.6177474,32.061745,0.12676498,9.025961,0.7472153,-8.1968355,-1.1137705,-18.659561,-0.56991905,-14.49057,26.37892,0.007031303,-0.023744168,0.2869045,3.250478,3.4749036,0.07666666,0.03929942,0.20176469,0.18404716,-25.556242,11,16-2,1,SPEAKER_01,7.166667,23.2,11.961593750000002,17.20971875,1,5.248125,engaged
34.861496,0.19494696,34.693394,37.06384,38.091454,3.3980598,9.405305,4.1566753,107.96595,0.0,0.56602883,0.28228307,0.44955054,0.52028465,0.6445665,0.19501594,3.7446027,1.8739114,1.2239947,1.0311036,0.31070864,0.5844215,27.477217,0.18212874,15.116697,0.3847894,-1.9833162,-2.7204874,-7.8410645,-1.038921,0.027315177,0.6065759,1.6859645,0.4032772,4.935992,0.43274653,4.499426,2.1278539,30.271816,0.16776435,705.521,0.23977697,1398.8071,0.14859918,-169.15813,-0.37337473,1778.5444,0.13427003,1135.5789,0.14577462,-168.81044,-0.35646355,2841.3699,0.07732294,910.2011,0.38507012,-169.80505,-0.34346527,-18.686802,-0.25171676,29.61536,0.15783596,0.018740281,0.6412436,-0.029191125,-0.24411657,0.33074775,0.3216298,29.518906,0.121870965,16.29226,0.43361884,-2.054035,-2.6833827,-13.597638,-0.6055769,-15.468131,25.821924,0.0033840737,-0.02409853,0.30141202,3.082192,3.4843206,0.043,0.03822303,0.20272727,0.15673317,-26.250595,11,16-2,1,SPEAKER_01,7.166667,23.2,17.64846875,20.58471875,1,2.93625,engaged
33.572437,0.15464005,34.508507,34.79753,36.158947,1.6504402,124.04453,153.40834,118.526054,104.01096,0.5997458,0.2435658,0.48447964,0.572963,0.66397095,0.17949131,3.4517922,1.6420412,2.2355003,1.3762755,0.24418177,0.3331438,24.754965,0.22413899,13.639939,0.6551922,-1.3416533,-5.8421803,-12.846871,-0.6746957,0.028549358,0.87650526,1.65232,0.46090534,3.543727,0.41274393,0.30805606,36.501877,26.9861,0.32600605,692.23596,0.26361156,1420.1674,0.1495191,-139.35762,-0.61074466,1705.3706,0.1446706,1242.7783,0.19311632,-140.90611,-0.5551582,2762.6301,0.10552735,840.712,0.34865522,-142.86824,-0.52905095,-16.885618,-0.2151226,25.392925,0.1572754,0.02149414,0.49376073,-0.032418184,-0.25457352,0.28005698,0.32390374,25.48139,0.20220862,16.268133,0.69401,-4.5609884,-1.4509933,-17.078005,-0.44973877,-14.4587345,23.337473,0.015340794,-0.02634019,0.23020661,4.929578,4.4117646,0.065,0.05315073,0.17,0.12601587,-27.834347,11,16-2,1,SPEAKER_01,7.166667,23.2,21.765968750000003,23.2,1,1.4340625,engaged
0.0,0.0,0.0,0.0,0.0,0.0,0.0,0.0,0.0,0.0,0.63264537,0.22288881,0.49379054,0.63160473,0.75542086,0.26163033,6.64792,2.892393,1.9503825,2.197195,0.35203838,0.51704705,19.551947,0.19462252,12.308922,0.41840145,2.837763,1.1418118,-0.14896496,-44.875164,0.0,0.0,0.0,0.0,0.0,0.0,0.0,0.0,0.0,0.0,0.0,0.0,0.0,0.0,-201.0,0.0,0.0,0.0,0.0,0.0,-201.0,0.0,0.0,0.0,0.0,0.0,-201.0,0.0,0.0,0.0,0.0,0.0,0.0,0.0,0.0,0.0,0.0,0.0,0.0,0.0,0.0,0.0,0.0,0.0,0.0,0.0,-13.67255,22.505333,-0.012381752,-0.019300839,0.38253587,9.67742,0.0,0.0,0.0,0.25,0.0,-27.4163,11,16-2,2,SPEAKER_01,23.233333,28.666667,23.233333,23.554718750000003,1,0.321375,disengaged
36.547874,0.124318734,36.019512,36.77847,39.375416,3.3559036,245.27832,224.46991,22.729027,29.773186,0.50944674,0.34648883,0.38298267,0.49227744,0.66872525,0.28574258,2.9996774,2.16147,2.8640409,1.7147391,0.25439703,0.43105707,30.489637,0.22725005,10.206189,0.6309339,-3.4452116,-2.6744585,-10.984619,-0.70876175,0.028103689,0.7335296,1.3641073,0.4341711,5.1300945,0.49470568,4.0321965,2.9625714,28.810947,0.24260677,762.3674,0.21126294,1399.7681,0.15589026,-127.042076,-0.69524115,1768.7166,0.12571935,1323.5828,0.34811908,-130.69234,-0.6259664,2874.6719,0.08069638,924.61237,0.34107038,-134.24619,-0.57613486,-16.292261,-0.34090555,30.254105,0.1558095,0.018615743,0.61481553,-0.024419887,-0.40065718,0.30289415,0.30892855,33.377934,0.07209131,8.637684,0.77486783,-7.0138693,-1.6950446,-14.600265,-0.5470803,-15.102609,26.231827,0.018072383,-0.01721687,0.23638126,4.0404043,3.1413612,0.11666667,0.0692018,0.15428571,0.08748177,-27.363451,11,16-2,2,SPEAKER_01,23.233333,28.666667,24.297218750000003,26.28846875,1,1.99125,disengaged
43.385452,0.06407463,40.283264,43.79659,45.737225,5.4539604,14.968412,0.79419756,511.8348,362.06198,0.7381062,0.37493938,0.4473049,0.72089875,1.0075476,0.5602427,7.4435563,3.0579882,2.0249324,1.8730752,0.30840814,0.46064192,30.49356,0.12547784,5.046761,1.7317762,-10.218546,-0.88551056,-11.538605,-0.9836186,0.020557096,0.90009665,1.2162439,0.46329275,7.9623737,0.2457909,3.1682413,2.621086,27.77615,0.2867445,769.062,0.1996465,1395.043,0.17291234,-95.191345,-0.9830466,1738.3397,0.124562286,1175.4225,0.19531232,-92.67781,-0.9215059,2864.1147,0.06572661,929.08435,0.26118335,-99.857124,-0.796921,-10.88731,-0.53704256,26.523283,0.25251135,0.020862462,0.37809354,-0.02207018,-0.48734638,0.35128158,0.46612334,29.667889,0.12902592,1.3710682,5.9314585,-13.487313,-0.68288314,-15.43672,-0.79451925,-14.682207,29.904919,0.0070940983,-0.021782901,0.2685005,3.90625,3.2520325,0.1725,0.1411338,0.114999995,0.08381527,-24.150826,11,16-2,2,SPEAKER_01,23.233333,28.666667,27.36846875,28.666667,1,1.2981875,disengaged
40.957523,0.018605031,40.234955,41.065277,41.703712,1.4687576,37.802124,0.0,7.4195,0.0,0.58160615,0.21231732,0.47346982,0.59202766,0.68024856,0.20677873,3.6353726,3.6817393,3.7358017,1.301217,0.2998573,0.30849057,34.277897,0.08986578,9.072752,0.4425676,-3.7509363,-1.6889949,-12.419576,-0.5721689,0.031967573,0.46386668,1.3126781,0.33445677,7.3283277,0.23612434,4.9261193,0.5713151,30.444553,0.18960577,823.7718,0.14294326,1260.8815,0.11776011,-95.99702,-0.9196676,1841.6488,0.10214721,1148.0098,0.12767382,-103.03324,-0.75723416,2955.54,0.05792318,801.81647,0.21145155,-107.119545,-0.69743234,-19.782068,-0.08805886,34.052387,0.09619161,0.008393176,1.4307598,-0.02808884,-0.16236466,0.33222932,0.29161176,35.248714,0.08905583,10.007882,0.3751395,-5.0407996,-1.5093058,-15.580502,-0.4257632,-17.358513,29.443613,0.011594275,-0.027461631,0.29620445,5.633803,4.545455,0.11666667,0.057348836,0.08333333,0.012472192,-25.346056,11,16-2,3,SPEAKER_01,28.7,50.266667,28.7,29.42721875,1,0.7271875,engaged
42.90866,0.031715218,41.80191,42.73337,44.099777,2.2978668,19.471405,5.6582747,11.161388,17.063013,0.7389545,0.3563431,0.45890522,0.73929626,1.0125823,0.5536771,6.0120583,2.0235536,5.1790943,2.2387307,0.30374002,0.38110673,28.389091,0.17267884,7.8120146,0.99870205,-9.235514,-0.91633344,-20.73199,-0.54113245,0.012189612,0.6012332,0.9520608,0.45390496,8.77763,0.19616686,12.987903,0.8184795,32.65782,0.20497224,712.61536,0.20733386,1383.3157,0.105055265,-91.49641,-1.0668695,1742.3844,0.103481896,1150.9939,0.22220741,-88.63232,-0.9630497,2869.3906,0.055565637,884.2789,0.4330159,-94.629974,-0.85269254,-14.093668,-0.498941,27.295742,0.15242596,0.010966973,0.8143527,-0.031763673,-0.43085545,0.31910226,0.31483614,26.902552,0.18922684,6.0667686,1.4263963,-11.662149,-0.65126234,-25.252533,-0.40001515,-15.502298,28.777138,0.0029799542,-0.02862286,0.29519692,3.6697247,3.286385,0.17428571,0.11684631,0.095,0.042426404,-23.549952,11,16-2,3,SPEAKER_01,28.7,50.266667,33.08909375,35.282843750000005,1,2.19375,engaged
37.106228,0.12609047,37.979332,38.27475,38.399456,0.42012405,-63.297802,51.303158,13.278508,0.0,0.49194428,0.5039693,0.32771933,0.3704184,0.7546151,0.4268958,5.096685,3.6940587,3.694764,1.5914701,0.24001625,0.6687089,28.487066,0.23979259,11.589514,0.38386297,-2.8259091,-2.6157498,-15.715658,-0.8600661,0.012370267,0.92104083,1.1032771,0.4494669,6.6117644,0.44839776,-1.3702708,-5.2716184,28.388845,0.18769124,768.8848,0.12304817,1367.3347,0.15535894,-147.60797,-0.5792768,1787.7306,0.11324379,1235.9126,0.2662425,-151.41399,-0.50551987,2900.6843,0.057309356,812.0777,0.340438,-152.5325,-0.49076554,-17.038244,-0.21805143,26.665579,0.21999308,0.023094106,0.41143364,-0.038112532,-0.2981306,0.36945096,0.5527962,26.745262,0.17036802,10.096157,0.43994874,-7.7544584,-1.3950783,-32.87696,-0.26393738,-17.140675,29.481941,0.00715819,-0.021665981,0.20597771,2.6455026,2.1739132,0.1175,0.051173724,0.256,0.2984359,-26.702768,11,16-2,3,SPEAKER_01,28.7,50.266667,36.04221875,37.94909375,1,1.906875,engaged
42.8086,0.03679914,41.333763,42.777306,44.249313,2.9155502,19.215185,5.8669386,6.2593746,12.710004,0.9548333,0.47747308,0.48892146,0.8988581,1.4834573,0.99453586,7.7806125,4.3656354,5.7296567,3.3149228,0.38883469,0.49513525,24.75441,0.25983053,2.4580464,4.0123553,-3.803496,-1.943946,-23.325832,-0.5324119,0.014540704,1.1894445,0.97333467,0.5367114,9.629021,0.2706537,9.578174,0.8425378,24.87259,0.23827821,713.9685,0.22639313,1407.4696,0.10540201,-99.13062,-0.98916054,1726.8658,0.13640085,1220.9606,0.27279922,-87.62553,-0.99037373,2801.5232,0.083124615,817.1555,0.3841538,-90.597664,-0.93143535,-11.44693,-0.46025315,21.522541,0.25795874,0.015792113,0.6949809,-0.027867893,-0.3326259,0.46998718,0.38739482,22.862543,0.22699071,-1.6929358,-5.8587084,-7.0907807,-0.974212,-29.936731,-0.29908612,-13.844655,22.65986,0.007805936,-0.028767772,0.2854747,3.4883723,2.3952096,0.24499999,0.20155643,0.12,0.037416574,-21.105612,11,16-2,3,SPEAKER_01,28.7,50.266667,38.96159375,40.69971875,1,1.738125,engaged
41.34358,0.04423383,39.30763,42.42169,42.608467,3.3008385,0.0,0.0,-0.2613519,0.0,0.64585865,0.47964305,0.3502301,0.5017879,1.0568793,0.7066492,6.7179747,0.63167834,-0.07351971,5.0883265,0.40972966,0.7396561,26.482292,0.16656904,13.065545,0.27580985,0.79633504,6.9714947,-28.963045,-0.6104926,0.048134293,0.67705774,2.1943905,0.63941115,8.483726,0.38382006,21.279818,0.6954346,26.159689,0.2016198,579.9691,0.2798003,1524.4585,0.2961534,-158.2906,-0.46763378,1514.7297,0.17524174,1319.0886,0.28591213,-130.513,-0.61881655,2638.2104,0.05092796,457.7908,0.29817042,-128.8008,-0.64239854,-17.385328,-0.13428576,21.94028,0.11551355,0.01423534,0.65112734,-0.043483637,-0.15329127,0.6090606,0.46778733,23.17388,0.13924107,14.245255,0.24080554,2.4966903,1.284085,-43.300533,-0.30639306,-15.012474,24.011524,0.0013978845,-0.034086492,0.33642513,3.9215686,4.3478265,0.08,0.0,0.08333333,0.012472192,-22.950773,11,16-2,3,SPEAKER_01,28.7,50.266667,41.02034375,41.54346875,1,0.523125,engaged
43.785313,0.036386915,42.447475,43.10012,45.689724,3.2422485,25.361794,0.0,-21.546026,18.692198,0.6577588,0.38049677,0.36680663,0.6353221,0.95998645,0.5931798,2.5632641,1.1715736,4.51574,1.2485069,0.28756633,0.54370797,31.352213,0.115360275,5.1970925,2.0512652,-11.061232,-0.70601463,-9.533352,-1.1601946,0.01980664,0.73143476,1.2541173,0.4283285,7.942134,0.2270514,15.164125,0.5904845,31.5529,0.31009334,663.8471,0.21956486,1346.9385,0.06512101,-103.7946,-0.92302805,1670.7449,0.08180977,1075.5668,0.12540846,-84.310036,-1.0128464,2834.5906,0.10594392,882.59015,0.5597348,-92.47487,-0.8617211,-13.202262,-0.5022898,26.166512,0.3375333,0.014422738,0.6158559,-0.029591944,-0.41244453,0.30576938,0.36448702,31.714626,0.11158351,1.8945936,5.929044,-15.313586,-0.39308476,-11.26631,-1.188356,-15.834253,26.05151,0.0071357335,-0.028922003,0.2883038,3.4883723,2.4691358,0.24499999,0.175,0.089999996,0.021602469,-25.07115,11,16-2,3,SPEAKER_01,28.7,50.266667,46.82534375,47.70284375,1,0.8775,engaged
43.401047,0.087577745,40.373375,40.930893,47.757725,7.38435,25.841469,0.0,-28.247961,0.0,0.82565665,0.32967117,0.6098279,0.7820797,1.0836151,0.4737872,6.2563477,2.5481148,1.564103,2.7777276,0.38822928,0.5000689,27.060091,0.20680971,3.3497686,3.7151215,-5.065686,-1.0545156,-20.566084,-0.6855768,0.036255572,1.3922914,1.493119,0.30175447,6.94493,0.22262238,9.249306,0.512545,25.7063,0.3154267,797.58966,0.17181249,1338.4243,0.112304755,-63.84702,-1.3522395,1762.9592,0.085591435,1090.3098,0.25099656,-67.01028,-1.1832055,2900.889,0.062974356,771.4347,0.31013387,-73.45345,-1.0188584,-11.172537,-0.4623923,21.451086,0.37583953,0.014314361,1.3480735,-0.024660088,-0.53469783,0.38204026,0.4206339,27.873253,0.1826176,-2.9696543,-3.0479746,-6.691026,-0.8043692,-15.862453,-0.45623872,-14.829587,21.855476,0.028768405,-0.033233292,0.48000565,4.4117646,1.5873016,0.45,0.0,0.074999996,0.035,-23.949762,11,16-2,3,SPEAKER_01,28.7,50.266667,48.71534375,49.407218750000006,1,0.691875,engaged
43.589283,0.016426116,42.77754,43.697308,44.27666,1.4991226,26.921246,0.0,-30.187716,0.0,0.6530032,0.47654572,0.40709996,0.47330427,0.97194004,0.5648401,4.633635,2.7187428,4.7471905,1.8310223,0.2770614,0.49925438,27.976555,0.1562425,8.401582,1.0934502,2.2306168,2.3876233,-19.531822,-0.80707717,0.0090162605,0.35205072,0.794942,0.24255979,8.190807,0.22444116,5.114679,1.3915701,19.560698,0.20671295,718.32324,0.26601318,1301.4104,0.17486313,-162.4936,-0.47997138,1715.4586,0.13382678,992.9176,0.18046524,-151.97316,-0.5111242,2817.814,0.07844449,702.0917,0.18099064,-152.85709,-0.4996774,-7.057436,-0.60347146,18.067595,0.37865376,0.015921405,0.51387703,-0.02005501,-0.41938844,0.33211344,0.2032611,25.975706,0.16064654,-2.702651,-2.9097455,-1.4840772,-4.899963,-23.46875,-0.7424809,-15.682832,26.612429,0.010639694,-0.02655872,0.27786148,3.2786884,1.7857143,0.14,0.0,0.195,0.085,-25.977026,11,16-2,5,SPEAKER_01,51.466667,61.933333,51.837218750000005,52.461593750000006,1,0.624375,engaged
42.001495,0.10163209,38.132603,41.700897,46.10434,7.971737,7.66319,14.170437,26.942026,0.0,0.71968406,0.39930707,0.45912394,0.65480876,0.9614833,0.5023594,4.8665037,1.5075521,3.4493206,2.0131502,0.30757436,0.44809163,27.270193,0.21295558,11.20736,0.5906848,-2.2710297,-3.3522375,-24.330374,-0.6619872,0.017646655,0.7074371,1.0842966,0.5289793,8.524194,0.40115508,14.691181,0.70175904,27.86668,0.26602754,738.77435,0.25786942,1418.3035,0.20670466,-86.713875,-1.0523561,1798.2567,0.18722428,1203.7025,0.3402936,-84.21319,-0.9332878,2857.6082,0.089996725,917.56885,0.40502873,-86.647934,-0.88926184,-17.11255,-0.35349932,25.858437,0.30475315,0.021507587,0.87424475,-0.033161987,-0.34586847,0.3498892,0.4078074,25.393326,0.23880933,10.139251,0.6069154,-1.0161258,-8.484191,-31.857162,-0.44721824,-17.284588,29.193619,0.009977768,-0.030441085,0.24511454,4.347826,3.2051284,0.196,0.11271202,0.07833333,0.0676798,-22.534378,11,16-2,5,SPEAKER_01,51.466667,61.933333,52.83284375,54.45284375000001,1,1.62,engaged
38.38403,0.033271875,36.758358,39.052307,39.422646,2.6642876,43.70679,35.279186,7.060264,13.104966,0.59244597,0.27044994,0.44053772,0.5775084,0.7355262,0.29498848,3.7432349,2.3480713,2.290832,0.9866727,0.37408933,0.3731754,33.41421,0.14718859,13.2831135,0.52481145,-3.6155775,-1.8998982,-5.7680717,-1.3827119,0.020426935,0.4138387,1.294408,0.66331637,8.880419,0.45336,9.949639,1.3104426,35.024647,0.23327357,747.72125,0.16308081,1511.6593,0.12206955,-181.7403,-0.2929062,1827.6437,0.123597644,1296.82,0.15036449,-182.68759,-0.26910868,2961.3145,0.067765616,1033.642,0.1846511,-183.3425,-0.25844577,-24.39796,-0.24111807,37.3188,0.17224513,0.013008314,0.42883253,-0.032603674,-0.15288207,0.47250956,0.19178425,37.218338,0.045500398,17.030853,0.47285745,-0.48647666,-18.866333,-16.089075,-0.2623241,-16.878109,30.035385,0.0025134406,-0.025775407,0.3605313,5.1194544,1.0416667,0.09666667,0.08055364,0.63,0.5379591,-23.874832,11,16-2,5,SPEAKER_01,51.466667,61.933333,58.992218750000006,61.933333,1,2.941125,engaged
33.957603,0.01925875,33.36429,33.952232,34.27598,0.9116936,8.551266,0.0,-20.985031,0.0,0.6201406,0.28480992,0.4537418,0.5713802,0.79144514,0.33770335,2.5960975,0.65720725,4.072711,1.9901032,0.3222282,0.30685663,34.341537,0.16207951,9.515638,0.6605103,-1.380406,-3.626804,-10.336471,-0.7325318,0.01828506,1.1976677,1.0070696,0.46991554,6.247008,0.21688002,-0.8418112,-3.7250545,30.156546,0.15346798,758.4539,0.10537166,1384.3805,0.15140255,-134.20242,-0.668673,1800.9329,0.06738123,1014.2376,0.26149487,-138.85768,-0.60169685,2842.3557,0.07107492,1071.4113,0.3892598,-142.67639,-0.5486132,-17.202253,-0.19069847,26.686478,0.22772439,0.019706454,0.5503844,-0.03879758,-0.14148398,0.34031743,0.17588958,36.478554,0.055760827,4.6638875,1.1109235,-2.1266584,-2.5435545,-12.264151,-0.4868496,-16.32882,28.663218,0.0039316253,-0.02816775,0.3291876,4.761905,2.0,0.16,0.099999994,0.21,0.13638182,-25.267735,11,16-2,5,SPEAKER_02,51.466667,61.933333,56.52846875,57.59159375,1,1.063125,engaged
37.910988,0.05280892,34.78712,38.93666,39.410686,4.6235657,81.21433,0.0,9.461182,16.563757,0.4261816,0.2678234,0.3671536,0.4094577,0.4982905,0.1311369,1.1052948,1.4730295,2.261791,0.803548,0.21397802,0.40762883,29.525234,0.24452746,14.037636,0.46267146,-3.6501644,-1.9932251,-6.029797,-1.200873,0.026962675,0.36414793,1.9119854,0.5835877,6.7678638,0.45504752,1.7338613,3.8549638,29.499224,0.17071943,735.5841,0.19371545,1354.1665,0.10083941,-171.73059,-0.37159723,1805.2635,0.10490199,1137.4625,0.11587906,-172.86118,-0.3329947,2902.361,0.08430257,1034.7734,0.3281385,-173.69832,-0.3228733,-19.916702,-0.28760567,31.954842,0.25081015,0.01271309,0.70927477,-0.029025383,-0.1476678,0.30148894,0.29479113,35.76962,0.05270304,14.619772,0.40068382,-2.4458659,-4.370802,-11.340619,-0.47403383,-16.569916,27.726387,0.004236425,-0.02493454,0.20767364,3.0769231,2.4,0.06,0.008164966,0.25,0.088600226,-28.769646,11,16-2,6,SPEAKER_01,61.966667,63.533333,61.966667,63.27846875,1,1.3118125,disengaged
37.215427,0.05015752,34.782288,38.107285,39.115856,4.3335686,121.313965,110.61931,30.558306,39.560345,0.4994605,0.2764539,0.3848713,0.4503607,0.62166613,0.23679483,2.9331183,1.82212,1.9325114,1.235042,0.2658817,0.36966464,32.127247,0.14747076,13.800481,0.52929914,-4.620284,-1.6629078,-7.3513474,-1.138653,0.019150198,0.7234543,1.1875247,0.48458812,6.77712,0.5123912,4.510326,2.3715587,31.686451,0.314643,742.71716,0.19391257,1399.9376,0.13736881,-162.40941,-0.4508595,1805.104,0.13330512,1215.7212,0.21631984,-162.49907,-0.4264793,2900.4263,0.087819986,949.29407,0.2248526,-164.53891,-0.39790946,-18.409468,-0.4330551,30.981525,0.25925815,0.01991233,0.5550963,-0.03278819,-0.24412787,0.34204602,0.30277506,35.348995,0.07461969,10.191389,1.0835017,-7.411731,-1.4837898,-15.238527,-0.48809695,-17.021917,29.43969,0.0048413873,-0.024465678,0.24453263,3.7861917,2.027027,0.09777778,0.05431958,0.337,0.225834,-25.910566,11,16-2,7,SPEAKER_01,63.566667,88.8,64.02096875000001,68.52659375,1,4.505625,engaged
35.938587,0.032907687,34.51845,35.835274,37.116066,2.5976143,158.05963,124.791595,7.6214046,9.379202,0.5272256,0.24561138,0.4145353,0.48756713,0.6380319,0.22349659,2.6931386,1.7905922,2.0841126,0.9390247,0.2719989,0.31345376,33.231167,0.12932543,8.509915,0.8188409,-7.982395,-1.0429804,-4.7025633,-1.5094191,0.015780428,0.9286187,1.4386379,0.40419033,4.4264116,0.30555713,-5.260695,-1.546634,24.772633,0.33694363,629.2408,0.24533342,1399.1685,0.09144195,-173.80907,-0.36644256,1592.2181,0.14897902,1245.888,0.11911114,-174.68582,-0.34985173,2702.6338,0.10526241,1077.3971,0.18645497,-176.8636,-0.31656456,-11.54987,-0.59239227,28.281157,0.19458021,0.0052397777,2.3519044,-0.020461276,-0.6030717,0.2982782,0.20595895,35.499428,0.06538687,3.1465788,2.1489637,-15.064125,-0.59013367,-9.994336,-0.7996529,-14.3408785,27.967752,0.0013307752,-0.022483097,0.26972374,5.379747,1.9292605,0.061666664,0.026718698,0.37285712,0.20295772,-28.297153,11,16-2,7,SPEAKER_01,63.566667,88.8,68.98221875,72.15471875,1,3.1725,engaged
42.719196,0.016017288,42.311306,42.55933,43.62274,1.3114357,12.837917,3.1589403,-1.3881364,4.0476036,0.5949124,0.39063618,0.37262565,0.50760627,0.8693742,0.49674857,4.666014,1.5237943,1.6536872,1.5971044,0.2892256,0.45446894,28.272707,0.22387812,15.396696,0.32906464,-3.576801,-1.7605075,-18.094362,-0.8146116,0.012166583,0.7923187,1.1382262,0.26300073,8.171116,0.2718063,17.608751,0.3602855,30.599434,0.35000387,637.2028,0.26874617,1418.2899,0.12989777,-151.1503,-0.5315996,1725.1917,0.1574689,1310.027,0.14814007,-136.31946,-0.58375317,2775.691,0.08947913,904.8825,0.38994515,-136.59705,-0.58028,-18.05447,-0.23429766,25.742653,0.27909938,0.008077177,1.697223,-0.040776063,-0.17711385,0.37435037,0.4306566,22.97487,0.24369597,17.745655,0.30602798,-7.476641,-0.92749804,-33.646942,-0.25044477,-17.954473,29.143202,-0.0044738757,-0.029779438,0.25120682,3.3333335,3.478261,0.095,0.03905125,0.136,0.07391887,-24.85623,11,16-2,7,SPEAKER_01,63.566667,88.8,74.51721875,75.73221875,1,1.215,engaged
40.94825,0.01819783,39.946373,41.408367,41.619797,1.6734238,7.9160576,2.7012894,4.895605,7.804787,0.7655481,0.5769415,0.3795903,0.73154867,1.2400156,0.86042535,3.0071452,2.1161969,4.667655,0.5741575,0.3008298,0.53564906,22.294275,0.41171157,6.089678,1.5509758,-10.6739235,-0.78277177,-17.149368,-0.8221572,0.007726152,0.7540561,1.0920559,0.57572085,7.923584,0.554968,5.332556,1.664261,15.144812,3.3998256,766.3541,0.24605925,1331.3296,0.18093531,-83.415825,-1.1909846,1745.9741,0.123061076,1063.673,0.33234766,-82.41001,-1.0782137,2880.3643,0.096072786,999.0742,0.49684742,-90.20211,-0.91451234,-10.99501,-0.72430724,21.053095,0.35319242,0.008718663,3.4239717,-0.022529006,-1.3366116,0.39536652,0.4412502,22.446608,0.2865708,2.143042,4.3865523,-15.652657,-0.4851867,-24.401066,-0.49530396,-17.909485,25.80216,0.021154616,-0.015902214,0.24431123,2.631579,2.8169014,0.21,0.07,0.07333333,0.04784233,-23.29902,11,16-2,7,SPEAKER_01,63.566667,88.8,76.13721875,76.91346875,1,0.77625,engaged
39.85475,0.058982264,37.701485,40.670837,41.730495,4.029011,12.434789,0.0,-49.238255,0.0,0.6667379,0.47610795,0.37210834,0.52774847,1.0264616,0.65435326,5.822739,1.76983,5.333582,1.7791535,0.34918097,0.5799218,27.778624,0.1976208,10.275739,0.6576666,-3.5587974,-2.4760628,-17.046822,-0.87194294,0.02323917,0.6305093,1.224571,0.53185225,7.07774,0.34738365,7.5339084,0.6017679,33.412025,0.15585579,739.6362,0.17382188,1378.0969,0.13089518,-118.39431,-0.7973752,1797.4266,0.11969843,1055.5522,0.17064798,-115.78844,-0.74552774,2895.154,0.058938067,766.8832,0.28448093,-120.086,-0.6782176,-15.932618,-0.23399502,25.816822,0.17881042,0.0063686958,2.0982711,-0.041106917,-0.16563393,0.48599544,0.4200016,24.682522,0.24380611,9.186943,1.0075282,-9.352823,-0.9304892,-28.918428,-0.43097296,-16.787025,28.661802,-0.006268426,-0.026874932,0.25709635,3.529412,3.7500002,0.11333333,0.044969123,0.0975,0.048669804,-24.226814,11,16-2,7,SPEAKER_01,63.566667,88.8,77.52096875000001,78.38159375000001,1,0.860625,engaged
44.598618,0.061129812,41.979004,44.282673,47.599194,5.6201897,15.752611,0.0,-33.826622,0.0,0.84155273,0.29087532,0.6927832,0.85393745,1.0154384,0.32265526,5.339727,5.329454,4.534833,1.0257757,0.4693631,0.5939168,31.543339,0.15657973,8.438436,0.6763556,-8.21914,-0.9825997,-24.023531,-0.49061146,0.029038321,0.850304,1.2287683,0.39424548,9.780565,0.34680545,12.077345,0.64527094,30.725695,0.2171861,823.1747,0.16241752,1313.1351,0.19825532,-56.922382,-1.3708305,1833.2977,0.11469958,1216.0825,0.23563455,-66.21141,-1.0222129,2960.1926,0.05757636,874.538,0.3168337,-72.71185,-0.8844557,-19.41975,-0.20348471,32.50641,0.17597812,0.027888648,0.7554161,-0.029093381,-0.39060426,0.48731488,0.600364,31.459543,0.16446747,7.3287544,0.8131404,-9.176583,-0.8453449,-25.183617,-0.45512405,-18.932705,31.60314,0.008189459,-0.031205744,0.4877038,5.2083335,2.1978023,0.345,0.074999996,0.056666665,0.012472191,-20.007133,11,16-2,7,SPEAKER_01,63.566667,88.8,82.93784375,83.91659375,1,0.97875,engaged
47.681847,0.041338645,45.389008,48.25294,49.59239,4.2033806,26.22217,0.0,-44.253212,0.0,1.077529,0.42975932,0.55234337,1.0825359,1.5723915,1.0200481,7.8125877,6.870095,6.9542704,3.956108,0.57611334,0.40263203,25.543083,0.14909409,1.9064431,4.537738,-5.4031634,-0.86322606,-22.045103,-0.41760963,0.023011127,1.2268543,1.3016261,0.8164996,10.79945,0.24687684,21.455013,0.23013824,25.668846,0.23754011,848.345,0.15466958,1115.3048,0.19943239,-63.773216,-1.3495231,1982.9889,0.14570521,1059.073,0.49002728,-74.820496,-0.96882737,2868.457,0.06329833,999.11865,0.23054914,-75.55137,-0.9559426,-14.427901,-0.32468,22.66347,0.19852683,0.041002057,0.45842177,-0.021062344,-0.45806807,0.6869171,0.23869754,23.999588,0.098212935,-2.681084,-2.7315238,-7.7918515,-0.3978429,-26.431704,-0.26377234,-18.718197,27.892187,0.006976241,-0.028829386,0.44415495,3.7037039,4.0816326,0.16499999,0.125,0.036666665,0.016996732,-18.495388,11,16-2,7,SPEAKER_01,63.566667,88.8,84.91221875000001,85.46909375,1,0.556875,engaged
0.0,0.0,0.0,0.0,0.0,0.0,0.0,0.0,0.0,0.0,0.4059682,0.035724286,0.39507693,0.4129857,0.41675615,0.021679223,0.0,0.0,-0.006869531,0.0,0.14703523,0.29001063,18.288784,0.12965892,21.731825,0.020006763,-10.009538,-0.18120065,5.37395,0.4101066,0.0,0.0,0.0,0.0,0.0,0.0,0.0,0.0,0.0,0.0,0.0,0.0,0.0,0.0,-201.0,0.0,0.0,0.0,0.0,0.0,-201.0,0.0,0.0,0.0,0.0,0.0,-201.0,0.0,0.0,0.0,0.0,0.0,0.0,0.0,0.0,0.0,0.0,0.0,0.0,0.0,0.0,0.0,0.0,0.0,0.0,0.0,-14.949265,23.454779,-0.014797253,-0.019585771,0.0,0.0,0.0,0.0,0.0,0.0,0.0,-33.598705,11,16-2,7,SPEAKER_02,63.566667,88.8,85.46909375,85.53659375000001,1,0.0675,engaged
38.742672,0.034148697,37.356636,38.428432,40.327156,2.97052,17.757399,0.0,-13.668895,0.0,0.4704633,0.24959219,0.35418916,0.4387881,0.5992596,0.24507046,2.886404,0.9826996,1.3098904,1.1498533,0.2397765,0.36172417,29.966728,0.15308136,15.732198,0.2059546,4.812971,1.6591393,-8.285467,-0.638624,0.031422116,0.51792985,1.4512155,0.31942564,7.920486,0.21133836,12.613323,0.40139738,23.257723,0.4379541,777.6185,0.2194991,1288.5302,0.18040456,-144.54532,-0.54809743,1891.6516,0.15602453,978.4414,0.44087538,-140.14185,-0.53895,2913.846,0.09799708,883.92053,0.29529664,-139.84064,-0.5419878,-21.949108,-0.10859285,29.745003,0.16703193,0.008158504,1.3776562,-0.028456781,-0.20459779,0.29919925,0.28463006,31.168865,0.16821617,15.394299,0.2039773,12.958363,0.47262108,-11.990661,-0.35533813,-17.79614,29.443188,0.0011458937,-0.02371593,0.19958828,4.587156,2.970297,0.11333333,0.059066813,0.14999999,0.21377558,-26.461733,11,16-2,7,SPEAKER_02,63.566667,88.8,87.69659375,88.8,1,1.1034375,engaged
36.935535,0.058617637,35.286053,35.40042,39.81415,4.528099,1.1445619,0.0,34.078407,0.0,0.4695567,0.43184683,0.3786612,0.5135343,0.6459642,0.26730302,3.2864738,1.4922017,-0.32100818,1.0944341,0.19833508,0.39836803,28.510305,0.36390132,7.994409,0.61323935,-1.1582924,-8.765977,-7.048828,-0.6859403,0.020762583,0.66281676,1.2636617,0.26870328,6.9708614,0.2541772,3.0902293,0.7195924,25.462334,0.20509335,740.76904,0.13556753,1347.6471,0.07489892,-135.42438,-0.64073944,1668.5941,0.067442715,1103.764,0.15836962,-134.24199,-0.60904336,2847.0408,0.054006968,708.2188,0.21074198,-139.20982,-0.5413439,-15.993945,-0.2635987,31.523823,0.07284345,0.0072580576,1.586752,-0.020759717,-0.40319878,0.22972515,0.1832772,35.71959,0.07333642,6.461186,0.55244976,-4.9549637,-2.29713,-9.966651,-0.2964249,-15.324816,25.755053,0.020782541,-0.0037785496,0.22354881,2.777778,2.9850748,0.114999995,0.035,0.195,0.055,-28.195063,11,16-2,8,SPEAKER_02,88.833333,90.9,88.833333,89.56971875,1,0.736375,disengaged
41.470028,0.02085668,40.72122,41.590168,42.309586,1.5883675,33.583023,0.0,-25.476992,0.0,0.5232581,0.45225915,0.35617003,0.37899885,0.7428706,0.3867006,1.9140277,0.90724057,2.8191817,0.0,0.26447377,0.57204986,28.59675,0.1756613,11.911921,0.5374356,-2.4309733,-2.3428097,-10.154352,-0.79298383,0.039240524,0.8196607,1.0332841,0.26570827,8.803128,0.09285896,11.864996,0.26994535,33.63988,0.080960505,820.4765,0.1880178,1464.9083,0.10693499,-158.59523,-0.48066592,1925.6526,0.12675002,1370.8109,0.14432794,-158.02559,-0.4514988,3019.9468,0.08708199,1078.1039,0.18229234,-159.59023,-0.43079025,-18.478561,-0.12869975,32.79473,0.15713146,0.008911287,0.59055763,-0.03315769,-0.23286659,0.4128333,0.24608447,33.32718,0.13282916,9.172773,0.6987303,-7.922236,-0.6986856,-18.733147,-0.32661343,-16.771532,27.57963,0.0030715032,-0.02539001,0.23482516,1.6393442,1.7857143,0.13,0.0,0.19999999,0.11,-26.05327,11,16-2,8,SPEAKER_02,88.833333,90.9,90.27846875,90.9,1,0.6215625,disengaged
0.0,0.0,0.0,0.0,0.0,0.0,0.0,0.0,0.0,0.0,0.48057723,0.26456025,0.35209194,0.48447585,0.58228874,0.2301968,3.4396813,1.3990518,1.2922583,1.2759823,0.241916,0.36467496,32.231342,0.11650631,8.92677,0.5779285,-3.3254762,-2.71166,-7.5403957,-0.72381604,0.0,0.0,0.0,0.0,0.0,0.0,0.0,0.0,0.0,0.0,0.0,0.0,0.0,0.0,-201.0,0.0,0.0,0.0,0.0,0.0,-201.0,0.0,0.0,0.0,0.0,0.0,-201.0,0.0,0.0,0.0,0.0,0.0,0.0,0.0,0.0,0.0,0.0,0.0,0.0,0.0,0.0,0.0,0.0,0.0,0.0,0.0,-14.431661,29.989555,-0.0031516112,-0.020552037,0.24446166,4.651163,0.0,0.0,0.0,1.23,0.0,-29.150423,11,16-2,9,SPEAKER_02,90.933333,92.233333,90.933333,92.233333,1,1.3,engaged
42.824528,0.011958209,42.44327,43.079437,43.21777,0.774498,0.09548389,0.0,0.0,0.0,0.86063963,0.45782885,0.44860557,0.8163209,1.3713114,0.9227059,4.868408,0.0,-6.799597,0.0,0.30091757,0.44220454,25.83499,0.17396599,0.8945798,7.5222645,-2.796519,-2.4990609,-21.404428,-1.1205575,0.014810635,0.7204053,1.1618855,0.61327666,9.734372,0.36116022,8.565884,0.6570954,22.247976,0.15131257,800.80145,0.29246947,1372.6234,0.08939316,-118.81776,-0.79999286,1903.8801,0.16334523,1208.7375,0.12036513,-109.68554,-0.7911708,2895.6245,0.045549836,868.35126,0.33852312,-108.56524,-0.81074405,-10.193632,-0.27311414,19.32509,0.18047598,0.014090363,0.5151629,-0.03314422,-0.12311087,0.3700988,0.23900978,23.586308,0.23841563,-0.34433997,-11.601613,-7.9342594,-0.42272583,-38.312195,-0.47303906,-10.120706,18.51679,0.0016610394,-0.02101366,0.25719172,2.5641026,2.9411764,0.16,0.0,0.074999996,0.055,-22.150629,11,16-2,10,SPEAKER_02,92.266667,101.166667,93.83909375,94.24409375,1,0.405,disengaged
43.47268,0.006151269,43.272568,43.40108,43.658474,0.38590622,0.21439235,0.0,0.0,0.0,0.67157274,0.41282266,0.3415873,0.7162665,0.96608377,0.62449646,7.7865443,0.0,-8.430671,0.0,0.417515,0.54322666,30.694267,0.06003971,6.0117016,0.91839945,-15.135695,-0.66127175,-16.737797,-0.5068209,0.1382104,0.0,2.349156,0.14190075,6.7583337,0.050830144,-2.6105623,-0.64180243,30.829836,0.10924151,658.1446,0.25840318,1360.351,0.021723025,-166.99161,-0.45538256,1579.7975,0.17356835,1271.6409,0.09871537,-130.36334,-0.5953727,2688.903,0.05588446,888.8151,0.04209054,-135.34558,-0.5422741,-4.59865,-0.21160984,30.373215,0.015089607,-0.015445559,-1.0283687,-0.018867537,-0.112800606,0.47717574,0.23694326,30.478895,0.081882924,0.81775486,3.086612,-25.396969,-0.06004,-16.348684,-0.13389893,-16.183064,31.045664,0.00327708,-0.019136095,0.17607449,7.142857,12.5,0.02,0.0,0.04,0.0,-24.405579,11,16-2,10,SPEAKER_02,92.266667,101.166667,94.88534375,95.03721875,1,0.151875,disengaged
45.543823,0.082085766,42.34278,43.386353,48.35701,6.014229,0.29966387,0.0,0.0,0.0,0.6996051,0.33458018,0.43321177,0.74062294,0.9226441,0.4894323,1.5624954,2.2204247,4.1266847,2.8827145,0.3502558,0.57140976,31.280804,0.07178218,7.355827,0.9828956,-9.907136,-0.93594253,-23.219418,-0.54008204,0.0437107,1.6730194,1.0295606,0.40183258,9.990883,0.14064471,9.465389,0.5550598,29.810183,0.38188082,836.10095,0.24791071,1399.9448,0.1430643,-104.16384,-0.88771385,1877.9354,0.14583224,1385.9119,0.18465047,-101.63226,-0.79904884,2981.7192,0.07838319,991.6065,0.29737657,-105.071075,-0.74291104,-16.202723,-0.28321388,30.821613,0.12519084,0.02287956,0.90042585,-0.036791775,-0.19819613,0.4162731,0.5251245,31.457489,0.082190014,4.075348,1.6599327,-15.243015,-0.605771,-29.400759,-0.3613597,-16.548658,27.770323,0.008727456,-0.032246888,0.3024883,3.0303032,3.2786884,0.16499999,0.035,0.07666666,0.03091206,-22.568504,11,16-2,10,SPEAKER_01,92.266667,101.166667,95.03721875,95.71221875,1,0.675,disengaged
44.704136,0.07031361,42.83416,43.455334,44.21636,1.3821983,37.79296,17.872454,8.554077,0.0,0.6411901,0.3254565,0.43109405,0.6060752,0.8786409,0.44754684,4.1010895,2.3944244,4.2560415,2.5752304,0.31879407,0.5995192,25.931149,0.18768731,10.395696,0.53931993,-2.2141678,-3.1840134,-22.55157,-0.6116485,0.025377948,0.63486207,1.4292048,0.3621142,8.110462,0.20024778,8.549328,0.49064493,24.773201,0.38047296,773.4112,0.22905125,1386.6675,0.22756766,-126.293915,-0.7092428,1815.8232,0.15634777,1186.6575,0.20937082,-120.11175,-0.6780559,2891.7004,0.072184324,793.99884,0.30249742,-121.23844,-0.6587362,-14.487444,-0.24957693,26.671143,0.13625924,0.014522944,1.0556943,-0.03311365,-0.21038166,0.38962343,0.57561344,28.655659,0.12477527,8.121718,0.8851844,-6.168776,-1.2689914,-28.95757,-0.43992087,-14.2789755,23.835552,0.0023478807,-0.023981867,0.27204588,4.2372885,3.539823,0.122499995,0.02772634,0.11,0.09230385,-24.787144,11,16-2,10,SPEAKER_01,92.266667,101.166667,98.12534375,99.32346875,1,1.198125,disengaged
37.104965,5.5058677e-05,37.10311,37.105057,37.106857,0.0037460327,0.0,0.0,-0.00021076202,0.0,0.4467326,0.19333936,0.36507344,0.4389874,0.53662235,0.1715489,0.6958544,0.7958646,1.5295228,0.0,0.17795835,0.18525943,28.798807,0.13147111,7.5006256,0.57715356,-5.0028734,-1.0773648,-6.5024176,-0.5525118,0.019710105,0.08108456,1.5309713,0.16212006,3.8453703,0.20055896,-4.0966444,-0.110130124,25.130362,0.027125575,824.9908,0.03341874,1171.9181,0.01583295,-170.45279,-0.36092514,1817.9102,0.025169903,903.39075,0.035820037,-172.70007,-0.32990715,2965.8906,0.0071084034,642.02075,0.0375378,-174.9433,-0.29997015,-15.660299,-0.01659355,26.326656,0.080613084,0.0047324817,2.2514625,-0.030572858,-0.06416016,0.22623956,0.033013064,31.493622,0.055048633,5.258011,0.09819732,-5.832399,-0.46104565,-9.004373,-0.035706446,-12.029662,26.691532,0.00019476331,-0.019662237,0.18130301,3.2258065,3.846154,0.03,0.0,0.099999994,0.049999997,-31.888903,11,16-2,10,SPEAKER_01,92.266667,101.166667,99.94784375,100.26846875,1,0.320625,disengaged
45.829514,0.08323389,43.34324,45.554066,46.88551,3.5422707,10.652515,24.140905,243.2314,0.0,1.157082,0.48221758,0.6178327,1.0327855,1.7325861,1.1147535,8.271464,4.597879,9.115519,4.7879157,0.764808,0.81597346,21.609047,0.27836284,3.172908,3.5600827,-7.6636963,-1.4283836,-29.789675,-0.4821444,0.04290232,1.6773363,1.0222046,0.62015355,10.495187,0.3398151,16.349121,0.24223936,26.024517,0.3630867,762.4846,0.21058638,1252.4795,0.13723041,-97.23923,-0.95263416,1848.7838,0.14030994,962.5909,0.32736176,-90.59659,-0.9111951,2905.4434,0.069107756,754.17145,0.28160718,-93.10437,-0.8577972,-14.990034,-0.14567219,23.82704,0.21529749,0.020491995,0.64534885,-0.03443627,-0.2823958,0.9301232,0.700799,20.418396,0.15264411,-0.8049445,-14.491015,-10.7815,-1.1059847,-33.958824,-0.4097327,-16.424646,24.750025,0.016209168,-0.026337638,0.63664067,4.5454545,4.8076925,0.116000004,0.07310267,0.0875,0.03344772,-15.80793,11,16-2,11,SPEAKER_01,101.2,103.1,101.98971875,103.1,1,1.1103125,engaged
40.719955,0.057375792,38.981182,41.223156,42.393124,3.4119415,28.321743,0.0,-13.819729,16.90975,0.7095426,0.4105551,0.40488738,0.63821363,1.0273172,0.6224298,4.3988447,3.3979735,3.6646142,2.3861198,0.3199459,0.5961222,26.691656,0.1756848,5.114239,1.9040424,-13.41105,-0.9726944,-15.333853,-0.6608876,0.011238079,0.7766542,1.0454038,0.4106286,7.399203,0.31056282,-2.5034578,-2.7646866,29.404648,0.3335178,628.8741,0.28852567,1367.9185,0.12411544,-124.38836,-0.74922913,1530.9823,0.14212932,1355.0658,0.25181857,-102.582924,-0.91504085,2735.3284,0.08879521,1010.4619,0.37654296,-112.779854,-0.74070084,-7.16573,-1.1249574,29.83737,0.10800279,0.0012452692,7.7863884,-0.023327772,-0.69100404,0.43103087,0.42306942,28.10388,0.121228546,-0.65061826,-12.822445,-24.17228,-0.281304,-20.81874,-0.50225055,-13.07713,25.003038,-0.0027567998,-0.02092634,0.22007555,2.919708,3.0303032,0.155,0.072284155,0.121999994,0.10264501,-24.10013,11,16-2,12,SPEAKER_01,103.133333,105.466667,103.133333,104.52096875,1,1.387625,disengaged
44.960033,0.047292303,43.01128,44.557358,46.79818,3.7868996,0.33973816,0.0,0.0,0.0,0.76845515,0.3737916,0.48296505,0.7040591,1.0971153,0.6141502,2.487815,0.0,-9.222462,0.0,0.36420226,0.7920182,16.981102,0.28713492,18.086466,0.19720349,1.3200183,2.9204495,-31.90974,-0.3180413,0.024380676,0.86942494,1.0976411,0.4416872,6.8456388,0.30482066,14.194048,0.2423564,16.831095,0.33048227,768.8934,0.12079462,1313.407,0.13061428,-105.68832,-0.8387681,1853.3965,0.070175126,1036.8545,0.15097862,-106.84371,-0.7396261,2915.0132,0.041142114,648.60187,0.37276176,-102.540306,-0.80512303,-10.70552,-0.20919764,13.029993,0.25690126,0.021901555,0.73540044,-0.02523479,-0.31330088,0.38948748,0.46363238,12.627206,0.20089388,20.47555,0.11363674,2.5475943,1.27209,-39.07291,-0.09636553,-14.298577,21.329844,0.008834838,-0.028826045,0.33083248,2.2727273,2.5641026,0.21,0.0,0.14,0.0,-23.44666,11,16-2,12,SPEAKER_01,103.133333,105.466667,105.01034375,105.466667,1,0.4563125,disengaged
38.869328,0.055050746,36.720352,39.635876,40.238182,3.51783,-15.918091,0.0,72.98374,0.0,0.42607006,0.20118444,0.33699322,0.43328056,0.5116246,0.17463136,1.2736722,0.52652884,1.5899751,0.8150282,0.20323567,0.22445841,31.828127,0.10743807,13.091019,0.23186079,-0.078795865,-53.060196,-13.505558,-0.7435683,0.016775653,0.6989757,1.5390918,0.33917993,4.7355175,0.17030871,1.1889647,6.979476,30.239256,0.20037304,783.3114,0.07098244,1189.1073,0.08858506,-165.83008,-0.43675095,1938.2344,0.08783992,884.90955,0.15571497,-169.92741,-0.37592256,3028.2566,0.047779515,787.9409,0.2677607,-171.00359,-0.35996428,-19.56348,-0.08279737,25.390312,0.09495064,0.0071638306,1.4930323,-0.039460476,-0.12215121,0.22914824,0.17525224,31.905499,0.104129545,11.088544,0.26044127,-1.7660841,-2.5377922,-24.194183,-0.2689026,-18.437588,28.963795,-0.0017880736,-0.026925532,0.20089434,5.649718,1.7441862,0.089999996,0.043204937,0.345,0.17356554,-30.413488,11,16-2,13,SPEAKER_01,105.5,163.333333,108.04784375,109.83659375,1,1.78875,engaged
39.777306,0.098172665,33.543594,41.480988,42.82357,9.279976,36.513863,15.803832,43.642536,47.28227,0.8192462,0.35582688,0.53889364,0.82952297,1.1350743,0.5961806,2.8061116,1.5552603,2.2110395,1.6479223,0.27829474,0.3180457,27.549532,0.15116826,3.3184617,2.6955402,1.9701657,3.3413131,-25.140976,-0.41689974,0.027659154,1.2723794,1.4695482,0.48413762,5.247869,0.41279873,5.31455,1.344234,23.993698,0.30190423,660.38586,0.296369,1367.2125,0.13692395,-84.14414,-1.1410578,1660.4327,0.19818908,1281.9069,0.3424703,-75.3293,-1.0889696,2737.5396,0.0903081,897.9227,0.31275234,-77.539894,-1.0369544,-14.004282,-0.32567486,21.662024,0.2547785,0.0050156265,2.6929393,-0.03777375,-0.22849873,0.27781773,0.2752417,27.262705,0.14708778,2.6336532,3.2139506,1.5620552,4.380333,-29.307608,-0.2737358,-13.591157,21.267347,0.001479617,-0.030654078,0.29372722,1.923077,2.955665,0.21833333,0.12088791,0.084285714,0.037361987,-24.509638,11,16-2,13,SPEAKER_01,105.5,163.333333,117.93659375,120.02909375,1,2.0925,engaged
40.71558,0.03816599,40.337368,41.03497,41.614605,1.2772369,57.765514,63.256035,4.3209786,8.215723,0.56763035,0.36912206,0.36962497,0.5049384,0.77868354,0.40905857,4.08001,3.1579838,4.587399,3.517492,0.2495679,0.53555423,27.410723,0.15370306,11.754369,0.4717881,3.6239548,2.006977,-19.899817,-0.9210092,0.013906049,0.54421186,1.2138507,0.40311024,7.785306,0.2724229,10.949227,0.53876233,23.540316,0.15552768,693.1529,0.20154607,1409.3461,0.11351839,-130.06567,-0.6861537,1780.0973,0.14862363,1112.401,0.28486425,-122.86238,-0.68902475,2845.5046,0.06111276,660.4869,0.3622305,-122.70715,-0.690627,-16.725565,-0.27332884,21.91255,0.32561076,0.005774938,1.719485,-0.037446957,-0.26761392,0.28601408,0.45195246,26.917202,0.16753344,10.849926,0.6455012,6.6361494,0.9697692,-33.096165,-0.52562696,-15.933068,25.53281,0.0023990537,-0.023609048,0.22689016,2.955665,2.5252526,0.16399999,0.12273548,0.175,0.18688232,-25.645428,11,16-2,13,SPEAKER_01,105.5,163.333333,122.27346875,124.31534375,1,2.041875,engaged
37.89997,0.044133037,36.07716,39.386463,39.473087,3.3959274,14.171219,0.0,7.5322714,17.943525,0.48642033,0.2274786,0.3795911,0.46678805,0.5648756,0.1852845,1.9603155,0.38103852,2.2915218,2.116633,0.23951209,0.33736795,31.61523,0.10902693,9.655844,0.70045567,-2.4142685,-4.2567964,-5.372201,-1.912026,0.028626908,0.60592186,1.3839326,0.4738276,6.9113417,0.29447272,0.4433886,24.789085,26.93848,0.21475048,763.00757,0.21822257,1346.522,0.099428765,-161.05894,-0.45119032,1781.1718,0.16204002,1261.1333,0.18098344,-162.43787,-0.42195305,2812.1553,0.10212819,1018.35657,0.26274985,-164.76709,-0.3901927,-18.175499,-0.4200174,33.90111,0.17351523,0.0026197564,4.2059426,-0.028866353,-0.2943512,0.2756675,0.16063297,34.352993,0.06494786,10.349208,0.9199227,-7.05192,-1.926356,-13.756265,-0.26475108,-16.385721,28.132465,4.3295087e-05,-0.021374369,0.23381943,4.0,2.1052632,0.095,0.005,0.23666665,0.09533566,-27.928026,11,16-2,13,SPEAKER_01,105.5,163.333333,124.92284375,125.93534375,1,1.0125,engaged
36.973648,0.02120572,36.172745,37.130863,37.82825,1.6555061,19.65366,0.0,-19.43172,0.0,0.41742936,0.4176841,0.35662785,0.39664495,0.49198493,0.13535708,2.067042,1.6928817,0.8543674,0.46289065,0.20842677,0.40141425,28.33099,0.3471737,8.662286,1.0708252,-3.6014411,-2.6503313,-3.0593457,-1.6886467,0.03253244,0.49277717,1.1960033,0.27117556,6.454386,0.14253879,4.228464,2.4953027,27.521936,0.20870163,814.87885,0.2542781,1316.7717,0.0703692,-158.89928,-0.4522534,1866.6067,0.17131451,1166.0792,0.100379355,-161.10089,-0.42552936,2938.9175,0.094410546,1123.7646,0.27084458,-163.11626,-0.3970279,-20.14161,-0.3197468,35.40999,0.16139252,-0.00523161,-1.6335584,-0.02318152,-0.17265265,0.24432448,0.23757167,34.702682,0.053844307,13.910488,0.5832969,0.5189639,22.668194,-5.69915,-1.1070666,-12.224596,27.726875,0.015229239,-0.0045517106,0.22722179,2.1052632,2.2222223,0.095,0.035,0.22,0.13063945,-29.51925,11,16-2,13,SPEAKER_01,105.5,163.333333,127.18409375,128.14596875,1,0.961875,engaged
35.673008,0.02717739,34.874317,35.709873,36.167995,1.2936783,24.641525,10.62824,14.433295,8.714748,0.46912324,0.26501346,0.36079773,0.43757,0.57852393,0.2177262,4.0705047,2.76547,2.79174,1.7812983,0.22233099,0.3161327,28.646692,0.19796628,12.331949,0.6432105,-6.590114,-1.1965455,-3.5663633,-2.135202,0.018019931,0.7811781,1.376845,0.50680393,4.7716184,0.3776558,-6.1042733,-1.3799821,24.60377,0.32241365,717.79236,0.23854494,1458.4728,0.11257697,-168.07526,-0.40947652,1742.8712,0.17549846,1296.5262,0.20506571,-168.49663,-0.3912909,2872.8015,0.10695192,1152.8169,0.3346349,-170.44518,-0.36265963,-13.677767,-0.3838211,27.095366,0.18300207,-0.00042760803,-30.565104,-0.026550785,-0.36978027,0.28819698,0.23810834,32.531895,0.09113852,5.776477,1.0062282,-12.1304245,-0.83083296,-11.695375,-0.66581726,-15.39098,27.581448,-0.00068012526,-0.020789357,0.20943037,5.645161,2.03666,0.077,0.03848376,0.43444443,0.36624554,-29.77237,11,16-2,13,SPEAKER_01,105.5,163.333333,128.41596875000002,133.39409375,1,4.978125,engaged
35.784496,0.028280862,34.810226,35.550022,36.758133,1.9479065,147.93091,106.185524,9.304447,1.2347503,0.50655293,0.3133,0.37934178,0.4717337,0.6191574,0.2398156,2.4834678,1.2635599,2.624984,1.203986,0.21486634,0.27745038,30.442492,0.1971571,11.74234,0.5692488,-9.278058,-1.1286584,-5.8020263,-1.0621612,0.021438574,0.86187416,1.295412,0.43645436,4.531003,0.31186032,-2.0122516,-3.5338604,26.891796,0.26795465,716.86774,0.19775145,1440.067,0.15809353,-137.01054,-0.63193005,1682.7109,0.15459542,1360.0631,0.23353814,-140.0363,-0.5797346,2807.6663,0.09911179,1056.1305,0.23004909,-144.31929,-0.52194524,-13.242201,-0.5400445,30.387894,0.1405548,-0.00020679935,-48.126072,-0.019926313,-0.57910794,0.2426742,0.21798564,31.307064,0.1880343,10.781747,0.6709442,-15.752359,-0.70389336,-7.012765,-1.1798977,-14.604651,28.268108,-0.0021346742,-0.02109031,0.20485267,3.846154,3.3898306,0.08833333,0.045246236,0.18666665,0.24205142,-29.139423,11,16-2,13,SPEAKER_01,105.5,163.333333,134.55846875,136.39784375000002,1,1.839375,engaged
0.0,0.0,0.0,0.0,0.0,0.0,0.0,0.0,0.0,0.0,0.3823698,0.075953245,0.36260593,0.37045124,0.4157474,0.053141475,1.3445497,0.0,2.0423763,0.0,0.12150339,0.3135139,23.316628,0.16708753,17.187527,0.23009117,-3.7687664,-0.20053269,-3.3851671,-0.673387,0.0,0.0,0.0,0.0,0.0,0.0,0.0,0.0,0.0,0.0,0.0,0.0,0.0,0.0,-201.0,0.0,0.0,0.0,0.0,0.0,-201.0,0.0,0.0,0.0,0.0,0.0,-201.0,0.0,0.0,0.0,0.0,0.0,0.0,0.0,0.0,0.0,0.0,0.0,0.0,0.0,0.0,0.0,0.0,0.0,0.0,0.0,-15.760509,21.386444,0.0011497624,-0.018609952,0.14781117,0.0,0.0,0.0,0.0,0.0,0.0,-34.08738,11,16-2,13,SPEAKER_01,105.5,163.333333,136.95471875,137.03909375,1,0.084375,engaged
0.0,0.0,0.0,0.0,0.0,0.0,0.0,0.0,0.0,0.0,0.44804782,0.03678495,0.43331316,0.45257664,0.46112266,0.0278095,0.002484572,0.0,0.0,0.0,0.24089754,0.4652244,27.67562,0.023459062,9.469281,0.055447824,-4.7659516,-0.8092646,4.470052,0.7916452,0.0,0.0,0.0,0.0,0.0,0.0,0.0,0.0,0.0,0.0,0.0,0.0,0.0,0.0,-201.0,0.0,0.0,0.0,0.0,0.0,-201.0,0.0,0.0,0.0,0.0,0.0,-201.0,0.0,0.0,0.0,0.0,0.0,0.0,0.0,0.0,0.0,0.0,0.0,0.0,0.0,0.0,0.0,0.0,0.0,0.0,0.0,-16.163057,25.297098,0.008633977,-0.022487812,0.0,0.0,0.0,0.0,0.0,0.0,0.0,-30.746887,11,16-2,13,SPEAKER_01,105.5,163.333333,137.24159375000002,137.30909375000002,1,0.0675,engaged
37.110676,0.009010566,36.798298,37.19828,37.430477,0.63217926,0.0,0.0,-0.09991646,0.0,0.4680286,0.3094841,0.36230537,0.40298864,0.60616744,0.24386206,1.9752839,0.9495878,-1.7273622,3.059842,0.22527722,0.33428475,32.58329,0.09144737,9.703876,0.7031139,-4.0042853,-3.0926757,-6.876693,-1.043268,0.011617205,0.85156536,0.84944886,0.283642,6.206484,0.13426755,-12.569595,-0.31908032,16.575947,0.43132463,453.5171,0.14774668,1432.4224,0.06373731,-167.00136,-0.42226356,1313.6931,0.091632,1184.4572,0.06263596,-153.54184,-0.53878814,2509.0789,0.09163945,963.91705,0.21788472,-159.4481,-0.4532785,-8.311572,-0.4212032,26.368124,0.17609271,-0.0033681772,-2.3638182,-0.013832119,-0.50362545,0.24368557,0.15401123,33.873726,0.03212558,0.16004512,32.965996,-20.56547,-0.41808778,-6.825412,-1.0367786,-18.97738,29.35027,-1.0442539e-05,-0.023667408,0.2083263,4.255319,2.3809524,0.089999996,0.0,0.31,0.0,-29.229979,11,16-2,13,SPEAKER_01,105.5,163.333333,138.03471875,138.52409375000002,1,0.489375,engaged
43.886856,0.053710017,41.912216,44.854317,45.92552,4.0133057,38.03002,0.595253,41.553406,32.33729,0.6567411,0.42071867,0.40104923,0.5561669,0.941817,0.5407678,3.6733723,0.6744653,-0.13807487,2.9012198,0.33135846,0.4580424,32.05901,0.08933536,4.58155,1.5162612,-1.715602,-4.8212547,-9.306793,-0.74554896,0.04593489,1.2780604,1.4343243,0.38972852,8.638092,0.18750009,12.051429,0.241589,26.72179,0.09199212,820.17065,0.1553485,1417.1666,0.16058391,-99.2314,-0.89701504,1830.8881,0.10657,1118.2471,0.2972578,-102.541084,-0.80168355,2952.5742,0.06683372,843.54675,0.3121032,-108.095474,-0.7160644,-17.852962,-0.25896987,31.309055,0.12560855,0.020366315,0.773444,-0.02350074,-0.23630287,0.3939452,0.3704986,31.374239,0.10592456,2.8848693,2.931248,-0.94814944,-10.914813,-12.70637,-0.5200118,-16.068092,29.81776,0.009626826,-0.016913714,0.27956414,2.8985507,3.125,0.17,0.06,0.08333333,0.08259674,-23.431938,11,16-2,13,SPEAKER_01,105.5,163.333333,140.86971875,141.57846875,1,0.70875,engaged
36.96703,0.0104945125,36.816387,37.080097,37.24375,0.42736435,7.8926406,2.469603,-4.6719046,7.1348305,0.611991,0.36630914,0.3734842,0.58925354,0.85558474,0.48210055,0.7403251,1.1070901,5.851115,0.0,0.25786418,0.42055687,28.040121,0.16166236,11.13145,0.29869595,0.6115169,9.292984,-26.933655,-0.5914143,0.01736013,0.9664714,1.216214,0.7289398,7.6646395,0.2621105,1.1729225,9.03585,24.193604,0.15705664,736.29114,0.1595671,1386.3088,0.11378977,-76.34663,-1.2611634,1952.284,0.15253349,1224.0074,0.40656766,-86.16824,-0.99361026,2806.2727,0.070804104,956.3944,0.32125297,-84.17872,-1.0339202,-19.285788,-0.100685395,26.240393,0.17718026,0.03275528,0.33527735,-0.038509358,-0.10039704,0.26164052,0.14858906,25.39194,0.17440309,11.474945,0.35870317,0.21866536,28.824907,-38.11663,-0.27044633,-18.86576,28.520054,-0.00027420168,-0.032680355,0.3073976,2.3809524,2.7027028,0.22,0.0,0.06,0.01,-24.977106,11,16-2,13,SPEAKER_01,105.5,163.333333,142.00034375,142.43909375,1,0.43875,engaged
34.903156,0.010985738,34.615036,34.673874,35.2569,0.6418648,2.6388552,0.0,18.992489,0.0,0.59297615,0.19608048,0.53611094,0.6268537,0.6847633,0.14865237,3.9739485,0.9263282,0.49132216,2.8435602,0.24486707,0.33785895,29.543198,0.07958143,4.586614,1.407573,-4.585092,-1.0764635,-21.354597,-0.34974185,0.01061395,0.29952475,1.4119208,0.38729164,2.4679682,0.6249892,1.7329245,1.1455256,23.914324,0.14212133,844.19403,0.028042555,1119.5605,0.06267617,-23.149569,-2.7131262,1989.5607,0.017284447,828.9508,0.098668076,-45.482704,-1.2096584,3099.7644,0.013849193,560.27094,0.11115558,-47.048634,-1.1473155,-15.006665,-0.41303238,25.274126,0.09936155,0.0030400117,4.458897,-0.039824888,-0.14060113,0.28090018,0.25065458,30.418453,0.051508803,7.1426487,0.45386195,-2.734091,-0.6426647,-24.262531,-0.24176852,-17.6128,30.460316,-0.005587954,-0.018469036,0.16423075,10.000001,7.142857,0.11,0.0,0.0,0.0,-28.197432,11,16-2,13,SPEAKER_01,105.5,163.333333,142.62471875,142.84409375,1,0.219375,engaged
37.34174,0.04560286,35.721725,37.019115,39.057835,3.3361092,0.0,0.0,-0.36842102,0.0,0.45987436,0.333333,0.33837306,0.3930126,0.5483314,0.20995831,2.3218706,0.8552956,2.1126785,0.30637318,0.20399792,0.49819654,28.743397,0.1565768,7.434369,0.751084,-0.033994343,-281.2178,-8.838394,-0.83132,0.017331287,0.43965065,1.4220598,0.30070314,2.6038988,0.62690717,-1.5384028,-1.885637,26.380804,0.122846715,699.04834,0.18969755,1383.6868,0.14572921,-160.21596,-0.48110393,1648.3412,0.07289759,1021.31586,0.1857058,-159.68657,-0.46847174,2895.4482,0.060224514,698.057,0.429863,-162.90227,-0.4237175,-12.23061,-0.23001982,26.563091,0.04381184,0.0028178727,3.4187028,-0.023199813,-0.39031744,0.3704581,0.3259699,32.392097,0.06267741,-0.19697297,-12.687236,-12.444614,-0.17045191,-15.00207,-0.34447885,-13.967387,24.438417,-0.003892688,-0.018338041,0.16652632,2.8985507,1.5625,0.13,0.0,0.24,0.099999994,-30.59577,11,16-2,13,SPEAKER_01,105.5,163.333333,143.78909375,144.49784375000002,1,0.70875,engaged
38.58095,0.056535438,37.16181,37.973694,39.367878,2.2060661,54.89804,0.0,-38.178547,31.282871,0.6181107,0.4214902,0.3815225,0.53911173,0.7934751,0.41195258,4.8304257,4.853239,3.970197,0.8497181,0.3008874,0.6520254,28.207092,0.2030565,4.044363,2.1471221,-4.5370235,-1.865867,-16.48134,-0.7176332,0.0283893,0.79565483,1.1766446,0.42780033,4.789936,0.34852356,0.03867544,204.47249,24.023495,0.42108107,735.1141,0.15234569,1296.6504,0.11148086,-111.67141,-0.82708853,1795.0862,0.10105571,1106.1294,0.20220447,-116.888824,-0.7121883,2866.2358,0.06739791,785.2511,0.2475301,-119.37595,-0.6770671,-12.479796,-0.6501921,24.417116,0.27189034,0.003100514,3.2795236,-0.02959485,-0.41144878,0.32496566,0.4848875,25.943941,0.24593823,4.726157,1.9495395,-1.1502566,-7.6879387,-24.378857,-0.43041727,-12.551714,27.88019,-0.006491201,-0.023866275,0.29970837,3.125,4.3956046,0.095,0.10210289,0.088,0.06493073,-27.197779,11,16-2,13,SPEAKER_01,105.5,163.333333,145.13909375,146.11784375000002,1,0.97875,engaged
34.056694,0.14235629,34.00305,35.525696,36.687664,2.6846123,217.79477,169.36223,16.726616,7.7826495,0.52347213,0.6316767,0.32513663,0.36380592,0.59789807,0.27276143,5.1672964,3.6296904,3.499449,3.0483887,0.27155918,0.6094384,30.12801,0.16241592,13.790574,0.33847138,2.7849586,2.628688,-8.772325,-0.9108656,0.0187684,0.91848505,1.1643367,0.80128384,8.532253,0.375493,7.4793096,0.97932696,32.25121,0.2970644,638.8806,0.30285698,1484.2037,0.10803878,-167.72382,-0.40446892,1764.894,0.18233375,1039.732,0.3221923,-164.52159,-0.40565267,2869.6545,0.083199985,975.3831,0.26608828,-165.58351,-0.39165932,-18.985415,-0.26018402,29.90751,0.29902336,0.022503693,1.0414485,-0.031945422,-0.33399913,0.49478814,0.3365533,32.090435,0.18139547,15.063071,0.38975298,5.665129,2.1797872,-18.028131,-0.55319154,-17.01292,28.614187,-0.00786059,-0.02174988,0.21888731,2.2099447,1.7045455,0.11666667,0.06944222,0.33499998,0.28969812,-23.715744,11,16-2,13,SPEAKER_02,105.5,163.333333,115.27034375,117.09284375,1,1.8225,engaged
35.894768,0.02059287,35.23832,36.078407,36.497566,1.2592468,3.3484209,0.0,-10.927309,0.0,0.8843483,0.2627088,0.6925707,0.8245379,1.0231311,0.33056045,5.050798,0.63010246,0.4358945,3.0415583,0.32413155,0.23925462,27.481216,0.20851223,12.739746,1.0601163,4.953742,2.0359106,-8.950196,-0.9900612,0.010693344,0.60368496,0.91613185,0.30523852,9.212175,0.18239304,4.080586,1.5531406,21.202158,0.42330483,807.6934,0.14455545,1274.0557,0.12938306,-16.488686,-0.50700337,1935.5126,0.1116808,1061.0822,0.35120562,-29.982449,-0.3632347,2870.731,0.057435673,923.0635,0.23868337,-30.276325,-0.32090434,-18.063747,-0.40430063,26.43325,0.30701262,0.009629456,1.0653248,-0.026890872,-0.26227504,0.3232005,0.20269383,27.72982,0.21386567,11.875762,1.1856027,5.245814,1.9740454,-9.40342,-0.9817508,0.0,0.0,0.0,0.0,0.0,5.555556,2.0833335,0.47,0.0,0.0,0.0,-20.581799,11,16-2,13,SPEAKER_02,105.5,163.333333,136.39784375000002,136.95471875,1,0.556875,engaged
36.232346,0.0013303524,36.196423,36.225613,36.26692,0.070495605,0.0,0.0,-0.039164227,0.0,0.7588469,0.22856271,0.5953865,0.73523915,0.94315815,0.34777164,0.0,0.0,-0.042327225,0.0,0.3726368,0.27274743,33.78603,0.059282817,-0.82224464,-3.59288,-15.118229,-0.32952285,-2.2663283,-2.5174782,0.01276933,0.0,1.2046685,0.23187202,2.306355,0.31061816,-2.4612873,-0.6106972,21.630074,0.19157769,387.59497,0.010475342,1285.2589,0.0075046597,-135.00275,-0.69135046,1303.9596,0.016476536,1104.4425,0.04312078,-85.22974,-0.8742232,2405.6873,0.021250634,831.75604,0.0861915,-94.407104,-0.7182191,-11.725982,-0.082996406,20.601877,0.093264535,0.026613414,0.30924025,-0.018298335,-0.17104532,0.6047311,0.0,33.096912,0.01889266,-2.8077793,-0.14220521,-18.017704,-0.041286297,-9.699788,-0.24614252,-7.4760103,20.448174,0.011384563,-0.012021484,0.4507625,0.0,20.000002,0.02,0.0,0.0,0.0,-24.957554,11,16-2,13,SPEAKER_02,105.5,163.333333,137.10659375,137.24159375000002,1,0.135,engaged
38.827564,0.0,38.827564,38.827564,38.827564,0.0,0.0,0.0,0.0,0.0,0.5258805,0.065913424,0.50654346,0.54078156,0.553223,0.046679556,0.0,0.0,-0.015749305,0.0,0.2397236,0.57311684,35.65099,0.030929975,12.463428,0.24534293,1.5551414,1.006103,-8.110182,-0.46814743,0.0,0.0,1.7651671,0.0,8.330671,0.0,15.835775,0.0,27.944027,0.0,720.2922,0.0,1670.6564,0.0,-19.071552,0.0,1807.4807,0.0,1328.09,0.0,-30.390509,0.0,3042.118,0.0,880.8096,0.0,-31.179804,0.0,-21.906195,0.0,32.818066,0.0,0.025750661,0.0,-0.030456813,0.0,0.0,0.0,36.80059,0.0,16.39645,0.0,-2.0553062,0.0,-10.786081,0.0,0.0,0.0,0.0,0.0,0.0,0.0,0.0,0.0,0.0,0.0,0.0,-26.046812,11,16-2,13,SPEAKER_02,105.5,163.333333,137.30909375000002,137.37659375,1,0.0675,engaged
37.24435,0.020801842,36.776924,36.940758,37.11876,0.34183502,4.507078,0.3013982,38.30557,31.34292,0.54047924,0.2458436,0.430365,0.52198976,0.64386034,0.21349534,6.0487785,3.1285188,1.4163595,2.979576,0.25904334,0.4095994,27.2966,0.2809324,14.715826,0.5558825,-9.413685,-0.7473269,-7.188652,-0.8721049,0.027540434,0.6567508,1.6048278,0.2955961,5.7845383,0.36173978,-1.8581134,-7.2208953,25.991646,0.38864395,667.93585,0.25312138,1418.9623,0.15267864,-143.03569,-0.57573193,1666.8186,0.16100036,1132.5084,0.15058869,-140.07785,-0.5598639,2799.5432,0.10163192,962.2853,0.19808939,-144.22835,-0.5043866,-17.03771,-0.3339642,27.663712,0.24337913,0.0058330395,1.5221529,-0.0301338,-0.17770296,0.3285997,0.38690817,30.565006,0.12574647,12.151176,0.9536807,-12.717925,-0.73893005,-8.8314085,-0.66346455,-16.230877,26.571953,0.0067447447,-0.026146352,0.24345632,5.084746,5.555556,0.049999997,0.029439203,0.11,0.05715476,-27.630716,11,16-2,13,SPEAKER_02,105.5,163.333333,137.42721875,138.03471875,1,0.6075,engaged
39.396317,0.0063401847,39.177013,39.452896,39.648567,0.4715538,9.090297,0.0,-7.2396364,0.0,0.5655641,0.25927994,0.41734648,0.5329182,0.7267648,0.30941832,2.5850751,0.044124603,1.9624987,2.83808,0.29935673,0.29316187,35.113228,0.081539564,16.750124,0.38934243,4.4027085,1.277078,-10.465397,-0.68693286,0.014853137,0.13941526,0.8739707,0.3157292,11.51924,0.17677698,15.5534315,0.269471,38.703896,0.16282797,915.70074,0.104802474,1303.6328,0.10784976,-91.343956,-0.8898068,2005.0741,0.037846874,1181.3241,0.26127654,-102.14259,-0.7149675,3098.4434,0.029378235,905.19543,0.27308547,-105.05162,-0.6749238,-28.377697,-0.07783589,40.144585,0.040614888,0.011609339,0.4533122,-0.035381142,-0.24747169,0.33940342,0.13363048,35.75531,0.09208228,22.810083,0.10260845,7.8256803,0.5953022,-13.644553,-0.54440576,-17.160835,29.16887,0.009861484,-0.030279057,0.32551453,6.896552,4.166667,0.14,0.0,0.08,0.0,-21.13167,11,16-2,13,SPEAKER_02,105.5,163.333333,139.01346875000002,139.31721875,1,0.30375,engaged
35.725952,0.18052262,34.867252,37.031597,40.387287,5.520035,50.441093,0.0,-8.045435,0.0,0.8903815,0.60608053,0.41541585,0.6814875,1.2059535,0.7905376,12.913178,6.8519363,2.3497412,3.4856658,0.4138289,0.57812214,29.81894,0.15743487,1.6670456,7.3781853,-1.5481817,-5.564124,-7.534246,-1.1721023,0.0136489915,0.90349495,1.1558233,0.48262975,7.2210903,0.3675201,-6.983072,-1.1438049,15.969811,0.5050065,676.57587,0.26570976,1219.7208,0.102318995,-104.093056,-0.8837579,1718.651,0.14104812,1083.2336,0.16126081,-100.28155,-0.8576989,2741.3386,0.07995122,843.6383,0.20281217,-102.82224,-0.8163533,-14.013263,-0.48261842,24.720852,0.3496841,0.009026769,1.6151727,-0.021491727,-0.5915595,0.5313721,0.47492173,28.715,0.20682698,-0.84191424,-17.482288,-2.0641823,-4.846444,-10.272518,-1.0364995,-14.200668,25.835873,0.006317192,-0.0189823,0.30137938,3.960396,3.125,0.16666666,0.08730534,0.0975,0.049686518,-21.415588,11,16-2,13,SPEAKER_02,105.5,163.333333,139.53659375,140.56596875,1,1.029375,engaged
35.53179,0.05260624,33.897858,35.350716,36.75329,2.8554306,20.067165,16.067963,19.666079,20.510353,0.7792824,0.44694924,0.4631521,0.71682596,1.030717,0.5675649,4.1487336,2.3686936,2.6864944,1.7331583,0.29581636,0.47323072,27.84935,0.22511941,6.741376,1.3279984,-3.7086911,-2.6233547,-12.338052,-0.7312739,0.012746482,1.0391917,1.0490398,0.41996622,7.2595034,0.4380476,2.3767135,2.9420495,22.617256,0.4520749,679.0432,0.2711129,1394.2394,0.14376552,-96.355415,-0.97797805,1708.471,0.18794568,1127.85,0.2741407,-97.354805,-0.91127497,2804.1172,0.09768499,954.31903,0.31188482,-102.89991,-0.8139697,-12.09367,-0.58476025,25.520662,0.27194843,0.009600138,1.4838184,-0.028152505,-0.48296356,0.36016265,0.3947693,29.772512,0.19647484,5.705362,1.8412374,-4.3348994,-2.5995548,-14.127277,-0.68884546,-9.893402,23.841597,-0.007666567,-0.019274218,0.21393424,2.7290447,1.7716535,0.30888888,0.28442708,0.29857144,0.18696283,-22.474949,11,16-2,13,SPEAKER_02,105.5,163.333333,146.65784375,151.80471875,1,5.146875,engaged
39.766148,0.086709306,38.132164,39.54335,41.787292,3.6551285,97.74845,102.282555,33.958378,21.274002,1.0375187,0.49521694,0.5770006,0.9483674,1.4701588,0.8931582,10.184077,6.8562145,6.904946,4.107981,0.5672565,0.6506225,27.75325,0.19372006,6.658846,1.2909194,-2.684303,-3.5163128,-12.5879,-0.80086064,0.02266448,0.856602,1.1949639,0.60240626,8.782182,0.39110616,12.134957,0.6246314,28.219011,0.2327316,796.2275,0.20110962,1291.9305,0.19471106,-97.13513,-0.9223709,1842.6056,0.119496755,1026.422,0.2858378,-97.24663,-0.8489523,2912.2498,0.080406375,854.8263,0.3847896,-101.16753,-0.7814472,-15.770884,-0.38728502,26.290453,0.29351965,0.021444568,0.7872506,-0.028614778,-0.4526793,0.7002984,0.5373566,27.848625,0.19288732,4.2526,2.2372763,-3.2316916,-3.323896,-14.822214,-0.749497,-15.644397,25.390652,0.00484738,-0.0291364,0.39459154,3.1784844,2.970297,0.18833333,0.116320916,0.12666667,0.10956986,-16.992601,11,16-2,13,SPEAKER_02,105.5,163.333333,155.83784375000002,159.93846875,1,4.100625,engaged
37.622326,0.041469045,36.20704,37.787857,38.359276,2.152237,24.257069,14.978485,-6.696804,9.187131,0.7760706,0.48893693,0.3917117,0.75220597,1.0553707,0.663659,4.3037176,0.8342293,3.3087106,2.7426765,0.32563475,0.4098462,28.928059,0.16056156,12.655791,0.64027405,11.590803,0.5181016,-14.551897,-0.61331445,0.013767977,0.76889604,0.9585125,0.799407,10.363671,0.14624494,9.5089035,0.5487807,25.229525,0.25303885,785.14624,0.124600805,1319.2494,0.13996729,-72.82693,-1.134876,1987.462,0.07084402,868.16583,0.30476946,-80.85319,-0.94178045,2996.189,0.05941453,867.8672,0.2896713,-81.83451,-0.92368525,-19.5164,-0.3037542,25.824669,0.3071178,0.019390652,0.67842513,-0.0341572,-0.21565312,0.3794003,0.2749425,29.77685,0.1548759,11.8951,0.76808995,14.22382,0.33187118,-18.057495,-0.44458634,-17.30661,27.197622,-0.010854375,-0.019249305,0.21809715,3.2786884,1.7094017,0.39999998,0.25,0.155,0.024999999,-20.701315,11,16-2,13,SPEAKER_02,105.5,163.333333,160.27596875,161.50784375,1,1.231875,engaged
35.29376,0.0015926929,35.2614,35.2866,35.34159,0.080192566,4.63562,1.6812884,2.6865642,0.0,0.9394393,0.19433856,0.7519009,0.94765925,1.1206255,0.36872458,-1.5530155,4.0073094,1.4800519,0.0,0.5063797,0.48728913,25.923187,0.16585845,14.625988,0.33654913,1.6922383,2.5158734,-1.8798492,-2.856516,0.018856475,0.5129388,0.90363586,0.2999856,10.676063,0.1572777,6.4820004,0.2879444,25.338337,0.10619216,911.56305,0.03328795,1006.51196,0.044158913,-88.2113,-0.8726946,2108.8013,0.015198632,781.1737,0.05422901,-99.20546,-0.6966427,3155.6853,0.02874615,893.4615,0.111088686,-100.17565,-0.68276936,-20.548153,-0.20580028,32.76229,0.15182634,0.005290698,1.3397845,-0.024087708,-0.26725212,0.50979364,0.31341034,28.432327,0.13111432,18.744524,0.15818577,4.8440104,0.70209396,-3.8527756,-1.1395562,-11.33264,21.97247,-0.0033608112,-0.016865509,0.49238652,4.166667,5.263158,0.11,0.0,0.049999997,0.0,-15.954957,11,16-2,14,SPEAKER_03,163.366667,167.2,165.35534375,165.60846875,1,0.253125,disengaged
44.7564,0.14990842,38.70427,45.44931,51.067913,12.363644,298.8056,0.0,-54.53193,124.67405,0.8008399,0.75329113,0.37406415,0.530249,1.5152483,1.1411841,5.6426454,0.0,2.0494275,2.8673148,0.34927806,0.7372514,16.65144,0.575082,14.823496,0.4784391,0.40972695,25.525257,-14.392899,-0.7694872,0.055710122,1.007984,1.3305836,0.40254655,6.731625,0.5083384,15.337999,0.34354198,17.974628,0.41086206,664.69684,0.36756125,1196.3546,0.12568244,-172.27193,-0.3696507,1833.9174,0.16235386,1012.2004,0.44593412,-159.2224,-0.4404505,2828.0999,0.08948388,829.72833,0.20326374,-158.99269,-0.44331098,-13.50512,-0.15715559,18.294003,0.21979654,0.027762169,0.85746914,-0.03196641,-0.20854217,0.58849484,0.24845527,9.873959,0.6745649,17.816004,0.20432198,-2.2469351,-5.41393,-26.585695,-0.4203717,-13.087548,20.398174,0.010518982,-0.015014039,0.2936502,0.877193,2.777778,0.07666666,0.04027682,0.26333332,0.34412527,-20.461416,11,16-2,14,SPEAKER_02,163.366667,167.2,166.04721875,167.2,1,1.1528125,disengaged
36.893208,0.058492612,34.97743,37.221394,38.921997,3.9445686,61.883217,89.23844,74.71905,139.26486,0.77055913,0.6520273,0.35794747,0.52852315,1.124981,0.7670336,9.152936,7.309891,2.957592,3.1549973,0.35471103,0.8624722,27.325397,0.26512608,10.908415,0.83909523,-1.957448,-4.393538,-14.052391,-0.90466994,0.018991204,1.6305647,0.9197651,0.4241425,8.363496,0.33855805,5.0549006,2.1065023,24.153507,0.3723801,690.54944,0.25499415,1335.6593,0.1991775,-116.43829,-0.8199839,1771.7007,0.1720466,1102.9664,0.26558712,-118.56811,-0.7446232,2779.8691,0.077366084,938.78766,0.48625782,-120.47209,-0.71755224,-15.7597685,-0.33116266,24.975386,0.27898088,0.02138794,0.74979514,-0.035273615,-0.32018995,0.52628046,0.71413803,29.325315,0.30438682,6.29529,1.5592872,-3.5582967,-2.5091803,-20.47847,-0.6359821,-16.279924,25.933947,-0.0040526204,-0.025224479,0.21820897,1.8766756,1.6304349,0.26833335,0.10089874,0.38799998,0.2587972,-20.265326,11,16-2,15,SPEAKER_02,167.233333,198.8,167.233333,170.97471875000002,1,3.741375,engaged
43.288025,0.0835166,40.158928,43.221935,47.22097,7.062042,345.97818,459.81247,45.743183,31.684654,0.6695557,0.40794954,0.4234776,0.67595696,0.81283724,0.38935965,3.0149794,1.7435644,3.3542762,3.2293532,0.3203254,0.60968155,28.710901,0.20405352,7.687929,1.2412772,-0.053535786,-198.91219,-13.745834,-0.69452685,0.023525054,0.5491486,1.3068994,0.41604394,8.943346,0.29375902,11.372206,0.89448446,25.602669,0.36703598,851.8497,0.1309175,1162.2975,0.17757574,-125.49247,-0.71873176,1950.3395,0.10483028,915.6372,0.34720978,-127.92547,-0.6437328,2962.0266,0.06787962,818.04364,0.31283715,-130.58318,-0.6074054,-18.497746,-0.3739564,27.453314,0.2398067,0.021294564,0.7348423,-0.025237806,-0.4313564,0.38273877,0.57233113,29.836071,0.16563359,8.3949,1.2319309,-0.06336222,-191.67593,-15.806234,-0.55831754,-12.850976,22.998232,0.0073760264,-0.018740907,0.28254944,2.102102,1.8292683,0.22166665,0.25075996,0.30166665,0.38615268,-23.693375,11,16-2,15,SPEAKER_02,167.233333,198.8,173.05034375000002,176.39159375,1,3.34125,engaged
40.215122,0.022838237,40.107567,40.47885,40.785778,0.6782112,38.53674,12.706153,-12.919643,14.311028,0.8040657,0.3024884,0.630386,0.7177925,1.0573492,0.4269632,4.9755125,2.103504,3.3368545,0.67015576,0.6310085,0.5217191,27.44028,0.09906669,18.350252,0.4815382,-10.141052,-0.7040865,-30.400955,-0.31666237,0.035601057,0.3642334,1.6809754,0.14803499,6.7685337,0.12191026,16.591152,0.13816598,37.298824,0.06561033,721.73444,0.1510179,1435.9718,0.1971313,-100.63867,-0.82755214,1854.3538,0.08366885,1248.0283,0.17222102,-98.90014,-0.7660241,2947.5967,0.04317037,962.6311,0.24405919,-100.761475,-0.7362902,-23.794636,-0.090443164,32.910465,0.11436462,0.0211972,0.516165,-0.04321685,-0.07195474,0.44274142,0.28244182,27.049381,0.10441942,25.9847,0.14981952,-5.7769914,-0.5093509,-27.442839,-0.22995773,-20.210335,30.968895,0.021910714,-0.04289226,0.87301725,5.4054055,3.2258065,0.17999999,0.0,0.049999997,0.02,-20.630005,11,16-2,15,SPEAKER_02,167.233333,198.8,178.29846875,178.68659375,1,0.388125,engaged
0.0,0.0,0.0,0.0,0.0,0.0,0.0,0.0,0.0,0.0,0.63490164,0.21272399,0.49666446,0.65101296,0.7697541,0.27308965,0.0,0.0,-0.052745305,0.0,0.28560954,0.27982807,31.519928,0.021447094,9.36072,0.3498326,-5.7430415,-0.75823706,-22.600342,-0.2379928,0.0,0.0,0.0,0.0,0.0,0.0,0.0,0.0,0.0,0.0,0.0,0.0,0.0,0.0,-201.0,0.0,0.0,0.0,0.0,0.0,-201.0,0.0,0.0,0.0,0.0,0.0,-201.0,0.0,0.0,0.0,0.0,0.0,0.0,0.0,0.0,0.0,0.0,0.0,0.0,0.0,0.0,0.0,0.0,0.0,0.0,0.0,-18.126698,25.996819,0.014641836,-0.049754895,0.35748994,0.0,0.0,0.0,0.0,0.0,0.0,-26.227497,11,16-2,15,SPEAKER_02,167.233333,198.8,179.19284375,179.27721875,1,0.084375,engaged
0.0,0.0,0.0,0.0,0.0,0.0,0.0,0.0,0.0,0.0,0.46197113,0.24499433,0.36372235,0.40078136,0.5639282,0.20020583,0.043734815,0.0,0.0,0.0,0.20641582,0.47771823,32.571247,0.039948005,6.3149076,0.15089038,-0.17782447,-14.089311,-4.444201,-0.6512276,0.0,0.0,0.0,0.0,0.0,0.0,0.0,0.0,0.0,0.0,0.0,0.0,0.0,0.0,-201.0,0.0,0.0,0.0,0.0,0.0,-201.0,0.0,0.0,0.0,0.0,0.0,-201.0,0.0,0.0,0.0,0.0,0.0,0.0,0.0,0.0,0.0,0.0,0.0,0.0,0.0,0.0,0.0,0.0,0.0,0.0,0.0,-13.692962,27.400167,-0.0023074234,-0.013912706,0.1796958,0.0,0.0,0.0,0.0,0.0,0.0,-29.583662,11,16-2,15,SPEAKER_02,167.233333,198.8,180.67784375,180.76221875,1,0.084375,engaged
33.965233,0.044080913,32.73035,33.343285,35.572723,2.842373,18.611782,6.2596636,-14.378709,13.218467,0.5737624,0.24448696,0.4762771,0.5773593,0.63701564,0.16073853,3.441468,3.6235723,1.1264851,0.2541977,0.25091997,0.22504713,36.16374,0.084240794,12.947067,0.49315166,3.2761953,2.459799,-10.178284,-0.4307162,0.021172425,0.55994856,1.3955725,0.36854503,5.8730264,0.30841598,8.914988,0.3556414,34.795464,0.20750502,759.07196,0.19592166,1414.3887,0.15181687,-52.006596,-1.3813051,1847.3458,0.11155607,1235.2129,0.24504708,-62.47827,-0.99906766,2919.4707,0.075725004,1000.05554,0.22385389,-67.568436,-0.89577395,-19.46517,-0.25634035,31.604486,0.2419556,0.009247449,0.8866355,-0.026258709,-0.27947128,0.25375414,0.19381937,36.178543,0.094089784,12.983706,0.55940336,4.2947745,2.0712767,-10.860631,-0.3729239,-18.308088,33.13257,0.00664745,-0.023572758,0.27236295,2.2727273,2.4096386,0.325,0.16499999,0.06,0.04,-25.324007,11,16-2,15,SPEAKER_02,167.233333,198.8,196.67534375,197.56971875,1,0.894375,engaged
34.890915,0.010056788,34.53377,34.92445,35.247997,0.71422577,0.0,0.0,-0.15842755,0.0,0.4725015,0.121377274,0.4186848,0.4775367,0.496608,0.07792318,1.7644614,0.0,0.25668555,0.96168554,0.21563768,0.23073927,35.270275,0.05597464,11.383655,0.17072459,-1.1443193,-4.9465284,-10.697764,-0.24754857,0.022574745,0.45891893,2.0825534,0.16103674,4.7819633,0.09480707,8.651949,0.10699562,38.716217,0.07308838,750.02673,0.117796496,1518.7731,0.058250125,-105.317795,-0.76484317,1761.4595,0.10683773,1407.5903,0.07844206,-114.36737,-0.63414896,2807.6265,0.11310317,1166.6322,0.24058944,-116.99005,-0.6053806,-19.996325,-0.10383486,31.317886,0.020869397,0.01971962,0.2153859,-0.0315028,-0.03882888,0.2616559,0.23521778,35.84076,0.028736815,11.523919,0.19845897,-1.8585835,-3.6840281,-13.024532,-0.15395883,-19.82946,32.207794,0.015439749,-0.028563533,0.2296008,5.882353,8.333334,0.049999997,0.0,0.04,0.0,-28.787062,11,16-2,15,SPEAKER_03,167.233333,198.8,177.82596875000002,178.01159375,1,0.185625,engaged
36.346752,0.04605513,34.81791,35.463825,38.337048,3.5191383,15.642872,4.6444507,10.128391,15.152789,0.67277,0.24420263,0.5440815,0.64299417,0.7643361,0.2202546,4.5185604,4.0720954,4.2008905,2.837562,0.32740498,0.4191203,26.354729,0.17738202,12.633131,0.5111544,-4.0674214,-2.0019317,-17.326195,-0.51678956,0.021174448,1.028576,1.3437908,0.34114152,5.1321845,0.32545668,-2.621898,-3.838018,27.55433,0.15387245,733.3035,0.18227898,1331.5759,0.14592558,-141.36467,-0.6019944,1819.6351,0.10867219,1200.3038,0.19616383,-145.72003,-0.52553856,2860.9453,0.06301103,960.36694,0.32130235,-147.39279,-0.50305396,-15.82915,-0.2874819,27.436071,0.14011511,0.009252074,1.0256525,-0.03807559,-0.19179183,0.37092698,0.47105378,27.62012,0.11540079,11.503715,0.5919681,-7.9963183,-0.9243614,-23.806435,-0.36231413,-15.735464,25.375338,0.00790498,-0.032008722,0.31869015,6.956522,3.6363635,0.074999996,0.061846584,0.14199999,0.092606686,-25.520918,11,16-2,15,SPEAKER_01,167.233333,198.8,180.76221875,181.92659375,1,1.164375,engaged
0.0,0.0,0.0,0.0,0.0,0.0,0.0,0.0,0.0,0.0,0.651748,0.016083308,0.6422625,0.6595478,0.6600628,0.017800272,-0.47023594,0.0,0.80827475,0.0,0.38176882,0.3509145,37.34017,0.030076435,9.945698,0.18479976,-3.9358494,-0.24774958,-14.173117,-0.10691605,0.0,0.0,0.0,0.0,0.0,0.0,0.0,0.0,0.0,0.0,0.0,0.0,0.0,0.0,-201.0,0.0,0.0,0.0,0.0,0.0,-201.0,0.0,0.0,0.0,0.0,0.0,-201.0,0.0,0.0,0.0,0.0,0.0,0.0,0.0,0.0,0.0,0.0,0.0,0.0,0.0,0.0,0.0,0.0,0.0,0.0,0.0,-15.729508,30.180542,0.03289313,-0.030780712,0.0,0.0,0.0,0.0,0.0,0.0,0.0,-24.761147,11,16-2,15,SPEAKER_01,167.233333,198.8,183.07409375,183.14159375,1,0.0675,engaged
34.766323,0.22027892,34.79878,36.770996,39.54304,4.7442627,25.752544,0.0,-186.51534,0.0,0.52155,0.2437924,0.39485872,0.49203253,0.6455732,0.25071448,2.0926979,0.35876986,0.97907674,2.2847617,0.26852733,0.53225696,28.39474,0.21388109,12.532155,0.5105866,-4.8796053,-2.059062,-5.482151,-1.6363868,0.014044166,0.6277886,1.5500257,0.5793814,6.8475413,0.49816194,4.631224,3.998341,32.644154,0.27918124,607.51624,0.2202623,1457.5908,0.18748021,-170.66447,-0.35896045,1610.0494,0.13986358,1211.4282,0.1620051,-168.03145,-0.3645655,2813.9016,0.068467826,958.96924,0.25778142,-169.89062,-0.33965644,-21.447475,-0.24091424,34.706406,0.12790401,0.011257372,1.5578169,-0.03296768,-0.30263963,0.38969916,0.3719609,32.227737,0.113398716,16.512932,0.3455631,-6.6438127,-1.4087623,-14.356074,-0.72584945,-14.56377,26.604963,-0.0015915099,-0.021011444,0.24315545,3.3898306,3.539823,0.0425,0.028613808,0.174,0.09499473,-26.640045,11,16-2,15,SPEAKER_01,167.233333,198.8,183.90096875,185.09909375,1,1.198125,engaged
0.0,0.0,0.0,0.0,0.0,0.0,0.0,0.0,0.0,0.0,0.4876325,0.2706972,0.37973818,0.42867938,0.57370806,0.19396988,0.77197593,0.0,4.306986,0.7733033,0.20083058,0.25174472,27.203032,0.22277509,12.115957,0.55939454,-8.219671,-0.62563294,-6.211491,-1.6501861,0.0,0.0,0.0,0.0,0.0,0.0,0.0,0.0,0.0,0.0,0.0,0.0,0.0,0.0,-201.0,0.0,0.0,0.0,0.0,0.0,-201.0,0.0,0.0,0.0,0.0,0.0,-201.0,0.0,0.0,0.0,0.0,0.0,0.0,0.0,0.0,0.0,0.0,0.0,0.0,0.0,0.0,0.0,0.0,0.0,0.0,0.0,-12.977736,27.938725,0.0018366666,-0.017596072,0.21403347,3.448276,0.0,0.0,0.0,0.22999999,0.0,-30.108309,11,16-2,15,SPEAKER_01,167.233333,198.8,185.57159375,185.87534375,1,0.30375,engaged
37.05128,0.0737642,36.054688,37.306202,39.066414,3.0117264,119.222,143.96927,39.67044,29.462631,0.47276762,0.2858836,0.3627782,0.42132008,0.5871763,0.22439814,3.8378687,2.2425973,2.1603892,1.2748083,0.25827357,0.398401,33.542164,0.08728558,12.2727165,0.48549852,-1.8423367,-4.4760294,-8.959808,-0.7696438,0.07775754,2.5222402,1.6142,0.46993572,6.8725877,0.5457864,5.072543,2.6102157,31.651846,0.27893853,782.47705,0.21019667,1326.6615,0.113835104,-158.33754,-0.463016,1852.9382,0.12871398,1200.1497,0.30746913,-159.76129,-0.42489213,2974.6772,0.0746231,1008.9129,0.26807845,-161.85277,-0.39573386,-19.596853,-0.35394928,33.343624,0.19673115,0.0057165986,1.9592992,-0.028848762,-0.28981194,0.33282652,0.30549258,35.29075,0.061393853,12.144225,0.7390599,-4.9592905,-2.5588365,-11.965739,-0.6349985,-17.995214,29.868769,0.0017437513,-0.026058331,0.2385762,4.347826,3.4013608,0.06,0.033763885,0.212,0.14654692,-26.508688,11,16-2,15,SPEAKER_01,167.233333,198.8,186.51659375,189.52034375,1,3.00375,engaged
0.0,0.0,0.0,0.0,0.0,0.0,0.0,0.0,0.0,0.0,0.4528508,0.16731274,0.35933828,0.47844827,0.51047087,0.15113258,3.3548744,2.3078556,1.6540033,0.38732144,0.17496957,0.23513111,17.822996,0.49372733,22.484037,0.3616487,-4.4556613,-0.9388748,-9.912805,-0.44845667,0.0,0.0,0.0,0.0,0.0,0.0,0.0,0.0,0.0,0.0,0.0,0.0,0.0,0.0,-201.0,0.0,0.0,0.0,0.0,0.0,-201.0,0.0,0.0,0.0,0.0,0.0,-201.0,0.0,0.0,0.0,0.0,0.0,0.0,0.0,0.0,0.0,0.0,0.0,0.0,0.0,0.0,0.0,0.0,0.0,0.0,0.0,-12.873187,19.133892,-0.008315884,-0.025096484,0.18140903,5.882353,0.0,0.0,0.0,0.28,0.0,-33.023636,11,16-2,15,SPEAKER_01,167.233333,198.8,190.56659375,190.92096875,1,0.354375,engaged
37.826668,0.022813769,36.944336,38.21538,38.49996,1.5556259,16.33811,6.5426865,6.6824393,6.2078614,0.6245539,0.32190868,0.4605223,0.5821565,0.7775644,0.3170421,3.9932785,2.6163657,2.8200512,1.806941,0.27003428,0.3559917,24.449991,0.38450408,17.562483,0.58978254,3.251296,1.5810868,-13.341032,-0.5250051,0.017571466,0.6720078,1.0689055,0.32779685,9.151741,0.16526651,7.652693,1.0377952,31.012156,0.17889956,756.6447,0.1596243,1278.5823,0.11942326,-111.71511,-0.81969,1867.3744,0.08591927,1059.3947,0.35424626,-117.39647,-0.70533484,2933.081,0.06258911,841.5035,0.26872233,-120.50946,-0.6587156,-18.868465,-0.20390703,27.71735,0.15992998,0.016948886,0.81205404,-0.032861765,-0.26983342,0.33335063,0.2691516,28.225067,0.2426597,15.731472,0.6258436,2.3422668,2.440446,-15.296555,-0.35744947,-14.139007,20.988855,-0.0030464192,-0.025156979,0.22372152,4.878049,2.542373,0.17999999,0.10801234,0.1425,0.061796036,-24.598528,11,16-2,15,SPEAKER_01,167.233333,198.8,190.98846875,192.23721875,1,1.24875,engaged
41.177685,0.04382783,39.639114,40.659702,43.139862,3.5007477,76.60456,94.83389,24.391628,18.714333,0.5935077,0.53344953,0.34236324,0.46117324,0.81034327,0.46798003,7.573871,3.5108008,5.88398,3.3696141,0.37708387,0.94824666,30.176962,0.10274236,10.075155,0.53755283,-2.067708,-2.9527278,-14.739885,-0.8765141,0.024112426,0.8500415,1.5665263,0.538047,7.8568316,0.28490025,11.287403,0.82085896,30.98319,0.21553488,787.322,0.15363723,1220.0372,0.13490586,-135.70355,-0.642185,1865.9352,0.11233432,884.5158,0.28787103,-137.68628,-0.58054847,3001.1523,0.055381387,617.0954,0.31576505,-139.88847,-0.55208004,-18.508156,-0.114395864,25.913427,0.18055962,0.011104886,1.2056427,-0.041386172,-0.2182159,0.60176456,0.8044067,28.825377,0.12094722,7.195183,0.85250133,-5.674585,-1.3726848,-26.65495,-0.3677926,-17.744839,28.042604,0.00055006676,-0.026421586,0.26589668,3.97351,4.040404,0.075833336,0.027826345,0.13923076,0.07800015,-22.772812,11,16-2,15,SPEAKER_01,167.233333,198.8,193.11471875,196.15221875,1,3.0375,engaged
27.982306,0.007800605,27.747791,27.986746,28.215197,0.46740532,0.077991486,0.0,0.0,0.0,0.61071503,0.23505972,0.49364993,0.58798814,0.6983509,0.20470098,5.6765532,3.1553476,2.15422,2.4739237,0.489969,0.30028418,33.109943,0.048798557,18.42973,0.17110623,4.36604,0.93492293,-4.999105,-1.6552896,0.07445584,0.53272045,1.68136,0.116364606,5.1215177,0.23987426,12.17713,0.60088015,44.550747,0.029204717,552.7215,0.411321,1533.2926,0.07412563,-107.28727,-0.88041186,1637.0332,0.20371464,1340.2761,0.18612447,-119.14573,-0.68367887,2718.0972,0.17088726,1209.3115,0.123838015,-121.49504,-0.6551904,-27.993122,-0.033029918,39.000767,0.021455768,0.019198142,0.6077731,-0.02045257,-0.29490903,0.54641026,0.20424353,34.05686,0.043390963,22.199749,0.032743353,9.9301195,0.103324234,-2.848266,-0.9879126,-23.897118,37.858036,0.005828626,-0.022325832,0.52798796,8.333334,6.25,0.06,0.0,0.035,0.015,-20.029667,11,16-2,15,SPEAKER_01,167.233333,198.8,198.54846875,198.8,1,0.2515625,engaged
32.900562,0.015729215,32.274242,33.15527,33.337193,1.0629501,8.317733,0.0,-5.65815,0.0,0.6848094,0.22093676,0.57661134,0.7383178,0.8105405,0.23392916,3.20727,2.3123467,2.5255942,0.2997926,0.33564037,0.28938755,31.997623,0.17812617,11.298808,0.4672026,-8.447309,-1.1192133,-14.116001,-0.5669217,0.028064534,0.7386779,1.7690139,0.3646342,3.5941217,0.78452903,-1.118138,-2.5608835,29.958588,0.08570608,621.29456,0.32005596,1460.17,0.079690985,-94.30711,-0.9781661,1637.2428,0.1719418,1413.6534,0.2910665,-97.834625,-0.8359726,2713.1147,0.09303287,1179.3557,0.48856938,-101.90451,-0.7735507,-16.11779,-0.20556663,28.629398,0.09489786,0.01570725,0.88174367,-0.032475542,-0.27907825,0.34798405,0.19150566,33.46455,0.15018085,11.044818,0.5984383,-7.721938,-1.4406811,-14.207859,-0.52254754,-14.372199,26.43564,0.012099172,-0.029675277,0.3307602,5.6603775,6.25,0.08,0.016329931,0.06,0.024494898,-24.935293,11,16-2,15,SPEAKER_00,167.233333,198.8,182.53409375,183.07409375,1,0.54,engaged
36.55907,0.006351573,36.355656,36.555157,36.78778,0.4321251,0.0,0.0,-0.077963084,0.0,0.5267198,0.102982834,0.48882633,0.5153094,0.5747778,0.08595145,2.422373,1.5766652,1.4102551,2.3337016,0.3271412,0.31657165,37.799603,0.034579236,14.3228035,0.17672674,3.5993025,2.1724684,-8.043222,-0.41421422,0.042405915,0.60163,2.032379,0.193354,5.348518,0.0718544,6.2073116,0.5222813,38.33836,0.033584867,815.414,0.14178765,1395.7511,0.12748277,-135.27359,-0.6290433,2044.0437,0.10525689,1411.5125,0.26966003,-133.0221,-0.55845505,3232.1738,0.06626485,1108.2952,0.14562874,-136.2857,-0.5208014,-20.339275,-0.060857683,36.129757,0.037277248,0.011466699,0.8624984,-0.024175089,-0.20587036,0.2630139,0.14397922,39.260933,0.017080095,13.611463,0.12343362,-3.9850302,-0.46120337,-10.88762,-0.32450685,-22.298897,33.75022,0.0048847278,-0.027075743,0.365595,11.111112,4.5454545,0.08,0.0,0.055,0.024999999,-25.257807,11,16-2,15,SPEAKER_00,167.233333,198.8,183.15846875000005,183.44534375,1,0.286875,engaged
38.129353,0.045214124,36.087303,39.423943,39.810165,3.7228622,0.6020864,0.0,19.222681,0.0,0.47943622,0.27605233,0.3745171,0.43267167,0.5532587,0.1787416,3.569022,2.1234474,3.3217618,1.6417292,0.23848091,0.41422883,31.172604,0.12436473,10.475325,0.6079314,-3.69023,-1.6758677,-8.273267,-0.81694907,0.025767008,1.0917577,1.2144384,0.49888238,8.62867,0.240801,1.4223945,11.775168,29.777924,0.46277267,667.89734,0.2653108,1411.9392,0.10085051,-163.00008,-0.43696845,1690.4491,0.18008451,1186.5895,0.19790888,-160.38269,-0.44147953,2827.4753,0.13734987,1037.3448,0.16675955,-163.35982,-0.39956573,-16.433416,-0.33587438,29.986399,0.17460287,0.0033757114,4.7313356,-0.03068481,-0.39488995,0.3121753,0.35722932,34.31291,0.11099109,7.0989194,1.1558844,-9.178467,-1.026564,-12.279329,-0.5834472,-17.083107,27.7068,0.0022514754,-0.027073901,0.22606286,6.25,2.8037386,0.07,0.024494898,0.19749999,0.15530212,-27.222118,11,16-2,16,SPEAKER_01,198.833333,203.666667,198.833333,199.96596875,1,1.132625,disengaged
35.0571,0.018717578,34.336887,35.164604,35.703377,1.3664894,0.0,0.0,-0.0985836,0.0,0.52940786,0.23007528,0.4363972,0.49098969,0.6343154,0.19791818,3.5974326,2.3392665,1.7484862,0.5115291,0.2212315,0.29871702,28.070948,0.20705561,6.461895,0.9585876,-6.973798,-0.7355016,-9.201248,-1.0833756,0.010398001,0.46351045,1.2726307,0.5566391,6.578024,0.32492197,-2.3916032,-3.8305004,35.13552,0.1366226,590.90424,0.23319435,1460.1965,0.0864286,-165.90048,-0.4524089,1556.5122,0.116625845,1358.6675,0.108220756,-167.47594,-0.41801697,2858.7856,0.051345907,930.9399,0.3671559,-170.37866,-0.37504658,-17.805931,-0.19851208,34.131096,0.07514285,0.016773622,0.50575626,-0.034424637,-0.15453269,0.33144835,0.16474226,35.6175,0.08379662,11.147269,0.268854,-14.460063,-0.28401542,-27.024326,-0.23360042,-9.6164255,22.284698,0.0046124044,-0.010911445,0.20364854,5.1282053,0.89285713,0.19,0.0,0.45,0.07,-28.619516,11,16-2,16,SPEAKER_01,198.833333,203.666667,200.37096875,201.55221875,1,1.18125,disengaged
38.477634,0.07024784,35.970535,39.003117,40.384026,4.4134903,288.3933,433.669,61.7132,44.469265,0.8096105,0.45510378,0.5482683,0.6984528,0.9650034,0.41673505,9.38518,7.3788114,7.3165436,4.1390233,0.419909,0.5285105,27.87451,0.29232708,9.135337,0.94187444,-2.186966,-3.714618,-10.330048,-0.79446065,0.025443694,0.89672804,1.305944,0.45746464,7.794947,0.3329549,8.192079,0.8780794,29.929775,0.23173083,700.8187,0.27400586,1519.4688,0.16151507,-112.17769,-0.78051066,1654.0366,0.117884375,1301.4084,0.17120752,-106.76136,-0.7490969,2788.8337,0.071871094,869.62683,0.24541259,-111.87595,-0.67667824,-16.57812,-0.4296665,31.559958,0.19838698,0.016866365,0.638529,-0.01956083,-0.64865035,0.4552481,0.5627107,31.796785,0.16769028,8.917649,1.0738628,-0.8055887,-11.1896305,-11.492325,-0.7562278,-11.472652,23.079885,0.011136631,-0.015316046,0.40093362,4.0268455,4.166667,0.12,0.081445284,0.09666667,0.07760297,-21.957357,11,16-2,16,SPEAKER_01,198.833333,203.666667,202.15971875,203.666667,1,1.5069375,disengaged
32.675568,0.28592107,18.382896,36.442978,40.691963,22.309067,375.89417,234.93028,164.53528,128.74596,0.44731548,0.20920002,0.38214457,0.4182007,0.50629693,0.12415236,3.7773433,1.7860172,2.0477014,1.311539,0.23562658,0.35057864,30.24191,0.18095082,16.140541,0.4138748,-0.663432,-12.443398,-7.3911014,-0.82626814,0.07281834,1.7940196,1.341369,0.5235342,6.5263824,0.64648646,2.1273417,7.002099,26.639318,0.2579012,912.74066,0.13848905,1274.1383,0.07836247,-159.57841,-0.44634897,1998.1055,0.07912273,1262.204,0.27277884,-161.70778,-0.40021902,3070.103,0.07968523,1098.7402,0.49648386,-162.54634,-0.38965106,-23.554068,-0.22044182,35.267776,0.12512803,-0.0016099937,-6.1881166,-0.024640279,-0.2164769,0.28684682,0.41147533,33.68368,0.08440531,18.179367,0.2521912,5.772502,1.5728405,-8.923705,-0.6688342,-17.51916,28.51914,0.0009682831,-0.024299743,0.22111286,4.316547,2.9850748,0.07,0.038078867,0.19399999,0.19376273,-26.645435,11,16-2,17,SPEAKER_01,203.7,205.1,203.7,205.1,1,1.4,engaged
0.0,0.0,0.0,0.0,0.0,0.0,0.0,0.0,0.0,0.0,0.31995836,0.58573437,0.05001986,0.4044925,0.4466281,0.39660823,0.36651334,0.6575283,0.6674639,0.0,0.17168438,0.5503879,23.251686,0.5676612,6.8407617,0.5740631,-0.32372564,-12.365973,-5.858346,-1.0592961,0.0,0.0,0.0,0.0,0.0,0.0,0.0,0.0,0.0,0.0,0.0,0.0,0.0,0.0,-201.0,0.0,0.0,0.0,0.0,0.0,-201.0,0.0,0.0,0.0,0.0,0.0,-201.0,0.0,0.0,0.0,0.0,0.0,0.0,0.0,0.0,0.0,0.0,0.0,0.0,0.0,0.0,0.0,0.0,0.0,0.0,0.0,-16.049683,26.358381,0.042327866,0.0015048813,0.22789118,3.125,0.0,0.0,0.0,0.26,0.0,-32.396614,11,16-2,18,SPEAKER_01,205.133333,208.033333,205.133333,205.46721875,1,0.333875,disengaged
40.199883,0.06660677,39.176777,40.60843,42.538475,3.3616982,-3.246045,5.2174935,24.607504,0.0,0.651191,0.5910198,0.35310575,0.48965412,1.0755323,0.72242653,5.421942,3.2428665,3.944976,3.7325692,0.31568047,0.723508,29.350502,0.14185616,5.0058055,1.5197296,-7.974871,-1.2465467,-11.887248,-0.80879813,0.0109098945,0.6599203,1.1103238,0.52223736,8.282407,0.4049728,-0.1499958,-73.21072,26.734573,0.18961096,781.1682,0.13507429,1315.6807,0.14396031,-141.50557,-0.6354521,1754.2617,0.093259625,1058.1914,0.21833465,-142.83784,-0.58570015,2917.5596,0.055892143,763.7098,0.28320205,-146.30075,-0.53704035,-11.829906,-0.40893903,27.00124,0.16854343,0.0015707912,7.582986,-0.027723202,-0.39964753,0.5200563,0.52593994,28.14449,0.17063881,-1.7725822,-5.4071054,-19.016144,-0.3586893,-20.188961,-0.44658208,-13.851858,27.515585,-0.002396094,-0.021110235,0.2330995,3.0120482,1.863354,0.15666667,0.13888444,0.26749998,0.12497499,-23.347715,11,16-2,18,SPEAKER_01,205.133333,208.033333,205.48409375,207.15471875,1,1.670625,disengaged
35.78974,0.011329717,35.32258,35.84121,36.20369,0.88111115,5.0567627,1.1955769,13.744966,6.2044535,0.4702763,0.20064878,0.39913252,0.43310696,0.5864198,0.1872873,1.20372,0.59215236,2.1471763,1.6102338,0.21843292,0.3806595,32.4563,0.10944244,12.3179,0.5269973,-3.229777,-2.6455133,-8.401393,-1.0945897,0.023459375,0.63028204,0.9390519,0.23885085,4.7714953,0.18550248,-1.4821489,-5.95962,26.79667,0.16148472,690.61584,0.28636926,1317.3578,0.14332098,-109.17497,-0.7912258,1653.6093,0.19839248,1212.3699,0.25140575,-108.17908,-0.77009284,2740.6155,0.10149684,843.4134,0.19799672,-114.023415,-0.6770341,-17.567623,-0.2422608,31.238087,0.19982684,0.0024812636,4.7005415,-0.029277405,-0.15083705,0.24759646,0.4062185,34.149803,0.0412926,8.928701,0.72482616,-6.7332883,-1.6756241,-13.42601,-0.6026763,-17.650793,30.366615,0.003564729,-0.023992322,0.2156435,8.333334,6.451613,0.07,0.0,0.065,0.035,-28.788673,11,16-2,18,SPEAKER_01,205.133333,208.033333,207.66096875,208.033333,1,0.372375,disengaged
35.136944,0.16521938,34.96808,36.494095,37.47124,2.5031624,348.59955,304.9961,105.75183,51.269363,0.4628722,0.31611106,0.3481288,0.41390172,0.5437812,0.19565243,3.5733278,1.1420174,1.8358153,0.75244135,0.21292266,0.39179578,31.196392,0.16065931,9.202085,0.8584337,-5.2773767,-1.8246372,-5.84804,-1.3693181,0.012702264,1.0510277,1.4456009,0.4012725,4.244086,0.4474317,-5.2363086,-1.3871505,20.880253,0.25337866,650.60223,0.2467056,1375.3483,0.14624311,-171.71005,-0.38360357,1610.5023,0.15338495,1178.2606,0.15543309,-169.9176,-0.3936865,2801.4897,0.076313965,1060.6941,0.29623437,-172.79346,-0.35004127,-7.0639625,-1.1124736,27.461199,0.21151981,-0.0018139307,-5.222018,-0.011736519,-1.3184773,0.2778871,0.34977385,31.883566,0.09505318,-0.018302122,-430.6496,-16.032284,-0.7884225,-4.00946,-1.8860757,-15.845744,28.557512,-0.002505625,-0.021746127,0.19367042,3.5555556,2.2727273,0.06,0.036331803,0.35999998,0.15112908,-29.53256,11,16-2,19,SPEAKER_01,208.066667,225.766667,208.066667,210.32721875,1,2.2605625,engaged
40.203182,0.08833559,36.166428,39.042248,45.05834,8.891911,40.801052,8.449707,480.30734,339.22406,0.61727655,0.60103077,0.3568534,0.51075333,0.68739396,0.33054057,3.6756036,1.2764885,4.4710546,1.6781862,0.32081708,0.56604093,31.311825,0.15648256,10.387626,0.562949,-4.8289685,-1.5334797,-15.7824745,-0.69067115,0.01669739,0.91656685,0.92011946,0.57484245,8.718436,0.40909442,9.272066,1.7159474,32.515163,0.16165832,640.27344,0.32655317,1359.3119,0.15921707,-138.0877,-0.59357077,1709.5071,0.17969285,1082.7396,0.16652529,-130.74207,-0.62587667,2867.9224,0.091484144,931.81256,0.28180194,-134.47418,-0.5733013,-20.340284,-0.20948969,32.927128,0.12880637,0.010937484,1.1508037,-0.030501435,-0.24172665,0.37797576,0.34762794,30.346483,0.22409776,8.937279,0.9887891,-5.559993,-1.891487,-22.04592,-0.4882527,-17.208113,29.045082,0.00093497767,-0.030127851,0.2922667,3.2258065,4.597701,0.074999996,0.022912879,0.122499995,0.08699857,-20.582344,11,16-2,19,SPEAKER_01,208.066667,225.766667,210.47909375,211.42409375000005,1,0.945,engaged
34.571854,0.21889055,34.458046,37.343567,39.5322,5.074154,371.22867,0.0,63.228527,49.842644,0.4996415,0.29458684,0.36629325,0.43989632,0.6854163,0.31912303,3.1522825,1.5991255,1.7497929,0.76190096,0.2614943,0.34111366,34.040966,0.08150841,11.847899,0.6678143,-2.7624316,-4.0094395,-8.4385805,-0.8056989,0.01897403,0.42276877,1.1698834,0.41076052,7.468505,0.5733394,-1.9309846,-7.093158,27.590807,0.29790536,795.65936,0.13969462,1391.7139,0.11451027,-149.51306,-0.50921285,1823.3601,0.103857815,1302.4403,0.24384172,-152.21211,-0.4650083,3001.6892,0.04821433,1161.9089,0.29850852,-155.05455,-0.43018982,-18.70269,-0.48496103,35.009384,0.188341,-0.0054129926,-1.822129,-0.02210034,-0.39489973,0.32022554,0.2815487,34.027363,0.08399099,11.159838,0.99168664,-5.9188356,-2.502752,-9.805456,-0.61658466,-16.669018,30.179678,-0.0016043148,-0.024469642,0.2390712,3.1578948,4.494382,0.0525,0.02772634,0.14999999,0.02828427,-24.388546,11,16-2,19,SPEAKER_01,208.066667,225.766667,212.01471875,212.97659375,1,0.961875,engaged
0.0,0.0,0.0,0.0,0.0,0.0,0.0,0.0,0.0,0.0,0.35969266,0.018539868,0.35763967,0.36102498,0.36424357,0.0066038966,0.45578483,0.4613089,0.32787323,0.0,0.1478497,0.2695192,30.70792,0.052671723,10.336942,0.095643856,1.0496023,1.6612978,-6.300876,-0.492226,0.0,0.0,0.0,0.0,0.0,0.0,0.0,0.0,0.0,0.0,0.0,0.0,0.0,0.0,-201.0,0.0,0.0,0.0,0.0,0.0,-201.0,0.0,0.0,0.0,0.0,0.0,-201.0,0.0,0.0,0.0,0.0,0.0,0.0,0.0,0.0,0.0,0.0,0.0,0.0,0.0,0.0,0.0,0.0,0.0,0.0,0.0,-16.769547,28.823673,0.0020756382,-0.021739053,0.20937237,14.285714,0.0,0.0,0.0,0.0,0.0,-33.706768,11,16-2,19,SPEAKER_01,208.066667,225.766667,213.26346875,213.34784375,1,0.084375,engaged
30.629541,0.31233916,21.157328,31.726162,40.10795,18.95062,712.3304,0.0,231.11906,0.0,0.50912863,0.52325934,0.36958686,0.4206936,0.49367777,0.12409091,2.6169655,2.163444,8.474483,0.0,0.36971232,1.1618103,30.3274,0.15965346,16.054708,0.37210375,-2.186528,-3.1697156,-9.874557,-1.1028056,0.18308349,0.75302166,1.2629621,0.40730795,3.415408,0.26624766,-1.7856753,-5.1441774,28.592073,0.18978263,905.58234,0.036320962,1301.6246,0.09933962,-167.40761,-0.3836654,2052.4624,0.011327491,983.18524,0.046157014,-170.5357,-0.34205028,3138.2346,0.014615634,884.57526,0.052815374,-171.22723,-0.3327593,-22.05379,-0.14169084,33.800278,0.22086652,0.016338095,1.1141279,-0.03207621,-0.42166692,1.0802907,0.7105665,30.17971,0.15906961,8.070864,1.2071378,-4.786935,-2.7988877,-17.510876,-0.9070823,-20.760584,30.813538,0.0054176864,-0.032602508,0.29220083,2.4390244,5.555556,0.02,0.0,0.14,0.02,-24.56889,11,16-2,19,SPEAKER_01,208.066667,225.766667,213.44909375,213.87096875,1,0.421875,engaged
35.6315,0.004432097,35.52561,35.565296,35.71173,0.18611908,0.43621063,0.0,4.9860387,0.0,0.5378746,0.36088482,0.3374235,0.50023055,0.74483645,0.40741295,2.056763,1.2114019,2.1926734,0.0,0.21783525,0.33778986,31.864758,0.073434584,5.1765337,1.0375912,-5.518955,-1.9171089,-10.286424,-0.95512056,0.009375667,0.48271716,1.2320479,0.34109387,5.8103204,0.34198484,-3.7899325,-0.8393692,26.88945,0.12562187,707.3266,0.19494009,1332.4586,0.06859158,-122.37154,-0.77208626,1733.9675,0.110431194,1104.4734,0.20368451,-128.52245,-0.68141645,2881.784,0.07937926,1104.9615,0.34676495,-134.31378,-0.59663486,-12.483051,-0.37853009,30.681768,0.17634173,0.008987649,0.7645415,-0.03406833,-0.30407572,0.2890145,0.20911543,34.348423,0.04803308,3.3300312,1.9589485,-18.143284,-0.31783807,-20.688751,-0.45313004,-15.501523,25.2069,0.0070529683,-0.022823127,0.19634447,2.2727273,2.5641026,0.14,0.0,0.11,0.049999997,-28.093128,11,16-2,19,SPEAKER_01,208.066667,225.766667,218.41034375,218.86596875,1,0.455625,engaged
36.92651,0.022969423,36.396133,36.992554,37.706,1.3098679,65.80632,107.17373,9.320793,4.4908433,0.5486642,0.3788971,0.3623027,0.49045223,0.69240236,0.33009967,3.268965,2.4524448,2.3244648,1.4500948,0.22439678,0.30543625,31.100697,0.104142934,6.76235,0.96632624,-5.688394,-1.4649111,-10.401846,-1.2368447,0.012792898,0.9576913,1.1322592,0.45684847,6.6034822,0.42199045,-4.9240694,-1.6943673,23.141397,0.31738696,667.0547,0.22473007,1396.9629,0.12904254,-124.74577,-0.75453436,1714.5352,0.17075163,1173.0376,0.19941258,-128.31367,-0.67434067,2786.0913,0.08294789,904.4712,0.3657373,-131.92123,-0.6251029,-15.685662,-0.3406784,26.834211,0.15447097,0.008522573,1.5900147,-0.03176238,-0.36374357,0.2632787,0.245724,31.059599,0.122311905,4.8677444,1.3062611,-7.363758,-1.4164042,-21.236393,-0.6243103,-14.825713,27.291521,-0.002871678,-0.020544779,0.20271946,2.777778,2.857143,0.12666667,0.14290634,0.20333333,0.23598494,-26.71575,11,16-2,19,SPEAKER_01,208.066667,225.766667,223.59096875,225.766667,1,2.1756875,engaged
0.0,0.0,0.0,0.0,0.0,0.0,0.0,0.0,0.0,0.0,0.5731397,0.058932476,0.541609,0.56988215,0.58505964,0.043450654,0.6878555,0.0,5.397594,0.0,0.34260142,0.2654326,37.79917,0.021211373,13.298382,0.29247707,-2.1169555,-1.6510361,-13.680638,-0.51113856,0.0,0.0,0.0,0.0,0.0,0.0,0.0,0.0,0.0,0.0,0.0,0.0,0.0,0.0,-201.0,0.0,0.0,0.0,0.0,0.0,-201.0,0.0,0.0,0.0,0.0,0.0,-201.0,0.0,0.0,0.0,0.0,0.0,0.0,0.0,0.0,0.0,0.0,0.0,0.0,0.0,0.0,0.0,0.0,0.0,0.0,0.0,-19.83812,35.553535,0.024744067,-0.048678055,0.45424587,0.0,0.0,0.0,0.0,0.0,0.0,-24.555243,11,16-2,19,SPEAKER_02,208.066667,225.766667,212.97659375,213.06096875,1,0.084375,engaged
0.0,0.0,0.0,0.0,0.0,0.0,0.0,0.0,0.0,0.0,0.36420077,0.21749072,0.2983321,0.3162076,0.42940938,0.13107729,0.0397439,0.0,0.0,0.0,0.27104485,0.80072796,32.941826,0.11395897,15.843744,0.22342181,4.8582015,0.36489078,-2.3832738,-1.4285283,0.0,0.0,0.0,0.0,0.0,0.0,0.0,0.0,0.0,0.0,0.0,0.0,0.0,0.0,-201.0,0.0,0.0,0.0,0.0,0.0,-201.0,0.0,0.0,0.0,0.0,0.0,-201.0,0.0,0.0,0.0,0.0,0.0,0.0,0.0,0.0,0.0,0.0,0.0,0.0,0.0,0.0,0.0,0.0,0.0,0.0,0.0,-20.667952,27.860926,-0.0184066,-0.039549034,0.0,0.0,0.0,0.0,0.0,0.0,0.0,-28.057472,11,16-2,19,SPEAKER_02,208.066667,225.766667,213.11159375000005,213.17909375,1,0.0675,engaged
0.0,0.0,0.0,0.0,0.0,0.0,0.0,0.0,0.0,0.0,0.34304196,0.04355585,0.32674876,0.3442072,0.3567875,0.030038744,0.9830885,0.065570466,0.43750927,0.1628317,0.17905852,0.31666067,31.978832,0.04637917,15.609754,0.093565464,4.3671384,0.4489001,0.3977573,7.8139863,0.0,0.0,0.0,0.0,0.0,0.0,0.0,0.0,0.0,0.0,0.0,0.0,0.0,0.0,-201.0,0.0,0.0,0.0,0.0,0.0,-201.0,0.0,0.0,0.0,0.0,0.0,-201.0,0.0,0.0,0.0,0.0,0.0,0.0,0.0,0.0,0.0,0.0,0.0,0.0,0.0,0.0,0.0,0.0,0.0,0.0,0.0,-18.618877,29.792015,-0.009979013,-0.014185309,0.16928111,11.111112,0.0,0.0,0.0,0.03,0.0,-31.562204,11,16-2,19,SPEAKER_02,208.066667,225.766667,213.34784375,213.44909375,1,0.10125,engaged
40.451782,0.08289318,36.164623,41.371803,43.694378,7.5297546,25.051775,4.850977,151.1362,65.69805,0.6942159,0.46188065,0.36895713,0.59046274,1.0463401,0.67738295,4.3300757,2.6239586,5.0943694,3.4414499,0.34270796,0.70908976,27.144274,0.19793075,7.194671,1.5325639,-3.7770343,-2.699936,-7.780837,-1.5956291,0.021206375,0.5716916,1.3452152,0.877093,6.0798864,0.35295576,9.842512,0.94611424,28.333057,0.15245211,820.5981,0.104907155,1348.6332,0.119923,-109.96134,-0.8207172,1850.0441,0.10908719,1002.47723,0.2920355,-111.43249,-0.77114195,2936.2156,0.059376556,944.6256,0.3443229,-116.29769,-0.6963466,-12.562763,-0.62832457,25.120827,0.138588,0.010647475,1.3808975,-0.023771655,-0.77364475,0.4717986,0.5169854,29.09178,0.115871154,0.5377595,21.45534,-8.505132,-1.4397293,-12.78231,-1.2409182,-15.702519,25.062504,-0.0025525354,-0.02356053,0.25283563,3.6144578,3.846154,0.11666667,0.041096095,0.11666667,0.06182412,-23.857723,11,16-2,19,SPEAKER_02,208.066667,225.766667,213.87096875,214.71471875,1,0.84375,engaged
38.294662,0.012972108,38.01346,38.234238,38.84189,0.8284302,-14.988756,0.0,3.5117645,0.0,0.95225227,0.64382243,0.3843524,0.65053445,1.655194,1.2708416,3.9257765,3.0222805,4.4635744,0.0,0.3772623,0.6136827,26.90338,0.1515114,3.2433355,3.7464168,-0.78821295,-13.08871,-8.780651,-1.0235775,0.0047050756,1.3556379,0.8444436,0.6814724,10.1359825,0.14745274,1.5360866,6.1376,16.490797,0.36511686,734.40967,0.24697782,1447.2401,0.12368584,-102.49441,-0.91975915,1760.7534,0.16075736,1129.3289,0.22211052,-99.17004,-0.92817736,2770.141,0.086055785,942.29095,0.22338085,-102.22594,-0.87214607,-7.9371467,-0.73774934,18.279083,0.4048316,0.01940448,0.7049281,-0.019986104,-0.534291,0.535974,0.40459257,25.37687,0.13930684,-5.4241605,-2.0875309,-5.438869,-2.03805,-12.71451,-0.86099845,-17.13984,26.70305,0.0040324964,-0.022714952,0.23543847,1.4705882,1.5873016,0.32999998,0.0,0.13499999,0.005,-20.605593,11,16-2,19,SPEAKER_02,208.066667,225.766667,214.90034375,215.59221875,1,0.691875,engaged
37.244038,0.04581818,35.90679,36.292927,39.522167,3.6153755,32.308834,0.0,0.04757583,1.6255722,0.70304286,0.44729015,0.37705478,0.6555887,0.9251053,0.5480505,3.3055696,1.8028939,4.1273465,1.6125014,0.298428,0.47469327,31.990376,0.15020777,11.428082,0.6785057,1.0500635,13.214295,-12.505643,-1.0077863,0.013981932,0.7172479,1.1506648,0.6474636,9.92225,0.1668561,6.077024,1.151817,26.805298,0.2082547,774.82043,0.19936076,1364.8209,0.15968576,-81.297516,-1.0665659,1913.6946,0.12762418,1046.9987,0.2786393,-86.292114,-0.9048478,2990.9663,0.084417045,959.1577,0.39555183,-88.76775,-0.86007905,-19.81375,-0.2837519,30.669792,0.16639109,0.015581538,0.7951226,-0.03148086,-0.34195432,0.34906965,0.38844448,33.750805,0.09575377,11.514107,0.6219147,4.6509423,3.3402479,-18.287302,-0.67199534,-15.257711,28.299864,0.0041527282,-0.021407442,0.21344423,2.970297,2.0833335,0.31,0.099999994,0.09666667,0.028674418,-21.572384,11,16-2,19,SPEAKER_02,208.066667,225.766667,215.82846875,216.85784375,1,1.029375,engaged
36.476303,0.053293154,34.30699,36.03687,38.747635,4.4406433,0.24593262,0.0,0.0,0.0,0.50585324,0.35745078,0.34032553,0.4216995,0.76328063,0.4229551,1.8065823,0.81650335,1.9228392,0.020398915,0.24099451,0.36242166,32.074944,0.112474926,11.914861,0.29500124,5.8071165,0.8022091,-9.373184,-0.83498716,0.029799066,0.97076094,1.2167751,0.29302436,6.980093,0.18954366,5.524722,1.5880519,26.27116,0.15032688,741.70715,0.15184525,1310.848,0.087370776,-130.25879,-0.67311066,1937.0109,0.124373585,782.5479,0.24862118,-133.7453,-0.6109389,2921.1619,0.06047294,911.7382,0.37729192,-134.62085,-0.59836215,-18.64214,-0.0851746,23.199944,0.17143477,0.014661466,0.59639615,-0.044337478,-0.101641394,0.31526533,0.22550753,31.430449,0.114250496,12.798833,0.2547476,10.288728,0.23632298,-18.544518,-0.2175433,-17.961645,30.313005,-0.001212798,-0.023190817,0.21007244,3.3898306,1.8518519,0.19999999,0.0,0.155,0.105,-26.741865,11,16-2,19,SPEAKER_02,208.066667,225.766667,220.03034375,220.63784375,1,0.6075,engaged
34.556236,0.022207405,33.830994,34.502453,35.31018,1.479187,97.57208,86.16793,5.294938,10.133508,0.5831471,0.39792722,0.36449146,0.53498626,0.75186634,0.38737488,4.686118,3.186579,3.349136,1.0190505,0.26487464,0.3792261,33.782143,0.1270372,11.778567,0.5637976,2.9661753,3.1194954,-6.268331,-1.0298307,0.023119425,0.77688265,1.1415079,0.4479634,7.6799197,0.29542583,5.2537274,1.3463907,29.227037,0.23422368,730.05493,0.21341805,1409.005,0.12837027,-93.97623,-0.92828864,1826.34,0.12650634,1108.7773,0.28603753,-101.53128,-0.7852599,2917.9167,0.08233857,1003.5808,0.2767468,-104.71308,-0.7380291,-20.552301,-0.19491455,31.545961,0.18248859,0.0052574542,1.8069487,-0.03014654,-0.234208,0.2967346,0.31528935,35.64557,0.096711785,12.504546,0.57716787,6.733833,1.492555,-7.7509146,-0.90908104,-16.480053,29.240072,0.000108906446,-0.023057906,0.23328373,4.3209877,3.1847136,0.172,0.12828094,0.099999994,0.059721578,-23.728138,11,16-2,19,SPEAKER_02,208.066667,225.766667,221.39721875,223.03409375,1,1.636875,engaged
38.512566,0.030181978,37.22279,38.426205,39.896923,2.6741333,15.268921,4.627537,105.78321,0.0,0.5137243,0.30015302,0.3844998,0.45979467,0.6538724,0.26937258,3.348154,1.5025032,0.48011127,2.2347617,0.29463053,0.6314468,32.863663,0.13644008,12.107002,0.40918958,-4.650414,-1.5581558,-8.526467,-1.1937059,0.02559516,0.67144656,1.0426956,0.3387775,8.3974905,0.16740818,14.438172,0.96642536,42.364853,0.12956339,699.5523,0.25984207,1540.3534,0.21942385,-151.97089,-0.5122852,1683.5375,0.16992734,1393.6473,0.23346643,-148.46245,-0.4890116,2837.6348,0.10428069,1237.3904,0.2515961,-151.45668,-0.4515677,-21.05304,-0.24560855,37.88655,0.05977825,0.012757599,1.1421561,-0.033360533,-0.27941942,0.48168412,0.5121892,36.57457,0.040233307,15.578155,0.3105681,-6.6796865,-1.354065,-17.23889,-0.6535736,-15.570182,28.938559,-0.0018582908,-0.021384897,0.2304673,4.7619047,3.448276,0.08,0.03,0.12333333,0.057348836,-25.499693,11,16-2,20,SPEAKER_01,225.8,229.633333,225.8,226.44284375,1,0.6428125,disengaged
35.33812,0.0,35.33812,35.33812,35.33812,0.0,0.0,0.0,0.0,0.0,0.75874645,0.20024161,0.6205108,0.7481702,0.9018837,0.2813729,0.08209944,0.0,0.0,0.0,0.34669825,0.3788485,36.36065,0.059231732,8.974833,0.15026535,-14.454182,-0.28295365,-18.668104,-0.36399314,0.0,0.0,3.9038877,0.0,3.364554,0.0,-3.3211472,0.0,35.0849,0.0,948.03015,0.0,1167.6183,0.0,-2.0446658,0.0,2066.883,0.0,950.8376,0.0,-33.397644,0.0,3412.0332,0.0,903.42957,0.0,-42.32515,0.0,-14.480361,0.0,26.767885,0.0,0.0033601471,0.0,-0.020844791,0.0,0.0,0.0,32.85898,0.0,8.119514,0.0,-4.952296,0.0,-1.4079247,0.0,0.0,0.0,0.0,0.0,0.0,0.0,0.0,0.0,0.0,0.0,0.0,-23.354734,11,16-2,20,SPEAKER_01,225.8,229.633333,226.49346875,226.56096875,1,0.0675,disengaged
36.684826,0.0084388945,36.356823,36.720627,36.97373,0.6169052,0.0,0.0,-0.110634804,0.0,0.41988766,0.23335978,0.3441514,0.39584592,0.49136627,0.14721486,2.028704,0.75842506,2.2435248,1.9904952,0.20878418,0.36178803,32.436695,0.08083027,9.2486,0.38955453,-1.257058,-4.822538,-4.2743382,-1.7069622,0.043391123,0.40138122,2.242552,0.381873,5.6023192,0.29647046,-5.7433634,-2.763061,26.349455,0.3057522,688.0842,0.2633072,1393.3821,0.07381991,-187.14874,-0.23236778,1680.5852,0.19530831,1475.0929,0.32450277,-188.13184,-0.21572651,2748.5315,0.1298708,1026.8698,0.19215128,-188.76907,-0.20396526,-19.032066,-0.1277947,30.117355,0.1652988,0.009354483,1.3605547,-0.032557636,-0.27247214,0.38633838,0.19270511,33.757748,0.052662846,6.650243,0.40772066,-11.328452,-0.5092973,-17.94713,-0.44747275,-16.445908,26.412493,0.0010371567,-0.024170244,0.1990831,5.1282053,1.7857143,0.03,0.01,0.33666667,0.13597384,-30.207035,11,16-2,20,SPEAKER_01,225.8,229.633333,226.81409375,227.99534375,1,1.18125,disengaged
32.110226,0.25221518,23.783165,34.88082,38.19561,14.412445,621.7917,0.0,69.89447,41.17978,0.4639411,0.2055327,0.38150832,0.4338083,0.54355437,0.16204605,1.8516234,1.4854529,2.6016858,0.78565836,0.2520927,0.3806313,30.924683,0.17119047,14.159034,0.3042044,-1.6925337,-3.5584714,-3.9247885,-2.2957916,0.061584886,1.7685015,1.3011223,0.53818166,5.227688,0.50592166,6.5893636,1.8707601,34.96141,0.21064532,763.0249,0.26549459,1431.199,0.14172584,-144.55415,-0.5601696,1763.6924,0.14763156,1273.1272,0.19585131,-145.04677,-0.52695614,2904.514,0.09626438,912.32074,0.12555584,-148.01378,-0.4880371,-18.527716,-0.30391535,33.9676,0.13090819,0.010698813,1.1344153,-0.023941912,-0.24323091,0.26112252,0.2066906,35.085106,0.060414214,13.247834,0.34344396,-1.3577536,-4.8724494,-7.107908,-0.8923141,-17.22423,29.132105,0.0032472978,-0.0228338,0.25445056,5.714286,3.0,0.09666667,0.057927158,0.16,0.10839742,-28.119612,11,16-2,20,SPEAKER_01,225.8,229.633333,228.56909375,229.633333,1,1.06425,disengaged
34.64916,0.0024532517,34.562065,34.653458,34.734623,0.17255783,0.0,0.0,-0.03286634,0.0,0.6346751,0.37721726,0.36820388,0.61543757,0.89935386,0.53115,0.0,0.0,-0.037451256,0.0,0.23853362,0.39111012,37.146233,0.11055962,11.391596,0.339555,-9.481004,-0.5580743,-13.450216,-0.5621176,0.0041373386,0.30118293,0.7269729,0.16576669,9.392171,0.0947821,-5.71915,-0.1464579,31.085981,0.041876134,779.92664,0.15244576,1308.6183,0.12223366,-99.996445,-0.8699212,1977.4869,0.052795075,1267.5283,0.07523925,-105.86608,-0.70124894,3138.3164,0.018228054,1158.6318,0.092844665,-110.32352,-0.64522105,-10.716678,-0.14493766,38.87453,0.044805307,0.00025683094,21.666494,-0.04232968,-0.044701606,0.24341384,0.016788483,40.70871,0.02163686,14.165127,0.17949054,-14.696834,-0.2416194,-22.100962,-0.060403485,-12.588055,35.81448,-0.016156683,-0.032472074,0.35488465,0.0,8.333334,0.06,0.0,0.04,0.0,-22.92456,11,16-2,20,SPEAKER_02,225.8,229.633333,226.56096875,226.74659375,1,0.185625,disengaged
33.540844,0.2767531,18.242603,37.798714,40.732887,22.490284,1042.9869,788.0569,158.75941,74.029,0.39715788,0.3115782,0.33591726,0.37368733,0.471095,0.13517773,1.8254648,1.046158,1.6695547,1.0578567,0.20342606,0.40050367,30.027122,0.23195592,11.145533,0.51995283,-0.44866,-17.236261,-4.0649867,-1.4727021,0.023937538,1.0339875,1.3016653,0.40113962,6.985233,0.6206743,-10.190038,-2.7016454,15.616916,1.4989469,909.6291,0.18495032,1258.1782,0.16267112,-174.74263,-0.3402045,2004.5784,0.12792584,1102.2451,0.26510042,-175.74144,-0.31609866,3113.184,0.08974636,995.23975,0.18170609,-176.46394,-0.30519098,-20.591974,-0.4078479,33.05661,0.21028243,0.0022252102,6.3391666,-0.022886688,-0.30054638,0.29078698,0.3292976,33.002342,0.10992846,14.074036,0.5085657,2.0929165,5.4464645,-6.686412,-1.0072212,-15.978767,27.590824,1.5552356e-06,-0.017361702,0.19719754,2.2123895,1.8099548,0.074999996,0.0295804,0.364,0.3591434,-28.344416,11,16-2,21,SPEAKER_01,229.666667,243.366667,229.666667,231.94409375,1,2.2774375,engaged
35.220924,0.01103815,34.78295,35.415413,35.552486,0.76953506,6.6342673,0.0,-13.674068,0.0,0.40656587,0.24419829,0.3371938,0.35748798,0.46762633,0.13043255,2.13889,1.7868342,1.0814109,0.4027635,0.19774868,0.31753024,32.937748,0.087037876,10.660964,0.40360552,-3.3635147,-2.224359,-6.076119,-0.6721087,0.011319818,0.41415623,1.2283804,0.26232418,3.6305428,0.3641871,6.5542164,0.64549565,30.966951,0.06891952,759.63806,0.20611171,1269.9198,0.106550194,-160.72995,-0.4714914,1746.1078,0.13058776,1456.2131,0.18042699,-165.69553,-0.4019411,2874.9324,0.051047556,1130.9291,0.30911508,-167.52878,-0.3762451,-11.770471,-0.5464946,32.105904,0.03588356,-0.0023755922,-3.533316,-0.017072182,-0.72048795,0.2879153,0.16391186,36.866745,0.027805498,9.688919,0.4572108,-14.14344,-0.4468809,-9.360574,-0.67130214,-15.743264,29.006634,-0.0027268273,-0.019030454,0.1837355,3.125,1.6949153,0.11,0.0,0.225,0.085,-30.99333,11,16-2,21,SPEAKER_01,229.666667,243.366667,232.11284375,232.77096875,1,0.658125,engaged
36.013702,0.10627367,35.16484,35.731777,39.0811,3.9162598,36.81902,30.464031,42.11198,11.054238,0.48976573,0.30329266,0.36490104,0.43001232,0.60898757,0.24408653,2.6934807,1.0546948,2.958359,1.5753376,0.23797241,0.41842937,32.674423,0.120687306,9.401115,0.73252976,-5.7064986,-1.8811371,-5.885405,-1.3727185,0.027705142,1.5905039,1.4222544,0.4623738,5.830739,0.52524406,-0.9749197,-11.485228,27.308453,0.27010754,692.7494,0.2507068,1403.1158,0.12538317,-147.90672,-0.5468341,1710.7017,0.15120229,1224.357,0.22206812,-149.72981,-0.51096326,2869.0647,0.083978534,998.8445,0.2631456,-153.03064,-0.46511847,-15.810505,-0.5703426,32.512085,0.1614502,0.0022842768,4.4345098,-0.024969699,-0.44264087,0.307498,0.305599,34.973724,0.06490585,8.579418,1.0719312,-10.192915,-1.430009,-11.206167,-0.7175214,-15.327897,28.294985,-0.0028589168,-0.021989536,0.2138301,3.943662,2.857143,0.089999996,0.022360679,0.23799999,0.20247468,-26.880123,11,16-2,21,SPEAKER_01,229.666667,243.366667,233.26034375,236.82096875,1,3.560625,engaged
36.42619,0.04901556,34.607117,35.38733,38.28569,3.6785736,0.0,0.0,-0.16532318,0.0,0.49380565,0.18202797,0.41258502,0.47803688,0.5821424,0.1695574,2.6939924,1.0877433,2.3342855,0.79820496,0.26687294,0.41092145,31.12132,0.1489244,14.261295,0.23701093,-0.8411051,-7.197705,-6.3546906,-1.0482749,0.026185166,0.5843474,1.5133837,0.5586995,6.587119,0.16202377,13.613912,0.35366526,35.801273,0.12524718,709.6721,0.24754645,1451.2489,0.12071305,-141.27213,-0.59007436,1687.2474,0.14972553,1285.124,0.14241919,-136.59265,-0.5839051,2805.8633,0.07935804,975.9271,0.14937846,-140.33736,-0.53455573,-17.533802,-0.334435,33.581154,0.113405325,0.0121156145,0.92827946,-0.022597862,-0.21120894,0.24196443,0.20121585,34.846848,0.04232551,13.409049,0.31522313,-2.7924871,-2.5285718,-7.3744836,-0.67879707,-19.111576,30.423687,0.008646726,-0.023899777,0.30023548,8.219178,2.9411764,0.114999995,0.005,0.13333333,0.0047140447,-27.32283,11,16-2,21,SPEAKER_01,229.666667,243.366667,241.69784375,242.44034375,1,0.7425,engaged
37.979874,0.040429857,36.37648,38.20977,39.28248,2.9059982,49.562733,27.621107,14.070507,8.347431,0.5614639,0.41034234,0.37071708,0.45848805,0.81082743,0.44011036,6.0413623,3.6927934,3.454612,1.363631,0.27986556,0.46367577,29.553354,0.19867514,11.600595,0.55170155,5.1245403,1.2863969,-9.945509,-0.8280513,0.01918419,0.83531195,1.346889,0.34980282,8.663381,0.23577698,7.6364985,0.90075916,25.466948,0.15469086,775.968,0.15387551,1313.6823,0.118063346,-115.652794,-0.7705395,1888.3821,0.123348296,1055.9242,0.26742628,-122.46706,-0.65942746,2871.089,0.06431958,781.62836,0.26852056,-122.71143,-0.6541666,-19.17124,-0.19037928,27.196482,0.18753095,0.007052666,1.393186,-0.032493185,-0.29055294,0.34753728,0.34559783,31.879452,0.084262155,9.558961,0.7661756,5.790126,1.5035986,-13.089606,-0.6898287,-17.27938,26.870928,-0.002583092,-0.023921805,0.23502198,3.6144578,3.10559,0.138,0.05035871,0.13499999,0.080156095,-24.68804,11,16-2,21,SPEAKER_02,229.666667,243.366667,237.20909375,238.87971875,1,1.670625,engaged
40.704075,0.04726551,38.922905,41.160576,42.585155,3.6622505,0.0,0.0,-0.1421266,0.0,0.6678293,0.19788225,0.5629922,0.6839425,0.7572282,0.19423598,1.244814,1.1720009,2.7601955,0.35021415,0.23976226,0.21710046,32.52803,0.08921878,7.006457,0.79038894,-5.3994102,-1.2046642,-19.350521,-0.3164727,0.019705107,0.33727205,1.1843989,0.32965657,6.6803923,0.30920795,15.907885,0.35333976,37.438282,0.12162214,726.99457,0.1680768,1361.7383,0.10721227,-29.855242,-2.3639984,1793.1594,0.10574321,1014.62415,0.28150594,-40.555843,-1.485636,2954.65,0.07207424,787.39825,0.21266106,-51.57069,-1.0816039,-16.85918,-0.19599475,26.813528,0.17872533,0.014120209,1.0221444,-0.039791264,-0.14076516,0.2562493,0.1668421,33.64011,0.050588794,4.698578,0.6374918,-7.8748198,-0.59608483,-18.548733,-0.32476118,-16.834475,24.266134,0.011434365,-0.031663958,0.21407156,3.3898306,1.8518519,0.45999998,0.0,0.06,0.0,-24.40334,11,16-2,22,SPEAKER_01,243.4,244.833333,244.22909375,244.833333,1,0.60425,disengaged
0.0,0.0,0.0,0.0,0.0,0.0,0.0,0.0,0.0,0.0,0.34551194,0.053460136,0.32945517,0.34848824,0.36096266,0.031507492,0.58926684,0.058549285,0.7409797,0.8540519,0.15624376,0.25802082,25.03412,0.093166776,20.735004,0.09725395,-6.0131984,-0.3819967,-1.3940275,-2.82384,0.0,0.0,0.0,0.0,0.0,0.0,0.0,0.0,0.0,0.0,0.0,0.0,0.0,0.0,-201.0,0.0,0.0,0.0,0.0,0.0,-201.0,0.0,0.0,0.0,0.0,0.0,-201.0,0.0,0.0,0.0,0.0,0.0,0.0,0.0,0.0,0.0,0.0,0.0,0.0,0.0,0.0,0.0,0.0,0.0,0.0,0.0,-17.639046,28.486237,-0.0050306018,-0.02238741,0.16851361,11.764706,0.0,0.0,0.0,0.11,0.0,-33.401493,11,16-2,23,SPEAKER_01,244.866667,299.133333,244.866667,245.05596875,1,0.1893125,engaged
35.47588,0.0034643498,35.348965,35.44791,35.600487,0.25152206,9.483084,0.0,-6.9371037,0.0,0.46580684,0.25211978,0.37071565,0.4274504,0.56441975,0.1937041,1.300357,0.92402685,3.2414527,0.7900448,0.24980275,0.3283509,33.177856,0.06909799,10.248272,0.48755363,-5.076074,-1.6507666,-7.711604,-0.70370054,0.017832994,0.454971,1.3315358,0.18934195,2.8354785,0.6594831,1.896587,3.5860207,25.327446,0.19351147,766.08795,0.2450534,1305.9104,0.07937432,-164.57889,-0.4378115,1762.4778,0.14314577,1412.0426,0.12227119,-168.43077,-0.3833716,2839.836,0.04793924,964.885,0.13948709,-170.05899,-0.36063135,-11.964056,-0.37435743,32.697693,0.008474639,0.004156918,3.2053366,-0.026989076,-0.14377673,0.33344913,0.19473124,36.188946,0.02011697,9.439281,0.39625213,-13.858833,-0.40681437,-16.051006,-0.30628687,-15.174568,30.32016,-0.0058170944,-0.021905122,0.24291363,3.7037039,2.0408163,0.08,0.0,0.19,0.049999997,-29.549171,11,16-2,23,SPEAKER_01,244.866667,299.133333,245.25846875,245.81534375,1,0.556875,engaged
36.216743,0.03935267,35.281322,36.609978,37.55397,2.2726479,17.237123,6.600984,-3.0001025,12.428317,0.43905005,0.27053368,0.34559304,0.40112436,0.5310248,0.18543178,2.0802171,1.0230589,1.5173926,0.9635222,0.21547654,0.27624112,32.37952,0.12037485,12.074471,0.48042572,-3.760207,-2.052726,-8.550909,-0.96990806,0.01996169,0.62777185,1.5069594,0.32583418,4.468911,0.3248022,-1.3703353,-6.1213126,32.54762,0.19324218,613.7168,0.21735008,1431.5721,0.13665311,-145.6418,-0.58952737,1596.2659,0.14245652,1267.9431,0.22139823,-147.52588,-0.5411855,2742.8784,0.07658373,1074.4822,0.24598534,-151.22891,-0.4901977,-16.152386,-0.2715056,31.109524,0.13680938,0.011989151,1.1421003,-0.032934733,-0.14516635,0.26549318,0.24276146,35.146454,0.060556065,9.273415,0.6744603,-11.425888,-0.71527547,-17.450817,-0.20789798,-17.668613,29.696566,-0.00040120608,-0.02209049,0.19852003,4.651163,1.7964072,0.15333332,0.088065624,0.285,0.23092206,-29.704662,11,16-2,23,SPEAKER_01,244.866667,299.133333,246.28784375,248.02596875,1,1.738125,engaged
37.03514,0.044373143,34.672325,37.88134,38.472736,3.8004112,14.998445,5.274566,21.459177,14.591051,0.44811907,0.26282498,0.35301024,0.4004515,0.5510937,0.19808346,2.6568515,1.2574927,1.7163093,0.9356331,0.22057366,0.38990346,31.211914,0.15229118,11.806468,0.56901,-5.3698397,-1.5181823,-6.157103,-1.3991187,0.01833197,0.67097205,1.315224,0.34177217,5.884248,0.49283522,4.789783,2.673323,33.289146,0.30337557,755.95184,0.22983992,1354.6101,0.10623217,-156.76854,-0.49063206,1844.6283,0.14491469,1137.6958,0.1611948,-158.70224,-0.4432865,3014.1863,0.104425766,1067.0349,0.36035937,-161.25783,-0.40948525,-16.599724,-0.47385088,30.407537,0.24963109,0.006147524,2.0055478,-0.029202854,-0.32610285,0.2939141,0.36084712,34.158344,0.08624183,10.417644,0.904251,-7.921013,-1.2540113,-9.951479,-0.7763759,-15.580277,28.163725,7.25235e-05,-0.02150825,0.19903068,4.2016807,2.5751073,0.08333333,0.044221662,0.24285714,0.21096475,-29.01878,11,16-2,23,SPEAKER_01,244.866667,299.133333,248.21159375,250.60784375000003,1,2.39625,engaged
36.793213,0.040959477,34.65336,37.52864,37.831608,3.1782494,-3.1518302,0.0,13.9120865,0.0,0.46551982,0.34652507,0.31944564,0.42867658,0.6283358,0.30889013,1.901608,0.68294126,2.9125843,0.3296215,0.2420873,0.50010926,33.777668,0.10520024,9.527936,0.56042933,-6.0478387,-1.5165958,-9.841815,-0.721413,0.020028312,0.62384576,1.356433,0.3215182,5.4834323,0.22835137,0.112781756,67.005264,31.455545,0.21415292,642.4833,0.34837615,1455.962,0.1339598,-125.931755,-0.727938,1655.3354,0.20878743,1304.7191,0.06559172,-120.892555,-0.71448195,2787.413,0.09297955,1190.4037,0.2724976,-126.48485,-0.63348687,-15.947008,-0.32745346,33.88274,0.141601,0.009860741,1.1510063,-0.024767121,-0.30518857,0.32927838,0.40066057,36.90691,0.054599516,8.342513,0.7542403,-10.9489975,-0.88998884,-14.8307705,-0.42558613,-16.443094,28.750643,-0.003558727,-0.023067264,0.18479961,3.1578948,2.2222223,0.19,0.08,0.15666667,0.052493386,-28.319849,11,16-2,23,SPEAKER_01,244.866667,299.133333,250.77659375,251.73846875,1,0.961875,engaged
38.535515,0.0336305,36.897705,39.349464,39.726227,2.8285217,-1.0375977,0.0,18.022228,0.0,0.44451165,0.28037462,0.3196201,0.4044027,0.52534574,0.20572564,2.8433383,1.1305876,3.0045292,1.3592304,0.20964633,0.41046515,32.637047,0.06050112,9.250255,0.40543258,-4.282864,-1.8299097,-12.092145,-0.66736627,0.025222808,0.84849674,1.2939867,0.33848926,3.91838,0.49993965,-0.8336386,-10.426633,24.98616,0.14873922,635.084,0.1895869,1620.6713,0.26417845,-137.18207,-0.6287991,1571.6411,0.14194842,1415.674,0.44225723,-129.02434,-0.6419793,2625.172,0.12183316,881.4344,0.253312,-133.62161,-0.5816995,-17.81341,-0.11627944,31.357504,0.0654686,-0.0007557332,-13.650924,-0.031978708,-0.21282041,0.28783178,0.30241203,33.762104,0.06860488,8.097426,0.6330552,-10.764355,-0.73078746,-19.364023,-0.42408,-16.594852,28.928091,1.2181774e-05,-0.024410473,0.17717955,3.5714285,3.9215686,0.089999996,0.02,0.09333333,0.03681787,-29.772985,11,16-2,23,SPEAKER_01,244.866667,299.133333,252.51471875,253.08846875,1,0.57375,engaged
40.987602,0.06827701,40.132465,41.2535,43.431484,3.2990189,128.8651,99.46794,29.629953,23.196894,0.647292,0.46240568,0.3545882,0.53482556,0.924739,0.5701508,3.7510388,1.1873782,3.4910386,2.4197042,0.24009891,0.45181468,23.644,0.28549162,13.894627,0.44079,-1.1731585,-9.492513,-23.978506,-0.9172853,0.019185515,1.9622502,0.9983534,0.48441863,7.9206133,0.2764284,9.834592,1.1277444,24.168354,0.26669732,673.32965,0.23480551,1337.0132,0.11982133,-113.71969,-0.88607836,1691.9261,0.1755332,1236.2891,0.280897,-107.22066,-0.84778774,2768.7876,0.08189048,602.55975,0.29519802,-107.76349,-0.8382895,-14.635545,-0.32191047,19.74889,0.40780258,0.0032431404,2.796087,-0.040405408,-0.1613115,0.29033545,0.3938018,19.496853,0.26386935,12.18025,0.5340622,-0.98073435,-14.597231,-42.326195,-0.31697944,-17.43169,28.09824,-0.0016121464,-0.023090754,0.19089517,1.8604653,1.4285715,0.3433333,0.17969108,0.25,0.15099669,-24.614143,11,16-2,23,SPEAKER_01,244.866667,299.133333,254.45534375000005,256.61534375,1,2.16,engaged
36.3361,0.0031210862,36.221466,36.319473,36.452156,0.23069,0.0,0.0,-0.043964386,0.0,0.51545715,0.29670784,0.38720623,0.5103757,0.6118335,0.22462729,4.996404,4.524408,4.405123,0.0,0.2260216,0.35154143,29.48991,0.13276935,8.127898,0.7399151,-6.060017,-1.1836156,-17.567383,-0.5217068,0.012732379,0.22158243,1.8304985,0.21526134,4.204816,0.05913647,-9.805228,-0.117221646,25.684122,0.1455079,686.69385,0.15246777,1283.1686,0.027370786,-134.17741,-0.66152143,1873.0701,0.135335,1233.5503,0.067432344,-143.82661,-0.5250126,2959.7192,0.07899288,1014.4492,0.42098743,-144.3432,-0.5203247,-20.469246,-0.13619553,30.43053,0.12196543,-0.0055945087,-1.9457288,-0.037419356,-0.068460345,0.24083525,0.057605885,29.653492,0.050677888,11.721581,0.15529692,-5.698882,-0.26993588,-26.204857,-0.03615492,-13.798563,26.976116,0.0025552073,-0.023326853,0.25463516,3.7037039,4.5454545,0.06,0.0,0.065,0.035,-29.278658,11,16-2,23,SPEAKER_01,244.866667,299.133333,259.31534375,259.60221875,1,0.286875,engaged
39.664436,0.09496597,38.281998,38.798664,42.8173,4.535301,299.43906,0.0,13.888054,0.0,0.65103924,0.44114426,0.3845438,0.5034848,0.9620598,0.57751596,2.0564106,1.3458709,1.9102386,0.92130053,0.24467239,0.31335992,30.278654,0.18167655,8.641714,1.0090607,-4.1086593,-2.4621108,-19.865725,-0.43156254,0.032462817,2.1609807,1.2142624,0.37590402,6.5152993,0.20190373,5.0662546,1.0830841,27.745003,0.32615194,793.5188,0.15810114,1367.7301,0.16771777,-88.298706,-1.1142268,1765.2218,0.11205798,1123.2888,0.25573507,-89.23978,-1.0000297,2925.8442,0.06430213,785.75586,0.4379003,-94.04806,-0.90592164,-12.086597,-0.64976037,23.051462,0.37503424,0.011727904,1.0434424,-0.029353423,-0.3432733,0.27901402,0.24096201,28.019175,0.21954285,5.3350654,1.9006475,-6.595887,-1.8170277,-25.762613,-0.18013196,-18.951643,30.278727,0.0064117266,-0.02705408,0.21312007,1.980198,1.0416667,0.57,0.0,0.17999999,0.049999997,-26.286001,11,16-2,23,SPEAKER_01,244.866667,299.133333,261.84659375,262.87596875,1,1.029375,engaged
41.407043,0.022849694,40.50659,41.14792,42.387936,1.8813438,17.707945,0.0,14.801598,0.0,0.593991,0.5556274,0.3435564,0.38451624,1.0359089,0.69235253,2.0119643,0.7104925,1.8088052,1.9065945,0.23788035,0.5942945,24.40023,0.21413659,11.943951,0.3914221,-2.5879786,-1.8917081,-17.74853,-0.97094285,0.007963979,0.41689408,0.9951047,0.40576693,9.688625,0.08161412,13.864509,0.6415411,32.277695,0.16343452,789.512,0.21622966,1264.8334,0.122666016,-128.45686,-0.75497127,1848.6799,0.1554332,1172.6901,0.33306354,-127.37432,-0.6914398,2867.8743,0.08654387,742.8528,0.16909926,-128.35622,-0.67785597,-17.283371,-0.15036716,23.779053,0.17624192,-0.00056315766,-23.08323,-0.04204388,-0.12786748,0.3420583,0.43525603,20.143976,0.25019562,8.601894,0.38682124,-6.115324,-0.6768931,-36.913616,-0.33389848,-16.894096,27.14763,-0.0010832907,-0.02640845,0.18960953,3.1746032,1.724138,0.22,0.0,0.16499999,0.024999999,-25.088144,11,16-2,23,SPEAKER_01,244.866667,299.133333,262.92659375,263.56784375,1,0.64125,engaged
37.877853,0.017013427,37.30031,37.754066,38.60318,1.3028717,78.06998,69.480225,2.7382329,5.3282976,0.46948165,0.3186812,0.33065194,0.41563419,0.60777754,0.2771256,2.5197022,0.77109283,1.5857292,0.84791225,0.18992284,0.2500306,31.100489,0.121220656,11.42265,0.34430072,-3.4197187,-2.6928153,-15.7960205,-0.7247557,0.011656498,0.6004347,1.0113031,0.31053665,5.777563,0.2628767,0.31230554,17.229322,33.04738,0.22288042,681.0487,0.21336071,1437.6707,0.11843221,-133.2408,-0.69175565,1676.0493,0.16009495,1262.9285,0.2098983,-128.0734,-0.6874488,2835.6665,0.07097795,1027.0686,0.30912435,-132.90482,-0.61860055,-14.417023,-0.31249377,28.993462,0.24174134,0.013421659,0.87970525,-0.03623355,-0.24766533,0.20562327,0.14623924,31.314682,0.16998154,10.788557,0.44838583,-10.118079,-0.9442628,-26.989351,-0.26198477,-17.214113,29.407484,-0.0060246685,-0.024103466,0.18397972,3.1088083,1.5957447,0.23666665,0.057927154,0.275,0.146714,-29.379456,11,16-2,23,SPEAKER_01,244.866667,299.133333,264.58034375,266.52096875,1,1.940625,engaged
0.0,0.0,0.0,0.0,0.0,0.0,0.0,0.0,0.0,0.0,0.34184232,0.0290313,0.33292812,0.34017158,0.35034043,0.017412305,0.4091766,0.0046548457,2.1593542,0.0,0.16412982,0.3066178,31.934826,0.024727192,13.073732,0.1692886,2.70413,0.8157789,-3.7669506,-0.5545459,0.0,0.0,0.0,0.0,0.0,0.0,0.0,0.0,0.0,0.0,0.0,0.0,0.0,0.0,-201.0,0.0,0.0,0.0,0.0,0.0,-201.0,0.0,0.0,0.0,0.0,0.0,-201.0,0.0,0.0,0.0,0.0,0.0,0.0,0.0,0.0,0.0,0.0,0.0,0.0,0.0,0.0,0.0,0.0,0.0,0.0,0.0,-17.76344,31.805994,-0.004459781,-0.016509704,0.16739559,10.000001,0.0,0.0,0.0,0.04,0.0,-33.085926,11,16-2,23,SPEAKER_01,244.866667,299.133333,267.41534375000003,267.53346875,1,0.118125,engaged
37.466103,0.013794047,37.0533,37.504307,37.903324,0.8500252,50.964382,62.51375,9.145193,3.8477798,0.5158779,0.32676554,0.34633434,0.45576712,0.6691087,0.32277435,1.5984578,0.8177696,3.3623047,2.844979,0.1949492,0.29426473,26.338903,0.18317825,12.875077,0.43249074,0.07886851,76.005264,-17.716753,-0.94323915,0.015270511,0.9207735,1.1502669,0.5007834,6.485833,0.19042058,-2.6963778,-2.761625,24.009716,0.1928151,695.7057,0.17208953,1335.8795,0.077569336,-109.44236,-0.89200705,1821.109,0.12130313,1126.2272,0.28752592,-113.251564,-0.778749,2867.8025,0.07760023,830.145,0.3758878,-113.85651,-0.7698731,-18.251822,-0.13888942,25.207054,0.18503478,0.014677892,0.841402,-0.036486108,-0.13905519,0.22891252,0.27860117,26.310207,0.17434056,12.099968,0.29306233,1.5105052,4.1257315,-32.821575,-0.30469036,-16.401178,26.871948,-0.0037850488,-0.021116199,0.1693069,2.9629629,1.5384616,0.305,0.095,0.21333334,0.10402991,-28.491856,11,16-2,23,SPEAKER_01,244.866667,299.133333,267.61784375,268.98471875,1,1.366875,engaged
33.08973,0.21071427,34.586998,35.955894,36.270813,1.683815,1.3339996,0.0,61.75638,0.0,0.38749567,0.28443837,0.33293498,0.36998883,0.44370413,0.11076915,2.623917,1.3790976,0.99910676,0.5489013,0.17889602,0.3308611,28.42541,0.2503707,13.2993355,0.3687263,-0.010374791,-794.4763,-10.633042,-0.9270051,0.021139827,0.48232323,1.2704141,0.31082925,3.9741852,0.41522312,-5.823405,-1.1921599,29.839336,0.25129604,648.445,0.21153635,1430.0715,0.14919631,-173.9307,-0.36943337,1687.6355,0.17031576,1288.756,0.22127178,-176.0973,-0.33153787,2765.0408,0.08158566,1132.0604,0.38205776,-177.36636,-0.31096882,-18.628082,-0.15895745,30.496283,0.09384699,0.0038565386,3.0986788,-0.038112644,-0.12116797,0.23607694,0.3146031,32.88895,0.112974636,13.984805,0.17343049,-4.4696293,-2.2227006,-24.270466,-0.3422321,-17.598871,28.183058,0.00081422436,-0.022010485,0.17709187,1.6,1.632653,0.074999996,0.035,0.412,0.24806449,-31.359642,11,16-2,23,SPEAKER_01,244.866667,299.133333,269.72721875,272.24159375,1,2.514375,engaged
37.14991,0.044246823,35.973866,37.03033,37.99188,2.018013,69.61514,90.78067,6.023196,3.6052198,0.57038707,0.424927,0.3494137,0.46787718,0.7814213,0.4320076,2.8765583,1.5316877,2.1192148,1.9279674,0.20632745,0.30812293,27.253725,0.22883908,13.271533,0.4644843,-0.63221455,-13.358795,-21.716848,-0.7887016,0.008676303,0.82910967,0.97098684,0.4699736,7.008909,0.27484635,1.3467076,5.304051,24.863306,0.22850513,705.001,0.20814094,1364.1041,0.13985944,-119.4721,-0.81969607,1764.6367,0.15292276,1129.3184,0.42953765,-118.89693,-0.7477656,2859.1216,0.082344234,649.7146,0.45567986,-119.71632,-0.7364239,-16.017666,-0.26091868,22.909988,0.3254712,0.01594579,1.0302216,-0.04122189,-0.1511171,0.22992674,0.21734872,25.64146,0.3041612,11.982427,0.6366527,0.03672388,269.0839,-36.104046,-0.37164545,-17.406141,28.33742,-0.00366471,-0.026670638,0.18947779,2.006689,1.7006804,0.252,0.16067357,0.26166666,0.23982051,-27.261751,11,16-2,23,SPEAKER_01,244.866667,299.133333,272.69721875,275.70096875,1,3.00375,engaged
40.74321,0.04011246,38.676846,41.044712,42.407337,3.7304916,12.106813,0.0,-41.088764,0.0,0.6512768,0.45987937,0.34859365,0.5385081,0.98955125,0.6409576,5.1628556,1.1914932,-3.3027167,4.8580728,0.3032986,0.48968798,27.374567,0.16100433,11.376113,0.4388287,-6.1322846,-1.5187348,-20.37905,-0.7472866,0.009668429,0.68069136,0.88057715,0.6147502,10.8796215,0.21804531,11.812527,1.1099427,36.29171,0.0636482,652.86505,0.25254628,1547.9213,0.12669712,-117.35407,-0.8597005,1718.5251,0.12346359,1222.4246,0.13449736,-109.28926,-0.81241524,2822.2278,0.06216544,831.5892,0.2545239,-113.238075,-0.7510752,-20.376562,-0.09059695,30.427849,0.11889812,0.0016128869,7.897054,-0.042812996,-0.15371008,0.37489352,0.28741667,25.271748,0.14375278,9.643725,0.44736293,-10.114184,-0.9270389,-32.62569,-0.31167677,-17.761236,29.120869,-0.006393009,-0.024909971,0.22029966,3.3898306,3.773585,0.12,0.04,0.125,0.015,-22.070782,11,16-2,23,SPEAKER_01,244.866667,299.133333,276.51096875,277.11846875000003,1,0.6075,engaged
44.197002,0.08587728,40.7355,46.220676,46.741886,6.006386,17.829409,11.141178,544.2077,528.2292,0.77064246,0.43914658,0.41142654,0.7265479,1.1202596,0.7088331,8.901858,1.7211993,6.45046,2.6099088,0.37678823,0.5655076,26.630707,0.17771359,10.74625,0.7375969,-10.306499,-1.0368243,-17.72435,-0.63110787,0.031731974,0.91888756,1.2941345,0.6135665,9.065956,0.19390887,16.775593,0.44737294,32.623013,0.2979681,747.17017,0.16731417,1329.2411,0.14789218,-94.34007,-0.97626615,1714.1824,0.11976604,1185.8762,0.33572498,-91.63214,-0.88692063,2832.6636,0.09100855,841.268,0.5503729,-99.00892,-0.7675551,-17.245333,-0.28831404,27.178534,0.25629434,0.021651011,0.67061394,-0.02689535,-0.2338185,0.41125506,0.5091993,26.55948,0.1755388,9.654241,0.77113885,-10.4927635,-1.1793169,-22.235981,-0.4397157,-15.999605,27.224695,0.0027644553,-0.02607215,0.31018,4.651163,4.9382715,0.1125,0.052618913,0.07,0.039370038,-22.111855,11,16-2,23,SPEAKER_01,244.866667,299.133333,278.77221875000004,279.64971875000003,1,0.8775,engaged
48.74246,0.020742705,47.8582,48.989796,49.695934,1.8377342,0.0,0.0,-0.16899931,0.0,0.8715133,0.14243618,0.74770594,0.9012,0.9380505,0.19034457,2.121399,0.0,0.584005,1.6825938,0.31962937,0.23911755,25.828146,0.17511363,4.1524324,2.3059797,-4.5962768,-1.8209181,-19.31834,-0.4510441,0.03001601,0.37605885,1.6046863,0.4590895,6.816172,0.15474111,11.440069,0.16678146,24.578907,0.17858468,870.49005,0.10851823,1147.2551,0.08314703,-47.570187,-1.5997902,1834.6395,0.06282485,966.3086,0.14890778,-57.940365,-1.2006327,2913.4082,0.038641024,752.0061,0.13403335,-65.175255,-1.0033307,-11.123307,-0.25915268,23.88124,0.0869847,0.035917055,0.25250098,-0.007824756,-0.6237128,0.29016876,0.14544778,25.488766,0.1132421,-1.6859561,-1.7946155,-9.723814,-0.56477064,-16.250257,-0.44106436,-12.995825,19.499083,0.025611473,-0.025480444,0.37885067,3.448276,4.166667,0.17999999,0.0,0.04,0.0,-23.499098,11,16-2,23,SPEAKER_01,244.866667,299.133333,279.83534375,280.13909375000003,1,0.30375,engaged
50.420826,0.06718906,47.549316,49.004925,53.297688,5.748371,47.746304,22.197628,37.576603,22.257408,1.2598623,0.45748422,0.6887278,1.1833634,1.8715763,1.1828485,13.303497,6.0508766,8.060624,2.1790152,0.6857232,0.6312231,17.309683,0.5526438,1.4477992,6.851432,-7.745526,-1.2373482,-22.532091,-0.70620954,0.026139256,0.94166344,1.0588969,0.5683274,10.329048,0.29663616,12.525504,0.64741665,19.161276,0.6691378,799.7082,0.23551326,1174.0132,0.17376736,-66.40738,-1.2944746,1829.8495,0.11666885,995.7128,0.28957063,-63.127033,-1.1189787,2843.5618,0.07961318,857.4158,0.52819335,-67.50534,-1.0120142,-12.262818,-0.56496704,21.505383,0.42906317,0.026978632,0.94886327,-0.023662211,-0.65277743,0.74623585,0.5495005,16.925194,0.6310392,-0.13983327,-59.653408,-6.93267,-1.3928899,-28.321602,-0.5011814,-12.314924,19.599178,0.0031576839,-0.018742587,0.4504113,3.7313435,2.34375,0.32333332,0.27010286,0.08333333,0.023570225,-18.1214,11,16-2,23,SPEAKER_01,244.866667,299.133333,280.89846875,282.24846875000003,1,1.35,engaged
34.798462,0.008507476,34.579967,34.78835,35.01494,0.43497086,0.2416509,0.0,0.0,0.0,0.6372571,0.20221213,0.5447915,0.6595849,0.7213626,0.17657107,0.45673966,1.7693917,4.8284173,0.0,0.38436285,0.36840805,27.142416,0.20293994,14.932834,0.4014921,-7.9216537,-0.8701994,-28.333166,-0.5680256,0.0,0.0,1.3325418,0.0,2.4576173,0.045290273,-1.7261438,-1.0407763,30.513947,0.096858986,700.8276,0.1369981,1364.1709,0.03825116,-167.44978,-0.37235418,1620.3636,0.0745901,1217.1953,0.020461412,-172.02693,-0.31289977,2772.4856,0.05501661,630.4608,0.26482117,-172.41626,-0.3085214,-16.287369,-0.04978458,24.80179,0.009543366,0.0020497602,0.96457034,-0.050137766,-0.054705203,0.4066713,0.1036791,26.427343,0.022528663,9.864283,0.0869024,-12.111672,-0.2038504,-44.762478,-0.0043582004,-17.887476,25.851765,0.013619941,-0.038255997,0.3908522,3.846154,5.263158,0.02,0.0,0.07,0.049999997,-24.92011,11,16-2,23,SPEAKER_01,244.866667,299.133333,286.56846875,286.83846875,1,0.27,engaged
36.55625,0.0013744705,36.504704,36.573067,36.6037,0.09899521,0.0,0.0,-0.022094727,0.0,0.4122191,0.22535694,0.34708178,0.37952796,0.45750278,0.110421,1.6882966,1.0275853,1.8990606,0.77482516,0.18127337,0.24563864,29.810919,0.190233,10.413949,0.78487116,-3.5707245,-1.7123733,-6.4958973,-0.94274753,0.023117777,0.870118,2.1637418,0.6844073,1.9288023,0.26664546,-0.7935374,-0.75886154,18.942835,0.21077496,816.59937,0.16187257,1267.1785,0.0916788,-192.50299,-0.20107874,1798.3364,0.09017487,914.4318,0.09691636,-191.20805,-0.20489916,2924.5488,0.060763385,1624.1263,0.4802784,-191.90358,-0.18923846,-4.9428797,-0.20917228,12.38178,0.12242199,0.0007783576,5.1547203,-0.013240914,-0.3232263,0.22021367,0.19453356,30.322414,0.030367365,-7.6483154,-0.06822464,-13.332001,-0.10845245,-0.66991234,-1.7601948,-15.128505,27.83431,-0.00264108,-0.02157351,0.1758769,4.0,0.8333334,0.049999997,0.0,0.56,0.41,-32.063774,11,16-2,23,SPEAKER_01,244.866667,299.133333,290.36534375,291.63096875,1,1.265625,engaged
40.85365,0.04242266,39.04238,41.38168,42.580395,3.5380135,0.0,0.0,-0.25732723,0.0,0.6276355,0.54668677,0.34057283,0.41373032,1.025798,0.6852251,2.1371036,1.8281776,4.8715363,0.0,0.31984678,0.64799,30.16896,0.10182707,6.960105,1.064792,-12.682492,-1.1119728,-15.130274,-0.6594795,0.01551293,0.7861487,1.0254226,0.42266816,8.4096775,0.31852165,-2.4833064,-2.2567809,36.070602,0.18037407,834.59827,0.1438308,1301.3151,0.11224922,-107.67226,-0.9447373,1813.6431,0.10491319,1303.0917,0.21265502,-113.78673,-0.7932072,2915.5068,0.05726981,868.0184,0.23384362,-119.34501,-0.7064108,-14.088624,-0.0746679,31.425035,0.12265834,0.0035641254,3.8520133,-0.037650265,-0.19805057,0.5175069,0.3320114,30.534168,0.07017797,0.88028526,7.996187,-27.123594,-0.3518658,-24.95604,-0.3008146,-17.364334,27.090563,-0.0014630151,-0.028374428,0.19735861,2.1739132,2.4390244,0.17999999,0.0,0.099999994,0.02,-23.147976,11,16-2,23,SPEAKER_01,244.866667,299.133333,293.95971875000004,294.43221875,1,0.4725,engaged
38.73585,0.0041978713,38.570446,38.758694,38.90141,0.33096313,9.757614,0.0,-11.362648,0.0,0.52659065,0.450403,0.32428628,0.43061903,0.8265164,0.5022301,2.8586671,2.0165691,4.6235743,0.0,0.24793968,0.4911615,31.521746,0.07940763,9.118655,0.46055928,-6.6189623,-1.729422,-15.199333,-0.7457235,0.02410374,0.59309924,1.3036529,0.42037946,6.918398,0.28444743,-1.713294,-1.0781668,30.181238,0.12046214,814.26886,0.11065631,1566.8846,0.120643236,-135.7649,-0.6371348,1648.3192,0.15495284,1571.5198,0.2568699,-130.52875,-0.64627284,3061.4631,0.07479901,952.86456,0.33669814,-134.98425,-0.58105755,-8.731988,-0.5163581,30.753359,0.1435319,0.01631404,1.1826155,-0.039174657,-0.20389006,0.3881052,0.21727876,31.58278,0.08954122,7.6331725,0.61132455,-21.47877,-0.4383601,-28.039698,-0.36110476,-15.04837,26.861834,0.0112171,-0.028813848,0.20657402,3.448276,4.166667,0.08,0.0,0.065,0.024999999,-27.457016,11,16-2,23,SPEAKER_01,244.866667,299.133333,295.12409375000004,295.42784375,1,0.30375,engaged
38.633312,0.0035546294,38.529392,38.64852,38.756523,0.22713089,8.343125,0.0,-5.1404,0.0,0.44045308,0.28098562,0.34449854,0.389811,0.5404313,0.19593278,1.9704205,1.0042588,1.4815674,0.47403413,0.20455045,0.30416214,30.48071,0.11576032,8.382129,0.97589195,-6.2144547,-1.2164419,-1.6513662,-3.0889506,0.017366225,0.47232637,1.7453549,0.31480154,2.574425,0.19027334,1.4181422,1.9877632,23.924541,0.26719055,699.34094,0.20031618,1611.6234,0.23153001,-185.56291,-0.28819135,1533.4608,0.1299625,1180.2843,0.08865187,-180.446,-0.3133845,2678.194,0.09937958,930.42285,0.04685687,-182.24026,-0.28356403,-5.691719,-0.21468015,18.561369,0.38373873,0.01678569,0.48996714,-0.011890834,-0.27129337,0.24948548,0.18252037,33.619095,0.037614018,-3.5568466,-1.1785117,-18.405075,-0.14298728,2.851109,1.5736462,-12.973318,27.496492,0.00016036813,-0.015781684,0.19874555,4.0404043,1.0638298,0.089999996,0.0,0.41,0.32999998,-31.256317,11,16-2,23,SPEAKER_01,244.866667,299.133333,298.12784375,299.133333,1,1.0055,engaged
35.405586,0.03918695,34.34584,34.838932,37.05541,2.709568,22.61718,0.0,20.450136,0.0,0.44139302,0.26252824,0.32850558,0.41313866,0.5838911,0.25538552,1.7504623,0.4719285,1.9105904,0.73591894,0.2176528,0.36386758,35.492764,0.091053225,9.919618,0.42583942,2.0517502,1.5578271,0.55002004,6.62762,0.018928925,0.39331496,1.0550859,0.43866104,7.1840534,0.2099458,5.898316,0.71870476,32.769928,0.1474616,865.83984,0.085888766,1331.5558,0.10551768,-121.08133,-0.70196754,1880.548,0.088721946,1158.354,0.16346009,-122.060356,-0.64927244,3064.5452,0.044005953,1149.7072,0.32174122,-127.919754,-0.5714647,-19.941614,-0.10992311,34.424015,0.101431474,-0.00042274524,-27.026651,-0.018220577,-0.2112659,0.27195933,0.24544273,38.420517,0.04199962,9.346077,0.5797655,2.496691,1.4010893,2.459617,1.4663604,-17.739313,30.183321,-0.004707502,-0.019149508,0.18627682,5.084746,3.7037039,0.114999995,0.065,0.086666666,0.033993464,-26.848995,11,16-2,23,SPEAKER_02,244.866667,299.133333,257.47596875,258.08346875,1,0.6075,engaged
29.264166,0.25230712,16.62779,33.67546,34.07704,17.449251,2.931824,0.0,89.247185,0.0,0.4925258,0.32033044,0.31747523,0.4806176,0.6461752,0.32869998,2.0812597,1.3716065,1.8084745,0.0,0.22914982,0.34467784,33.672943,0.07549863,10.7201605,0.4448641,-1.8719354,-4.0028934,-4.986962,-1.0057188,0.04587859,1.6601307,1.3451891,0.5052373,3.8579266,0.38905936,-7.0911484,-1.0781188,24.214365,0.087716036,749.305,0.130151,1336.1725,0.13995999,-60.004086,-1.3679088,1825.4816,0.075605765,1113.7843,0.25424826,-72.4829,-1.0344347,2960.6648,0.039367296,1121.2029,0.37372527,-79.59127,-0.88821733,-18.06559,-0.19759566,28.919271,0.2485335,-0.007622562,-1.0899225,-0.03339947,-0.20967484,0.27524918,0.21112707,35.211876,0.051545188,9.077733,0.57028586,-4.3506875,-1.878279,-6.6373854,-0.75705326,-18.170692,31.619816,-0.015428526,-0.021046676,0.15967901,2.4390244,2.777778,0.25,0.0,0.04,0.02,-27.592083,11,16-2,23,SPEAKER_02,244.866667,299.133333,258.55596875000003,258.97784375000003,1,0.421875,engaged
40.09192,0.006486368,39.858627,40.110817,40.33277,0.47414398,0.0,0.0,-0.15885067,0.0,1.0012579,0.45128152,0.52368516,0.9236935,1.5341458,1.0104606,0.0,0.0,-0.076581575,0.0,0.43940854,0.53538114,31.101204,0.06588606,-5.314151,-0.9730503,-19.998302,-0.25156868,-4.3372455,-0.61897874,0.0023806011,0.27183312,0.41638553,0.12961353,7.9808593,0.29098406,-8.374745,-0.0053273523,17.164404,0.03478652,461.42694,0.023058582,1261.8966,0.07393258,-178.88997,-0.20081922,1386.513,0.014662631,1151.2451,0.063501395,-122.220856,-0.7157026,2457.8906,0.01375058,1141.0554,0.10274682,-131.23466,-0.59266716,-4.185691,-0.099387184,22.41776,0.06327986,-0.005380975,-0.5334158,-0.0023563374,-0.61953115,0.45996523,0.062761195,28.050497,0.0033861517,-12.49902,-0.12414183,-24.8896,-0.050650503,-6.143357,-0.34999987,-3.2571917,27.84872,0.0016885487,0.004271418,0.682808,0.0,10.000001,0.03,0.0,0.049999997,0.0,-21.078367,11,16-2,23,SPEAKER_02,244.866667,299.133333,278.19846875,278.36721875,1,0.16875,engaged
40.305294,0.017164242,39.647877,40.240868,41.015785,1.3679085,11.507297,0.0,15.649311,25.538017,1.3272527,0.5219648,0.56995654,1.2601185,2.1055448,1.5355883,3.3645978,4.627572,8.37895,0.0,0.6900677,0.57712907,25.88642,0.24690996,5.5821404,2.0889907,-10.79116,-1.0938345,-16.598948,-0.46313184,0.007404001,0.508664,1.2272222,1.227069,10.122604,0.47345728,1.2007624,4.6540065,26.634062,0.17896539,790.71716,0.20943354,1332.6072,0.1481945,-83.72409,-1.1009989,1778.3444,0.13699283,1126.0345,0.32705224,-84.81686,-0.96449304,2889.4722,0.09168337,980.00574,0.2677968,-91.40771,-0.8430132,-15.706818,-0.63004756,28.753653,0.2650404,0.016692126,0.63894325,-0.030327065,-0.4113823,0.89462674,0.33126312,28.906162,0.15465918,1.5459692,7.9403696,-8.012537,-1.5113121,-21.591297,-0.22762907,-7.5219326,24.50739,0.006170126,-0.015389869,0.4974711,1.9607843,2.1739132,0.29,0.0,0.07,0.03,-15.051606,11,16-2,23,SPEAKER_02,244.866667,299.133333,280.37534375,280.89846875,1,0.523125,engaged
40.78317,0.14974888,41.179108,41.803288,43.4576,2.278492,78.35603,35.639145,1143.2628,812.4525,1.0032004,0.7430514,0.40055192,0.7221288,1.8321846,1.4316326,0.9751854,6.5842967,6.3419013,2.8265738,0.6266301,0.7915038,23.525488,0.35569173,3.375917,2.2677155,-4.4391828,-2.3142414,-12.981211,-0.7930219,0.027870437,1.4178702,1.2161318,0.37087485,7.73633,0.28291035,14.479603,0.48484552,16.662374,2.7649984,753.4117,0.18773665,1354.4618,0.11527189,-124.531166,-0.7297738,1813.1039,0.10376238,1006.57574,0.21280847,-118.52537,-0.7250583,2910.4697,0.06643123,861.21533,0.3100778,-121.969025,-0.6780694,-13.923769,-0.23254147,24.293285,0.25337464,0.027453233,0.7499149,-0.022993434,-0.9898167,1.0517215,0.41005054,24.863789,0.25805613,-1.0915242,-7.030011,-9.16037,-0.9130701,-19.84813,-0.41118267,-13.569085,24.376507,0.014289378,-0.013332479,0.4368108,2.2222223,4.7058825,0.0875,0.053560715,0.105,0.063442886,-17.148308,11,16-2,23,SPEAKER_02,244.866667,299.133333,282.50159375000004,283.41284375000004,1,0.91125,engaged
38.605904,0.008514257,38.323425,38.70943,38.92912,0.6056938,11.663755,0.0,-5.994829,7.9514136,0.65095645,0.6204401,0.32422966,0.44321942,1.0727701,0.74854046,3.3518074,1.3298057,9.430947,0.0,0.3553775,0.70124054,32.962563,0.050446857,7.720929,0.69575864,0.3654605,16.818432,-8.154779,-0.656067,0.015311651,0.79541135,1.2591153,0.50233287,10.075987,0.18482421,14.754198,0.31703055,34.906796,0.17298795,751.62695,0.13397305,1470.1337,0.07891421,-130.30785,-0.6758903,1769.0802,0.061445635,1039.9498,0.14109635,-125.74781,-0.6750336,2935.4934,0.04915933,902.5113,0.17970373,-131.6097,-0.59487367,-17.886536,-0.1861577,29.253386,0.14545307,0.024341818,0.5371473,-0.030590972,-0.2837956,0.44771463,0.41522312,32.812954,0.039153703,4.1016517,1.7319131,2.5521393,3.6104202,-11.256102,-0.37528968,-18.205444,30.581135,0.004793197,-0.025689559,0.33248904,2.4390244,2.777778,0.14,0.0,0.095,0.015,-21.636639,11,16-2,23,SPEAKER_02,244.866667,299.133333,283.53096875,283.95284375,1,0.421875,engaged
38.62783,0.06169889,36.90314,38.27704,39.867233,2.9640923,25.357452,4.991096,19.572933,0.0,1.1773602,0.49822783,0.59025437,1.0374011,1.855772,1.2655177,9.51598,3.813579,3.8495717,3.2414727,0.58130366,0.52220345,31.014992,0.16331911,-2.168568,-6.126175,-4.3590865,-1.638836,-8.122056,-1.1580437,0.02038097,0.9456562,1.036993,0.35000345,8.055857,0.21397924,1.1464975,5.8527055,22.884188,0.47282305,780.3214,0.19545703,1340.157,0.14102918,-57.836636,-1.3444529,1738.1508,0.11727861,1100.0836,0.23012607,-59.358414,-1.1957374,2854.69,0.09294862,832.15796,0.2757668,-67.41067,-0.9880546,-10.665385,-0.75750464,24.991055,0.35995692,0.01919344,0.742985,-0.022743443,-0.6468536,0.67513955,0.43020618,30.447842,0.1812216,-3.7034473,-3.7245924,-6.1949587,-1.1445609,-9.947692,-0.95076245,-13.293467,25.382174,0.002956492,-0.015553306,0.35485193,3.125,3.2520325,0.22999999,0.12186058,0.07333333,0.012472191,-18.639406,11,16-2,23,SPEAKER_02,244.866667,299.133333,284.64471875000004,285.94409375000004,1,1.299375,engaged
33.83312,0.019820182,33.329086,33.979797,34.37689,1.047802,87.00485,0.0,1.0049286,15.203653,0.5169378,0.43087834,0.36098987,0.40378836,0.7063315,0.34534162,4.187065,0.4883592,0.93234706,3.5170567,0.25356606,0.54401815,30.32356,0.14983143,10.993595,0.33922872,0.6634965,13.753421,-14.125643,-0.4813428,0.014211943,0.62314725,1.3913468,0.38591135,5.61345,0.24391516,-2.5079055,-0.9605716,25.310488,0.1168877,677.1506,0.19833277,1351.8679,0.11545434,-143.2085,-0.5752842,1777.4222,0.16768463,1104.6587,0.39658913,-144.92957,-0.5248803,2829.4678,0.05648664,885.07434,0.3057878,-146.28801,-0.51049125,-16.025795,-0.18262206,24.724184,0.24110296,0.00283323,2.590687,-0.03633531,-0.21042536,0.35834318,0.328711,31.614967,0.16051929,12.710905,0.3019127,2.7208726,4.4940763,-19.15004,-0.27495274,-14.143574,26.755674,-0.0034702555,-0.026574243,0.22625735,3.3898306,3.7037039,0.074999996,0.015,0.11333333,0.05312459,-26.610449,11,16-2,23,SPEAKER_02,244.866667,299.133333,286.83846875,287.44596875,1,0.6075,engaged
40.52093,0.037346646,38.710083,40.69678,42.090874,3.3807907,21.806421,0.0,-6.7541122,0.0,0.7004044,0.42388955,0.37551793,0.68835473,1.0116109,0.6360929,6.1454144,0.0,-3.7508526,0.0,0.32325768,0.41683665,36.07362,0.08683029,7.1789455,0.7362523,-11.04922,-0.7679087,-12.095132,-0.71889776,0.021063011,0.8039486,1.3382157,0.5110797,8.752782,0.17777258,5.299887,1.2180308,38.495876,0.11984007,734.14105,0.19909152,1474.5466,0.117004104,-68.29922,-1.1940265,1716.2191,0.12564012,1276.0215,0.10050165,-71.62746,-0.9898394,2936.02,0.085919544,1048.3257,0.23840275,-82.28775,-0.788502,-17.101315,-0.1671818,31.396288,0.14042038,0.013042472,0.8363342,-0.031198904,-0.14309019,0.40376133,0.20957072,37.758835,0.04402702,5.6774583,0.9949292,-15.870646,-0.42372444,-17.492897,-0.2907897,-18.083107,30.40582,-0.00953633,-0.022592258,0.22692953,2.777778,3.2258065,0.22,0.0,0.049999997,0.0,-22.767504,11,16-2,23,SPEAKER_02,244.866667,299.133333,292.39034375,292.76159375000003,1,0.37125,engaged
35.316246,0.028831782,34.143482,35.95233,36.284378,2.1408958,35.694187,0.0,-6.975283,0.0,0.45859534,0.2747459,0.3728438,0.39754677,0.5198156,0.14697182,1.1414798,0.75897783,2.7151518,0.19817793,0.19373487,0.29761106,27.873363,0.15698627,9.512608,0.9565667,-6.583634,-1.1435004,1.4099448,5.489804,0.017766925,0.7331928,1.2955416,0.15200782,4.5111394,0.39465398,5.970236,1.1886992,22.378601,0.4943415,777.58966,0.20298326,1395.3336,0.2117296,-159.68283,-0.4615166,1784.6084,0.20051163,1070.394,0.11470336,-159.50917,-0.45280588,2783.7725,0.09154372,1059.2648,0.1688656,-161.63832,-0.4222205,-6.819018,-1.628051,24.416088,0.24194546,0.003915232,3.9335,-0.015497945,-1.053121,0.2549185,0.20628648,31.034859,0.10190426,0.94685143,10.069175,-9.610646,-0.8118929,-1.0365665,-11.260044,-13.186285,24.214785,-0.00011596284,-0.018011454,0.18018815,2.8985507,3.125,0.06,0.01,0.15666667,0.032998316,-30.589851,11,16-2,24,SPEAKER_01,299.166667,299.866667,299.166667,299.866667,1,0.7,disengaged
0.0,0.0,0.0,0.0,0.0,0.0,0.0,0.0,0.0,0.0,0.36356643,0.0257472,0.35591233,0.36604676,0.37058884,0.014676511,0.45347214,0.0,-0.47418028,0.5882636,0.13845201,0.34388685,26.442505,0.110692754,12.813217,0.207351,0.47306496,7.0591044,-1.8811449,-1.947525,0.0,0.0,0.0,0.0,0.0,0.0,0.0,0.0,0.0,0.0,0.0,0.0,0.0,0.0,-201.0,0.0,0.0,0.0,0.0,0.0,-201.0,0.0,0.0,0.0,0.0,0.0,-201.0,0.0,0.0,0.0,0.0,0.0,0.0,0.0,0.0,0.0,0.0,0.0,0.0,0.0,0.0,0.0,0.0,0.0,0.0,0.0,-14.037716,23.265846,0.0011082252,-0.013781226,0.13147525,11.111112,0.0,0.0,0.0,0.03,0.0,-34.05789,11,16-2,25,SPEAKER_01,299.9,302.433333,299.9,300.00096875,1,0.1009375,engaged
37.546566,0.03243984,36.302902,37.619858,38.979668,2.6767654,2.4300346,10.200904,11.384491,0.0,0.52083075,0.19740698,0.42927456,0.5116499,0.5810584,0.15178382,2.2289004,0.51387024,2.1289115,0.9745545,0.24359702,0.355541,28.48636,0.26019597,13.724926,0.5233271,-0.9891615,-7.77285,-5.4432116,-0.98695016,0.029194886,0.68263453,1.2466255,0.48731792,6.317602,0.60704136,7.067962,0.9370824,28.964746,0.222054,762.1883,0.21792644,1453.7823,0.17666839,-108.44259,-0.8086101,1773.1335,0.13549438,1239.7382,0.17473626,-107.09194,-0.7699564,2851.3308,0.08915082,995.13257,0.19529043,-111.91406,-0.6950567,-18.907818,-0.4126129,32.98972,0.24489371,0.008039432,1.1453139,-0.02147152,-0.41736418,0.28696638,0.266478,32.948013,0.097492054,11.901983,0.71754414,0.711025,11.461544,-7.547094,-0.6945199,-14.368557,24.357702,0.00089013344,-0.019456549,0.19619952,5.3097343,2.8301888,0.18333334,0.10143415,0.14999999,0.06377042,-24.7734,11,16-2,25,SPEAKER_01,299.9,302.433333,301.28346875,302.433333,1,1.149875,engaged
35.150906,0.015323834,34.566414,35.385002,35.600845,1.0344315,0.0,0.0,-0.11349106,0.0,0.453572,0.28506756,0.36250302,0.39832664,0.50875616,0.14625314,2.369166,1.7603925,2.82945,0.9497464,0.19710977,0.32382917,27.96781,0.20568661,13.299875,0.37316683,-0.8542058,-7.3249254,-12.087025,-0.75494033,0.01572879,0.49544886,1.2754744,0.34998295,5.4130983,0.2558978,-1.1093816,-4.6111345,34.50543,0.087822594,579.62463,0.34992442,1423.3032,0.12259526,-165.2988,-0.44922215,1645.0918,0.18016502,1230.4946,0.11221341,-161.62627,-0.4415419,2800.8042,0.065308094,995.9948,0.15656467,-163.60278,-0.4139171,-18.441832,-0.17169684,33.12345,0.05672658,0.016264848,0.45848057,-0.03412306,-0.16973087,0.30249414,0.12761198,34.123425,0.07847779,13.816508,0.1745772,-8.028073,-0.83363014,-26.8981,-0.24931285,-15.213611,25.526295,-0.002146517,-0.021546282,0.17618917,4.347826,1.5625,0.13,0.0,0.24,0.06,-29.735897,11,16-2,26,SPEAKER_01,302.466667,303.3,302.466667,303.17346875000004,1,0.7068125,disengaged
35.462307,0.15450905,34.956776,36.368523,38.895733,3.9389572,276.3565,205.44037,47.399357,23.84007,0.502056,0.3435499,0.37278795,0.4478097,0.64479196,0.272004,3.381224,2.7322583,3.2896452,2.1534424,0.24450615,0.42282325,30.004137,0.19282325,11.259225,0.7182246,-5.462632,-1.7024521,-6.5757484,-1.239984,0.030677345,1.7137572,1.244225,0.41594127,5.602372,0.44118446,-2.1483598,-7.765762,25.978506,0.53343713,705.85095,0.2542542,1438.3014,0.13749659,-147.6782,-0.5533714,1711.285,0.15876329,1306.9937,0.2212468,-145.26244,-0.53463924,2803.397,0.09768161,1031.5398,0.3330212,-148.5238,-0.49077186,-16.215595,-0.49840495,31.233932,0.20977905,0.0029297166,4.4375534,-0.0261101,-0.39380223,0.28138912,0.2833691,33.075455,0.091051914,9.752785,0.99253076,-7.29976,-1.6708238,-10.595895,-0.8216211,-15.169471,27.298397,0.0010874966,-0.021865258,0.23306316,2.6490066,3.1719534,0.08789473,0.06279279,0.21722221,0.21969183,-27.691751,11,16-2,27,SPEAKER_01,303.333333,322.533333,303.71346875,309.77159375,1,6.058125,engaged
36.28966,0.14360434,36.616474,37.485607,39.271965,2.6554909,65.34754,33.845917,64.85445,54.625515,0.44139168,0.2931814,0.3477416,0.3868215,0.51719123,0.16944963,3.2022002,2.4638717,2.1534038,1.6343398,0.22873232,0.38414785,32.162838,0.108837016,12.573634,0.48444006,-1.5043375,-5.583373,-5.6922107,-1.1401594,0.014576494,0.6038537,1.2646985,0.46395952,7.0063396,0.53260475,-0.24002206,-61.791283,27.956957,0.42890587,731.5719,0.2352878,1402.4236,0.1520198,-163.55028,-0.43238753,1766.2721,0.17089976,1173.9286,0.18723804,-161.27092,-0.4298385,2895.1248,0.11242317,1069.2751,0.23113383,-164.22343,-0.38977128,-18.320152,-0.46490455,32.99674,0.20741963,-0.0033816267,-4.186403,-0.02982503,-0.34165123,0.31420118,0.32354128,34.40921,0.09812042,11.434397,0.84768516,-6.273577,-2.131296,-11.424076,-0.66740507,-17.637075,29.874338,-0.0056776335,-0.023654973,0.20628949,4.0,2.4489796,0.08166667,0.06361778,0.26142856,0.08458784,-26.762463,11,16-2,27,SPEAKER_01,303.333333,322.533333,310.96971875,313.48409375,1,2.514375,engaged
42.211277,0.0057860655,41.99456,42.22985,42.458313,0.46375275,17.970785,0.0,-17.41457,0.0,0.60572886,0.47246027,0.337546,0.5156383,0.9478764,0.6103304,3.658915,3.0042105,7.0329113,0.0,0.2993847,0.50261843,27.29092,0.1654273,11.613825,0.27937642,4.370107,0.77832484,-28.019276,-0.713141,0.02841865,0.74824065,1.866385,0.6017863,8.927631,0.1575817,23.70124,0.30529457,27.825142,0.13040681,626.32465,0.22945601,1485.8365,0.069512725,-149.33136,-0.5078861,1907.109,0.14502881,1430.5074,0.11745169,-138.77345,-0.5411984,2818.2095,0.04560692,695.72015,0.13630605,-136.39333,-0.56982577,-13.883073,-0.16969776,16.64886,0.112875946,-0.0019658513,-4.688661,-0.043892093,-0.052545425,0.40867206,0.14799531,20.89716,0.110142544,12.279497,0.25865102,7.6012154,0.33992,-49.884293,-0.06907295,-17.500082,26.767626,-0.00083547813,-0.034405462,0.3114533,3.7037039,4.5454545,0.07,0.0,0.06,0.03,-24.827316,11,16-2,27,SPEAKER_01,303.333333,322.533333,313.63596875,313.92284375,1,0.286875,engaged
42.034542,0.16224442,37.006165,38.431675,43.351746,6.345581,0.0,0.0,-0.8925616,0.0,0.5669038,0.34958345,0.38793465,0.51417917,0.7156082,0.32767352,5.744169,0.81512356,2.1778803,2.948811,0.33463776,0.7565473,28.482464,0.1488367,10.286851,0.323109,-1.4890933,-3.1417265,-18.4489,-0.7615499,0.032164905,0.5494811,1.1435558,0.36307788,6.073771,0.4103954,8.81713,1.1180296,28.572062,0.35898277,722.8206,0.12125768,1324.9719,0.054012086,-135.00478,-0.65812075,1811.7843,0.07106462,1121.468,0.16927661,-133.69603,-0.56398135,2849.8235,0.07293745,945.9669,0.3021955,-134.77576,-0.5516771,-19.153755,-0.05832547,27.73434,0.11580773,0.0132847475,0.80462337,-0.038155936,-0.13216215,0.37227944,0.55193645,27.756983,0.1969908,11.626557,0.25596958,-4.508509,-0.7422446,-27.292057,-0.39898944,-16.851444,26.941965,-0.0028635995,-0.02659129,0.34096512,5.084746,5.555556,0.06,0.03559026,0.0725,0.031124748,-25.498869,11,16-2,27,SPEAKER_01,303.333333,322.533333,315.82971875000004,316.43721875,1,0.6075,engaged
39.626778,0.009775133,39.331512,39.69987,40.01214,0.6806259,23.836824,0.0,-21.189373,0.0,0.4296937,0.18701023,0.3598499,0.40861297,0.49349868,0.13364878,1.7663039,0.5464652,0.48542416,1.1070367,0.19478087,0.22359283,29.867441,0.10566991,11.042858,0.5077964,-5.589288,-0.97671264,-4.600947,-2.6017394,0.02254343,0.19000639,1.3965245,0.2955437,4.9936666,0.19668768,7.495226,0.093746215,33.81239,0.046887834,774.77625,0.15684263,1327.9855,0.11663346,-181.5274,-0.31227142,1815.8029,0.11770273,1314.0339,0.16261193,-179.6013,-0.2981339,2852.3752,0.07447645,706.9401,0.14039591,-179.96951,-0.29335466,-15.885267,-0.11874401,29.342783,0.037702646,0.007263477,1.0478857,-0.039427333,-0.11729931,0.2330594,0.07964032,30.787874,0.045510102,12.360995,0.13722299,-6.687095,-0.34945473,-27.202995,-0.17508143,-14.346724,27.148071,-0.0038439515,-0.022675108,0.19621617,5.1282053,1.369863,0.08,0.0,0.31,0.26999998,-31.324562,11,16-2,27,SPEAKER_01,303.333333,322.533333,319.33971875000003,320.13284375,1,0.793125,engaged
37.746437,0.11159106,38.21727,38.81675,39.045506,0.8282356,606.6123,0.0,11.063352,15.357435,0.5296983,0.36659205,0.38489708,0.52684295,0.7080853,0.32318822,2.7261696,1.6445154,3.8871307,2.7604122,0.24688253,0.39343238,29.666338,0.28386483,9.507021,0.7438521,-2.9021835,-2.800905,-7.993919,-1.202596,0.018329911,0.84072506,1.1315233,0.5201277,7.674772,0.36385554,11.552751,1.1283454,35.40235,0.2052749,674.30853,0.22578941,1445.441,0.110686414,-134.03491,-0.6620725,1722.2992,0.11607067,1306.4991,0.17602973,-132.67854,-0.608668,2814.3508,0.08205632,1184.5271,0.39217654,-135.80191,-0.567172,-18.618622,-0.32969293,31.606615,0.20131436,0.010144118,1.3132478,-0.029556893,-0.39343145,0.2980655,0.29575366,33.600388,0.12278995,11.160837,0.65198827,-3.6411917,-2.2613628,-13.032632,-0.7369997,-13.634628,25.693623,0.011071725,-0.013306734,0.23152113,3.2967033,2.824859,0.128,0.12828094,0.17,0.16155495,-26.2166,11,16-2,27,SPEAKER_01,303.333333,322.533333,320.38596875,322.22534375000004,1,1.839375,engaged
32.40832,0.17989841,33.62507,35.277504,35.74588,2.1208115,257.19498,0.0,-24.945578,0.0,0.4902068,0.3499815,0.36593768,0.4191384,0.6544137,0.28847602,2.2715805,0.90126866,3.023925,2.5644164,0.22048622,0.3797572,31.55726,0.18594874,8.6354065,0.4980209,3.65346,1.1819372,-0.25590345,-18.535013,0.01700072,0.9019296,1.4490246,0.63931,6.080472,0.44983822,-0.3127266,-17.005219,25.266895,0.13143282,603.15845,0.19870615,1403.071,0.08556597,-145.93623,-0.5517462,1619.3098,0.10453901,1109.7339,0.19571808,-147.87172,-0.50859314,2644.5828,0.060821857,1026.8337,0.11486882,-150.07217,-0.47840568,-17.85972,-0.15787642,26.219286,0.086933225,0.00718985,1.1934412,-0.03169226,-0.2529965,0.2919048,0.2965381,35.602936,0.06941665,5.2214303,0.95173407,3.1022491,1.8932264,-5.063754,-0.52688444,-16.70117,25.833258,-0.0044668484,-0.018834094,0.20433828,3.3898306,3.7037039,0.07,0.049999997,0.11666667,0.049888767,-27.72441,11,16-2,27,SPEAKER_02,303.333333,322.533333,317.73659375,318.34409375,1,0.6075,engaged
35.630135,0.17318682,36.047943,37.867508,38.599274,2.5513306,82.76617,75.41218,63.512177,32.359512,0.5184021,0.32832557,0.3774327,0.45776495,0.648173,0.27074027,2.3624902,0.9984198,2.4608824,0.8909344,0.2513747,0.37685227,32.83901,0.16410165,11.7929945,0.6133864,-5.716805,-1.6912642,-7.143256,-0.99683505,0.039084468,1.555899,1.180403,0.41420096,6.772623,0.45709136,-0.72441745,-17.031445,28.504944,0.3791584,776.10815,0.20787537,1371.7681,0.17197075,-119.726555,-0.74387944,1789.7235,0.13773718,1295.905,0.19327788,-122.92525,-0.6755609,2891.8152,0.08189894,1031.97,0.25373524,-128.02438,-0.6029433,-15.718196,-0.67986375,34.369987,0.16608469,0.0043912563,2.884565,-0.023156177,-0.3793525,0.29742107,0.29009998,34.6941,0.116421565,11.200615,0.7607027,-7.4894505,-1.6695846,-9.700654,-0.73832846,-15.611022,28.845064,-0.002861553,-0.024719719,0.21677062,3.5573123,3.2258065,0.1275,0.1498958,0.16,0.09287087,-24.901556,11,16-2,28,SPEAKER_01,322.566667,326.6,322.74846875000003,325.29659375,1,2.548125,disengaged
37.845448,0.027740993,36.60553,38.134537,38.87405,2.2685204,67.39944,60.80186,-5.1459064,14.858355,0.52329665,0.2690358,0.3892589,0.49434003,0.66352415,0.27426526,3.496272,1.3566487,4.6656313,2.7276947,0.29374522,0.2840468,33.86148,0.08488715,10.958401,0.76807284,-3.494013,-3.238719,-8.417978,-0.6979178,0.028269915,0.7798128,1.4163316,0.29798797,7.246296,0.2987113,3.263677,3.3264506,30.700666,0.18995082,786.15393,0.21128908,1409.7437,0.16781512,-103.46824,-0.8631287,1793.8442,0.1396508,1294.2505,0.23088753,-109.85916,-0.750395,2925.7285,0.096695915,1013.49915,0.33006775,-114.787796,-0.6775794,-19.79789,-0.32704377,36.21942,0.101437636,0.0038339233,2.82251,-0.028086271,-0.20496385,0.31527704,0.20488991,35.3386,0.05558723,12.283859,0.56667423,-5.338284,-2.3579636,-11.391044,-0.5008688,-17.726831,32.009445,-0.00017661157,-0.021537067,0.27439153,5.194805,2.777778,0.17999999,0.07,0.103333324,0.044969123,-25.670536,11,16-2,28,SPEAKER_01,322.566667,326.6,325.81971875,326.6,1,0.7803125,disengaged
38.016956,0.12468887,36.43297,40.114902,40.466484,4.033516,-217.908,0.0,7.564466,0.0,0.47190994,0.34927678,0.34678313,0.38990194,0.6223027,0.27551958,3.1492062,1.4620191,2.594563,1.8101147,0.24002196,0.5242015,31.906918,0.11333446,10.443086,0.63636225,-3.8067167,-2.3503013,-4.018805,-1.6354675,0.02076588,0.7844441,1.2931927,0.69927496,9.0716305,0.3829761,6.3451004,1.6697377,30.945633,0.2532642,805.4392,0.1800756,1335.6134,0.105979234,-152.34668,-0.50514513,1869.5641,0.11730227,1184.8612,0.24995077,-151.09976,-0.49268615,3003.5847,0.07752677,1003.4177,0.16168363,-154.3286,-0.44823638,-18.479406,-0.5613627,34.681232,0.16050255,0.00075623544,15.943028,-0.024641184,-0.41840923,0.36083853,0.4040486,34.376053,0.10704712,11.371251,0.76404274,-3.7982824,-3.267433,-8.853092,-0.76582026,-14.458243,29.060514,-0.005502647,-0.019452913,0.19329494,2.9411764,2.2471912,0.12,0.061101004,0.30166665,0.23646118,-24.885542,11,16-2,29,SPEAKER_01,326.633333,347.466667,326.633333,329.36346875000004,1,2.730125,engaged
35.49539,0.1777855,35.97816,37.136173,39.041668,3.063507,52.89789,36.419174,72.093834,56.072903,0.43808177,0.28795362,0.33726326,0.38293844,0.53082114,0.19355789,2.5423126,1.3475282,1.9566334,0.86693895,0.23045687,0.39552397,32.42394,0.104849935,11.803195,0.52355975,-0.93398607,-8.773221,-6.7891293,-1.1031557,0.021169784,0.8536602,1.1087568,0.48039618,6.896569,0.48395112,0.32344902,45.466908,30.122488,0.30658773,763.94104,0.23765808,1411.8195,0.11154957,-163.03954,-0.44171786,1839.5101,0.14504246,1282.3889,0.2136279,-163.43608,-0.40960282,2927.5933,0.0924501,1117.757,0.28356037,-165.56848,-0.38060138,-19.136917,-0.39880177,32.864613,0.19163232,0.001563406,7.3843765,-0.028323976,-0.33985668,0.30439436,0.30134085,34.7424,0.08228877,12.651784,0.7510485,-4.2433715,-2.8598866,-11.723962,-0.67127204,-17.134727,28.74415,-0.002704887,-0.023333192,0.21348289,3.98773,2.4922118,0.07625,0.0512195,0.26999998,0.15084945,-27.347588,11,16-2,29,SPEAKER_01,326.633333,347.466667,329.68409375000005,332.95784375,1,3.27375,engaged
36.60281,0.023643158,35.878277,36.678555,37.278652,1.4003754,146.661,0.0,-11.261275,15.665985,0.5093325,0.34205347,0.34736264,0.47435886,0.64442176,0.29705912,4.757138,3.4012084,3.1346216,1.2901931,0.24252172,0.50624907,29.708593,0.21502055,9.369859,0.57221353,-9.939365,-0.79983294,-6.7648153,-1.5144016,0.030585097,0.7915246,1.2421142,0.41910398,4.8459053,0.40808442,-2.7243533,-0.43202016,32.34796,0.0986609,691.494,0.09936671,1527.6947,0.11519286,-140.84653,-0.6054065,1660.8932,0.06793454,1444.6796,0.25680864,-143.47672,-0.5548726,2756.7415,0.11359668,1320.9911,0.63311386,-148.45761,-0.49036884,-13.567378,-0.51311684,31.963179,0.07729771,0.011799226,0.9611581,-0.025219494,-0.4981497,0.39023367,0.3526944,34.13399,0.09310126,9.627171,0.67514926,-17.768375,-0.4606201,-18.579859,-0.43824232,-11.89552,26.486443,-0.005013685,-0.011679285,0.1887799,4.545455,3.2786884,0.085,0.005,0.13,0.07348469,-28.34592,11,16-2,29,SPEAKER_01,326.633333,347.466667,336.87284375,337.54784375,1,0.675,engaged
39.377037,0.010421328,39.09945,39.147472,39.712395,0.61294556,0.42920113,0.0,8.463335,0.0,0.44013909,0.20304503,0.34446818,0.44128972,0.5288086,0.18434042,2.5920393,1.0884696,1.1420087,0.6325762,0.19412383,0.25439397,28.136644,0.17126997,19.83408,0.2885304,3.4118562,1.2912524,-13.647683,-0.69837177,0.035782535,0.2834311,1.2140049,0.19500677,6.727345,0.17936465,10.452361,0.1666494,19.540232,0.19721532,841.0806,0.114230424,1287.1392,0.14575405,-115.48403,-0.7754264,1933.7146,0.065900765,1105.6395,0.1832567,-123.950554,-0.6314562,3034.225,0.037218314,551.6937,0.36047125,-118.67481,-0.70756847,-19.747314,-0.1066646,25.383488,0.12802559,0.0011970197,8.138503,-0.029584754,-0.1331326,0.22771022,0.19954336,25.912132,0.07581675,25.099009,0.078159936,5.5928807,0.4649441,-22.612488,-0.30692703,-17.96842,28.30976,-0.0040085986,-0.021602247,0.17138937,5.4054055,1.4492754,0.32,0.0,0.17,0.0,-28.762909,11,16-2,29,SPEAKER_01,326.633333,347.466667,338.56034375,339.31971875000005,1,0.759375,engaged
37.36695,0.058070317,35.222565,36.818264,39.56621,4.343647,52.305134,46.711784,11.141245,1.2753606,0.47304362,0.31464437,0.34718227,0.45163918,0.5527887,0.2056064,2.927322,2.8009229,1.3880097,1.3066559,0.21758457,0.4279319,31.687706,0.10608189,13.868171,0.43826258,-4.653456,-1.6111643,-16.617865,-0.6131995,0.019652018,0.6111075,1.4084021,0.4046702,5.2272453,0.39464933,4.9433355,2.1978981,33.945156,0.1637748,633.96625,0.19897595,1434.3911,0.12128624,-127.70061,-0.71579105,1671.1115,0.113227345,1364.1078,0.17149763,-126.58372,-0.6537665,2794.1624,0.07707575,1035.7031,0.36499316,-129.04417,-0.61942065,-19.665365,-0.2018973,31.995785,0.124963336,0.008290665,1.7159771,-0.03633598,-0.2223214,0.26529622,0.4793868,31.059109,0.13559294,14.904499,0.46782058,-8.942166,-0.9976525,-25.139278,-0.30106547,-18.289877,30.255817,0.002099653,-0.027208181,0.18592879,2.7027028,3.4364264,0.111,0.08055433,0.15799999,0.1301384,-28.170742,11,16-2,29,SPEAKER_01,326.633333,347.466667,339.72471875,342.69471875000005,1,2.97,engaged
36.900776,0.01977052,36.294395,36.600655,37.837326,1.5429306,0.30204773,3.7653527,28.124365,0.0,0.4431532,0.4166683,0.365508,0.43756068,0.5187064,0.15319839,3.1491127,1.4039884,1.4366556,0.5896987,0.21140571,0.5037208,25.336601,0.34038204,12.713527,0.51680875,-5.4396234,-1.1264648,-7.237446,-1.0713372,0.017631918,0.8303548,1.2109199,0.33444613,6.1804104,0.201433,-2.4977608,-6.1417165,27.068722,0.27876097,591.9457,0.1847872,1486.9985,0.07849801,-166.48006,-0.41474783,1552.0621,0.101658255,1336.3368,0.12564777,-166.75128,-0.40206152,2613.3728,0.075013764,1177.9395,0.16573857,-169.28317,-0.3656892,-16.3539,-0.09010963,29.375492,0.08863625,0.0047183144,1.8212138,-0.029576413,-0.20969619,0.29550052,0.39286205,31.161222,0.13259181,9.891021,0.6957691,-11.193813,-0.78368753,-14.686337,-0.43849525,-16.349892,26.953465,0.011128775,-0.01422326,0.21834296,2.0833335,2.1978023,0.074999996,0.024999999,0.23666665,0.10338709,-28.932379,11,16-2,29,SPEAKER_01,326.633333,347.466667,346.49159375000005,347.466667,1,0.9750625,engaged
34.85614,0.019220034,34.32505,34.77488,35.359585,1.0345345,194.51904,0.0,-2.579256,13.964799,0.41357732,0.50968724,0.32022107,0.38946977,0.6101011,0.28988004,5.3932157,1.6227951,-0.7822906,2.155882,0.2252662,0.5426195,29.266153,0.38910007,12.485973,0.46510854,3.3667502,1.4836452,-6.6966577,-0.7258223,0.016110249,0.46016526,2.1727045,0.5972003,7.3055964,0.16988257,0.50686795,10.000331,32.769444,0.051222816,746.75073,0.10719405,1342.4286,0.14560562,-136.37233,-0.5899167,1873.802,0.088747256,1019.9115,0.23953599,-143.43645,-0.50363356,2999.1267,0.055634003,864.9244,0.16804172,-145.76662,-0.47330698,-22.683252,-0.14960438,32.759933,0.11483268,0.0016253453,7.939492,-0.03686582,-0.1831845,0.34459874,0.2532611,36.866776,0.07024858,16.925339,0.16139355,6.053466,1.1136453,-10.395985,-0.47714186,-17.23323,29.386559,-0.0001639101,-0.019093757,0.209309,3.9215686,4.3478265,0.07,0.04,0.089999996,0.032659862,-26.186808,11,16-2,29,SPEAKER_02,326.633333,347.466667,333.85221875,334.37534375,1,0.523125,engaged
37.36702,0.022230742,36.53978,37.157562,38.376595,1.8368149,15.978972,0.0,-12.196859,0.0,0.4422706,0.24294986,0.34653017,0.4107338,0.5261163,0.17958614,2.292112,1.1075114,1.8194791,0.552649,0.22819553,0.3468606,29.796682,0.1453794,12.922587,0.58488184,-3.4967957,-1.7885699,-5.437197,-1.5050845,0.024375403,0.5964043,1.6959579,0.3706982,5.794719,0.34874463,8.384179,0.9175013,29.954187,0.33617207,779.03827,0.16521065,1418.4454,0.27324718,-178.29974,-0.31581062,1784.2086,0.07039544,1307.0085,0.21776362,-176.99292,-0.31711575,2943.9673,0.06769041,869.09564,0.22160503,-178.58595,-0.29316592,-12.925013,-0.67484885,29.939297,0.14892526,0.0074580503,1.4231929,-0.018422043,-0.5167631,0.2744701,0.26553825,30.706066,0.08452035,9.717036,1.1599563,-6.298137,-1.3290434,-8.876756,-1.0170966,-16.149063,28.620543,-0.0040425193,-0.021346461,0.21720502,4.8,2.5210085,0.043333333,0.016996732,0.5,0.42,-29.504917,11,16-2,30,SPEAKER_01,347.5,348.766667,347.5,348.766667,1,1.266625,disengaged
34.680504,0.004180545,34.54378,34.677246,34.829884,0.2861023,10.325336,0.0,-11.406836,0.0,0.46665892,0.21467426,0.37897927,0.44236094,0.5471926,0.16821331,2.3126113,0.5518321,2.633733,1.0149856,0.23651916,0.24829589,30.445099,0.08666114,12.757029,0.26621842,-5.0541577,-1.184061,-11.653596,-0.44946864,0.024827182,0.3114529,1.1212171,0.27651,3.4488344,0.04570862,1.5309819,3.9987426,34.837166,0.06364697,899.1018,0.1227241,1212.8486,0.07522731,-170.71542,-0.39193198,2152.6394,0.118970305,999.14197,0.2552629,-174.20804,-0.33954826,3058.5945,0.034992214,1449.0305,0.4096778,-174.78822,-0.33110654,-16.364319,-0.17804897,28.177166,0.12606207,0.023450779,0.16408525,-0.04052658,-0.110515766,0.26933032,0.090274125,31.110727,0.03681032,12.046865,0.0922953,-8.40638,-0.45178613,-15.774162,-0.2908441,-16.243668,26.289408,0.00019720997,-0.029952537,0.22995053,6.896552,1.8867925,0.07,0.0,0.21499999,0.13499999,-30.034197,11,16-2,31,SPEAKER_01,348.8,352.566667,348.8,349.39409375,1,0.5940625,engaged
35.61783,0.08826401,34.302185,35.94837,38.89911,4.596924,462.71503,0.0,37.14336,0.0,0.5363176,0.21594481,0.43998697,0.5056325,0.6455478,0.20556083,2.2690377,0.79971653,2.9679854,1.7527367,0.25268388,0.25196078,32.641693,0.114408635,9.27516,0.7938542,-5.530901,-1.8430542,-9.930458,-0.66658497,0.039590336,1.4749782,1.8916847,0.39871475,4.8827257,0.50649935,7.938991,1.3348001,36.19698,0.16105121,765.12897,0.26275545,1456.5167,0.20400302,-142.39165,-0.57301885,1787.1592,0.17209274,1327.3696,0.25163195,-144.0456,-0.528292,2949.797,0.09000354,1219.7318,0.61518043,-147.87102,-0.47797757,-16.828596,-0.45691434,32.80697,0.11611491,0.012219366,0.7771009,-0.026933558,-0.44202474,0.25956342,0.1782854,35.010548,0.048060846,10.632683,0.7368465,-8.121432,-1.5410985,-13.177029,-0.50633556,-13.984011,27.73151,0.0098939305,-0.021811992,0.25202554,5.5555553,4.516129,0.06,0.032513734,0.122499995,0.107325435,-27.574953,11,16-2,31,SPEAKER_01,348.8,352.566667,350.08596875,351.72284375000004,1,1.636875,engaged
36.15359,0.008337584,35.889935,36.02305,36.473392,0.58345795,4.598427,0.0,16.124575,0.0,0.43808684,0.37380058,0.33482862,0.3656887,0.45462477,0.11979616,1.7763965,0.14407152,0.90706104,0.30391327,0.20120771,0.47403666,30.080542,0.09878644,8.8694315,0.5459215,-3.3414814,-2.7519703,-5.0380054,-1.3644706,0.0135988,0.42038187,1.8511049,0.30316985,4.9109855,0.29340363,-10.394881,-0.23886685,19.642204,0.34781277,570.5148,0.36001647,1515.1405,0.10350373,-174.95294,-0.36626828,1464.6814,0.21374626,1216.026,0.103379756,-172.82552,-0.3811598,2629.359,0.11947419,861.2396,0.094669394,-175.15463,-0.34268045,-12.064523,-0.21794814,27.158894,0.082982816,0.010932036,0.51653904,-0.028686171,-0.143002,0.3605886,0.21024099,32.491013,0.040030263,4.702736,0.9575789,-17.305828,-0.40018007,-11.904608,-0.58573854,-16.113134,27.155626,-0.005946099,-0.020089047,0.15776108,3.3898306,1.8518519,0.07,0.0,0.45,0.0,-30.422668,11,16-2,32,SPEAKER_01,352.6,353.2,352.6,353.2,1,0.6,disengaged
35.86185,0.034693588,35.089916,35.50657,37.5525,2.4625854,26.331211,12.964557,2.4217212,7.278643,0.499113,0.2446656,0.400906,0.47235578,0.5763443,0.17543831,2.6019094,1.6295185,1.4793237,0.7366828,0.22071517,0.33463144,32.768528,0.12448563,12.642887,0.4636352,-3.8939455,-2.1156387,-10.960966,-0.8041081,0.023487035,0.6326648,1.3922791,0.50215805,5.1438465,0.3094112,3.9450693,1.6635505,34.213474,0.22918847,740.5485,0.22177856,1424.4696,0.09996223,-127.4903,-0.7055869,1807.0748,0.1621707,1237.7532,0.15920256,-131.42166,-0.6134527,2938.1423,0.09227464,1031.1818,0.3416302,-134.66075,-0.5688199,-17.605846,-0.37259275,31.485235,0.14858676,0.009791735,1.0922172,-0.027408764,-0.36402783,0.24089183,0.39483067,34.688717,0.07542608,12.487526,0.54907733,-4.9720616,-1.7618467,-15.975024,-0.5064751,-15.980428,28.745314,0.0074610836,-0.022396583,0.21187216,4.9586782,3.3755276,0.107499994,0.084963225,0.16624999,0.12825145,-28.211016,11,16-2,33,SPEAKER_01,353.233333,356.766667,353.233333,355.67159375,1,2.43825,engaged
36.437313,0.006236458,36.187485,36.467842,36.625504,0.4380188,23.935574,0.0,1.2675285,5.264445,0.52161676,0.27901396,0.4010574,0.47188962,0.685621,0.28456363,2.2342758,0.6484903,2.0977685,0.7404932,0.24305272,0.29585633,31.503393,0.10129847,11.60976,0.7087259,-5.7994423,-1.1514286,-9.943415,-0.5049831,0.012903941,0.32293135,1.3787102,0.40691352,4.508449,0.20917429,-5.8512583,-0.25330123,20.511246,0.23569897,661.5234,0.16951647,1348.0144,0.07533459,-150.75835,-0.53487766,1718.1367,0.09966756,1173.3513,0.16040449,-155.85477,-0.46425042,2719.4368,0.061128303,1206.9176,0.26343718,-157.23721,-0.44577762,-15.723019,-0.20075208,23.430016,0.12886462,0.012957227,0.7875016,-0.033200826,-0.15938212,0.28971332,0.1286945,32.133377,0.04977552,1.5020269,4.632678,-9.784743,-0.64343137,-11.084491,-0.29446188,-16.55405,28.212067,0.0031630169,-0.02691624,0.20972729,4.4117646,3.508772,0.06,0.0,0.195,0.074999996,-26.334164,11,16-2,33,SPEAKER_01,353.233333,356.766667,356.07659375000003,356.766667,1,0.6900625,engaged
0.0,0.0,0.0,0.0,0.0,0.0,0.0,0.0,0.0,0.0,0.56802857,0.08079991,0.5269274,0.5602817,0.6110368,0.084109366,2.7427425,0.080228925,0.11631966,1.543702,0.29389155,0.22246818,34.894234,0.050265852,8.26736,0.59216934,-11.556833,-0.42980677,-11.320645,-0.55871236,0.0,0.0,0.0,0.0,0.0,0.0,0.0,0.0,0.0,0.0,0.0,0.0,0.0,0.0,-201.0,0.0,0.0,0.0,0.0,0.0,-201.0,0.0,0.0,0.0,0.0,0.0,-201.0,0.0,0.0,0.0,0.0,0.0,0.0,0.0,0.0,0.0,0.0,0.0,0.0,0.0,0.0,0.0,0.0,0.0,0.0,0.0,-15.904765,30.83318,0.0037520477,-0.035035163,0.3280353,10.526316,0.0,0.0,0.0,0.13,0.0,-28.18291,11,16-2,34,SPEAKER_01,356.8,376.133333,356.8,357.00471875,1,0.2046875,disengaged
37.65346,0.024693662,36.800728,36.987732,38.78839,1.9876633,16.06287,0.0,-37.418556,0.0,0.51719534,0.2583449,0.3880055,0.5188158,0.62834,0.24033451,1.9815521,1.3167377,1.4010005,0.41540727,0.22945376,0.31405523,32.709694,0.118268035,7.636516,0.4353,-4.4074154,-1.276722,-5.7550383,-1.0129069,0.041900024,0.9961442,1.2400769,0.25975308,5.0765347,0.23691444,5.240694,2.1456647,32.862194,0.18258667,831.48486,0.20258556,1246.5977,0.17169851,-144.37907,-0.5683474,1924.3788,0.13632357,1035.7861,0.1728572,-146.88191,-0.51916355,3087.1384,0.07649807,969.8314,0.16999862,-150.1383,-0.4776059,-16.41527,-0.17652595,30.443321,0.23434247,0.00878825,1.1674043,-0.028132856,-0.16546007,0.28264868,0.16959338,36.550415,0.05539368,7.2935214,0.52229524,-8.370543,-0.40334764,-8.469574,-0.60070163,-14.068737,25.010052,-0.0005026278,-0.023603486,0.21871871,2.8985507,3.125,0.089999996,0.07,0.21,0.14999999,-27.51066,11,16-2,34,SPEAKER_01,356.8,376.133333,357.27471875000003,357.98346875000004,1,0.70875,disengaged
34.53418,0.20746882,35.687225,36.854897,39.0579,3.3706741,127.02847,152.23833,97.990425,42.743004,0.49132934,0.39735216,0.37277558,0.447095,0.5945696,0.22179404,7.655115,13.023959,0.2826483,3.4012475,0.2550449,0.5176778,30.257977,0.19618432,10.905413,0.57557845,-3.3077705,-2.4827855,-9.181396,-0.92116207,0.020880817,1.0461867,1.4462737,0.45323348,5.601727,0.63910264,-1.8441664,-7.808924,26.918869,0.35369232,732.7491,0.24402423,1361.0859,0.12597178,-159.11758,-0.45668057,1755.6091,0.16005602,1225.2025,0.20363079,-160.31062,-0.43179715,2864.8486,0.096403934,951.00323,0.26452896,-162.47656,-0.4015412,-18.232075,-0.3662564,30.988733,0.23365852,0.0057556382,2.0450363,-0.02924076,-0.32779428,0.3051851,0.30134735,33.52825,0.10247043,11.646531,0.7066502,-5.9455013,-1.969849,-11.787946,-0.7675656,-15.907618,26.963552,0.0073539875,-0.022947889,0.23391491,2.7027028,3.0487804,0.065,0.04674398,0.22,0.1374442,-27.286459,11,16-2,34,SPEAKER_01,356.8,376.133333,358.16909375,361.51034375,1,3.34125,disengaged
40.17647,0.0043116114,40.038063,40.226795,40.3422,0.30413818,10.427705,0.0,-7.2086334,0.0,0.77126026,0.610732,0.42643213,0.6331891,0.92888385,0.5024517,9.816158,7.6912007,12.927272,0.0,0.4685889,1.0359612,24.547144,0.24389708,12.748427,0.6703034,-0.21815333,-16.337662,-5.6809945,-0.9503287,0.014777592,0.30396208,1.5171653,0.3853483,7.261944,0.07880481,12.177505,0.15214804,31.359274,0.050346304,716.17883,0.08347569,1368.0331,0.08029244,-164.85226,-0.41064066,1831.3898,0.027138311,1008.6438,0.08727821,-163.51605,-0.40375996,2938.733,0.019764869,813.99835,0.20350733,-165.06667,-0.38306975,-20.415905,-0.13435069,31.282312,0.048753195,0.0020692016,3.5330951,-0.035870466,-0.10175754,0.30582458,0.111539975,26.488247,0.05460303,18.77394,0.3334631,-0.8040232,-2.3059165,-6.8137097,-0.524995,-14.062524,24.832783,-0.0028992223,-0.023540404,0.5783462,2.1739132,2.4390244,0.08,0.0,0.14999999,0.08,-23.136337,11,16-2,34,SPEAKER_03,356.8,376.133333,375.33096875,375.80346875,1,0.4725,disengaged
37.779408,0.042004306,35.99761,38.31827,38.95021,2.9526024,68.7579,84.07795,12.0095625,10.087969,0.5972767,0.31633413,0.4304628,0.5335515,0.7554619,0.32499906,2.845418,1.0331594,3.119104,1.6685867,0.2810766,0.48376662,28.498331,0.19391231,9.256008,0.8551727,-0.03126227,-293.80618,-5.3557625,-1.3129636,0.025211068,0.5750537,1.3005308,0.49181515,6.439288,0.36745223,8.42541,0.73709357,27.564484,0.30215767,729.842,0.24116555,1349.6189,0.13813941,-140.26263,-0.58961886,1775.2705,0.1394789,1097.8511,0.2657349,-139.1374,-0.561822,2886.8218,0.072403096,818.1672,0.48843765,-141.46465,-0.53249764,-17.109827,-0.38431203,28.239435,0.23173535,0.008254393,1.5744015,-0.027335893,-0.38471615,0.33181107,0.5713458,32.16417,0.08632625,11.355163,0.7671533,0.7601104,15.253505,-10.3950405,-0.7561751,-12.203351,23.138157,0.0016565803,-0.0155203575,0.26046556,3.2258065,3.3333333,0.096,0.058855757,0.15166667,0.05079917,-25.67169,11,16-2,36,SPEAKER_01,380.033333,396.1,380.15721875,381.72659375,1,1.569375,disengaged
36.094627,0.11929779,34.662724,35.433735,35.869255,1.2065315,347.88943,24.24179,83.1352,86.10205,0.51658326,0.5050755,0.37939882,0.44882807,0.6016134,0.22221458,4.7161746,5.9464264,2.3407512,2.3238869,0.248926,0.8040828,29.185774,0.19065979,8.912557,1.032423,-4.65924,-1.7459252,-4.9826126,-1.4776528,0.025970638,1.2694005,1.4374815,0.4048448,3.8999152,0.5079071,7.5574703,1.2791133,31.915066,0.24245377,685.73914,0.2758694,1428.9391,0.12425696,-168.05249,-0.41160357,1715.9646,0.16024306,1176.7582,0.1497501,-166.23494,-0.40393114,2846.4626,0.1025909,1062.0198,0.20040482,-168.3998,-0.37302163,-13.352666,-0.57301396,27.11614,0.22112297,0.014781856,0.902845,-0.0218047,-0.42266423,0.29758304,0.7250358,33.302628,0.11951158,6.0648284,1.658805,-9.218896,-1.0395296,-9.386266,-0.6744394,-14.204331,26.446308,0.004633209,-0.018921243,0.24002828,1.5194682,2.4880383,0.065769225,0.04324999,0.31615385,0.35620943,-27.191818,11,16-2,36,SPEAKER_01,380.033333,396.1,382.97534375,393.52221875,1,10.546875,disengaged
0.0,0.0,0.0,0.0,0.0,0.0,0.0,0.0,0.0,0.0,0.44064653,0.030282183,0.43274397,0.4404204,0.45258468,0.019840717,0.66907704,0.0,-0.51658255,0.74350697,0.18565646,0.19153585,32.857914,0.027981466,4.7914705,0.9438215,-0.4215205,-16.700785,-1.3118373,-1.3564217,0.0,0.0,0.0,0.0,0.0,0.0,0.0,0.0,0.0,0.0,0.0,0.0,0.0,0.0,-201.0,0.0,0.0,0.0,0.0,0.0,-201.0,0.0,0.0,0.0,0.0,0.0,-201.0,0.0,0.0,0.0,0.0,0.0,0.0,0.0,0.0,0.0,0.0,0.0,0.0,0.0,0.0,0.0,0.0,0.0,0.0,0.0,-17.40908,29.458704,-0.011700481,-0.022179995,0.23166288,10.000001,0.0,0.0,0.0,0.04,0.0,-30.366526,11,16-2,36,SPEAKER_01,380.033333,396.1,394.01159375,394.12971875000005,1,0.118125,disengaged
37.20415,0.033217255,36.058117,36.76181,38.801422,2.7433052,12.192625,6.6732473,27.574074,0.0,0.44541058,0.27763113,0.34745955,0.38877046,0.5328711,0.18541157,3.8954785,2.3828192,1.9174027,0.66141516,0.22754347,0.41846058,32.11324,0.09448339,9.955908,0.4317981,-2.1005952,-4.066603,-8.2164,-1.0250214,0.016744802,0.66628623,1.5575341,0.46510133,6.456663,0.21635224,0.41535738,32.729416,30.674839,0.29922953,714.20795,0.266094,1319.8547,0.09933805,-158.11977,-0.4694468,1769.1714,0.16237998,1027.564,0.17305794,-159.1643,-0.44264266,2935.3987,0.11191796,976.30994,0.27772948,-161.76596,-0.4052013,-17.02112,-0.29249752,29.29721,0.20616163,0.009832678,1.8940023,-0.03137194,-0.1892502,0.31987426,0.30998078,34.018555,0.08621276,9.312392,0.78646964,-7.9077044,-1.3791339,-14.845852,-0.57922906,-16.39647,27.545927,0.0015086184,-0.023847034,0.20218532,4.7619047,3.3057854,0.06,0.027386129,0.176,0.11534297,-29.026169,11,16-2,36,SPEAKER_01,380.033333,396.1,394.82159375,396.1,1,1.2784375,disengaged
36.45962,0.22698365,34.585697,38.894924,42.559677,7.97398,180.2494,102.35196,101.67495,43.258926,0.54478955,0.6085532,0.3432075,0.41235718,0.692451,0.3492435,6.2414465,3.2317996,1.4106185,3.765239,0.2629421,0.6255026,29.107851,0.3459417,11.506224,0.48746473,0.17495869,48.35901,-7.9671316,-1.2854252,0.023593707,0.5411871,1.2882587,0.46725246,5.7175717,0.63529754,2.5657437,10.815235,24.035416,0.8477296,702.1028,0.2855742,1357.1691,0.14490895,-151.75891,-0.5159328,1736.0837,0.16810882,1168.3876,0.24411283,-150.0188,-0.49652246,2812.5547,0.10561839,972.7186,0.32777983,-152.78053,-0.4601648,-17.175512,-0.4900464,29.737732,0.3369551,0.010372764,1.6345642,-0.027684584,-0.34866112,0.3812096,0.6119651,28.865044,0.43176883,12.848948,0.62826765,-1.7081558,-7.3933744,-15.10167,-0.8428581,-15.877055,27.102013,0.00167036,-0.02181502,0.21552666,2.1551726,3.539823,0.07125,0.04781148,0.21714285,0.15078029,-26.09279,11,16-2,37,SPEAKER_01,396.133333,405.9,396.133333,398.46659375,1,2.33325,engaged
39.12614,0.041724607,37.839134,39.429966,39.92041,2.081276,74.52335,0.0,-4.0373178,10.670811,0.5924784,0.29918188,0.41507122,0.5656929,0.73992556,0.32485434,3.60897,1.6339918,4.254551,3.48926,0.24190408,0.43673432,27.946262,0.17098273,9.1042,0.5702959,-4.2913876,-1.6716532,-13.022659,-0.7156472,0.02038403,0.850714,1.511481,0.35997322,6.4055943,0.4018912,-2.8325164,-1.8625325,24.727839,0.12648912,811.31433,0.0720897,1145.2499,0.10809026,-104.95633,-0.9037618,1898.7781,0.041964665,924.0062,0.34992364,-114.81645,-0.7342143,3031.258,0.02940035,575.02997,0.38623476,-117.41397,-0.69715285,-17.42755,-0.16260701,24.936079,0.14939724,0.005414373,1.9005766,-0.038348682,-0.20164332,0.28771695,0.45189822,28.991905,0.10661051,9.387549,0.6761241,-9.163487,-0.5214303,-18.833946,-0.43745595,-14.116171,22.661135,-0.005179953,-0.023625035,0.2104183,4.166667,3.478261,0.1275,0.0983298,0.11,0.09715966,-26.556988,11,16-2,37,SPEAKER_01,396.133333,405.9,400.33971875,401.55471875,1,1.215,engaged
38.966576,0.02916017,37.476933,39.3824,39.9594,2.4824677,13.813956,8.204216,10.962075,0.14359379,0.70300853,0.34249038,0.45003945,0.7073571,0.9236106,0.47357118,6.453436,4.4630885,7.2509665,6.5207186,0.27444464,0.45379278,31.947409,0.11715761,7.686262,0.90565836,3.0569038,2.4111586,-16.389942,-0.46162245,0.014163915,0.5627679,1.048381,0.34570155,8.269905,0.18106127,5.784202,1.0283616,28.893084,0.10493832,780.1621,0.10282231,1244.1747,0.10320768,-51.490513,-1.5219818,1823.6572,0.06777525,1016.2071,0.6616865,-61.67399,-1.1639853,2950.2698,0.046033617,577.85144,0.24605192,-68.045815,-1.0047188,-17.77048,-0.29783762,24.885254,0.2849435,0.012711081,0.9658764,-0.039753105,-0.20613973,0.31459808,0.38508093,31.72225,0.12573533,6.283455,1.2197366,3.5311048,2.3193355,-19.20809,-0.33959925,-18.108824,30.473894,-0.00021906337,-0.02591284,0.18043183,4.4117646,1.5873016,0.48,0.0,0.06,0.03,-23.973528,11,16-2,37,SPEAKER_01,396.133333,405.9,404.11971875,404.81159375,1,0.691875,engaged
36.23673,0.007683475,35.971848,36.17102,36.428696,0.45684814,10.748979,0.0,17.130587,0.0,0.5014581,0.37123105,0.334023,0.43927568,0.7164564,0.3824334,3.0422006,0.48918664,0.74979043,2.3858335,0.2334805,0.40203333,31.615118,0.10909953,5.0330343,1.6078347,-6.3639903,-1.5264513,-3.6310503,-1.4947827,0.012517584,0.6880267,1.1722852,0.44666845,5.5108366,0.16503371,-1.5522398,-1.2258093,19.649282,0.47061792,682.3132,0.24346343,1435.7317,0.07333676,-158.03351,-0.49471334,1677.717,0.19957522,1161.5864,0.1655323,-151.91762,-0.54325056,2741.3987,0.12798284,1150.0759,0.1480254,-156.15257,-0.47844353,-5.912447,-1.6059083,24.990545,0.09263269,0.013113291,0.9039015,-0.02058391,-0.54163516,0.34973657,0.17190091,32.10373,0.0904953,-1.4555597,-4.6308413,-15.719276,-0.7156806,-7.305705,-0.6516199,-12.348013,25.759735,-0.0024301305,-0.019385811,0.21585037,4.0,2.2222223,0.099999994,0.0,0.16,0.049999997,-28.774895,11,16-2,37,SPEAKER_01,396.133333,405.9,405.38534375,405.9,1,0.5146875,engaged
22.975922,0.24444535,17.870926,19.73161,29.173346,11.30242,284.26508,63.327877,122.92264,53.259903,0.43624708,0.26077524,0.33323798,0.40649974,0.53884524,0.20560727,2.2056663,2.0034697,2.0671697,1.5561608,0.19205362,0.2897013,28.783052,0.19108005,12.026762,0.48241758,2.2981026,2.97507,-5.898258,-0.9539891,0.10216319,1.6076567,1.5276605,0.5362557,1.5393045,0.7434143,10.364792,1.989032,26.42687,0.16697617,586.118,0.30599844,1414.2222,0.091011934,-164.9314,-0.41836485,1641.048,0.113006815,1153.4773,0.2281726,-166.27612,-0.39504427,2701.4104,0.113546774,1129.4918,0.3291942,-167.93593,-0.371516,-15.556144,-0.19856828,25.000185,0.1068504,0.011482743,1.0277867,-0.024575261,-0.17679745,0.23833564,0.1948832,32.4631,0.086704716,9.074619,0.5184041,6.712954,1.2447333,-8.153994,-0.43551564,-15.543926,25.797789,-0.0014090547,-0.01998356,0.18502277,3.5353537,3.1088083,0.049999997,0.042817444,0.21428572,0.19905901,-30.711113,11,16-2,37,SPEAKER_00,396.133333,405.9,401.63909375,403.63034375,1,1.99125,engaged
31.38838,0.2572524,17.679571,35.698166,35.981316,18.301744,513.4752,84.1659,59.612915,0.62815666,0.48686802,0.30279222,0.36669752,0.4206935,0.61103594,0.24433842,3.7991984,2.9893525,2.3224924,1.3582569,0.23026723,0.34377727,32.012672,0.14609563,9.680012,0.9055403,-7.1575513,-1.3036615,-4.8084216,-1.4275683,0.01773243,1.1442318,1.6495004,0.5515102,3.5373344,0.5135091,-8.057142,-2.1169703,22.600706,0.67252165,724.9649,0.26818323,1427.7428,0.121369556,-153.56505,-0.5271468,1723.628,0.17493024,1231.0879,0.21638218,-153.3643,-0.50786567,2908.0793,0.100524366,1115.3444,0.28224143,-156.9286,-0.4574284,-11.184107,-0.7685946,27.86511,0.23390977,0.007925962,1.2803066,-0.02095542,-0.5043619,0.28792682,0.32157552,34.901344,0.06854676,4.726894,1.9467989,-12.160968,-1.0697994,-9.477832,-0.7051847,-15.329585,27.297092,0.0020830836,-0.02321509,0.21267866,5.685619,2.7210886,0.082499996,0.050928872,0.35333332,0.2090986,-29.221792,11,16-2,38,SPEAKER_01,405.933333,408.933333,405.933333,408.933333,1,3.0,disengaged
34.999317,0.022131925,34.029964,35.39247,35.740723,1.7107582,117.793846,80.67875,3.944457,5.288996,0.41443533,0.17849125,0.35368627,0.3972351,0.47013193,0.11644566,2.2961702,1.1975653,1.5642145,0.76189923,0.18644899,0.23551029,31.006363,0.16120811,11.017341,0.5422802,-4.065517,-1.6803018,-3.4628546,-1.9023477,0.017261423,0.38350314,1.320681,0.51333976,3.0051303,0.44460014,8.562501,0.98978496,35.05416,0.15026611,596.8012,0.22876962,1541.1909,0.07053446,-183.96301,-0.2793097,1538.9418,0.110407256,1494.277,0.317323,-182.45139,-0.28826863,2672.6702,0.074531876,1511.1036,0.4985184,-184.22855,-0.25719973,-12.065556,-0.62420493,31.706818,0.12757464,0.015516634,0.72827774,-0.016933985,-0.26886997,0.24062373,0.21120729,34.961647,0.07955589,7.2830486,1.1928147,-15.342212,-0.5114347,-9.926558,-0.426527,-15.837426,28.002272,0.0032940942,-0.020469593,0.18259281,5.6603775,1.4492754,0.056666665,0.012472191,0.45749998,0.21741377,-31.348164,11,16-2,39,SPEAKER_01,408.966667,428.433333,408.966667,411.1059687500001,1,2.1393125,engaged
35.345848,0.15523823,35.07256,37.08356,37.39833,2.3257713,51.55239,0.0,-65.78303,62.904438,0.45578197,0.34690043,0.35290134,0.42927942,0.6022948,0.24939346,2.3490117,1.1575085,2.3276525,1.3084044,0.20823193,0.4048293,31.092215,0.22716343,7.372671,0.84567916,-5.345941,-1.7823843,-3.563819,-1.6850507,0.01799293,0.78880495,1.2174766,0.42228696,3.8754134,0.47097644,-1.2191968,-8.786191,27.175016,0.2918895,738.7285,0.22795819,1463.0398,0.1202491,-162.21677,-0.45663604,1697.0338,0.16278858,1332.6012,0.13947481,-160.80743,-0.45035324,2906.374,0.10026541,1193.8995,0.22164142,-164.61742,-0.396789,-7.7545896,-1.0048786,28.125904,0.11266334,0.005703018,2.0140433,-0.010682479,-1.118564,0.2643283,0.3135223,34.774582,0.06782973,2.8034782,2.6113925,-15.524061,-0.74734056,-4.1734514,-1.2377865,-14.466802,27.793795,0.008247815,-0.013249473,0.20516165,3.5353537,2.5906737,0.072,0.038678158,0.24333334,0.14360438,-29.74448,11,16-2,39,SPEAKER_01,408.966667,428.433333,411.51096875,413.50221875000005,1,1.99125,engaged
34.33842,0.1510512,34.850243,35.450718,36.33396,1.4837189,351.4222,237.7517,96.724174,41.42599,0.45046014,0.25448334,0.35916266,0.41496885,0.53681225,0.17764959,2.6074052,1.4743037,1.6082535,0.6329868,0.21749705,0.38919947,31.278364,0.16331744,12.461087,0.5268161,-3.3155303,-2.0157056,-3.1658814,-2.1542003,0.037861686,1.8832936,1.4779575,0.47306448,4.0841146,0.49239796,1.8972448,5.3247104,31.450407,0.21782377,742.89044,0.20203505,1394.773,0.14193867,-150.1363,-0.5241808,1805.7687,0.13254392,1150.3704,0.16531004,-150.86893,-0.48934263,2924.3193,0.085612215,1030.4553,0.19898611,-153.76102,-0.451617,-15.654698,-0.42616156,28.884487,0.20277353,0.007863076,1.4011844,-0.025642756,-0.34114927,0.26857176,0.3500056,35.035637,0.0720627,10.076887,0.8874134,-6.998797,-1.1986147,-7.7450604,-0.79657155,-16.41925,27.766636,-0.0025046442,-0.020717084,0.2006606,4.113924,3.5369775,0.07,0.04954337,0.1909091,0.10049464,-29.330963,11,16-2,39,SPEAKER_01,408.966667,428.433333,413.78909375,416.96159375,1,3.1725,engaged
41.13405,0.0011445521,41.091953,41.139374,41.178276,0.086322784,0.0,0.0,-0.028321266,0.0,0.44356674,0.23339455,0.34263378,0.41205814,0.577711,0.2350772,1.2500587,0.15503836,1.7716963,0.0,0.18841302,0.2368832,26.120594,0.13549304,14.0646,0.21716692,6.863831,0.48979285,-7.770571,-0.7696158,0.032983027,0.02047152,1.651249,0.16675286,6.92459,0.054369662,13.069192,0.023102794,31.99872,0.028037233,659.4761,0.108177304,1340.6903,0.014555709,-183.53247,-0.23908618,1813.0277,0.013556649,937.9435,0.01840084,-180.09184,-0.26476973,2993.7842,0.005590002,521.934,0.036368985,-180.5402,-0.25835446,-18.759872,-0.04278347,26.637877,0.054411683,-0.0072295135,-2.2098694,-0.033605143,-0.027656052,0.19253385,0.08877524,24.478376,0.029816246,15.176342,0.039110105,9.366158,0.11354324,-19.399529,-0.13728984,-17.482449,28.02503,-0.010105485,-0.024381256,0.19878042,2.7027028,3.125,0.03,0.0,0.13,0.06,-29.887066,11,16-2,39,SPEAKER_01,408.966667,428.433333,417.58596875,417.97409375,1,0.388125,engaged
0.0,0.0,0.0,0.0,0.0,0.0,0.0,0.0,0.0,0.0,0.48648164,0.22879286,0.35688454,0.47888556,0.59852123,0.2416367,1.1344069,2.348037,1.528982,0.736519,0.20904988,0.27104896,31.9752,0.051011898,2.870644,2.491614,-13.833908,-0.7326123,-4.126403,-1.7305521,0.0,0.0,0.0,0.0,0.0,0.0,0.0,0.0,0.0,0.0,0.0,0.0,0.0,0.0,-201.0,0.0,0.0,0.0,0.0,0.0,-201.0,0.0,0.0,0.0,0.0,0.0,-201.0,0.0,0.0,0.0,0.0,0.0,0.0,0.0,0.0,0.0,0.0,0.0,0.0,0.0,0.0,0.0,0.0,0.0,0.0,0.0,-8.494424,29.07458,-0.00401796,-0.010880416,0.21715389,4.3478265,0.0,0.0,0.0,0.17,0.0,-30.726732,11,16-2,39,SPEAKER_01,408.966667,428.433333,428.18346875,428.433333,1,0.249875,engaged
36.83603,0.002640961,36.764893,36.84257,36.92567,0.16077805,5.689494,0.0,-9.747824,0.0,0.3904931,0.19828114,0.33444363,0.36289144,0.48123753,0.1467939,1.7481079,0.9300897,1.3408837,0.4604664,0.175133,0.20737499,29.614122,0.15050295,12.752015,0.4134471,-4.178387,-1.5539922,-2.0188406,-4.105753,0.025615828,0.39840832,1.4788322,0.21213488,3.418277,0.12429576,-8.446186,-0.097733624,26.380772,0.12989597,676.8241,0.16119075,1374.9525,0.05679815,-169.28815,-0.39866206,1706.0148,0.10868809,1254.0436,0.06991039,-172.879,-0.3428284,2834.4436,0.053192824,838.7054,0.14182751,-174.02766,-0.32744977,-18.551685,-0.025268294,32.874954,0.041943833,-0.0009459529,-6.249444,-0.031909443,-0.075754255,0.21784374,0.10523064,34.01903,0.01435097,12.543099,0.20757374,-7.6259747,-0.34593645,-14.224703,-0.15478826,-15.953277,28.705423,-0.008322882,-0.019143598,0.17814153,8.163265,2.2727273,0.06,0.0,0.175,0.055,-31.969048,11,16-2,40,SPEAKER_01,428.466667,460.2,428.466667,428.97659375,1,0.5099375,disengaged
34.74503,0.13270247,35.528435,35.771687,36.66957,1.1411362,6.329155,0.0,43.71938,0.0,0.5454357,0.22873154,0.47072923,0.51585,0.6269192,0.15618998,2.1989746,0.5725431,3.1539598,1.2729481,0.27539405,0.28562766,33.82718,0.11390541,14.322133,0.5227919,-1.8498714,-4.3702283,-8.455795,-0.8574501,0.024713371,0.5751341,1.1699733,0.39109716,5.769099,0.37727493,13.096627,0.9881433,36.67457,0.18045197,646.9895,0.2596039,1483.4344,0.08630221,-73.87588,-1.1635487,1728.0782,0.13398494,1258.4984,0.14432403,-81.69914,-0.9266025,2817.6736,0.10595706,1264.1567,0.53755873,-86.89186,-0.8335347,-21.921246,-0.17903295,33.65468,0.11777301,0.022715429,0.51640844,-0.028962724,-0.301413,0.28984943,0.2759869,35.70762,0.06498621,15.76174,0.34136,-0.27860066,-32.836094,-10.885764,-0.60935074,-14.9805355,23.407516,0.0017310623,-0.025529588,0.26671237,2.9411764,3.1746032,0.205,0.185,0.056666665,0.03091206,-26.08107,11,16-2,40,SPEAKER_01,428.466667,460.2,429.39846875,430.0903437500001,1,0.691875,disengaged
0.0,0.0,0.0,0.0,0.0,0.0,0.0,0.0,0.0,0.0,0.649444,0.37751493,0.4260292,0.59495014,0.8662238,0.4401946,12.165215,8.042348,7.8812857,1.8375213,0.4107231,0.593243,27.3888,0.15423365,5.936413,0.5081,7.2976613,0.3669447,-8.757011,-0.49483782,0.0,0.0,0.0,0.0,0.0,0.0,0.0,0.0,0.0,0.0,0.0,0.0,0.0,0.0,-201.0,0.0,0.0,0.0,0.0,0.0,-201.0,0.0,0.0,0.0,0.0,0.0,-201.0,0.0,0.0,0.0,0.0,0.0,0.0,0.0,0.0,0.0,0.0,0.0,0.0,0.0,0.0,0.0,0.0,0.0,0.0,0.0,-13.879245,24.181234,-0.003502366,-0.019587636,0.48287427,6.896552,0.0,0.0,0.0,0.22999999,0.0,-24.34792,11,16-2,40,SPEAKER_01,428.466667,460.2,431.08596875,431.38971875,1,0.30375,disengaged
38.3951,0.04371907,36.011436,39.3275,39.67662,3.665184,34.51513,3.3058949,6.6509,2.3114552,0.5910726,0.2458663,0.45170805,0.58211976,0.7433233,0.29161528,1.9766443,0.7608983,1.5544728,0.6689932,0.2565422,0.2695486,30.254158,0.14654846,12.058107,0.5331547,-4.446734,-1.3841033,-14.2025585,-0.6436384,0.019659908,0.6886864,1.4314437,0.39705104,4.8533916,0.38168448,-4.658662,-1.2705332,23.779978,0.3201293,792.9373,0.17626023,1244.1829,0.13607953,-108.47145,-0.8451182,1886.6494,0.12583925,1181.0266,0.28065762,-116.74487,-0.6954249,2897.0107,0.07626026,940.13513,0.40883723,-118.41189,-0.6713062,-16.09125,-0.31395313,27.871479,0.16946082,0.0056890715,2.177601,-0.030224156,-0.24716745,0.27967292,0.2616403,30.784632,0.14112402,10.144054,0.54132265,-4.2178965,-1.3669251,-18.27802,-0.47950977,-16.967087,28.104992,0.0046601244,-0.027874552,0.2348784,3.030303,3.982301,0.111111104,0.0974616,0.10699999,0.07362744,-27.079597,11,16-2,40,SPEAKER_01,428.466667,460.2,431.55846875,433.8872187500001,1,2.32875,disengaged
37.16575,0.12058958,36.11354,38.49293,39.25408,3.140541,704.72327,812.20325,39.637936,33.207447,0.5514083,0.34908414,0.39843422,0.4961237,0.70418775,0.30575353,3.763707,1.9546704,2.9169185,1.6060189,0.25916025,0.36696333,30.427448,0.20538501,9.386115,0.8262776,-4.507454,-1.800943,-6.9730425,-1.2688917,0.026175473,1.7721387,1.3006617,0.42635036,5.3259144,0.4353436,0.7409064,11.947375,26.490685,0.33284578,746.3065,0.20238931,1330.1095,0.13700335,-142.39851,-0.59346676,1778.1614,0.14177716,1112.6659,0.28013498,-142.29411,-0.5667106,2881.5896,0.09636834,924.82837,0.36419582,-145.63051,-0.5217928,-13.465405,-0.49538696,25.621445,0.28944606,0.0062535047,1.9887094,-0.026330277,-0.4833997,0.30295694,0.28251863,31.756418,0.1551142,5.705339,1.6394308,-7.2210426,-1.4144973,-10.776669,-0.88637465,-15.159033,27.502516,0.0042319293,-0.020697525,0.24237444,3.5346098,2.8189912,0.104210526,0.0894613,0.2185,0.24803779,-27.326918,11,16-2,40,SPEAKER_01,428.466667,460.2,436.14846875,442.94909375,1,6.800625,disengaged
35.70754,0.0025742622,35.616924,35.747204,35.789513,0.17258835,0.0,0.0,-0.039877575,0.0,0.45287833,0.18886453,0.39777613,0.4339824,0.48280704,0.08503091,2.6051033,1.7677094,2.0322294,1.2668836,0.20629065,0.2233125,29.100489,0.15852296,10.387075,0.58418584,-3.7933257,-1.7577565,-3.6806283,-1.9662594,0.02022008,0.48932508,1.6276668,0.3380309,2.422333,0.2839162,-7.088148,-0.14957106,23.989584,0.09121939,515.10767,0.2498756,1538.1082,0.06763194,-190.14886,-0.22137544,1277.2749,0.05544036,1335.1176,0.0798324,-190.03313,-0.22395118,2437.6357,0.07712725,1100.8037,0.025263298,-191.43515,-0.19384499,-6.21479,-0.4437976,23.190712,0.07526192,-0.00411843,-4.006302,-0.010589572,-0.3956649,0.23201844,0.05999575,28.344704,0.02698783,-2.1591315,-1.6952332,-15.488227,-0.43771228,-7.975582,-0.49215025,-15.345746,26.723063,0.0012439541,-0.02349296,0.2089486,6.779661,0.88495576,0.049999997,0.0,0.525,0.095,-31.031433,11,16-2,40,SPEAKER_01,428.466667,460.2,444.46784375,445.6659687500001,1,1.198125,disengaged
37.801838,0.028118292,36.784416,36.9743,38.941868,2.1574516,5.8072567,1.8458633,30.388498,0.0,0.4530124,0.26167178,0.3646695,0.4109361,0.5277519,0.16308242,4.0226912,1.6270099,2.3698883,1.4001863,0.244388,0.41411012,32.939312,0.07845165,9.694268,0.55105853,-2.9916286,-2.4959834,-5.639412,-1.1363039,0.017839383,0.71250814,1.8920178,0.5191486,6.934605,0.21015011,3.2850704,5.9960227,24.196692,0.5450753,749.51764,0.19612506,1516.8385,0.093428016,-164.16405,-0.3960273,1773.878,0.14004825,1337.2631,0.18624642,-159.4943,-0.42827982,2947.7285,0.103006005,1021.0653,0.2108401,-161.60086,-0.39865714,-16.887497,-0.2749451,28.1616,0.2027201,-0.0020792957,-5.022705,-0.026224727,-0.13502234,0.31693137,0.34134048,33.610126,0.06943857,7.232804,1.3480483,-7.937226,-1.3979939,-8.057325,-0.41963518,-17.388626,29.309576,0.0037379968,-0.025896655,0.23661835,3.846154,4.109589,0.046666663,0.023570227,0.13,0.081547536,-28.57174,11,16-2,40,SPEAKER_01,428.466667,460.2,446.4759687500001,447.26909375,1,0.793125,disengaged
37.60772,0.031323124,36.750565,37.30294,38.69198,1.9414139,0.0,0.0,-0.28208512,0.0,0.48493412,0.25441697,0.35595262,0.45955682,0.60246086,0.24650824,1.9661876,1.473538,1.7323536,0.13345876,0.24332464,0.35329792,30.51334,0.10522067,10.814468,0.51618135,1.0139649,5.917709,-7.4223466,-1.2261494,0.017733706,0.21968874,1.4003341,0.39789623,4.7327695,0.17176558,5.135362,0.87142,23.318998,0.1397777,750.33496,0.22170624,1338.1825,0.15206452,-168.8284,-0.39242637,1794.0828,0.15858585,1113.3441,0.22160049,-167.25366,-0.37927297,2786.629,0.12871386,952.6238,0.09975941,-167.80276,-0.3707799,-15.48706,-0.1710796,23.68353,0.2042547,0.011595571,0.64050645,-0.029741863,-0.28632775,0.27654213,0.20301414,29.859268,0.079714894,6.8384857,0.6660778,2.4920595,1.7696072,-17.90515,-0.36158636,-16.976212,27.526424,0.0036093509,-0.022995315,0.24763182,2.739726,2.9411764,0.055,0.035,0.17333333,0.05436502,-28.971756,11,16-2,40,SPEAKER_01,428.466667,460.2,448.56846875,449.31096875,1,0.7425,disengaged
40.669636,0.055776328,37.275913,42.118168,42.27301,4.997097,0.0,0.0,-0.3867167,0.0,0.44485655,0.21651734,0.3555034,0.4265036,0.5099871,0.1544837,2.1519108,0.7852259,1.5128719,0.7201393,0.19679262,0.23871993,32.605633,0.05173847,6.319441,0.9933237,-3.040904,-2.1476188,-4.31828,-1.0346084,0.02135691,0.5804151,1.4640284,0.2343729,3.8945465,0.2712939,-2.8976724,-1.4045687,21.115732,0.34774902,792.4863,0.11240963,1265.6041,0.12095831,-178.33812,-0.3274826,1738.3326,0.15043,1125.167,0.33578035,-179.4,-0.31094375,2881.1516,0.069531426,778.29474,0.11223078,-180.91316,-0.28677043,-12.074047,-0.3293161,24.291399,0.22789247,-0.003025622,-3.3628476,-0.020043345,-0.30937412,0.21370298,0.10385561,32.624317,0.07998783,-1.6440508,-4.5972257,-6.76913,-0.77494967,-1.0691636,-4.7137904,-16.17417,28.023495,0.0004934833,-0.02258115,0.1987062,5.8333335,1.7391305,0.055,0.024999999,0.32999998,0.29223278,-30.879467,11,16-2,40,SPEAKER_01,428.466667,460.2,454.79534375,456.01034375,1,1.215,disengaged
38.198948,0.009020994,37.83801,38.20963,38.430103,0.5920944,6.135214,0.34349707,5.977599,1.4547031,0.4854257,0.26111916,0.35948756,0.46507064,0.6079467,0.24845913,1.3610789,1.4411467,1.8575481,0.39879033,0.1780586,0.21315673,24.428295,0.30848676,15.725681,0.4864581,-4.033804,-1.3011289,-7.6990643,-1.9718062,0.01535201,1.1474586,1.2871089,0.4780038,6.112362,0.19506854,2.3470116,1.6338345,29.255447,0.13584363,783.08014,0.1358537,1365.2787,0.15230298,-132.2839,-0.7054572,1857.6465,0.1100154,1221.9103,0.24358901,-137.24179,-0.60581464,2853.5068,0.06217761,843.7557,0.19873129,-137.97617,-0.5958891,-17.590479,-0.2418198,26.760885,0.10119245,0.019038761,0.4623921,-0.03772261,-0.1918683,0.2050851,0.14902632,29.646343,0.051789302,9.552167,0.5420272,-3.3216748,-1.9259824,-25.882128,-0.302745,-15.417594,25.656729,-0.005760566,-0.021994844,0.16720234,3.521127,1.459854,0.235,0.16499999,0.28333333,0.11671428,-29.905972,11,16-2,40,SPEAKER_01,428.466667,460.2,458.76096875,460.2,1,1.4390625,disengaged
25.628933,0.25054634,18.48452,29.396667,31.621693,13.137173,15.51768,8.165609,313.83807,0.0,0.561928,0.25137407,0.44324332,0.5469833,0.6796402,0.23639685,4.443246,3.1964033,4.6083026,3.326912,0.283261,0.33942398,31.840298,0.19856969,9.128473,0.70904064,-2.9201944,-2.9244175,-1.8192219,-3.4963706,0.01806696,0.5740675,0.83426344,0.3065728,1.6339029,0.94446117,-0.58638394,-9.713017,30.965212,0.08539872,672.74896,0.26921484,1436.4257,0.107042834,-173.49612,-0.35287884,1684.3234,0.13252153,1242.9487,0.21197937,-175.47932,-0.32290462,2812.1653,0.07775722,1227.4478,0.22378877,-176.87589,-0.3028106,-15.801734,-0.3507616,29.983093,0.100745335,0.018101452,0.689304,-0.028885681,-0.29782346,0.39546213,0.18312395,36.522774,0.090511836,10.074741,0.59918016,-3.1264665,-4.1398,-7.05144,-0.7913853,-13.273445,25.236597,0.0016279991,-0.021194201,0.27338174,7.0967746,2.6666667,0.0425,0.016393596,0.24799998,0.15587173,-27.588852,11,16-2,40,SPEAKER_00,428.466667,460.2,433.95471875,435.52409375,1,1.569375,disengaged
29.777443,0.003572591,29.665934,29.785877,29.849907,0.18397331,7.6419196,0.0,3.4734726,3.8307102,0.5675163,0.35899243,0.38369477,0.46748295,0.79752725,0.4138325,3.1583984,1.664085,3.7112548,0.78459954,0.280856,0.35328153,33.177567,0.07025402,8.78563,0.5487092,1.1361356,4.789679,-4.2424493,-1.3333378,0.01578649,0.6096675,1.9497105,0.3106911,2.5488265,0.56341153,-4.337246,-0.5419311,21.404194,0.10924921,568.5578,0.21082395,1356.2014,0.07780654,-118.09652,-0.79783666,1568.3235,0.038921956,1025.6478,0.12949014,-123.82012,-0.7114736,2721.3777,0.057871263,1412.9951,0.3290307,-129.12215,-0.6325639,-12.759539,-0.1334776,28.207985,0.028553776,0.008159419,1.0519242,-0.027421996,-0.14747551,0.42806855,0.21310002,33.57246,0.019638328,2.3116152,0.6660037,-3.9152997,-1.6040707,-9.62726,-0.51203775,-16.766788,28.734055,-0.0044255205,-0.024245253,0.219025,6.25,4.166667,0.089999996,0.0,0.13,0.0,-26.709919,11,16-2,40,SPEAKER_00,428.466667,460.2,445.81784375,446.15534375,1,0.3375,disengaged
29.896708,0.18639906,26.46338,31.075876,34.659294,8.195913,168.13586,134.17319,90.70538,42.13269,0.52423495,0.4028445,0.35443997,0.4816023,0.68039644,0.32595646,4.391924,2.0498273,2.9488354,1.8725293,0.24092783,0.44283077,27.442451,0.30494297,11.087816,0.72187,3.1994565,2.4292433,-3.3555543,-2.1071498,0.0767304,2.0865958,1.1430899,0.4568317,4.9815564,0.68082225,4.047953,1.5404477,28.872503,0.17630877,699.42725,0.260889,1439.3195,0.097396255,-135.10522,-0.6483721,1736.1332,0.13440263,1090.9874,0.22561626,-138.5833,-0.5893329,2908.8147,0.09540423,921.47534,0.36568487,-141.47661,-0.5493546,-16.832117,-0.35552156,28.745949,0.2239616,0.010427471,1.2954726,-0.024430552,-0.32165268,0.3041396,0.28574097,33.267857,0.09756588,9.151016,0.8726741,4.393526,2.2466075,-6.034342,-1.1762036,-15.064201,25.125572,0.0025284495,-0.017532926,0.21886788,2.5270758,2.2058823,0.14833333,0.10573815,0.24285714,0.13392046,-26.135273,11,16-2,40,SPEAKER_00,428.466667,460.2,450.00284375,452.78721875,1,2.784375,disengaged
30.612926,0.015258111,30.16698,30.70058,31.052288,0.8853073,0.76600254,2.39423,8.297027,0.0,0.549309,0.30304834,0.39225888,0.5537075,0.61289775,0.22063887,3.123797,0.04674399,0.78069425,1.3823912,0.2619423,0.3171704,33.320103,0.10986709,10.152615,0.43791485,7.160401,1.0907828,-3.0329413,-2.766082,0.02684294,0.7238172,1.2899847,0.46380186,4.668068,0.3295516,0.98702675,5.733689,26.793793,0.12901567,600.4588,0.29157743,1565.403,0.27037176,-78.957756,-1.1488885,1608.2422,0.16578503,1448.4502,0.37237114,-87.48818,-0.9515154,2616.2312,0.08795739,930.9326,0.27022806,-90.712296,-0.8921492,-19.521626,-0.08426988,26.371992,0.13816184,0.015258426,1.2412115,-0.028991906,-0.3109162,0.29864687,0.24959573,34.062817,0.10838728,12.276484,0.15748979,12.100153,0.4187232,-5.003213,-1.9306831,-13.813784,27.469028,-0.002764479,-0.017689304,0.2208476,2.7027028,1.4492754,0.42999998,0.0,0.114999995,0.035,-25.662298,11,16-2,40,SPEAKER_00,428.466667,460.2,453.51284375,454.27221875,1,0.759375,disengaged
32.381126,0.086069375,31.571312,33.017365,34.322674,2.7513618,500.3151,663.3845,29.139662,38.17034,0.5270688,0.3124879,0.3813706,0.48160192,0.6946291,0.31325847,4.861892,3.0739856,3.6904502,2.1296544,0.24928774,0.42506006,29.75862,0.26932624,13.914031,0.48376626,-1.669944,-3.8749783,-5.7041593,-1.1374788,0.024260962,1.4249867,1.4791058,0.50363934,5.954958,0.342292,4.9086533,2.1746736,33.626587,0.25294217,721.41394,0.2907279,1513.9319,0.10812268,-130.169,-0.6673458,1713.4727,0.18298735,1316.612,0.19313824,-133.29568,-0.60630643,2875.578,0.12267325,1162.0966,0.37168607,-137.40053,-0.55253726,-16.71612,-0.27559814,32.48232,0.16554509,0.014435065,1.0506779,-0.021190971,-0.36881244,0.30981082,0.34355178,35.77652,0.09958649,12.560552,0.55609655,-1.5663501,-3.8638215,-8.057464,-1.0089297,-15.206275,26.105299,0.003021601,-0.02100624,0.21906598,4.72103,3.508772,0.098749995,0.06293598,0.18857142,0.061045315,-26.464901,11,16-2,40,SPEAKER_00,428.466667,460.2,456.16221875,458.50784375,1,2.345625,disengaged
37.667614,0.030458122,36.68241,37.449226,38.74434,2.0619278,15.762591,2.9364336,14.506919,4.3773656,0.5221963,0.3374548,0.34232062,0.49568248,0.7148882,0.3725676,2.0757825,1.1062006,2.1813796,1.2004094,0.20044242,0.24022558,28.56817,0.1475253,9.472068,0.67928123,1.309068,5.922808,-17.477192,-0.7816049,0.008604216,0.80858475,1.116342,0.32217795,5.634992,0.25214857,-0.53583986,-9.008038,22.80741,0.20280378,743.5366,0.17004248,1327.3723,0.16576822,-132.04945,-0.7102206,1777.2955,0.1298199,1052.2319,0.21439263,-136.21606,-0.62551534,2905.9104,0.077330954,755.2294,0.5413162,-137.72166,-0.6045574,-13.811698,-0.23702994,22.85188,0.25136814,0.009927224,1.0016553,-0.033789948,-0.22585325,0.23688175,0.22594437,29.299461,0.12577768,3.2065876,1.7114975,-3.3442004,-3.0268128,-26.647924,-0.34626845,-15.907081,23.706856,-0.0033460069,-0.02681783,0.18433924,2.970297,2.030457,0.1625,0.07154544,0.31,0.30033314,-29.111343,11,16-2,41,SPEAKER_01,460.233333,463.166667,460.233333,462.27096875,1,2.037625,engaged
37.870163,0.0138783315,37.4897,37.559258,38.44403,0.95433044,-2.6908329,0.0,16.89868,0.0,0.48187885,0.47441998,0.33143866,0.38772902,0.61519754,0.28375888,4.1361423,2.9257267,2.2799911,1.8505383,0.19919932,0.4194865,26.963612,0.1940588,11.79648,0.5433217,-3.8737864,-1.9201692,-9.180343,-1.0639935,0.017137641,1.3754956,1.261932,0.498966,8.227801,0.18580197,-6.236936,-0.24091288,27.966911,0.18925148,767.184,0.053907122,1333.4406,0.050228663,-149.68248,-0.57846117,1762.9204,0.031212812,958.6859,0.12830989,-154.99632,-0.50142795,3015.5461,0.020493006,856.55066,0.43816987,-158.0247,-0.45938048,-16.359707,-0.06440678,30.224949,0.08845948,0.013384154,0.9331126,-0.03529421,-0.12373514,0.32559055,0.25407502,31.813978,0.045159005,2.6544685,1.2890711,-12.947891,-0.45553285,-23.08642,-0.3393071,-15.834503,27.097118,-0.009930087,-0.020922555,0.16615383,1.4285715,1.5384616,0.14999999,0.0,0.235,0.035,-27.877298,11,16-2,41,SPEAKER_01,460.233333,463.166667,462.45659375,463.166667,1,0.7100625,engaged
40.068626,0.020393414,39.332767,40.561928,40.668053,1.3352852,0.0,0.0,-0.11985531,0.0,0.43954453,0.56420916,0.30892253,0.35972172,0.71249646,0.40357393,1.55345,1.3471007,3.8057559,1.4523513,0.19001018,0.5356531,24.539694,0.36484358,11.983404,0.4015229,4.300757,0.9941037,-16.42797,-1.0811218,0.011617838,0.80542624,1.0626669,0.31466746,7.5045166,0.2162843,16.166794,0.046554364,29.037815,0.09789299,587.5301,0.18057364,1439.5012,0.11528069,-155.16393,-0.52695745,1654.4968,0.13397412,1352.7747,0.24995144,-150.1945,-0.52390295,2682.3396,0.06481754,762.8954,0.31486553,-149.80145,-0.5298019,-16.870583,-0.13537379,23.210941,0.15752183,-0.00030221324,-31.137907,-0.047683842,-0.07785771,0.29933205,0.33128724,21.598942,0.12968253,15.996519,0.13223657,7.585679,0.6025814,-40.272938,-0.25382534,-16.82591,26.706717,0.015867122,-0.008991619,0.17364189,2.631579,1.4084507,0.19,0.0,0.24499999,0.095,-28.412237,11,16-2,42,SPEAKER_01,463.2,478.3,463.2,463.97534375,1,0.7753125,disengaged
39.223995,0.23621345,41.216755,42.884697,43.81073,2.593975,0.0,0.0,-0.5317186,0.0,0.6366793,0.34994787,0.44303432,0.5959691,0.84705395,0.40401962,4.2332954,1.414275,2.1051507,0.85069454,0.22471178,0.47726005,23.65353,0.21610996,16.591217,0.35926768,2.2143047,1.7682374,-32.115543,-0.44680744,0.019627197,0.7638165,1.164252,0.33314323,6.100197,0.4842903,15.208232,0.661124,24.919413,0.25249472,660.8219,0.18195327,1411.1432,0.106170915,-107.88661,-0.82860684,1738.4583,0.12828726,1241.9496,0.17497385,-103.57551,-0.77366805,2807.54,0.07155308,700.3576,0.25705627,-101.84534,-0.8004669,-15.467022,-0.19156435,19.230247,0.26562214,0.0029244013,3.8249848,-0.035828505,-0.120016545,0.24007581,0.4551198,21.31141,0.201235,16.781725,0.35949984,2.1005256,1.627746,-39.14806,-0.2490016,-16.148294,21.969423,0.00054418255,-0.033721965,0.21656045,2.1052632,4.4444447,0.114999995,0.07088724,0.07,0.037416574,-25.722933,11,16-2,42,SPEAKER_01,463.2,478.3,468.66659375,469.62846875,1,0.961875,disengaged
38.741165,0.010886417,38.28833,38.661945,39.13297,0.8446388,99.03259,0.0,4.731993,4.7136054,0.45872858,0.17506157,0.38918874,0.44790578,0.54181606,0.15262732,1.8577646,1.4801699,2.145234,0.60732734,0.2047286,0.2701701,26.931162,0.24047144,13.003926,0.22657897,0.951813,5.294665,-9.302061,-0.63643795,0.01829793,0.45099562,1.3892437,0.18952237,5.3647656,0.13677907,11.246198,0.44285563,37.251514,0.04249903,553.7175,0.13323088,1453.9552,0.05446534,-133.36661,-0.67771155,1607.2521,0.07324854,1344.3951,0.124415256,-135.06361,-0.59574944,2615.7327,0.09223169,1218.1718,0.22592348,-138.74692,-0.5462738,-18.19771,-0.07039272,29.841509,0.08381443,0.010564381,0.9270296,-0.033536933,-0.16192617,0.24629313,0.22046869,27.883816,0.15814802,12.99905,0.30152562,-3.1976166,-1.3983895,-14.945363,-0.2983961,-16.16666,26.841228,0.0007466141,-0.024600152,0.19483896,6.382979,4.7619047,0.065,0.044999998,0.08,0.0,-30.165472,11,16-2,42,SPEAKER_01,463.2,478.3,474.48846875,474.97784375,1,0.489375,disengaged
29.057375,0.15446119,26.364096,31.078453,31.883392,5.5192966,171.38013,40.614056,511.71265,392.21082,0.51989955,0.30192158,0.36402354,0.49356395,0.6342221,0.27019855,1.7999041,0.6510282,1.8030984,0.38753498,0.23317292,0.24390483,32.830246,0.15038137,13.50353,0.30000943,1.6199765,4.6213613,-6.5124407,-1.2289132,0.040418692,1.7384101,1.2298139,0.5215643,5.0296535,0.45008293,1.8734752,3.166179,36.306362,0.09973556,455.3401,0.2912683,1483.7808,0.124848306,-105.48403,-0.892258,1483.9775,0.10711449,1181.2319,0.18349592,-110.0988,-0.78478396,2642.3123,0.05978197,1171.5734,0.24808204,-117.100624,-0.6782512,-18.693245,-0.13353847,31.841026,0.13049601,0.020130599,0.667625,-0.019704439,-0.23622757,0.2693141,0.17973258,33.81251,0.11396339,14.455841,0.23017187,2.506772,3.4799142,-9.960691,-0.93361866,-17.100527,29.30473,-0.005541458,-0.020281238,0.20786236,3.6363635,1.904762,0.26,0.12,0.16,0.008164966,-26.010582,11,16-2,42,SPEAKER_00,463.2,478.3,464.90346875,466.01721875,1,1.11375,disengaged
27.715384,0.2935651,17.502542,32.778126,34.699173,17.19663,81.87038,0.0,-31.744894,0.0,0.45138356,0.29859227,0.342102,0.4248835,0.5213804,0.17927843,1.183229,1.5468901,1.6267006,0.7657314,0.22093847,0.37044474,34.03456,0.096528925,10.298156,0.4296599,0.17598426,41.192486,-3.950319,-1.113598,0.02167833,0.6361807,1.3319674,0.4417536,2.8477983,0.5414903,2.5825796,2.847248,31.173119,0.14942676,697.89044,0.26093236,1609.5521,0.1341597,-128.64001,-0.6738245,1624.3779,0.10678684,1350.6815,0.16694039,-132.1832,-0.61124444,2856.4495,0.035298746,1013.38324,0.23346588,-136.81612,-0.55042565,-13.527982,-0.3778759,30.854488,0.12617652,-0.0029280097,-3.7633727,-0.024049567,-0.13965638,0.27456436,0.3536317,35.41418,0.10946478,9.2625475,0.63136816,-2.840361,-3.8273883,-6.4927177,-0.71162397,-16.718735,30.713615,0.0012064093,-0.016891593,0.2031715,2.739726,2.9411764,0.125,0.035,0.12666667,0.062360957,-28.963985,11,16-2,42,SPEAKER_00,463.2,478.3,466.48971875,467.23221875,1,0.7425,disengaged
0.0,0.0,0.0,0.0,0.0,0.0,0.0,0.0,0.0,0.0,0.40830207,0.11107946,0.36304188,0.42654848,0.44525278,0.0822109,1.8563346,0.0,-3.2707498,0.0,0.18810734,0.34615308,31.277082,0.029342785,11.074019,0.124121524,5.383657,0.59879655,-1.0587406,-3.2925425,0.0,0.0,0.0,0.0,0.0,0.0,0.0,0.0,0.0,0.0,0.0,0.0,0.0,0.0,-201.0,0.0,0.0,0.0,0.0,0.0,-201.0,0.0,0.0,0.0,0.0,0.0,-201.0,0.0,0.0,0.0,0.0,0.0,0.0,0.0,0.0,0.0,0.0,0.0,0.0,0.0,0.0,0.0,0.0,0.0,0.0,0.0,-16.690706,27.952667,0.0010370618,-0.02291704,0.25040317,14.285714,0.0,0.0,0.0,0.0,0.0,-30.98016,11,16-2,42,SPEAKER_00,463.2,478.3,470.05034375,470.1347187500001,1,0.084375,disengaged
0.0,0.0,0.0,0.0,0.0,0.0,0.0,0.0,0.0,0.0,0.41567284,0.19643603,0.35291618,0.37063408,0.49107713,0.13816094,1.8828064,1.2738098,2.235826,0.0,0.18439922,0.26742336,33.52091,0.07533288,8.185513,0.39174896,-5.2579393,-1.2354877,-8.48993,-0.5658181,0.0,0.0,0.0,0.0,0.0,0.0,0.0,0.0,0.0,0.0,0.0,0.0,0.0,0.0,-201.0,0.0,0.0,0.0,0.0,0.0,-201.0,0.0,0.0,0.0,0.0,0.0,-201.0,0.0,0.0,0.0,0.0,0.0,0.0,0.0,0.0,0.0,0.0,0.0,0.0,0.0,0.0,0.0,0.0,0.0,0.0,0.0,-14.162787,29.73315,-0.0019093829,-0.023021849,0.19465606,3.7037039,0.0,0.0,0.0,0.21,0.0,-31.669874,11,16-2,42,SPEAKER_03,463.2,478.3,475.41659375,475.70346875,1,0.286875,disengaged
59.747696,0.0049532773,59.455948,59.65555,60.073048,0.61709976,7.1755986,3.435059,2.1347244,1.9943123,2.0606937,0.110567585,1.8231518,2.0796125,2.1923552,0.36920333,4.8404098,1.3566315,6.0107875,3.7883518,0.6393581,0.33111626,14.286261,0.38559872,-10.209783,-0.38624433,-17.52576,-0.28038043,-17.385101,-0.23147441,0.016008994,0.4956152,0.5189968,0.64834714,16.819866,0.14239082,14.106566,0.52073056,13.049626,0.43106106,502.9898,0.2932068,1222.7413,0.15374237,-21.540188,0.0,1603.9198,0.061904725,932.58496,0.094166905,-21.125645,-0.06463177,2789.0952,0.058642693,769.0952,0.37182164,-33.779915,-0.16990128,-18.9331,-0.044086803,30.778164,0.1069335,0.007365269,1.6760967,-0.027054006,-0.18052085,0.6769442,0.29828838,14.841467,0.3706924,-9.814587,-0.40071544,-17.594027,-0.29210082,-16.87897,-0.23001911,0.0,0.0,0.0,0.0,0.0,7.936508,1.754386,0.56,0.0,0.0,0.0,-8.565182,11,16-2,42,SPEAKER_03,463.2,478.3,476.71596875000006,477.35721875,1,0.64125,disengaged
60.016914,0.0,60.016914,60.016914,60.016914,0.0,0.0,0.0,0.0,0.0,1.7776717,0.12177963,1.6748333,1.7839081,1.9861686,0.31133533,6.0509186,0.0,-7.817663,6.646736,0.42685586,0.40399748,17.72075,0.23316182,-7.2998424,-0.3967432,-17.718988,-0.13148405,-9.160042,-0.33550578,0.013927204,0.6787834,0.40896383,0.4057832,15.412856,0.19976608,16.717796,0.15082943,16.717796,0.15082943,509.3731,0.19488426,1248.4307,0.091381975,0.0,0.0,1633.488,0.01996493,874.53357,0.05098359,-19.794262,-0.03393256,2885.2466,0.013308739,701.88763,0.16366908,-36.51206,-0.05414444,-18.396303,-0.013844962,33.630062,0.0075986055,-0.0068034576,-1.8136113,-0.025591047,-0.15411627,0.37527028,0.2385655,16.491302,0.24359974,-8.638235,-0.18268242,-17.319363,-0.17129551,-8.497151,-0.42380086,0.0,0.0,0.0,0.0,0.0,5.0000005,0.0,0.0,0.0,0.0,0.0,-10.153123,11,16-2,42,SPEAKER_03,463.2,478.3,478.08284375000005,478.3,1,0.2171875,disengaged
0.0,0.0,0.0,0.0,0.0,0.0,0.0,0.0,0.0,0.0,0.57619107,0.33470088,0.43356586,0.5067044,0.689837,0.25627112,8.356555,4.378535,4.834031,0.35360742,0.37438598,0.6590697,29.64352,0.11843092,7.0370026,0.7349436,2.8027048,2.5374172,-7.5810275,-0.7666701,0.0,0.0,0.0,0.0,0.0,0.0,0.0,0.0,0.0,0.0,0.0,0.0,0.0,0.0,-201.0,0.0,0.0,0.0,0.0,0.0,-201.0,0.0,0.0,0.0,0.0,0.0,-201.0,0.0,0.0,0.0,0.0,0.0,0.0,0.0,0.0,0.0,0.0,0.0,0.0,0.0,0.0,0.0,0.0,0.0,0.0,0.0,-15.615228,26.237911,-0.013178506,-0.022292553,0.40974212,2.631579,0.0,0.0,0.0,0.31,0.0,-25.516272,11,16-2,43,SPEAKER_03,478.333333,479.4,478.333333,478.72409375,1,0.39075,engaged
37.694378,0.0026184206,37.624397,37.713203,37.768127,0.14373016,0.0,0.0,-0.079851784,0.0,0.5756354,0.18690167,0.4659627,0.5968629,0.6811768,0.21521407,5.859588,0.0,0.25987077,2.1953018,0.25021142,0.28742337,27.961687,0.19992176,8.916053,0.3462947,-6.5749516,-1.31302,-10.287823,-0.7524561,0.025393587,0.015111261,1.1123841,0.06906852,4.7173257,0.04312272,5.3591914,0.31383595,33.842487,0.030411113,402.59207,0.016378742,1461.687,0.02951837,-185.42484,-0.1824887,1305.8383,0.0076889023,1089.5409,0.013160452,-154.62352,-0.49216434,2725.5708,0.014729646,1112.0968,0.19673462,-160.84958,-0.40924728,-8.94089,-0.055037856,30.797432,0.026897155,0.010548897,0.14403167,-0.023821546,-0.06104149,0.3492394,0.04566288,33.20329,0.023200674,7.1332574,0.23033777,-14.981527,-0.13093768,-14.576471,-0.1585803,-12.859071,22.994146,5.7533347e-05,-0.013324141,0.21494545,5.263158,7.692308,0.02,0.0,0.089999996,0.0,-28.60775,11,16-2,43,SPEAKER_03,478.333333,479.4,478.77471875,478.97721875,1,0.2025,engaged
38.044968,0.00017629463,38.03996,38.043667,38.04972,0.00976181,0.0,0.0,-0.0054244995,0.0,0.47299162,0.22803566,0.3777574,0.4393747,0.59549314,0.21773574,3.020888,2.312197,0.8511563,2.4711158,0.19813992,0.17859378,27.864134,0.22675279,11.661268,0.26444265,-2.3455935,-1.7307948,-5.6493683,-1.6195393,0.019808365,0.0,2.2540882,0.06262809,6.064398,0.10537225,11.830341,0.031791322,39.723316,0.033793774,760.41125,0.21835652,1294.2018,0.100113995,-187.73306,-0.23100154,1741.984,0.13039598,1440.2781,0.051352717,-183.24968,-0.27320245,2900.777,0.05939202,904.5497,0.068577625,-184.15436,-0.25487867,-13.097877,-0.04206569,36.117825,0.03091912,0.03982654,0.18095812,-0.03491591,-0.018033072,0.24774098,0.0,33.428394,0.012384599,10.281184,0.074773185,-12.633716,-0.27271277,-24.035849,-0.1373243,-15.826717,29.0781,-0.0003651712,-0.02084209,0.19671296,8.333334,3.2258065,0.02,0.0,0.26999998,0.0,-30.169836,11,16-2,43,SPEAKER_03,478.333333,479.4,479.0278437500001,479.4,1,0.3721875,engaged
0.0,0.0,0.0,0.0,0.0,0.0,0.0,0.0,0.0,0.0,0.34132764,0.04004609,0.32989708,0.33592024,0.3505364,0.02063933,0.007016766,0.0,0.0,0.0,0.13578904,0.37782156,32.86721,0.05135929,13.869721,0.086718746,-0.85331666,-2.2693655,-8.569225,-0.46285725,0.0,0.0,0.0,0.0,0.0,0.0,0.0,0.0,0.0,0.0,0.0,0.0,0.0,0.0,-201.0,0.0,0.0,0.0,0.0,0.0,-201.0,0.0,0.0,0.0,0.0,0.0,-201.0,0.0,0.0,0.0,0.0,0.0,0.0,0.0,0.0,0.0,0.0,0.0,0.0,0.0,0.0,0.0,0.0,0.0,0.0,0.0,-19.719337,29.728289,-0.023376727,-0.022844799,0.0,0.0,0.0,0.0,0.0,0.0,0.0,-33.118935,11,16-2,44,SPEAKER_03,479.433333,484.533333,484.14096875,484.20846875,1,0.0675,disengaged
41.200085,0.0013129392,41.153515,41.19477,41.244534,0.09101868,0.035217285,0.0,0.0,0.0,0.6104133,0.40479344,0.34287137,0.5879387,0.8909822,0.54811084,8.134269,0.0,-8.391964,0.0,0.28242865,0.44474447,26.704567,0.11923156,5.369296,0.84136796,-1.1649606,-2.3641279,-20.202053,-0.6843431,0.057639383,0.12320208,1.3482571,0.45904464,5.790874,0.105647914,-1.5654407,-0.09262274,21.607912,0.038968366,527.77466,0.229002,1456.7123,0.13570076,-166.08376,-0.47009465,1445.7878,0.13740318,1187.567,0.1652601,-114.79401,-0.7575673,2541.647,0.05454905,853.97595,0.0930377,-117.95283,-0.7024065,-7.634437,-0.32338968,19.002459,0.1921414,-0.00096052804,-14.391041,-0.023829117,-0.23870145,0.3313874,0.18392898,23.128683,0.08131185,1.4626303,2.638331,-3.2975976,-0.97716606,-24.488434,-0.38909087,-15.256349,28.88143,-0.0044361656,-0.018926905,0.15357153,6.666667,11.111112,0.03,0.0,0.04,0.0,-27.838335,11,16-2,44,SPEAKER_02,479.433333,484.533333,479.8040937500001,479.97284375,1,0.16875,disengaged
46.128746,0.12970059,41.241047,42.125362,53.955708,12.714661,541.42316,671.136,27.914087,32.08641,0.47903496,0.3104296,0.3606092,0.4336168,0.5488968,0.18828759,3.7947176,2.2515142,2.7795537,1.7227285,0.23179775,0.47279942,31.22278,0.14166547,9.010627,0.61764026,-5.082785,-1.4169836,-9.199596,-0.7800989,0.026961995,0.46499413,1.4902403,0.486706,8.093021,0.29198733,13.214566,0.76527345,32.84014,0.1160577,673.0441,0.29079735,1220.9213,0.104517765,-174.34944,-0.35184896,1695.0015,0.1534047,1071.1509,0.16291279,-163.43486,-0.40548158,2797.3047,0.07767257,898.5043,0.34471065,-165.9928,-0.36748943,-16.86632,-0.41535494,32.752686,0.10158225,0.0005477134,20.899467,-0.03176466,-0.318618,0.31843397,0.47842318,32.390247,0.07206481,8.225674,0.7799732,-8.625176,-1.1818303,-15.473863,-0.4099412,-16.228943,29.818213,-0.0053792796,-0.025062064,0.21078897,4.204204,3.0487804,0.060999997,0.038327534,0.22363636,0.18888536,-27.823553,11,16-2,44,SPEAKER_02,479.433333,484.533333,480.49596875,483.83721875,1,3.34125,disengaged
0.0,0.0,0.0,0.0,0.0,0.0,0.0,0.0,0.0,0.0,0.3773906,0.06994485,0.35685444,0.37305617,0.4067372,0.04988277,0.792726,0.8822357,0.6693952,0.15593344,0.15823562,0.22922432,31.438322,0.03507655,10.354791,0.15587227,-2.0477648,-0.9526533,-14.80001,-0.4010568,0.0,0.0,0.0,0.0,0.0,0.0,0.0,0.0,0.0,0.0,0.0,0.0,0.0,0.0,-201.0,0.0,0.0,0.0,0.0,0.0,-201.0,0.0,0.0,0.0,0.0,0.0,-201.0,0.0,0.0,0.0,0.0,0.0,0.0,0.0,0.0,0.0,0.0,0.0,0.0,0.0,0.0,0.0,0.0,0.0,0.0,0.0,-18.682478,30.018414,-0.014842689,-0.03150942,0.15759037,6.896552,0.0,0.0,0.0,0.22999999,0.0,-32.06332,11,16-2,44,SPEAKER_01,479.433333,484.533333,483.83721875,484.14096875,1,0.30375,disengaged
0.0,0.0,0.0,0.0,0.0,0.0,0.0,0.0,0.0,0.0,0.4966291,0.06738237,0.4652032,0.4927164,0.5293119,0.0641087,1.5077554,0.3908366,0.8486532,0.08842722,0.15867738,0.1906336,30.433144,0.014054075,8.574308,0.26409045,-7.4607487,-0.52401876,-19.414274,-0.22994365,0.0,0.0,0.0,0.0,0.0,0.0,0.0,0.0,0.0,0.0,0.0,0.0,0.0,0.0,-201.0,0.0,0.0,0.0,0.0,0.0,-201.0,0.0,0.0,0.0,0.0,0.0,-201.0,0.0,0.0,0.0,0.0,0.0,0.0,0.0,0.0,0.0,0.0,0.0,0.0,0.0,0.0,0.0,0.0,0.0,0.0,0.0,-19.587791,28.774288,-0.009593838,-0.036902238,0.15803434,10.526316,0.0,0.0,0.0,0.06,0.0,-27.720758,11,16-2,44,SPEAKER_01,479.433333,484.533333,484.20846875,484.41096875000005,1,0.2025,disengaged
42.89535,0.059189953,40.708458,41.955925,45.62007,4.9116135,28.603848,0.0,-1.3095856,0.0,0.81813097,0.46337476,0.45281512,0.7641913,1.0538143,0.6009992,7.311904,4.1529474,8.732069,2.0605054,0.38490164,0.4523459,25.201979,0.16568464,4.9452133,1.8767587,4.3053465,1.7362837,-12.708336,-0.73783404,0.012740696,0.5630441,1.1242452,0.33286697,9.730836,0.22132044,11.715722,0.23297304,18.258432,0.27393043,849.76,0.10981909,1249.0654,0.13656734,-101.89654,-0.8578792,1963.6543,0.07744995,846.20746,0.23102997,-105.81009,-0.7514287,2913.0676,0.04516857,651.6752,0.25002566,-104.64017,-0.76729506,-14.794877,-0.20781296,21.633137,0.2111138,0.012742827,0.942024,-0.029196609,-0.2749867,0.468019,0.34639555,23.092808,0.12994173,3.5564046,2.9400039,4.8139167,1.7889489,-18.596354,-0.4057159,-15.324798,23.27241,0.0021546471,-0.02595651,0.3545323,5.084746,5.555556,0.086666666,0.028674418,0.06666666,0.01699673,-21.967163,11,16-2,45,SPEAKER_02,484.566667,514.866667,485.11971875,485.72721875,1,0.6075,engaged
39.358864,0.05023538,37.92339,38.22259,41.99194,4.06855,33.48866,5.075326,0.23314412,8.076527,0.6692282,0.5865142,0.35496062,0.5161457,1.0435184,0.6885578,7.1615524,4.88171,3.6080325,1.9449656,0.27741432,0.6126162,25.60633,0.25720504,7.065473,1.1605889,-4.378161,-2.5633252,-11.428026,-1.023535,0.012020708,1.1662856,1.2130877,0.569856,7.7143083,0.37196225,2.0026283,4.5673842,20.786272,1.2101164,728.2064,0.19342819,1304.9089,0.11156766,-117.00829,-0.82231843,1762.6909,0.104729466,1001.96857,0.2952889,-119.42802,-0.74515486,2841.6382,0.07918036,800.2354,0.30221575,-122.490166,-0.6979578,-13.248573,-0.3206729,22.208876,0.287749,0.015680343,0.9684034,-0.02995845,-0.5428943,0.3769248,0.4814439,24.922745,0.20926528,2.563942,3.3100362,-5.573734,-2.6443083,-20.11171,-0.44261873,-14.994785,26.469582,0.0020049491,-0.021311035,0.21494603,2.6490066,2.6936026,0.15375,0.11412027,0.19749999,0.15014575,-23.976023,11,16-2,45,SPEAKER_02,484.566667,514.866667,486.9759687500001,490.01346875,1,3.0375,engaged
40.45632,0.06950402,37.206547,39.991394,42.363777,5.1572304,29.502617,7.6786485,22.770517,15.775566,0.71870637,0.5285703,0.38415325,0.56593215,1.0807006,0.6965474,5.142187,2.386352,2.3332849,2.2652373,0.28441432,0.52702576,28.65988,0.20392235,7.817875,0.9462675,-3.1869223,-3.564984,-14.688125,-0.99899346,0.013141198,1.0078452,1.0073217,0.47304592,9.470376,0.24266762,2.2867558,4.8485193,23.404661,0.5459856,760.3686,0.1688328,1357.6165,0.14157328,-104.59506,-0.9223473,1814.8005,0.1013147,1099.0367,0.21510977,-110.64746,-0.7817584,2901.2976,0.05803628,834.48724,0.50244206,-112.670265,-0.7501321,-17.52171,-0.2473027,27.90523,0.20722423,0.011514327,1.3050584,-0.032183345,-0.3191969,0.34399217,0.38284183,27.902033,0.25411797,6.3190937,1.3968598,-6.9416184,-1.8067993,-23.604612,-0.5160647,-16.339314,27.81227,0.0029307979,-0.022026403,0.23389292,2.0725389,2.1276596,0.22749999,0.15610494,0.176,0.07761443,-22.6608,11,16-2,45,SPEAKER_02,484.566667,514.866667,490.67159375000006,492.61221875,1,1.940625,engaged
38.285553,0.015354014,37.88831,38.33606,38.63292,0.74460983,63.066853,67.75196,2.4824657,6.7851944,0.70940095,0.62115216,0.36543918,0.490822,1.0952392,0.7298,9.6897,6.8589864,7.603944,4.043328,0.35613248,0.66412663,31.203897,0.12111978,8.426655,0.9834711,-2.8311524,-2.9044085,-6.491533,-1.1678168,0.016520904,1.0794119,1.1147671,0.5138613,8.823555,0.24726506,6.0033946,1.771416,31.336967,0.1920989,659.4774,0.18392482,1373.2305,0.09276073,-109.93852,-0.8522133,1716.4609,0.08148949,1057.308,0.29747212,-109.26532,-0.7983668,2871.418,0.05786621,808.5318,0.21897906,-115.02102,-0.70879096,-16.193918,-0.2423394,29.292088,0.13093296,0.019078473,0.86462826,-0.035083998,-0.2473493,0.5112085,0.46969414,30.161741,0.12507083,6.8432574,1.4886812,-6.9154,-1.2840573,-11.582566,-0.57159233,-16.48951,28.736874,-0.005551801,-0.022360224,0.22156644,3.1847136,2.6845636,0.1775,0.07361216,0.138,0.09108238,-21.577732,11,16-2,45,SPEAKER_02,484.566667,514.866667,496.2572187500001,497.84346875000006,1,1.58625,engaged
35.575783,0.008220878,35.336216,35.48169,35.876305,0.54008865,4.3543053,0.43669513,5.605784,1.6789151,0.67235726,0.6056572,0.3538244,0.45455897,1.2050655,0.8512411,3.0056863,1.9511162,2.0751991,0.0,0.22901969,0.45546532,27.300323,0.18216303,8.065056,1.1055204,-7.6649165,-0.83781314,1.5036502,3.1055841,0.009017443,0.8781511,0.9510573,0.417121,8.458394,0.22117238,0.041659676,134.5864,18.712933,0.4425975,738.5088,0.19499277,1271.377,0.13686484,-115.797005,-0.82497156,1736.9673,0.069939725,993.27875,0.1373817,-119.86821,-0.74647266,2838.3691,0.04566364,793.3725,0.23941422,-124.19898,-0.68311566,-9.567902,-0.6522774,25.982168,0.18742244,0.007251899,1.3195024,-0.019263053,-0.3425076,0.32216534,0.29088974,31.146475,0.15352094,-0.5079996,-13.183944,-9.588979,-0.82232237,-1.5779927,-1.4673887,-14.120661,26.871618,-0.0056255767,-0.019628983,0.17152722,1.2500001,1.3333334,0.32,0.0,0.19999999,0.16,-24.283857,11,16-2,45,SPEAKER_02,484.566667,514.866667,499.32846875,500.13846875,1,0.81,engaged
38.072937,0.02132215,37.390503,38.019024,38.687027,1.296524,142.21284,85.71448,6.683958,9.282003,0.68623096,0.57548225,0.39310017,0.5924037,0.99468374,0.6015836,15.002688,4.6070237,4.7851863,3.5726452,0.38705534,0.5717131,29.515402,0.2999029,5.70711,0.98326635,-5.044185,-1.6454359,-6.5001345,-1.3216232,0.018892061,1.0811357,1.5058522,0.4761556,8.383083,0.21993469,4.023732,2.097182,27.138605,0.6964957,683.07635,0.21960306,1381.9686,0.18135151,-113.86283,-0.78694224,1692.9149,0.11662066,1124.8885,0.29441756,-112.86102,-0.736699,2805.828,0.08341824,868.1966,0.20107318,-118.23325,-0.6619126,-15.170114,-0.18609665,27.50613,0.1781359,0.01987604,0.86958116,-0.030032324,-0.4307951,0.50148827,0.3634606,31.855778,0.13516113,4.6306257,1.4068265,-8.2614155,-1.1463488,-11.235243,-0.83583194,-15.535264,26.206997,0.013779869,-0.014347942,0.3372915,4.2372885,5.3097343,0.08166667,0.039334744,0.07285714,0.053375833,-22.532232,11,16-2,45,SPEAKER_02,484.566667,514.866667,501.45471875,502.6528437500001,1,1.198125,engaged
36.34516,0.019633438,35.698845,36.349125,37.05931,1.360466,0.07959151,0.0,0.0,0.0,0.99851936,0.45840085,0.47243747,1.0843349,1.4548787,0.9824412,3.1131804,5.2203093,3.4664662,0.0,0.33437935,0.3167884,33.096767,0.07263614,2.4229326,3.5238795,-11.49496,-1.039564,-7.548347,-0.7192908,0.008764495,1.3150007,0.8172968,0.6803649,10.113793,0.16109937,-1.2460011,-3.451239,23.548796,0.21383178,717.9178,0.21706146,1491.2092,0.14535104,-54.19227,-1.5084163,1624.4641,0.12760423,1253.6512,0.16965552,-55.86921,-1.3058435,2791.8752,0.07996363,935.1027,0.26837814,-68.53558,-0.9681795,-10.976302,-0.84424365,29.581417,0.20784643,0.013054247,0.8500926,-0.017241854,-0.51158184,0.38973933,0.15539403,33.306267,0.08479725,2.0902085,4.811363,-12.22779,-1.1270736,-8.923166,-0.6223719,-9.156834,28.095272,-0.0007991547,-0.0074835946,0.2513511,2.1739132,2.4390244,0.31,0.0,0.06,0.0,-19.65751,11,16-2,45,SPEAKER_02,484.566667,514.866667,504.42471875,504.89721875,1,0.4725,engaged
40.60589,0.034293856,39.349125,40.93769,41.979774,2.6306496,18.266973,0.0,-24.448256,0.0,1.0236493,0.46826568,0.43638298,1.1239909,1.5258696,1.0894866,7.4245596,0.39697218,-1.8964412,2.938628,0.4710798,0.48110163,33.574844,0.07339113,0.9083647,10.699037,-14.650447,-0.9955566,-6.406157,-0.90635276,0.011838634,0.83187836,0.7180233,0.49090043,10.274341,0.19748223,0.20734483,27.811033,31.419308,0.13113786,814.01044,0.14291248,1430.5876,0.1610978,-66.095215,-1.3063974,1734.0027,0.09527625,1135.4862,0.21433648,-72.339134,-1.1004026,2916.3723,0.06521474,829.695,0.21896242,-84.732765,-0.8449109,-14.487223,-0.5669725,29.925098,0.18504456,0.0044575934,1.9213337,-0.021447238,-0.6197445,0.5116495,0.31364465,33.5374,0.08044713,0.27442452,43.06588,-15.826843,-1.0607324,-9.218942,-0.4376298,-7.268603,28.937513,-0.0024617836,-0.010050604,0.52810806,3.773585,2.0833335,0.32999998,0.0,0.11,0.0,-19.318165,11,16-2,45,SPEAKER_02,484.566667,514.866667,505.77471875,506.31471875000005,1,0.54,engaged
35.656944,0.00865299,35.329327,35.63996,36.010693,0.68136597,6.336703,0.0,-4.485827,5.556661,0.8336376,0.40819523,0.49562246,0.845532,1.1771873,0.68156487,5.657552,0.0,-5.469265,0.0,0.26828155,0.28000996,31.848398,0.0981855,4.5065775,2.561272,-1.4456705,-6.1405888,-3.9993029,-3.0445821,0.015487227,1.09067,1.08596,0.5960797,8.860228,0.18306674,-2.5877094,-2.2033486,21.57383,0.37884477,828.26917,0.048665676,1221.1522,0.076103315,-36.061,-1.7572852,1918.0392,0.06314035,929.0944,0.21767928,-47.093777,-1.2811939,2954.7,0.036960468,743.9614,0.20158,-54.51643,-1.0354666,-13.786525,-0.6153507,24.238739,0.28905693,0.0023598706,4.387393,-0.029113995,-0.34440243,0.2882628,0.1516049,31.085472,0.0948417,4.6120214,2.8815305,-1.7391326,-5.7500744,-6.392948,-2.1168013,-16.783588,31.133217,-0.004927017,-0.018718034,0.13394666,2.9411764,3.5714285,0.22999999,0.0,0.03,0.0,-22.206816,11,16-2,45,SPEAKER_02,484.566667,514.866667,506.68596875,507.04034375,1,0.354375,engaged
35.516376,0.017854758,34.890182,35.42217,36.209587,1.3194046,6.492835,1.2131507,3.5825696,7.746049,0.543855,0.37548044,0.35777712,0.4622537,0.8145094,0.45673227,2.678568,0.60860115,3.5737102,1.8401587,0.24385023,0.37297937,35.3701,0.10495396,11.055786,0.38904038,-3.839979,-2.7252169,-9.904054,-0.77348936,0.012442367,1.0626904,1.1917375,0.45089558,7.8762293,0.15138303,-4.8233647,-0.76692563,27.281723,0.15336345,710.0061,0.2265052,1388.3162,0.13490921,-109.46889,-0.84323555,1729.5751,0.16225822,1283.9775,0.31250536,-115.20588,-0.7326897,2801.3333,0.09531624,1172.2336,0.43696776,-120.44431,-0.6548175,-16.043941,-0.30989075,32.127163,0.14035797,0.0005573194,14.443839,-0.035130505,-0.20147957,0.28247797,0.2832984,37.120846,0.07905289,10.586393,0.4937894,-7.408436,-1.8700796,-16.360224,-0.35056737,-16.776436,32.641968,-0.007880817,-0.024463072,0.21556313,3.9473684,2.8169014,0.16499999,0.044999998,0.32999998,0.0,-25.413843,11,16-2,45,SPEAKER_02,484.566667,514.866667,511.64721875,512.42346875,1,0.77625,engaged
40.31486,0.012958181,39.919342,40.296333,40.852814,0.9334717,8.258599,3.41219,7.3517075,3.68186,0.64300305,0.42879444,0.33581707,0.6233905,0.921375,0.58555794,4.756045,1.7919203,0.43995476,3.637032,0.26343748,0.4701899,28.897833,0.15907624,7.8722987,0.6772225,0.88820803,5.8858266,-20.04964,-0.73275846,0.0120430775,0.86999387,1.0727189,0.40947643,8.415529,0.24180838,7.296099,0.96253145,26.6303,0.21194445,800.2756,0.1395222,1268.4757,0.123470604,-93.80603,-1.0104119,1943.3906,0.106306374,996.6426,0.30552956,-100.71282,-0.854382,2914.9272,0.054087706,847.04065,0.46205923,-101.755325,-0.83671576,-15.860479,-0.39992535,24.170397,0.20883234,-2.4067755e-05,-367.10434,-0.039557487,-0.23104796,0.28926596,0.36386105,26.71382,0.18425141,6.153636,1.1446893,-0.448177,-12.146136,-29.679634,-0.36772433,-17.600601,29.087223,-0.0034832216,-0.027627792,0.21060406,3.2258065,3.4482758,0.14999999,0.042426404,0.175,0.125,-25.050337,11,16-2,45,SPEAKER_01,484.566667,514.866667,486.03096875000006,486.9759687500001,1,0.945,engaged
37.868412,0.029147409,36.73224,37.615334,39.06075,2.3285103,1.012675,0.0,10.264156,0.0,0.646118,0.31963003,0.41393137,0.6665999,0.8597361,0.44580472,1.8632513,1.8487897,1.8840487,0.0,0.224031,0.27184615,33.550095,0.09816282,6.4734583,0.3399337,-18.731098,-0.49453598,-22.474157,-0.58410907,0.006419344,0.4003497,1.4353459,0.5823917,7.786826,0.349872,-2.8971174,-1.7004982,35.781578,0.1573002,696.576,0.32643458,1325.8906,0.12564577,-54.471737,-1.6843125,1656.3169,0.18868771,1450.9419,0.22470576,-62.63362,-1.2820063,2771.9324,0.09608829,1133.4393,0.28729135,-72.70866,-1.0234685,-12.336328,-0.24331479,34.346565,0.06807298,0.015517825,0.8493279,-0.037126224,-0.2810282,0.25516045,0.17594188,34.209846,0.05539591,6.092027,0.33776596,-24.10918,-0.26155174,-29.851389,-0.31921515,-14.6111965,27.296299,0.008276455,-0.019990282,0.1792801,1.8867925,2.0833335,0.34,0.0,0.055,0.024999999,-24.791826,11,16-2,45,SPEAKER_01,484.566667,514.866667,494.55284375,495.09284375,1,0.54,engaged
41.10539,0.07760444,37.591454,42.062443,44.241203,6.6497498,30.953217,0.0,-21.34262,0.0,0.71468264,0.5282841,0.3845981,0.5834785,0.9912955,0.60669744,6.979411,3.756141,6.78604,4.3449883,0.31367856,0.5685761,26.015684,0.22868913,10.816516,1.0151777,-1.9692365,-3.4226048,-24.557983,-0.6319003,0.015260231,0.7137564,1.1693636,0.53000885,8.192695,0.31620857,11.435327,0.83503795,30.100138,0.16587554,712.8748,0.22479987,1394.2744,0.09978386,-90.97212,-1.0464472,1760.577,0.16035037,1315.1978,0.25743458,-96.570206,-0.8754354,2811.2822,0.073895544,915.17926,0.28283665,-98.063034,-0.84966433,-15.45594,-0.39999974,23.787563,0.18851182,0.0064472225,1.6482276,-0.03641037,-0.3772684,0.37397945,0.51053816,22.30007,0.20105353,10.556381,1.2948227,-1.9600346,-4.006224,-35.047516,-0.30833834,-17.262695,28.575645,-0.004519508,-0.029882567,0.2579373,3.478261,3.6363635,0.1475,0.061796036,0.1025,0.06259992,-23.53537,11,16-2,45,SPEAKER_01,484.566667,514.866667,509.68971875000005,510.85409375000006,1,1.164375,engaged
36.604618,0.17981283,37.961853,38.73142,39.564465,1.6026115,10.472362,0.0,63.973083,0.0,0.5335758,0.27239105,0.39514405,0.509658,0.63941944,0.24427539,3.0223286,1.4825779,2.764293,1.6193713,0.28036255,0.39763814,34.26883,0.07783805,12.888894,0.4669596,3.0595927,1.5242913,-6.3721876,-1.1187239,0.020142049,0.6966881,1.5314475,0.49545473,8.227027,0.3677209,7.82004,1.2909896,32.430054,0.1944409,827.9152,0.15723789,1274.9049,0.12417983,-105.88117,-0.81749386,1924.4854,0.09212517,1056.0459,0.24677138,-110.76626,-0.7029824,3034.9475,0.053221595,893.12427,0.18977074,-113.846596,-0.6573576,-23.045322,-0.13490714,33.45228,0.16380647,0.004184572,3.1049025,-0.03238776,-0.3471977,0.32840598,0.3914744,35.660355,0.055528566,16.0968,0.24419087,4.104781,1.1733782,-9.480541,-0.8547737,-16.46231,25.454758,0.0018988235,-0.021999272,0.244214,5.0632915,4.166667,0.12,0.07788881,0.145,0.005,-24.033468,11,16-2,45,SPEAKER_01,484.566667,514.866667,514.0603437500001,514.866667,1,0.8063125,engaged
32.074707,0.27048218,24.173107,36.021065,38.010483,13.837376,2004.8776,0.0,177.48747,132.46669,0.41730413,0.44557554,0.36175877,0.42672586,0.5348475,0.17308873,1.7949411,1.3087971,-0.55299324,1.6773448,0.20106429,0.40449786,25.348463,0.38001135,9.42216,0.9324488,-6.549582,-1.5551435,-1.7322874,-3.2254245,0.00829104,0.19576311,1.0757935,0.14719923,3.3184085,0.46323133,0.5753276,25.694506,-34.36011,-2.3312292,593.5842,0.20076302,1421.5188,0.122515984,-171.43848,-0.3468963,1601.8381,0.17633079,1126.6709,0.16454703,-170.05852,-0.36029467,2751.2927,0.13363594,933.15674,0.31595555,-172.0159,-0.3307869,-13.924298,-0.38743594,25.723352,0.20995149,0.030699622,1.584657,0.0014209755,26.686466,0.25146025,0.2166712,27.688679,0.11560691,7.4997277,1.5342389,-13.534309,-0.6779098,-3.9363084,-2.3134465,-14.39798,27.368088,0.014641953,-0.010305323,0.22184783,2.8985507,4.6875,0.03333333,0.012472192,0.1175,0.07258616,-30.39175,11,16-2,46,SPEAKER_01,514.9,515.6,514.9,515.6,1,0.7,disengaged
32.74128,0.26181296,17.649118,37.905094,38.234966,20.585848,308.95285,57.178436,108.645515,0.0,0.4402851,0.20431273,0.36095124,0.41660714,0.5216809,0.16072965,2.8356872,1.4545068,1.5920837,0.8512526,0.21131694,0.28556803,30.015877,0.19594677,12.143622,0.48823357,-3.7450428,-2.0137944,-4.352978,-1.8220187,0.018678976,0.554204,1.4360733,0.3083861,4.194941,0.4822072,7.224077,2.1338453,34.821835,0.19132453,584.6583,0.35148612,1442.0924,0.088017985,-177.92946,-0.32385758,1562.8496,0.14602384,1191.3899,0.09541095,-170.531,-0.36555573,2745.357,0.088354774,975.0307,0.18700886,-172.57872,-0.33688295,-17.296053,-0.30015975,32.409637,0.12676089,0.011771642,0.97917944,-0.021606805,-0.38354108,0.24402411,0.16211787,34.94883,0.09040757,11.44356,0.45008788,-2.8635926,-3.4721713,-10.274523,-0.6352363,-15.030464,27.150537,-0.0014636056,-0.020287594,0.20697802,4.694836,2.4038463,0.06,0.06542171,0.27833334,0.12171232,-30.142117,11,16-2,47,SPEAKER_01,515.633333,519.4,517.23284375,519.3759687500001,1,2.143125,engaged
38.346798,0.03343358,37.489185,37.82119,39.847927,2.3587418,71.314125,27.28661,21.570906,0.0,0.44729888,0.45183122,0.3432035,0.37379545,0.4916769,0.14847338,3.4692745,3.119684,0.32463282,1.6804582,0.22487432,0.6953064,28.371763,0.16774552,10.139773,0.81445396,-6.2410603,-1.4880626,0.2400764,22.65032,0.02151369,0.48298848,1.4012295,0.5090252,5.212702,0.47339982,4.943683,1.5896292,27.998302,0.28134137,678.9956,0.21270764,1465.9291,0.10142081,-179.70883,-0.31824252,1675.2158,0.14535294,1336.4574,0.19423832,-177.32938,-0.32606885,2722.7773,0.10693096,1492.3114,0.62686867,-179.35869,-0.2943021,-14.204795,-0.47329247,30.21794,0.12998478,0.005610537,1.8866587,-0.019474981,-0.4367973,0.41058144,0.436879,33.49311,0.12724711,7.0430293,1.2256922,-12.747792,-0.8855272,-4.8893404,-0.7228353,-14.462459,27.393267,-0.008631143,-0.016638286,0.17996745,2.3809526,1.9607843,0.055,0.026925823,0.435,0.2524381,-28.911795,11,16-2,48,SPEAKER_01,519.433333,521.833333,519.71346875,521.833333,1,2.119875,disengaged
36.4279,0.00072506274,36.40814,36.434196,36.45018,0.04204178,0.0,0.0,-0.017066956,0.0,0.3997313,0.23080985,0.32352248,0.3788191,0.45798448,0.134462,3.389955,2.7365177,1.9206259,1.2089967,0.19976941,0.35843876,30.047749,0.1807045,9.945328,0.7315765,-4.1272707,-1.5763408,-0.07328377,-114.522896,0.023378642,0.09484888,2.3668506,0.02091568,1.1032184,0.26993078,-1.6211481,-0.82681304,31.039207,0.05927993,519.60846,0.11194135,1479.694,0.049511794,-178.94026,-0.3070502,1387.0386,0.042553626,1283.9296,0.07449974,-180.22133,-0.286803,2370.0115,0.032082748,1331.4495,0.15376909,-182.36348,-0.25431204,-14.4887085,-0.10054109,31.427172,0.05480626,0.009919053,0.8874377,-0.022361625,-0.13716923,0.404235,0.060617466,37.41477,0.013946873,5.762988,0.37489465,-15.176518,-0.11400101,-11.7867565,-0.08495575,-14.805936,26.346119,-0.0049464633,-0.015807373,0.18544842,2.3809524,2.7027028,0.03,0.0,0.155,0.065,-31.827723,11,16-2,49,SPEAKER_01,521.866667,522.3,521.866667,522.3,1,0.4333125,engaged
37.245792,0.00499302,37.089424,37.167824,37.400692,0.31126785,0.0,0.0,-0.054985426,0.0,0.52221286,0.22586744,0.38138452,0.5720274,0.63543737,0.25405285,3.9262989,4.2576466,2.1114268,0.5262414,0.2396075,0.39278036,31.939835,0.098051414,7.800256,0.9389816,-12.260224,-0.4746352,-9.937736,-0.8940569,0.007574369,0.47904932,0.94973284,0.19095366,4.1820593,0.36086822,-10.946843,-0.37983352,17.645958,0.14401613,674.8959,0.24208388,1486.9889,0.08963022,-111.454544,-0.8644723,1672.8799,0.20323823,1555.4319,0.20191796,-107.31852,-0.7863134,2730.112,0.088698074,1096.8564,0.11506985,-111.60502,-0.72715896,-11.726049,-0.19967873,28.811935,0.06019047,-0.007078627,-1.1944666,-0.028764483,-0.2018908,0.24768905,0.34710574,33.26618,0.028095242,1.7432755,2.0473776,-18.419329,-0.04059785,-15.767883,-0.22938691,-16.870117,28.445404,-0.0024973198,-0.02940911,0.27988052,8.0,5.0000005,0.089999996,0.0,0.04,0.02,-28.714638,11,16-2,50,SPEAKER_01,522.333333,526.966667,522.333333,522.5990937500001,1,0.26575,disengaged
43.407394,0.06505031,40.86732,42.618053,45.974194,5.1068726,-15.142695,0.0,25.061438,0.0,1.0892075,0.47719797,0.5057965,1.1942706,1.4569762,0.9511797,13.664152,3.6881087,5.8730955,3.9346297,0.6476413,0.66695994,24.257887,0.21665746,-7.1446447,-1.3434635,-21.589806,-0.40013146,-2.7642415,-3.0852923,0.014544619,0.8672276,1.4006237,0.7971518,7.791153,0.35521454,-5.187769,-1.7225099,21.064272,0.44122747,688.5951,0.19958398,1395.2305,0.12455799,-94.06918,-1.0435501,1612.6277,0.13313763,1226.8987,0.21729423,-76.57315,-1.1701121,2703.7505,0.12005762,993.61475,0.22598916,-86.50205,-0.95117193,-0.4241561,-18.758553,24.416578,0.2099326,0.0027536594,6.003601,-0.008985743,-1.616827,0.830385,0.52264786,22.33486,0.23944415,-11.538378,-0.7795735,-25.641268,-0.1958909,-3.775106,-2.5592086,-6.989458,23.719818,-0.0023493627,-0.016313357,0.3796054,5.681818,4.878049,0.1175,0.05018715,0.089999996,0.008164966,-19.457266,11,16-2,50,SPEAKER_01,522.333333,526.966667,523.4765937500001,524.37096875,1,0.894375,disengaged
38.86334,0.106105275,34.584602,39.005127,42.99878,8.414177,0.0,0.0,-0.59442055,0.0,0.55582905,0.33192858,0.39346853,0.4716456,0.68160987,0.28814134,1.5536678,0.995645,0.1060702,2.1843226,0.22661012,0.27572262,26.936382,0.2236091,9.388657,1.0665252,-12.2240925,-0.68291795,-0.99117607,-9.088843,0.022273567,0.37791398,1.2260939,0.2760228,2.887228,0.35611695,-3.231019,-1.3969569,28.212265,0.13430317,836.43713,0.10193976,1371.9998,0.10420714,-138.41193,-0.6520639,1891.6063,0.12320301,1135.3495,0.1856585,-140.18811,-0.60785955,3007.7039,0.06836618,1132.0795,0.30739132,-145.34169,-0.5360314,-7.462257,-0.5857661,23.095078,0.185428,0.003994416,2.2236905,-0.019756163,-0.58743507,0.28128338,0.27612913,29.395334,0.16557474,-0.90308917,-5.7849903,-18.510517,-0.3553262,-10.835075,-0.54434943,-14.079933,27.888927,-2.2079712e-05,-0.015213545,0.20718762,4.0816326,4.5454545,0.06,0.0,0.29,0.0,-28.709764,11,16-2,50,SPEAKER_01,522.333333,526.966667,524.7590937500001,525.26534375,1,0.50625,disengaged
0.0,0.0,0.0,0.0,0.0,0.0,0.0,0.0,0.0,0.0,0.43986294,0.080484286,0.4099774,0.45190984,0.4697962,0.059818804,0.57224727,1.3032908,0.9183973,0.0,0.16138218,0.2357381,20.616415,0.123422585,19.079756,0.22810945,-8.284311,-0.212195,0.6195775,4.0079536,0.0,0.0,0.0,0.0,0.0,0.0,0.0,0.0,0.0,0.0,0.0,0.0,0.0,0.0,-201.0,0.0,0.0,0.0,0.0,0.0,-201.0,0.0,0.0,0.0,0.0,0.0,-201.0,0.0,0.0,0.0,0.0,0.0,0.0,0.0,0.0,0.0,0.0,0.0,0.0,0.0,0.0,0.0,0.0,0.0,0.0,0.0,-14.819863,22.768307,-0.0013739915,-0.02923918,0.16562594,8.333334,0.0,0.0,0.0,0.06,0.0,-32.954494,11,16-2,50,SPEAKER_01,522.333333,526.966667,526.4465937500001,526.5815937500001,1,0.135,disengaged
37.17954,0.028846199,36.152893,36.8635,38.792004,2.6391106,13.690987,7.587215,18.00276,0.0,0.42027977,0.3850147,0.34084642,0.3996621,0.5447694,0.20392299,2.2817042,1.5345752,2.3592083,0.21965912,0.22484335,0.46436492,30.478487,0.27963084,9.918248,0.58631,-2.7524107,-3.032106,-7.522911,-1.0345923,0.026102414,0.91521806,1.4042093,0.33898598,5.947558,0.3564185,-1.8995512,-7.581355,27.17163,0.31094706,658.07587,0.23304275,1404.0901,0.13706936,-150.12067,-0.5238941,1630.3053,0.16853897,1156.2966,0.17124848,-150.30475,-0.49073035,2710.6628,0.10592682,1229.835,0.7394099,-153.46486,-0.4484176,-18.426176,-0.23103398,29.555586,0.20070712,0.0016366928,6.819229,-0.03116409,-0.16483423,0.29867145,0.29210016,34.619667,0.059517972,9.116294,0.9079622,-6.967601,-1.6465989,-12.514261,-0.49452,-17.116274,28.387901,0.011968554,-0.015766602,0.2190475,4.2016807,4.385965,0.054,0.030066589,0.12666667,0.07845735,-28.949303,11,16-2,51,SPEAKER_01,527.0,528.5,527.2903437500001,528.5,1,1.2096875,engaged
37.908413,0.042683154,36.954975,37.77207,39.41946,2.4644852,59.104465,34.833664,24.336079,2.1301012,0.4464301,0.28193736,0.34584796,0.40976715,0.5183554,0.17250746,2.6916215,1.7540917,2.2310855,1.4720969,0.23627493,0.39605635,32.60389,0.11106304,12.69924,0.46781242,-0.6072368,-14.737339,-5.3853917,-1.2923954,0.018876879,0.71972096,1.2155361,0.3185826,8.472293,0.41233143,7.771937,1.6907644,31.38458,0.34496582,745.1127,0.30616212,1420.2649,0.07709771,-170.07692,-0.3706303,1768.0092,0.19502105,1287.7316,0.19298743,-168.88007,-0.3732718,2878.8037,0.10938525,1069.9751,0.20529369,-171.0183,-0.34222776,-19.903,-0.45541233,35.028774,0.19950925,0.0040032244,2.9401526,-0.02484422,-0.40759915,0.2973517,0.38718742,34.771706,0.07433742,13.404124,0.7804884,-3.7150323,-4.0530324,-9.77924,-0.7697903,-17.98992,30.357885,-0.0001532912,-0.024408009,0.22749917,3.7234042,2.1857924,0.074999996,0.041533116,0.288,0.09282241,-26.41789,11,16-2,52,SPEAKER_01,528.533333,531.1,528.533333,530.42909375,1,1.89575,disengaged
37.556377,0.010607587,37.23722,37.464005,37.90135,0.66412735,0.10989157,0.0,0.0,0.0,0.5748266,0.25310832,0.4469714,0.5499726,0.7246125,0.2776411,4.2150373,1.3858614,3.7899525,0.0,0.28531894,0.33185288,36.093678,0.05483775,13.454283,0.25886598,3.6110609,2.0235822,-5.786781,-1.7644943,0.018720934,0.28854066,1.1770191,0.43055597,8.438216,0.13302748,27.367344,0.0885482,41.66826,0.061136127,454.13864,0.23780634,1454.287,0.087650396,-140.48756,-0.6407873,1461.699,0.09781217,1202.9274,0.06367956,-108.383484,-0.78898245,2670.1213,0.05862084,926.79877,0.16990316,-116.038216,-0.6729311,-22.802204,-0.11695038,37.630363,0.03255049,0.030198058,0.39637983,-0.021839747,-0.22201657,0.32240263,0.2450459,35.672886,0.050600722,15.883666,0.23365499,5.541893,1.3543537,-12.030737,-0.25701588,-19.149752,33.246586,-0.0011488893,-0.008548277,0.21234201,3.448276,4.3478265,0.11,0.0,0.099999994,0.0,-23.225323,11,16-2,54,SPEAKER_02,531.7,533.333333,533.0278437500001,533.333333,1,0.3055,disengaged
37.361427,0.013336372,36.81893,37.423,37.86417,1.0452385,0.0,0.0,-0.18615177,0.0,0.5261995,0.47719705,0.34801948,0.38930845,0.8454942,0.49747473,1.1916262,0.9045809,3.4290576,0.0,0.2224627,0.4715772,26.343945,0.19631359,8.527379,0.72654325,4.0116005,1.6114422,-4.8237286,-0.9862897,0.004269183,0.29978195,1.1408558,0.31074506,7.9858494,0.24632667,10.376089,0.112654574,18.508812,0.07690447,476.3039,0.15190285,1616.5433,0.083075464,-170.27821,-0.4048738,1508.0732,0.12268323,1886.6189,0.30277887,-162.74417,-0.44310832,2324.6125,0.08625367,1354.8601,0.34827146,-162.20708,-0.4506873,-13.6864805,-0.12370336,16.945366,0.14316416,0.03390609,0.3811503,-0.02813012,-0.22173248,0.34007964,0.19206111,26.692335,0.0927916,-1.42598,-0.12732548,9.805345,0.1104526,-12.000406,-0.22379991,-15.444225,22.618801,0.009544947,-0.02282097,0.2172359,2.5641026,2.9411764,0.06,0.0,0.26,0.0,-27.292536,11,16-2,55,SPEAKER_02,533.366667,537.533333,533.366667,533.7703437499999,1,0.4036875,engaged
48.66307,0.047568336,47.026886,47.48074,51.545254,4.518368,-10.918184,0.0,92.1339,0.0,0.6605408,0.4246608,0.39914104,0.6130094,0.9406009,0.5414598,2.8283215,0.95492697,8.843752,1.3506374,0.38556698,0.81064963,23.079004,0.27080706,14.980779,0.34870315,-4.932627,-1.0082679,-16.657236,-0.5951976,0.029385705,0.69620216,1.0635403,0.50045377,12.520873,0.17427115,14.942316,0.26248488,20.808851,0.13150223,818.33984,0.26033655,1274.744,0.074410506,-146.65201,-0.52515036,1865.2938,0.14209327,1162.9829,0.08685218,-137.46451,-0.54898494,2862.3047,0.10196767,1133.2273,0.16158342,-140.0683,-0.5146479,-18.845345,-0.16777557,28.089382,0.20524123,0.032507982,0.9797885,-0.027931992,-0.44402573,0.4949249,0.57499623,20.92197,0.20396194,12.6396,0.49385357,-8.768889,-0.38657504,-21.627626,-0.3828472,-16.911718,24.520195,0.004633537,-0.029678408,0.35815445,3.773585,4.166667,0.08,0.03,0.089999996,0.024494898,-21.322523,11,16-2,55,SPEAKER_02,533.366667,537.533333,536.1497187500001,536.6897187500001,1,0.54,engaged
37.586,0.10021466,33.645473,38.502766,41.29053,7.6450577,9.130405,10.433576,48.786407,0.0,0.49066177,0.3919772,0.35800904,0.5002856,0.6785304,0.32052135,4.4838176,2.228098,2.2267191,0.8465926,0.22988789,0.41563088,30.6529,0.28205597,8.07684,0.7092746,2.903785,2.4348302,-5.878739,-1.1536658,0.025765376,0.9253014,1.2612056,0.35370138,7.2774453,0.36056158,8.210232,0.7957571,26.509823,0.3032578,785.8525,0.2008067,1344.7146,0.15721272,-130.79665,-0.6603777,1818.2877,0.09316805,1082.4149,0.14453821,-131.62254,-0.61455065,2875.7942,0.06258206,829.3672,0.3155073,-134.04993,-0.58209807,-17.939651,-0.27471626,29.587055,0.21670787,0.0070904987,1.5507807,-0.023740828,-0.38032123,0.28215566,0.2492482,34.086735,0.12145207,7.9913096,0.87650746,3.722734,2.6898985,-7.6882234,-1.1565584,-16.320591,26.9586,0.011498084,-0.01201437,0.21905965,3.787879,2.3622048,0.16,0.07788881,0.17999999,0.09874208,-26.310747,11,16-2,56,SPEAKER_02,537.566667,542.7,539.96346875,541.29659375,1,1.333125,disengaged
35.774204,0.04745501,34.12116,36.397945,37.27267,3.1515121,-0.5570326,3.5872416,18.8312,0.0,0.8761217,0.30348614,0.63765,0.8574053,1.1568136,0.5191636,5.0463524,0.46067548,2.3539233,1.2562358,0.33501336,0.35438606,37.403072,0.06459331,8.619527,0.6694999,-0.66504043,-11.17819,-12.342471,-0.7628654,0.011600583,0.74235636,0.92741466,0.34481266,9.777745,0.22030827,8.500995,0.5815854,34.109776,0.12904374,731.8758,0.2633122,1411.2996,0.16547775,-21.015268,-1.9887251,1777.5913,0.14297192,1148.8754,0.20606737,-34.304634,-1.0834666,2994.5962,0.0821706,939.64075,0.33458418,-44.381714,-0.78278303,-18.426527,-0.25028777,33.320057,0.13810387,0.022940403,0.67385906,-0.023948653,-0.41197383,0.35120794,0.32195446,37.616768,0.06445238,8.538346,0.69701594,-0.19467093,-38.8918,-12.26403,-0.7670256,-17.618443,31.383461,0.0017949052,-0.019321881,0.19248277,4.62963,0.98039216,0.96,0.0,0.04,0.0,-19.466948,11,16-2,56,SPEAKER_02,537.566667,542.7,541.6003437500001,542.7,1,1.0996875,disengaged
32.715115,0.13365425,33.130856,34.34819,35.163837,2.0329819,594.40454,584.7637,-30.893314,76.68837,0.43815592,0.21633057,0.34903455,0.42073628,0.51699334,0.1679588,1.9984635,0.9013168,1.5626822,0.8501412,0.2149001,0.265508,35.198177,0.09177916,13.313568,0.3840035,4.8938146,1.0767239,-3.609046,-1.2655536,0.03501428,1.2767534,1.2387009,0.5597802,6.3581367,0.4525728,11.778926,0.48982304,38.51532,0.08379277,650.83325,0.16261886,1551.2426,0.09113442,-135.15044,-0.60875404,1712.2628,0.09539338,1230.1499,0.18555772,-139.92195,-0.5337165,2883.5852,0.070110805,976.7746,0.270254,-142.78796,-0.49862403,-23.91039,-0.117408365,36.465427,0.069623694,0.010320275,0.9512386,-0.025379086,-0.24495526,0.25256103,0.2266361,38.175518,0.039966293,17.8935,0.19559751,7.6218505,0.7955191,-7.3025336,-0.61287695,-18.420895,30.227564,0.004132065,-0.02110792,0.19993252,4.6153846,4.0,0.08,0.08074652,0.146,0.07787169,-26.844786,11,16-2,57,SPEAKER_02,542.733333,551.233333,542.733333,544.04721875,1,1.313875,engaged
35.616127,0.0013361536,35.58532,35.625824,35.655464,0.07014465,4.9704075,3.8217068,-1.6922315,2.3222575,0.4523888,0.19097185,0.3957909,0.42851567,0.51272064,0.11692974,1.8036057,0.6904665,2.255326,0.4516156,0.22385727,0.29866955,35.03824,0.07394735,13.096806,0.24365257,-1.374011,-3.2145555,-9.0075445,-0.6709107,0.020533524,0.78719527,0.9509118,0.29624194,5.712968,0.22175206,4.3535743,0.936353,37.92769,0.08053577,642.23315,0.22772428,1576.2211,0.060675293,-137.21565,-0.61630595,1572.3315,0.12396777,1490.7759,0.116722055,-143.81917,-0.52814054,2716.551,0.07187226,1046.8384,0.15714149,-147.12854,-0.48743138,-19.382261,-0.07528617,34.34575,0.0651549,0.023144286,0.4214467,-0.029706512,-0.16259369,0.2539317,0.14487015,36.68316,0.024527086,11.827261,0.28673056,-4.999212,-1.1270723,-14.317803,-0.27163643,-18.55351,30.736845,0.0053025614,-0.026577065,0.2232329,5.769231,4.255319,0.065,0.035,0.09666667,0.020548046,-28.607462,11,16-2,57,SPEAKER_01,542.733333,551.233333,550.69596875,551.233333,1,0.537375,engaged
37.412724,0.05693827,35.7068,35.931206,40.355316,4.6485176,14.1599655,0.0,11.047037,19.560762,0.43290052,0.2782539,0.34256613,0.39559558,0.4968627,0.15429658,2.929818,2.1731894,2.3318985,1.1876091,0.22680849,0.3635831,32.866207,0.09006465,12.344908,0.37030897,-2.2241316,-2.9675741,-7.80085,-0.88693255,0.03581274,0.6680829,1.8217386,0.46301326,6.655694,0.3263545,0.34627408,27.812603,31.603598,0.15183648,697.696,0.23357278,1362.4165,0.10455597,-178.72087,-0.3174413,1728.5748,0.16847469,1155.1733,0.10972037,-178.93718,-0.2965105,2869.9597,0.07315157,961.50055,0.13866551,-180.28688,-0.27555045,-19.221212,-0.29529852,34.452244,0.11676451,0.018138003,0.7167434,-0.027652945,-0.3005563,0.32952282,0.23114884,34.468613,0.09638507,14.73559,0.47330403,-8.181511,-1.2932534,-16.868938,-0.4919375,-17.411606,29.427725,0.0033678743,-0.021725839,0.21564454,3.7037036,2.1739132,0.0475,0.023848481,0.312,0.33641642,-28.878302,11,16-2,58,SPEAKER_01,551.266667,561.9,551.266667,553.1765937499999,1,1.9099375,disengaged
30.978037,0.28470582,18.181845,35.71284,37.097046,18.915201,270.25122,197.33853,155.94196,200.60881,0.44242397,0.24958833,0.35648972,0.40982485,0.51642543,0.15993571,2.5118675,1.5436037,1.6220915,0.95621306,0.21327639,0.32405606,31.503962,0.15095605,13.619138,0.5176952,-2.4439025,-3.2500873,-6.416218,-1.1660198,0.02766536,2.4028673,1.3446196,0.43466255,4.009983,0.74482065,-7.897943,-3.4458654,21.54095,1.1033882,719.7598,0.2228616,1405.2156,0.10087808,-146.37332,-0.55818456,1766.7762,0.15181965,1221.9838,0.1918373,-148.12987,-0.5167643,2862.1726,0.08912055,1060.4382,0.24056536,-150.80754,-0.48035088,-18.062742,-0.40490803,31.591396,0.19718875,0.00762038,1.5702964,-0.027901977,-0.36683017,0.25712115,0.24716997,34.342106,0.09459582,12.19465,0.81642795,-4.8656163,-2.355111,-11.433724,-0.63634133,-17.233583,28.395184,-0.00043899412,-0.02237136,0.194859,3.8271608,3.1094527,0.08479999,0.05859146,0.20807691,0.2088249,-28.235891,11,16-2,58,SPEAKER_01,551.266667,561.9,553.78409375,561.9,1,8.1159375,disengaged
35.898514,0.0006405094,35.877857,35.8974,35.91719,0.039333344,0.0,0.0,-0.011428833,0.0,0.40965363,0.3633034,0.3183,0.3437802,0.4378598,0.119559795,0.4974693,0.0,1.3770096,0.0,0.17756005,0.24761143,32.772346,0.06610612,8.650237,0.5825475,-4.026062,-2.5593495,-6.176737,-0.76075816,0.006886599,0.76733124,1.4138355,0.11584172,5.9621716,0.14556369,-7.6512313,-0.032078795,26.21837,0.06420074,522.0157,0.17617744,1539.4504,0.084604755,-178.49731,-0.33339924,1352.6359,0.07520079,1177.3065,0.045232695,-169.74348,-0.40918985,2620.2683,0.032138687,953.14136,0.06399421,-173.6488,-0.3478658,-3.4558423,-1.3543609,29.39978,0.063123524,-0.00048299602,-15.409589,-0.015682008,-0.34723073,0.28942388,0.19217676,34.372128,0.056380767,-2.2756898,-0.98427415,-25.846638,-0.15315509,-11.226864,-0.29068345,-15.26225,26.834873,-0.0050865826,-0.020778952,0.17487934,0.0,2.631579,0.049999997,0.0,0.31,0.0,-31.137014,11,16-2,59,SPEAKER_01,561.933333,582.1,561.933333,562.37346875,1,0.440125,engaged
35.17978,0.18715191,36.035202,37.0596,39.08276,3.0475578,160.79683,173.37079,119.192604,80.76033,0.44550768,0.30707398,0.3306813,0.39089087,0.5842082,0.2535269,2.8966382,1.9487745,2.3965213,2.0892882,0.23567711,0.42586413,32.30104,0.11848887,14.339682,0.39637697,-2.6857786,-3.161799,-9.734053,-0.90215594,0.02124676,0.9389171,1.2678386,0.39731327,5.9916053,0.5800255,-3.4382534,-5.6436563,28.155743,0.5933481,702.5858,0.23581474,1407.4431,0.13284275,-153.76883,-0.50044256,1719.272,0.15861598,1274.4172,0.26434904,-154.45844,-0.46867853,2852.7478,0.09302631,999.62134,0.2418737,-157.24788,-0.4316531,-19.126211,-0.35980767,33.08593,0.17986645,0.004902412,3.0983298,-0.031042546,-0.3501356,0.31301716,0.37442657,34.71246,0.05799075,12.781468,0.6444726,-6.342309,-1.8366765,-15.729529,-0.57548356,-17.760168,30.296751,-0.0004379861,-0.025364872,0.21162002,3.9274926,3.0674846,0.076,0.03611094,0.20818181,0.16308492,-27.353834,11,16-2,59,SPEAKER_01,561.933333,582.1,562.64346875,565.9678437499999,1,3.324375,engaged
38.534176,0.023821633,37.49915,38.54834,39.14192,1.6427689,4.8714657,5.4310293,7.808594,3.6211655,0.4441749,0.27906165,0.32882017,0.41333705,0.5494233,0.22060311,1.4593894,0.5057004,0.27034578,0.3800686,0.18740882,0.22279695,33.44477,0.08739692,12.99311,0.18888561,-5.0971055,-1.1373593,-17.073803,-0.5642563,0.012727776,0.61627936,1.1080129,0.37920615,6.087522,0.37849495,1.3939497,4.131159,34.87585,0.08862688,766.10443,0.12513147,1261.7456,0.12943125,-133.15085,-0.71668935,1833.8645,0.076528855,1090.7106,0.2073698,-139.04144,-0.6023711,2986.3142,0.04896154,740.21423,0.48018637,-141.41008,-0.57032865,-20.56914,-0.102247864,31.639864,0.097136036,0.013589472,0.9808224,-0.042293318,-0.15032566,0.20340133,0.20490836,33.81673,0.057016358,12.729437,0.22226171,-9.46055,-0.44794226,-27.382805,-0.19397134,-18.09359,31.223682,-0.0026472202,-0.027141301,0.17929836,1.6736403,1.2684989,0.26,0.26463813,0.4342857,0.2854499,-29.03177,11,16-2,59,SPEAKER_01,561.933333,582.1,566.71034375,571.50284375,1,4.7925,engaged
37.72829,0.008412651,37.522076,37.649036,37.81486,0.29278564,1.6502925,0.57458436,2.8471146,0.53793514,0.56903934,0.22709501,0.44604167,0.59606874,0.6534497,0.20740804,1.4563308,1.3120935,1.2318904,0.55069625,0.2015455,0.22240622,33.798115,0.050663337,10.943371,0.23898788,-12.898037,-0.50977004,-23.64742,-0.38271287,0.008141217,0.3652899,1.2239838,0.2728688,7.2685714,0.16836752,-10.05724,-0.23565502,30.211712,0.10095315,693.2618,0.1104626,1309.617,0.056290302,-31.687199,-2.5867066,1734.9647,0.056794632,1133.6158,0.12921032,-51.97949,-1.3770478,2957.3657,0.04195088,715.3956,0.21349795,-61.67817,-1.0863492,-19.96289,-0.08507324,34.28505,0.034252383,0.011785316,0.88135004,-0.039288405,-0.13466167,0.21319821,0.21185385,33.773354,0.05445444,10.181042,0.24159403,-15.936432,-0.15644726,-27.910025,-0.1359523,-19.034668,32.211864,-0.0028712812,-0.0265196,0.17004475,2.1978023,1.1627908,0.68,0.0,0.074999996,0.005,-26.139147,11,16-2,59,SPEAKER_01,561.933333,582.1,571.89096875,572.8190937500001,1,0.928125,engaged
40.384323,0.0258761,39.342113,40.320827,41.530193,2.1880798,32.19922,5.110861,0.98938274,16.343027,0.57105505,0.28488544,0.42674372,0.54717535,0.6941101,0.26736638,4.4932356,2.4069953,4.0060496,1.4976672,0.32757297,0.50288963,28.92161,0.21173756,16.561832,0.32904178,-0.53118634,-14.909282,0.05120452,156.58012,0.02453036,0.6076458,1.4417121,0.5591317,9.456521,0.17579901,12.021337,0.78554225,29.173964,0.28912213,816.34436,0.22809626,1343.1661,0.17106888,-117.508766,-0.7044133,1950.819,0.11941853,1110.2864,0.24683367,-119.11321,-0.6380345,2992.3877,0.08796682,944.2344,0.19114561,-122.56514,-0.5951616,-20.85327,-0.210765,32.257774,0.23107925,0.0111668585,1.322873,-0.027758893,-0.30794516,0.40865403,0.4235497,29.895811,0.2082785,15.713869,0.34920907,-0.42732483,-18.261374,-3.612189,-1.7354947,-17.814081,28.075237,0.0024307098,-0.020615686,0.2484951,5.4054055,4.347826,0.103333324,0.07717224,0.099999994,0.045460604,-23.502909,11,16-2,60,SPEAKER_01,582.133333,596.666667,582.2690937500001,583.02846875,1,0.759375,disengaged
0.0,0.0,0.0,0.0,0.0,0.0,0.0,0.0,0.0,0.0,0.3796688,0.23624463,0.320024,0.3468033,0.39749685,0.077472836,1.8522927,0.52101696,-1.1254038,2.1474776,0.18920524,0.35213625,31.990425,0.043868203,10.700431,0.21493126,-0.35203475,-8.610384,-7.863964,-0.7935991,0.0,0.0,0.0,0.0,0.0,0.0,0.0,0.0,0.0,0.0,0.0,0.0,0.0,0.0,-201.0,0.0,0.0,0.0,0.0,0.0,-201.0,0.0,0.0,0.0,0.0,0.0,-201.0,0.0,0.0,0.0,0.0,0.0,0.0,0.0,0.0,0.0,0.0,0.0,0.0,0.0,0.0,0.0,0.0,0.0,0.0,0.0,-16.340923,28.769354,0.0011943498,-0.023127943,0.16875498,3.7037039,0.0,0.0,0.0,0.45,0.0,-31.410183,11,16-2,60,SPEAKER_01,582.133333,596.666667,583.72034375,584.27721875,1,0.556875,disengaged
34.68914,0.0064616646,34.586952,34.73339,34.870102,0.28314972,41.428185,35.064888,3.6676884,7.1582546,0.51445,0.31097937,0.35291067,0.45733014,0.7290022,0.3760915,4.248227,3.3840015,5.2428617,3.5747123,0.26913428,0.44250557,36.420948,0.05518061,11.406423,0.48194534,-5.282603,-1.5605613,-14.88641,-0.49583042,0.022729522,1.1862484,1.4845127,0.4068463,4.0960627,0.5470568,1.1544065,3.5181885,36.903084,0.14844063,676.55096,0.24827385,1311.3445,0.098513946,-156.58429,-0.47362104,1825.5125,0.10466513,1206.5128,0.23098736,-162.47736,-0.39441964,3015.5835,0.061423782,1021.53015,0.13136408,-163.94568,-0.3775,-17.665884,-0.21450476,31.834536,0.21635908,0.020358073,0.22726582,-0.03530176,-0.15985064,0.2529858,0.19020617,38.04852,0.054747127,14.1434145,0.3078219,-6.9957557,-1.3747164,-21.15146,-0.44358543,-17.452915,28.00516,0.011478609,-0.03333438,0.29843906,5.882353,4.3478265,0.04,0.02,0.11,0.024494898,-27.701536,11,16-2,60,SPEAKER_01,582.133333,596.666667,584.69909375,585.2222187500001,1,0.523125,disengaged
37.523956,0.00036612822,37.513744,37.5225,37.53388,0.020133972,0.011185964,0.0,0.0,0.0,0.452991,0.26790276,0.35102326,0.42199194,0.5720499,0.22102666,1.7687281,0.8395962,2.787363,1.1734495,0.22434196,0.30131775,32.595215,0.07674597,6.145503,1.2435986,-6.2037463,-1.6410148,-1.2802533,-4.9861636,0.053837597,0.0,1.3085907,0.0,3.355321,0.03077736,5.0767145,0.21174492,17.534935,0.087421015,520.6803,0.14351596,1690.8741,0.024412554,-192.7786,-0.13258949,1353.994,0.04449137,1435.0867,0.040129166,-186.00449,-0.24031375,2354.4211,0.04070509,1455.3868,0.11481433,-187.9187,-0.2071896,4.5769024,0.21374393,26.33281,0.058168847,0.014395578,0.39086145,0.010756537,0.06399492,0.27924734,0.17544064,27.880127,0.04581376,-6.1691866,-0.090721466,-24.949242,-0.033662025,2.8905723,0.36541864,-11.6440115,28.567284,0.0026613488,-0.008558092,0.23042168,6.382979,2.3809524,0.02,0.0,0.185,0.095,-30.196453,11,16-2,60,SPEAKER_01,582.133333,596.666667,585.8803437500001,586.36971875,1,0.489375,disengaged
0.0,0.0,0.0,0.0,0.0,0.0,0.0,0.0,0.0,0.0,0.50479954,0.2855689,0.34978217,0.451007,0.6738011,0.32401896,0.74632466,0.29029906,2.6151989,0.0,0.21762088,0.36463833,29.392563,0.08316795,0.46126178,12.434843,-13.454173,-0.70462745,2.151075,2.255407,0.0,0.0,0.0,0.0,0.0,0.0,0.0,0.0,0.0,0.0,0.0,0.0,0.0,0.0,-201.0,0.0,0.0,0.0,0.0,0.0,-201.0,0.0,0.0,0.0,0.0,0.0,-201.0,0.0,0.0,0.0,0.0,0.0,0.0,0.0,0.0,0.0,0.0,0.0,0.0,0.0,0.0,0.0,0.0,0.0,0.0,0.0,-3.9876008,25.770697,-0.0034491247,-0.0014536498,0.24634281,4.166667,0.0,0.0,0.0,0.17999999,0.0,-30.481068,11,16-2,60,SPEAKER_01,582.133333,596.666667,588.25971875,588.51284375,1,0.253125,disengaged
28.303028,0.3413265,18.082237,36.51319,37.26297,19.180733,380.44757,0.0,45.17061,127.20418,0.4007439,0.23738506,0.33073524,0.3626008,0.4690931,0.13835788,2.2578506,1.6698492,1.8191724,1.0594234,0.20039925,0.32674384,31.742495,0.14388181,13.448875,0.45521763,-4.325209,-1.7330487,-4.361224,-1.7269893,0.015501614,0.6050073,1.4145383,0.33319762,3.331257,0.54687524,-11.64645,-0.7715038,24.894575,0.2892434,651.19946,0.2709787,1388.0658,0.11578562,-177.61203,-0.32776824,1666.7683,0.17854038,1101.2965,0.18759617,-175.95828,-0.32969114,2839.6272,0.11261391,965.17,0.31791124,-177.64146,-0.3042078,-18.226793,-0.2485585,30.667837,0.15127134,-0.0046949186,-2.3003366,-0.02633252,-0.26008132,0.22493276,0.19264518,35.368244,0.05067551,11.275988,0.5607455,-4.088113,-2.3625667,-7.9176235,-0.99216336,-16.437439,29.505678,0.00027814857,-0.020736754,0.19976866,4.9773755,1.8518519,0.065,0.016583124,0.362,0.2718382,-30.78093,11,16-2,60,SPEAKER_01,582.133333,596.666667,588.95159375,591.17909375,1,2.2275,disengaged
34.258266,0.21452051,34.143986,37.135967,38.89196,4.7479744,403.38007,358.20453,151.022,109.61309,0.42053837,0.31057936,0.32923308,0.37740308,0.5221638,0.19293073,2.7675474,1.626628,1.8389287,0.877002,0.21325622,0.39327213,32.656956,0.1633694,12.280201,0.49365225,-1.0594078,-7.398585,-7.822895,-0.86112493,0.029002897,1.5763884,1.3779306,0.4522969,5.971134,0.63519585,1.8141207,8.298512,26.60639,1.1002173,723.47986,0.23702313,1354.1686,0.11304611,-159.33679,-0.45773974,1772.8254,0.14052969,1197.1554,0.30692762,-159.7352,-0.43302828,2892.2563,0.0928983,1024.2902,0.33012593,-162.22278,-0.39947286,-19.195757,-0.33140293,31.900677,0.22304271,0.0079542175,2.372119,-0.024276366,-0.6658905,0.26080635,0.3216549,35.259754,0.0958079,11.950545,0.7561304,-3.2057023,-3.3618972,-10.540353,-0.6644762,-17.6582,29.859667,0.0012091732,-0.022323562,0.20378307,3.448276,3.0501091,0.06785714,0.041088503,0.22333333,0.17226593,-28.009562,11,16-2,60,SPEAKER_01,582.133333,596.666667,591.5503437500001,596.2078437499999,1,4.6575,disengaged
37.940735,0.056623742,36.013195,37.288727,40.025772,4.012577,17.361393,16.363394,18.761978,0.0,0.6969203,0.50249946,0.40128368,0.55341804,1.0710301,0.66974646,6.056504,3.002451,4.9510517,2.2697766,0.29849777,0.45574018,28.4526,0.22774751,8.86761,0.9893588,-1.1730717,-4.891489,-17.065643,-0.75426537,0.021890623,0.82031953,1.2742856,0.39165097,5.9985013,0.29880205,3.8464997,1.7727666,24.32449,0.40056768,770.5514,0.1607627,1319.369,0.11732081,-96.81693,-0.93647903,1853.6841,0.12003256,1008.30493,0.21276447,-98.499756,-0.8499276,2964.892,0.077623,825.29834,0.3461401,-101.25145,-0.8071797,-13.86419,-0.5078108,21.996885,0.34584558,0.009916323,1.1866213,-0.030440815,-0.41342938,0.34352446,0.39376968,26.850409,0.26824826,4.8935304,1.8344026,-1.46607,-4.137775,-23.070435,-0.5220666,-17.645378,28.892942,-6.8447065e-05,-0.029623216,0.2603972,3.937008,4.9180326,0.103333324,0.062893204,0.07666666,0.037267797,-25.471025,11,16-2,61,SPEAKER_01,596.7,608.566667,598.5534687500001,599.8359687500001,1,1.2825,engaged
39.882347,0.027548078,39.13828,39.447487,40.823547,1.6852684,12.2214,0.0,5.4661136,0.0,0.6241741,0.3012785,0.3827059,0.703891,0.785161,0.40245512,1.1911733,0.9082374,2.0584204,0.62504584,0.20465256,0.23788567,30.771305,0.09733488,14.393199,0.20202295,0.4731936,16.591259,-23.644241,-0.58098763,0.0129989,0.8017507,0.9404506,0.30890673,8.516051,0.12864365,12.342573,0.20184909,30.96218,0.22058561,645.90515,0.16695012,1395.5924,0.107137896,-64.62337,-1.3663344,1703.1655,0.09990605,1059.7633,0.19485685,-67.74266,-1.1126782,2871.0728,0.059166256,684.1117,0.41867036,-71.323456,-1.0314596,-18.928394,-0.07108592,25.612139,0.17838022,0.009449528,1.3663806,-0.04227991,-0.13191275,0.21576706,0.1998688,29.745483,0.09201843,14.844987,0.20664348,0.4213918,21.841722,-29.676504,-0.38262197,-18.966555,32.32008,0.0028969783,-0.026118241,0.1878173,2.970297,1.0416667,0.71,0.0,0.11,0.07,-25.0621,11,16-2,61,SPEAKER_01,596.7,608.566667,600.29159375,601.32096875,1,1.029375,engaged
38.605347,0.059801698,36.652534,37.8941,40.87226,4.2197266,10.955874,1.2626586,10.579109,12.501954,0.6833161,0.45909518,0.36575416,0.66004187,0.94789135,0.5821372,4.394258,2.6822076,3.106637,1.7093827,0.25716874,0.6454098,29.027527,0.19363725,6.9475775,1.4147536,-7.6991053,-1.1137499,-12.920838,-0.77561796,0.013955158,1.098145,1.1978866,0.4089572,6.5394006,0.40603215,8.345477,1.2343063,28.127659,0.27477187,716.271,0.19229342,1408.8519,0.11844495,-75.21545,-1.2493069,1679.7451,0.107359245,1099.7417,0.24954392,-77.87853,-1.1301818,2863.0015,0.099541135,798.0064,0.5046557,-86.83249,-0.93769115,-11.083826,-0.65321845,24.397888,0.2458702,0.010452636,1.2329142,-0.023788499,-0.6589725,0.29348478,0.65214133,27.972803,0.20356362,3.346441,2.9779572,-10.885778,-0.76658255,-15.857781,-0.6684327,-17.410126,29.082937,0.0022522619,-0.02734496,0.196392,2.1126761,1.7921147,0.352,0.28202125,0.182,0.10244998,-25.018286,11,16-2,61,SPEAKER_01,596.7,608.566667,601.43909375,604.29096875,1,2.851875,engaged
37.193676,0.046805173,35.529144,36.78144,38.41359,2.8844452,57.631096,39.551178,-0.38382483,9.238465,0.51270854,0.47346234,0.333918,0.48085788,0.6927613,0.3588433,3.6891882,1.8167132,4.1477485,2.078314,0.24503157,0.512734,30.025702,0.27385697,8.077224,1.0393754,-3.8484025,-1.3337767,-11.692712,-0.5917668,0.01960986,0.733724,1.4146726,0.5399198,5.5353746,0.3884227,3.1515875,2.4559517,20.057379,2.3053057,725.5676,0.21555784,1352.2766,0.11929979,-115.84531,-0.82445216,1739.71,0.12508155,1170.3326,0.32176843,-117.913445,-0.7296798,2846.957,0.088102914,950.4707,0.2783133,-123.46766,-0.650743,-14.28419,-0.49911073,27.005175,0.2289542,0.018011313,1.3043213,-0.024098232,-0.98373646,0.28971002,0.4284102,31.394512,0.16311234,4.499934,2.2248936,-5.7763414,-0.98447096,-15.305992,-0.3711345,-16.82405,28.833374,0.01149846,-0.02082082,0.2431666,3.521127,4.379562,0.095,0.059090327,0.11333333,0.062893204,-27.74709,11,16-2,61,SPEAKER_01,596.7,608.566667,605.23596875,606.67034375,1,1.434375,engaged
38.178413,0.034793146,36.7741,38.41994,39.38371,2.6096077,56.174664,53.26301,23.60191,2.8618174,0.50755847,0.33224627,0.37000823,0.4507558,0.632593,0.26258475,3.560584,1.3346155,3.2751622,1.74554,0.25030118,0.42061245,32.711094,0.120597385,10.76116,0.46383712,-6.0962896,-1.1284705,-8.636896,-1.0659533,0.02163853,0.8207941,1.6283263,0.5145638,5.921704,0.25736755,6.450797,2.0328405,36.107693,0.20812868,720.8981,0.17605187,1429.3899,0.10980624,-134.66238,-0.62364143,1721.6688,0.060337674,1112.976,0.16465165,-133.02791,-0.5970226,2911.3,0.05786194,904.12146,0.3197254,-138.49738,-0.5255099,-16.799337,-0.21283363,30.383003,0.12236438,0.01722402,0.6791019,-0.034092266,-0.23987591,0.30956158,0.32595307,33.998905,0.08149845,8.009701,0.7889977,-11.262555,-0.51425236,-14.593588,-0.40298235,-16.644733,29.153368,0.0025100822,-0.025494847,0.22782756,4.5045047,4.7169814,0.07,0.010954452,0.099999994,0.058022983,-27.376394,11,16-2,61,SPEAKER_01,596.7,608.566667,607.4465937500001,608.566667,1,1.1200625,engaged
35.567085,0.10288622,34.578068,38.08899,38.311462,3.7333946,106.585556,78.41601,42.794888,0.0,0.4188253,0.1947072,0.3467986,0.40298036,0.48962995,0.14283136,2.579342,1.2269129,2.0255458,1.1012311,0.21609318,0.2873871,32.247066,0.11527158,12.888164,0.33942285,-2.9813938,-2.0417674,-5.628916,-1.456145,0.03524422,0.4861626,1.4561448,0.24775095,5.226358,0.17950186,12.769094,0.8705803,37.17094,0.1106033,720.8824,0.26991937,1367.3955,0.11101271,-175.29164,-0.35023156,1762.8293,0.11020527,1452.2107,0.41374505,-174.12823,-0.33777168,2797.9685,0.07751547,1054.7697,0.17744118,-175.41722,-0.31941828,-18.7031,-0.19325806,30.674355,0.14342286,0.014890408,0.7752189,-0.026250886,-0.3821739,0.27045336,0.1967779,33.222237,0.07016991,13.933962,0.25648332,-2.6258612,-2.4391859,-8.056551,-1.0298665,-17.197166,29.679956,0.0026262552,-0.024861537,0.2120081,6.206897,2.142857,0.06,0.032659862,0.2875,0.10638961,-29.957302,11,16-2,62,SPEAKER_01,608.6,610.2,608.6,610.06221875,1,1.4621875,disengaged
0.0,0.0,0.0,0.0,0.0,0.0,0.0,0.0,0.0,0.0,0.38761994,0.15395705,0.35100442,0.3608831,0.41612646,0.06512204,1.4049023,0.0,1.4383389,0.0,0.19045764,0.22759666,34.91486,0.014543266,13.836032,0.41434434,1.7992557,2.31586,-7.318514,-0.25679615,0.0,0.0,0.0,0.0,0.0,0.0,0.0,0.0,0.0,0.0,0.0,0.0,0.0,0.0,-201.0,0.0,0.0,0.0,0.0,0.0,-201.0,0.0,0.0,0.0,0.0,0.0,-201.0,0.0,0.0,0.0,0.0,0.0,0.0,0.0,0.0,0.0,0.0,0.0,0.0,0.0,0.0,0.0,0.0,0.0,0.0,0.0,-21.320671,32.955536,-0.0055759326,-0.026166853,0.1937277,6.666667,0.0,0.0,0.0,0.089999996,0.0,-30.9182,11,16-2,63,SPEAKER_01,610.233333,614.366667,610.72034375,610.88909375,1,0.16875,engaged
30.870432,0.32969135,16.529345,37.618877,38.330185,21.80084,-2.8321266,0.0,105.39041,0.0,0.4313204,0.210143,0.35272634,0.39287445,0.5252928,0.17256647,2.3904552,1.7132154,1.5671953,0.7131953,0.2032582,0.3249186,30.306252,0.18521096,14.5548525,0.4909433,-2.7788215,-2.1703737,-9.313996,-0.91952664,0.023061382,0.5834454,1.4978566,0.46421233,3.6586142,0.5234594,0.93372685,17.745968,31.515375,0.26132047,710.1678,0.22883835,1468.1427,0.13504767,-171.59367,-0.37005353,1721.4205,0.21286876,1455.4373,0.35479757,-171.60796,-0.34842572,2823.591,0.10061732,1158.787,0.5358547,-173.08609,-0.32727176,-18.067654,-0.22716051,31.624485,0.1393621,0.0037923702,4.0455313,-0.025175076,-0.36014235,0.22584084,0.29794252,34.13752,0.050392825,13.50878,0.4245323,-0.5198314,-13.031506,-9.790319,-0.87254155,-15.732725,27.02519,0.0046154032,-0.024059651,0.20189238,4.790419,3.0864198,0.044,0.018547237,0.26,0.27092433,-30.342575,11,16-2,63,SPEAKER_01,610.233333,614.366667,611.1928437500001,612.8803437500001,1,1.6875,engaged
36.501606,0.0132509,36.06213,36.463943,36.94555,0.88341904,20.64397,11.797629,8.108494,1.7451966,0.47250244,0.3250851,0.35439742,0.4392582,0.5372976,0.18290019,3.3328412,1.7007577,-1.5635167,2.3374512,0.22791782,0.36672923,32.553516,0.1749853,13.149707,0.712626,-7.282711,-1.4776443,-5.8786726,-1.2118292,0.022679934,0.6002022,1.392097,0.4452096,6.0334463,0.24332051,-4.228491,-1.6279128,27.016645,0.30666468,795.1601,0.18692383,1396.5068,0.13390093,-130.88086,-0.6856953,1827.2765,0.1556231,1307.9923,0.1389929,-134.35173,-0.6255803,3002.7087,0.07693989,1028.8623,0.1783066,-139.1568,-0.55466765,-14.522308,-0.84741426,35.541412,0.11441539,0.00020828647,57.74413,-0.019367518,-0.5257929,0.25595903,0.34189835,35.38279,0.11300093,10.12427,1.0402827,-9.6559305,-1.4701259,-8.702211,-0.6603212,-17.527409,30.36491,-0.001788691,-0.021057745,0.20947275,2.9126215,3.0927837,0.11,0.024494898,0.285,0.21499999,-27.867962,11,16-2,63,SPEAKER_01,610.233333,614.366667,613.3190937500001,614.366667,1,1.0475625,engaged
36.00143,0.107275024,34.641533,35.728493,38.19279,3.551258,68.67028,53.577797,36.76379,18.767544,0.42952803,0.2822604,0.34721938,0.40346387,0.50640845,0.15918908,2.2936528,1.4273196,2.0853834,0.94580865,0.2124868,0.4033563,30.686386,0.22459848,13.843323,0.5460204,-4.638977,-1.8248886,-6.3095193,-1.2152385,0.023486102,0.8938627,1.5541823,0.47856405,5.398921,0.6147576,0.940826,10.424062,28.619614,0.29366463,750.6405,0.203422,1370.1022,0.14020325,-168.84271,-0.393775,1772.1858,0.15728272,1257.5977,0.3070478,-169.72499,-0.3719729,2944.0583,0.08495078,981.1794,0.20247571,-171.82741,-0.34030676,-16.042698,-0.5932411,32.800205,0.20802279,0.0012218643,11.431055,-0.024805317,-0.53367144,0.27284658,0.32828552,35.38632,0.090683095,11.266131,0.88174546,-8.259772,-1.4959997,-11.849088,-0.6566082,-16.045681,28.591515,0.0038975263,-0.02019201,0.2042496,3.992016,2.419355,0.0625,0.03538479,0.30461538,0.29955387,-28.57001,11,16-2,64,SPEAKER_01,614.4,632.5,614.4,619.42784375,1,5.0278125,disengaged
36.82164,0.032130096,35.865353,36.528755,37.52247,1.6571159,162.33223,200.12497,19.682013,5.368438,0.51190746,0.24748892,0.39995447,0.48277986,0.60809827,0.2081438,2.1850908,0.56690043,2.0967667,1.6318113,0.25579417,0.34565893,29.140148,0.19803047,12.6424675,0.52868384,-6.6988378,-1.4262118,-5.7640014,-1.6254845,0.025057428,0.7454337,1.3174297,0.355072,5.647902,0.39996895,-1.3099148,-6.865961,28.562498,0.23351456,660.8293,0.27553037,1415.7125,0.11889059,-141.28017,-0.59561306,1646.4935,0.15509354,1203.385,0.14028119,-140.12973,-0.5627261,2813.1885,0.09014981,948.99,0.19914494,-144.07733,-0.5100376,-17.651352,-0.3424441,32.810966,0.1450467,0.006989553,1.6824515,-0.02577302,-0.35692275,0.32435447,0.28478834,32.779118,0.10971961,11.234241,0.61699855,-10.007531,-1.3334093,-9.749679,-1.0881765,-15.745193,27.17015,0.0041500614,-0.020495484,0.22172359,4.878049,3.773585,0.08,0.038297083,0.24,0.07713624,-27.289276,11,16-2,64,SPEAKER_01,614.4,632.5,619.88346875,621.53721875,1,1.65375,disengaged
36.884003,0.11903257,35.598907,37.589367,39.098797,3.4998894,62.192413,36.594772,57.722603,35.302826,0.45275262,0.24267092,0.36676458,0.41268185,0.52666795,0.15990338,2.8122425,2.356127,1.9984162,0.9791882,0.22731514,0.33792162,32.153286,0.13778038,11.981015,0.5282787,-4.1963773,-1.8616441,-2.8809626,-2.488367,0.022751607,0.7585158,1.3271285,0.3543252,5.98167,0.4885562,4.2424474,1.8458489,30.966105,0.21979865,731.1308,0.30212843,1550.3944,0.33972082,-155.4274,-0.48454434,1710.9755,0.18857592,1315.9225,0.21206409,-154.8734,-0.46777737,2830.4922,0.119658254,1133.4596,0.1794895,-158.1034,-0.42433864,-15.939702,-0.49227968,32.53776,0.19528326,0.0037971956,3.135566,-0.022852944,-0.37477568,0.2880256,0.29223973,35.440514,0.080026224,10.410618,0.7305616,-7.798009,-1.3248471,-7.182376,-1.0879335,-17.058022,28.736399,0.0021644062,-0.0225602,0.2090217,5.8997054,2.994012,0.077,0.060174745,0.21454546,0.13479707,-28.243036,11,16-2,64,SPEAKER_01,614.4,632.5,621.9422187499999,625.35096875,1,3.40875,disengaged
36.086384,0.14956285,36.01628,37.23788,39.219406,3.203125,138.6255,143.91307,33.378593,11.376787,0.48802343,0.33357006,0.36226487,0.43235677,0.6137813,0.2515164,3.3844862,2.2022598,2.1432955,1.0695595,0.24933885,0.40683082,31.568146,0.1259684,10.832465,0.5715686,-2.5514324,-3.310626,-3.1146994,-2.4357638,0.019503515,0.74918455,1.3339663,0.41840044,5.790448,0.46432114,2.5298333,4.7658997,30.300156,0.28726768,711.16125,0.23785299,1449.3318,0.18789777,-156.81355,-0.48912245,1719.4912,0.14500609,1164.9574,0.20721698,-155.29823,-0.47240072,2892.6147,0.09483672,927.4958,0.26769254,-158.4694,-0.43021572,-17.70428,-0.3691361,31.011168,0.21554412,0.009250033,1.5985552,-0.026818015,-0.44263014,0.34678942,0.35385832,33.48225,0.11146711,9.4881,1.007351,-7.243363,-1.6018319,-9.531914,-0.8598198,-16.459545,27.75654,9.110867e-05,-0.021492522,0.21853805,3.1847136,2.588997,0.08875,0.047549315,0.24555555,0.14024669,-26.919899,11,16-2,64,SPEAKER_01,614.4,632.5,625.78971875,628.9453437500001,1,3.155625,disengaged
36.784832,0.026503416,35.98052,36.768208,37.458206,1.4776878,47.426228,71.09261,17.600595,12.712159,0.56542957,0.34360024,0.37726104,0.52622986,0.7565869,0.37932587,4.1663375,2.9893324,3.1867182,0.91324633,0.25258416,0.2943218,31.446548,0.13080773,9.784641,0.63962454,4.8256354,1.7834146,-5.553892,-1.2925119,0.016885426,0.92175287,1.2317709,0.40744135,7.0034437,0.26451638,5.9166374,1.3560039,25.641602,0.20012414,714.29816,0.21015635,1385.2246,0.13226445,-93.96145,-0.947194,1800.8094,0.11890455,1110.2098,0.39137748,-97.36222,-0.84109205,2836.5168,0.078551464,960.76917,0.3892815,-100.82386,-0.7853648,-16.584637,-0.2160257,26.300528,0.20497537,0.01268061,0.8707728,-0.027231783,-0.34731752,0.2794621,0.2302611,32.320023,0.122917935,7.2570896,0.84597296,7.0399475,1.3458043,-9.641965,-0.6242675,-18.311514,29.552296,-0.004609154,-0.024014058,0.22308211,5.649718,2.906977,0.19399999,0.12370934,0.10666667,0.06724747,-25.921001,11,16-2,64,SPEAKER_02,614.4,632.5,629.13096875,630.9197187500001,1,1.78875,disengaged
36.066032,0.022341177,35.00752,36.38414,36.80811,1.8005905,7.0844464,0.0,-1.3553381,0.0,0.5388832,0.36182982,0.34493253,0.45202723,0.75121325,0.40628073,3.0047271,1.5689846,3.050377,1.201209,0.24032436,0.34074858,32.76056,0.15428281,11.637857,0.49269307,-2.0077524,-4.6814513,-5.2422433,-1.6906914,0.01752778,0.8504709,1.2221519,0.3738302,6.9903426,0.30734098,2.0182617,3.2237287,27.079205,0.22668053,783.3182,0.16436648,1253.9697,0.11945087,-112.481476,-0.82973975,1866.8553,0.09135641,1037.3186,0.39122728,-120.808,-0.7014596,2933.662,0.064251475,891.48846,0.37798706,-123.845856,-0.6605215,-17.082493,-0.22035114,28.713081,0.34547797,0.011739646,1.1764815,-0.033029374,-0.3008131,0.29663426,0.20510817,36.03017,0.13648611,8.753247,0.61672753,0.7093777,16.649982,-12.185695,-0.61173296,-16.45947,29.366459,-0.0011836229,-0.02285289,0.20410207,2.7272727,1.904762,0.22999999,0.21,0.17999999,0.118602976,-25.777632,11,16-2,65,SPEAKER_02,632.533333,669.5,635.64471875,636.75846875,1,1.11375,engaged
41.491253,0.053057786,39.494343,42.339348,42.81987,3.3255272,34.291065,15.892932,4.860141,7.4204936,0.7013872,0.42183447,0.3784759,0.68537635,0.969567,0.5910911,6.792395,5.769953,5.3912277,1.1118655,0.3300842,0.47157842,33.75904,0.11639782,5.9608684,1.1114328,-7.9854975,-0.8093745,-6.50812,-1.294869,0.015399145,0.5102171,1.1889089,0.6604971,9.811061,0.23738423,5.2279315,0.97350913,30.810259,0.17597394,789.93243,0.16638935,1360.6235,0.1621701,-95.55487,-0.92850024,1754.0294,0.10449393,1239.7354,0.3101563,-96.74193,-0.8473442,2868.4788,0.0704964,980.4977,0.28183076,-104.207954,-0.7294405,-15.691735,-0.31628314,32.3514,0.19060074,0.0149151785,0.70355767,-0.027252948,-0.29854026,0.39068052,0.40427208,35.15691,0.09685087,2.965179,2.4614737,-10.920083,-0.6239947,-10.376439,-0.7641133,-16.15446,28.66345,-0.0011689009,-0.02441874,0.275162,3.3333335,3.529412,0.15666667,0.07039571,0.0775,0.017853571,-22.145926,11,16-2,65,SPEAKER_02,632.533333,669.5,637.43346875,638.3447187500001,1,0.91125,engaged
42.131966,0.05502151,39.57864,42.964733,44.295315,4.716675,0.0,0.0,-0.34943992,0.0,0.7571648,0.51661265,0.3649468,0.6031711,1.2690126,0.9040657,4.9670362,0.0,-6.7784014,0.0,0.39824152,0.6866174,25.844555,0.3196611,12.292464,0.40955743,-2.723309,-3.0041676,-26.01312,-0.6661178,0.016704554,0.78318745,0.90467614,0.42560437,9.000587,0.2930219,22.75485,0.40179247,31.419407,0.2195606,779.0677,0.12547423,1328.8762,0.1005647,-87.26466,-1.1390798,1895.9352,0.07232751,1083.823,0.2982438,-94.24487,-0.8855777,2922.8818,0.07244161,716.5924,0.5220091,-94.26725,-0.8843228,-17.44365,-0.16161434,25.90275,0.24286786,0.01454741,0.8481534,-0.042330578,-0.092677094,0.58383787,0.45505705,21.451998,0.33303213,10.37396,0.4912951,-2.1557703,-4.6746125,-40.31714,-0.25817633,-16.853092,29.650711,0.003554705,-0.028470796,0.21157838,2.7027028,3.125,0.17999999,0.0,0.055,0.024999999,-21.122028,11,16-2,65,SPEAKER_02,632.533333,669.5,639.42471875,639.81284375,1,0.388125,engaged
36.932365,0.08516864,35.80938,37.984905,38.75463,2.9452515,-16.942389,28.97564,33.746464,25.490065,0.5596922,0.44061604,0.33917367,0.48108357,0.7348028,0.3956291,3.7979686,1.9579293,3.86579,1.5179329,0.25991678,0.3503959,34.46292,0.101472355,8.747338,0.86444134,-0.27174464,-25.958454,-5.625787,-1.0580359,0.022833323,1.4964721,1.2281246,0.4097182,7.247169,0.32813874,8.1839905,1.0196756,31.22779,0.24891238,683.5946,0.26332036,1402.8411,0.11325037,-115.67403,-0.7788062,1691.3872,0.13399465,1179.7347,0.19768068,-109.87037,-0.7680959,2793.0918,0.0877935,1063.8853,0.24552679,-115.28361,-0.6873265,-16.698805,-0.3224235,30.84833,0.16916043,0.01140754,1.1327283,-0.025181683,-0.2817375,0.30621192,0.26646772,35.527977,0.09581019,6.668666,1.4242923,-1.4927036,-6.082223,-8.366331,-0.7237612,-17.43734,30.693079,-0.0021723153,-0.020196602,0.21879622,3.7634408,2.7624311,0.176,0.17036432,0.13666667,0.062893204,-25.518225,11,16-2,65,SPEAKER_02,632.533333,669.5,647.2040937500001,649.0772187499999,1,1.873125,engaged
36.483585,0.014188486,36.014847,36.29212,37.05582,1.0409737,-0.79917914,0.0,10.633586,0.0,0.44302458,0.22209428,0.36850837,0.40470538,0.508661,0.1401526,1.1975876,0.42933422,0.6985754,0.68333304,0.18019366,0.19483952,26.38207,0.17249392,19.16073,0.2951479,-2.2241673,-1.7477493,-12.786954,-0.98806477,0.009431823,0.34609815,1.2592708,0.32400066,4.378269,0.35459894,-1.9104521,-3.2591488,27.794994,0.13714343,716.8542,0.13018084,1375.8755,0.08455486,-157.11226,-0.5218588,1844.2614,0.083098814,1558.1692,0.56632644,-161.28654,-0.44877493,2844.8984,0.06568904,848.83606,0.4156049,-161.6838,-0.44291246,-19.893744,-0.074865535,26.759716,0.08716326,0.0147283925,0.7808742,-0.040259324,-0.14457595,0.20457521,0.1820554,25.964857,0.12906048,18.297523,0.2969749,-2.8377042,-0.9540106,-32.051117,-0.1998058,-17.983519,27.255651,-0.0024476154,-0.026815733,0.17489724,5.494506,1.1627908,0.17999999,0.0,0.325,0.055,-30.416245,11,16-2,65,SPEAKER_01,632.533333,669.5,649.66784375,650.5959687500001,1,0.928125,engaged
36.6499,0.0023547946,36.58625,36.64749,36.713066,0.1268158,0.0,0.0,-0.07045237,0.0,0.5132753,0.45119742,0.34107336,0.37294802,0.752574,0.41150066,8.470467,5.2030425,4.411282,2.7514122,0.23552847,0.5955209,24.982271,0.21458007,7.6955986,1.287511,-1.1813836,-3.708627,-7.7945657,-1.5124291,0.0,0.0,0.0,0.0,3.6712916,0.2136035,-8.377098,-0.0756506,21.651194,0.039734963,655.59546,0.06367016,1247.5789,0.04023893,-191.76804,-0.18323685,1735.1938,0.051740546,1328.7119,0.057069093,-192.78291,-0.16208285,2741.2458,0.042072617,1034.9856,0.017224591,-192.72472,-0.16326466,-19.631237,-0.031369913,30.234625,0.0143036805,-0.0036299608,-0.7201625,-0.025339179,-0.2334921,0.26473692,0.298138,29.656172,0.017957129,13.568146,0.010025553,2.5452378,0.5506425,-13.239494,-0.43226495,-11.974725,22.600903,-0.0074290102,-0.018512815,0.24540839,4.2253523,1.5151516,0.02,0.0,0.305,0.085,-30.241814,11,16-2,65,SPEAKER_01,632.533333,669.5,660.4340937500001,661.1597187500001,1,0.725625,engaged
36.32515,0.006152882,36.18514,36.270737,36.546772,0.3616333,-5.416413,0.0,9.232331,0.0,0.40546185,0.30333182,0.31528872,0.36923027,0.4475692,0.13228047,1.4450828,0.7383131,1.7979914,1.1572322,0.19620161,0.39449322,32.79923,0.07425587,9.088796,0.4505858,-4.2247176,-1.6488333,-7.3853374,-1.0837306,0.018172445,0.7041233,1.1753165,0.20679791,6.270744,0.14335196,-13.333866,-0.27623716,22.627693,0.19446579,635.24207,0.27988526,1428.8511,0.08570774,-176.27724,-0.36621657,1650.4288,0.19618243,1265.8289,0.09519619,-176.13402,-0.34487242,2730.5015,0.14557266,1458.0515,0.45477736,-177.81569,-0.3181518,-15.280797,-0.09139517,27.700165,0.056191605,0.00041668135,14.064992,-0.032503407,-0.14972764,0.27650565,0.14160842,34.469288,0.027693953,0.83205086,4.724381,-17.045792,-0.45297077,-16.04759,-0.3776632,-16.213808,28.167364,-0.0018485496,-0.023603315,0.19107111,3.409091,1.2048193,0.099999994,0.0,0.35,0.14,-30.498285,11,16-2,65,SPEAKER_01,632.533333,669.5,668.6015937500001,669.5,1,0.8984375,engaged
31.932278,0.24829853,21.26318,34.801426,38.268448,17.005268,414.22638,7.769562,92.87555,74.911064,0.39196694,0.31228092,0.32486594,0.39603773,0.48421368,0.15934774,1.8554927,0.9322268,1.2110457,0.5076082,0.2046479,0.38639084,30.03439,0.25822803,11.766014,0.43864602,-2.19123,-2.777245,-3.7675462,-1.913186,0.058021557,1.3635559,1.2110827,0.3587846,4.739174,0.48992872,4.850441,3.455648,32.817963,0.26303554,688.3305,0.2602525,1447.251,0.11421554,-175.59554,-0.3400871,1736.005,0.14464149,1240.9264,0.16089405,-173.5586,-0.34216833,2871.7227,0.08541775,938.0126,0.15677384,-174.9252,-0.32322767,-19.458174,-0.11283306,31.795097,0.12984535,0.013684714,0.95567465,-0.028967371,-0.29901809,0.25789425,0.21072598,34.303894,0.053237613,14.675166,0.1716588,-0.7297797,-9.048225,-10.018062,-0.84597665,-16.911997,27.773046,0.0057074972,-0.016707001,0.2097321,3.267974,2.027027,0.06666666,0.04109609,0.30249998,0.26280934,-30.295818,11,16-2,66,SPEAKER_01,669.533333,671.3,669.533333,671.08221875,1,1.548875,disengaged
35.909397,0.15954432,35.829216,37.82862,39.28614,3.4569244,-110.595345,0.0,16.065958,0.0,0.42717725,0.23336414,0.35709718,0.39583245,0.47862473,0.12152755,1.8988918,0.94246584,1.8340865,1.080878,0.22198308,0.42187223,30.510853,0.18019581,14.97172,0.44113046,-1.3811853,-5.1292934,-3.6938584,-2.188723,0.044872545,1.4415079,1.3196745,0.32982963,7.1372366,0.48679957,6.818621,2.0034602,31.340761,0.33342606,824.361,0.110859446,1315.4835,0.11749262,-174.65405,-0.351961,1912.98,0.06533498,1110.0623,0.18226264,-175.75967,-0.32360816,3001.851,0.058308482,857.4858,0.1439717,-176.62593,-0.31168115,-20.756298,-0.41649976,32.951656,0.27941555,0.0038607637,4.006731,-0.02763353,-0.28277633,0.28674084,0.18368556,33.945255,0.1450415,14.71412,0.60308915,1.1230844,7.1564736,-12.30848,-0.80997354,-17.303766,27.977734,-0.0010864655,-0.021370815,0.21186845,3.7190084,1.6877638,0.0775,0.036314595,0.394,0.32793897,-28.092327,11,16-2,67,SPEAKER_01,671.333333,675.133333,671.6897187500001,674.11971875,1,2.43,engaged
35.526672,0.0018729244,35.46627,35.536404,35.588665,0.12239456,5.3216934,0.0,-4.9515724,0.0,0.40775844,0.21948949,0.34060204,0.36667705,0.47621062,0.13560858,1.719836,1.4584773,1.5294528,0.6528731,0.20007856,0.34247705,32.750683,0.07787366,9.778072,0.44843456,-2.755097,-2.6372623,-2.524376,-2.2528248,0.012710474,0.19770029,1.3355618,0.21812627,4.373456,0.16635628,2.2284248,2.3568592,28.16258,0.063964285,673.6979,0.22923747,1375.2577,0.15487432,-179.98036,-0.30928558,1639.4473,0.15803152,1189.4885,0.09987395,-178.92743,-0.29918605,2806.8176,0.04769917,1004.15094,0.1485082,-180.42085,-0.27874824,-16.64916,-0.3382563,33.16538,0.02698912,0.006268425,2.6368778,-0.023996068,-0.3393588,0.33322918,0.22849248,36.768124,0.010805312,12.542783,0.17028709,-10.096358,-0.5576794,-14.121058,-0.20980938,-14.618177,28.177145,-0.0015870903,-0.01398498,0.1879009,6.557377,1.7857143,0.06,0.0,0.235,0.044999998,-31.07462,11,16-2,68,SPEAKER_01,675.166667,676.333333,675.70596875,676.333333,1,0.627375,disengaged
36.931793,0.0022143486,36.853554,36.917797,37.010487,0.15693283,0.0,0.0,-0.042800903,0.0,0.45595777,0.266843,0.34420943,0.43390816,0.53714055,0.19293112,1.7307596,1.731662,2.0687025,1.2796221,0.21919225,0.4927134,27.688787,0.19573861,16.452816,0.26779035,-5.900038,-1.0669872,-6.140298,-1.4779992,0.024392873,0.3840426,1.154245,0.2697117,5.545567,0.043376125,-11.787659,-0.2621877,26.629578,0.021313045,666.6804,0.060587596,1435.918,0.053644,-178.8868,-0.301001,1600.375,0.06572757,1453.6282,0.12022839,-176.05414,-0.3150703,2746.3752,0.025084527,936.30835,0.06652439,-177.78484,-0.28923717,-18.486664,-0.060109954,32.58812,0.03449708,-0.0017692004,-2.150138,-0.035745688,-0.11077538,0.3804556,0.24239682,33.43321,0.022514908,11.06237,0.18870595,-17.753448,-0.028822552,-23.9017,-0.041536514,-17.968946,27.994469,-0.0034806514,-0.026248986,0.20377389,7.1428576,2.777778,0.04,0.0,0.145,0.055,-28.80629,11,16-2,69,SPEAKER_01,676.366667,677.033333,676.6003437500001,677.033333,1,0.433,engaged
36.38295,0.022387506,35.66032,36.3333,37.290363,1.630043,140.32227,107.91363,9.517864,0.29675913,0.46480697,0.2513974,0.36369884,0.44275123,0.55895513,0.1952563,2.406469,0.9952356,1.934123,1.1209233,0.21085842,0.24573405,30.320347,0.13834889,10.739669,0.65690666,-4.945048,-2.0209286,-3.8754942,-1.778222,0.016572474,1.0280328,1.1773988,0.5348154,4.57584,0.29339126,-2.313891,-2.5616689,24.372168,0.33164737,686.85474,0.2265057,1288.7081,0.11478094,-166.74585,-0.41940382,1664.4,0.15012199,1160.809,0.1903366,-167.55214,-0.40453604,2809.5642,0.09980281,1096.0973,0.31004384,-170.51724,-0.3608389,-10.643325,-0.71764,28.266752,0.20670334,-0.002799969,-3.8984616,-0.01734714,-0.80051374,0.24728979,0.17786734,31.536942,0.1330236,4.6874437,1.8265389,-17.34451,-0.6317834,-6.25582,-1.0793644,-15.580853,26.884691,-0.0014152325,-0.019963874,0.20565742,3.787879,2.3166025,0.06666666,0.034960296,0.345,0.27753377,-30.00825,11,16-2,70,SPEAKER_01,677.066667,681.6,677.066667,679.7222187500001,1,2.6555625,disengaged
37.332104,0.032672953,36.13654,36.830894,38.909153,2.7726135,15.001249,8.056218,24.436762,0.0,0.44784957,0.28817645,0.3469577,0.4019517,0.55343723,0.20647952,4.288733,1.8017958,1.2319868,0.65908545,0.21699013,0.4552732,30.165306,0.13196325,12.621465,0.410499,-1.9405689,-4.0424757,-6.989216,-0.86246675,0.02701608,0.91375464,1.6165524,0.5198385,6.023806,0.2867871,1.0984765,14.464276,27.426222,0.29044917,705.767,0.31214377,1371.5449,0.13047154,-169.14635,-0.39140737,1780.1387,0.17656153,1209.3463,0.17875828,-167.08374,-0.3910424,2852.6826,0.07484185,1083.3265,0.22723185,-169.32903,-0.3579601,-15.05013,-0.23440906,26.941366,0.18581602,0.001368626,10.130025,-0.020867499,-0.3030321,0.29046434,0.33615783,31.477945,0.08397928,8.699485,0.6989118,-10.66299,-0.8917005,-11.5544405,-0.5064468,-16.248896,26.964964,-0.0024575498,-0.023099544,0.20059891,4.0268455,2.777778,0.057499997,0.023848481,0.22399999,0.14235167,-29.279873,11,16-2,70,SPEAKER_01,677.066667,681.6,680.09346875,681.6,1,1.5065625,disengaged
34.957756,0.21653408,34.530552,39.107468,39.48258,4.9520264,51.292656,25.73679,109.3199,67.99935,0.3971992,0.37981558,0.32503265,0.35623416,0.4635667,0.13853404,2.4883637,2.5924134,1.4137461,0.542832,0.21597864,0.42891818,30.84008,0.24456309,13.505675,0.46702695,0.754739,10.838406,-6.7204714,-0.94896644,0.016069382,0.65229297,1.0038662,0.486999,8.464992,0.5429494,3.2228956,4.6556067,32.72732,0.31328878,795.2399,0.1771012,1387.3854,0.11458726,-171.84705,-0.3682139,1870.0068,0.12854868,1168.2913,0.16909318,-173.80502,-0.33066195,3033.487,0.08203878,1076.2334,0.2929205,-175.26057,-0.3098721,-23.488424,-0.31230274,36.16064,0.12210601,-0.0036033662,-3.501967,-0.028982237,-0.39970982,0.27862987,0.395777,35.14515,0.11044254,16.888935,0.5109473,-0.4257573,-32.379116,-12.376215,-0.7932487,-17.308249,28.5985,0.0045208056,-0.018289428,0.21650903,1.6304349,2.234637,0.0625,0.056734025,0.36499998,0.13238202,-27.01922,11,16-2,71,SPEAKER_01,681.633333,686.333333,681.633333,683.4853437500001,1,1.852,engaged
34.788734,0.16729453,34.49981,36.571976,38.165894,3.6660843,117.05523,0.0,63.72846,71.22148,0.5220947,0.34442103,0.37949094,0.46350282,0.623749,0.24425808,3.305197,1.8441292,2.8784916,2.03157,0.2867048,0.4306935,30.920452,0.18308662,16.137379,0.36153647,-0.94016105,-6.498409,-3.5770504,-2.374932,0.01912022,0.51370174,1.4351233,0.47662348,6.3513536,0.31159616,8.352635,1.3103106,32.58523,0.22048867,719.24396,0.204091,1391.096,0.14132093,-140.26524,-0.58479595,1752.39,0.12851772,1235.2927,0.27924684,-138.33443,-0.5576646,2789.4534,0.076119035,893.31165,0.1783755,-141.03671,-0.5215568,-18.063997,-0.28866997,29.685698,0.22695097,0.013254617,1.2124897,-0.027595764,-0.29745343,0.31937015,0.33568203,33.13688,0.12363036,13.857274,0.39664134,-0.56827205,-12.8132715,-9.552707,-0.88426673,-19.019737,30.083258,0.0030885835,-0.023277266,0.26702365,3.846154,4.0,0.08,0.028982753,0.12333333,0.09213517,-25.919043,11,16-2,71,SPEAKER_01,681.633333,686.333333,685.0209687500001,686.333333,1,1.312375,engaged
34.718807,0.21380508,34.212914,35.095818,40.745766,6.532852,112.65411,81.747406,118.70539,62.858376,0.40831143,0.2273687,0.3327552,0.3819409,0.47332242,0.14056721,1.7710365,0.84907126,1.7474126,1.1293902,0.20958297,0.3297596,32.61588,0.102967285,13.164283,0.45837134,2.113782,3.47503,-4.4113884,-1.5486275,0.041865144,1.747432,1.2161024,0.62442017,7.691346,0.5477282,6.075213,1.7324668,27.487959,0.32493553,860.2246,0.23180097,1359.2766,0.19340907,-170.47247,-0.3612118,1966.6355,0.1336828,1083.7152,0.21755473,-170.09985,-0.35133004,3074.197,0.104141906,1044.4242,0.23683192,-170.86925,-0.34066525,-24.368414,-0.21344632,35.184727,0.15916514,-0.0012828766,-6.5020585,-0.02537941,-0.23860896,0.2611183,0.3834303,34.32809,0.10488492,18.681025,0.22716367,8.10366,1.0438097,-8.523913,-0.83806914,-16.779018,27.798252,-0.0018332679,-0.021729723,0.20216325,3.6144578,2.484472,0.065,0.032787193,0.252,0.09152049,-27.41129,11,16-2,72,SPEAKER_01,686.366667,696.033333,686.366667,688.04159375,1,1.6749375,disengaged
35.25638,0.009577933,34.977356,35.190876,35.563698,0.58634186,14.6180725,10.370599,4.2969227,7.543539,0.46466276,0.21715103,0.3696279,0.45081443,0.5683279,0.19870001,2.056294,1.71962,2.5960026,1.595111,0.24223782,0.36961913,31.445967,0.13576815,14.814419,0.38481423,1.2682191,7.7998333,-7.418512,-0.7535777,0.028659426,0.63568205,1.4738055,0.31808975,5.4645863,0.3028531,11.051567,0.64440906,32.95913,0.09896305,749.3624,0.20725246,1378.6388,0.1615425,-123.016,-0.68228346,1808.6603,0.123522915,1152.3004,0.20947564,-129.82382,-0.58018756,2933.1887,0.055769473,861.40564,0.19126742,-132.27415,-0.5480132,-18.072104,-0.39658663,33.418434,0.104021266,0.004364483,2.7307453,-0.021394065,-0.50214285,0.28829524,0.34420162,33.788017,0.08532275,14.808842,0.36184004,1.1852303,11.566211,-9.719258,-0.69512486,-16.644978,30.032574,-0.00057839166,-0.018501276,0.22353834,6.25,5.084746,0.07333333,0.03858612,0.074999996,0.03905125,-27.72949,11,16-2,72,SPEAKER_01,686.366667,696.033333,688.24409375,688.90221875,1,0.658125,disengaged
38.806084,0.111872226,34.820694,36.17349,42.488964,7.66827,24.325562,0.0,-176.28099,0.0,0.5506358,0.40938655,0.3620504,0.471116,0.7274022,0.3653518,4.8506336,3.3634784,3.5886526,2.1926558,0.2766235,0.6318355,31.416597,0.16052994,7.4000897,1.0188109,-9.589455,-1.0298505,-7.878077,-1.1101557,0.023348637,0.6218049,1.2995576,0.47750682,5.3999243,0.41804215,3.5842304,2.3675365,30.98443,0.14498174,595.2331,0.27583244,1501.819,0.10688654,-164.77998,-0.4298675,1572.4286,0.15590338,1227.2869,0.12506846,-157.39249,-0.4650939,2758.6355,0.0884837,1136.6802,0.31123024,-161.2342,-0.41305095,-10.509862,-0.82887137,30.82725,0.10086561,0.011919564,0.89810055,-0.020792149,-0.6246395,0.38340873,0.7145411,34.26024,0.11846879,4.322269,1.6804476,-17.92203,-0.62088984,-12.86069,-0.49500787,-13.743063,26.66857,0.0033819731,-0.023495266,0.25003222,3.7500002,2.9787235,0.068571426,0.030904723,0.24428572,0.1887445,-27.020718,11,16-2,72,SPEAKER_01,686.366667,696.033333,689.50971875,691.9228437500001,1,2.413125,disengaged
39.709938,0.019114003,38.953896,39.99893,40.444473,1.4905777,16.553543,8.086971,11.782222,10.150607,0.2546266,0.5422067,0.12580058,0.19529733,0.40239695,0.27659637,2.2534506,1.060599,1.64046,0.45566213,0.08022654,0.79960597,30.022755,0.19638385,5.27,1.6242628,1.1123172,4.804256,-6.068283,-2.2198274,0.011534517,0.8351057,0.86874837,0.9809266,12.806748,0.21093631,15.986172,0.27412322,34.124805,0.1809716,809.7484,0.11334403,1394.8962,0.15802579,-109.986496,-0.776536,1904.0496,0.06346258,1077.5533,0.2029684,-115.51861,-0.6812478,3029.6255,0.05133052,919.01953,0.25523555,-118.425354,-0.642384,-25.139416,-0.24862012,36.21909,0.1857367,0.035322376,0.37796775,-0.02900367,-0.45864862,0.11794536,0.48067376,34.560116,0.100751564,12.089272,0.53499436,2.6076107,2.4667614,-15.128942,-0.76927525,-10.357732,21.076483,0.0020459672,-0.0050933887,0.043603644,3.0864198,1.9108281,0.26333332,0.03399346,0.23333333,0.08178563,-30.055315,11,16-2,75,SPEAKER_02,698.333333,702.766667,700.6809687500001,702.3178437500001,1,1.636875,engaged
39.230797,0.04618037,37.659,38.824894,41.44881,3.7898102,11.382187,0.0,1.5877407,0.0,0.2685529,0.63191485,0.116966546,0.21444654,0.45696995,0.3400034,1.2900773,1.4898598,1.4550498,0.80912906,0.0729172,0.8031896,29.767765,0.2344331,3.3814774,2.2644167,-9.316453,-1.2967337,-8.897881,-1.8026841,0.016776666,0.87643844,1.0784787,0.564858,9.872579,0.28910103,3.9519858,2.0522265,33.17653,0.22590803,820.7042,0.14539741,1339.9031,0.14747752,-55.42918,-1.517473,1827.6327,0.06775076,1191.538,0.41098267,-69.78597,-1.0596021,2973.6655,0.050677255,878.9828,0.28332746,-76.138245,-0.9207109,-18.022991,-0.2843988,33.69415,0.15294664,0.039031208,0.39602166,-0.024413336,-0.5227008,0.095218934,0.58946604,33.334137,0.13687728,5.849425,1.3278029,-11.571357,-1.1722543,-16.059275,-0.83145803,-6.929364,18.294666,-0.00017853777,0.0073326225,0.01847679,2.1739132,1.1627908,0.64,0.0,0.19999999,0.0,-33.177265,11,16-2,76,SPEAKER_02,702.8,709.233333,702.8,703.7353437500001,1,0.9353125,disengaged
37.94941,0.02851094,37.29299,37.680714,38.9066,1.6136093,46.27861,37.98722,6.6255693,14.01061,0.3001868,0.49909768,0.1662665,0.24612954,0.44582722,0.27956071,3.5421531,1.5201191,1.1031344,0.87946576,0.09219921,0.63639176,31.282867,0.19645539,8.3760805,0.7281104,-0.96454287,-9.65485,-8.143671,-1.6068436,0.020710705,1.0510873,0.95963854,0.8235344,10.571745,0.293807,15.939894,0.5391063,34.703533,0.20160612,725.5566,0.23188326,1368.6371,0.10675386,-95.156685,-0.92574733,1848.3545,0.118159465,1210.451,0.18900979,-100.80435,-0.77105665,2854.775,0.079280905,974.9536,0.30844855,-102.92323,-0.7423284,-19.826517,-0.26828933,31.765287,0.17073622,0.045500316,0.5556712,-0.027011361,-0.48550713,0.112460434,0.51925015,34.01841,0.13244721,9.452403,0.57625157,-0.3528457,-29.692936,-15.081252,-0.82857317,-14.067732,24.49514,0.02212272,-0.015323861,0.067470185,3.2894738,3.4013608,0.16399999,0.05161395,0.089999996,0.030550502,-30.704391,11,16-2,76,SPEAKER_02,702.8,709.233333,704.4609687500001,705.9965937500001,1,1.535625,disengaged
36.88068,0.0360059,36.34267,37.471928,37.918427,1.5757561,9.687042,0.0,-20.715002,0.0,0.5240031,0.64960515,0.2138844,0.44769168,0.8408546,0.6269702,11.740226,4.6491313,-1.240514,5.0841217,0.24291113,0.6505801,19.103043,0.4717387,11.103366,0.6722551,11.774955,0.73619425,-14.904829,-1.0605807,0.020842843,0.56084573,1.0983182,0.52951247,7.874764,0.3374135,12.005684,0.6877438,23.82784,0.23149484,715.4011,0.15689903,1316.9805,0.1292197,-44.148407,-1.3553151,1879.7533,0.06871129,803.0985,0.39127958,-56.29704,-0.960093,2906.4932,0.041282065,734.2224,0.4032642,-54.295563,-1.0182695,-17.209883,-0.27332452,22.446812,0.2347149,0.05499651,0.40087798,-0.032492466,-0.31210038,0.28476015,0.49015784,22.636156,0.27070796,12.368528,0.5465542,14.110749,0.60036194,-19.556505,-0.81496793,-12.174888,17.881002,0.030788472,-0.0080734035,0.21250808,4.255319,4.7619047,0.16499999,0.055,0.02,0.0,-25.701048,11,16-2,76,SPEAKER_01,702.8,709.233333,708.17346875,708.6628437500001,1,0.489375,disengaged
35.750935,0.11117945,34.16893,36.002525,38.13374,3.9648094,104.75022,93.230194,16.465912,17.621943,0.32730022,0.38904747,0.21088456,0.2966768,0.46375102,0.25286645,2.4839015,1.0389946,2.2680483,0.83496493,0.12461793,0.6811864,28.12117,0.3465609,10.869044,0.93151844,-5.280499,-2.1580725,-5.9530115,-2.3311229,0.019791145,1.3277811,1.0964849,0.5849784,9.261335,0.3659541,11.99276,0.71785426,34.556065,0.31464058,824.4863,0.18940118,1330.1975,0.1631527,-97.57906,-0.8992153,1898.1941,0.119623244,1050.2773,0.2311014,-102.11701,-0.7793939,3010.6511,0.077406034,993.44916,0.3097006,-106.51351,-0.71292037,-19.714645,-0.43134594,31.535765,0.2725377,0.04376071,0.50732976,-0.019839318,-0.5364057,0.1390744,0.51339847,32.28004,0.23724802,14.120645,0.72112316,-3.1935844,-3.7961786,-10.801383,-1.2738693,-11.093867,20.029095,0.029720908,-0.008817814,0.10881619,4.109589,3.1358886,0.17444444,0.11156573,0.111,0.055398557,-29.716494,11,16-2,77,SPEAKER_01,709.266667,870.333333,709.45596875,712.39221875,1,2.93625,engaged
33.959507,0.11792735,33.764267,35.361305,36.604935,2.8406677,215.26614,0.0,52.79886,45.661083,0.27714863,0.58125186,0.15435022,0.2252674,0.4568647,0.3025145,4.0908794,2.5857656,-0.6254297,1.0928028,0.114923365,0.76078725,31.371166,0.24041727,10.313175,0.8275004,-9.991977,-1.1495842,-8.327892,-1.2819691,0.11696041,1.6490211,1.38289,0.51558036,6.581829,0.38340497,13.388529,0.47079974,37.46891,0.13834594,708.7338,0.22059175,1377.4834,0.15978858,-76.86128,-1.1966109,1739.6661,0.15702884,1163.14,0.13884032,-86.611946,-0.92792815,2869.7683,0.055739455,1221.3097,0.77641267,-93.81868,-0.80071443,-15.882908,-0.521873,33.594543,0.22234854,0.046808653,0.2966449,-0.010395797,-1.3169593,0.14980273,0.6169483,33.350803,0.25086373,15.80421,0.41237333,-10.847365,-1.224948,-13.5816345,-0.67884076,-8.147357,23.079824,0.016339544,0.0059313914,0.073570475,3.9215686,2.1739132,0.29,0.0,0.07,0.01,-33.075977,11,16-2,77,SPEAKER_01,709.266667,870.333333,712.81409375,713.3372187500001,1,0.523125,engaged
40.84123,0.01784869,40.00921,41.321426,41.425255,1.4160461,4.4487767,0.0,-28.591047,0.0,0.326577,0.5024413,0.18802078,0.25626507,0.47143573,0.28341496,1.2841301,1.1354799,3.1159856,0.0,0.13368769,1.0723275,23.567734,0.39482078,-0.5537796,-17.630196,-6.3400335,-0.8197369,-6.1067557,-2.6130214,0.011293611,0.5737692,0.7357101,0.70112956,12.949327,0.19477282,12.334897,0.68653405,25.860582,0.23739511,747.4488,0.17938274,1181.4984,0.13794287,-144.6783,-0.5490601,1848.5361,0.082052566,1019.0233,0.19920555,-150.3504,-0.4757465,2903.3782,0.059716944,780.92737,0.410304,-149.96286,-0.48160475,-22.103199,-0.36804292,31.380415,0.20844653,0.023222368,0.6304209,-0.01808238,-0.8414482,0.20378242,0.65019137,23.699472,0.32967058,11.992869,0.3410555,-3.0291107,-1.9753509,-18.524015,-0.81528956,-9.688195,14.75601,0.022972109,-0.016512262,0.12675957,2.1276596,2.3809524,0.12,0.0,0.13499999,0.074999996,-28.828926,11,16-2,77,SPEAKER_01,709.266667,870.333333,713.9109687499999,714.40034375,1,0.489375,engaged
34.88814,0.007695212,34.739494,34.77274,34.95439,0.21489716,3.6561332,0.0,2.8551984,3.1496794,0.42246825,0.48425302,0.24970263,0.3279214,0.6173115,0.36760885,3.6319602,4.165374,2.7842374,0.6413132,0.15161803,0.7042555,22.120066,0.50684005,2.226275,3.4173439,-22.041122,-0.34364983,-7.196745,-1.7133622,0.011307936,0.712796,1.1007106,0.48425618,6.651951,0.39744404,1.157566,2.0817108,28.854523,0.15053771,693.11774,0.16202724,1557.2505,0.10045179,-119.3878,-0.82914156,1574.3418,0.0771691,1363.074,0.13397168,-124.29011,-0.74941814,2786.4722,0.085129894,961.85706,0.2703264,-131.96313,-0.63520956,-9.627951,-0.3777799,30.893898,0.08029349,0.054133553,0.2179282,-0.012956539,-0.7070234,0.25100207,0.3266488,31.15187,0.11896725,1.2279339,5.375892,-28.764153,-0.10744683,-20.045801,-0.3324706,-7.3233953,16.447159,0.014016129,-0.007667713,0.10863744,3.7037039,2.0833335,0.17999999,0.0,0.28,0.0,-30.559614,11,16-2,77,SPEAKER_01,709.266667,870.333333,714.5522187500001,715.10909375,1,0.556875,engaged
35.442528,0.015238663,34.89015,35.53596,35.77699,0.8868408,13.570679,5.391514,10.489941,4.6802998,0.43637526,0.41132694,0.2759166,0.40424913,0.62738657,0.35146996,4.0559244,1.6769243,2.7197363,1.8143741,0.128307,0.6031501,29.582684,0.25959092,2.7390757,4.6053896,-19.304497,-0.721387,-7.8185124,-1.3795444,0.008418554,0.51442856,1.060277,0.4400898,7.2948313,0.4160012,1.3022317,5.8426538,29.955025,0.3519278,747.0294,0.24550715,1365.3975,0.13292043,-28.794367,-2.2306726,1767.2845,0.13408619,1182.5021,0.20793976,-38.42023,-1.4463133,2898.4368,0.101178825,973.4406,0.12329236,-50.69976,-1.0084592,-9.109138,-1.1536964,27.368513,0.27848226,0.040537883,0.45630077,-0.011897433,-1.1374134,0.14799972,0.4980902,31.942816,0.20586249,2.2936738,5.1033525,-19.859772,-0.76882327,-9.365812,-1.136732,-2.1238978,13.3104,-0.0021043296,0.0110788755,0.02752475,6.0606065,3.3333335,0.255,0.055,0.06,0.0,-30.617224,11,16-2,77,SPEAKER_01,709.266667,870.333333,715.4465937500001,716.1215937500001,1,0.675,engaged
36.432438,0.045395404,35.583637,36.730076,37.677227,2.0935898,31.172428,22.87368,109.312775,135.67003,0.40862513,0.4026777,0.24443316,0.43365854,0.5293685,0.28493536,2.6393914,2.2523448,2.9224958,1.2771479,0.112442344,0.6061508,25.84687,0.2841109,7.8608427,1.675228,-9.652758,-1.5172638,-21.735504,-0.910818,0.02171359,2.149565,0.9075773,0.8151836,9.608227,0.35893798,7.241421,1.379822,28.357363,0.29883718,755.27405,0.18296488,1386.339,0.10960242,-49.679966,-1.5850502,1834.6339,0.102318145,1160.5801,0.16883914,-60.673656,-1.161693,2899.9458,0.07269925,842.20557,0.49772665,-64.168625,-1.0684664,-15.761486,-0.4611182,26.532135,0.20416734,0.05201499,0.4861977,-0.026546873,-0.52064407,0.12696287,0.5437042,27.116749,0.25000298,9.678206,1.4061419,-8.043386,-1.9209222,-27.460594,-0.71106327,-6.388525,24.150446,0.017812217,-0.007319116,0.080193974,2.238806,2.3255816,0.32666668,0.14522015,0.08333333,0.04109609,-30.275616,11,16-2,77,SPEAKER_01,709.266667,870.333333,716.72909375,718.0790937500001,1,1.35,engaged
37.02529,0.025726743,35.950855,37.330803,37.831387,1.8805313,5.082718,1.4121864,4.333198,3.017153,0.23115024,0.37752384,0.19245356,0.21785526,0.28708777,0.094634205,0.62895036,0.4855499,0.30184847,0.0,0.029971449,0.45318258,27.976519,0.2827167,16.777328,0.5230384,-0.7934023,-7.279,-9.528305,-1.0918466,0.008630317,0.46953008,0.5483839,0.33304465,11.758193,0.16923039,8.57576,0.67708725,28.244509,0.9289024,825.73267,0.11063459,1329.2162,0.13173984,-28.195635,-1.4764391,1850.8954,0.06737731,1018.46924,0.16135481,-41.105034,-0.91695154,3024.3972,0.041650914,772.61993,0.24415971,-47.84236,-0.75428855,-21.402336,-0.2976205,32.842323,0.21363355,0.029481828,0.6008122,-0.013578308,-0.9935118,0.031106057,0.36647505,29.786427,0.1503585,17.50726,0.4676885,-0.73738706,-8.192543,-10.258311,-1.047942,-7.3269324,14.371681,0.094613865,0.059691545,0.07183503,0.7194245,1.5037595,0.62,0.56,0.06,0.0,-36.433952,11,16-2,77,SPEAKER_01,709.266667,870.333333,720.27284375,721.67346875,1,1.400625,engaged
37.268402,0.010076842,36.94295,37.13195,37.599384,0.6564331,5.1486516,2.7761278,-0.41686118,1.299348,0.16956224,0.18268608,0.14624989,0.17676269,0.19208898,0.045839086,0.5559322,0.406782,0.46429673,0.5274386,0.024918895,0.3230419,31.343874,0.19011886,12.290297,0.5212728,-0.28662202,-20.52606,-4.082313,-2.3408895,0.01597973,0.55068856,0.624318,0.46813643,11.017295,0.10670077,9.852038,0.4039776,36.747955,0.10577722,852.6506,0.113493726,1244.1353,0.109587744,-42.489697,-1.4720135,1883.4043,0.056832418,996.5278,0.15714362,-55.534477,-1.0305989,3085.292,0.04158055,863.9628,0.19518127,-67.14149,-0.7842274,-21.10804,-0.11792272,34.009697,0.09493581,0.0214667,0.5885479,-0.010489848,-1.0588,0.024741953,0.2796202,33.296185,0.12238569,14.518195,0.2806636,-0.057618607,-88.96668,-5.518316,-1.6284753,-10.183651,20.978537,-0.0041055838,-0.0009980312,0.026375916,4.285714,0.7407407,1.15,0.0,0.16,0.0,-40.260918,11,16-2,77,SPEAKER_01,709.266667,870.333333,721.97721875,723.39471875,1,1.4175,engaged
36.00404,0.00730372,35.73147,36.026974,36.175728,0.44425964,5.4291725,1.6851319,7.8739166,0.0,0.40253592,0.20281859,0.29707307,0.40219367,0.4814333,0.18436024,2.1700985,0.12818415,1.0389067,0.0,0.045757838,0.3336246,31.107748,0.15240262,0.03842645,249.7621,-10.391957,-0.8049272,-10.530137,-1.0385312,0.005472632,0.39608234,0.36233425,0.359195,11.925454,0.07570952,2.5940626,0.28769898,29.036346,0.07743351,863.06226,0.05134325,1183.2643,0.08042596,-8.073767,-0.36467957,1840.6722,0.036498833,939.8857,0.117537335,-18.743057,-0.7230561,3006.9358,0.024782337,758.97,0.39673132,-33.84902,-0.10197248,-11.865924,-0.74812055,29.934645,0.19531927,0.042270884,0.26571053,-0.008335503,-2.0756001,0.04664718,0.3064181,32.361652,0.13615033,1.8645048,5.279138,-9.097756,-0.96720606,-11.14756,-1.0815318,0.0,0.0,0.0,0.0,0.0,3.2258065,4.0,0.24,0.0,0.0,0.0,-34.065254,11,16-2,77,SPEAKER_01,709.266667,870.333333,727.44471875,727.76534375,1,0.320625,engaged
38.192593,0.07897571,35.508053,37.83767,40.38837,4.8803177,42.23957,0.0,11.740534,0.0,0.42513332,0.3388081,0.29667953,0.46020803,0.53675246,0.24007294,3.5275712,0.99551105,0.62175417,1.9008276,0.124526136,0.41220155,29.193352,0.18713096,4.086792,1.7292633,-13.84457,-0.75504935,-25.260906,-0.5261975,0.033169422,2.1407495,0.8123418,0.7777767,9.666337,0.19023271,2.335618,4.128406,33.36785,0.15951483,839.68,0.097922176,1315.1531,0.13799338,-23.432575,-2.374362,1815.1261,0.079177335,1122.569,0.29894271,-41.593708,-1.1907474,2967.07,0.039627444,846.52576,0.3225258,-51.492943,-0.8951764,-14.215516,-0.5075747,27.401636,0.30352977,0.04468121,0.29739955,-0.027422301,-0.5707672,0.14093705,0.31842288,29.996284,0.1848387,4.0003815,1.9374977,-16.468899,-0.57207525,-28.889132,-0.399152,-14.136965,24.697845,0.023858145,-0.018468214,0.07229239,3.0303032,3.3333335,0.26,0.21,0.049999997,0.0,-30.772854,11,16-2,77,SPEAKER_01,709.266667,870.333333,730.43159375,731.10659375,1,0.675,engaged
37.04609,0.015440277,36.667995,37.085083,37.477116,0.8091202,-14.817476,0.0,18.380663,0.0,0.21797663,0.29740775,0.1518604,0.22900432,0.27353656,0.12167616,1.8248448,0.0,-1.7078418,0.0,0.056772858,0.4981984,29.09117,0.18060495,4.9389615,1.0626147,-4.9502873,-1.4246054,-12.79148,-0.9079586,0.01999508,0.5529652,1.1576076,0.48096782,5.8805337,0.5544448,0.36118305,7.521347,25.979927,0.18777905,695.91394,0.17901345,1428.7512,0.14233826,-36.08081,-1.8004467,1721.8829,0.16308516,1433.6774,0.29449612,-48.466736,-1.0114573,2745.1948,0.052392736,908.3586,0.22331093,-53.289463,-0.91240114,-15.613733,-0.31072456,26.770641,0.11809914,0.034216814,0.2017111,-0.023422142,-0.48233268,0.07059205,0.36978945,29.953526,0.14079908,5.9159174,0.916727,-8.527722,-0.7022118,-19.6227,-0.28254622,-7.047483,14.761776,0.030870643,-0.008667378,0.05810901,4.5454545,6.25,0.13,0.0,0.0,0.0,-40.111526,11,16-2,77,SPEAKER_01,709.266667,870.333333,738.6497187500001,738.8859687500001,1,0.23625,engaged
37.442486,0.09202484,33.00738,37.509056,40.95985,7.952469,106.51639,0.0,7.8193665,16.925634,0.23518822,0.563679,0.14482678,0.16747214,0.30671626,0.16188948,0.8730898,0.8990671,1.7502503,1.1008905,0.09393834,0.99714166,28.219587,0.16272803,7.5761275,0.96283036,-0.4083982,-12.679238,-12.975346,-1.4972113,0.044294678,0.62645805,1.4111784,0.48250994,7.2647386,0.31175777,11.709762,0.9750289,31.207016,0.13265418,791.6703,0.16314697,1233.3336,0.1620651,-87.05597,-0.943095,1824.918,0.087552816,913.53125,0.23243402,-93.84308,-0.797388,2984.487,0.053588353,647.0414,0.18778493,-97.8442,-0.73978513,-21.299404,-0.13294314,31.127283,0.12282682,0.03275451,0.72224516,-0.036002725,-0.5944456,0.13999276,0.75188917,29.063414,0.16444044,11.707977,0.36111224,-0.39858523,-14.740626,-19.028292,-1.1462917,-15.620179,24.549122,0.012364796,-0.020515252,0.044518374,3.7037039,6.1224494,0.089999996,0.016329931,0.046666663,0.0094280895,-34.00912,11,16-2,77,SPEAKER_01,709.266667,870.333333,749.4328437500001,749.9897187500001,1,0.556875,engaged
36.573925,0.0487435,35.561935,35.892704,36.291508,0.7295723,39.787785,0.0,-2.087984,11.36247,0.23619172,0.5547551,0.11651103,0.1969442,0.34955537,0.23304434,2.9173596,1.8568197,1.0738722,1.1415818,0.07426247,0.78907406,26.214048,0.28892872,2.8627045,2.8925757,-1.4321812,-3.8358116,-15.476481,-1.3617556,0.020847583,0.67433155,1.3016393,0.67193407,9.272041,0.2399965,3.2277064,3.639013,29.432592,0.18686228,704.0421,0.1979045,1342.9142,0.12850454,-114.44887,-0.7355691,1810.8846,0.12553014,1171.3063,0.28089076,-112.44326,-0.6822178,2900.644,0.076874875,883.18286,0.24951845,-114.984215,-0.65094346,-21.8566,-0.24091543,30.775278,0.18317764,0.038985237,0.48905876,-0.035332862,-0.56422246,0.10293092,0.56010205,31.284147,0.13331462,9.01604,0.6498963,-2.3584294,-2.2915273,-23.124207,-0.9755345,-12.72031,21.701939,0.009098561,-0.011875097,0.057725534,5.555556,6.1224494,0.07333333,0.03091206,0.06333333,0.023570225,-34.064434,11,16-2,77,SPEAKER_01,709.266667,870.333333,750.49596875,751.05284375,1,0.556875,engaged
38.188183,0.0,38.188183,38.188183,38.188183,0.0,0.0,0.0,0.0,0.0,0.18951547,0.043754578,0.18094331,0.1906298,0.19654886,0.015605554,0.004394314,0.0,0.0,0.0,0.036591917,0.35817283,31.343369,0.0154930875,17.68881,0.093780816,-11.990236,-0.19696343,-22.799335,-0.18023892,0.0,0.0,0.0,0.0,9.943455,0.0,10.630503,0.0,46.14186,0.0,777.52216,0.0,1232.6073,0.0,-6.805647,0.0,1815.0477,0.0,783.1971,0.0,-31.68665,0.0,3166.6953,0.0,644.28687,0.0,-42.317005,0.0,-19.126738,0.0,27.139263,0.0,0.020105757,0.0,-0.01551323,0.0,0.0,0.0,30.085878,0.0,15.8508835,0.0,-7.2782097,0.0,-13.78931,0.0,0.0,0.0,0.0,0.0,0.0,0.0,0.0,0.0,0.0,0.0,0.0,-40.685852,11,16-2,77,SPEAKER_01,709.266667,870.333333,763.2365937500001,763.30409375,1,0.0675,engaged
40.380733,0.049044713,38.825226,40.31134,41.22889,2.4036636,23.171799,13.749534,53.2845,40.787758,0.30203006,0.8190275,0.091930136,0.18782489,0.61177826,0.5198481,5.2008147,2.962026,2.7629654,1.3440768,0.12297459,1.2465558,19.482853,0.4358637,6.7796216,1.3703771,-14.956555,-0.5986474,-18.68284,-1.2566965,0.021695683,0.7590199,1.0427024,0.6174064,8.825282,0.3929337,9.881369,0.74339503,32.607937,0.17912371,822.8848,0.13689394,1258.7112,0.12210236,-127.95729,-0.71536356,1924.7382,0.1084886,1119.8877,0.21015258,-131.96617,-0.6273078,2937.6885,0.050954666,800.9859,0.3332689,-132.73468,-0.6145378,-17.410856,-0.3243535,28.052183,0.21376312,0.05670452,0.41108438,-0.039076302,-0.3764954,0.2493095,0.63496536,20.197405,0.34827274,10.020353,0.9471941,-18.730852,-0.5393243,-38.805286,-0.4586029,-10.321729,19.648924,0.009330774,-0.012549325,0.049388185,3.3557048,2.0833335,0.17999999,0.021602469,0.28,0.10614455,-29.697943,11,16-2,77,SPEAKER_01,709.266667,870.333333,769.0247187500001,770.5265937500001,1,1.501875,engaged
42.265057,0.022894956,41.907707,42.469604,42.969475,1.0617676,31.230644,21.331789,79.189255,141.71062,0.27946323,0.605272,0.14983366,0.22712767,0.37547478,0.22564112,5.399698,3.2888503,1.770998,1.0993968,0.07376888,1.0004009,15.866095,0.654928,0.42681038,19.154957,-16.443115,-0.44934785,-13.276945,-0.8182157,0.019330466,0.9191584,1.3823254,0.68913174,9.151598,0.49043643,11.569595,0.8971731,32.801773,0.26699558,794.4272,0.18907249,1284.0375,0.13818803,-115.98632,-0.8105741,1835.2911,0.08988248,1024.2372,0.18285213,-114.625824,-0.7425002,2984.7507,0.06808221,853.6184,0.20797586,-119.30257,-0.673556,-11.926542,-0.6440273,24.572943,0.27493715,0.031283095,0.63870746,-0.015642663,-1.0866965,0.11548282,0.7414818,22.611492,0.2722779,-2.6811368,-2.7880342,-19.384752,-0.4414475,-21.484514,-0.4181948,-5.1725645,13.453302,0.011337045,-0.00601432,0.036555395,4.678363,3.030303,0.148,0.066753276,0.13333333,0.1051454,-32.405384,11,16-2,77,SPEAKER_01,709.266667,870.333333,771.15096875,772.87221875,1,1.72125,engaged
39.98623,0.02179311,39.100086,40.12539,40.86354,1.7634544,29.39851,0.0,-26.992838,0.0,0.35328618,0.4592158,0.17350695,0.37488618,0.5458409,0.37233397,3.2069979,1.6743364,1.7887282,0.0,0.08574189,0.65228415,13.658932,0.25339055,11.986169,1.0323988,-9.073098,-0.70694566,-22.232212,-0.8507736,0.006275613,0.56035936,0.7299959,0.18429244,7.257134,0.22617754,10.072551,0.26637343,33.65092,0.06297273,656.14465,0.15874879,1417.9875,0.12448464,-110.49593,-0.85123307,1697.7859,0.114336476,1151.5348,0.06449922,-102.84958,-0.78997785,2739.6338,0.05602817,878.08167,0.18998767,-105.22723,-0.7546743,-10.851072,-0.115804456,14.839824,0.24225184,0.03342693,0.45286086,-0.031188376,-0.26349834,0.11877391,0.4783009,11.264338,0.2638307,23.056873,0.21089989,-14.294578,-0.22500934,-39.08151,-0.2412345,-8.198369,15.97775,0.011282901,-0.005755347,0.06482441,2.7027028,3.125,0.17,0.0,0.06,0.02,-35.344017,11,16-2,77,SPEAKER_01,709.266667,870.333333,773.8003437500001,774.1884687500001,1,0.388125,engaged
40.326653,0.062233057,39.384605,40.612564,42.19391,2.8093033,154.16145,236.30626,38.539684,24.158367,0.40320602,0.5841277,0.17679468,0.3534782,0.58720225,0.41040757,3.2023177,2.072431,1.5228854,1.0680496,0.094198786,0.9091671,19.408693,0.58276397,-0.41523117,-25.19318,-17.132864,-0.8653291,-18.1847,-0.879478,0.016210577,1.852606,0.68442196,0.98760766,11.455914,0.39756823,11.007444,1.1918058,36.39449,0.33501992,732.12854,0.21833508,1432.2919,0.17129621,-107.00589,-0.9281063,1737.8268,0.09845233,1002.5377,0.1620905,-105.19297,-0.87645864,2985.4028,0.059882645,700.08746,0.2587732,-113.19768,-0.7436444,-14.972046,-0.304643,29.127186,0.26930818,0.035617843,0.48150095,-0.031648107,-0.32377645,0.12177422,0.80718255,23.678978,0.32357237,-0.8773001,-15.190882,-25.362375,-0.46190634,-28.645575,-0.45786244,-6.2967844,14.967871,0.018567985,-0.010156493,0.06823028,2.1341465,1.5479876,0.318,0.3735987,0.255,0.12244046,-28.434122,11,16-2,77,SPEAKER_01,709.266667,870.333333,774.52596875,777.81659375,1,3.290625,engaged
38.255104,0.042292688,36.659565,38.174637,40.183495,3.5239296,21.4993,0.0,14.845118,29.328024,0.40260705,0.5354351,0.18465774,0.3258229,0.6846617,0.50000393,4.2459846,1.7270236,0.6811261,2.3018248,0.11812192,0.7517649,14.364942,0.8394624,1.8925972,6.1276097,-11.618174,-0.7518743,-14.047766,-0.9103407,0.014516328,0.48669,0.9695872,0.5184557,7.1667933,0.45624337,1.4083245,3.9222217,23.412048,0.3058245,776.28827,0.12147595,1378.5946,0.14192711,-92.89302,-0.97444373,1776.5778,0.08404368,1198.2563,0.2033771,-95.067154,-0.87287116,2799.3982,0.07733116,1016.9121,0.2783643,-100.42416,-0.7803906,-7.81048,-0.74277925,18.99452,0.3385179,0.03332805,0.6057508,-0.016048009,-1.003874,0.17540488,0.47641,19.970171,0.41229928,-3.6713307,-2.5210915,-14.788409,-0.60600585,-21.03264,-0.4956021,-5.4307904,15.033723,0.010189709,-0.0060602427,0.060525402,4.9180326,5.357143,0.09666667,0.061282586,0.06333333,0.024944384,-32.62129,11,16-2,77,SPEAKER_01,709.266667,870.333333,782.03534375,782.6597187500001,1,0.624375,engaged
43.66142,0.13472202,35.62721,45.826614,49.36149,13.73428,57.96602,127.18034,116.219536,39.695946,0.7144064,0.49291235,0.29462612,0.7828582,1.0199808,0.7253547,10.800615,3.879076,-0.44460028,4.234047,0.31507722,0.7638174,15.908402,0.3459717,-16.923754,-0.5605826,-27.598675,-0.3906849,-25.174896,-0.55087084,0.032634273,1.5501366,1.0414644,0.764497,8.2288265,0.47047332,1.5670835,3.874166,24.209469,0.2717692,876.089,0.21913455,1253.7621,0.22199771,-54.532463,-1.627758,1845.8829,0.14721952,1183.65,0.30076197,-56.616367,-1.3728895,2838.8867,0.07332296,918.35657,0.24076416,-63.67856,-1.157383,-4.776665,-1.0500072,22.292719,0.24699217,0.0789677,0.2695319,-0.0029273408,-5.7145143,0.3446821,0.6761907,15.858518,0.29780155,-19.094278,-0.50379026,-30.834936,-0.31477332,-26.982807,-0.38908482,-4.0052223,16.124567,0.04802697,-0.002797263,0.14630711,3.738318,5.0,0.138,0.08207314,0.07,0.032659862,-24.480341,11,16-2,77,SPEAKER_01,709.266667,870.333333,795.7209687500001,796.80096875,1,1.08,engaged
0.0,0.0,0.0,0.0,0.0,0.0,0.0,0.0,0.0,0.0,0.17985006,0.36326945,0.12849909,0.1457794,0.24897666,0.12047757,0.9893832,0.0,1.8597016,0.0,0.026654594,0.39235756,10.287485,0.4815034,3.41527,1.70382,-9.017309,-0.7457224,-10.596972,-0.53801876,0.0,0.0,0.0,0.0,0.0,0.0,0.0,0.0,0.0,0.0,0.0,0.0,0.0,0.0,-201.0,0.0,0.0,0.0,0.0,0.0,-201.0,0.0,0.0,0.0,0.0,0.0,-201.0,0.0,0.0,0.0,0.0,0.0,0.0,0.0,0.0,0.0,0.0,0.0,0.0,0.0,0.0,0.0,0.0,0.0,0.0,0.0,-7.831246,12.75593,0.036015466,-0.015827028,0.03502737,0.0,0.0,0.0,0.0,0.08,0.0,-47.918194,11,16-2,77,SPEAKER_01,709.266667,870.333333,798.04971875,798.20159375,1,0.151875,engaged
48.035503,0.047009926,45.726784,48.324818,50.71413,4.9873466,16.468945,0.8581958,19.70117,5.875051,0.39959008,0.6905786,0.16336145,0.2515017,0.7279121,0.5645507,8.069591,5.0386777,3.031656,0.6513639,0.1268424,1.0087765,15.089015,0.62523735,-4.171724,-3.0954638,-18.359247,-0.64959115,-11.329908,-1.280957,0.014303109,1.0469909,1.109491,0.9893845,12.887632,0.3185597,8.546943,1.0331701,27.114096,0.1972148,906.9152,0.14196227,1143.504,0.12197849,-104.42785,-0.8865277,1905.4679,0.06920339,1048.108,0.18670274,-107.118164,-0.78669065,2956.782,0.060351174,863.5322,0.27955496,-113.20679,-0.69389564,-11.403742,-0.7422964,25.506231,0.32549754,0.071338855,0.40216964,-0.010647726,-1.9892557,0.20660992,0.6302441,19.566124,0.26685032,-8.08338,-1.606035,-25.497618,-0.30668706,-20.349497,-0.6743071,-5.661795,13.899016,0.020932665,0.0065670474,0.04459523,2.259887,2.9239767,0.172,0.049558047,0.185,0.051234756,-28.193365,11,16-2,77,SPEAKER_01,709.266667,870.333333,798.3703437500001,800.15909375,1,1.78875,engaged
52.15699,0.079695776,51.03429,51.656475,56.495407,5.461117,110.43367,81.680084,50.13355,33.543377,0.9748392,0.5866011,0.42628473,0.90586257,1.5630076,1.1367228,12.672017,6.6882772,4.405553,4.3229356,0.49312118,0.94694996,9.181945,0.9383336,-14.988135,-0.71964365,-28.984745,-0.3072224,-21.494648,-0.6052489,0.030614367,1.6189965,0.97649014,0.7995165,12.564773,0.3985818,10.695493,0.6581515,21.208153,0.59247434,927.9257,0.13912608,1112.2108,0.21977518,-64.348724,-1.3433853,1898.5472,0.09753468,947.51355,0.30305466,-57.332577,-1.2164692,2974.446,0.08804241,809.91846,0.23502271,-66.07125,-0.97576416,-7.3595805,-1.3132422,21.587894,0.401107,0.040925503,0.540726,-0.022109093,-0.78648967,0.56388456,0.84200037,9.274417,0.83851683,-16.08279,-0.68006855,-30.676386,-0.286746,-23.554249,-0.5441801,-3.7274857,13.094387,0.029569212,-0.011125657,0.27766582,3.0487804,3.2051284,0.236,0.15551205,0.13,0.03,-17.277967,11,16-2,77,SPEAKER_01,709.266667,870.333333,801.67784375,803.3315937500001,1,1.65375,engaged
49.867325,0.032713734,48.545467,50.588383,51.237385,2.6919174,17.538834,0.0,-18.565878,0.0,1.0629996,0.6127749,0.33617032,1.2888179,1.6629869,1.3268166,7.2334323,4.4950666,6.756082,0.58305407,0.5325936,0.8543892,9.16964,0.78092706,-1.8347843,-5.7159276,-21.287527,-0.315712,-43.797718,-0.40122092,0.0054671285,0.6431003,0.645087,1.0777049,15.144678,0.26821566,16.647451,0.23673552,17.013105,0.3644699,902.3399,0.17339307,1199.2784,0.19124538,-83.15899,-1.0513482,2057.6433,0.10621318,1065.2869,0.2518535,-89.51494,-0.86709875,2928.078,0.04236351,690.053,0.15179509,-86.0478,-0.9286384,-14.917982,-0.3046136,23.597439,0.26496106,0.08552304,0.11651922,-0.029600956,-0.56680846,0.8002685,0.52678597,5.240396,1.0203083,-5.8492384,-1.8332046,-23.653143,-0.23131958,-54.643177,-0.12114408,-9.611755,18.945389,0.042715035,-0.022846593,0.12048869,3.125,1.6949153,0.38,0.0,0.089999996,0.03,-14.998575,11,16-2,77,SPEAKER_01,709.266667,870.333333,803.82096875,804.47909375,1,0.658125,engaged
43.593708,0.00451365,43.510662,43.670616,43.735783,0.22512054,8.753459,0.0,-28.597641,0.0,0.22386189,0.22810665,0.17323007,0.21922117,0.28421202,0.110981956,3.6788638,0.0,-1.8231953,0.0,0.07280665,0.37752247,24.627302,0.20732091,7.430727,0.63411164,-0.99277395,-2.6151571,-16.24382,-0.6159325,0.01351073,0.069224186,1.0233281,0.5264504,12.65394,0.11959419,18.156553,0.17945932,26.66407,0.119225,808.73206,0.053106237,1069.745,0.016548008,-15.5466795,-0.20264852,1947.8536,0.021060817,906.2108,0.019782856,-34.676052,-0.06499029,2904.5671,0.0073512383,588.38794,0.052332476,-37.66821,-0.039445393,-20.008993,-0.2650989,31.734015,0.19376397,0.029544048,0.37698838,-0.019838862,-0.35981852,0.094109,0.42698768,28.628824,0.09078533,6.733322,0.7587378,-2.8032117,-0.79614,-24.513626,-0.1863872,0.0,0.0,0.0,0.0,0.0,8.333334,16.666668,0.049999997,0.0,0.0,0.0,-36.441338,11,16-2,77,SPEAKER_01,709.266667,870.333333,804.8334687500001,804.96846875,1,0.135,engaged
41.233074,0.027840322,40.211945,40.681614,42.34881,2.1368637,5.163725,4.0437765,10.981667,0.0,0.34370837,0.7088158,0.17243505,0.25799766,0.46774763,0.29531258,3.2171462,1.4114288,3.1991081,2.1772742,0.09789259,0.9601242,28.868933,0.19363213,6.58659,1.6670727,-16.535086,-0.6225225,-29.793488,-0.48882464,0.016816262,1.3609473,0.7471356,0.92293423,12.851171,0.16946366,11.3736315,0.7237647,35.6499,0.16878389,833.26135,0.12293093,1309.3126,0.0891257,-28.695429,-1.974206,1877.0607,0.07424312,1154.9242,0.21084802,-47.17234,-1.0510074,2997.3682,0.046114087,796.5958,0.37346986,-50.946625,-0.93113136,-18.50387,-0.34315023,30.857967,0.23094669,0.038230192,0.34544474,-0.028490467,-0.4213851,0.10550541,0.963842,28.952833,0.20515466,5.525044,2.1450841,-18.791437,-0.5003089,-33.74416,-0.36450562,-14.854596,31.257614,0.04784485,-0.030326378,0.10999887,5.172414,1.923077,0.45999998,0.0,0.04,0.0,-30.524343,11,16-2,77,SPEAKER_01,709.266667,870.333333,867.62534375,868.21596875,1,0.590625,engaged
36.664387,0.062835254,34.663387,36.62761,38.36422,3.7008324,31.194155,0.0,6.85443,23.119026,0.67918855,0.5749802,0.31272128,0.5813665,1.0225893,0.7098681,6.907651,1.0760663,-0.93043303,4.620201,0.3427356,0.5246082,34.147724,0.15267138,3.3365903,3.6938665,0.21889473,40.647575,-13.769544,-1.1567432,0.013572202,0.51231605,1.2892653,0.5598282,8.923712,0.22776008,10.060261,0.65325546,33.090363,0.29112545,788.5386,0.15625516,1341.3441,0.12628824,-40.721626,-1.4438795,1757.9869,0.08725445,1151.8878,0.21565728,-51.443893,-1.0510279,2883.8894,0.07361631,843.2634,0.32720175,-58.13327,-0.8764569,-17.714724,-0.48886496,30.077932,0.3182402,0.06072567,0.27860457,-0.024756012,-0.48896918,0.40546912,0.36274466,34.594128,0.16470487,5.178402,2.5347462,-2.0401864,-4.0367765,-17.829762,-0.87272817,-15.273165,23.529253,0.030630425,-0.012426111,0.1526733,3.9215686,2.1739132,0.39,0.0,0.02,0.0,-22.900717,11,16-2,77,SPEAKER_02,709.266667,870.333333,718.5009687500001,719.02409375,1,0.523125,engaged
36.82991,0.07833352,33.95525,36.0273,39.74663,5.791382,24.962708,0.0,-0.9518304,5.9124274,0.4771686,0.59395754,0.16229802,0.46416953,0.7273579,0.5650599,4.5645056,2.196222,1.2173539,1.7546188,0.14168762,0.6888177,28.179752,0.42321295,3.8720782,2.8787894,-6.085514,-1.7500408,-7.170589,-1.7458346,0.011664029,1.1671809,0.8596559,0.80859387,10.11666,0.40034455,7.180266,1.0592828,28.63896,0.36397907,704.33673,0.21453626,1345.9045,0.124705486,-54.983234,-1.4660797,1753.6992,0.101396374,1031.2987,0.19471863,-65.37488,-1.135133,2863.4053,0.05105308,887.97266,0.32822147,-72.5378,-0.96799314,-16.290445,-0.4323629,29.15348,0.27462074,0.044076815,0.43075275,-0.024912838,-0.35952348,0.17907691,0.47464025,32.80254,0.2252505,2.4995682,4.7363987,-3.6869988,-2.944138,-12.806851,-0.6736365,-9.451037,20.067749,-0.003640001,-0.0033910729,0.032845452,2.919708,2.2900765,0.32,0.042426404,0.09666667,0.044969123,-26.289118,11,16-2,77,SPEAKER_02,709.266667,870.333333,723.4622187500001,724.8459687500001,1,1.38375,engaged
35.83752,0.0,35.83752,35.83752,35.83752,0.0,0.0,0.0,0.0,0.0,0.15509139,0.26879498,0.11655283,0.14588608,0.19344297,0.07689014,0.02224782,0.0,0.0,0.0,0.056449927,0.5522237,32.863735,0.15823326,9.039199,0.6313811,-2.5210514,-1.7051882,1.7762423,3.2992697,0.0,0.0,0.0,0.0,7.0977716,0.0,2.8184843,0.0,29.229673,0.0,897.9202,0.0,1309.1771,0.0,-22.342987,0.0,1963.6846,0.0,941.4978,0.0,-33.82637,0.0,3096.6724,0.0,525.0761,0.0,-42.354813,0.0,-9.714796,0.0,17.737198,0.0,-0.01322873,0.0,0.003902126,0.0,0.0,0.0,26.173277,0.0,1.103628,0.0,-8.514737,0.0,7.4460797,0.0,0.0,0.0,0.0,0.0,0.0,0.0,0.0,0.0,0.0,0.0,0.0,-39.349236,11,16-2,77,SPEAKER_02,709.266667,870.333333,727.3772187500001,727.44471875,1,0.0675,engaged
38.26538,0.0061079105,38.04307,38.33551,38.47791,0.43483734,6.4748287,2.5740147,-1.4209518,2.9332247,0.5860705,0.13170633,0.53020644,0.5667639,0.6680591,0.13785267,0.6856024,0.79449546,0.9772947,0.0,0.051505007,0.27552664,21.173277,0.048853192,7.6510987,1.3560574,-0.16320236,-39.599224,-32.357185,-0.22501744,0.0039059913,0.21242449,0.2566881,0.42253315,13.820936,0.049967196,7.615228,0.23086247,24.531622,0.11940598,777.5802,0.16192183,1473.504,0.20391306,-7.01377,-0.32603884,1849.6572,0.09001937,1134.3207,0.17941622,-23.373373,-0.23292305,2869.9836,0.054085232,959.04456,0.26973614,-25.202738,-0.11942835,-13.10047,-0.38871932,20.156567,0.18265596,0.054410078,0.18572932,-0.02076852,-0.51892877,0.054655254,0.30079973,21.395086,0.04574806,5.4833074,1.8584957,-1.7288427,-3.4655087,-32.273945,-0.24826977,0.0,0.0,0.0,0.0,0.0,2.9411764,3.5714285,0.26999998,0.0,0.0,0.0,-29.371988,11,16-2,77,SPEAKER_02,709.266667,870.333333,727.76534375,728.11971875,1,0.354375,engaged
35.031807,0.035368558,33.707157,35.01729,36.39113,2.6839714,21.69788,0.0,-12.65114,17.372648,0.50179493,0.50036544,0.24711782,0.5105451,0.79647577,0.54935795,1.6487098,3.1981754,3.2357376,0.0,0.21209823,0.53777134,31.269154,0.14317189,10.861021,0.52692026,5.8466644,1.0553191,-23.558859,-0.41820797,0.02120465,0.7928733,1.1154231,0.67933017,8.669219,0.2568169,1.8078237,4.066158,29.41934,0.07626523,687.4818,0.1816287,1315.4165,0.13774107,-35.638474,-1.7383156,1884.5543,0.16746947,1265.5066,0.37723982,-54.707314,-0.9963633,2784.5703,0.10051672,835.4094,0.12051711,-54.321537,-1.0134275,-21.998535,-0.14498827,29.914509,0.11840773,0.053518124,0.3498696,-0.047418457,-0.18163002,0.2740407,0.27362558,32.853626,0.11121547,13.310755,0.36956602,7.1054835,0.8985978,-29.07511,-0.21034144,-10.398163,19.00706,0.02861372,-0.021188878,0.07206443,2.7027028,3.448276,0.24,0.0,0.03,0.0,-24.643274,11,16-2,77,SPEAKER_02,709.266667,870.333333,728.3897187500002,728.7778437500001,1,0.388125,engaged
35.31916,0.011302699,34.868004,35.36799,35.77606,0.90805435,35.57663,11.217131,19.930122,3.0776157,0.31209624,0.350413,0.22423841,0.29508728,0.32340392,0.099165514,0.48724824,0.0,3.592455,0.0,0.058134574,0.40484205,26.546354,0.1547463,3.7470527,2.3220804,-3.318959,-2.4207504,-7.921485,-0.65190566,0.03321042,1.140615,1.1390352,0.60814613,6.731215,0.34889108,5.8929605,0.3351685,29.32968,0.15065719,832.5312,0.10225386,1303.8872,0.10630186,-41.518482,-1.3318131,1806.6633,0.047109853,1037.3114,0.12776652,-48.130978,-1.0946168,2867.1973,0.056820635,874.06555,0.27329645,-56.316647,-0.8824266,-11.194388,-0.5861436,25.492035,0.15784234,0.036188558,0.33906364,-0.008802136,-1.0599006,0.052892588,0.27282992,27.739706,0.08674226,5.0908275,1.674008,-7.1526775,-1.0284679,-6.2426434,-0.62310725,-18.569817,29.087797,0.025889441,-0.01704,0.049010463,3.846154,10.000001,0.074999996,0.024999999,0.02,0.0,-38.125072,11,16-2,77,SPEAKER_02,709.266667,870.333333,730.1615937500001,730.43159375,1,0.27,engaged
0.0,0.0,0.0,0.0,0.0,0.0,0.0,0.0,0.0,0.0,0.102946185,0.08693439,0.09547063,0.09989151,0.10946406,0.013993427,0.0,0.0,-0.0036082405,0.0,0.017187413,0.321937,21.530888,0.051864248,-0.76932806,-2.141219,-5.429769,-0.17458528,3.738614,0.9579189,0.0,0.0,0.0,0.0,0.0,0.0,0.0,0.0,0.0,0.0,0.0,0.0,0.0,0.0,-201.0,0.0,0.0,0.0,0.0,0.0,-201.0,0.0,0.0,0.0,0.0,0.0,-201.0,0.0,0.0,0.0,0.0,0.0,0.0,0.0,0.0,0.0,0.0,0.0,0.0,0.0,0.0,0.0,0.0,0.0,0.0,0.0,-9.986023,19.868618,-0.0035389825,-0.0025797032,0.019723961,0.0,0.0,0.0,0.0,0.0,0.0,-53.67092,11,16-2,77,SPEAKER_02,709.266667,870.333333,731.10659375,731.1909687500001,1,0.084375,engaged
35.768066,0.027681459,35.00195,35.714252,36.901573,1.8996239,13.779124,5.952919,18.330456,15.236077,0.52650964,0.48085165,0.26643547,0.51547974,0.73768806,0.4712526,7.083127,4.681826,3.4202712,1.3131846,0.18381582,0.5241644,31.381495,0.18043141,10.349112,1.0455369,-0.38898966,-31.246246,-8.626864,-0.9967603,0.012938347,1.099063,0.9775244,0.81665826,9.996425,0.28547418,4.7997217,2.1701376,27.314299,0.2793432,733.6541,0.1934991,1329.415,0.121623166,-28.534393,-1.7982285,1831.2832,0.10918854,1077.119,0.22880669,-44.016556,-1.0618155,2888.7246,0.05624508,842.6179,0.29400393,-48.638885,-0.9193902,-19.140411,-0.32904848,30.007355,0.23288983,0.0400013,0.47156772,-0.023938814,-0.40869904,0.19309148,0.4973043,31.669447,0.18126644,11.308026,0.9659109,-0.23660217,-53.965122,-9.476845,-0.8745861,-14.910116,21.94451,0.0198072,-0.019278048,0.14430237,4.142012,1.2269939,0.73499995,0.435,0.06,0.0,-24.782295,11,16-2,77,SPEAKER_02,709.266667,870.333333,731.69721875,733.4015937500001,1,1.704375,engaged
37.18353,0.07003812,34.927486,37.100113,38.19949,3.2720032,32.309277,4.1086016,6.043367,8.16692,0.47241533,0.73000705,0.15350032,0.3381351,0.8294801,0.6759798,5.5200086,1.1387924,1.0721377,1.7905042,0.18711418,0.84303313,24.459435,0.45031738,4.2255344,1.9710708,-8.342235,-1.1764613,-6.891503,-1.8748666,0.016844492,0.89672536,1.2239019,0.8800453,9.06046,0.32478908,6.1221433,1.6348584,26.00148,0.3165103,751.9034,0.1566078,1308.5231,0.1286285,-74.00893,-1.2026498,1820.9692,0.08561151,1007.2428,0.21889736,-82.580696,-0.97505057,2895.6016,0.060904335,811.37354,0.36053818,-86.50375,-0.89759076,-16.176046,-0.4328083,26.36488,0.24191158,0.049139865,0.53567576,-0.026670534,-0.37592947,0.27240664,0.49100593,30.439035,0.19555983,1.7248596,4.9024544,-7.6133323,-1.3967994,-11.9981,-1.016266,-8.866888,18.301807,-0.0063522775,-0.0036694726,0.027888041,2.0689657,2.1582735,0.29999998,0.053541258,0.14333333,0.11785113,-26.063457,11,16-2,77,SPEAKER_02,709.266667,870.333333,735.4097187500001,736.87784375,1,1.468125,engaged
35.32203,0.024794135,34.79226,35.372955,35.829704,1.0374451,12.90696,7.1213937,-2.2766304,14.751533,0.43902883,0.5975771,0.18226092,0.37738198,0.6666053,0.48434436,6.74763,1.8677634,3.729165,0.93013674,0.15413709,0.6258002,29.693382,0.32355517,7.5910206,1.3437018,0.87149817,10.973759,-4.6835365,-1.8482491,0.017690333,1.2585778,1.0695891,0.8055934,9.429151,0.3287792,3.6341577,2.3221447,25.978203,0.3115305,780.42017,0.18378727,1308.9448,0.23718303,-57.08492,-1.2743571,1858.754,0.09994891,1031.0939,0.22460788,-68.03484,-0.97501934,2968.493,0.07264334,843.1857,0.3250355,-72.30003,-0.8858216,-16.223509,-0.41773117,29.787746,0.23669061,0.037865736,0.59298027,-0.016338263,-0.77607244,0.18702449,0.4544093,31.146383,0.2904051,10.386451,0.9549818,1.0252829,10.434043,-5.2389526,-1.7371393,-10.455438,14.950197,0.026776457,-0.018949494,0.08149601,4.651163,2.4691358,0.305,0.035,0.07,0.049999997,-25.637213,11,16-2,77,SPEAKER_02,709.266667,870.333333,740.1853437500001,741.06284375,1,0.8775,engaged
33.076653,0.024262674,32.337383,33.062042,34.029964,1.6925812,260.35385,0.0,7.594013,17.740585,0.18135034,0.5638722,0.098035604,0.13846037,0.25706622,0.15903062,2.4231038,1.0312043,2.0990994,1.0282505,0.047549225,0.8573216,21.540972,0.4246132,-0.079683155,-103.09293,-1.0767225,-5.6205173,-5.072091,-3.3204138,0.029961007,0.5049348,2.4363363,0.67878795,6.839473,0.2589619,7.574861,0.73548305,29.264833,0.19351053,871.15283,0.172815,1186.2368,0.1262506,-159.02107,-0.4723558,1966.0588,0.08637147,1043.8577,0.16635945,-161.05844,-0.42684585,3001.7478,0.07060978,997.0368,0.6466873,-161.88037,-0.4167434,-13.205141,-0.538624,23.285633,0.26110798,0.023851778,0.7215039,-0.0056939865,-5.417915,0.081024155,0.4103393,29.008581,0.19315073,3.5230215,2.8814125,4.9901195,0.88722605,-3.2098234,-5.586168,-8.1764345,17.10317,0.00452843,-0.0030563686,0.040204655,4.166667,2.1978023,0.095,0.015,0.22333333,0.14636332,-40.932552,11,16-2,77,SPEAKER_02,709.266667,870.333333,741.3328437499999,742.3115937500002,1,0.97875,engaged
35.532894,0.0321348,34.930122,35.406784,36.698124,1.7680016,22.908672,1.4677771,24.592098,0.8395996,0.30239055,0.7809119,0.11029829,0.19737379,0.4867293,0.376431,2.4749374,1.675323,2.4270682,0.11166239,0.10047839,0.8258012,33.13306,0.17360646,7.6504207,0.73668927,2.4076784,3.378764,-7.9670033,-1.4923012,0.023487244,0.93723834,1.2583107,0.77565444,9.294453,0.2705147,2.5111127,2.918496,29.281012,0.2543608,784.5914,0.17016315,1221.4276,0.16112056,-84.19546,-1.0198886,1932.6598,0.09702996,903.9192,0.26412538,-92.83759,-0.8173323,2972.523,0.04843325,937.3334,0.4634301,-96.135704,-0.77023673,-20.711868,-0.20802884,30.121445,0.2226195,0.03516836,0.52581304,-0.031213995,-0.43244988,0.14318675,0.56003284,34.984043,0.1360353,10.202112,0.4676278,6.144043,1.2298957,-14.436614,-0.7016472,-12.810454,23.97042,0.010759323,-0.015489988,0.043348,2.8985507,3.125,0.195,0.114999995,0.06666666,0.03681787,-29.255306,11,16-2,77,SPEAKER_02,709.266667,870.333333,743.35784375,744.06659375,1,0.70875,engaged
0.0,0.0,0.0,0.0,0.0,0.0,0.0,0.0,0.0,0.0,0.16820511,0.2159897,0.14210594,0.15721902,0.19251367,0.050407737,2.2551107,1.4979604,1.4040016,1.1620411,0.04511173,0.6051637,26.646631,0.200905,8.504247,0.44603205,-7.5943913,-0.71548754,-6.0094056,-1.2716585,0.0,0.0,0.0,0.0,0.0,0.0,0.0,0.0,0.0,0.0,0.0,0.0,0.0,0.0,-201.0,0.0,0.0,0.0,0.0,0.0,-201.0,0.0,0.0,0.0,0.0,0.0,-201.0,0.0,0.0,0.0,0.0,0.0,0.0,0.0,0.0,0.0,0.0,0.0,0.0,0.0,0.0,0.0,0.0,0.0,0.0,0.0,-10.065041,20.35307,0.023061983,-0.020861538,0.08091689,14.285714,0.0,0.0,0.0,0.049999997,0.0,-43.170807,11,16-2,77,SPEAKER_02,709.266667,870.333333,744.2690937500001,744.4209687500002,1,0.151875,engaged
35.310795,0.02869941,34.76415,35.420094,36.2254,1.4612503,3.4194038,10.462662,14.850844,6.0480967,0.532206,0.57234347,0.22002009,0.47825938,0.8036593,0.58363926,9.837414,5.301183,3.361113,2.102491,0.17123196,0.63399017,30.078245,0.2929624,3.8670123,2.6986883,-2.0755541,-4.790091,-5.977112,-1.4978973,0.015102819,1.0444707,0.9933191,0.80471563,9.090941,0.3933874,0.043206774,147.49837,23.353584,0.32210577,788.6285,0.11488375,1236.3273,0.094979346,-48.132557,-1.4800152,1849.3228,0.06841437,926.52594,0.24013063,-58.285465,-1.1379852,2942.578,0.053957492,772.91095,0.31917143,-64.53675,-0.9813235,-15.667261,-0.344876,25.593296,0.3006851,0.037066363,0.47205776,-0.025559172,-0.47120363,0.2055939,0.4753139,32.1487,0.22187619,3.1375515,3.3659666,-1.629315,-5.793815,-7.983347,-1.0745487,-11.563899,20.803808,0.016126221,-0.012605087,0.06129683,3.787879,2.3622048,0.32999998,0.043204937,0.06666666,0.0094280895,-26.466034,11,16-2,77,SPEAKER_02,709.266667,870.333333,745.43346875,746.7665937500001,1,1.333125,engaged
34.966198,0.060802948,33.16394,33.908104,37.371357,4.2074165,19.47427,0.0,-3.8127518,8.788332,0.49663547,0.44188502,0.22960535,0.5435603,0.7187419,0.48913655,2.555339,1.8422766,4.3874974,1.9748234,0.15297572,0.5756792,33.928993,0.25653148,5.639568,1.3015431,-10.253405,-1.2675682,-21.977678,-0.6255117,0.01135659,1.215671,0.85082346,1.027893,9.814727,0.24471101,2.2081087,3.0044994,32.011528,0.1260138,724.65906,0.25282106,1501.9258,0.23168159,-50.208305,-1.5915514,1703.4631,0.15092856,1214.3872,0.21329889,-59.042786,-1.1465899,2928.2449,0.057943832,971.9013,0.44384184,-67.98807,-0.9255657,-15.101107,-0.45455348,31.894579,0.15265413,0.050147735,0.31288183,-0.032185193,-0.36082694,0.16943482,0.49520522,36.698,0.16274776,7.289952,1.0106858,-9.655225,-1.377969,-21.02425,-0.7296736,-9.477884,25.160284,0.04062922,-0.030105237,0.12535672,3.6144578,2.5641026,0.29999998,0.17,0.06,0.03,-27.186333,11,16-2,77,SPEAKER_02,709.266667,870.333333,751.05284375,751.89659375,1,0.84375,engaged
36.505363,0.02385317,35.715763,36.670944,37.20508,1.489315,15.645799,9.179782,10.131511,6.1919203,0.69680107,0.51526207,0.26504853,0.7752889,1.0635091,0.7984606,3.8223553,0.44185722,-0.36346626,1.5669254,0.20552422,0.55528456,31.104757,0.15869813,6.595002,1.8962067,-8.856921,-1.5988835,-13.002034,-1.177998,0.012854555,1.4973017,0.7606993,0.71103585,10.354475,0.35145777,5.6178007,1.8267276,31.24333,0.22087486,686.0119,0.31908324,1444.5952,0.14956382,-29.861177,-1.8497703,1709.2579,0.17680648,1267.3853,0.2678982,-38.110634,-1.2831354,2835.4182,0.094741784,1028.8816,0.28744406,-48.76526,-0.9085281,-16.702122,-0.62623185,32.868763,0.16326983,0.06671322,0.28369564,-0.01867378,-0.8363746,0.23295349,0.41395822,32.474426,0.11492945,7.3058133,1.7433391,-8.92843,-1.7005945,-17.00092,-0.7144016,-7.134395,15.703827,-0.0032829728,0.003921697,0.013942738,1.904762,1.0101011,0.9,0.0,0.07,0.0,-22.328417,11,16-2,77,SPEAKER_02,709.266667,870.333333,752.20034375,753.2634687500001,1,1.063125,engaged
37.05357,0.043749806,35.641132,37.02904,38.2959,2.654766,13.765053,5.6162405,10.469908,8.987981,0.5542291,0.5289658,0.29020315,0.533196,0.8685317,0.57832855,3.0693214,1.5605946,2.6378577,0.71038383,0.2077376,0.59169,29.849712,0.23365693,10.260022,1.3094515,9.252647,1.1876913,-15.249362,-0.9109192,0.009791705,1.0315835,0.81446666,0.84524834,11.148651,0.22975972,10.56656,0.68951964,27.849268,0.37939495,793.23505,0.19369136,1370.5249,0.17579633,-39.255604,-1.3999861,1913.3806,0.10520059,1093.2738,0.374107,-50.12616,-0.97918564,2913.2344,0.066138856,961.32495,0.35607004,-51.55852,-0.95193124,-21.135181,-0.42929795,29.882591,0.35330698,0.05669378,0.3739888,-0.022691451,-0.5706575,0.2327454,0.47536394,30.642818,0.22924551,11.759066,1.1669763,9.926233,1.1284512,-17.006327,-0.8204088,-10.244586,18.52791,0.010751886,-0.00741937,0.023912912,3.1914895,1.0989012,0.81,0.37,0.08,0.04,-22.545225,11,16-2,77,SPEAKER_02,709.266667,870.333333,753.7865937500001,755.6765937499999,1,1.89,engaged
37.35097,0.054751724,35.401947,37.09986,38.621815,3.2198677,76.92215,79.700676,9.775232,0.7867435,0.44012615,0.46368206,0.23642416,0.44978604,0.5397572,0.30333304,1.329281,1.1144079,1.3791587,0.4251266,0.11234874,1.0190152,26.750746,0.31479368,8.080517,0.9470713,-7.4829817,-1.3099607,-30.559574,-0.4994725,0.0103126895,1.1076639,0.66046685,0.6825968,11.020039,0.23439248,1.0166479,6.915807,29.059679,0.2612149,767.22064,0.15971527,1251.2625,0.15524444,-29.449224,-2.1367319,1911.0276,0.109966725,981.2152,0.17257573,-46.8303,-1.1728811,2966.4705,0.06888546,858.10187,0.45198503,-50.531902,-1.0558593,-17.72575,-0.2975264,27.840923,0.18533573,0.048856188,0.3713079,-0.03800869,-0.30076572,0.1176282,0.9829595,28.271803,0.21754159,7.78131,1.0286137,-9.2585,-0.9877073,-33.219357,-0.38976344,-10.32908,14.952858,0.022320122,-0.02706138,0.10691061,1.1976048,1.863354,0.45999998,0.47770283,0.08,0.03,-28.898779,11,16-2,77,SPEAKER_02,709.266667,870.333333,757.93784375,759.62534375,1,1.6875,engaged
32.22999,0.072704405,31.009764,32.422432,34.439056,3.4292927,17.300014,7.3491755,23.816664,7.6540613,0.17623733,0.2957463,0.121906325,0.17906225,0.21101329,0.08910696,1.7825367,0.4836865,0.8096105,0.24685898,0.051789466,0.52678204,35.088047,0.13088232,12.838101,0.6202204,6.5505633,1.1812365,-0.16352443,-42.116806,0.018372132,0.9347346,1.0542502,0.46673808,8.616661,0.29575923,10.913028,0.35314,38.376926,0.111682065,805.32074,0.13772495,1428.082,0.09487168,-57.30964,-1.1803156,1838.7418,0.0703924,1098.1564,0.18086371,-66.441055,-0.943676,2962.2156,0.054697543,909.8821,0.32250777,-72.846855,-0.82301885,-23.313326,-0.25247386,34.542294,0.1870734,0.02443788,0.5894688,-0.019640902,-0.5462261,0.058419347,0.4628911,36.652596,0.10333733,15.5758,0.45281255,8.953464,0.8069304,-2.075939,-3.235201,-14.839381,25.036922,0.012592816,-0.009372886,0.040581863,4.3010755,3.409091,0.22333333,0.08576453,0.049999997,0.014142135,-34.899643,11,16-2,77,SPEAKER_02,709.266667,870.333333,760.94159375,761.88659375,1,0.945,engaged
37.07774,0.06187916,33.743683,38.003345,39.06298,5.319298,82.776405,53.494797,13.492973,8.2906475,0.39028662,0.6651396,0.17455733,0.29917347,0.579421,0.40486366,7.6081777,3.2533214,2.787618,1.1733909,0.1551413,0.8405738,23.451443,0.45407292,9.869173,0.93626004,-5.928552,-1.9268118,-12.037222,-0.9470208,0.020093372,1.051058,1.3257866,0.7569617,9.049636,0.3437509,4.61082,2.8922522,26.252995,0.35886207,748.48566,0.16636226,1308.6929,0.10123481,-107.317894,-0.8455009,1830.3424,0.10491996,1053.425,0.30926508,-112.31008,-0.73689103,2859.484,0.08863729,921.87805,0.45346543,-113.92129,-0.7110798,-17.740692,-0.29192168,27.735033,0.22317776,0.048603628,0.4273382,-0.031219685,-0.38001814,0.21975397,0.6049118,28.481573,0.3072269,6.336512,1.7047912,-4.600513,-2.7131724,-18.737053,-0.47547218,-14.230138,22.54947,0.026593978,-0.022485763,0.09583457,3.3149173,2.840909,0.17,0.09528904,0.13333333,0.08239471,-27.794025,11,16-2,77,SPEAKER_02,709.266667,870.333333,764.0634687500001,765.8859687500001,1,1.8225,engaged
41.8239,0.060209844,40.21363,42.059837,43.816536,3.6029053,86.35894,89.22726,51.041275,17.775461,0.53323853,0.6111432,0.24379054,0.39794025,0.93287563,0.6890851,4.4760695,1.4493568,6.0153065,2.3154895,0.22695272,0.8102579,14.949023,0.6592593,2.905122,3.1917398,-12.141545,-0.8544179,-14.989662,-0.931015,0.05659609,1.9668616,1.0150274,0.6055934,10.1104145,0.3639408,12.999367,0.55520725,25.71487,0.41849247,762.9389,0.14932562,1280.9099,0.17859659,-85.83016,-1.0212047,1805.3236,0.08737254,903.75726,0.34228784,-88.515884,-0.90757656,2880.7683,0.05398064,852.4304,0.44309047,-92.579926,-0.8350998,-15.155881,-0.34967613,23.452286,0.36286372,0.05601553,0.37176713,-0.025166387,-0.46514204,0.32091168,0.54511625,20.181181,0.3359487,2.686955,4.0280366,-10.628801,-1.0005158,-19.962976,-0.6115612,-6.7669277,13.612841,0.025798801,-0.008336046,0.090431824,3.539823,2.777778,0.22,0.043204937,0.11333333,0.046427958,-24.864202,11,16-2,77,SPEAKER_02,709.266667,870.333333,780.06096875,781.2084687500001,1,1.1475,engaged
44.163544,0.073060155,41.272453,45.62619,46.69671,5.4242554,18.746824,6.4359536,3.4552193,14.083956,0.5467311,0.79184955,0.20729221,0.39469796,0.86246485,0.65517265,8.337059,4.593354,5.232361,6.362917,0.25702915,1.4790912,11.675298,0.9202258,-0.30820706,-38.069366,-17.110844,-0.78082055,-20.033913,-0.76183885,0.022976886,0.8573363,1.1732312,0.501884,8.317121,0.47159988,9.071412,0.7839413,28.45424,0.29346055,791.3289,0.2541177,1328.2498,0.20424563,-101.13189,-0.9547467,1772.4946,0.14530033,1146.8167,0.30051908,-95.89407,-0.9063728,2823.09,0.09840767,893.27155,0.2823291,-100.6685,-0.8244689,-10.069967,-0.7517201,20.90925,0.394376,0.05853019,0.3365303,-0.010922857,-2.0715463,0.41826367,1.0658375,13.815328,0.72125566,-4.770443,-2.445948,-23.253881,-0.56207687,-29.243223,-0.4051222,-5.5188317,12.8107815,0.0134923,-0.0037238214,0.052081194,2.9411764,2.5125628,0.218,0.118558004,0.13166666,0.15560812,-23.44868,11,16-2,77,SPEAKER_02,709.266667,870.333333,783.58784375,785.64659375,1,2.05875,engaged
38.11823,0.10197353,38.402935,39.216064,39.728607,1.3256721,151.72192,0.0,43.00582,35.868874,0.5941772,0.6169982,0.25441012,0.51276964,0.9199969,0.6655868,6.051569,2.2996757,0.3768959,4.7199907,0.26699877,0.63209033,29.434498,0.1862975,1.4320579,10.04571,-12.014266,-1.0614164,-16.809137,-0.7887158,0.045556396,1.8546001,1.0274997,0.7336578,9.054318,0.511363,5.3496084,2.4044104,29.352345,0.35562825,765.7431,0.17089382,1361.6481,0.08507131,-49.938263,-1.43519,1800.5707,0.115075506,1171.8226,0.17475583,-60.425896,-1.0616916,2958.1497,0.0733358,1008.87225,0.3464888,-67.81795,-0.8787479,-16.606419,-0.56624335,32.727654,0.23914036,0.05447064,0.3494709,-0.027168896,-0.37532225,0.30837148,0.43282208,30.767548,0.17794518,5.7812796,2.400762,-11.661849,-1.2309486,-21.543705,-0.43132263,-9.529724,20.56217,0.026963145,-0.0068242005,0.24700467,3.3898306,3.773585,0.205,0.175,0.04,0.01,-23.585333,11,16-2,77,SPEAKER_02,709.266667,870.333333,786.5578437500001,787.1653437500001,1,0.6075,engaged
38.62257,0.06779011,35.572464,39.724396,40.596416,5.0239525,18.190714,7.910515,-12.272182,19.483675,0.6568049,0.68023765,0.24959211,0.4785314,1.1587187,0.9091266,4.0484605,4.6276426,8.552746,0.22187471,0.2645985,0.8385573,14.710049,1.1517688,6.506427,1.5130624,-6.415153,-2.049499,-13.887419,-1.1967753,0.0148126595,1.002342,0.9549553,0.6831578,9.530445,0.3098897,3.9330418,1.2772794,22.925571,0.23680057,802.157,0.09452528,1067.3424,0.11839604,-82.63728,-1.1146655,1914.7219,0.067870185,721.25476,0.30274633,-91.99601,-0.9094613,2900.9685,0.04607905,638.76495,0.34287915,-92.43609,-0.9016289,-16.692137,-0.21272701,21.005802,0.25234663,0.054539733,0.25115588,-0.039402585,-0.16627966,0.41787285,0.39362845,23.841223,0.30903426,1.3811104,7.0275826,-3.9728441,-2.9393396,-25.61268,-0.35100466,-3.6601317,7.7812586,0.011765412,-0.0027254133,0.05450842,2.4691358,1.3157895,0.45999998,0.0,0.13499999,0.095,-23.07842,11,16-2,77,SPEAKER_02,709.266667,870.333333,787.7053437500001,788.5322187500001,1,0.826875,engaged
38.639847,0.046536177,36.580338,38.63919,40.01056,3.4302216,19.807903,2.0403948,6.378247,4.0179453,0.443058,0.5929273,0.21439628,0.3572932,0.73094785,0.51655155,2.738246,2.5475597,2.218438,0.29630625,0.17546809,0.60140276,29.970102,0.23293255,3.1035023,4.519357,-2.9826276,-4.238697,-15.916228,-0.84744793,0.017441941,0.87413645,1.0188181,0.67202646,9.797767,0.2792921,12.256939,0.904922,30.754295,0.31464416,771.54694,0.1831605,1316.6742,0.115688935,-42.28126,-1.4708012,1824.2423,0.07950983,1112.2657,0.15105914,-53.305275,-1.0497743,2903.5957,0.06297169,835.12933,0.2359705,-57.963886,-0.924277,-18.985014,-0.43247753,30.992813,0.2244231,0.058289617,0.4105856,-0.023702443,-0.62853456,0.20525584,0.47150934,31.139425,0.15183125,3.5934026,4.051761,-2.6553266,-5.224952,-17.963491,-0.74941576,-13.671578,22.36745,0.028017705,-0.024706328,0.04909119,3.3333335,3.5714288,0.22999999,0.03559026,0.049999997,0.01,-27.375305,11,16-2,77,SPEAKER_02,709.266667,870.333333,789.74721875,790.6584687500001,1,0.91125,engaged
36.32989,0.020098697,36.09375,36.375916,37.00964,0.91588974,6.9616795,0.0,-1.3846874,9.548433,0.40870923,0.32734522,0.3221335,0.4253683,0.53599584,0.21386233,2.5022707,1.9028411,1.6936455,0.0076939464,0.10166022,0.45372388,36.506786,0.12424764,8.496508,0.9946655,3.370892,3.1918232,-10.740259,-0.98024577,0.0050852117,0.7035684,0.5763341,0.95647407,12.669295,0.14903896,4.4532533,0.8911489,27.732738,0.17953442,775.8829,0.24027364,1309.4061,0.15898375,-27.107836,-1.3163445,1878.6284,0.15139948,1128.5806,0.18909483,-41.957348,-0.7690337,2917.4812,0.07481968,981.46106,0.34024748,-45.53674,-0.66735744,-20.376102,-0.36679536,32.564743,0.1888617,0.048712827,0.31375092,-0.011921787,-1.0368387,0.09711024,0.37247667,36.49397,0.13187638,7.5978966,1.1472148,2.0244784,5.4321337,-11.138642,-0.99171585,-28.76472,37.5707,0.047441736,-0.036549903,0.21466431,4.0816326,2.2727273,0.41,0.0,0.0,0.0,-27.209604,11,16-2,77,SPEAKER_02,709.266667,870.333333,791.89034375,792.39659375,1,0.50625,engaged
45.13245,0.029904118,44.07802,45.35092,46.430912,2.3528938,50.697765,39.00548,14.392891,13.296798,0.41699928,0.48716846,0.22812717,0.33248934,0.6180761,0.3899489,3.5707588,1.8833935,5.66337,1.6203408,0.17534794,0.94699615,18.70114,0.5258574,0.4485078,11.061027,-18.690084,-0.8410852,-24.591171,-0.6957079,0.017579103,1.002407,0.85722363,0.67564857,11.522643,0.38088557,7.5384007,1.0680953,35.87661,0.19870003,876.7184,0.18246695,1198.6956,0.18528812,-107.27759,-0.8863612,1887.392,0.14052862,1334.2155,0.31670976,-109.716324,-0.75109124,2899.3525,0.06354229,1034.9443,0.52744424,-115.94055,-0.660656,-12.119803,-0.588422,31.819506,0.17443004,0.06989188,0.31635237,-0.009217528,-1.937473,0.23944634,0.7646881,23.981033,0.19940127,-0.26587313,-17.73881,-28.908588,-0.29218915,-33.150337,-0.48806873,-9.016445,19.782646,0.014479893,-0.013400639,0.12297234,3.960396,2.0833335,0.24499999,0.16499999,0.14,0.10424331,-28.6955,11,16-2,77,SPEAKER_02,709.266667,870.333333,793.24034375,794.26971875,1,1.029375,engaged
0.0,0.0,0.0,0.0,0.0,0.0,0.0,0.0,0.0,0.0,0.14804642,0.091345705,0.1340889,0.15352702,0.15938558,0.025296673,0.0,0.0,-0.007019001,0.0,0.01874091,0.37628114,8.136132,0.61519974,-6.254206,-0.34211755,-0.021205802,-35.84525,-0.6144179,-4.9328465,0.0,0.0,0.0,0.0,0.0,0.0,0.0,0.0,0.0,0.0,0.0,0.0,0.0,0.0,-201.0,0.0,0.0,0.0,0.0,0.0,-201.0,0.0,0.0,0.0,0.0,0.0,-201.0,0.0,0.0,0.0,0.0,0.0,0.0,0.0,0.0,0.0,0.0,0.0,0.0,0.0,0.0,0.0,0.0,0.0,0.0,0.0,-1.4631728,8.508192,-0.0022453489,0.009808578,0.0,0.0,0.0,0.0,0.0,0.0,0.0,-52.326557,11,16-2,77,SPEAKER_02,709.266667,870.333333,794.3034687500001,794.37096875,1,0.0675,engaged
48.8728,0.060391758,45.186577,49.630383,51.81384,6.627262,23.499153,0.0,-22.716099,0.0,0.6208555,0.58782893,0.18759263,0.63407505,1.0049523,0.8173597,2.8096678,1.1480244,3.8640575,0.5892397,0.23101456,0.7590601,19.665586,0.2932829,-10.586587,-0.9698556,-24.490223,-0.6152179,-22.085238,-0.57740206,0.0140072,0.9346033,0.5441386,0.6784166,14.639535,0.1853196,14.641176,0.580216,31.500648,0.123136945,919.9444,0.13687018,1163.8008,0.33183768,-61.266037,-1.3407732,1891.9429,0.11355118,1131.7024,0.47891393,-70.89024,-1.03814,2988.4438,0.06155126,846.6976,0.29958567,-80.34217,-0.84511566,-11.55425,-0.82962435,29.850248,0.2071252,0.07070374,0.29091054,-0.01149594,-1.1363336,0.26617435,0.54886085,18.779427,0.3275076,-9.644306,-1.2243975,-27.606949,-0.58351785,-27.972696,-0.34236547,-5.756736,15.891838,0.051829733,-0.008577546,0.20396322,2.9411764,1.5873016,0.45999998,0.0,0.14,0.0,-23.847271,11,16-2,77,SPEAKER_02,709.266667,870.333333,804.96846875,805.66034375,1,0.691875,engaged
44.807983,0.12544885,38.32167,47.334167,49.486416,11.164745,53.85729,39.417202,48.455708,24.802502,0.56022626,0.7996681,0.28885376,0.39666775,0.7112608,0.42240703,6.2338915,4.63267,7.2726784,6.168372,0.2446822,1.2948219,21.739162,0.47257656,-1.9677118,-6.70286,-19.117466,-0.6729869,-20.14665,-0.69887114,0.019812547,1.4676335,0.8536663,0.8059388,11.6177435,0.38815323,15.029016,0.5851754,32.922615,0.20827526,841.86554,0.13545637,1088.3423,0.19029674,-51.6529,-1.5501093,1918.3253,0.080583915,823.9212,0.24387622,-62.549736,-1.094188,3021.893,0.06086129,802.36584,0.28694603,-70.99584,-0.9026418,-13.007663,-0.7046946,25.549217,0.21790454,0.06895845,0.3082902,-0.018471252,-0.9464596,0.3053297,1.1207811,21.820322,0.44060975,-3.670133,-3.7614124,-20.61496,-0.6772646,-24.690807,-0.4422433,-8.100409,18.63224,0.019834774,-0.01235395,0.06148446,2.777778,2.1582735,0.35333332,0.41611964,0.065,0.026925823,-22.189293,11,16-2,77,SPEAKER_02,709.266667,870.333333,805.91346875,807.3647187500001,1,1.45125,engaged
40.598198,0.09458667,37.85082,39.836197,43.032257,5.1814384,105.13806,131.41635,49.258137,49.297993,0.5569805,0.6054025,0.25229812,0.47240502,0.8552116,0.6029135,5.9997845,2.7443619,3.9553375,2.285384,0.24635443,0.66519207,26.080767,0.35495445,3.7212613,3.2222924,-6.159335,-2.7657077,-17.273802,-0.77632016,0.027518783,1.9197828,1.142305,0.67583287,9.73499,0.3710842,8.225032,1.2244381,28.512568,0.29747587,792.18536,0.17919286,1288.0146,0.16316436,-59.491516,-1.3259171,1839.8203,0.11352779,1108.3495,0.3286685,-67.65827,-1.0393993,2894.6775,0.076777436,936.62787,0.30792013,-73.1249,-0.9182543,-16.100922,-0.5184251,28.634409,0.27505997,0.04665552,0.44211885,-0.02432841,-0.617289,0.287549,0.54932654,28.46549,0.2515603,1.5316775,8.182444,-8.979028,-1.9785745,-21.033535,-0.60538673,-14.365979,23.370321,0.011605208,-0.015755946,0.12756489,3.846154,2.5974026,0.28399998,0.17012936,0.078999996,0.06073714,-24.260231,11,16-2,77,SPEAKER_02,709.266667,870.333333,807.85409375,811.7690937500001,1,3.915,engaged
39.220375,0.055006377,37.977074,39.78293,40.45018,2.4731064,30.811474,13.808359,11.736635,3.9763901,0.5321756,0.6870714,0.20621346,0.40515783,0.91523445,0.709021,7.912755,4.5781116,2.135184,1.7230456,0.23379993,0.760893,22.994287,0.39388183,2.1105883,6.8792934,-2.1455393,-8.819174,-13.653431,-1.0421245,0.0151888495,0.9366749,1.3130792,0.5638414,9.122841,0.36246538,5.3870907,1.916893,22.747667,0.35637432,769.70654,0.24906616,1310.3068,0.16699411,-58.981052,-1.3584515,1807.7499,0.14078751,1011.8478,0.3243685,-60.836613,-1.1771553,2900.3562,0.07149521,898.4238,0.3262467,-65.75263,-1.0414565,-16.858042,-0.46118096,25.869036,0.32174447,0.039595794,0.5191882,-0.025556993,-0.50824773,0.29670343,0.5354582,26.236153,0.22512062,2.1281726,7.7582707,0.723291,26.60498,-19.042294,-0.6124789,-5.2809896,13.797867,0.0043867338,0.0012634688,0.0414452,3.448276,1.4285715,0.53999996,0.06,0.089999996,0.078740075,-24.911755,11,16-2,77,SPEAKER_02,709.266667,870.333333,812.68034375,814.1484687500001,1,1.468125,engaged
37.300922,0.0647656,35.50824,35.9686,38.631134,3.1228943,149.44351,138.81602,17.898943,10.817308,0.38066787,0.6918389,0.21515635,0.3021282,0.4992177,0.28406134,1.6356639,0.87717766,3.4384973,1.9233749,0.16120663,0.73465204,29.915926,0.27029634,10.706239,0.688188,1.6464186,6.4788995,-13.384198,-0.7308447,0.017349783,0.797959,1.3148019,0.5519399,9.669797,0.2531958,6.281869,1.5416116,30.181614,0.31017947,784.6162,0.19877557,1357.8219,0.13639835,-55.65227,-1.3059334,1861.0735,0.09652389,1181.9185,0.32951194,-66.95561,-0.98561335,2947.8718,0.059291862,989.81024,0.40437952,-72.52372,-0.868865,-19.743395,-0.27440467,32.300304,0.21565837,0.03414398,0.54241806,-0.024326757,-0.40303552,0.19677442,0.5704352,31.475565,0.19758902,11.866092,0.6172086,3.4874573,3.204697,-15.495833,-0.6064562,-13.362798,27.370214,-0.01054854,-0.003740314,0.07944099,2.4096386,2.5974026,0.295,0.21499999,0.07,0.03,-27.082159,11,16-2,77,SPEAKER_02,709.266667,870.333333,814.2834687500001,815.1272187500001,1,0.84375,engaged
39.914627,0.048702374,38.683727,40.039703,41.215652,2.5319252,-7.8914213,23.523207,16.735657,3.768322,0.49612254,0.59523475,0.22131038,0.45577857,0.7954509,0.57414055,6.1491485,3.8129954,4.3444905,1.266994,0.21696949,0.77330774,29.380465,0.2608213,0.13270696,79.28421,-11.243099,-1.215607,-12.53464,-0.84817,0.016669746,1.2044461,0.9915978,0.5879532,8.890254,0.35902014,3.4145837,2.7880359,27.018501,0.30009347,757.4949,0.1712372,1271.6823,0.1373813,-53.80248,-1.4314367,1756.9062,0.0870571,1008.518,0.3392101,-58.43015,-1.2060548,2909.3855,0.05371011,781.49695,0.2902157,-67.28993,-0.9826214,-16.049347,-0.41215822,29.159348,0.18336546,0.034457557,0.7315037,-0.024140794,-0.6509973,0.24906775,0.64192593,30.103302,0.21773349,-0.70587367,-15.296714,-9.946931,-1.5352286,-13.520476,-0.8422552,-11.390989,26.679844,0.032897145,-0.015644677,0.14997208,4.477612,3.1007752,0.24249999,0.3450634,0.06,0.048989795,-26.166098,11,16-2,77,SPEAKER_02,709.266667,870.333333,815.44784375,816.7978437500001,1,1.35,engaged
37.858494,0.08099728,35.34722,37.81325,40.07041,4.7231903,7.9936013,17.994154,39.333736,32.628334,0.49072027,0.50531924,0.28532153,0.4454491,0.672155,0.3868335,6.621117,2.581896,3.1093986,2.0145442,0.18985721,0.5918997,30.856459,0.13751765,2.6149695,5.362382,-3.9682343,-4.6839294,-17.093975,-0.8844107,0.013138817,1.0064719,1.0386775,0.72899973,9.814625,0.3343719,5.8794165,1.7931861,26.408989,0.4232389,739.5005,0.2325103,1408.5002,0.1539063,-36.943123,-1.6345801,1775.6978,0.13895772,1151.9073,0.30159745,-45.079365,-1.2122415,2881.2593,0.0826621,918.15497,0.33114162,-51.08819,-1.012441,-16.565931,-0.5307159,29.57242,0.24437447,0.046516825,0.40310448,-0.01903689,-0.9129075,0.19457778,0.55093557,31.057728,0.13955179,3.2699635,4.3710046,-3.0896196,-6.0189915,-17.907629,-0.87349015,-13.746616,26.735357,0.02725587,-0.018297672,0.18067087,4.444444,1.8867925,0.45799997,0.22175662,0.0625,0.026809514,-26.128403,11,16-2,77,SPEAKER_02,709.266667,870.333333,817.18596875,819.9028437500001,1,2.716875,engaged
41.527023,0.011529958,41.023827,41.520584,42.073288,1.0494614,0.10835234,0.0,0.0,0.0,0.18651053,0.39759544,0.13018394,0.15276437,0.27317867,0.14299473,2.1731017,0.0,-1.1012518,0.97271675,0.04175897,0.740897,18.358305,0.7334687,7.568898,0.6699695,-17.259249,-0.25339964,-5.4927015,-4.2654395,0.024027977,0.6539537,1.5831178,0.935181,12.074158,0.2473141,18.965881,0.15755573,47.968113,0.059775572,699.85455,0.1586205,1381.0634,0.10264066,-147.27652,-0.56916296,1830.6333,0.051292434,1157.9016,0.1175317,-138.98572,-0.57278734,3071.9705,0.014096481,782.6512,0.12932494,-142.4749,-0.5274796,-23.051178,-0.052681785,35.233955,0.062730744,0.036812447,0.38426095,-0.038910713,-0.20438355,0.08151604,0.262647,32.23831,0.04021849,7.304907,0.2567592,-21.459726,-0.18793571,-35.220917,-0.17992242,-5.748417,13.124998,-0.005927009,0.008432357,0.017818099,2.5641026,3.0303032,0.11,0.0,0.19999999,0.0,-38.368668,11,16-2,77,SPEAKER_02,709.266667,870.333333,821.0503437500001,821.4553437500001,1,0.405,engaged
36.74961,0.047952216,34.83089,36.359356,39.007786,4.176895,19.272694,0.0,2.3519516,0.0,0.47147182,0.5336209,0.23269776,0.35125786,0.78410465,0.55140686,0.7689233,1.8975514,2.4305432,1.0513655,0.21206829,0.75061864,28.088947,0.22354643,5.5890064,1.1088796,-2.3832219,-3.1695294,-21.388319,-0.3244156,0.021643247,0.6954451,1.2718182,0.59610724,8.038925,0.3725613,-1.2223974,-5.6873503,26.019054,0.10307602,652.17914,0.25092626,1378.5481,0.17361508,-94.18744,-1.0100851,1700.8712,0.1958166,1166.9857,0.4784051,-95.2065,-0.8829868,2737.0793,0.11331279,741.0706,0.19500713,-97.264725,-0.84729165,-18.658112,-0.20248988,25.692774,0.15788583,0.05113105,0.34615692,-0.037667014,-0.21180011,0.31774127,0.45414764,28.50709,0.19397198,7.8021235,0.56782836,2.2744224,1.8296853,-24.674843,-0.2654327,-12.077903,24.069681,0.030313183,-0.023192635,0.08656177,3.7037039,2.0833335,0.28,0.0,0.17999999,0.0,-26.408726,11,16-2,77,SPEAKER_02,709.266667,870.333333,822.1472187500001,822.7040937500001,1,0.556875,engaged
37.031513,0.03725919,35.498463,37.037872,38.50605,3.0075874,18.704697,11.259458,14.372806,3.4085927,0.8449365,0.5453016,0.30857423,0.85260904,1.30714,0.9985658,10.4098,6.225476,5.899207,1.9997423,0.31196174,0.77719116,25.086668,0.42848518,-5.4957376,-1.6960673,-8.724529,-1.2178113,-8.402617,-1.3121315,0.010510843,1.0217589,0.8297176,0.75505406,10.058536,0.32864174,-2.1615572,-3.2639353,20.476337,0.4328593,693.783,0.25096568,1337.1204,0.12364652,-51.02476,-1.5685953,1714.0737,0.12329663,1193.404,0.37298134,-55.848694,-1.3083887,2763.5176,0.089806296,989.33307,0.24348232,-62.158737,-1.1269281,-11.90504,-0.41990745,23.981964,0.31033534,0.057386737,0.34367543,-0.024965016,-0.42730364,0.38597575,0.5949785,29.605574,0.22840855,-6.125766,-1.6354396,-10.115676,-1.1165133,-11.330535,-0.81958324,-2.6372247,12.098792,0.019197058,0.0050090817,0.0760718,3.0120482,1.242236,0.625,0.355,0.155,0.085,-21.402662,11,16-2,77,SPEAKER_02,709.266667,870.333333,825.5559687500001,827.2265937500001,1,1.670625,engaged
34.71786,0.034053337,34.23825,34.44879,35.72686,1.4886093,184.69139,172.88347,12.326591,11.003668,0.26099038,0.3071484,0.16940086,0.27993628,0.32701933,0.15761848,1.9821469,1.2984245,1.4821752,0.33366972,0.07724375,0.5082832,30.62896,0.35284325,14.377246,0.41770858,-3.5612206,-3.108455,0.17478551,37.135593,0.011487449,0.49065432,0.6912643,0.466573,10.676978,0.15712763,7.7430506,0.37845668,36.6924,0.12372418,903.94507,0.12352583,1364.6589,0.11663989,-81.89593,-0.9805716,1993.8411,0.07713066,1226.5167,0.15137611,-92.7607,-0.7829794,3157.9277,0.045841247,1077.4396,0.19352801,-98.26649,-0.70447457,-24.094013,-0.17249556,39.343674,0.107584015,0.03415536,0.34134582,-0.01540515,-0.4881169,0.09329296,0.3973418,37.16906,0.16021721,16.551336,0.36014974,2.5475993,2.8513682,-1.6728469,-2.8275843,-10.578111,20.670454,0.027248377,-0.007859891,0.057128906,5.479452,3.0303032,0.21,0.089999996,0.099999994,0.02,-32.036926,11,16-2,77,SPEAKER_02,709.266667,870.333333,831.2934687500001,832.0359687500002,1,0.7425,engaged
36.067207,0.043409586,34.826286,36.207172,37.723003,2.896717,12.605397,1.1190716,22.731447,0.0,0.60252863,0.4247665,0.32487437,0.6195691,0.84391993,0.5190456,5.796394,2.0904288,0.707798,2.4623938,0.20972638,0.5561813,33.624672,0.15925236,1.8963706,5.3336096,-6.411519,-1.135318,-1.1459627,-5.252886,0.014046922,1.162439,0.7414163,0.49311644,9.93989,0.3158771,5.825255,1.1790543,28.720415,0.2820581,696.8389,0.24918994,1396.1621,0.11851035,-37.66014,-1.61615,1709.9669,0.12665036,1086.3433,0.15859894,-41.82735,-1.2922353,2841.586,0.11243443,972.9549,0.21659096,-52.996418,-0.9526721,-15.732005,-0.4234813,30.599178,0.26922622,0.06004767,0.29916477,-0.017372806,-0.7961669,0.23914358,0.44323406,34.542854,0.13539313,3.073334,3.4915857,-6.5672803,-1.1803591,-2.7327442,-1.9908382,-10.562235,19.236763,0.025235837,-0.015431981,0.07932512,3.9473684,1.4084507,0.62,0.0,0.03,0.01,-24.916733,11,16-2,77,SPEAKER_02,709.266667,870.333333,834.6515937500001,835.42784375,1,0.77625,engaged
0.0,0.0,0.0,0.0,0.0,0.0,0.0,0.0,0.0,0.0,0.2890867,0.5386426,0.11621774,0.29271603,0.45337304,0.3371553,0.055874456,0.0,0.0,0.0,0.16928859,0.6792941,31.90149,0.17983145,5.892658,0.8638918,-15.904405,-0.3622516,-14.142857,-1.2911595,0.0,0.0,0.0,0.0,0.0,0.0,0.0,0.0,0.0,0.0,0.0,0.0,0.0,0.0,-201.0,0.0,0.0,0.0,0.0,0.0,-201.0,0.0,0.0,0.0,0.0,0.0,-201.0,0.0,0.0,0.0,0.0,0.0,0.0,0.0,0.0,0.0,0.0,0.0,0.0,0.0,0.0,0.0,0.0,0.0,0.0,0.0,-8.033163,19.843092,-0.0023164689,-0.00027176435,0.02801194,0.0,0.0,0.0,0.0,0.0,0.0,-32.50707,11,16-2,77,SPEAKER_02,709.266667,870.333333,836.8959687500001,836.98034375,1,0.084375,engaged
36.663773,0.02887875,35.87973,37.000114,37.48852,1.6087914,28.381443,0.2013197,1.4264055,13.861187,0.5048896,0.590774,0.23035793,0.474442,0.78229403,0.5519361,6.7460938,1.2664982,0.66342974,2.7230086,0.2225924,0.70115703,29.666946,0.36422697,2.4648542,4.5571575,-10.480946,-1.0221096,-12.27996,-1.085665,0.011613376,0.89005667,1.0482311,0.79925054,8.540621,0.43367153,4.5999465,2.03762,21.65676,1.9429955,698.5386,0.2680954,1535.3392,0.14147255,-44.26354,-1.6135657,1693.2975,0.13621463,1220.7826,0.23800787,-51.02989,-1.2486342,2793.5938,0.09326169,1162.174,0.36887607,-60.13864,-0.991192,-16.738672,-0.45478943,29.425066,0.28895658,0.07069235,0.293352,-0.016634153,-1.3824909,0.26033306,0.54858494,32.439293,0.20870872,3.0495882,4.1860447,-9.922197,-1.146669,-14.626025,-0.9624033,-9.655346,25.113167,0.049751587,0.012832523,0.19242005,3.125,3.2967033,0.24333334,0.10498677,0.04,0.0,-26.254393,11,16-2,77,SPEAKER_02,709.266667,870.333333,837.4697187500001,838.4484687500001,1,0.97875,engaged
35.567154,0.05951317,33.61603,34.843136,38.217083,4.6010513,14.960309,0.0,5.241685,6.095876,0.6079552,0.39556247,0.33170563,0.711346,0.7664398,0.43473417,2.755643,0.46117628,-1.4939345,2.8262208,0.17710032,0.5367286,38.574688,0.107206225,7.3742566,0.9790678,-13.839312,-0.8142539,-20.451805,-0.5882817,0.0071927314,0.6262381,0.6429715,0.8171666,10.637398,0.15979682,1.6427377,2.2277844,34.14813,0.11829049,826.8383,0.15762915,1493.7332,0.14915341,-10.641306,-1.9886242,1804.7013,0.12125605,1514.0411,0.1637337,-31.61232,-0.57330394,2921.7632,0.06651618,1179.7472,0.2943547,-40.68705,-0.4121562,-14.886156,-0.43663678,34.125942,0.10916909,0.046789322,0.33231077,-0.028491396,-0.42923158,0.19075039,0.47390735,39.277966,0.08735723,8.256281,0.8588227,-13.162892,-0.8842389,-22.6884,-0.4617744,-7.106575,22.633078,-0.00499117,0.019152869,0.0,2.9411764,1.6129032,0.59999996,0.0,0.0,0.0,-24.907568,11,16-2,77,SPEAKER_02,709.266667,870.333333,840.0009687500001,840.6928437500001,1,0.691875,engaged
36.854668,0.051763773,35.650784,37.18967,38.329666,2.6788826,229.21933,374.72943,19.034628,10.32004,0.44183636,0.6179522,0.1925329,0.3770525,0.68730533,0.49477243,6.0235634,1.4737414,2.060094,1.8687491,0.16713804,0.7688554,25.974018,0.3691331,3.806566,2.8524456,-5.9883738,-2.2628887,-8.524403,-1.5249419,0.016977813,0.677401,1.2435004,0.80160284,8.903394,0.3495123,5.6976247,1.6540592,29.42698,0.24815705,751.85144,0.19963083,1345.1431,0.15358233,-66.62426,-1.2616038,1805.6222,0.08296403,1080.0905,0.31623513,-75.08271,-1.0182997,2908.1104,0.076573804,922.91486,0.3578766,-82.41356,-0.8706195,-15.287104,-0.5063831,26.736198,0.31751058,0.053452868,0.3801771,-0.02299565,-0.6987832,0.20822051,0.5917447,27.791763,0.31376556,4.9505806,2.4987295,-5.8866982,-2.6727717,-11.769861,-1.1804782,-9.41777,17.943287,0.018497027,-0.011169759,0.07761322,4.0229883,2.9761906,0.22799999,0.053065997,0.088,0.06852736,-27.65306,11,16-2,77,SPEAKER_02,709.266667,870.333333,841.6884687500001,843.44346875,1,1.755,engaged
34.028706,0.03218278,33.5982,34.200836,34.576412,0.97821045,17.720413,0.0,13.86097,24.04275,0.56281614,0.6478712,0.19373012,0.43539372,1.0053874,0.8116573,2.386076,3.312843,5.3630204,0.0,0.2248494,0.6268885,32.326565,0.19231795,0.3087479,39.84717,-8.0761385,-1.1313708,-8.832049,-1.3945963,0.015081777,0.9914243,0.7814212,0.4575086,7.8343916,0.3142906,-0.32617018,-15.879658,25.056374,0.45728633,631.46045,0.24589281,1428.9712,0.09311189,-48.264492,-1.5481573,1671.1797,0.11855822,1485.3365,0.26591244,-58.923363,-1.1835272,2562.0388,0.10842347,1258.0829,0.30470344,-63.954674,-1.0519657,-15.714534,-0.4783852,28.695091,0.28385898,0.037473258,0.42441022,-0.01930138,-1.1016563,0.2842553,0.46382007,33.667385,0.19010319,4.166316,3.072007,-8.927434,-1.2072955,-10.066656,-1.452644,-9.091901,21.459229,0.047982357,-0.0059164413,0.14671251,2.5641026,2.9411764,0.26,0.0,0.06,0.0,-25.383993,11,16-2,77,SPEAKER_02,709.266667,870.333333,843.91596875,844.32096875,1,0.405,engaged
41.439793,0.08870338,38.04449,42.280968,44.75495,6.7104607,83.625824,55.116398,89.60786,43.51457,0.61556786,0.69404215,0.22346663,0.53645945,0.96575165,0.742285,6.680622,4.6153,4.4014525,2.0052087,0.28801462,0.7918345,17.497503,0.46552658,3.4148307,3.0035756,-21.637682,-0.5079767,-30.472294,-0.7661434,0.025474202,1.6779503,0.9292291,0.9618051,9.844346,0.38976687,12.915841,1.1604902,34.503437,0.35768285,759.37604,0.14841177,1421.9464,0.15502742,-63.983532,-1.4569998,1723.8759,0.07833885,1050.8967,0.20871645,-72.96761,-1.0832142,2937.3508,0.048094567,629.81726,0.2834397,-78.90979,-0.9535931,-18.054356,-0.30212072,27.506205,0.20920043,0.06417584,0.2509227,-0.031013206,-0.42742467,0.38598046,0.5388951,19.915638,0.3268204,1.4823487,7.2033753,-25.447416,-0.34781623,-41.120766,-0.39032787,-10.139763,19.599995,0.026422348,-0.014578673,0.10392933,3.5714285,2.8037386,0.24,0.115181014,0.07,0.022360679,-23.00432,11,16-2,77,SPEAKER_02,709.266667,870.333333,844.70909375,845.83971875,1,1.130625,engaged
35.615044,0.018351335,35.059788,35.57872,36.104088,1.0443001,13.518306,5.081174,11.268628,8.619852,0.4683956,0.5018812,0.20058575,0.4834721,0.68705726,0.4864715,4.96198,2.4664462,2.2358398,1.3905915,0.15884843,0.6629935,33.501778,0.23128822,10.481573,0.9191608,2.2214859,6.8510175,-7.022893,-1.37185,0.008292589,1.0958844,0.7077434,0.7333769,11.190376,0.24885646,9.325626,1.1617796,33.8388,0.1845432,652.03723,0.27716976,1448.346,0.14318782,-33.000645,-1.6779127,1722.3282,0.118073694,1194.9668,0.20582087,-46.37523,-1.0341585,2824.4636,0.09353572,1073.7909,0.28680137,-55.28356,-0.8075793,-21.02762,-0.36077076,33.05928,0.23261918,0.06110144,0.33507872,-0.01930527,-0.49326116,0.17993534,0.550987,34.950863,0.20375356,11.891898,0.81080383,2.7153716,5.8447614,-8.449227,-1.13177,-9.663603,20.585983,0.005217719,0.0012724765,0.03167105,4.545455,2.3809524,0.36666667,0.1759419,0.03333333,0.012472192,-24.798065,11,16-2,77,SPEAKER_02,709.266667,870.333333,851.6615937500001,852.99471875,1,1.333125,engaged
38.63351,0.053497974,36.742958,37.665962,41.182747,4.439789,7.3915005,0.0,21.926529,0.0,0.48696548,0.47544077,0.25922236,0.4813398,0.71371776,0.4544954,4.959241,4.632959,2.5893881,0.0,0.16945386,0.86994356,21.037582,0.1176703,15.443997,0.6575479,-2.8746545,-2.3762193,-27.546677,-0.2512944,0.011989827,0.53067166,0.7841121,0.5595853,11.158697,0.11508325,13.215186,0.970927,30.217638,0.16521934,690.7431,0.16817106,1276.4548,0.107004516,-17.959347,-2.424486,1847.2378,0.088981315,972.2334,0.18010616,-40.19388,-0.8474082,2933.502,0.030877646,532.92285,0.3171087,-40.127434,-0.8567544,-19.489542,-0.18413289,25.272465,0.16466354,0.06510237,0.119767465,-0.037057877,-0.10372912,0.20214689,0.72443974,20.564808,0.111624785,14.78037,0.6361246,-3.5022533,-2.0864995,-29.663414,-0.16795655,-7.7101293,18.352291,0.0019971314,-0.004426183,0.021603642,2.3809524,2.777778,0.32999998,0.0,0.0,0.0,-26.020193,11,16-2,77,SPEAKER_02,709.266667,870.333333,856.79159375,857.23034375,1,0.43875,engaged
34.64655,0.033636823,33.540825,33.980576,36.09067,2.5498466,17.713299,12.644849,16.275108,5.3516817,0.34276524,0.49226055,0.1870367,0.32644427,0.47201854,0.28498185,2.0451493,2.0906363,2.5327623,0.7770229,0.107918255,0.6500615,30.429195,0.3889943,8.9346485,0.6376429,-1.309271,-7.3186107,-14.626549,-0.7332575,0.016246371,1.00204,1.1675171,0.83061486,9.143796,0.3459556,3.5375962,2.7874932,32.354267,0.2419206,659.4436,0.27169275,1443.4985,0.13860682,-50.235085,-1.4371023,1677.0579,0.12967809,1183.5277,0.18244296,-60.797318,-1.0171181,2854.0012,0.06760589,929.5751,0.26808977,-70.00071,-0.8117936,-17.876394,-0.3255267,30.88882,0.31882343,0.045069385,0.47239253,-0.025822692,-0.46927676,0.12702459,0.55637544,34.0318,0.2813432,10.576502,0.4803134,-2.266901,-4.668763,-16.522362,-0.56405056,-9.802069,16.748865,0.019947141,-0.016253883,0.06969119,4.4117646,4.7619047,0.15666667,0.10656244,0.03,0.014142135,-30.202702,11,16-2,77,SPEAKER_02,709.266667,870.333333,859.20471875,859.89659375,1,0.691875,engaged
36.535908,0.03634386,35.1462,36.338215,37.990482,2.844284,17.262474,16.11279,12.87755,3.4642584,0.55321556,0.57157385,0.20611714,0.57028204,0.8299497,0.6238325,6.1568236,2.2472866,3.360837,1.5247328,0.1925413,0.7124632,27.708853,0.3538637,7.968641,1.3713471,-6.7638373,-1.9483614,-12.008222,-1.0876836,0.0117856385,0.85779846,0.97974896,0.79477656,9.6009865,0.36365116,3.8994062,1.493173,28.780678,0.24819936,670.1415,0.28134707,1400.6158,0.10893769,-39.42747,-1.613649,1689.1992,0.1556891,1173.6179,0.24778588,-45.762245,-1.2179152,2777.7725,0.08651882,987.5573,0.274314,-53.351242,-0.9861004,-16.493464,-0.39052173,29.060692,0.2620903,0.058325402,0.37561566,-0.019703487,-0.55018955,0.22128601,0.5806309,30.59146,0.24452895,6.6154428,1.6714829,-5.6497035,-2.4683383,-14.62367,-0.81223273,-8.813177,16.476412,0.02120925,-0.007491729,0.033293866,3.726708,1.2820513,0.675,0.044999998,0.074999996,0.015,-24.311306,11,16-2,77,SPEAKER_02,709.266667,870.333333,865.43159375,867.0515937500002,1,1.62,engaged
32.357983,0.04003838,31.032084,32.73406,33.56323,2.531145,78.90625,0.0,-3.5213156,17.740948,0.16679832,0.31533137,0.10859548,0.16826028,0.23279518,0.124199696,1.616501,1.1147556,0.99718404,0.50649273,0.0500688,0.491189,29.729618,0.30196127,7.1325397,1.1584433,4.89189,0.97073096,1.7734711,5.5301147,0.020698698,0.602726,2.0818279,0.45060396,6.2952332,0.52262026,7.9142065,0.45830536,34.058033,0.121343195,845.1742,0.14383999,1220.1361,0.12398957,-113.30056,-0.7785266,2004.761,0.07240126,980.58777,0.14953871,-121.87848,-0.65139467,2963.122,0.05554086,1044.5063,0.4327729,-122.92975,-0.6387231,-20.444933,-0.2549998,30.529226,0.22541267,0.028187836,0.69243056,-0.022967303,-0.7292196,0.06671894,0.30248395,35.958015,0.17426285,12.341424,0.50639343,6.586907,0.6143208,-5.7326097,-1.6722189,-11.705639,20.531792,0.010702496,0.00657163,0.038531978,6.0,4.5454545,0.095,0.035,0.22,0.0,-40.35086,11,16-2,77,SPEAKER_02,709.266667,870.333333,869.8190937500001,870.333333,1,0.51425,engaged
39.1077,0.09017073,35.03244,38.914333,43.19128,8.15884,3.4302235,0.0,12.975237,0.0,0.191134,0.3335156,0.14126815,0.16360715,0.24477531,0.10350716,1.49973,1.3136294,0.7910376,0.5825564,0.03302748,0.8223251,25.172329,0.08347283,8.460659,0.70782435,-9.666926,-1.0200791,-14.612866,-0.8936649,0.024145838,0.62792164,1.0384084,0.55093324,7.1708922,0.5239745,1.2010831,4.190928,29.189865,0.17954265,789.6816,0.17215718,1293.7628,0.16102654,-31.697668,-1.8039037,1775.2001,0.09146387,1056.6001,0.18842183,-44.580433,-1.1165335,2917.6953,0.052137196,787.85565,0.31723735,-52.341026,-0.90324354,-12.263611,-0.49474367,27.058887,0.12709068,0.01874894,0.82608,-0.014282095,-0.7199041,0.03343658,0.8483096,25.00867,0.07796056,8.551663,0.6797699,-10.008042,-1.0072213,-15.506053,-0.8743513,-11.679079,23.04331,0.027916966,-0.020730337,0.04585685,4.4444447,2.3809524,0.36499998,0.085,0.07,0.0,-41.420807,11,16-2,77,SPEAKER_03,709.266667,870.333333,762.32534375,763.2365937500001,1,0.91125,engaged
40.044827,0.0039339047,39.914066,40.048233,40.16743,0.25336456,14.848837,0.0,-17.708397,0.0,0.50935686,0.3209997,0.3182844,0.58664066,0.6430798,0.32479542,2.8358192,0.0,-1.5281882,3.7430825,0.27574122,0.42767859,31.541784,0.081381455,-0.11520241,-30.594486,12.155283,0.16454358,-1.2476395,-2.4310255,0.050640855,0.2774907,1.7981274,0.53314006,10.487236,0.06650783,14.130795,0.17916122,21.275883,0.09377382,942.81885,0.11392325,1370.0358,0.067718044,-81.41504,-0.9293352,1991.1305,0.046264116,1227.2574,0.071133554,-74.10599,-0.82909125,3161.4863,0.062710635,1351.3787,0.06403904,-78.817856,-0.7484625,-20.325766,-0.07280898,32.434013,0.08175039,0.045524944,0.06977583,-0.008559303,-0.18798089,0.3732418,0.11510259,32.75645,0.063772544,1.6410362,1.2643293,11.393831,0.13999903,0.24316838,10.161805,-18.795895,27.446423,0.052308597,-0.018081557,0.50013876,7.142857,12.5,0.049999997,0.0,0.0,0.0,-24.437515,11,16-2,77,SPEAKER_03,709.266667,870.333333,824.4422187500002,824.59409375,1,0.151875,engaged
31.245855,0.23395611,24.636324,35.28271,35.92259,11.286264,385.6702,0.0,-8.731287,0.0,0.42967683,0.53961635,0.19988619,0.47748902,0.62403715,0.42415094,3.1907206,3.2229779,3.3371174,2.2848175,0.21963234,0.727897,16.82209,0.76050967,6.5382347,1.637626,12.570666,1.0444176,9.379527,0.7726932,0.120504744,1.2900089,1.5239164,0.44911,8.210252,0.43251988,3.4164724,4.1449294,20.192085,0.26858893,843.78864,0.25986648,1607.8737,0.1632424,-159.79314,-0.45111695,1784.093,0.115271,1114.1295,0.1734528,-154.34009,-0.4822718,2991.5483,0.10203763,1216.3684,0.1883625,-155.63553,-0.46447006,-24.205069,-0.15718594,32.60657,0.16665655,0.030370386,0.37998807,-0.013202608,-0.35650933,0.31370375,0.29802567,28.422436,0.10496814,15.468989,0.43814975,27.019665,0.13446383,10.963109,0.29734972,-7.8216243,13.787498,0.049436435,0.013339609,0.21249273,2.9411764,1.6129032,0.16,0.0,0.44,0.0,-25.804878,11,16-2,77,SPEAKER_03,709.266667,870.333333,824.64471875,825.33659375,1,0.691875,engaged
40.715954,0.0065625706,40.49682,40.848602,40.914474,0.41765594,27.996572,0.0,-7.022524,11.690491,0.33896062,0.3563982,0.24448201,0.3094699,0.36576566,0.12128365,3.883102,2.281342,2.4948802,2.4539008,0.21480173,0.95880026,23.061087,0.51138127,4.3367968,2.030597,-13.7886,-0.8423035,-0.3037705,-30.15833,0.01636118,0.58168006,1.8759791,0.61740834,11.774387,0.21815926,6.0362825,1.235371,25.387844,0.14701132,836.48157,0.12163815,1486.7312,0.22063522,-125.29696,-0.6422388,1872.8418,0.085349925,1163.8818,0.1984336,-131.21977,-0.5654452,2989.7778,0.11089123,1048.4006,0.19083448,-134.72635,-0.52300674,-22.933296,-0.45104292,35.460964,0.26768586,0.035895485,0.2003477,-0.008900055,-0.9756478,0.4038688,0.5506759,24.01989,0.37117273,12.3803835,0.6528556,-5.0591908,-2.6175926,-2.4139118,-3.5037441,-9.550221,22.332294,0.032364167,-0.0031706984,0.10964223,10.810811,3.125,0.13,0.0,0.08,0.03,-24.109236,11,16-2,78,SPEAKER_01,870.366667,887.466667,870.73034375,871.1184687500001,1,0.388125,disengaged
35.59259,0.07607028,33.26452,35.62483,39.40406,6.1395416,100.105316,116.71861,14.2853565,1.5196624,0.32473242,0.4268435,0.21473865,0.26235986,0.47141945,0.2566808,2.6775768,1.8467904,0.8175084,0.9039949,0.11224402,0.7490889,26.10745,0.3601437,5.536606,1.539156,-13.128669,-0.8600861,-8.213871,-2.009759,0.031184517,2.1183798,1.1804197,0.54629534,7.4505076,0.5160869,3.028224,3.1899266,31.32361,0.26425374,820.26996,0.19878057,1382.9827,0.13144954,-62.43532,-1.3210399,1828.753,0.111013904,1211.6754,0.16366985,-71.05496,-1.0454725,2949.2095,0.070541956,1051.5366,0.34084046,-77.85843,-0.90057606,-17.263342,-0.35779354,32.360832,0.16403495,0.050968193,0.2752998,-0.019215582,-0.56256354,0.13630989,0.60638887,30.457098,0.19330911,7.2610965,1.1938266,-13.674437,-0.92246866,-12.734905,-1.2036763,-8.955822,21.243391,0.025168097,0.000615001,0.06173275,2.6785715,1.869159,0.385,0.16499999,0.08333333,0.020548046,-30.201963,11,16-2,78,SPEAKER_01,870.366667,887.466667,871.6415937500001,872.7722187500001,1,1.130625,disengaged
36.0637,0.1006755,35.279003,36.105125,37.865326,2.5863228,398.55316,271.57056,48.7543,42.997814,0.35935265,0.507933,0.1936668,0.31187734,0.5515748,0.357908,2.6752238,1.572261,2.651922,1.6640848,0.13532971,0.79444444,23.945236,0.47375152,11.824525,0.9266025,-12.197007,-0.84909195,-8.703668,-1.4204425,0.014908407,0.65321654,1.0210314,0.48308682,8.233686,0.41357055,1.1906701,14.204974,27.309435,0.61297053,735.38464,0.27029428,1437.9875,0.15402777,-92.43394,-0.9676221,1765.746,0.15247054,1147.2521,0.18979147,-95.12018,-0.84573066,2904.2607,0.10487066,988.6066,0.24344355,-99.837074,-0.7665466,-18.009327,-0.43699855,30.273708,0.2697384,0.050985325,0.24720526,-0.02305759,-0.39385644,0.18152183,0.53745675,27.164253,0.30156904,14.023136,0.67476076,-11.512349,-0.9596645,-12.692352,-0.9857465,-9.829201,18.63967,0.029623458,-0.0064512854,0.07437231,4.0201006,2.5773196,0.22799999,0.08997778,0.114999995,0.05737305,-27.513735,11,16-2,78,SPEAKER_01,870.366667,887.466667,873.7847187500001,875.79284375,1,2.008125,disengaged
36.591343,0.06327805,35.67346,37.03328,38.405792,2.7323341,121.26957,99.225975,-23.157644,26.132833,0.39678982,0.47253245,0.2488638,0.38044295,0.5871041,0.33824027,2.6857264,1.29027,3.4589765,2.1953576,0.1633347,0.59381187,27.895197,0.29765037,4.0840225,2.5802045,-11.478199,-1.1909821,-14.14829,-0.6780474,0.02668878,1.3451654,1.0951555,0.44662705,8.5332,0.34611604,1.1751168,8.626191,28.030132,0.26649752,788.5965,0.21254872,1398.7354,0.1520536,-51.272633,-1.4732355,1784.8354,0.13265908,1212.0536,0.18250509,-58.909786,-1.1455839,2956.2625,0.07292082,868.98444,0.22868006,-66.003075,-0.96325296,-15.764661,-0.64324105,32.729736,0.21450089,0.060372345,0.18679151,-0.019376555,-0.5704638,0.19658725,0.42923516,31.003088,0.13873117,5.696906,1.9212964,-12.603817,-1.1884001,-17.274843,-0.4000603,-10.908144,25.06853,0.07662668,0.022354973,0.07255846,5.46875,1.6260163,0.48499998,0.375,0.07,0.037416574,-28.10091,11,16-2,78,SPEAKER_01,870.366667,887.466667,876.3328437500002,877.63221875,1,1.299375,disengaged
35.690887,0.035600144,34.504498,35.55812,36.51532,2.0108223,69.97397,84.10565,8.889055,6.083346,0.37273186,0.4161387,0.24042767,0.3302171,0.53051704,0.29008937,3.2859676,2.7561488,2.4545898,1.2915443,0.12387714,0.64509666,25.154257,0.40926948,7.0757213,1.6202005,-13.327652,-0.87463045,-5.5822625,-2.270838,0.016143,1.084107,1.0993025,0.57256633,8.160949,0.40256086,4.3845353,2.545543,31.38879,0.2898492,740.321,0.23439063,1399.3177,0.17995945,-64.35673,-1.3138986,1766.2407,0.13931407,1150.2108,0.25541568,-71.813416,-1.0539781,2900.996,0.103657514,981.24084,0.2579533,-79.08349,-0.8992335,-15.935053,-0.488154,28.586622,0.24615808,0.05166631,0.34022662,-0.016472513,-0.8322541,0.15197012,0.51708955,29.47398,0.2190164,7.3048844,1.6256487,-13.038679,-0.9368336,-10.266587,-1.0939434,-8.154549,18.031992,0.028282406,0.0011430465,0.054529555,4.4543433,2.927928,0.23615384,0.14145064,0.089999996,0.048648395,-30.525255,11,16-2,78,SPEAKER_01,870.366667,887.466667,877.8684687500001,882.3740937500002,1,4.505625,disengaged
37.24538,0.03401208,36.10871,37.08905,38.35198,2.243267,100.98341,137.8317,21.260538,11.153826,0.32969072,0.48791173,0.19339587,0.28765994,0.4618462,0.26845032,3.467691,2.480371,2.888104,0.75696915,0.14545837,0.71941406,30.021336,0.24677168,7.482711,1.2498006,-7.4478583,-1.5831186,-8.965288,-1.3671073,0.01894601,0.9534906,1.2132652,0.5582871,8.431008,0.385536,5.453695,2.4165657,30.66535,0.29892647,765.2322,0.18841241,1388.3998,0.1275546,-75.16105,-1.1014265,1804.1151,0.11238318,1098.9006,0.2056969,-79.78112,-0.9463107,2944.977,0.08306114,929.7304,0.24683915,-86.31482,-0.8223455,-19.30492,-0.36663258,31.308744,0.22574662,0.049630474,0.37278605,-0.024380341,-0.50334394,0.179857,0.57808304,32.350124,0.16270149,8.071669,1.1880916,-7.423414,-1.7767558,-14.040573,-0.72119766,-12.496047,23.012497,0.033828992,-0.010134941,0.07335003,4.113924,2.8938909,0.2311111,0.18101224,0.09222222,0.06511149,-28.801407,11,16-2,78,SPEAKER_01,870.366667,887.466667,882.94784375,886.1203437500001,1,3.1725,disengaged
38.525387,0.027771331,37.422634,38.38852,39.826534,2.4039001,25.907965,8.542612,26.48713,0.0,0.45991656,0.7386393,0.15427403,0.27759483,0.86269295,0.7084189,3.0980732,1.8165361,2.6850076,0.0,0.20603397,0.8846973,22.548286,0.21263126,5.602335,1.5172969,6.270729,1.569548,-17.913948,-0.96753633,0.0132038705,0.83544415,1.0170413,0.525478,10.651733,0.21000111,13.57573,0.6545419,23.343307,0.19921598,775.5059,0.12814228,1237.3993,0.107544675,-97.362755,-0.92618376,2052.7573,0.06271078,670.16064,0.30780473,-104.55927,-0.7901932,2968.2295,0.03974762,819.34705,0.15477264,-102.06347,-0.82869875,-18.737053,-0.16880961,22.839737,0.2123736,0.07300003,0.27400845,-0.04092102,-0.17738059,0.33589035,0.46784234,24.537094,0.115698464,7.911572,1.0580603,10.168337,0.8857852,-32.09164,-0.33380574,-11.26345,17.830864,0.022156535,-0.009715287,0.06713401,1.4925374,1.6129032,0.34,0.0,0.125,0.105,-24.658646,11,16-2,78,SPEAKER_01,870.366667,887.466667,886.77846875,887.466667,1,0.6881875,disengaged
37.694675,0.05930214,35.782806,36.035122,40.606148,4.8233414,21.60602,0.0,0.6412711,1.2194505,0.56875646,0.47057974,0.2946996,0.57000273,0.7806764,0.48597682,4.111794,2.2152696,3.5084426,1.6270955,0.18200907,0.8130489,30.89301,0.16145943,4.373185,3.2687144,-3.3027785,-6.0783124,-10.69506,-1.1522655,0.010444667,0.8495865,0.7840471,0.743236,10.779105,0.2583364,4.310244,1.5685129,27.156645,0.23208432,746.4369,0.18847495,1371.7808,0.14886048,-21.194754,-1.2456993,1809.124,0.10646404,1067.9558,0.21639216,-30.270632,-0.7857628,2865.8738,0.075374365,898.65436,0.29819214,-38.37917,-0.57191515,-18.275028,-0.378194,28.698805,0.24071427,0.04582287,0.34437963,-0.020509439,-0.44068232,0.20258284,0.72425276,31.492577,0.15214293,5.858555,2.3752255,-2.464833,-8.529831,-12.796322,-0.86186326,-12.421667,26.16299,0.027753271,-0.014833371,0.029323837,3.896104,2.8169014,0.33499998,0.055,0.0,0.0,-23.936882,11,16-2,79,SPEAKER_01,887.5,891.066667,887.5,888.2803437500002,1,0.7803125,engaged
42.825665,0.06424061,39.81259,43.43332,45.546974,5.7343826,17.87144,8.698503,77.12401,21.454527,0.86336863,0.54749745,0.35194618,0.9331073,1.2995839,0.94763774,4.8162184,2.0347638,4.012196,1.9981554,0.4033341,0.58451253,22.245562,0.34750548,-10.095765,-0.84749913,-14.755946,-0.7301195,-22.17967,-0.53650445,0.024147838,1.0638729,1.1192131,0.6975883,9.638304,0.44182482,2.5105212,4.042439,21.360107,0.32893798,841.5806,0.16282201,1398.4034,0.3048601,-46.089653,-1.5815157,1702.3832,0.07528593,1124.3949,0.15489146,-51.80548,-1.2434376,2854.694,0.039415017,563.67426,0.28105003,-58.67384,-1.045788,-11.084962,-0.58305526,25.793123,0.19264705,0.07532061,0.2486237,-0.0058203097,-2.6449277,0.48347336,0.37005243,24.443151,0.2167782,-11.719249,-0.78352195,-16.920237,-0.6679616,-26.43866,-0.34172404,-6.016175,18.737158,0.06652177,0.030764299,0.39704254,3.539823,1.980198,0.41,0.04,0.074999996,0.044999998,-20.631037,11,16-2,79,SPEAKER_01,887.5,891.066667,888.71909375,889.86659375,1,1.1475,engaged
36.772007,0.015457377,36.374454,36.747654,37.180435,0.8059807,26.570328,13.981645,2.1904542,7.7169943,0.43589517,0.40315685,0.27455568,0.43904194,0.59860206,0.32404637,2.8597004,0.94314444,3.2716126,2.088004,0.16866854,0.51408035,29.571466,0.20373642,2.1145065,5.0711265,-18.423983,-0.5824739,-6.0107675,-2.045167,0.015775809,1.1737365,1.0863035,0.42249525,9.055427,0.25498676,5.4434247,2.3018365,32.031746,0.21977583,807.0509,0.19190238,1405.6891,0.13251929,-60.646675,-1.3548641,1789.7637,0.12746255,1289.7378,0.27923468,-66.11033,-1.1195523,2947.908,0.083734035,1056.875,0.17949404,-76.28757,-0.8955559,-14.765454,-0.43710744,29.892542,0.18864067,0.044336002,0.4795278,-0.015735282,-0.58500695,0.17402005,0.4410424,31.726948,0.13164328,5.1717453,1.936209,-17.571495,-0.6700004,-8.1494055,-1.4252366,-9.070196,21.122896,0.015357268,-0.010785936,0.13146722,4.8192773,2.5974026,0.28,0.22999999,0.085,0.005,-29.927551,11,16-2,79,SPEAKER_01,887.5,891.066667,890.2209687500001,891.066667,1,0.8456875,engaged
36.395164,0.021066438,35.477257,36.786407,36.92432,1.4470634,6.977757,4.5983734,6.647714,0.0,0.42619467,0.3354379,0.2676798,0.4304149,0.5871724,0.31949258,2.6557121,0.93948734,1.4773842,1.1752994,0.11143733,0.63267195,26.187592,0.22745387,0.93559766,7.1977444,-18.690828,-0.4446907,-14.137092,-1.0285771,0.014262921,0.85129815,0.8675692,0.37333876,9.18441,0.24242666,-0.20202477,-63.579983,28.401016,0.28739005,735.47205,0.231887,1447.6707,0.15920289,-44.04244,-1.7504286,1730.099,0.11967994,1215.806,0.17684029,-52.2195,-1.322795,2830.5913,0.087774776,888.24414,0.23903728,-61.138893,-1.0576934,-13.606517,-0.34000215,27.688,0.19091402,0.058195423,0.19394995,-0.017086945,-0.74255335,0.13197196,0.53019303,27.359793,0.15643333,1.5712202,4.5290875,-18.735964,-0.4935468,-16.331274,-0.8558161,-1.7295347,16.131762,0.02763037,0.0008619028,0.04105642,4.0816326,2.3255816,0.34,0.0,0.07,0.0,-31.434006,11,16-2,80,SPEAKER_01,891.1,891.6,891.1,891.6,1,0.5,disengaged
36.30537,0.051933534,34.76703,36.213715,37.791805,3.0247765,36.966053,21.092072,17.4278,5.2731304,0.3032289,0.41366243,0.20118262,0.27263647,0.40126872,0.2000861,3.831388,2.9086764,2.1010306,1.1979738,0.117131084,0.8938116,25.867971,0.41756764,3.3799593,2.7269723,-6.4309716,-1.2667674,-6.222695,-2.05676,0.021362,0.82619923,1.1887561,0.4678597,7.950528,0.35606423,11.959637,0.754534,35.869934,0.21129023,801.35583,0.18293035,1322.1025,0.12173096,-108.90646,-0.82962704,1812.7251,0.08356473,1088.7654,0.37111205,-109.95939,-0.76392686,2988.5747,0.07095807,897.6068,0.30509105,-115.85799,-0.6785739,-18.48958,-0.32259834,31.384352,0.21043299,0.05031133,0.41321003,-0.023102885,-0.611654,0.16408283,0.7680495,31.876726,0.18518713,9.233807,0.7169042,-7.884833,-1.2175647,-9.304614,-1.5001509,-6.861457,16.471992,0.025324477,-0.0054437392,0.0692191,4.761905,2.4390244,0.202,0.13948476,0.186,0.14813507,-31.276287,11,16-2,81,SPEAKER_01,891.633333,915.6,891.633333,893.7478437500001,1,2.1145,engaged
35.747902,0.0049491352,35.59455,35.732662,35.905457,0.31090546,7.544772,0.566165,1.2191182,2.644303,0.37034994,0.29068878,0.2609195,0.3680259,0.452516,0.19159648,2.994522,0.31178725,-0.65864617,1.1314087,0.10047011,0.5603618,27.833113,0.50199765,11.333072,0.6192973,-9.500221,-1.0559508,-7.3703194,-1.6391127,0.012859156,0.7497304,0.65542984,0.5895963,9.866842,0.1930296,7.0273376,0.9416473,35.87603,0.10360903,791.86383,0.1088234,1327.4857,0.09779561,-64.18194,-1.3003109,1849.3608,0.064139076,1116.4668,0.15883246,-78.0043,-0.94950306,2996.9368,0.05413296,899.6534,0.18153179,-82.503525,-0.86059326,-19.968502,-0.33115247,33.398655,0.21282697,0.052990753,0.35593885,-0.01988254,-0.49357936,0.12321542,0.40467635,34.229218,0.18725637,12.027061,0.6335807,-6.6383514,-1.6125857,-11.121076,-0.9766565,-6.614734,13.369725,0.041261345,-0.0022958647,0.036176953,4.3478265,2.5000002,0.28,0.0,0.099999994,0.0,-30.79184,11,16-2,81,SPEAKER_01,891.633333,915.6,895.65471875,896.1272187500001,1,0.4725,engaged
0.0,0.0,0.0,0.0,0.0,0.0,0.0,0.0,0.0,0.0,0.21362402,0.1344492,0.18883395,0.20341362,0.2463227,0.057488754,1.1493375,0.0,0.38783348,0.5108409,0.06894722,0.24388422,34.86177,0.03727404,0.23241255,13.438512,-18.377754,-0.13846862,-17.893188,-0.5256958,0.0,0.0,0.0,0.0,0.0,0.0,0.0,0.0,0.0,0.0,0.0,0.0,0.0,0.0,-201.0,0.0,0.0,0.0,0.0,0.0,-201.0,0.0,0.0,0.0,0.0,0.0,-201.0,0.0,0.0,0.0,0.0,0.0,0.0,0.0,0.0,0.0,0.0,0.0,0.0,0.0,0.0,0.0,0.0,0.0,0.0,0.0,-16.856613,33.81879,0.03878546,-0.038213205,0.08319711,6.666667,0.0,0.0,0.0,0.089999996,0.0,-40.197563,11,16-2,81,SPEAKER_01,891.633333,915.6,901.34159375,901.51034375,1,0.16875,engaged
34.900757,0.08087836,34.28026,35.605667,36.939125,2.658867,115.83053,92.25578,-5.1610746,6.4620824,0.31647792,0.34224263,0.21496274,0.30729687,0.3983094,0.18334667,2.0812693,0.98105156,1.9787767,0.6901984,0.113451935,0.53040737,32.07234,0.20293687,7.3630166,1.2828927,-6.64018,-0.87850106,-5.2031837,-2.213701,0.022909109,1.3632389,1.2569076,0.38181463,7.8890758,0.31073877,10.034214,0.66837573,38.744507,0.114770114,753.2337,0.2297753,1465.0725,0.14108029,-59.48047,-1.3536906,1755.9465,0.11884524,1195.4161,0.19491047,-70.5249,-1.0282686,2952.3809,0.09738616,1035.3062,0.28818455,-77.52364,-0.8857115,-19.502855,-0.16779,34.255253,0.10697563,0.054319575,0.32274497,-0.016243825,-0.5433205,0.13496454,0.38655102,35.10741,0.0822993,10.832918,0.5359092,-5.9138017,-0.987835,-9.737374,-0.75539607,-9.512907,22.118698,0.020193553,-0.00079992326,0.06735396,3.521127,2.189781,0.32999998,0.092736185,0.0775,0.08814052,-32.321983,11,16-2,81,SPEAKER_01,891.633333,915.6,908.66534375,910.09971875,1,1.434375,engaged
35.438286,0.02389046,34.69168,35.673553,35.91185,1.2201691,30.055782,0.0,0.009235382,19.928125,0.38466734,0.4847185,0.22455482,0.32593724,0.5238809,0.29932606,5.5826097,2.6851501,2.0682764,1.3585325,0.16162577,0.64204866,25.48935,0.27471697,6.8333645,0.8749501,-14.282865,-0.7050831,-10.669403,-0.8857871,0.013925745,0.62067896,0.9885735,0.55793715,7.453967,0.28545108,3.3461392,1.9847827,34.94943,0.13933638,747.72034,0.3006397,1337.7573,0.08754533,-115.32701,-0.79145664,1796.9547,0.17521425,1066.9174,0.18894769,-117.746765,-0.71226597,2958.7786,0.118287556,986.1377,0.147243,-122.15524,-0.6475719,-16.371746,-0.32692403,28.680185,0.17263329,0.07076841,0.22120932,-0.023753865,-0.4263729,0.22474594,0.49024785,30.088854,0.17313962,8.138582,0.784668,-14.18498,-0.7751407,-17.109016,-0.5963036,-13.052166,21.522072,0.05493478,-0.015286631,0.12885651,4.9180326,3.5714285,0.12,0.02,0.089999996,0.043204937,-30.344574,11,16-2,81,SPEAKER_01,891.633333,915.6,910.55534375,911.17971875,1,0.624375,engaged
36.849197,0.049508803,35.22499,36.913105,38.7293,3.5043106,86.822075,100.788826,14.534031,5.8197584,0.3292067,0.48567438,0.20323989,0.29757607,0.4353316,0.23209172,3.880799,2.9408205,1.7983879,1.0138395,0.13087843,0.84564245,26.923918,0.40649608,4.978221,2.0523818,-10.409602,-1.0868742,-2.852512,-4.5471873,0.018666852,0.8498464,1.1631901,0.59310806,8.722284,0.35462764,6.500051,1.5003963,31.495255,0.26819456,748.5889,0.2360086,1419.8951,0.16024856,-89.91103,-0.9931802,1770.5232,0.1295492,1286.1825,0.36594534,-92.320854,-0.87337863,2886.1362,0.09207038,1052.4269,0.28341055,-98.428925,-0.7707221,-17.343088,-0.48579216,32.155693,0.252685,0.04721364,0.4022805,-0.015083834,-0.94175726,0.16802809,0.58873534,32.801243,0.19839571,7.2512035,1.4106895,-8.894003,-1.4421427,-8.123334,-1.4789358,-6.5107436,18.575098,0.025826704,0.0046016476,0.07509906,2.8061225,2.3255816,0.2588889,0.20278311,0.14888889,0.11179788,-30.333849,11,16-2,81,SPEAKER_01,891.633333,915.6,911.66909375,915.6,1,3.9309375,engaged
39.761833,0.024157556,39.337677,39.67805,40.445614,1.1079369,13.662105,2.82287,6.9495816,4.1969147,0.5024634,0.72241914,0.17215088,0.36495674,0.88228834,0.7101375,5.050632,2.0407488,1.6194938,2.7430844,0.21045484,0.83883876,26.329094,0.22205485,-1.4232004,-7.2811832,-8.172114,-2.34003,-13.108403,-1.1025705,0.01629413,1.3109319,1.1794773,0.74825144,9.897286,0.30288276,5.7645197,1.8564698,26.550514,0.35560283,673.97943,0.24853526,1383.3704,0.13250159,-82.48345,-1.1222235,1724.9985,0.15887961,1175.6105,0.38240793,-77.34388,-1.0752003,2746.1787,0.10749927,1013.8976,0.32865015,-82.92966,-0.95128864,-12.332909,-0.55957514,25.511343,0.22766855,0.045280404,0.32240966,-0.025157457,-0.6847001,0.29010534,0.56284404,27.537617,0.2113075,-1.8539317,-6.145855,-12.516599,-1.5788529,-19.701723,-0.63432926,-10.861119,21.460146,0.016587166,0.00030730315,0.052669022,3.0487804,1.8867925,0.35,0.2255364,0.16,0.10801234,-25.614473,11,16-2,81,SPEAKER_02,891.633333,915.6,898.47284375,900.12659375,1,1.65375,engaged
40.19101,0.004023326,40.03312,40.23579,40.34138,0.30826187,0.08407135,0.0,0.0,0.0,0.16854192,0.24641718,0.1266304,0.17007405,0.21322174,0.08659135,1.7253052,0.0,-1.511605,0.0,0.043722663,0.48871773,30.837303,0.15543182,-1.7343514,-1.7906663,-9.293081,-0.6209926,-5.784382,-1.6991616,0.036948398,0.24305823,1.5493255,0.45125198,8.003855,0.11624249,17.879385,0.03313813,38.740803,0.014895529,626.4525,0.072167315,1611.2164,0.09257632,-83.39766,-0.8926158,1640.527,0.005738891,987.4138,0.047411837,-71.81808,-0.69661605,3054.7986,0.0044489484,669.7745,0.09154996,-81.420616,-0.5723856,-17.7889,-0.07879582,34.44461,0.03313345,0.03902696,0.10396888,-0.028916426,-0.11909937,0.06482802,0.16400932,35.01656,0.021165963,0.9659531,1.4240767,-15.446371,-0.079918,-16.87855,-0.1495279,-14.157525,31.181078,0.01610541,-0.016659532,0.059398748,8.333334,14.285714,0.04,0.0,0.0,0.0,-42.48489,11,16-2,81,SPEAKER_02,891.633333,915.6,901.51034375,901.6453437500002,1,0.135,engaged
37.605026,0.051991653,35.988403,36.9533,38.990337,3.001934,28.17139,0.0,21.847307,0.0,0.32844412,0.4100532,0.18524118,0.33357677,0.44113126,0.25589007,2.1591597,1.5456746,1.4360238,0.15418994,0.083433606,0.56355476,28.75165,0.30514777,2.8487253,1.8098388,-23.412771,-0.3294452,-19.450958,-0.7803998,0.015581006,0.7890522,0.9055775,0.4168358,8.586835,0.19876398,-1.7861403,-5.316438,35.018974,0.16965254,688.70636,0.2722195,1510.5808,0.105818905,-56.59155,-1.5551279,1627.5912,0.13546692,1272.8173,0.31152105,-60.697018,-1.290556,2866.788,0.097260416,1030.7332,0.46705553,-72.60389,-0.98167634,-14.076021,-0.34020197,34.082104,0.11302598,0.040300105,0.40546665,-0.0279756,-0.40417114,0.1066416,0.3722106,33.591602,0.09801794,2.4691765,2.4503314,-27.28664,-0.21413548,-26.81304,-0.4468879,-4.8126154,15.734453,0.036240935,0.0010826522,0.033906166,3.9215686,2.2222223,0.32999998,0.0,0.099999994,0.0,-33.17085,11,16-2,81,SPEAKER_02,891.633333,915.6,902.42159375,902.94471875,1,0.523125,engaged
35.446712,0.027378453,34.42179,35.518555,36.430584,2.0087929,35.845524,50.0438,14.784317,5.625146,0.35685366,0.45644805,0.19792312,0.32231784,0.5174637,0.31954056,4.2753563,2.8949041,2.5190666,0.6302224,0.1284603,0.69990855,28.967358,0.36907372,3.7112231,2.6574404,-18.431202,-0.67063695,-8.056731,-1.704526,0.01657488,0.9659137,1.1854078,0.57103443,7.4449663,0.43855074,1.3050257,6.1770067,32.18222,0.23580103,761.53613,0.22584705,1460.0188,0.14658535,-69.8515,-1.2622576,1773.6829,0.12273844,1254.8966,0.21745062,-76.06925,-1.0465876,2954.6372,0.08531472,1060.1942,0.24806915,-85.03656,-0.86521333,-13.5582485,-0.6870417,31.252478,0.16794983,0.052670997,0.2786165,-0.018311393,-0.8060685,0.1562482,0.56466466,33.894203,0.1647265,3.9587193,2.575538,-18.495535,-0.7127599,-13.872681,-0.76361156,-6.0479174,20.974749,0.021950148,-0.00096452655,0.06258899,5.5555553,3.018868,0.2175,0.13827057,0.10285714,0.066700675,-31.594055,11,16-2,82,SPEAKER_01,915.633333,920.566667,915.633333,918.35159375,1,2.71825,disengaged
34.52281,0.12392798,34.348827,35.407585,36.16779,1.8189621,433.88135,512.93146,86.75773,43.629547,0.31255135,0.44949913,0.19762479,0.26481354,0.42000192,0.22237714,3.8372827,1.7241393,2.481742,1.1350343,0.11393291,0.7238136,26.716656,0.3274161,6.747291,1.8784292,-6.4417834,-1.9800749,-5.761456,-2.2867157,0.026778733,1.4451152,1.2539924,0.4540905,6.645624,0.5582758,8.066417,1.2914418,31.736137,0.21747419,730.1323,0.24622442,1448.5472,0.15010987,-80.65926,-1.0840299,1768.1522,0.13736725,1159.256,0.19731674,-82.53856,-0.95066047,2860.0244,0.08732916,1046.386,0.26188585,-87.40317,-0.8557622,-16.180399,-0.522288,29.100521,0.25288406,0.050904654,0.28639844,-0.014836064,-0.99712723,0.13982537,0.6142217,29.828548,0.23148048,8.59412,1.481343,-6.8362494,-2.0415075,-10.692964,-1.1056554,-10.5353985,20.262535,0.024735725,-0.003335375,0.068470396,5.2884617,3.4482758,0.18428572,0.096637346,0.08571428,0.085499726,-31.144814,11,16-2,82,SPEAKER_01,915.633333,920.566667,918.38534375,920.47784375,1,2.0925,disengaged
37.124813,0.039824203,36.07501,37.12661,38.347183,2.2721748,32.123608,23.8702,3.8581994,10.261589,0.31298733,0.5297623,0.17015819,0.2655955,0.46390703,0.29374886,4.071123,2.6713681,2.432406,0.82538354,0.14634612,0.74299186,29.732166,0.29319185,10.667676,0.8933917,-7.0784535,-1.8570651,-12.991364,-1.0388093,0.019798676,0.83984864,1.3723413,0.6472804,8.595277,0.38149107,5.8733754,2.258013,31.426168,0.31648833,750.7032,0.22266558,1399.5726,0.18927701,-76.93035,-1.0869293,1831.8492,0.14670485,1142.8818,0.24630524,-82.43621,-0.9156116,2953.1592,0.0901765,1013.3883,0.27284762,-88.168564,-0.8092952,-21.121637,-0.34764773,32.13346,0.23590906,0.052937444,0.34883508,-0.028204173,-0.36232734,0.18787628,0.5548964,32.97409,0.1658945,11.352967,0.8919727,-6.0970106,-2.3232288,-19.037477,-0.5177922,-12.765443,23.829157,0.02820243,-0.009620717,0.06114621,3.9215686,2.6578074,0.25,0.10805091,0.117142856,0.070854835,-28.567375,11,16-2,83,SPEAKER_01,920.6,946.833333,920.93346875,924.0047187500002,1,3.07125,engaged
34.946934,0.101257354,32.2272,33.510494,36.567127,4.3399277,140.06409,106.8906,45.874916,57.776535,0.3960396,0.5204151,0.20271568,0.39565104,0.5208022,0.3180865,7.317578,5.290468,1.7314885,0.94248396,0.1526205,1.022651,27.60017,0.18226391,-4.0588045,-1.9905132,-18.002869,-0.46175453,-14.400602,-0.6998632,0.033569936,0.9232098,1.1414391,0.7532459,5.3170094,0.558012,-0.34640357,-21.38838,30.447369,0.17548147,800.44147,0.12540975,1259.8307,0.10450876,-52.745667,-1.6384268,1780.1794,0.054863486,885.5689,0.1463286,-61.77322,-1.2850567,2967.7683,0.05772419,822.1335,0.4686353,-72.69442,-0.9982525,-12.53399,-0.45082954,24.584707,0.2131518,0.04956403,0.268828,-0.025519768,-0.4483861,0.17735082,1.0058054,28.98548,0.117746055,-1.9959335,-3.3015928,-17.283936,-0.5028468,-17.313534,-0.32225066,-6.0105076,22.495703,0.032606494,-0.0073382948,0.11771559,5.0000005,2.6666667,0.265,0.175,0.056666665,0.020548047,-30.772701,11,16-2,83,SPEAKER_01,920.6,946.833333,925.21971875,926.02971875,1,0.81,engaged
36.833534,0.025319064,35.742863,37.283348,37.69175,1.9488869,13.997364,0.0,12.681359,0.0,0.6034428,0.46049196,0.27502573,0.6886283,0.8787902,0.6037645,4.470929,0.0,-4.6764255,0.0,0.19522724,0.56396407,37.698193,0.0751547,7.669791,0.92165446,-16.918983,-0.38660535,-22.488226,-0.81292766,0.00917388,0.92035234,0.59714663,1.117391,11.573693,0.24010932,9.394415,0.63097566,38.377083,0.11542992,587.50214,0.36433545,1523.157,0.097554184,-11.177981,-0.88635653,1610.173,0.2112184,1221.2646,0.08472036,-22.550207,-0.55392236,2818.656,0.11771092,1231.597,0.14672531,-36.535095,-0.15285912,-18.038187,-0.23254809,37.3682,0.07862723,0.08107596,0.19951238,-0.02775045,-0.5304074,0.23936902,0.4798239,37.797394,0.07970677,9.918534,0.6654,-17.503933,-0.41375384,-28.673029,-0.5891649,0.0,0.0,0.0,0.0,0.0,3.125,4.166667,0.22999999,0.0,0.0,0.0,-22.8343,11,16-2,83,SPEAKER_01,920.6,946.833333,926.94096875,927.27846875,1,0.3375,engaged
38.986004,0.021959402,38.09993,39.39836,39.77735,1.6774216,17.486471,0.0,4.7005653,10.751897,0.4710987,0.4371089,0.2273746,0.48184657,0.68889827,0.46152365,4.4021363,1.0379946,-1.0084281,3.178957,0.21174711,0.5888501,28.564735,0.29026622,13.209633,0.5277504,2.3370068,4.749982,-14.136901,-1.1704017,0.017252542,1.3552922,1.1159893,0.9202985,12.762473,0.2296572,18.373943,0.23393193,34.84436,0.21495515,674.6207,0.19615309,1376.574,0.098201245,-46.22096,-1.4084185,1877.8647,0.06999749,1048.0016,0.1716273,-62.244884,-0.8873283,2880.8252,0.04325102,911.89185,0.22662175,-63.164852,-0.8761425,-22.838846,-0.2496946,30.994478,0.23114327,0.045277514,0.16688101,-0.030054295,-0.3727205,0.22032143,0.47288924,29.327543,0.2762013,14.532199,0.28251943,3.3162892,3.220515,-17.562855,-0.8005718,-6.4459167,16.19495,-0.008594084,0.00450038,0.026526907,9.375,3.846154,0.21,0.0,0.03,0.0,-23.204405,11,16-2,83,SPEAKER_01,920.6,946.833333,927.54846875,927.88596875,1,0.3375,engaged
35.05137,0.018599872,34.56932,34.935993,35.49452,0.9251976,16.058605,0.0,19.880207,0.0,0.5587995,0.62661767,0.2615861,0.4018603,0.93444014,0.67285407,10.558864,0.0,-6.878709,0.0,0.21772647,0.6317238,26.722761,0.37548864,3.1129203,2.5385976,-8.326267,-1.1636534,-0.51173115,-9.85822,0.009927755,0.63867724,0.78492904,0.4891843,8.071542,0.34836093,1.2871213,7.9021273,22.105932,0.51055217,710.4948,0.10766749,1264.8319,0.11266818,-6.300482,-1.1044807,1759.1914,0.033464268,928.02106,0.23615398,-19.955065,-0.37525937,2884.9514,0.055112533,866.19116,0.34933412,-30.22237,-0.2892998,-15.304502,-0.32143828,25.739101,0.2050579,0.039438177,0.59615684,-0.020986794,-0.37007946,0.28228548,0.3601848,31.14533,0.2088361,2.322806,3.6270516,-5.0749755,-1.6113465,-2.3070347,-1.0765182,0.0,0.0,0.0,0.0,0.0,3.846154,5.0000005,0.19,0.0,0.0,0.0,-25.259928,11,16-2,83,SPEAKER_02,920.6,946.833333,927.27846875,927.54846875,1,0.27,engaged
37.553463,0.0541133,36.015827,36.77166,40.177036,4.161209,26.717712,23.079865,24.5791,4.674816,0.68180645,0.6032842,0.26639563,0.63780195,1.1273748,0.86097914,7.5817094,1.3181103,3.2083607,3.3200567,0.2736987,0.6356246,27.824783,0.2925233,0.60964,11.185722,-8.512463,-1.7647269,-10.997832,-1.629502,0.012535976,0.82404965,0.98872644,0.78173804,9.337898,0.44680908,3.8018668,2.6510146,24.23138,0.31380787,645.03394,0.26537207,1417.7195,0.24419558,-38.242733,-1.6537833,1698.337,0.16404036,1075.5372,0.2995264,-43.71832,-1.3041906,2739.1064,0.084040895,959.2395,0.23193584,-51.073624,-1.049538,-13.883577,-0.44442487,27.599562,0.19652629,0.0471221,0.5045258,-0.023216756,-0.7709998,0.3197199,0.49543542,29.676125,0.2451703,0.514102,14.239752,-8.6895075,-1.7158111,-13.435247,-1.3277135,-5.3281775,18.464264,0.0072757103,-0.008317851,0.0643503,2.970297,2.1052632,0.405,0.125,0.089999996,0.0,-21.977793,11,16-2,83,SPEAKER_02,920.6,946.833333,933.80909375,934.8384687500002,1,1.029375,engaged
38.32549,0.069373146,35.581272,38.059376,40.150047,4.568775,14.648039,1.941814,-3.4308002,10.988682,0.7757507,0.67170835,0.19540614,0.7398586,1.28754,1.0921338,5.4887624,1.9872735,4.244533,1.1247281,0.24760942,0.6565464,26.251657,0.3860943,2.0696678,5.1523256,-7.7144566,-1.5014865,-20.827745,-0.90356916,0.012334401,1.1374928,0.8953005,0.976629,10.6928215,0.34673616,8.616267,0.9318449,28.80705,0.2519501,727.22296,0.24827299,1325.0109,0.1540217,-37.31275,-1.7826205,1795.8021,0.12666069,1051.2019,0.28621632,-45.86588,-1.2289568,2869.1423,0.095266536,869.55725,0.39165685,-52.053886,-1.0363345,-15.80585,-0.34572902,26.970444,0.27672464,0.057398655,0.433324,-0.027587678,-0.48135778,0.28497186,0.5177673,27.457293,0.33552435,1.193672,9.267859,-7.881103,-1.5612239,-25.033772,-0.6893407,-11.265828,21.206326,0.018018652,-0.0055989935,0.04597231,1.9607843,2.0100503,0.42249998,0.061796036,0.041999996,0.007483315,-20.053818,11,16-2,83,SPEAKER_02,920.6,946.833333,937.77471875,939.83346875,1,2.05875,engaged
39.57087,0.057424754,37.511566,39.931324,41.643696,4.1321297,5.2409177,13.758658,25.488718,9.490811,0.7637214,0.48744902,0.38169304,0.7356565,1.1796824,0.79798937,8.433448,5.858986,5.548039,1.7636601,0.45219383,0.6696696,28.457201,0.2587726,0.32018965,36.46436,-17.532682,-1.0370389,-24.589855,-0.5961421,0.016555306,0.8245282,1.1516975,0.48592496,8.208755,0.4260123,3.6921105,2.8019238,30.297474,0.2806666,804.5066,0.17211996,1347.1104,0.11783993,-27.051191,-2.2025595,1856.9344,0.12033946,1363.6178,0.6348479,-41.47105,-1.1816567,2934.6018,0.076764,993.46765,0.31896392,-47.836685,-0.97553915,-13.741054,-0.53836566,30.495525,0.1987801,0.05636926,0.4266628,-0.029667994,-0.56875026,0.49674788,0.5969892,28.811516,0.22893976,1.398102,8.5782175,-17.038067,-1.1358021,-27.789246,-0.4590301,-5.6752005,22.360401,0.036046445,0.000823729,0.20958455,3.787879,1.5748031,0.565,0.33499998,0.049999997,0.02,-21.251945,11,16-2,83,SPEAKER_02,920.6,946.833333,941.14971875,942.48284375,1,1.333125,engaged
40.770985,0.036224376,40.071243,41.07126,41.983215,1.911972,13.592972,0.5277295,-9.376951,10.463025,0.7932942,0.46010914,0.45187205,0.784862,1.0775385,0.62566644,7.317552,4.3953695,4.5883923,1.7817785,0.33364013,0.56095314,26.268507,0.2196141,6.3836455,1.3439467,-1.5731344,-6.8902183,-32.837635,-0.52505505,0.0111354515,0.82980347,0.95452875,0.84050816,12.1432905,0.33569407,12.434229,0.42998293,26.158869,0.31510192,750.67255,0.24226697,1330.1162,0.15974116,-25.958857,-1.4169399,1864.3798,0.17104611,1049.8641,0.26856872,-35.649017,-0.7828066,2888.8904,0.07089984,817.3093,0.30360782,-38.178608,-0.70367634,-19.761898,-0.2721936,28.37532,0.23940106,0.052159593,0.35523477,-0.02882512,-0.43048915,0.35026342,0.54211634,25.477745,0.21750875,6.4132066,1.3651459,-1.1114657,-10.091272,-34.77167,-0.4925599,-12.156667,28.39224,0.03188242,-0.011852644,0.16479419,3.409091,2.4390244,0.385,0.155,0.02,0.0,-18.579962,11,16-2,83,SPEAKER_02,920.6,946.833333,943.76534375,944.65971875,1,0.894375,engaged
32.844,0.26907113,22.702341,39.95058,40.713898,18.011557,-5.5321507,0.0,229.91553,0.0,0.30289298,0.6102495,0.15308811,0.24168508,0.35171667,0.19862856,4.1558185,2.6580212,1.4699395,0.703058,0.15006915,1.4192204,20.779552,0.73829275,0.72349864,12.096564,-10.179451,-0.77700245,3.2502582,3.1315129,0.021157952,0.59058905,1.622187,0.4088974,7.3596926,0.5375312,6.8906927,0.5031216,35.335857,0.19635418,936.00073,0.081915595,1300.3453,0.23456188,-159.39195,-0.45465437,1831.3281,0.103726216,1262.1996,0.28701842,-159.32008,-0.43927923,2967.2532,0.04733514,1036.6764,0.23268312,-162.45534,-0.39733988,-14.448038,-0.3819795,32.89319,0.23546994,0.029493356,0.53736496,-0.0008122715,-10.764851,0.33098868,0.9948845,32.320526,0.121987864,3.790683,1.3071369,-10.338738,-0.8123485,-2.5693636,-5.3934383,-3.9422708,17.667578,0.013832095,0.008765582,0.09118464,3.0303032,3.2786884,0.06,0.01,0.22,0.12,-28.217007,11,16-2,83,SPEAKER_02,920.6,946.833333,946.16159375,946.833333,1,0.67175,engaged
37.723064,0.00506742,37.564964,37.68393,37.889713,0.324749,18.806839,0.0,-14.844513,0.0,0.39285085,0.15830655,0.33356166,0.406529,0.45360565,0.12004399,3.542356,0.0,0.6638483,2.2303946,0.2809155,0.35026082,29.825369,0.06170627,12.447223,0.1787734,8.004431,0.18421055,-13.352766,-0.57376105,0.05030983,0.1743862,2.2930171,0.5819382,6.982483,0.41816312,13.356948,0.50087345,26.971415,0.24215387,658.5546,0.26546702,1482.0837,0.19866039,-101.50378,-0.7764735,1800.6785,0.10198088,972.6054,0.086618446,-93.29013,-0.70110536,3059.5745,0.071048506,1001.1835,0.2252749,-95.13109,-0.6736024,-23.529613,-0.030125529,32.261116,0.032863293,0.065363966,0.09815267,-0.022785092,-0.19713423,0.25230506,0.21998662,30.541214,0.02595446,14.154517,0.090885535,7.83231,0.17141914,-9.307611,-0.57463723,-23.083069,34.368484,0.06483585,-0.023432773,0.27581307,6.25,9.090909,0.06,0.0,0.02,0.0,-27.99897,11,16-2,84,SPEAKER_02,946.866667,969.266667,946.866667,947.03909375,1,0.1724375,disengaged
34.650608,0.10310196,31.661585,36.05415,36.299236,4.6376514,1.6787531,0.0,0.0,0.0,0.54034597,0.14567186,0.45975098,0.53531057,0.6085044,0.14875343,2.7850375,0.0,2.3795016,0.0,0.16474605,0.42637408,27.90987,0.25590914,-9.401152,-1.0337366,-15.69497,-0.43577623,-10.089472,-0.7252077,0.15306929,0.8729617,1.4721943,0.1691083,3.1837733,0.5206921,21.29816,0.84730077,32.14898,0.11628479,910.0094,0.1286416,1409.9271,0.064610235,3.206443,2.7671044,1815.3092,0.1186017,1401.5786,0.18564993,-4.2121835,-1.0452206,2923.864,0.097808816,843.08417,0.13536423,-18.587347,-0.44145706,-16.368166,-0.09751969,34.19262,0.08787616,0.09342073,0.16688062,-0.012196381,-0.49086875,0.25343275,0.29362994,34.4756,0.046600778,0.076212734,51.246696,-10.777969,-0.25404072,-15.985747,-0.4386933,0.0,0.0,0.0,0.0,0.0,0.0,14.285714,0.06,0.0,0.0,0.0,-29.852816,11,16-2,84,SPEAKER_02,946.866667,969.266667,965.82096875,965.98971875,1,0.16875,disengaged
48.56988,0.0,48.56988,48.56988,48.56988,0.0,0.0,0.0,0.0,0.0,0.7809814,0.04055596,0.7536304,0.7771101,0.7886522,0.035021782,2.1694663,0.0,0.6462968,0.0,0.11037005,0.29168442,19.518288,0.044010498,-3.9086618,-0.7593835,-22.958908,-0.09243308,-30.080158,-0.09184489,0.006037644,0.083359726,0.33985427,0.08093309,17.544703,0.016166836,4.7241955,0.12574635,17.960701,0.15458485,974.44995,0.011587678,1037.5718,0.013224265,-13.331505,-0.10283123,1842.5726,0.012611203,1043.1355,0.029968413,-23.643822,-0.049575448,3080.822,0.0043113474,641.01917,0.07445352,-31.292206,-0.10839144,-16.687681,-0.026173607,27.782774,0.05906304,0.09144765,0.0574621,-0.004700733,-0.75914097,0.10692468,0.22619213,19.40708,0.06449853,-3.0574868,-1.2352842,-21.805332,-0.09857499,-31.140303,-0.10586389,0.0,0.0,0.0,0.0,0.0,0.0,0.0,0.0,0.0,0.0,0.0,-22.596241,11,16-2,84,SPEAKER_02,946.866667,969.266667,969.1453437500002,969.266667,1,0.1213125,disengaged
37.71733,0.06161976,35.51,38.018692,40.203423,4.693424,33.37784,25.508717,-1.5027399,13.492785,0.47119254,0.49506494,0.29757392,0.4029406,0.5490939,0.25151998,5.66792,5.9765754,2.8778644,1.6198031,0.21884947,0.7579128,27.082788,0.2382964,-1.6383731,-6.2343473,-10.690726,-1.053361,-8.347786,-1.0642685,0.020357423,0.81051314,1.3465248,0.5617492,7.6896753,0.4000194,1.7464027,5.8252535,25.159296,0.33109248,726.52484,0.29837102,1340.2024,0.1349433,-48.017525,-1.5427854,1749.5244,0.14510861,1111.5657,0.3114119,-45.551514,-1.2925988,2833.2747,0.09402022,975.67346,0.21091759,-56.004406,-0.9630683,-10.526378,-1.005259,22.780369,0.39813766,0.050288524,0.36172375,-0.016707798,-0.9178178,0.2527481,0.68693775,27.514137,0.19925562,-1.953101,-5.2942286,-11.646324,-1.0150447,-10.288081,-0.8834174,-12.188817,26.450562,0.037920192,-0.010922932,0.12368788,6.1728396,5.3333335,0.1475,0.062199276,0.035,0.005,-27.069735,11,16-2,84,SPEAKER_01,946.866667,969.266667,947.03909375,947.86596875,1,0.826875,disengaged
43.854103,0.019921018,43.2929,44.295494,44.476818,1.183918,21.611404,0.0,-121.91315,0.0,0.48223546,0.5282907,0.17269623,0.5380215,0.7326363,0.55994004,7.3533354,0.0,-4.902086,0.0,0.23261352,0.62932086,31.820225,0.13567205,-0.58620965,-1.8714999,-22.153618,-0.31463033,-15.616876,-0.93663806,0.045695633,0.47552702,4.1950827,0.17115311,3.244343,1.0092757,3.6350176,0.1723713,33.32964,0.115801275,831.6493,0.20628963,1378.7241,0.046156783,-39.26152,-1.2593797,1713.164,0.13019335,1721.6106,0.20126116,-56.167915,-0.77800196,2746.492,0.09808648,1027.846,0.12110989,-65.9299,-0.61192447,-9.97121,-0.14869873,28.96403,0.20453964,0.032479513,0.8602009,-0.012867121,-1.0492101,0.12495487,0.69590414,30.169611,0.13365133,0.04277222,20.515862,-19.120602,-0.2469579,-10.438091,-1.3232498,-7.8892694,16.311134,-0.011608436,0.009429908,0.0,8.333334,16.666668,0.04,0.0,0.0,0.0,-27.862772,11,16-2,84,SPEAKER_01,946.866667,969.266667,948.20346875,948.3384687500002,1,0.135,disengaged
43.00618,0.045132928,40.999798,42.531807,44.849777,3.8499794,17.912146,3.9913254,423.60764,0.0,0.3937326,0.34518906,0.22908692,0.40639743,0.54218584,0.3130989,0.9755851,0.24343185,1.8555568,0.0,0.10340236,0.54289585,27.43625,0.122945175,-0.12605652,-67.39587,-17.70542,-0.581883,-11.946955,-0.8687263,0.02594894,0.8809304,1.1008003,0.79403365,8.907896,0.33543125,1.335489,2.8394444,29.22225,0.27618197,855.251,0.17215623,1227.1346,0.17225657,-46.953487,-1.3899224,1887.3158,0.095211096,1135.4355,0.23094755,-55.84469,-1.0039746,2974.7644,0.06591759,998.317,0.18373062,-64.7459,-0.8082213,-13.486552,-0.5232913,28.051615,0.16907628,0.04060158,0.398934,-0.014533406,-1.2761189,0.12235574,0.47309145,27.791866,0.101579,1.257272,7.491082,-22.292736,-0.2896904,-15.269104,-0.673324,-9.480605,25.330866,0.040014926,0.0046874117,0.06677987,2.4390244,5.555556,0.14,0.11,0.02,0.0,-31.968443,11,16-2,84,SPEAKER_01,946.866667,969.266667,949.58721875,950.00909375,1,0.421875,disengaged
33.378765,0.20779695,28.293167,35.72107,37.29219,8.999023,37.497185,31.76212,20.688034,5.5513873,0.39894366,0.47700632,0.23630542,0.383246,0.5630442,0.32673877,3.8070726,1.7070332,2.0193846,0.91273713,0.1524401,0.73104703,26.644464,0.33906713,7.192594,1.5148982,-13.76423,-0.8142106,-8.324834,-1.3038665,0.026575089,1.667317,1.1209356,0.4285826,6.9986844,0.4024564,1.3052869,9.250412,26.052147,0.64855397,777.0039,0.24285379,1346.2911,0.14352216,-60.26497,-1.4204831,1795.3478,0.15086064,1143.4176,0.25742492,-65.55887,-1.1680292,2926.0227,0.092126794,964.6286,0.24870394,-73.62033,-0.9780468,-15.818132,-0.44660166,30.974293,0.2298356,0.052736893,0.35655612,-0.01590909,-0.8248383,0.1858929,0.5926283,29.579588,0.21915326,7.859238,1.4075098,-13.793609,-0.8249473,-11.57003,-0.87237,-6.078283,22.11514,0.0367899,0.009916591,0.08795028,3.4883723,3.0120482,0.23799999,0.15866947,0.12333333,0.044969123,-28.767141,11,16-2,84,SPEAKER_01,946.866667,969.266667,952.64159375,954.3797187500002,1,1.738125,disengaged
35.71432,0.027144182,34.68295,35.845596,36.72236,2.0394096,14.828327,6.768468,1.5567994,7.190379,0.39522794,0.42819086,0.21951953,0.37873104,0.5408069,0.32128736,3.6002178,1.5978824,3.2294116,0.8619241,0.13806441,0.61950564,27.801981,0.3868283,4.3852925,2.0923579,-19.406347,-0.59499884,-12.0077,-1.1509331,0.013206336,0.898718,1.1091807,0.5783647,7.6626945,0.3826448,1.9019365,3.239345,33.200863,0.2547774,720.15656,0.25133732,1442.0715,0.13241804,-73.83191,-1.2543166,1706.4089,0.1443751,1215.9565,0.19877578,-72.77539,-1.139547,2893.6665,0.08495429,977.17664,0.25811154,-83.17014,-0.911313,-12.608055,-0.6459998,30.506905,0.1710766,0.060910642,0.26684353,-0.018856568,-0.7980579,0.16978824,0.4914312,32.55385,0.18907855,4.3233647,2.1086864,-20.822412,-0.59731066,-18.279663,-0.51265883,-6.3638034,20.059286,0.023330525,-0.0027267742,0.07995193,4.663213,2.1276596,0.315,0.3528101,0.13499999,0.04387482,-30.641272,11,16-2,84,SPEAKER_01,946.866667,969.266667,954.61596875,956.55659375,1,1.940625,disengaged
37.112556,0.12631132,36.655163,39.03697,39.376415,2.7212524,796.8528,555.1874,65.02003,34.033653,0.49286735,0.26349652,0.3709169,0.50098026,0.605354,0.23443711,3.5680566,1.3820555,2.0176244,1.8652815,0.18919525,0.51715726,25.917124,0.3242347,4.9808664,2.5471106,-9.194565,-1.1158706,-11.355381,-1.0914979,0.047594674,1.298558,1.2133888,0.5088722,8.071282,0.55793995,3.4551706,1.71815,26.51485,0.33376837,841.2073,0.24343827,1330.1316,0.17446333,-77.5642,-1.0431228,1835.9291,0.16595255,1297.5398,0.2370965,-87.13654,-0.85022616,2954.3567,0.09403281,853.3419,0.26130316,-90.88227,-0.78156865,-13.710733,-0.9260847,31.54775,0.31064603,0.03989811,0.2841811,-0.018384315,-0.83732814,0.21943432,0.42240208,30.293362,0.18502775,7.9411583,1.6127318,-10.6409,-0.9552117,-16.360231,-0.6709502,-6.799757,17.635616,0.0231866,-0.0038689568,0.10946916,7.352941,4.83871,0.13,0.14854853,0.089999996,0.04,-25.34927,11,16-2,84,SPEAKER_01,946.866667,969.266667,958.05846875,958.75034375,1,0.691875,disengaged
36.05257,0.041114368,34.979137,35.536594,38.111454,3.1323166,52.289032,55.381096,12.073205,7.686725,0.391414,0.4397785,0.2427799,0.36423513,0.5826771,0.33989722,6.250743,2.4947183,1.5249227,0.6422265,0.14252162,0.71022946,27.183277,0.3759626,5.3849244,2.0313065,-3.2732718,-3.303254,-11.458753,-1.0352489,0.013647691,0.9326116,1.0604565,0.5486165,8.696069,0.33548704,12.896697,0.748598,35.037506,0.18557893,793.2183,0.18005058,1289.5808,0.16620252,-66.82087,-1.3122215,1918.3867,0.084697336,970.7801,0.2726459,-76.21201,-1.0461063,3028.063,0.05040476,906.318,0.22066593,-82.27141,-0.92120314,-18.639912,-0.37053004,27.77581,0.29896167,0.05679665,0.2808309,-0.025091607,-0.44003612,0.17844091,0.5396775,31.83635,0.140708,5.4402375,1.9234554,-4.2573533,-2.7970705,-15.841654,-0.6231653,-8.642171,16.319914,0.018829294,-0.004616504,0.05703274,2.4691358,1.923077,0.35333332,0.15326086,0.14666666,0.03399346,-28.35521,11,16-2,84,SPEAKER_01,946.866667,969.266667,959.45909375,961.09596875,1,1.636875,disengaged
34.47262,0.0,34.47262,34.47262,34.47262,0.0,0.0,0.0,0.0,0.0,0.69146603,0.049634304,0.6616028,0.70527524,0.72202635,0.060423553,0.01687045,0.0,0.0,0.0,0.20688659,0.3515256,29.028357,0.04858662,-13.942852,-0.025586285,-29.305655,-0.15841395,-9.732293,-0.10613047,0.0,0.0,2.538332,0.0,3.4699173,0.0,4.323139,0.0,25.29584,0.0,823.4673,0.0,1367.3071,0.0,-3.2505903,0.0,1587.2164,0.0,1153.8829,0.0,1.5606022,0.0,2562.0156,0.0,727.52295,0.0,-19.108826,0.0,-0.6096422,0.0,22.587236,0.0,0.059703242,0.0,0.011367403,0.0,0.0,0.0,30.442236,0.0,-12.710963,0.0,-21.238966,0.0,-14.575677,0.0,0.0,0.0,0.0,0.0,0.0,0.0,0.0,0.0,0.0,0.0,0.0,-28.050533,11,16-2,84,SPEAKER_01,946.866667,969.266667,965.43284375,965.50034375,1,0.0675,disengaged
39.71554,0.10648548,36.639038,38.242435,42.55564,5.916603,-0.6946087,0.0,197.78665,0.0,0.6606173,0.19954309,0.539425,0.6180307,0.79822797,0.25880295,3.243418,0.0,-0.7507856,2.0950599,0.31586015,0.62688303,28.921686,0.21743876,-7.362005,-1.0643781,-10.214689,-0.8639217,-18.697191,-0.3902932,0.025505576,1.0780661,1.204665,0.46128955,6.36995,0.31307063,16.984146,0.27834788,28.950102,0.3639567,811.7275,0.16831975,1276.0955,0.19371836,-13.417291,-0.65047556,1788.5706,0.072553344,1004.06696,0.14613567,-20.080679,-0.485728,2942.522,0.07825811,883.61237,0.17952855,-31.832579,-0.39297193,-14.199259,-0.35793176,25.360918,0.31286687,0.07178504,0.12636106,-0.0123230675,-0.992319,0.29216087,0.68361413,27.258005,0.22103068,-8.645491,-0.9620523,-9.766152,-1.0053394,-18.651857,-0.4273757,0.0,0.0,0.0,0.0,0.0,3.448276,4.3478265,0.22,0.0,0.0,0.0,-24.179129,11,16-2,84,SPEAKER_01,946.866667,969.266667,965.51721875,965.82096875,1,0.30375,disengaged
40.03928,0.09229384,35.82581,41.226692,43.611214,7.785404,152.44446,0.0,-4.160596,17.711617,0.6311888,0.30098414,0.5035468,0.6584956,0.80148566,0.29793888,4.052948,0.7831617,1.6746969,1.7744452,0.21286489,0.584728,27.078323,0.22284067,5.1956544,1.2986203,-10.619756,-1.3575966,-27.810194,-0.65707004,0.013286665,1.3298812,0.69652975,0.7520208,10.9699955,0.4242749,10.511747,0.72350097,29.41293,0.12982589,766.73267,0.1532087,1287.2098,0.11739015,-37.972748,-1.7779559,1739.9185,0.07485051,1035.3069,0.15513396,-51.816612,-1.1194105,2923.076,0.06520007,624.61725,0.40225995,-56.525818,-0.995833,-16.46079,-0.30919507,25.916279,0.17233628,0.051922493,0.28524238,-0.02266649,-0.4077903,0.22146961,0.5794979,26.43284,0.23872928,4.9669504,1.3179893,-13.374834,-0.9200064,-32.142582,-0.55026007,-13.373819,26.976892,0.047161497,-0.020803165,0.23559853,3.846154,2.739726,0.29999998,0.19999999,0.044999998,0.005,-25.187817,11,16-2,85,SPEAKER_02,969.3,986.8,969.3,970.09034375,1,0.7903125,engaged
40.55476,0.07481767,38.03297,39.991585,44.16286,6.1298904,24.75707,0.0,-22.93803,0.0,0.6714699,0.62828535,0.28274518,0.480091,1.1471308,0.86438566,7.1257744,3.0762587,2.7336702,2.6150534,0.31996956,0.84641665,28.321375,0.27486557,0.34443825,27.204485,-14.708174,-0.8442012,-17.757643,-0.8601683,0.01735196,0.89922327,1.1164747,0.58666915,9.489849,0.41110003,4.9507656,1.1962781,29.87379,0.27612776,841.8189,0.18834703,1307.955,0.16453987,-64.33499,-1.2993999,1817.4249,0.13431762,1309.4375,0.3024518,-74.09199,-0.99677944,2902.4563,0.06589549,848.321,0.35860693,-77.86178,-0.91347677,-12.463817,-0.6599433,29.213772,0.24441242,0.04623249,0.56786025,-0.024410075,-0.69685304,0.39817145,0.6922922,28.61606,0.23995706,1.4141979,7.637757,-15.868392,-0.8708116,-22.892834,-0.678249,-7.5594344,22.717009,0.021871377,-0.0087178815,0.16588038,3.478261,2.7272727,0.25666666,0.03399346,0.065,0.0295804,-21.209677,11,16-2,85,SPEAKER_02,969.3,986.8,970.56284375,971.72721875,1,1.164375,engaged
39.816605,0.110210136,34.93269,39.73304,44.76908,9.836391,38.486195,0.0,-8.441292,20.44639,0.60577464,0.6088006,0.23269933,0.55810434,1.0340968,0.8013975,7.0167794,1.2504668,1.2560687,3.4270966,0.30419263,0.6945296,23.083961,0.3444849,2.717025,1.8086015,2.1413286,4.720015,-11.830936,-1.518498,0.021023182,1.06871,1.091588,0.79549575,10.102592,0.32641816,8.624192,1.1073116,16.799192,0.5675953,727.27057,0.30804563,1363.6567,0.19755526,-58.553123,-1.2381907,1771.5764,0.14008857,881.6092,0.24048859,-60.82917,-1.0786021,2842.0356,0.040380117,711.3139,0.18587357,-64.584,-0.99219644,-16.112885,-0.27657402,25.706484,0.24469545,0.05127676,0.49640897,-0.022106621,-0.42661005,0.38463703,0.476535,23.673939,0.3896483,3.7119102,1.3474686,2.9426055,3.149998,-13.742678,-1.3041888,-8.500934,18.24463,3.877024e-06,-0.005229581,0.04461729,4.2253523,3.0769231,0.25,0.03,0.099999994,0.0,-22.065437,11,16-2,85,SPEAKER_02,969.3,986.8,972.0984687500002,972.82409375,1,0.725625,engaged
44.186348,0.073806375,39.991306,44.732937,47.460648,7.4693413,21.73729,3.4614177,20.012325,5.3748493,0.7149491,0.6563458,0.22181493,0.6746185,1.1562371,0.9344222,9.020986,2.5107112,4.632445,2.6742177,0.42200476,0.90389216,22.38259,0.28641388,-1.4281499,-6.231005,-8.07515,-1.8824236,-17.256113,-1.2463281,0.016244905,0.9861405,1.1794677,0.8374814,11.530609,0.36752197,12.064558,0.8851442,20.363712,0.5700564,831.7501,0.1871347,1298.8978,0.20079301,-79.934074,-1.1044595,1843.0697,0.12020339,1032.945,0.33580938,-81.26003,-0.9794359,2892.6038,0.058561947,811.13196,0.38621053,-84.932106,-0.90558803,-16.177238,-0.4269712,27.766716,0.1983115,0.07031462,0.4404546,-0.012400698,-0.9902945,0.5731787,0.65278846,21.484081,0.29669023,-1.2745326,-7.226147,-8.975236,-1.7278069,-25.617764,-0.75114363,-7.642872,23.72212,0.012106138,0.0065419893,0.11276287,3.1620553,1.6194332,0.4125,0.14341809,0.185,0.14840822,-19.073288,11,16-2,85,SPEAKER_02,969.3,986.8,973.4990937500002,976.04721875,1,2.548125,engaged
40.091934,0.15471935,33.45472,42.841625,44.881516,11.426796,216.4056,0.0,49.918198,0.0,0.49035504,0.6729054,0.18079075,0.36542597,0.86204517,0.6812544,7.895882,3.8633046,2.0637412,0.46095932,0.1784145,1.190026,19.94621,0.3956424,-1.306632,-7.9953117,-12.050475,-0.81297773,-24.519432,-0.744761,0.025777817,1.8311743,1.0349532,0.7159129,9.678809,0.48739776,10.859098,0.8735382,29.273685,0.21442167,806.37305,0.12640427,1336.0952,0.09067654,-32.0609,-2.3974166,1947.8734,0.10347333,1022.7238,0.17363642,-48.26719,-1.4029001,2975.7932,0.06587893,1030.3184,0.46411502,-52.1395,-1.2706546,-13.680427,-0.28282955,23.874992,0.2550736,0.045300175,0.5712036,-0.020151699,-0.5573476,0.2353906,0.96258575,20.55714,0.3290574,-5.74141,-1.4799861,-15.686117,-0.5893672,-33.38971,-0.3680619,-8.559282,17.785471,-0.00038030505,0.0041867914,0.03322048,1.8867925,2.1739132,0.37,0.0,0.07,0.0,-25.367966,11,16-2,85,SPEAKER_02,969.3,986.8,980.80596875,981.34596875,1,0.54,engaged
41.519497,0.04262593,39.759186,41.359833,43.224537,3.465351,22.635761,17.340971,125.78568,180.19002,0.505944,0.4793222,0.2541597,0.5134354,0.7066798,0.45252013,4.0071692,2.2664135,3.2181675,0.5915825,0.22288904,0.61245424,28.279343,0.20999447,4.98314,2.3783226,-5.2867355,-1.9475145,-18.654816,-0.7001658,0.012474847,0.96975553,0.8527012,0.89836913,12.917716,0.21124122,8.720685,0.7777188,27.66552,0.25187707,881.05054,0.1482356,1293.552,0.12434669,-54.086918,-1.1880633,1932.163,0.08500781,1274.4862,0.34773555,-65.170044,-0.88777804,2992.0913,0.05620419,977.5185,0.34237176,-68.65612,-0.8139477,-20.579023,-0.48900956,34.002327,0.2343477,0.043447733,0.43724707,-0.011182936,-1.7206012,0.25742552,0.49522296,28.728235,0.19679897,5.4079456,2.3659947,-6.1548276,-1.7383211,-21.60684,-0.5555617,-9.654602,24.16321,0.016131688,0.0034513585,0.05648555,3.4188035,2.7027028,0.29666665,0.124721915,0.08,0.04,-22.38697,11,16-2,85,SPEAKER_02,969.3,986.8,983.84346875,985.02471875,1,1.18125,engaged
41.119404,0.039307814,39.540474,40.778015,42.360325,2.819851,17.484346,0.9127692,30.729567,15.341354,0.1918156,0.38026333,0.11624177,0.19116123,0.26473454,0.14849277,1.3543509,1.0076642,1.0699011,0.45310742,0.048677135,0.57757545,30.079403,0.13188693,5.3899403,1.1088592,-7.28398,-0.8116747,-14.669597,-1.0158042,0.011328325,0.75137365,0.9524992,0.8164265,11.257532,0.23054285,18.284883,0.43816835,40.49228,0.12978074,636.0964,0.2807037,1456.6906,0.11619501,-92.82097,-1.0177678,1678.4343,0.10509074,1275.0746,0.27919716,-86.9212,-0.89869654,2873.6797,0.083598964,942.00525,0.2276725,-93.31208,-0.7907338,-20.357517,-0.29828113,33.849243,0.15906039,0.019252766,0.9000693,-0.022309363,-0.7394749,0.05770926,0.50951684,31.626957,0.11605283,7.4534936,0.85226554,-8.722137,-0.69692713,-23.718279,-0.46592793,-11.6253605,25.41133,0.0015023305,-0.00030092557,0.031335488,3.539823,2.8301888,0.22333333,0.0047140447,0.11,0.029439203,-37.774284,11,16-2,85,SPEAKER_03,969.3,986.8,978.02159375,979.16909375,1,1.1475,engaged
38.12802,0.02116576,37.32116,37.910225,39.105656,1.7844963,7.382711,0.0,4.202286,2.3931813,0.359016,0.48030207,0.16747305,0.3429967,0.55226076,0.3847877,1.9821779,1.2528269,1.7872657,0.0,0.11672759,0.61173654,28.747282,0.23787093,14.054851,0.28335068,4.4355664,1.0734303,-21.648998,-0.7197422,0.005767076,0.55714,0.68751067,0.4869341,12.294137,0.2000333,20.567305,0.18047506,37.550117,0.085954815,626.8364,0.26676607,1457.4951,0.13176051,-43.188965,-1.5708457,1788.5697,0.12556493,1193.3815,0.15193973,-55.409184,-0.992459,2848.9768,0.06626169,928.652,0.14090414,-56.423912,-0.97500724,-25.476625,-0.08299522,34.715466,0.10480333,0.057566535,0.34352854,-0.03054435,-0.38603884,0.14429247,0.42035973,31.796434,0.082658336,14.974386,0.24160336,6.050167,0.6393367,-27.076857,-0.48628893,-13.810414,24.124504,0.032022513,-0.016711788,0.03597056,2.0408163,2.2727273,0.37,0.0,0.049999997,0.0,-27.417032,11,16-2,85,SPEAKER_01,969.3,986.8,985.02471875,985.53096875,1,0.50625,engaged
36.331913,0.020035768,35.564434,36.243023,37.120026,1.5555916,7.2618155,2.814235,15.78133,1.435925,0.37410116,0.36753604,0.25197595,0.33977687,0.536738,0.28476202,2.0399137,0.6279993,2.666932,0.3044058,0.110351294,0.5031817,26.735893,0.2703055,2.5331726,4.149647,-17.897245,-0.594736,-8.125631,-1.1484452,0.015202552,0.67196214,1.2630391,0.53878134,8.386859,0.35236666,1.3714079,6.3645716,31.20364,0.21346831,768.0446,0.22462228,1356.7606,0.14774264,-66.68069,-1.3003119,1782.8868,0.120331645,1195.2855,0.17169607,-74.85649,-1.0393591,2859.7703,0.07017709,1001.83417,0.24482867,-81.698524,-0.89651734,-13.584323,-0.5197899,29.737291,0.1974945,0.047998633,0.2902766,-0.016426269,-0.53904516,0.13915361,0.33171096,30.057253,0.14912388,4.2357335,2.3746529,-19.808687,-0.53207964,-12.062528,-0.7531623,-4.7082458,18.275293,0.021115875,-0.00037742555,0.051244732,2.5641026,2.777778,0.24499999,0.024999999,0.095,0.044999998,-31.964699,11,16-2,85,SPEAKER_01,969.3,986.8,986.00346875,986.8,1,0.7965625,engaged
36.880566,0.030683622,36.2322,36.419643,38.117157,1.8849564,-23.67931,33.743515,5.20257,0.2204988,0.27197132,0.22654825,0.2094666,0.27188018,0.33264574,0.12317914,1.2754565,0.8639805,1.6771528,0.5806463,0.08128909,0.5828699,25.88082,0.381076,7.819278,1.3183255,-7.448936,-1.0480154,2.3581223,4.925759,0.012831616,0.76593375,0.8192519,0.48023385,9.839742,0.30892083,19.598196,0.3750775,36.66308,0.22318691,700.8531,0.29854777,1430.0706,0.11845464,-119.50431,-0.6909953,1791.9894,0.13977888,1246.3948,0.23253027,-120.6984,-0.6383826,2845.5542,0.11848153,1101.747,0.2275052,-123.931114,-0.59643584,-20.71878,-0.27472848,31.894407,0.24599443,0.051035963,0.35546976,-0.018056767,-0.43708792,0.103835315,0.50329125,30.379549,0.23856422,15.163973,0.34387395,-3.3665884,-1.7895896,-4.984156,-2.3297527,-10.814218,19.782454,0.03642635,-0.0022577944,0.06908599,5.0632915,5.4054055,0.0775,0.036314595,0.0875,0.057608593,-33.931316,11,16-2,86,SPEAKER_01,986.833333,989.266667,986.833333,987.64034375,1,0.807,disengaged
38.57573,0.016539207,38.06383,38.619514,39.23498,1.1711502,28.189814,2.1172714,6.85093,16.855381,0.34761485,0.3450855,0.25229555,0.31572407,0.4185463,0.16625074,3.6624057,0.6511923,1.7498305,1.0789772,0.08425414,0.6611738,13.930228,0.8897044,8.343274,1.1476315,-8.848014,-0.7718402,-17.685196,-0.7732054,0.020949489,0.74825054,1.2345197,0.54980445,8.821943,0.28843853,8.459963,0.6724495,22.65579,0.29387668,820.41626,0.16991206,1255.28,0.17216785,-108.19624,-0.8081816,1834.7219,0.110527955,1164.9701,0.19928348,-115.34431,-0.6774997,2910.1177,0.059509818,751.4746,0.4769117,-113.61838,-0.7037304,-10.906454,-0.53933626,21.605267,0.18996237,0.03627515,0.50436974,-0.01955074,-0.7902872,0.08220869,0.3196442,21.495266,0.26308042,8.830657,1.0414903,-5.5420504,-0.55069387,-25.826868,-0.39402843,-4.102366,11.3364525,0.015303025,-0.0049978676,0.059988976,4.0,4.5454545,0.099999994,0.01,0.06333333,0.047140453,-35.182686,11,16-2,86,SPEAKER_01,986.833333,989.266667,988.75409375,989.266667,1,0.5125625,disengaged
35.57487,0.085038245,34.420433,35.986645,37.906773,3.4863396,312.00674,273.28995,-5.1175194,18.08914,0.38470015,0.33804226,0.26400125,0.386885,0.5083032,0.24430197,3.3401062,1.8580173,2.1936524,1.1618369,0.13543445,0.5734952,31.116455,0.17192203,3.0519423,2.5445027,-9.903936,-1.0927365,-11.743693,-0.92889667,0.02588159,1.8712908,1.1218965,0.5389055,7.973238,0.44029117,5.996832,1.2253817,30.942638,0.2246649,806.81964,0.17320974,1306.7117,0.13245979,-44.355133,-1.6611085,1834.481,0.1031095,1157.5249,0.26978502,-55.159515,-1.1865975,2924.2285,0.0774342,906.9896,0.28330794,-62.385517,-0.99441236,-14.693066,-0.4844841,28.822252,0.21390587,0.050282776,0.3146678,-0.019819159,-0.63282293,0.14416529,0.51696754,32.457626,0.13723592,3.924922,1.981522,-10.221757,-1.1176593,-13.618196,-0.7266144,-10.730156,20.952442,0.03529896,-0.012073437,0.10602117,4.794521,2.4475524,0.3228571,0.21631421,0.07833333,0.023392782,-30.945478,11,16-2,87,SPEAKER_01,989.3,992.933333,989.3,992.23034375,1,2.9303125,engaged
38.573128,0.007836221,38.31392,38.591373,38.839634,0.5257149,0.0,0.0,-0.19337082,0.0,0.2951386,0.2915479,0.21257932,0.28261366,0.3796984,0.16711907,2.1688993,0.0,-2.760914,0.0,0.13216211,0.81797475,23.059158,0.3471642,5.2245297,1.42151,-4.6916547,-1.551919,-6.29337,-0.85226995,0.0,0.0,0.0,0.0,8.312776,0.030502154,11.344024,0.387714,24.70256,0.090408884,540.3833,0.38209316,1641.8176,0.04928059,-136.81747,-0.54138696,1545.2913,0.085236,1162.8982,0.010843799,-126.987175,-0.5814447,2534.4614,0.1366573,1183.974,0.2903253,-129.36325,-0.54922134,-12.940968,-0.5055952,22.22722,0.33880454,0.03766249,0.046005994,-0.008763053,-0.45226666,0.1616009,0.7082979,20.47315,0.32410043,4.1977797,1.5518117,-7.441045,-0.9908349,-3.5422146,-0.8674779,-6.167361,14.579652,0.040220577,-0.004410785,0.045389853,6.666667,11.111112,0.03,0.0,0.04,0.0,-30.87931,11,16-2,87,SPEAKER_01,989.3,992.933333,992.7703437500002,992.933333,1,0.163,engaged
37.934254,0.04656451,37.036858,38.041874,39.283695,2.2468376,33.399906,19.767895,14.083081,6.1010466,0.41985616,0.3115502,0.30530238,0.43361017,0.53992796,0.23462558,3.6017027,2.327929,1.7776631,0.6689663,0.1593374,0.6774049,26.836954,0.30773547,5.6606846,1.841147,-7.044945,-1.5827866,-5.374306,-2.3110688,0.020079361,0.78606063,1.1717334,0.5369182,8.347162,0.5598387,8.47474,1.1837646,27.762005,0.37440896,789.88336,0.2139845,1379.3174,0.1635697,-84.93048,-1.0142149,1852.9401,0.131196,1139.3707,0.18338503,-84.59164,-0.91055626,2911.2593,0.093811,1076.4965,0.21613808,-89.52742,-0.82073516,-16.906044,-0.5286955,29.991106,0.3024874,0.0478641,0.36509126,-0.016961655,-0.8337537,0.16445878,0.60059136,30.550226,0.17270063,5.9657297,1.9563946,-6.5810537,-1.6891412,-8.241657,-1.3771726,-11.670168,19.675724,0.034178056,-0.01564426,0.16055934,4.6082954,2.8301888,0.22833334,0.15805238,0.12399999,0.054626003,-27.396868,11,16-2,88,SPEAKER_01,992.966667,1000.066667,992.966667,995.14971875,1,2.1830625,disengaged
37.32507,0.02787524,36.430637,36.876114,38.544033,2.1133957,0.0,0.0,-0.22457828,0.0,0.32287955,0.61703074,0.12938058,0.268947,0.5431944,0.41381383,4.5908103,0.9795697,4.024725,0.0,0.134491,0.8960067,26.285671,0.23107515,-3.794415,-2.2331216,-17.035597,-0.5587246,-1.4850861,-8.038662,0.009452537,0.5998033,1.0002387,0.2125747,6.7851067,0.24482949,-3.775224,-1.5869721,25.834253,0.31000605,794.6788,0.19015452,1383.5853,0.12358443,-126.25226,-0.7041716,1836.2333,0.1282034,1189.724,0.112196155,-119.64757,-0.7115429,2940.6223,0.085679404,1092.0723,0.11668896,-124.290184,-0.647571,-13.165768,-0.18400206,25.286772,0.1447693,0.035107266,0.47907245,-0.020987459,-0.66391534,0.23729774,0.39206898,31.961023,0.10947095,-6.6130123,-0.60121304,-20.995283,-0.42984053,-13.361701,-0.6775756,-7.281612,19.35183,0.0051495857,-0.00096751645,0.043490108,2.9411764,3.448276,0.12,0.0,0.07,0.02,-31.884205,11,16-2,88,SPEAKER_01,992.966667,1000.066667,995.36909375,995.7234687500002,1,0.354375,disengaged
36.46665,0.06095352,35.539642,37.035683,38.19051,2.6508675,31.972906,30.830034,16.350014,4.7943,0.2989671,0.26656723,0.21443161,0.3034892,0.3691878,0.15475619,3.1361556,1.7994008,1.42472,0.63590217,0.10899832,0.6391064,27.436586,0.29358816,7.6687646,1.3109951,-8.222649,-1.1597794,-2.8955352,-3.429878,0.016716557,0.6135362,1.064424,0.6451867,8.927377,0.3887531,9.458237,0.70960414,30.830786,0.23842968,817.2151,0.19470727,1312.119,0.14099242,-84.65335,-1.0059465,1889.9432,0.13106182,1048.9281,0.22570896,-87.97592,-0.86476654,2976.7664,0.09379773,1040.3893,0.18445344,-92.99216,-0.78043514,-18.679165,-0.4012752,30.126255,0.26780128,0.046251543,0.3327435,-0.017136604,-0.73164576,0.13150781,0.5604295,30.055166,0.19522263,9.805275,0.91514516,-5.8433895,-1.4903189,-7.588573,-1.1906756,-11.029169,21.925686,0.03194166,-0.003956799,0.07577285,4.191617,4.3209877,0.14142857,0.13569173,0.08,0.025819888,-32.274006,11,16-2,88,SPEAKER_01,992.966667,1000.066667,996.33096875,998.01846875,1,1.6875,disengaged
37.22519,0.06394515,35.597763,35.919987,39.887882,4.290119,79.96709,67.14539,19.127222,11.535108,0.37774506,0.55899537,0.17414272,0.30634722,0.6031006,0.42895788,4.0800843,1.4340407,2.6742837,1.0567921,0.14851534,0.85045516,26.351732,0.38381532,-1.9436516,-5.3217106,-16.53372,-0.60299957,-5.681083,-3.243135,0.013800454,0.7886235,1.0884565,0.51550955,8.085012,0.42970672,4.484302,2.4148371,31.305178,0.33981055,731.8401,0.2249227,1372.6621,0.1514662,-93.51127,-1.0164212,1759.8092,0.13327922,1168.0586,0.25115457,-93.84956,-0.9274641,2911.1592,0.08681676,1035.653,0.20934087,-101.062096,-0.80265594,-15.021255,-0.4929874,28.161074,0.24938494,0.05145267,0.29560027,-0.02260989,-0.5795748,0.22432394,0.52905613,32.536922,0.15867418,0.36067924,27.479101,-18.565775,-0.61239606,-17.75968,-0.76932114,-4.467573,15.91414,0.0022555755,0.010959251,0.041866243,3.6144578,1.863354,0.30666664,0.16357125,0.21,0.12832251,-29.11182,11,16-2,88,SPEAKER_01,992.966667,1000.066667,998.3897187500002,1000.066667,1,1.6769375,disengaged
33.950054,0.040746786,32.468967,33.684803,35.50066,3.0316925,9.150219,0.0,-30.858105,0.0,0.29303405,0.6291628,0.15047559,0.19453387,0.43293965,0.28246406,-0.4403132,0.0,3.3906403,0.0,0.09480126,0.758197,33.652218,0.10306027,1.0176766,7.2439203,-6.678564,-1.8777189,-3.733862,-2.417577,0.034398094,0.7997152,1.5339808,0.63671046,4.997079,0.35057598,12.974591,0.8703904,32.81155,0.110945515,889.7564,0.035935678,1166.4885,0.10778602,-52.161716,-1.2523305,1993.3677,0.029882776,956.59735,0.16594128,-62.362823,-0.97820336,3069.342,0.015598947,1034.0216,0.17083196,-68.97619,-0.84584314,-17.727783,-0.14983422,27.865282,0.1492945,0.03622141,0.39947453,-0.017619919,-0.41795734,0.107625164,0.58956915,34.646416,0.11367979,1.9296391,4.270554,-9.778289,-1.4720091,-8.22097,-0.7855421,-14.022438,19.409615,0.039354913,-0.011240983,0.14027637,0.0,9.090909,0.074999996,0.044999998,0.02,0.0,-33.280437,11,16-2,89,SPEAKER_01,1000.1,1026.733333,1000.1,1000.38096875,1,0.2809375,engaged
37.092377,0.040751606,36.08453,37.015244,38.507263,2.4227333,86.89283,135.16602,9.934714,12.75891,0.31858087,0.47727138,0.1942803,0.26518917,0.42984122,0.23556092,3.1288235,2.1304398,2.7133267,1.1183177,0.13672131,0.73633164,29.234789,0.26621118,6.589448,1.2809031,-8.2454605,-1.4397706,-9.068926,-1.3561007,0.024947803,1.1319851,1.2589412,0.60711944,8.184298,0.41091263,7.111599,1.5723377,30.516241,0.30303726,770.54065,0.21640061,1395.163,0.18672183,-81.56982,-1.0598882,1821.5708,0.13598448,1177.5015,0.22270378,-84.25984,-0.917414,2932.198,0.08928898,1070.5765,0.31259763,-90.359116,-0.80732447,-18.86862,-0.3802296,31.627113,0.2349488,0.047306098,0.39207962,-0.020847937,-0.5880115,0.17670318,0.5715653,32.213715,0.16695511,7.8595657,1.1500846,-7.8036914,-1.6712625,-13.758607,-0.78616726,-11.640455,23.008154,0.027422886,-0.0068007205,0.062889144,4.20712,2.631579,0.24624999,0.15057701,0.099999994,0.06548961,-29.516176,11,16-2,89,SPEAKER_01,1000.1,1026.733333,1000.83659375,1003.94159375,1,3.105,engaged
40.80548,0.010330787,40.354553,40.897797,40.969696,0.6151428,39.984703,0.0,-12.561553,18.27298,0.30081108,0.431604,0.21168198,0.2476135,0.34477603,0.13309406,3.0486531,0.336609,2.1777759,2.5966222,0.19163044,1.0850087,23.79981,0.5095925,3.8849328,2.3402357,-11.862875,-1.0124357,3.47082,2.5625496,0.017958445,0.5796281,1.2973826,0.6375439,10.616093,0.31733605,5.674206,1.3120178,23.965845,0.22486587,894.3475,0.12944216,1249.3958,0.16552436,-115.11189,-0.70255953,1859.7491,0.07006066,1062.5109,0.20494679,-119.36437,-0.6456874,2967.139,0.062004246,976.69336,0.2857645,-124.69448,-0.57663506,-20.757368,-0.5183339,33.90762,0.26179284,0.03233496,0.16948009,-0.0018194736,-5.9401,0.32464004,0.77458847,23.842785,0.3356278,10.844076,0.7692887,-3.2034035,-3.1858172,2.1061661,5.151807,-8.897668,20.949137,0.036744647,-0.0011961989,0.10714201,5.4054055,3.125,0.14999999,0.0,0.07,0.02,-24.541636,11,16-2,89,SPEAKER_01,1000.1,1026.733333,1005.47721875,1005.86534375,1,0.388125,engaged
35.587086,0.0788743,33.050076,35.64233,39.432762,6.3826866,139.18224,105.591286,12.275279,0.0,0.31495276,0.43683594,0.22446008,0.27050716,0.45516682,0.23070674,2.4115376,1.3487171,2.5470827,1.6077965,0.10693557,0.7489809,25.535393,0.357033,2.7840843,2.7348092,-12.7637415,-0.83033097,-5.371678,-2.8734164,0.050144225,2.5654023,1.0876852,0.53134656,7.5811033,0.44463715,4.3617296,2.3797123,31.292128,0.26605892,832.532,0.24961744,1359.4094,0.129353,-94.060905,-0.95912814,1794.0571,0.13065878,1221.2594,0.14438874,-98.40392,-0.8531729,2959.7766,0.086961076,995.42206,0.29203555,-104.20628,-0.7594741,-16.891798,-0.36511976,32.563732,0.16337685,0.042978976,0.45785663,-0.014865723,-1.0809836,0.13545474,0.5897531,30.674204,0.17832164,5.8981266,1.233445,-11.697539,-1.0411351,-9.49699,-1.5899351,-8.0746355,21.789501,0.021794923,-0.0008733585,0.07823602,3.125,2.4390244,0.22666666,0.016996732,0.12,0.076811455,-30.978886,11,16-2,89,SPEAKER_01,1000.1,1026.733333,1006.35471875,1007.65409375,1,1.299375,engaged
37.10873,0.0030046373,37.003727,37.06827,37.21673,0.21300125,10.394796,0.0,-9.363937,0.0,0.18000218,0.5210229,0.07618476,0.19633918,0.2458871,0.16970235,2.5563934,1.6217108,0.96512765,1.1848501,0.05857105,1.8390619,13.7686825,1.2376702,9.501381,0.92159814,-3.9135895,-2.130039,-8.874257,-0.7958752,0.025272993,0.3858509,1.0057981,0.3627931,7.6823416,0.1394457,0.5070152,3.2823205,30.29049,0.07403569,641.98944,0.14198855,1531.5007,0.09158751,-181.70532,-0.29106537,1681.2345,0.063172884,1097.3906,0.07738819,-180.93335,-0.28450382,2914.0896,0.04174902,1183.6204,0.13177624,-182.30556,-0.263346,-12.897228,-0.3855587,25.229189,0.11633592,0.043625213,0.5019428,-0.008625703,-0.5906442,0.055266183,0.21588045,29.320719,0.104459874,1.8617688,1.7794955,-7.539708,-0.6638982,-4.7952046,-1.5680172,-5.097461,12.473512,0.0007227203,0.00088758837,0.057046227,4.347826,1.6393442,0.06,0.0,0.26,0.16,-39.8572,11,16-2,89,SPEAKER_01,1000.1,1026.733333,1007.77221875,1008.48096875,1,0.70875,engaged
35.408405,0.06083964,34.389137,35.482185,36.588234,2.1990967,186.40834,206.15494,23.311855,15.877828,0.31028873,0.4596684,0.19644308,0.2856956,0.40474236,0.20829928,3.0754309,1.9116231,2.4159105,1.774107,0.100898094,0.7729892,25.63864,0.3432404,6.520154,1.9137796,-10.945182,-1.06685,-6.8675475,-1.6236855,0.024340227,1.3349298,1.200414,0.47563723,7.1112146,0.4301364,5.3751144,1.9286941,29.941542,0.30687964,722.77576,0.24796829,1440.9121,0.14549169,-80.79321,-1.0845668,1743.2559,0.14369039,1188.8906,0.23670828,-84.35304,-0.9545656,2863.2886,0.10845515,1059.9974,0.3236626,-90.49876,-0.8379409,-14.840864,-0.54554296,27.00635,0.24773683,0.04442715,0.43039557,-0.014981278,-0.94946414,0.12544633,0.6584703,29.130436,0.23105289,8.044454,1.5868431,-11.129898,-1.1350787,-9.462229,-1.1587276,-8.851127,19.425611,0.020494824,-0.003152495,0.058436744,4.387569,3.505535,0.17526315,0.14173245,0.094444446,0.05813989,-33.741074,11,16-2,89,SPEAKER_01,1000.1,1026.733333,1008.85221875,1014.33659375,1,5.484375,engaged
35.638607,0.053638913,34.281567,35.23216,36.03907,1.7575035,105.12611,105.51098,24.123932,28.746668,0.34775755,0.43523663,0.22631691,0.31830636,0.4664451,0.24012817,3.0914626,2.0651057,1.7463413,0.728277,0.109449185,0.6701939,27.617208,0.3606825,4.0267663,2.8726766,-13.786799,-0.85715353,-6.412164,-1.647548,0.025655035,1.1919317,1.242055,0.4959774,6.2106686,0.5506772,5.5884933,1.5996344,29.1268,0.7488917,745.83484,0.22156702,1422.7897,0.15857176,-67.45548,-1.2674482,1757.8729,0.11771032,1163.0497,0.21518946,-71.65878,-1.0747812,2866.7947,0.087861605,1001.38477,0.2575253,-79.62506,-0.9043049,-14.205772,-0.6155003,28.1946,0.25203502,0.0507509,0.32376775,-0.016614934,-0.9592151,0.12930915,0.5615599,31.642883,0.17750542,4.6662316,2.5135229,-13.937463,-0.9057806,-9.041355,-1.0443856,-8.043316,19.013418,0.033005357,-0.0031770715,0.06872762,3.5490606,2.9535866,0.23285715,0.17717743,0.084285714,0.040833157,-32.773056,11,16-2,89,SPEAKER_01,1000.1,1026.733333,1014.62346875,1019.43284375,1,4.809375,engaged
37.073048,0.047704905,36.13286,37.189613,38.280487,2.1476288,51.775227,45.37854,31.114418,49.749958,0.34148365,0.45703346,0.20647715,0.30903733,0.45764908,0.25117195,3.3355722,2.5545814,2.7736723,1.2035016,0.14866684,0.73133594,31.056646,0.20831414,7.749448,1.1968648,-7.9816623,-1.4756299,-11.2787,-1.0734674,0.021932902,1.7234906,1.2068363,0.5815906,8.715765,0.3852954,6.5854516,1.9632013,32.1797,0.28466186,780.4126,0.21000269,1397.5029,0.1377825,-57.317085,-1.3134893,1850.7323,0.11733565,1132.4668,0.20038377,-64.776596,-1.0421165,2968.9402,0.0848255,1040.0702,0.41229963,-72.40826,-0.8762517,-20.22028,-0.35470176,31.94309,0.22789209,0.056212895,0.38920182,-0.02586066,-0.45750946,0.17734954,0.60719615,32.342228,0.16206089,9.0130205,1.0326729,-8.057016,-1.5987993,-14.9766445,-0.6985305,-12.534244,24.085966,0.027977511,-0.0064487034,0.05947677,3.858521,2.9508197,0.25444445,0.13768815,0.08,0.056820516,-28.359228,11,16-2,89,SPEAKER_01,1000.1,1026.733333,1019.95596875,1023.07784375,1,3.121875,engaged
38.053356,0.0055463887,37.968758,38.071503,38.22552,0.25676346,1.5072379,1.4496053,5.1090064,1.6187309,0.35328043,0.29997844,0.27083975,0.3288307,0.47954634,0.20870659,1.0160378,0.40143123,0.33154106,0.57898927,0.0511554,0.5125976,33.413734,0.09496238,14.409425,0.31900454,-4.7852654,-0.72351897,-26.023678,-0.43656552,0.0064785522,1.228724,0.38468227,1.1534817,13.645863,0.11373025,20.103783,0.25705484,46.64706,0.12744457,718.1726,0.23371753,1512.2471,0.094275676,-10.609158,-1.6447486,1824.3383,0.103705555,1292.4812,0.29151133,-31.743624,-0.42017168,2992.1777,0.06867335,1090.6855,0.41274428,-39.162445,-0.3459077,-26.820501,-0.12977232,37.32943,0.081248455,0.06720502,0.25229725,-0.033320583,-0.23550567,0.052217007,0.5095767,33.37975,0.08684959,14.6737385,0.25709215,-4.707403,-0.7617394,-26.1626,-0.42666152,-3.3297622,16.961346,0.017622001,0.0027774626,0.0,2.0618558,1.0989012,0.89,0.0,0.0,0.0,-26.894455,11,16-2,89,SPEAKER_01,1000.1,1026.733333,1025.74409375,1026.733333,1,0.98925,engaged
35.40034,0.020592747,34.601387,35.356236,36.051388,1.4500008,12.601472,0.0,3.8683,0.0,0.28361303,0.1676279,0.23104098,0.287829,0.31747758,0.0864366,0.7238762,0.23475517,1.1730684,0.945771,0.045438726,0.30385226,31.616251,0.1290533,2.968661,2.8167849,-8.7321825,-0.40986148,-12.534185,-0.820269,0.006427323,0.5747253,0.7476649,0.44870538,9.391521,0.34098145,-5.989897,-1.5560398,24.022123,0.45827886,623.786,0.2244816,1474.0892,0.09903118,-16.803905,-2.9474475,1654.8074,0.13484238,1417.8278,0.39170647,-32.545197,-1.3414637,2725.753,0.102153,1027.5635,0.1528866,-37.39821,-1.1528438,-19.717855,-0.202392,26.939528,0.16184853,0.03259185,0.6106143,-0.030928407,-0.18566453,0.04482427,0.28661087,32.63658,0.07861405,5.007243,1.3255576,-8.66275,-0.43089488,-15.577205,-0.39915383,-6.8880906,9.729672,0.00721234,-0.014274856,0.06547878,3.846154,1.369863,0.66999996,0.0,0.04,0.0,-35.398617,11,16-2,90,SPEAKER_01,1026.766667,1060.266667,1026.766667,1027.56659375,1,0.7999375,disengaged
37.995934,0.09962568,35.605255,38.09987,38.676018,3.0707626,150.86034,121.11924,5.8037057,5.227832,0.4525364,0.33552355,0.35147995,0.48306644,0.5618555,0.21037555,1.210707,1.1076123,0.15209632,0.6978996,0.07404961,0.694055,27.913792,0.22268884,3.8254912,1.738972,-17.822496,-0.46083882,-28.699192,-0.46114373,0.010665058,1.9559311,0.5866142,0.76094854,12.528276,0.22417198,4.4032574,2.4905353,32.57592,0.69971514,809.45026,0.16923392,1316.2533,0.15511028,-11.159543,-4.9080396,1879.332,0.08720738,1068.5964,0.22596659,-33.777386,-1.3833529,3013.5723,0.06754366,824.6004,0.2732562,-41.581547,-1.0763366,-22.300604,-0.21567029,33.866596,0.12234893,0.0660077,0.27224296,-0.03388983,-0.40405056,0.07835338,0.6442533,29.329079,0.120783806,4.725912,1.3298733,-18.66206,-0.42548385,-32.34281,-0.23411481,-5.7584763,17.792252,0.038445648,0.02417228,0.052191917,1.7006804,0.6920416,1.3299999,0.79999995,0.06,0.014142135,-26.723286,11,16-2,90,SPEAKER_01,1026.766667,1060.266667,1029.00096875,1031.95409375,1,2.953125,disengaged
34.924145,0.029207166,33.850113,35.047943,36.09194,2.241829,3.595296,0.46393812,6.85914,7.042726,0.25480297,0.23219712,0.20154817,0.25256583,0.29778442,0.096236244,1.3519363,0.60498655,0.71870285,0.26630685,0.045444608,0.53169376,27.9551,0.22689582,7.4192724,0.84555644,-9.768221,-1.0301429,-2.7252045,-3.547465,0.008748757,0.44397086,0.7641768,0.53934914,10.308594,0.21059042,3.3973174,3.8375454,26.43194,0.41075385,684.21576,0.29321733,1429.7994,0.16094583,-42.292446,-1.659528,1714.0142,0.10204383,1195.205,0.22324829,-50.59605,-1.2642761,2817.8157,0.10268543,1086.1587,0.29977342,-57.839943,-1.0620005,-19.306519,-0.18948601,31.096367,0.19403282,0.035588097,0.8129003,-0.016570872,-0.7203454,0.040348504,0.38675356,30.10953,0.13098642,9.448806,0.4883957,-7.155298,-1.2755649,-2.6970816,-3.6965442,-8.068874,19.210197,0.01021634,-0.007818455,0.06732317,3.1847136,0.65789473,1.27,0.0,0.11,0.07,-35.68398,11,16-2,90,SPEAKER_01,1026.766667,1060.266667,1033.5909687500002,1035.17721875,1,1.58625,disengaged
33.39798,0.006209805,33.25056,33.311886,33.57449,0.32392883,0.98754036,0.0,2.7226768,0.0,0.24623682,0.24264733,0.19107181,0.26114237,0.29058775,0.099515945,1.7184738,1.5660503,0.864538,0.63111794,0.06738816,0.62794197,27.31661,0.10363813,-1.5563972,-2.0756927,-12.64223,-0.33618614,-18.040125,-0.50747454,0.012134167,1.1219311,0.92418665,0.7269845,8.385407,0.35851312,-9.732978,-0.27233863,17.451588,0.24816401,638.1758,0.101511195,1326.9854,0.06293966,-101.89863,-1.0061123,1736.0023,0.040175688,1118.9202,0.27194932,-111.024704,-0.83715385,2872.705,0.053277966,795.078,0.21833198,-116.60395,-0.74723047,-17.410612,-0.15621431,31.568007,0.06732167,0.014784285,0.66042095,-0.037309483,-0.14823835,0.05954485,0.76122797,28.853287,0.06338009,-1.355687,-1.9945927,-15.076087,-0.20524804,-20.227587,-0.14477006,-14.101034,25.50492,0.037146077,-0.03232071,0.08306596,4.2253523,1.5384616,0.29999998,0.0,0.32999998,0.0,-38.47572,11,16-2,90,SPEAKER_01,1026.766667,1060.266667,1036.5272187500002,1037.2528437500002,1,0.725625,disengaged
37.51874,0.072827175,35.868546,36.720367,38.079117,2.2105713,45.69485,40.506878,45.931767,27.662064,0.4326515,0.24270573,0.35805023,0.40432164,0.53530806,0.17725784,1.7496185,1.2253803,2.2207057,1.1824672,0.10369668,0.63903236,26.46247,0.16089092,1.505579,5.609457,-18.741331,-0.5141897,-30.660511,-0.32304764,0.021533009,1.4971908,0.92268413,0.4744625,8.46611,0.32561395,-10.775518,-0.7821099,20.186308,0.39280206,729.8887,0.20787385,1306.4043,0.12749913,4.398023,1.964901,1771.0626,0.13654964,1221.7351,0.2728325,-17.615408,-0.8409313,2855.4075,0.063131474,801.4811,0.28411424,-23.155249,-0.35596135,-13.50916,-0.8787335,30.38777,0.13325293,0.03107678,0.76873994,-0.030373583,-0.62842286,0.106490254,0.62527806,26.14388,0.15487112,0.83638006,9.503958,-19.373732,-0.48196003,-30.971504,-0.32208374,0.0,0.0,0.0,0.0,0.0,4.1379313,0.7194245,1.38,0.0,0.0,0.0,-29.260612,11,16-2,90,SPEAKER_01,1026.766667,1060.266667,1037.74221875,1039.2103437500002,1,1.468125,disengaged
35.907673,0.10303265,34.327244,35.70305,37.42903,3.1017876,294.6287,472.64597,177.73639,244.75197,0.38820967,0.44748065,0.23978274,0.355293,0.5422943,0.30251157,3.4683683,2.6607134,2.7357323,1.1604828,0.13161927,0.72064626,27.262424,0.331475,2.7391083,4.04653,-16.530983,-0.65458363,-9.687423,-1.3191054,0.024758134,1.5927498,1.2629068,0.45447028,5.8490214,0.6099018,1.0880808,8.776197,29.416264,0.31910712,768.59625,0.2266784,1378.7216,0.14701638,-61.144814,-1.3947207,1769.1906,0.13008273,1155.3435,0.22983427,-67.52524,-1.1304022,2905.3845,0.099923246,1031.5458,0.3674004,-75.80112,-0.9408618,-12.202346,-0.64592654,27.180418,0.2566533,0.046438206,0.33769614,-0.019317243,-0.8233705,0.15265068,0.6264884,30.233603,0.19591779,3.0,3.915544,-17.66807,-0.65559745,-13.263815,-0.90154654,-9.027776,20.538029,0.035723217,-0.0025513228,0.08199792,3.8194447,2.6269703,0.26866665,0.26308087,0.09066667,0.04567518,-31.508617,11,16-2,90,SPEAKER_01,1026.766667,1060.266667,1042.50096875,1048.27221875,1,5.77125,disengaged
36.46545,0.04345412,35.067825,36.212658,37.71703,2.6492043,18.255983,10.449653,8.949863,0.6885772,0.3269101,0.46943083,0.17486727,0.29697844,0.4875944,0.31272712,3.5765216,1.7901154,2.5789745,1.2631547,0.109479606,0.8734575,29.187784,0.31660274,0.2923571,27.519114,-14.219097,-0.68975085,-1.4469874,-5.58176,0.015779952,1.0391668,1.0158479,0.43761182,7.9238596,0.35826862,4.2557354,2.7606251,31.27952,0.31289053,758.6747,0.22760814,1452.5237,0.1830035,-85.08554,-1.0530527,1722.8572,0.13284813,1254.4882,0.2363558,-86.78093,-0.97153217,2893.6443,0.11449909,1103.5771,0.264602,-96.43798,-0.79716134,-11.69351,-0.6560723,31.071533,0.1992645,0.04196427,0.6821794,-0.005547653,-2.3424778,0.14423943,0.68943834,34.207355,0.122949064,0.8458282,10.319959,-16.130003,-0.70024776,-4.5981507,-1.7656282,-6.2171397,20.08455,0.01188259,0.00375366,0.054597165,3.3980584,1.9900497,0.3075,0.18753332,0.138,0.11702991,-32.49576,11,16-2,90,SPEAKER_01,1026.766667,1060.266667,1048.7784687500002,1050.8540937500002,1,2.075625,disengaged
35.088085,0.030817987,34.200153,35.379646,35.878014,1.6778603,51.08513,46.75288,6.7691336,8.129728,0.34208703,0.38388082,0.23692359,0.31451392,0.40574235,0.16881876,1.9322077,1.210114,1.9207326,0.6973927,0.11490188,0.63219213,27.062662,0.39179614,8.087779,1.1132302,-7.1753435,-1.2453755,-3.4088778,-2.8456957,0.018814323,0.86506945,1.0342151,0.54573315,8.201483,0.30568847,8.468097,1.1345952,32.98962,0.24943991,781.94806,0.2018571,1390.8839,0.14324734,-62.713326,-1.2731472,1838.0986,0.08890827,1155.44,0.30534634,-70.32907,-1.0315158,2919.127,0.07733481,1078.24,0.2900789,-76.85121,-0.8955982,-18.269733,-0.34470505,29.58601,0.26533192,0.05658141,0.24507838,-0.017419085,-0.68346953,0.13887115,0.50980604,32.00377,0.20137793,8.599213,1.1724886,-6.1603165,-1.4491869,-4.7170053,-1.8241374,-10.076491,19.063456,0.036401324,-0.004618486,0.059336495,3.9106145,2.8735633,0.24799998,0.13644047,0.08,0.038470767,-31.40984,11,16-2,90,SPEAKER_01,1026.766667,1060.266667,1052.30534375,1054.1109687500002,1,1.805625,disengaged
36.230858,0.021926276,35.846516,36.08347,36.861057,1.0145416,7.9537964,8.649775,3.9017234,0.0,0.25587326,0.42733622,0.17918742,0.2803394,0.327856,0.14866859,2.709034,0.93554944,0.38347054,0.0,0.057582468,1.0906857,25.472975,0.2734513,17.173864,0.57236856,-1.486161,-3.111672,-13.626921,-0.7021795,0.009822862,0.5017206,0.6941873,0.7433086,11.035566,0.20080124,9.701265,1.1752179,33.09251,1.0691454,709.8693,0.17645267,1371.4524,0.1345533,-35.93412,-1.749596,1808.1581,0.057674628,998.30756,0.14193489,-53.705402,-1.0079882,3022.5479,0.03798394,877.1548,0.32888883,-61.792736,-0.82998675,-22.71459,-0.16012685,30.965263,0.13716878,0.056679823,0.4308328,-0.020715347,-0.8045314,0.06409617,1.0334308,27.5457,0.093896,21.208105,0.2165874,-0.8725997,-4.998663,-16.407534,-0.4837282,-9.866397,19.432203,0.035487972,0.019360425,0.048332177,0.7194245,1.4925374,0.575,0.185,0.065,0.015,-31.999084,11,16-2,90,SPEAKER_01,1026.766667,1060.266667,1056.57471875,1057.97534375,1,1.400625,disengaged
43.06578,0.054507766,39.99286,44.205086,45.03076,5.037903,20.086784,2.4865913,1.3057137,17.549944,0.9681702,0.43787774,0.52842975,1.0113579,1.3321562,0.80372643,12.112026,3.3054519,6.8204565,2.560993,0.4251828,0.45967332,25.745245,0.19589435,-4.9217706,-2.7975912,-11.312908,-0.7509012,-17.250235,-0.614105,0.010003835,1.010714,0.7546983,0.8757645,13.387033,0.2578769,7.4448953,0.9762235,24.641333,0.34986478,832.3991,0.1499213,1231.8329,0.1571485,-19.54309,-0.8033115,1774.9102,0.06869727,976.1658,0.2727237,-27.560167,-0.5823147,2935.2463,0.07310697,712.51263,0.42072314,-39.293983,-0.3488247,-15.581021,-0.44440532,30.41663,0.21644497,0.07424623,0.22458056,-0.008116715,-2.2952852,0.4437504,0.42910525,25.7634,0.20390376,-6.5085945,-2.057926,-12.01134,-0.68964744,-19.155031,-0.45178208,-25.96112,36.9877,0.06329261,-0.02206057,0.8369125,5.0632915,1.369863,0.71999997,0.0,0.0,0.0,-17.591988,11,16-2,90,SPEAKER_01,1026.766667,1060.266667,1059.4603437500002,1060.266667,1,0.8063125,disengaged
35.96292,0.092392094,33.276352,35.756252,39.056416,5.7800636,23.821377,9.924963,22.381079,6.3798356,0.45982394,0.598175,0.2268497,0.4129176,0.6261369,0.3992872,6.546354,4.6730976,4.058367,2.4764876,0.1866326,0.7259117,30.624857,0.28238106,7.535,1.2572548,-9.039781,-1.1256899,-7.6744413,-1.3721716,0.015446477,0.96350485,1.1539849,0.7272255,8.66891,0.37567794,3.5661051,2.0449178,32.83586,0.2461076,758.2077,0.15426213,1336.959,0.16408876,-47.826275,-1.5165942,1766.3094,0.07562217,1006.4166,0.258435,-57.909138,-1.1396449,2942.3347,0.060919475,806.97217,0.39725664,-67.73643,-0.9054491,-18.02959,-0.34817433,32.08615,0.20545046,0.046816744,0.3880543,-0.029520404,-0.35870677,0.21440677,0.62672585,32.4596,0.24919951,7.7264495,1.2932944,-9.617215,-1.1358522,-10.378575,-0.9653156,-12.175786,24.121725,0.011101381,-0.015834833,0.10120567,4.0,2.739726,0.28333333,0.2917571,0.061666664,0.033374976,-26.602749,11,16-2,90,SPEAKER_02,1026.766667,1060.266667,1039.86846875,1042.1297187500002,1,2.26125,disengaged
35.800976,0.040062767,34.510742,35.629616,37.335514,2.824772,108.658714,138.14023,6.5488954,6.5412855,0.29725644,0.5855242,0.16638404,0.23688734,0.44536605,0.278982,2.2302115,1.19592,1.9603158,1.9297992,0.089507066,1.1308308,28.488476,0.13711831,15.871771,0.8019531,3.7093933,1.8657175,-9.630992,-1.4394506,0.013353255,0.96536463,0.78194594,0.9252453,10.954379,0.24185792,12.965035,0.78985703,35.737595,0.26088035,677.76495,0.22531864,1429.728,0.13662148,-55.1354,-1.3326067,1805.3297,0.0912787,1157.7717,0.16994894,-70.346085,-0.90450233,2938.9683,0.05011061,955.75806,0.25014213,-73.43121,-0.8480107,-24.69006,-0.17979045,33.50274,0.15340534,0.05099955,0.5786243,-0.023586709,-0.5044147,0.103963055,1.0467991,29.544357,0.09774851,21.280766,0.36912045,4.544918,1.5657094,-13.993244,-0.7794554,-8.350015,20.202166,0.0011377069,0.008290206,0.045240056,2.1551726,2.2123895,0.348,0.21254645,0.107499994,0.040850338,-28.83558,11,16-2,91,SPEAKER_01,1060.3,1077.633333,1060.3,1062.63284375,1,2.3328125,engaged
35.236523,0.02093992,34.5781,35.20891,35.98716,1.4090614,28.903961,0.0,-1.0464516,11.274945,0.16350783,0.36364838,0.09987641,0.16337827,0.21754378,0.11766737,2.3723114,1.4935608,0.91479224,0.8287573,0.048696686,0.86728895,23.565748,0.15242982,8.8287525,1.1766515,-2.9051943,-1.7974364,-0.017690675,-534.827,0.02560708,0.7491514,1.5976604,0.9380533,8.518276,0.17207684,4.086941,1.09188,25.108324,0.18775599,792.8098,0.07916232,1091.3918,0.07559809,-110.70414,-0.78724897,1827.6467,0.02644332,817.9521,0.05951851,-119.46773,-0.65387785,2988.1726,0.018585863,551.32,0.15037476,-122.82802,-0.6105319,-19.996056,-0.16568878,30.225456,0.16095005,0.019914597,0.78399736,-0.020083737,-0.38840687,0.063708425,0.71866864,24.110348,0.13288838,18.928461,0.21220605,-4.56754,-0.86791456,-4.590419,-1.439195,-11.6596775,21.740656,0.0065693413,-0.0043687173,0.04281295,5.882353,4.3478265,0.099999994,0.0,0.099999994,0.02,-41.11469,11,16-2,91,SPEAKER_01,1060.3,1077.633333,1062.9703437500002,1063.49346875,1,0.523125,engaged
35.453915,0.017458709,34.79457,35.48545,36.113987,1.319416,37.92181,23.545523,14.104959,5.867717,0.18897885,0.34626138,0.12341899,0.17646804,0.26343742,0.14001843,1.4322358,0.27720535,0.2535027,0.76034164,0.047616165,0.69734186,27.448772,0.16251478,10.396873,1.0993984,-1.2564526,-4.108846,0.38117746,31.334936,0.01687066,0.81243193,1.2389525,1.035558,10.454419,0.17114834,8.516406,0.6415782,32.3892,0.22263749,720.9571,0.18324012,1449.9226,0.18839447,-79.28083,-1.0336864,1775.819,0.06342259,1096.9861,0.11259523,-86.75809,-0.84830403,2899.2573,0.058759987,875.25543,0.22358477,-91.37768,-0.7719194,-22.310637,-0.15848973,33.977455,0.13106315,0.037304513,0.5478053,-0.018220583,-0.6005686,0.06400425,0.5755705,29.60387,0.13323233,17.982498,0.3640429,-0.4128588,-13.996689,-6.598651,-1.6247629,-7.9514403,23.181717,-0.001230014,0.011106439,0.022559684,3.5714285,4.0,0.16,0.089999996,0.07,0.0,-37.798737,11,16-2,91,SPEAKER_01,1060.3,1077.633333,1064.18534375,1064.75909375,1,0.57375,engaged
35.242207,0.027149174,34.354343,35.437313,36.02931,1.6749649,73.004616,64.02439,12.062414,6.7044253,0.1783919,0.4526306,0.10167774,0.16023625,0.27250224,0.1708245,1.6034033,1.1291795,0.87188274,0.6580865,0.03905593,0.8481783,25.59219,0.15628599,7.8871336,1.7360836,-2.5343971,-2.0805905,-2.0709457,-6.426333,0.016166182,1.0832207,0.924365,0.8775473,10.196664,0.22727242,-0.7958879,-8.645463,32.408966,0.19903687,710.3383,0.1366559,1353.5162,0.1740775,-110.10585,-0.83434564,1808.2406,0.059436373,1027.3004,0.14966995,-119.15998,-0.6767582,2993.5935,0.033288293,816.7775,0.28242412,-122.90342,-0.62674856,-22.356188,-0.1630998,31.791454,0.115915686,0.034473777,0.6174245,-0.023132958,-0.3513234,0.05565964,0.67772603,28.68716,0.103522025,20.851059,0.2758456,-2.3634527,-2.6061652,-13.910992,-0.51505494,-7.7063346,19.74444,-0.00394983,0.008230301,0.024205824,3.5294118,2.4096386,0.19166666,0.25102568,0.20333333,0.07803133,-38.31418,11,16-2,91,SPEAKER_01,1060.3,1077.633333,1065.3328437500002,1067.8978437500002,1,2.565,engaged
34.18739,0.022781994,33.43509,34.16808,34.992615,1.5575256,0.0,0.0,-0.20936064,0.0,0.19132626,0.20254512,0.15942967,0.19032495,0.23325405,0.073824376,0.6151382,0.8822383,1.0451711,0.0,0.045218695,0.35978645,24.79232,0.113716915,15.011064,0.6676676,1.3480613,2.0849476,-0.6239607,-6.817324,0.012610828,0.2910081,1.215471,0.35403132,8.204757,0.25327235,4.5744514,0.61039627,28.183369,0.18730718,793.2345,0.072329536,1399.4911,0.10663074,-17.696863,-0.2800974,1850.4938,0.0467825,1039.2671,0.085513346,-33.214718,-0.16975732,3033.6472,0.017120723,869.999,0.12104934,-40.621487,-0.09479022,-21.773733,-0.13189842,33.878498,0.0763798,0.024499081,0.632263,-0.016674992,-0.39712176,0.056769937,0.36418438,26.596062,0.057248995,21.548058,0.22952066,3.144742,0.27478084,-2.6298716,-1.2238594,0.0,0.0,0.0,0.0,0.0,5.882353,9.090909,0.099999994,0.0,0.0,0.0,-38.708057,11,16-2,91,SPEAKER_01,1060.3,1077.633333,1069.77096875,1069.95659375,1,0.185625,engaged
36.094315,0.041002207,34.99292,36.050755,37.11521,2.1222916,0.9262433,7.6991596,22.356483,6.8592935,0.23025605,0.5328521,0.12206406,0.22151724,0.28445873,0.16239467,2.518231,1.5782378,1.1583794,0.7186088,0.08261448,1.5600255,26.93043,0.1813226,10.816645,0.9603605,-1.6515734,-3.9285908,-10.435737,-1.4036975,0.016820537,0.6142898,0.8223832,0.56749153,9.575076,0.20218994,6.2783275,1.1569134,34.71477,0.22309853,747.4162,0.1358892,1329.6653,0.11178241,-60.487644,-1.3130174,1825.946,0.07354601,1072.2013,0.1390469,-76.22688,-0.92096615,2933.9434,0.056712046,926.7091,0.2157278,-81.73004,-0.8226568,-21.107635,-0.2194333,29.900444,0.15912652,0.041936368,0.5585291,-0.026573906,-0.4815894,0.10705911,1.3832859,28.394844,0.131566,16.548504,0.35581407,-1.4198097,-4.8597307,-17.515259,-0.6749549,-9.920692,22.517893,0.010251782,0.0021209677,0.032531675,3.7500002,2.6666667,0.265,0.055,0.056666665,0.024944384,-33.98626,11,16-2,91,SPEAKER_01,1060.3,1077.633333,1071.17159375,1071.9815937500002,1,0.81,engaged
35.57189,0.021359203,34.966152,35.71793,36.088768,1.1226158,18.734907,12.23463,1.6192926,5.3946614,0.17936319,0.33367383,0.10429835,0.1979517,0.23208702,0.12778866,0.80264306,0.54745114,0.60860866,0.33028656,0.03355738,0.9116517,28.897575,0.22025312,11.750857,1.026839,2.398664,2.444328,-2.0130248,-5.0252767,0.009772233,0.841798,0.5980419,0.67718476,11.482914,0.18927911,17.618109,0.6482098,40.393482,0.22466606,618.77954,0.2598741,1316.093,0.1271779,-76.266754,-1.1363721,1733.4475,0.06428565,1025.1606,0.15050891,-89.227264,-0.8560161,2942.8062,0.039352927,944.74457,0.22390197,-97.28178,-0.72869617,-24.400951,-0.17671762,35.673717,0.146216,0.05090495,0.4964355,-0.014006991,-0.6592819,0.039366297,0.8801956,32.240967,0.1429574,19.82111,0.2469419,5.137875,0.85266346,-7.5455556,-0.8923899,-7.94226,20.587494,0.005516363,0.0026323374,0.022906626,2.906977,1.7964072,0.35999998,0.33950943,0.13,0.11874342,-37.112293,11,16-2,91,SPEAKER_01,1060.3,1077.633333,1072.72409375,1074.46221875,1,1.738125,engaged
34.594105,0.021310106,33.944645,34.4311,35.31967,1.3750267,0.0,0.0,-0.16857693,0.0,0.20920126,0.26820594,0.15766065,0.19516313,0.27139565,0.113735005,3.131874,0.0,-1.0916345,0.0,0.059407666,0.6367593,28.145094,0.17080422,13.515859,0.35016742,-2.76749,-1.4911801,-7.9560976,-1.3901875,0.01681683,0.468698,1.5158726,0.59947276,8.528478,0.18491815,0.78908366,3.0422401,27.392574,0.15661503,808.1031,0.08275661,1089.9701,0.05283849,-11.131398,-0.44636884,1886.7747,0.040866006,887.41174,0.045001607,-32.219563,-0.097986884,3031.414,0.014048191,730.8263,0.08478643,-40.312187,-0.039358918,-22.27598,-0.123085864,34.109734,0.035968848,0.023584269,1.0303752,-0.02692774,-0.5130451,0.07993635,0.57780516,30.945412,0.08303798,16.121414,0.13767384,-3.475452,-0.8433912,-13.372727,-0.65470177,0.0,0.0,0.0,0.0,0.0,5.0000005,7.142857,0.13,0.0,0.0,0.0,-37.98778,11,16-2,91,SPEAKER_01,1060.3,1077.633333,1075.55909375,1075.7784687500002,1,0.219375,engaged
36.114605,0.020933952,35.323807,36.270542,36.78513,1.4613228,65.6845,69.29603,1.4529883,6.501727,0.33817804,0.3814448,0.22189799,0.3006939,0.47646725,0.25456926,1.8516649,0.5512368,2.106417,0.15357286,0.10429891,0.63880455,27.833242,0.2571963,6.0464525,1.566477,-14.613614,-0.6397015,-5.635003,-2.1743062,0.014161037,0.95222646,1.1096445,0.469009,7.799917,0.29717955,-0.029470418,-269.7543,29.251766,0.21170627,720.1487,0.2444701,1433.0521,0.0990054,-62.49582,-1.3173137,1695.2456,0.1391229,1230.9733,0.21924931,-67.560814,-1.0965807,2818.9282,0.07744661,1022.65515,0.2185735,-77.382126,-0.8767154,-13.167761,-0.5074855,29.49179,0.1681154,0.046814524,0.39891368,-0.0143505465,-0.93262494,0.11815022,0.61170965,29.198332,0.25108352,6.477946,1.5651823,-17.378626,-0.5686677,-8.485724,-1.4562027,-13.48102,27.611155,0.032309484,-0.0045182,0.08239431,2.5316458,2.7027028,0.265,0.13499999,0.053333335,0.047140453,-33.690434,11,16-2,91,SPEAKER_01,1060.3,1077.633333,1076.82471875,1077.633333,1,0.808625,engaged
35.298027,0.05069961,34.268055,35.368896,36.644733,2.3766785,166.63127,147.59395,17.411041,16.305092,0.33658135,0.43763503,0.21182859,0.31232044,0.44687808,0.23504949,2.9717135,1.8181602,1.8887572,1.0118343,0.10816455,0.74291575,26.364935,0.39358026,7.9546123,1.3896974,-10.822566,-1.0413573,-12.584147,-1.0191958,0.01549685,1.027613,1.1369131,0.55416834,7.9776115,0.37293962,2.9766085,3.6961548,31.737535,0.2883204,755.1813,0.21952572,1367.261,0.16191155,-67.87452,-1.2680348,1803.8107,0.12567501,1153.4624,0.28012666,-75.620705,-1.0109258,2915.3315,0.08332485,999.44836,0.24237224,-81.97454,-0.8827636,-16.84871,-0.43206838,28.957365,0.26229906,0.055245586,0.35741517,-0.026148602,-0.48884228,0.13391592,0.609202,29.987688,0.24381356,9.605225,1.0936381,-11.334624,-1.0812933,-17.456762,-0.642929,-8.286061,17.345005,0.021462142,-0.0073241433,0.051166195,3.665988,3.0927835,0.21733333,0.18237203,0.0976923,0.07697691,-31.808083,11,16-2,92,SPEAKER_01,1077.666667,1083.666667,1077.666667,1082.59596875,1,4.9293125,disengaged
37.474922,0.05644906,36.302498,38.438805,38.882442,2.5799446,200.3084,155.49931,-1.3888454,6.8905644,0.43011323,0.38532367,0.3224358,0.4050813,0.5853154,0.2628796,2.631775,0.35640517,2.399776,2.3470979,0.19551042,0.4600369,31.791777,0.15382093,9.218456,1.179476,-12.345105,-1.3227621,-23.831774,-0.36891812,0.04513325,2.3481843,1.0689692,0.47948763,9.458976,0.32071525,3.4419668,3.1608856,30.920761,0.20553112,803.3018,0.16672073,1336.9773,0.10706993,-43.089043,-1.6698248,1885.078,0.106620364,1198.3412,0.16024697,-59.50851,-1.0344831,2979.6633,0.06390216,852.3457,0.28119037,-62.5546,-0.9401036,-19.89761,-0.40564653,35.277527,0.07900953,0.06745221,0.24391113,-0.03178832,-0.2738699,0.21697587,0.33185914,32.136944,0.10691136,9.29752,1.1921691,-15.22766,-1.1733915,-27.313911,-0.1918667,-13.299215,24.00057,0.030619984,-0.005584664,0.05246115,7.272727,2.0408163,0.39999998,0.0,0.07,0.0,-26.514772,11,16-2,92,SPEAKER_01,1077.666667,1083.666667,1083.10221875,1083.666667,1,0.5644375,disengaged
35.918446,0.06012648,35.33145,36.302174,37.38892,2.0574684,50.92144,0.0,-128.20302,97.40303,0.33977622,0.578428,0.18973792,0.28796226,0.48280844,0.29307052,2.2580576,2.5534396,1.6319194,0.5791822,0.12349199,0.68723005,26.788498,0.16326496,6.217502,1.959562,-2.6590178,-4.61155,-16.646978,-0.53015137,0.029971935,1.3997723,1.21471,0.44316337,7.1925197,0.27689183,2.6320932,2.9393013,22.502052,0.31966165,824.6999,0.1289861,1313.7686,0.17384483,-74.05284,-1.1746517,1868.3269,0.1363795,1202.6611,0.290026,-79.065506,-1.0298167,2880.8245,0.061863773,811.6287,0.3562652,-82.67136,-0.9436534,-13.167483,-0.8442019,26.681143,0.32665497,0.05400903,0.20801921,-0.014818251,-0.7686225,0.16116297,0.5122404,27.270508,0.1848609,4.495038,3.134731,-6.3372135,-2.1717317,-19.224432,-0.28440043,-16.181805,25.100037,0.04386014,-0.014017866,0.07602042,2.857143,3.0769231,0.21,0.099999994,0.095,0.035,-31.606691,11,16-2,93,SPEAKER_01,1083.7,1096.366667,1083.7,1084.41846875,1,0.7184375,engaged
36.10775,0.0766891,35.630207,36.160988,38.370033,2.7398262,41.664803,11.263658,15.818276,16.512442,0.35397086,0.43793738,0.22093949,0.3312738,0.50163484,0.28069535,2.670199,1.1990927,2.0890179,1.6748395,0.12819685,0.7769548,26.872118,0.39506018,5.148847,1.821133,-12.633665,-0.8009995,-6.4655175,-2.2414045,0.029823368,1.5695804,1.1634513,0.6498292,8.212351,0.4369774,4.536465,1.8092264,33.146767,0.21323387,785.49756,0.22319096,1381.0702,0.17448938,-77.32466,-1.1367629,1814.4019,0.12988201,1142.6368,0.2756213,-83.153,-0.94367534,2958.626,0.10075236,1080.0996,0.36384803,-90.46983,-0.8075048,-16.440872,-0.3815598,29.231178,0.26368845,0.062218156,0.30587012,-0.0213778,-0.57830703,0.16918375,0.5894456,30.999704,0.24435683,8.064826,0.96578383,-12.422513,-0.9650987,-12.138721,-1.1494477,-7.3163514,17.142403,0.030979903,-0.0011966377,0.053708363,4.255319,3.2786887,0.19333334,0.14220487,0.07714286,0.05993193,-30.378344,11,16-2,93,SPEAKER_01,1083.7,1096.366667,1084.58721875,1086.47721875,1,1.89,engaged
37.566963,0.04835453,36.182583,37.272736,39.048687,2.8661041,53.964138,43.14844,14.38591,12.370625,0.3336314,0.48628685,0.1932025,0.2854406,0.46794546,0.27474296,3.6076584,2.488257,2.288891,1.0116588,0.12993097,0.7576344,29.295424,0.27420688,5.5645714,1.7504885,-8.718357,-1.3602906,-11.828878,-1.1930728,0.018587941,1.0063901,1.1795075,0.6808716,8.963805,0.3783895,5.1505737,2.4099646,30.402842,0.29973438,776.3337,0.18299547,1328.1067,0.12681769,-64.61591,-1.2729234,1850.5167,0.11411496,1058.2694,0.1929544,-71.99997,-1.0243194,2939.3352,0.07302575,1002.1489,0.33545265,-78.57189,-0.8884217,-18.670069,-0.37250522,30.362547,0.2365576,0.052924838,0.38155654,-0.023741089,-0.5105694,0.1568319,0.6398589,31.511314,0.18884581,5.333233,1.893252,-9.097343,-1.4197263,-16.736284,-0.7250962,-12.607361,23.97939,0.029991455,-0.0048149507,0.061274946,3.6827195,2.3054755,0.31,0.1430035,0.10375,0.07347406,-29.1172,11,16-2,93,SPEAKER_01,1083.7,1096.366667,1086.96659375,1090.5103437500002,1,3.54375,engaged
36.755936,0.018559137,36.126457,36.79204,37.499893,1.373436,15.400125,7.484437,-5.391136,9.417597,0.301805,0.40841064,0.19179367,0.24320805,0.4525417,0.26074803,2.347575,1.514081,1.7078928,0.27541006,0.08865264,0.5747268,23.82846,0.3784717,-0.57448816,-15.211486,-19.609808,-0.52646214,-4.6506753,-2.5601413,0.01506084,0.51918435,1.2627252,0.3918526,5.565196,0.6623701,-9.19757,-0.7917715,22.588448,0.20499405,758.76276,0.23462541,1518.2454,0.15425487,-112.37873,-0.87486714,1716.1053,0.11635955,1426.8086,0.190441,-110.93754,-0.7919182,2883.8438,0.06690069,1133.3452,0.20247062,-117.32973,-0.6935512,-8.713142,-0.8186004,28.379704,0.16737182,0.04850836,0.4582798,-0.0058607776,-2.462361,0.12706465,0.30936158,27.974136,0.14896089,-3.5982,-2.9325862,-25.396782,-0.34012398,-12.088178,-0.9210115,-8.735228,21.194384,0.03689829,-0.0016288682,0.062237516,2.8169014,3.0303032,0.14999999,0.02,0.14999999,0.02,-35.679276,11,16-2,93,SPEAKER_01,1083.7,1096.366667,1091.84346875,1092.56909375,1,0.725625,engaged
35.535233,0.033607457,34.613308,35.728577,36.619144,2.0058365,119.040955,97.50332,3.91574,5.995664,0.38714522,0.40541562,0.25047997,0.35853058,0.51894665,0.26846668,3.8006566,1.947033,2.4152763,0.7830053,0.13567455,0.73492664,25.084877,0.45749533,6.0594296,1.3339727,-9.264561,-1.150672,-8.712342,-1.289549,0.014522445,0.8716303,1.1801462,0.5778428,7.871864,0.440016,7.89235,1.2688658,32.449783,0.23405387,760.1765,0.21979013,1335.6584,0.15007241,-83.80864,-1.071202,1840.9785,0.11323854,1089.4392,0.27474257,-91.8739,-0.8811105,2935.9524,0.08452274,1057.0283,0.19541709,-96.6307,-0.8017659,-18.157904,-0.29928622,28.11087,0.24373864,0.05961068,0.31597653,-0.023763644,-0.44729963,0.16045237,0.6258591,30.883835,0.1883305,7.334846,1.1072468,-8.021013,-1.327246,-12.306935,-0.9503513,-9.956043,19.277798,0.032894194,-0.010123989,0.10395645,4.5454545,2.9239767,0.202,0.17197673,0.09833333,0.07776389,-30.089401,11,16-2,93,SPEAKER_01,1083.7,1096.366667,1092.97409375,1094.7459687500002,1,1.771875,engaged
36.283615,0.042000562,34.405693,35.97697,38.116875,3.7111816,15.586904,7.522399,8.012229,10.294708,0.34697494,0.40797025,0.2451813,0.35512954,0.45569664,0.21051534,3.2242384,1.4603336,2.1539493,0.8277524,0.1232784,0.73232865,26.70418,0.43551898,0.2991916,32.483547,-9.271205,-1.0668027,-12.773981,-0.8817523,0.0149705615,0.78601813,1.2360737,0.55261576,8.087644,0.36317655,8.746431,1.237644,28.250542,1.1371969,757.94403,0.24536297,1436.481,0.14277269,-76.70284,-1.1330868,1753.9155,0.14573503,1198.2505,0.19671515,-77.655945,-1.0112133,2900.0906,0.10383701,978.1746,0.33587182,-85.02307,-0.8653072,-13.80737,-0.5601373,29.70854,0.2747777,0.060273625,0.26714334,-0.015804466,-1.191186,0.15967636,0.56389326,32.320698,0.1495121,2.8829308,3.3608732,-12.512385,-0.8377321,-16.620474,-0.583852,-4.743082,14.020895,0.03451254,0.015887903,0.063688755,4.166667,3.508772,0.1875,0.12695964,0.0775,0.0258602,-31.899218,11,16-2,93,SPEAKER_01,1083.7,1096.366667,1095.1509687500002,1096.366667,1,1.2156875,engaged
37.911224,0.13922474,35.333843,35.89505,40.453896,5.1200523,244.67873,164.42015,74.24595,48.44938,0.31055787,0.33177474,0.22856009,0.27942142,0.41988242,0.19132233,1.9204175,0.8463443,1.9977468,1.2336555,0.07749977,0.64459074,20.34802,0.51247585,5.631771,1.2855904,-12.09354,-0.7863317,-10.146083,-1.5248461,0.015664404,0.6549192,0.93752605,0.42426547,8.75283,0.43242434,13.66544,0.5182375,31.811768,0.15325773,797.3129,0.17339948,1361.2877,0.1497891,-97.20448,-0.93484217,1820.3097,0.095853485,1159.0284,0.23074529,-100.891846,-0.8275454,2843.4773,0.08061452,994.2474,0.29050326,-102.28525,-0.7890119,-16.091951,-0.4071496,27.813221,0.24160959,0.04872785,0.4994392,-0.017212396,-0.92173743,0.10007997,0.56070215,25.901882,0.2631342,6.8665743,0.9604975,-8.087806,-1.1211653,-14.259264,-1.2116514,-6.504092,15.245994,0.0302674,-0.0038264266,0.046940878,2.7210886,2.8368795,0.195,0.07762087,0.18666665,0.122836836,-33.793976,11,16-2,94,SPEAKER_01,1096.4,1104.033333,1096.4,1097.88471875,1,1.4846875,disengaged
23.223473,0.006543306,23.089796,23.22913,23.359411,0.26961517,0.0,0.0,-0.09581852,0.0,0.24007064,0.15040556,0.21179074,0.25076464,0.26606116,0.054270416,0.72370446,0.013075933,0.6313524,0.0,0.048173666,0.3084501,17.199455,0.379314,9.699333,0.52163136,-19.977526,-0.1629429,3.1677568,1.697145,0.01123147,0.1467806,2.576046,0.16173539,1.540292,0.25107592,4.411031,0.039496873,34.79666,0.0152887385,774.73035,0.08077521,1341.3677,0.06306675,-169.4286,-0.38370085,1754.2113,0.018265175,898.6392,0.044749197,-171.42973,-0.35511518,3026.6326,0.008357124,797.03906,0.05179842,-173.66965,-0.32397357,-12.811117,-0.02303468,27.326805,0.04076032,0.031323977,0.31247482,-0.01770677,-0.03519989,0.07607776,0.022487676,25.989481,0.026002081,8.758219,0.124090135,-21.45871,-0.108994246,1.0085155,0.46356624,-9.583029,20.841606,0.024525773,-0.0073857927,0.047149993,3.125,3.7037039,0.03,0.0,0.105,0.035,-42.71963,11,16-2,94,SPEAKER_01,1096.4,1104.033333,1098.64409375,1098.9815937500002,1,0.3375,disengaged
35.784996,0.08103627,34.64414,35.896454,37.154335,2.5101967,100.08132,72.11734,18.636831,11.2452755,0.30530193,0.5110719,0.18843615,0.2636005,0.39679688,0.20836073,3.5017765,2.685944,1.9803128,1.1655917,0.10602378,0.9024824,23.413399,0.4385004,1.6052336,7.611811,-12.808494,-0.936999,-1.3181548,-10.207811,0.026793119,2.2167037,1.4481561,0.7122799,6.490181,0.44577897,3.0026557,3.197991,30.491837,0.35707262,694.73645,0.23334661,1433.1764,0.13373685,-117.007225,-0.7844171,1718.0427,0.13287143,1183.8248,0.2859111,-114.687004,-0.75174475,2857.2856,0.10387988,1041.5895,0.25595662,-120.3453,-0.6684479,-16.113632,-0.5285095,30.226126,0.20151305,0.04871847,0.4003733,-0.018590216,-0.8187878,0.1614894,0.6527053,31.451946,0.19513835,5.3066573,2.297664,-11.494136,-1.2444346,-8.716356,-1.4628164,-4.855564,16.85785,0.01856102,0.0035325568,0.05881474,3.2258065,2.919708,0.1525,0.16091534,0.16749999,0.16299923,-33.424522,11,16-2,94,SPEAKER_01,1096.4,1104.033333,1099.2684687500002,1102.0697187500002,1,2.80125,disengaged
36.635193,0.08294897,35.1931,37.046116,38.264297,3.0711975,83.86408,0.0,8.510725,14.217504,0.39234328,0.326484,0.2783046,0.37226754,0.48205835,0.20375374,3.2797217,1.7381877,2.6129618,1.2155211,0.14462769,0.8489878,19.09277,0.5851471,5.2789636,1.8373586,-11.153632,-1.0195993,-6.192275,-1.8309659,0.027770992,2.3133337,1.0313375,0.579316,7.8726206,0.38855317,1.5423696,5.440121,21.557365,0.3134091,810.0333,0.17463589,1297.1766,0.17178433,-85.28031,-1.0475591,1823.9874,0.11725833,1125.9792,0.25425786,-91.09152,-0.9012063,2891.7502,0.07540829,853.3042,0.35983458,-95.37543,-0.81998295,-13.488274,-0.6522457,27.817595,0.24669437,0.04610248,0.3480521,-0.014377484,-1.0135103,0.19238728,0.6997456,24.531963,0.2894922,6.857172,1.635404,-10.400032,-1.268607,-11.608151,-0.8501331,-4.787693,14.83108,0.02703423,0.0013081864,0.07335908,4.7619047,2.4691358,0.24249999,0.08227241,0.111999996,0.061122827,-29.072956,11,16-2,94,SPEAKER_01,1096.4,1104.033333,1102.3397187500002,1104.033333,1,1.693625,disengaged
34.710583,0.017006496,34.276268,34.363716,35.49271,1.2164421,13.187367,7.544858,10.057656,5.051427,0.38168773,0.51666844,0.22640723,0.297692,0.5879281,0.3615209,5.150517,2.8469064,2.7704582,1.268838,0.1297444,0.77538127,27.086222,0.23999947,-1.8265265,-4.04718,-14.817696,-0.78763425,-13.069867,-0.8595719,0.009292466,0.684961,1.120845,0.55505097,6.797282,0.3675142,0.31696564,12.761916,31.914022,0.17400527,818.7302,0.12773834,1354.8507,0.15699236,-81.27338,-1.1946629,1820.5659,0.08691734,1141.8152,0.24928017,-90.289825,-0.9695579,2992.0486,0.05224331,811.06287,0.23739585,-96.19626,-0.8579754,-9.742783,-0.9384511,29.248444,0.109962896,0.060829025,0.15783817,-0.017820643,-0.7532521,0.19660525,0.4869782,31.014753,0.11821696,-0.6883958,-12.244356,-19.776613,-0.6447345,-20.62331,-0.39038712,-7.619318,16.929869,0.029731845,-0.010479743,0.058199394,4.166667,2.9850748,0.19,0.13,0.24,0.0,-30.89761,11,16-2,95,SPEAKER_01,1104.066667,1109.766667,1104.066667,1104.80346875,1,0.7368125,engaged
36.33496,0.053710274,34.557255,35.87421,38.09856,3.5413055,31.6756,39.66924,18.846516,4.0825953,0.36030588,0.46476552,0.22306892,0.3147917,0.49157792,0.268509,3.6734989,2.9080842,2.2518182,0.93517685,0.13602766,0.70057213,26.259241,0.38061613,4.7720795,2.187579,-15.097639,-0.79490715,-4.8654604,-2.7648532,0.019024922,0.8427555,1.287808,0.53863895,7.753073,0.41069484,3.1432896,2.9584386,30.870378,0.39231026,810.8376,0.21072672,1428.2422,0.22094272,-78.70468,-1.0972471,1803.069,0.13214168,1200.1411,0.24749316,-84.093765,-0.9361898,2951.2678,0.08625487,1052.8075,0.24908976,-91.63666,-0.7993759,-13.70641,-0.6423359,30.428099,0.22765045,0.048021827,0.34509572,-0.014468055,-1.0195876,0.16960827,0.5662417,29.888365,0.23007646,5.4610057,1.9821721,-15.421643,-0.8499203,-9.520706,-1.2757403,-8.231416,21.395334,0.038218725,0.00075499044,0.07578919,4.4150114,3.794643,0.16352941,0.1140145,0.084375,0.064707875,-30.10515,11,16-2,95,SPEAKER_01,1104.066667,1109.766667,1105.22534375,1109.766667,1,4.5413125,engaged
35.288544,0.084378794,34.279373,35.93227,36.69586,2.4164886,-43.746105,42.521572,17.793026,0.0,0.32091853,0.2982108,0.23691168,0.32110122,0.40294948,0.1660378,2.629334,1.1806827,2.7342136,1.0084792,0.1271835,0.5495198,28.217348,0.23354124,7.9039054,1.1024976,-9.368922,-0.8135138,-5.0896306,-2.250534,0.02298458,0.88301647,1.216747,0.5880926,7.9741836,0.3398831,9.807304,0.8862691,35.302246,0.20312957,751.98694,0.23597355,1442.0029,0.17297494,-95.1694,-0.9299985,1777.6487,0.13156746,1078.8988,0.13729264,-93.82935,-0.86342114,2937.0776,0.07851854,973.2507,0.20686318,-99.56186,-0.76993096,-18.831715,-0.26493827,30.249397,0.21891667,0.062909655,0.25258923,-0.018536394,-0.422908,0.15156506,0.45079154,30.718563,0.16775727,10.541924,0.64239013,-8.08102,-1.1144316,-9.975533,-1.067851,-13.62501,23.710041,0.04481932,-0.0145683205,0.10502392,4.854369,4.0816326,0.1375,0.07154544,0.0875,0.0258602,-32.58769,11,16-2,96,SPEAKER_01,1109.8,1111.9,1109.8,1110.84471875,1,1.0446875,disengaged
37.315536,0.03790115,36.04824,36.153572,38.912277,2.8640366,13.443697,1.1967493,6.128197,0.0,0.34646866,0.4356438,0.21227239,0.31911385,0.5049828,0.29271042,4.847757,0.43817005,0.3148543,2.0007758,0.16816394,0.75673014,32.05251,0.16930722,4.7895036,1.6752844,-10.11426,-1.1635036,-13.79967,-0.9407229,0.015891645,0.7105887,1.2098702,0.50675654,8.048813,0.42290834,6.4197097,2.0145123,35.282448,0.2146941,713.74646,0.19004211,1432.6614,0.12624797,-38.023323,-1.6083187,1754.5618,0.13702367,1112.614,0.2020813,-47.288383,-1.1526681,2866.2598,0.09791914,1046.1361,0.26586112,-58.067482,-0.8600384,-17.901785,-0.23607628,31.691021,0.15961269,0.05846594,0.37626043,-0.023793556,-0.39258915,0.14944102,0.47098878,33.904785,0.13397479,5.10981,0.806775,-11.173287,-1.1414982,-14.579905,-0.77462035,-7.931918,21.762918,0.0070227887,0.0024584183,0.023308698,6.0,2.2727273,0.38,0.0,0.04,0.0,-29.633867,11,16-2,96,SPEAKER_01,1109.8,1111.9,1111.38471875,1111.9,1,0.5153125,disengaged
37.074856,0.038834758,36.264656,37.082573,38.231155,1.9664993,34.5243,23.641945,6.472628,11.933415,0.33979756,0.4778167,0.20706558,0.28846014,0.46884507,0.2617795,3.4372587,2.624462,2.8426936,1.2863392,0.14398435,0.6616346,30.628702,0.2458158,3.7916327,2.277796,-7.1636267,-1.7385925,-5.5928555,-2.0907865,0.021314867,0.9927264,1.2255335,0.5332839,8.377519,0.4200408,5.9279137,1.9969863,29.526917,0.3110723,782.7664,0.21378516,1385.4644,0.1493565,-71.74303,-1.1543684,1803.1759,0.101135395,1102.583,0.28242683,-77.84429,-0.95900077,2945.2932,0.082767494,972.26,0.29004872,-85.61654,-0.8133687,-18.422188,-0.38800758,31.315157,0.24860312,0.048451904,0.310271,-0.020134814,-0.56330764,0.17823072,0.53866994,32.4401,0.18240783,5.094938,1.7953459,-7.2369494,-1.9484072,-9.379682,-1.2059064,-10.385176,22.474085,0.038927328,-0.007892188,0.07019229,4.366812,3.5714285,0.1875,0.11042531,0.09666667,0.07110243,-28.350674,11,16-2,97,SPEAKER_01,1111.933333,1114.233333,1111.933333,1114.233333,1,2.3,engaged
0.0,0.0,0.0,0.0,0.0,0.0,0.0,0.0,0.0,0.0,0.20205897,0.22520939,0.16799447,0.18581735,0.23591618,0.06792171,1.9041997,1.6260706,1.7889465,0.0,0.034876533,0.5932916,13.13866,0.24643725,4.9045305,1.0156271,-13.085845,-0.252953,16.946829,0.381394,0.0,0.0,0.0,0.0,0.0,0.0,0.0,0.0,0.0,0.0,0.0,0.0,0.0,0.0,-201.0,0.0,0.0,0.0,0.0,0.0,-201.0,0.0,0.0,0.0,0.0,0.0,-201.0,0.0,0.0,0.0,0.0,0.0,0.0,0.0,0.0,0.0,0.0,0.0,0.0,0.0,0.0,0.0,0.0,0.0,0.0,0.0,-3.923059,16.23162,0.013327497,0.009585244,0.04500954,5.882353,0.0,0.0,0.0,0.11,0.0,-46.442245,11,16-2,98,SPEAKER_01,1114.266667,1115.966667,1114.266667,1114.4559687500002,1,0.1893125,disengaged
36.980278,0.10785193,32.329056,40.16466,40.391605,8.06255,0.0,0.0,-0.36745104,0.0,0.3054698,0.541003,0.15263835,0.29398742,0.4079377,0.25529936,2.3020384,0.2407217,1.5873213,2.0255854,0.12703592,1.1295044,25.203152,0.3701728,-3.1954157,-1.6898748,-15.332957,-0.5100125,-5.3008556,-2.9041154,0.017896472,0.5435552,1.489589,0.56551105,5.458376,0.42785737,-6.846793,-0.4755735,30.565054,0.22358602,778.8112,0.13744654,1291.4083,0.09826768,-100.66094,-0.94985706,1864.8486,0.06149968,1099.4725,0.2611558,-107.85231,-0.7770234,2884.6875,0.09182227,1160.1976,0.29250538,-112.34616,-0.708563,-15.829819,-0.26588103,26.571348,0.20086792,0.056001842,0.25936097,-0.028541755,-0.33952907,0.21561699,0.7807697,29.827265,0.2375932,-1.0175685,-4.2716603,-19.642454,-0.28931653,-16.789366,-0.57470924,-4.129938,18.402435,0.0141971735,0.001209017,0.041875415,3.773585,4.255319,0.114999995,0.024999999,0.099999994,0.08,-32.688217,11,16-2,98,SPEAKER_01,1114.266667,1115.966667,1115.4178437500002,1115.966667,1,0.5488125,disengaged
34.76512,0.08079315,33.99436,35.69158,36.112026,2.1176643,300.60388,491.85303,34.559048,48.240417,0.3490333,0.60035175,0.19020729,0.28047693,0.46664715,0.27643985,4.13123,2.8344464,3.9371772,3.942742,0.13134696,1.2701057,22.488268,0.42133328,1.6153954,4.5959425,-10.599704,-1.1965029,-3.1787856,-4.0046554,0.017340763,0.960478,1.1910065,0.49973953,6.5767293,0.4291801,3.099615,3.212892,29.548077,0.1758706,793.52356,0.21019433,1413.9779,0.14200732,-126.91807,-0.73889005,1791.3982,0.122067675,1182.8406,0.19609296,-129.81004,-0.6652486,2936.5623,0.078402236,964.6131,0.21986355,-133.63623,-0.61052734,-12.522884,-0.6508257,28.279074,0.19187152,0.046087526,0.4102746,-0.017277746,-0.712114,0.16709298,0.5342916,30.50086,0.13279855,2.3065796,3.7582653,-13.44037,-1.1718618,-14.259882,-0.6376888,-6.814593,17.812338,0.015519397,0.0006577749,0.111296594,3.255814,2.1176472,0.17222221,0.11811272,0.251,0.20388477,-31.117636,11,16-2,99,SPEAKER_01,1116.0,1172.133333,1116.0,1120.3115937500002,1,4.3115625,engaged
36.39344,0.07653148,34.963905,35.96358,38.718124,3.754219,381.5006,613.67944,18.807135,11.905577,0.31933534,0.5436248,0.18836002,0.26595294,0.44753852,0.25917852,3.2867656,2.7320547,1.7197099,0.9257236,0.11479051,0.89954686,23.440933,0.48939395,4.3914742,2.2255948,-13.842671,-0.88843924,0.1990781,68.42992,0.018410955,0.8141483,1.1508669,0.58165735,8.163486,0.42169017,6.077232,1.5572413,31.715055,0.21784456,775.6987,0.21392348,1396.819,0.1382278,-107.29576,-0.85386825,1792.8745,0.12161965,1180.6306,0.28423685,-108.42826,-0.7777652,2917.4536,0.08332719,1041.7534,0.2287605,-113.864975,-0.6955421,-14.291049,-0.6479077,30.594908,0.22665222,0.046427414,0.37412348,-0.016314778,-0.8525365,0.17573181,0.6065766,30.539242,0.22722018,5.5427537,1.8808972,-13.342305,-1.0951794,-8.170536,-1.4177375,-6.509101,17.955875,0.021783864,0.0024505465,0.04876841,3.0035336,2.85205,0.173125,0.12868172,0.15625,0.17916036,-30.801813,11,16-2,99,SPEAKER_01,1116.0,1172.133333,1120.80096875,1126.47096875,1,5.67,engaged
35.767174,0.004116288,35.62257,35.829292,35.895023,0.2724533,0.0,0.0,-0.042544175,0.0,0.4080128,0.24472521,0.33130807,0.34628892,0.5417977,0.21048963,1.0012416,0.050010942,2.9429567,0.0,0.10179519,0.32313576,26.794334,0.15769993,5.661967,1.2547535,-17.865728,-0.48108706,-4.624491,-1.9543988,0.0055422443,0.79038095,0.77374744,0.2661283,9.507836,0.16663449,1.3609217,3.3525603,29.537987,0.09136769,810.37463,0.20873334,1285.2968,0.03470686,-63.565697,-1.2691513,1858.6223,0.14595644,1170.6769,0.086456835,-73.44989,-1.0212113,2943.6562,0.10747106,941.0593,0.118064575,-82.09307,-0.84694916,-9.64748,-0.48144087,29.667442,0.08006154,0.048782066,0.24340177,-0.012089017,-0.36492598,0.11128445,0.2813035,30.23245,0.042495314,3.0160673,2.38755,-22.00168,-0.4179174,-9.13089,-1.064185,-15.186094,27.789413,0.0301702,-0.010183778,0.12123775,5.263158,7.142857,0.089999996,0.0,0.03,0.0,-32.95201,11,16-2,99,SPEAKER_01,1116.0,1172.133333,1126.5215937500002,1126.72409375,1,0.2025,engaged
0.0,0.0,0.0,0.0,0.0,0.0,0.0,0.0,0.0,0.0,0.18112577,0.1854475,0.15206113,0.17205511,0.21875274,0.06669161,0.0,0.0,-0.0052838125,0.0,0.029859306,0.35376275,21.48538,0.06621418,-13.871393,-0.32055017,-9.733852,-0.3075407,11.74983,0.4967449,0.0,0.0,0.0,0.0,0.0,0.0,0.0,0.0,0.0,0.0,0.0,0.0,0.0,0.0,-201.0,0.0,0.0,0.0,0.0,0.0,-201.0,0.0,0.0,0.0,0.0,0.0,-201.0,0.0,0.0,0.0,0.0,0.0,0.0,0.0,0.0,0.0,0.0,0.0,0.0,0.0,0.0,0.0,0.0,0.0,0.0,0.0,-5.243817,10.243975,0.0028451807,-0.006545452,0.036561586,0.0,0.0,0.0,0.0,0.11,0.0,-47.62903,11,16-2,99,SPEAKER_01,1116.0,1172.133333,1126.77471875,1126.9603437500002,1,0.185625,engaged
38.487576,0.13001542,35.093525,37.760635,41.86703,6.773506,807.8579,1317.5104,276.18057,516.1149,0.3219903,0.5220753,0.18534622,0.27231327,0.44602555,0.26067933,3.2996993,1.8529611,2.4679878,1.760395,0.107736036,0.86296546,24.29883,0.42952052,4.291978,2.282211,-15.80504,-0.72662735,-11.205798,-1.5985312,0.022705078,1.0069445,1.1044815,0.66606486,8.14071,0.5156533,7.5980773,1.1720506,33.14289,0.22943506,805.6774,0.19233315,1335.618,0.18873157,-106.405785,-0.8836867,1820.5294,0.119113095,1168.4979,0.26982078,-108.77946,-0.77974856,2966.4717,0.07903863,926.94635,0.39484736,-113.81258,-0.7005198,-15.414714,-0.51113737,30.42624,0.25788888,0.03947673,0.48514405,-0.021362102,-0.6045593,0.1465444,0.6851275,29.389595,0.22005574,5.149463,1.9590399,-16.866531,-0.7730373,-19.119022,-0.76552457,-10.047709,21.579737,0.019839596,-0.011908056,0.06778167,2.7732465,2.7960527,0.17588235,0.16852504,0.16058822,0.13858403,-32.445614,11,16-2,99,SPEAKER_01,1116.0,1172.133333,1128.0909687500002,1134.2334687500002,1,6.1425,engaged
36.053356,0.053273335,34.83914,35.29088,36.442093,1.602951,56.946354,61.618835,14.771058,7.5383296,0.20265366,0.74709904,0.12428627,0.164372,0.23113239,0.10684612,1.5670495,0.79401433,1.0765641,0.73316884,0.050481204,1.212226,22.746452,0.5326536,6.0279975,1.2599186,-6.8662567,-1.8462256,1.6541407,9.412763,0.018074786,0.9108136,1.0620784,0.9577221,9.359346,0.26211482,4.093979,2.2084112,29.155113,0.32951227,828.5716,0.1919867,1254.065,0.15759414,-105.21524,-0.8659514,1804.515,0.07481609,1099.5483,0.3442189,-109.36006,-0.768854,2946.7195,0.044505864,874.2796,0.3444199,-115.54858,-0.6780387,-19.242163,-0.22148289,32.667156,0.16981092,0.020103816,0.9548119,-0.011956594,-1.7975795,0.070680514,1.0239626,30.88137,0.24621741,7.7865205,0.75662506,-2.9656663,-4.4811244,-4.3444753,-4.2048707,-8.885906,18.431604,0.011423335,0.007037555,0.032503117,2.484472,1.923077,0.26333332,0.18190351,0.175,0.16755596,-34.94031,11,16-2,99,SPEAKER_01,1116.0,1172.133333,1134.4190937500002,1136.03909375,1,1.62,engaged
36.1159,0.01567767,35.59381,35.96046,36.79105,1.1972389,8.094597,0.0,9.320959,0.0,0.18839519,0.25197017,0.14712763,0.19770354,0.22860153,0.0814739,1.0099063,0.231431,0.2832266,0.5099097,0.035226505,0.4767966,20.91793,0.64633095,6.4519005,0.9343637,-9.142552,-1.1313967,-8.526562,-1.3587837,0.019250315,0.5956427,1.063517,0.3122989,8.099295,0.24000132,-5.0471306,-1.1893802,23.343697,0.4006861,807.2897,0.084312886,1153.7786,0.07649072,-98.41262,-0.923015,1853.6283,0.053541284,879.96405,0.12799709,-107.5726,-0.7640775,3000.6433,0.021177178,760.5978,0.5533926,-112.32436,-0.69439566,-18.098719,-0.19178298,29.983768,0.12008963,0.017568534,0.87171286,-0.025598641,-0.52158237,0.03861251,0.5092229,32.858562,0.13690281,6.3925605,0.8588043,-3.7870004,-1.883186,-12.144889,-1.1220762,-8.932455,16.340126,-0.013461237,-0.017841594,0.03528665,4.5454545,2.5641026,0.19999999,0.0,0.08,0.049999997,-42.39095,11,16-2,99,SPEAKER_01,1116.0,1172.133333,1151.2772187500002,1151.73284375,1,0.455625,engaged
38.348087,0.06232117,37.092644,37.55514,39.26882,2.176178,40.00039,0.0,0.75707555,4.885068,0.45267472,0.43665567,0.27225992,0.41954422,0.6742036,0.40194365,1.1251954,0.62709105,5.183031,2.1205044,0.14805083,1.1431878,32.019985,0.123087645,6.1429377,1.0151008,-13.732697,-1.2612392,-36.583363,-0.37128302,0.018455436,2.2338972,0.4807617,0.68879026,11.673922,0.27940786,3.8440804,1.761314,32.91893,0.21546191,846.5458,0.07886979,1163.0027,0.11399487,-3.2357059,-2.549148,1856.6007,0.057880938,1055.6888,0.29223,-28.404669,-0.23564671,3013.4817,0.028089836,539.4901,0.31957078,-31.537237,-0.13650803,-20.095789,-0.23539707,32.299053,0.12500148,0.058404304,0.29209018,-0.03548362,-0.3091556,0.15516517,1.1372224,32.438133,0.11287104,6.6924524,0.8908143,-13.596546,-1.3117214,-36.631905,-0.38096103,0.0,0.0,0.0,0.0,0.0,1.980198,1.0526316,0.94,0.0,0.0,0.0,-26.860144,11,16-2,99,SPEAKER_01,1116.0,1172.133333,1170.63284375,1171.6622187500002,1,1.029375,engaged
35.92859,0.025300413,35.1363,36.070667,36.58075,1.4444504,63.429188,0.0,0.44476128,13.312088,0.35495713,0.4590011,0.21375872,0.28963354,0.49448538,0.28072667,4.9034195,0.41435552,1.6773987,0.43630755,0.16015476,0.71472067,25.414804,0.5070666,13.076438,0.842945,-6.18163,-1.5995187,6.5628066,1.7318943,0.02796852,0.5364547,1.6980106,0.59414876,9.099553,0.23207079,6.6245866,1.3815727,29.984346,0.15076166,742.4998,0.22987032,1401.222,0.12333262,-99.178444,-0.7940869,1700.5582,0.13296668,1220.9982,0.2925471,-98.476074,-0.7465871,2808.6965,0.101070076,1045.5966,0.20964003,-105.00252,-0.6521551,-20.77339,-0.34818688,33.41029,0.28159618,0.032948397,0.7788121,-0.017903106,-0.8642452,0.20219555,0.50622493,30.962105,0.25262892,15.582405,0.52666926,0.44914538,16.694164,6.48169,1.0869409,-8.342259,16.789808,0.014436214,-5.0959294e-05,0.04560686,5.4054055,6.451613,0.085,0.005,0.049999997,0.03,-27.517706,11,16-2,99,SPEAKER_02,1116.0,1172.133333,1126.9603437500002,1127.3484687500002,1,0.388125,engaged
38.78573,0.03625855,37.649292,39.512383,39.800774,2.1514816,9.340986,0.0,-28.003836,0.0,0.50591856,0.49874052,0.21629821,0.49916592,0.7799818,0.56368357,11.385254,2.4726443,5.248504,6.377828,0.28347293,0.63066715,31.329096,0.15497565,8.120187,0.5214781,-0.839991,-11.033842,-20.221085,-0.5416525,0.020131206,0.7283324,1.4418297,0.6546517,9.889955,0.38560218,13.21949,0.29701394,37.78347,0.1806608,725.9562,0.10183543,1354.8384,0.14087176,-60.960903,-1.3334272,1883.1589,0.08326499,1052.1655,0.40568304,-73.919075,-0.97410995,3040.3042,0.065296255,891.8345,0.18824515,-79.73993,-0.86323804,-20.955437,-0.16866973,30.69227,0.23131453,0.057676774,0.41421378,-0.035980843,-0.29141003,0.39973527,0.31991225,33.780777,0.116596356,8.459747,0.5650353,-4.67532,-1.8736724,-25.232792,-0.42889786,-17.670835,21.210953,0.047882188,-0.03927764,0.16183572,5.555556,3.2258065,0.22,0.0,0.07,0.0,-23.874018,11,16-2,99,SPEAKER_02,1116.0,1172.133333,1138.57034375,1138.94159375,1,0.37125,engaged
36.427574,0.06727913,34.651207,35.759266,37.499607,2.8484,19.177635,6.2873306,34.319515,27.88848,0.38761598,0.5313321,0.19547829,0.35294753,0.50855553,0.31307724,3.930384,2.4975097,3.16901,1.805836,0.14066298,0.7868147,34.79486,0.25681585,13.55692,0.6569105,-6.2209196,-1.7138438,-12.408274,-0.9981048,0.011610264,1.0618767,0.9217584,1.0565711,11.4473715,0.21194214,8.812346,0.8022323,38.11419,0.17416695,779.3954,0.19918613,1354.592,0.15208867,-60.880787,-1.2254596,1825.245,0.12086766,1152.7786,0.22837704,-71.6094,-0.91846144,2989.0017,0.06861958,980.96564,0.4806009,-79.40236,-0.7749277,-22.2831,-0.2927852,37.688335,0.18175061,0.04744002,0.3787458,-0.0255393,-0.4983001,0.16332646,0.6894603,37.462875,0.19053005,15.457067,0.56599784,-5.22812,-2.1873207,-15.812574,-0.7085639,-14.812771,25.56408,0.022587702,-0.014883628,0.07689669,4.0404043,2.0725389,0.36499998,0.2102974,0.12,0.021602469,-25.705942,11,16-2,99,SPEAKER_02,1116.0,1172.133333,1143.7003437500002,1145.69159375,1,1.99125,engaged
40.269913,0.050696705,38.15247,40.013596,42.47038,4.3179092,0.5627125,0.0,0.0,0.0,0.21502626,0.6584723,0.11666114,0.15459865,0.2866191,0.16995797,2.5264256,1.5894914,1.6203754,0.0,0.09184025,1.372088,17.414948,0.60244715,4.7691884,1.2216376,-15.053714,-0.32065865,-5.3203354,-3.1788495,0.031618908,0.7258619,2.3761857,0.22842567,4.279574,0.6602251,10.944141,0.8801217,36.638336,0.09749574,762.54144,0.12527348,1131.7166,0.06327437,-152.6265,-0.52319854,1902.3318,0.059697587,825.62164,0.12929359,-158.13435,-0.44826692,3053.427,0.02664847,745.8466,0.18878737,-159.60808,-0.43004808,-19.734924,-0.2000649,26.193401,0.11954905,0.047964163,0.19928165,-0.050730024,-0.2877189,0.24785228,0.47679695,28.841497,0.08239668,2.9880881,1.240939,-10.273144,-0.26352558,-29.184351,-0.43647486,-8.712082,17.80302,0.0072821574,-0.0105672935,0.054349884,2.1739132,2.4390244,0.089999996,0.0,0.145,0.114999995,-35.101776,11,16-2,99,SPEAKER_02,1116.0,1172.133333,1146.0459687500002,1146.5184687500002,1,0.4725,engaged
35.23859,0.06673084,33.242878,34.29527,37.84041,4.5975304,274.67807,319.3367,27.320765,7.1413493,0.1845383,0.5320608,0.13296664,0.16571316,0.26703194,0.1340653,2.0210595,1.2411623,0.39157826,1.1803391,0.068833925,0.7988594,28.341593,0.40103486,5.470496,1.2445225,-2.710473,-3.0099163,-4.412767,-3.070182,0.017886085,0.63388616,1.6096166,0.5938896,8.247618,0.28673178,9.041825,1.1478095,34.792934,0.20680551,814.439,0.118967876,1271.8978,0.09446254,-104.920586,-0.809572,1855.4946,0.07578876,1076.7572,0.1356842,-110.785416,-0.6967917,2972.9253,0.057861514,926.16974,0.41892964,-115.946434,-0.62925506,-20.572548,-0.30447754,32.344425,0.2718336,0.03044918,0.61085725,-0.0197313,-1.0278977,0.09763993,0.66229105,33.04621,0.24053207,8.710115,0.84875727,-1.9173985,-4.3967366,-8.9484625,-1.783357,-14.357812,25.620752,0.031554278,0.009852323,0.05533819,5.1282053,5.555556,0.085,0.041533116,0.09666667,0.046427958,-35.874115,11,16-2,99,SPEAKER_02,1116.0,1172.133333,1147.1765937500002,1147.96971875,1,0.793125,engaged
41.722363,0.060447104,38.863,41.82451,43.680336,4.817337,112.25155,79.61291,204.78809,179.80724,0.341962,0.6433375,0.17167711,0.24414206,0.5331746,0.36149746,6.6329484,3.140053,5.158823,1.6277747,0.17048596,0.9950144,22.061707,0.32754493,2.5836792,3.8851082,-19.623192,-0.37170127,-21.693773,-0.86822563,0.026527908,1.5384148,1.5117894,0.7799857,7.9349213,0.47043127,7.481946,2.0882049,31.30743,0.36523005,804.44995,0.13580048,1268.3911,0.080189824,-83.25344,-1.0655994,1871.3717,0.09465741,1135.6748,0.25452673,-92.97911,-0.82489055,2927.01,0.06648689,892.61163,0.22510645,-94.94152,-0.793469,-17.442345,-0.26092204,27.337086,0.22082551,0.039182905,0.5086633,-0.033925083,-0.42033455,0.22539505,0.77238816,25.691525,0.19243987,-0.6036138,-15.834004,-19.684618,-0.40375054,-29.673424,-0.55433893,-14.094013,24.959084,0.026506044,-0.0236024,0.112416945,5.1282053,5.479452,0.1025,0.06977643,0.055,0.03354102,-29.051716,11,16-2,99,SPEAKER_02,1116.0,1172.133333,1148.35784375,1149.1509687500002,1,0.793125,engaged
38.386715,0.07927044,34.983353,37.578926,41.930702,6.9473495,25.976587,0.0,13.253577,9.717659,0.30455858,0.54206526,0.16080704,0.24301992,0.45940962,0.29860258,4.0211735,1.8058014,3.1980522,0.49816686,0.1330105,0.70833415,28.596241,0.33661607,14.842349,0.46852565,-2.7355201,-4.0566654,-8.038736,-1.7807037,0.021863513,0.6840045,1.3079101,0.52346385,9.576581,0.333164,13.066507,0.54053175,34.573746,0.17098497,750.9183,0.16471691,1323.8141,0.118473455,-62.216545,-1.1849232,1880.9816,0.08433157,1049.6312,0.23583008,-73.20746,-0.8943733,2871.087,0.06277225,942.2214,0.25508457,-76.77528,-0.8359717,-23.431416,-0.20630988,31.582775,0.18562172,0.03656292,0.69915074,-0.03083255,-0.33405307,0.15602739,0.5387442,30.119778,0.24574992,16.681973,0.35245737,-0.055316668,-198.24634,-13.060371,-0.97774804,-16.34723,27.061466,0.009562822,-0.013453581,0.097295456,4.109589,2.9411764,0.25,0.099999994,0.043333333,0.026246693,-29.2654,11,16-2,99,SPEAKER_02,1116.0,1172.133333,1150.11284375,1150.8553437500002,1,0.7425,engaged
34.350956,0.05291848,32.527493,34.09987,35.858685,3.331192,32.80275,28.011965,27.01052,8.523342,0.34555614,0.48592338,0.19279975,0.32643303,0.45174608,0.25894633,4.353814,3.0799396,2.5321505,0.9551917,0.12719224,0.7397547,30.725077,0.32601234,16.62965,0.53121424,-3.5448365,-2.763749,-5.0909615,-2.0945766,0.01652077,1.1552643,1.0445014,0.86103475,9.251075,0.30254146,9.018048,0.86615103,36.81361,0.13891463,770.7596,0.15248841,1368.1078,0.11820649,-52.915096,-1.3370667,1867.4418,0.08052381,1077.314,0.19008583,-65.450455,-0.9644769,2955.1948,0.06138009,923.9609,0.24048202,-71.9967,-0.833139,-23.195219,-0.21096602,33.14627,0.1654094,0.05256058,0.26228482,-0.03328016,-0.2779636,0.15280901,0.5835706,34.88663,0.17797853,17.384504,0.4832414,-0.4938817,-16.740038,-9.4643545,-0.774763,-13.835637,23.611822,0.0029141968,-0.009705968,0.050208945,4.8,2.5000002,0.31,0.15121728,0.06333333,0.01699673,-29.633018,11,16-2,99,SPEAKER_02,1116.0,1172.133333,1151.90159375,1153.16721875,1,1.265625,engaged
34.06232,0.055462446,33.09556,34.67825,35.13092,2.0353622,113.703445,159.21817,14.233218,7.880552,0.3872843,0.583615,0.16164573,0.31147724,0.6511229,0.48947722,2.8872612,1.363787,2.5010912,1.8822275,0.08504809,0.7802707,33.084827,0.33002356,11.307042,0.74181914,-4.5276957,-2.2399104,-8.196717,-1.6071519,0.01766275,2.9988434,0.69677246,0.82853115,10.888423,0.2435241,2.4704785,2.2231994,33.939495,0.1278605,773.0402,0.15889747,1270.8501,0.16881816,-68.14674,-1.2279588,1839.4319,0.09876669,1122.9503,0.24231592,-80.88681,-0.92624176,2973.9038,0.051186316,879.99976,0.27737653,-87.313995,-0.810582,-20.664742,-0.25302267,35.05549,0.14663596,0.039296694,0.35239872,-0.0301427,-0.3948868,0.105687626,0.6311271,38.88979,0.11377247,13.971304,0.42884856,-3.2034707,-3.077946,-14.318349,-0.67850554,-11.564642,21.925596,0.0052791396,-0.0019394839,0.040106233,2.5,1.4545455,0.4775,0.26423237,0.185,0.087321244,-27.10772,11,16-2,99,SPEAKER_02,1116.0,1172.133333,1154.71971875,1157.53784375,1,2.818125,engaged
38.36584,0.07208984,35.713142,38.651352,40.725845,5.012703,172.10379,258.2901,41.107773,9.379379,0.42392313,0.63579065,0.16378511,0.3511436,0.6935118,0.5297267,6.2054358,3.6155784,2.806726,2.1710136,0.1917645,0.888255,25.790718,0.4111974,11.620913,0.77116334,-8.637694,-1.5262781,-11.164112,-1.488269,0.019335287,1.1888151,1.0989457,0.83592397,10.691102,0.3208706,9.619805,0.9305266,31.934103,0.26728573,787.92065,0.13919197,1353.4067,0.12551753,-87.9072,-0.9898933,1864.548,0.09862007,1093.9872,0.23563199,-96.82147,-0.8069763,2927.6677,0.0525206,809.58813,0.26295725,-99.72507,-0.7632284,-20.959135,-0.31366384,32.50416,0.2096464,0.049732324,0.43546763,-0.03233094,-0.38500792,0.26646706,0.55822515,30.197403,0.24710996,13.113478,0.680899,-4.316184,-3.208031,-20.448832,-0.6351174,-10.863489,22.018963,0.010782605,-0.009946814,0.07946826,3.018868,2.3076923,0.25833333,0.13259168,0.15166667,0.19878098,-24.93975,11,16-2,99,SPEAKER_02,1116.0,1172.133333,1164.40596875,1167.07221875,1,2.66625,engaged
35.787743,0.09751627,35.08079,36.682537,37.783474,2.7026825,-39.938236,31.52594,26.698248,0.0,0.24351878,0.47783113,0.1353372,0.20656376,0.37272,0.2373828,2.6194875,1.1906872,1.6295004,0.7891818,0.06921723,0.94578356,22.448057,0.5330391,7.619352,0.79868704,-13.043431,-0.4137837,-16.271631,-1.2281808,0.017820656,1.3930286,1.173958,1.2191947,8.485596,0.5529606,-2.4049835,-2.0097442,29.685621,0.16253485,811.75836,0.05820579,1266.1136,0.093095146,-125.85013,-0.72435975,1820.2118,0.059545763,1095.3441,0.15730709,-133.94893,-0.601934,2974.4666,0.03669401,677.4143,0.38408893,-136.58961,-0.5652526,-18.488682,-0.20757067,30.152563,0.15494886,0.050506897,0.3563428,-0.032841247,-0.5478268,0.09861701,0.5861839,31.235132,0.17047046,8.059013,0.7183184,-13.183213,-0.5414797,-30.53526,-0.41876107,-11.626485,21.203875,0.0152764255,-0.0176143,0.05584608,4.316547,2.9850748,0.1175,0.129301,0.1925,0.09653367,-36.06258,11,16-2,100,SPEAKER_01,1172.166667,1177.266667,1173.5184687500002,1174.9190937500002,1,1.400625,disengaged
33.524807,0.005361716,33.498257,33.57486,33.62896,0.13070297,2.5123596,0.0,-20.2226,0.0,0.23806529,0.24142514,0.1863957,0.23270805,0.2944481,0.1080524,1.8837547,1.1423967,1.3984213,0.04635161,0.075471215,0.44398522,32.61602,0.21904065,6.50492,1.0212182,3.6723979,1.0146941,-2.4984941,-2.6048965,0.014739483,0.9186985,1.0641121,0.5057734,9.635361,0.16842489,4.559515,0.12493895,36.1039,0.11639734,777.22284,0.07088368,1340.7354,0.047315903,-129.09601,-0.65053374,1882.3123,0.042307314,1113.4032,0.0781939,-136.20355,-0.5550071,2963.2917,0.04495286,1067.3712,0.15927847,-138.79468,-0.522825,-23.01881,-0.17212035,34.630627,0.10236357,0.03262023,0.1749,-0.025234155,-0.32711098,0.08525939,0.33240026,40.64714,0.082357444,12.835174,0.37938386,4.2657175,0.42155686,-3.942211,-2.274167,-14.513151,23.27328,0.016947145,-0.017403854,0.08591005,6.451613,3.846154,0.089999996,0.0,0.07,0.02,-36.400085,11,16-2,100,SPEAKER_02,1172.166667,1177.266667,1176.23534375,1176.55596875,1,0.320625,disengaged
34.30586,0.17127585,31.684519,35.567085,40.106613,8.422094,6.4602127,129.21202,47.879524,18.00065,0.28087595,0.44348404,0.19391358,0.25271317,0.34400812,0.15009454,2.8769116,1.2125149,2.593586,1.7368078,0.099967025,1.0564498,24.824566,0.33196294,1.6938087,3.5246546,-16.557735,-0.47907406,-4.2389894,-2.7696044,0.021275649,0.5264017,1.4016578,0.51159537,4.291957,0.5884231,0.38793582,30.247034,31.967173,0.18172497,807.93494,0.17276801,1339.565,0.11597975,-126.9119,-0.71069175,1855.0823,0.08549591,1083.5764,0.23554957,-132.46648,-0.61735594,3025.3877,0.06385943,933.2096,0.27079943,-136.45665,-0.5638756,-14.887244,-0.27582878,26.3992,0.26905823,0.0554432,0.38640925,-0.025668092,-0.34679845,0.17862532,0.7880715,30.671286,0.18484436,0.4577763,11.981269,-17.793417,-0.32285494,-13.976711,-0.74060583,-9.669037,20.708899,0.031155605,-0.008334183,0.058402374,2.9629629,3.846154,0.088,0.026381811,0.125,0.07566373,-34.46562,11,16-2,101,SPEAKER_01,1177.3,1179.7,1177.34909375,1178.7159687500002,1,1.366875,engaged
34.31442,0.05824138,32.640415,33.255424,36.084305,3.4438896,-1.8857089,0.0,31.259745,0.0,0.3509851,0.5910552,0.19641489,0.24420038,0.5427664,0.3463515,1.959783,1.1054959,3.9093187,2.3717964,0.11664527,1.0562879,19.989313,0.62544334,-0.28050768,-27.88737,-22.645708,-0.46912432,-1.8296404,-10.203145,0.015068483,0.61375976,1.6723944,0.62433326,5.4343643,0.36316812,-3.0588043,-2.0817492,27.268993,0.19307289,851.7978,0.19804774,1332.5542,0.14398447,-93.91301,-1.0752469,1888.3774,0.13704577,1217.8607,0.15575227,-98.223495,-0.9426198,2940.1184,0.09577111,1158.874,0.23258807,-104.53532,-0.83022153,-9.334439,-0.6358623,27.475863,0.1724628,0.05594551,0.2116187,-0.023661343,-0.653808,0.20576762,0.5828955,29.339134,0.23323236,-5.306742,-1.309689,-26.694199,-0.4336271,-18.298403,-0.5250749,-4.2194686,15.534293,0.016925354,-0.0032270628,0.030142158,2.9411764,1.5873016,0.32999998,0.0,0.13499999,0.024999999,-31.769352,11,16-2,101,SPEAKER_01,1177.3,1179.7,1179.0028437500002,1179.7,1,0.6971875,engaged
35.274395,0.06309085,34.90607,35.827778,36.109753,1.203682,139.22502,55.058147,17.614391,23.540363,0.30986428,0.52008784,0.19029361,0.26282904,0.42118388,0.23089027,3.0385094,1.8650143,2.103526,1.068088,0.10835697,0.76282376,27.594738,0.343803,4.9219947,2.1329544,-14.2518635,-0.99897057,-4.286607,-2.94714,0.022757694,1.5160824,1.3119174,0.6023743,7.695069,0.41698363,1.3280841,7.524299,31.674831,0.24274269,785.3575,0.19269457,1390.5878,0.14551827,-78.313576,-1.1617074,1781.8843,0.115367286,1140.042,0.2235685,-84.44421,-0.98188233,2964.7654,0.07938545,988.6619,0.25527388,-93.236595,-0.81825256,-15.171606,-0.66067034,31.564608,0.19397123,0.052355986,0.2839083,-0.015962344,-0.7715881,0.1457552,0.55352473,32.8012,0.17391057,5.673357,1.9796454,-14.364236,-1.1206219,-10.045813,-1.0250839,-7.180601,17.921751,0.01402528,-0.0031733934,0.046496086,3.7656906,2.1367521,0.294,0.122735485,0.12666667,0.12982893,-32.40675,11,16-2,102,SPEAKER_01,1179.733333,1189.333333,1179.733333,1182.14159375,1,2.40825,disengaged
36.437157,0.07966011,34.94214,35.974945,38.7968,3.85466,395.3816,553.9227,35.88108,27.110413,0.31843024,0.53896916,0.18772082,0.26422146,0.4531823,0.2654615,3.5580056,2.7647948,2.1656997,1.555276,0.116579294,0.87696105,24.0522,0.4709535,5.105704,2.0022504,-13.780352,-0.8645327,0.6416328,22.357988,0.021284388,1.2675525,1.1880461,0.54730326,7.981129,0.44799945,5.657696,1.5939256,29.511465,0.62308234,800.14166,0.21132904,1379.2451,0.14104258,-99.74273,-0.92018765,1824.6526,0.114305675,1144.9675,0.23438232,-103.69456,-0.8126001,2927.0024,0.0847759,1019.96313,0.25866446,-109.127266,-0.72678447,-15.043523,-0.59598744,29.996098,0.23940578,0.044764753,0.36404476,-0.016117847,-0.96639925,0.1745312,0.5891753,30.142982,0.24768613,6.254925,1.749336,-13.172862,-1.0843458,-8.327816,-1.3515419,-7.3634486,17.905903,0.016354278,0.0027826747,0.049298458,3.2142859,2.7027028,0.19399999,0.2075508,0.15466666,0.18503574,-30.829895,11,16-2,102,SPEAKER_01,1179.733333,1189.333333,1182.6140937500002,1188.2334687500002,1,5.619375,disengaged
0.0,0.0,0.0,0.0,0.0,0.0,0.0,0.0,0.0,0.0,0.1730526,0.30125988,0.124941744,0.1507761,0.23557024,0.11062849,1.1599836,0.4719373,0.8423813,0.0,0.054002866,0.72718674,28.764046,0.12442179,-1.8084527,-4.5345535,-6.9739766,-1.2230014,4.211405,1.6088325,0.0,0.0,0.0,0.0,0.0,0.0,0.0,0.0,0.0,0.0,0.0,0.0,0.0,0.0,-201.0,0.0,0.0,0.0,0.0,0.0,-201.0,0.0,0.0,0.0,0.0,0.0,-201.0,0.0,0.0,0.0,0.0,0.0,0.0,0.0,0.0,0.0,0.0,0.0,0.0,0.0,0.0,0.0,0.0,0.0,0.0,0.0,-6.336413,23.389019,-0.0073886034,0.007858096,0.025664886,6.25,0.0,0.0,0.0,0.089999996,0.0,-39.11627,11,16-2,102,SPEAKER_01,1179.733333,1189.333333,1189.16159375,1189.333333,1,0.17175,disengaged
35.060246,0.013422016,34.68283,34.995636,35.324474,0.6416435,34.360153,22.874998,6.9379306,7.513422,0.35275918,0.3343709,0.2243462,0.35799015,0.48834282,0.2639966,3.6611066,2.178244,1.1711566,0.8236582,0.11140296,0.6173304,29.90542,0.38922504,6.6887617,0.84143597,-14.615942,-0.55614907,-6.0451365,-2.005766,0.012888744,0.48656103,1.054558,0.42349666,7.715297,0.26502922,2.0362792,3.5660675,35.118702,0.19806977,825.0443,0.16146404,1278.2079,0.10777661,-67.749,-1.2636313,1905.0199,0.105497524,1029.76,0.15426138,-77.64277,-0.98884636,3086.0938,0.07322176,1039.4427,0.26136354,-86.436386,-0.82504976,-16.096933,-0.27140483,28.243238,0.25712675,0.049836714,0.18426985,-0.022111677,-0.5491627,0.13498928,0.47258142,35.46399,0.13989425,5.780828,1.0314323,-13.583213,-0.59863895,-10.830756,-0.9475968,-9.699901,19.547472,0.02134694,-0.004953484,0.04820825,5.376344,3.4482758,0.19333334,0.14636332,0.12,0.0,-32.647835,11,16-2,103,SPEAKER_01,1189.366667,1191.866667,1189.366667,1190.30909375,1,0.9424375,engaged
34.82322,0.05526913,32.414116,35.222366,36.64797,4.2338524,202.55989,158.16747,15.532661,3.4537606,0.26496285,0.32342896,0.19163331,0.25623617,0.30930948,0.11767617,0.81600755,0.38127,0.8316637,0.12876883,0.07439594,0.7314715,26.17118,0.3761465,7.432442,1.1059908,-10.249049,-0.93827456,-3.0142384,-3.0679545,0.015503568,0.5616998,1.1518025,0.44326097,7.8973994,0.32802126,8.368914,1.4053087,34.719707,0.14563861,698.9372,0.20021144,1499.1096,0.10257768,-92.59137,-0.99217683,1718.7815,0.09953137,1162.9,0.12820148,-97.084175,-0.83868086,2847.0417,0.08854689,1093.251,0.28623325,-101.20633,-0.77465934,-18.724566,-0.21451454,30.245817,0.23284763,0.06302461,0.24024737,-0.02114175,-0.6506929,0.106318586,0.5303853,30.765306,0.25323284,10.790217,0.47570795,-8.044227,-1.3421942,-8.568787,-0.9453433,-12.33534,23.917093,0.03789726,-0.0050405324,0.04178133,2.5000002,4.0,0.13666667,0.046427958,0.09333333,0.054365024,-35.388947,11,16-2,103,SPEAKER_01,1189.366667,1191.866667,1190.89971875,1191.70971875,1,0.81,engaged
34.572826,0.11087219,34.21092,35.12571,36.73136,2.520443,603.1805,784.576,67.647934,69.36206,0.35140052,0.57806516,0.15952669,0.32421473,0.53822416,0.37869745,4.539115,3.0001051,3.9045863,3.0534608,0.12885931,0.916687,24.20489,0.3622282,0.23742539,36.625847,-12.0296955,-1.0566448,-5.1067553,-2.6378052,0.02337139,0.8014272,1.327067,0.5665379,5.2713847,0.65306866,0.30876842,26.266895,26.526487,0.28791878,761.48114,0.25714436,1388.0549,0.1540041,-117.92834,-0.78928745,1759.3174,0.14209361,1196.8032,0.2711216,-117.54693,-0.7484271,2805.5093,0.09462961,1004.5668,0.2963085,-121.54058,-0.6877443,-11.513653,-0.55215603,23.87562,0.30105686,0.05124769,0.34824508,-0.014312175,-1.0746351,0.18709446,0.6071247,28.180084,0.21503262,-0.63726646,-13.67018,-13.076003,-1.1402242,-11.328806,-1.1081672,-8.268861,19.730404,0.01715568,-0.0041923006,0.0740343,4.0498443,2.8481014,0.14777777,0.17319082,0.18333334,0.16970561,-31.863056,11,16-2,104,SPEAKER_01,1191.9,1195.166667,1191.9459687500002,1195.166667,1,3.2206875,disengaged
34.604626,0.035384987,33.222584,34.92664,35.85337,2.630787,41.6892,33.939327,6.31456,7.7439294,0.38275686,0.42708728,0.24488445,0.32680503,0.54149497,0.29661053,4.187901,2.6774266,3.3391345,2.6908042,0.14840038,0.64964074,28.642057,0.19059345,2.0292609,5.026543,-17.570995,-0.82820535,-8.599197,-1.3643461,0.020099761,0.7412857,1.4261014,0.37186402,5.381141,0.46782312,4.0797443,2.0699804,30.95636,0.21899162,842.25226,0.18340895,1336.0165,0.13552453,-28.386988,-2.1023633,1845.4913,0.10463295,1263.6443,0.27373952,-40.40225,-1.3232406,2931.3784,0.063925065,999.78516,0.2384495,-49.727375,-1.0072055,-11.184343,-0.6431287,29.616163,0.16346842,0.04626164,0.38386172,-0.010606334,-1.1464351,0.16326839,0.61567074,29.038275,0.19384122,3.426966,2.9300547,-17.182667,-0.87807935,-10.673749,-1.0921513,-8.001435,27.162174,0.04453627,0.0020743548,0.094536856,5.714286,3.0,0.28333333,0.1271045,0.03,0.008164966,-31.642292,11,16-2,105,SPEAKER_01,1195.2,1217.4,1195.2,1196.2659687500002,1,1.0659375,engaged
36.815716,0.021758713,36.133595,36.68032,37.598442,1.4648476,32.02167,18.79746,10.756445,4.962273,0.46022865,0.5585155,0.18471332,0.39873973,0.6771468,0.4924335,3.939812,1.9113815,3.2354622,0.30635107,0.16269936,0.63994855,31.389915,0.19278371,2.3823783,3.9331765,-4.6729274,-2.1595302,-4.6332064,-2.3198652,0.009319653,0.7484911,0.958954,0.6067623,10.82098,0.21141046,8.61502,1.1968756,28.499521,0.3321713,699.507,0.29568896,1323.896,0.13818237,-31.471651,-1.6368537,1741.2562,0.13901047,1107.0944,0.19235425,-40.78951,-1.1072774,2845.8298,0.082735054,1011.4353,0.22384383,-49.743565,-0.85371125,-18.656904,-0.26125658,31.901575,0.17337988,0.056905605,0.44539294,-0.012839015,-0.9092624,0.19202201,0.47137022,33.51915,0.12791225,5.0571847,1.5805429,-3.9545221,-2.757597,-6.736733,-1.5613757,-7.7255483,18.301044,0.005618194,0.0034599563,0.030271173,3.1746032,1.754386,0.51,0.0,0.02,0.0,-25.766052,11,16-2,105,SPEAKER_02,1195.2,1217.4,1196.75534375,1197.3965937500002,1,0.64125,engaged
37.50173,0.012738128,36.956703,37.693027,37.976143,1.0194397,20.859371,2.1358557,8.028419,9.248263,0.30629185,0.7642096,0.13869481,0.21402489,0.4395697,0.3008749,1.1996125,1.2383605,4.2214384,0.0,0.09880806,1.1228043,18.956688,0.6513588,4.3843937,2.4947333,-5.8405,-1.0296532,0.36907578,38.07877,0.017526908,0.5841127,1.1457211,0.64553577,8.789927,0.4043742,1.0500898,8.458007,23.368128,0.4836208,720.3037,0.13959917,1309.938,0.13599265,-108.99028,-0.8477612,1820.5132,0.096122764,1000.37775,0.17487743,-114.49636,-0.72993237,2886.6235,0.06813321,980.2422,0.27980024,-116.19299,-0.70822847,-18.40343,-0.38225296,27.712965,0.29945245,0.047731426,0.63702977,-0.021522079,-0.6977115,0.18882114,0.57740736,29.440872,0.2763921,7.4108405,1.2517555,-0.89727867,-5.574989,-10.660783,-1.2569306,-6.145058,16.36041,0.00080430607,0.006498552,0.024682803,1.6949153,1.8518519,0.26,0.0,0.125,0.005,-29.245478,11,16-2,105,SPEAKER_02,1195.2,1217.4,1197.5653437500002,1198.17284375,1,0.6075,engaged
35.1549,0.041252933,33.767563,34.953827,36.871002,3.1034393,105.61969,166.81921,20.767582,17.087685,0.384999,0.47295624,0.21269393,0.3471214,0.55645347,0.34375954,3.805128,1.278231,3.0227487,0.9686496,0.13747527,0.6051164,29.52002,0.32396242,12.746894,0.6150532,0.3786549,34.95365,-1.4564832,-7.002145,0.021612452,1.1212771,1.1810424,0.8277841,9.52437,0.2926674,8.468084,0.6999027,32.928528,0.1642216,664.7626,0.26193252,1429.084,0.14973548,-51.10819,-1.3288168,1725.6217,0.100128375,1102.0839,0.29288676,-57.545998,-1.0392284,2859.6265,0.07095784,939.1616,0.2695308,-65.35087,-0.8665066,-19.981783,-0.24522756,31.459602,0.16286765,0.047648832,0.4383107,-0.017144365,-0.74354434,0.1538028,0.51051205,33.094154,0.17881262,11.969954,0.63155615,3.2677221,3.9844978,-3.232586,-3.2702756,-12.793034,21.040253,0.03434722,-0.018376809,0.091105,5.6,2.5000002,0.32333332,0.124988884,0.056666665,0.026246693,-27.950134,11,16-2,105,SPEAKER_02,1195.2,1217.4,1200.01221875,1201.27784375,1,1.265625,engaged
36.09443,0.08390853,34.77323,35.636345,38.388927,3.615696,125.25965,115.03753,16.113546,11.77773,0.69017035,0.46942735,0.31833413,0.7435106,1.0084803,0.6901462,7.8185334,3.7156234,3.7668285,1.4522991,0.34967455,0.5900052,28.928087,0.14722309,17.272943,0.4016428,11.22658,0.7952109,-12.231528,-0.92256075,0.038573418,1.7312933,1.3122218,0.77677333,10.143332,0.3454244,12.922815,0.5875954,29.396507,0.22796494,674.9624,0.24599463,1399.3616,0.12276899,-24.175804,-1.4153916,1848.3472,0.1149792,1112.223,0.4888599,-39.521263,-0.7296272,2851.7905,0.08958933,927.26746,0.20071767,-40.946934,-0.7044522,-22.946753,-0.17606376,29.544388,0.17850666,0.06361831,0.26791003,-0.03398386,-0.33679613,0.38189337,0.5001188,28.919594,0.14774987,17.683552,0.30241606,12.34981,0.6705831,-13.052981,-0.85749316,-15.5459,25.742949,0.014757266,-0.0027819106,0.12181707,4.0,2.1276596,0.44,0.08,0.0,0.0,-18.796637,11,16-2,105,SPEAKER_02,1195.2,1217.4,1210.6097187500002,1211.6222187500002,1,1.0125,engaged
37.880913,0.051969614,35.847237,38.089363,39.9885,4.141262,18.658146,0.0,-33.327583,0.0,0.74462306,0.5568412,0.298272,0.73348653,1.207232,0.90896,8.677368,3.0553396,1.4118614,4.85354,0.3752788,0.5792247,29.03867,0.16330583,8.165344,0.9436927,9.006949,0.5517342,-14.422087,-0.99019367,0.027266778,1.3044717,0.84250003,0.30091685,9.599979,0.3368872,12.595082,0.38510537,29.814789,0.2421408,770.38635,0.110031076,1389.4492,0.1360986,-49.970367,-1.3149434,1935.652,0.0743928,823.13873,0.29263672,-59.35737,-1.019665,3023.7847,0.043143924,813.3595,0.29773507,-61.72811,-0.97038484,-20.854265,-0.2754472,27.171616,0.3100105,0.06131098,0.35148588,-0.035065427,-0.34209564,0.43730178,0.46121258,28.862879,0.17949313,9.108225,0.92921174,8.299391,0.6297613,-16.854397,-0.88536936,-16.881142,22.41534,0.04177929,-0.034840077,0.2574735,3.448276,1.8867925,0.42999998,0.0,0.07,0.0,-20.181566,11,16-2,105,SPEAKER_02,1195.2,1217.4,1215.87471875,1216.46534375,1,0.590625,engaged
40.465546,0.019271752,39.809162,40.198166,41.21284,1.4036789,26.806068,0.0,-7.723586,9.625914,0.20172638,0.27860704,0.1371769,0.21456294,0.25029942,0.11312252,0.88460577,0.3577214,0.7024186,0.104289226,0.04168918,0.55322206,21.003143,0.38423946,3.038758,2.3223155,-9.658859,-0.4665102,-3.30439,-3.8314679,0.025402911,0.5535429,1.136093,0.58809614,8.664146,0.32415354,11.857851,0.5633242,32.052586,0.2584555,737.3828,0.113529615,1290.9636,0.07252732,-127.226326,-0.6903234,1744.8254,0.056465354,973.12555,0.33964986,-132.87886,-0.5966403,2856.3289,0.11726334,975.9909,0.5776499,-135.37195,-0.5642802,-16.179787,-0.34742785,28.005178,0.19407634,0.030853935,0.5924707,-0.023168614,-0.47623733,0.052410215,0.49475178,25.347912,0.18802707,8.399399,0.5408717,-9.318871,-0.5059579,-10.028213,-1.2030165,-8.505029,17.108374,0.01406785,-0.004238158,0.03627348,4.2253523,3.0303032,0.12,0.0,0.12333333,0.06847546,-40.917694,11,16-2,105,SPEAKER_03,1195.2,1217.4,1203.40409375,1204.1297187500002,1,0.725625,engaged
36.128407,0.023575358,35.443466,35.59844,36.92792,1.4844551,7.2952394,5.564106,13.276037,10.876091,0.4456132,0.72573036,0.24428296,0.30607787,0.62516844,0.38088548,2.6259212,1.9243156,2.87018,0.0,0.14684284,0.920862,23.838406,0.28918645,12.572511,1.037276,-1.0886196,-6.702984,-3.4735441,-2.9442499,0.023848983,0.7672826,1.2545146,0.70919997,9.301578,0.24473839,2.7731225,1.6418872,24.867231,0.24732472,857.3317,0.07992742,1192.3403,0.14023335,-48.203186,-1.3223417,1952.0415,0.06268441,905.9127,0.71156144,-54.63187,-1.1185553,2995.8071,0.052985616,851.0983,0.31231993,-61.14548,-0.9557236,-18.299622,-0.32051334,25.090078,0.33829165,0.047118098,0.5172051,-0.024499977,-0.25942114,0.18523718,0.72393084,23.957752,0.327377,14.13997,0.85638577,0.51807296,14.7280245,-4.1662073,-2.619361,-8.83042,17.336563,0.018114338,-0.014264108,0.03344125,1.724138,1.923077,0.42999998,0.0,0.07,0.0,-26.866785,11,16-2,106,SPEAKER_02,1217.433333,1219.5,1218.0853437500002,1218.67596875,1,0.590625,disengaged
39.283813,0.07108224,35.78038,39.689133,42.225105,6.444725,34.00086,0.0,-10.757065,0.0,0.5694962,0.7692048,0.21615975,0.38893437,1.0299286,0.8137688,3.1468515,2.9677482,9.274618,0.0,0.2756415,1.0141135,17.928158,0.55533713,1.785645,5.155524,-6.243864,-1.5326893,-9.676841,-1.4545636,0.058966756,0.7966621,1.2209675,0.5253514,9.253523,0.1954896,6.051719,0.9475491,23.481949,0.33015946,884.92175,0.10044548,1096.2896,0.13800465,-101.74262,-0.86090064,2011.0027,0.06359171,857.1508,0.45598236,-108.681625,-0.74717414,3046.6763,0.05672851,901.5323,0.38534737,-109.81145,-0.73132205,-14.370379,-0.4865452,24.602592,0.3965335,0.042971827,0.3599137,-0.018200373,-0.86889815,0.49764362,0.51981056,25.38703,0.26601654,2.1373372,5.3341627,0.49547672,9.180918,-17.010519,-0.73844033,-2.4079845,14.6611395,0.014485669,-0.0029215124,0.07286909,1.9607843,2.1739132,0.24,0.0,0.17999999,0.0,-23.607077,11,16-2,107,SPEAKER_02,1219.533333,1233.733333,1220.51534375,1221.0384687500002,1,0.523125,engaged
35.674152,0.019948704,35.14462,35.593056,36.389637,1.245018,1.2304461,4.790854,13.024941,0.0,0.26392877,0.17256166,0.24071659,0.27433875,0.29264602,0.05192943,0.5200004,0.13535391,0.5761017,0.08692418,0.06991751,0.35129777,30.122015,0.079617806,26.74921,0.22436845,1.1536146,3.5312004,-5.836285,-1.1342518,0.026824977,0.5640579,0.79005384,0.3517401,8.183328,0.2569672,10.697982,0.48667926,38.80318,0.08866567,756.58026,0.08933499,1378.5864,0.09448239,-24.051304,-0.24387056,1894.2062,0.043550536,1010.17426,0.12419247,-37.748528,-0.108315974,3094.2583,0.026767824,912.70636,0.1763306,-47.68313,-0.04866219,-25.795923,-0.15850191,36.229305,0.092081524,0.04608882,0.33032298,-0.032705054,-0.27886638,0.07199481,0.32545063,30.213274,0.08197528,27.114857,0.22554038,0.85317963,4.780197,-5.7076507,-1.2068639,0.0,0.0,0.0,0.0,0.0,4.054054,1.4705882,0.66999996,0.0,0.0,0.0,-32.48543,11,16-2,107,SPEAKER_02,1219.533333,1233.733333,1223.23221875,1223.9915937500002,1,0.759375,engaged
36.05106,0.00690797,35.839275,35.945366,36.3008,0.46152496,0.06161603,0.0,0.0,0.0,0.16101594,0.70266503,0.012596599,0.1649547,0.29200608,0.27940947,1.0065149,0.0,0.2571388,0.54150933,0.059536777,0.77523273,22.290417,0.627775,9.240562,1.023354,-1.3078126,-3.5705898,-7.940652,-1.4019965,0.05534859,0.13487749,3.8743496,0.49553084,8.484956,0.32249504,16.823206,0.08179283,23.754238,1.661945,720.75745,0.24518043,1408.2671,0.036328334,-107.49862,-0.78527385,1758.6152,0.05991096,1068.559,0.10179822,-115.91668,-0.6629319,2807.3406,0.07119267,1053.5288,0.31059158,-120.73839,-0.60011226,-15.967867,-0.46039975,28.184475,0.27573183,0.048651107,0.53899354,0.0003850362,63.338856,0.08300068,0.44868553,30.871592,0.13984708,10.689245,0.6580061,0.71373194,4.733993,-2.3470554,-3.5525103,-13.848404,26.452482,0.07895597,0.04021517,0.14132176,3.7037039,9.523809,0.044999998,0.005,0.07,0.0,-35.780952,11,16-2,107,SPEAKER_02,1219.533333,1233.733333,1224.75096875,1225.03784375,1,0.286875,engaged
0.0,0.0,0.0,0.0,0.0,0.0,0.0,0.0,0.0,0.0,0.116780154,0.14283077,0.10131338,0.11135289,0.13436012,0.033046737,0.0,0.0,-0.0060253805,0.0,0.016407654,0.25898468,23.278118,0.032784384,-0.82507986,-4.2062297,-0.37244833,-4.583222,7.0498915,0.5295093,0.0,0.0,0.0,0.0,0.0,0.0,0.0,0.0,0.0,0.0,0.0,0.0,0.0,0.0,-201.0,0.0,0.0,0.0,0.0,0.0,-201.0,0.0,0.0,0.0,0.0,0.0,-201.0,0.0,0.0,0.0,0.0,0.0,0.0,0.0,0.0,0.0,0.0,0.0,0.0,0.0,0.0,0.0,0.0,0.0,0.0,0.0,-11.724658,19.456678,-0.009198506,-0.010979272,0.020743258,0.0,0.0,0.0,0.0,0.0,0.0,-51.33582,11,16-2,107,SPEAKER_01,1219.533333,1233.733333,1223.9915937500002,1224.07596875,1,0.084375,engaged
37.85953,0.03423156,36.87513,37.16776,39.209797,2.3346672,11.742564,3.580823,24.958494,19.399878,0.26098323,0.39765063,0.12870964,0.27770135,0.34037083,0.21166119,1.2205653,0.7473994,0.79865783,0.97246593,0.06215162,0.6907564,26.699741,0.25341818,8.972879,1.0577464,-8.9863405,-0.754174,-17.997316,-0.87809676,0.014134637,0.591295,0.8671965,0.5996518,10.717025,0.1359872,1.2373912,8.368345,33.899345,0.32542995,750.9428,0.20246874,1346.7911,0.15132849,-70.13882,-1.2755156,1845.3318,0.14230472,1199.3519,0.27088618,-80.89683,-0.956224,2941.022,0.07575857,909.10333,0.26735455,-87.23593,-0.84100646,-20.030193,-0.24988416,30.218695,0.16245994,0.03948639,0.3683192,-0.031723168,-0.28137672,0.069992594,0.47345743,29.905624,0.15444434,13.637631,0.39341518,-10.5633745,-0.7083658,-26.276638,-0.37265223,-5.095155,17.326576,0.0036167803,0.0073209824,0.02528402,4.7058825,2.5316458,0.265,0.24499999,0.22999999,0.0,-34.84393,11,16-2,107,SPEAKER_01,1219.533333,1233.733333,1225.03784375,1225.89846875,1,0.860625,engaged
34.969246,0.014137261,34.53215,34.797348,35.451824,0.9196739,2.4017334,0.0,6.772382,0.0,0.16775055,0.28858024,0.111205466,0.18732347,0.20102476,0.08981929,0.47459075,0.6432205,0.8262676,0.0,0.026831636,0.3662843,24.955898,0.090752795,13.967808,0.8154774,-0.52454096,-6.4152026,6.773213,0.9062163,0.011746851,0.41533968,0.6501297,0.33267733,10.867522,0.1318905,-9.557685,-0.26588744,20.393707,0.2112052,840.26697,0.07581507,1543.4167,0.2544338,-59.17731,-1.1034529,1794.7682,0.038621463,1076.082,0.116305396,-64.47477,-0.9681114,2949.5596,0.023694616,839.1245,0.16478652,-73.302315,-0.7961819,-23.127625,-0.08742295,35.480843,0.06535952,0.004000583,4.1921425,-0.015482936,-0.37519073,0.03183895,0.26890567,25.70865,0.055936042,20.906115,0.17171918,0.5524767,5.753649,4.6709495,1.2310978,-11.660534,28.522844,-0.025867444,0.009251974,0.02155685,2.7027028,3.125,0.25,0.0,0.049999997,0.0,-38.421726,11,16-2,107,SPEAKER_01,1219.533333,1233.733333,1226.5397187500002,1226.9278437500002,1,0.388125,engaged
35.431168,0.003470584,35.32347,35.444073,35.54402,0.22055054,0.0,0.0,-0.076013565,0.0,0.12276388,0.20791775,0.10025781,0.11706396,0.1431658,0.04290799,0.6702663,0.6144781,0.4249602,0.30398232,0.023285648,0.53591466,21.324509,0.19457322,-4.2448907,-1.0003052,-5.989539,-0.86507267,3.8796434,2.332157,0.027174722,0.0,2.4061244,0.05707591,7.5269065,0.054684125,2.3488169,0.41117945,19.058979,0.00996385,505.09943,0.08719858,1398.3013,0.08809771,-189.07498,-0.19800414,1492.4324,0.028576652,1059.7621,0.026838753,-185.48798,-0.23546512,2666.1567,0.008108351,763.31305,0.060497265,-186.0955,-0.22569482,-11.705481,-0.28065628,24.059809,0.13340239,0.004682829,4.5594144,-0.002852026,-2.034585,0.051795527,0.29962975,23.148514,0.16612624,3.710868,0.89083135,-1.7946548,-1.2573195,-3.3957589,-0.6957569,-7.27235,19.16575,-0.0036986142,0.0022787245,0.021184526,9.803922,2.1739132,0.03,0.0,0.19999999,0.11,-49.55726,11,16-2,107,SPEAKER_01,1219.533333,1233.733333,1227.56909375,1228.09221875,1,0.523125,engaged
0.0,0.0,0.0,0.0,0.0,0.0,0.0,0.0,0.0,0.0,0.14459662,0.265043,0.10794246,0.13284965,0.19029105,0.082348585,2.0807467,1.5762213,0.46589187,0.2655531,0.03163213,0.88318557,15.485097,0.5156743,-0.18695119,-28.096897,-9.887355,-0.4641952,-3.4536164,-3.4418986,0.0,0.0,0.0,0.0,0.0,0.0,0.0,0.0,0.0,0.0,0.0,0.0,0.0,0.0,-201.0,0.0,0.0,0.0,0.0,0.0,-201.0,0.0,0.0,0.0,0.0,0.0,-201.0,0.0,0.0,0.0,0.0,0.0,0.0,0.0,0.0,0.0,0.0,0.0,0.0,0.0,0.0,0.0,0.0,0.0,0.0,0.0,-6.8257136,15.877816,0.0074346843,-0.0068976968,0.034303136,2.777778,0.0,0.0,0.0,0.29999998,0.0,-48.78467,11,16-2,107,SPEAKER_01,1219.533333,1233.733333,1228.42971875,1228.80096875,1,0.37125,engaged
34.14503,0.026407244,33.44808,33.947872,34.604176,1.1560974,7.861946,2.6909263,1.1769574,4.338019,0.15037905,0.25888216,0.103685275,0.15603383,0.17848605,0.074800774,0.8468708,0.7909507,0.67520916,0.5507345,0.0277713,0.58252496,26.809551,0.15759039,6.119707,1.5106343,0.1408478,47.885334,-1.1698825,-7.5895157,0.021346208,0.5620617,1.0193754,0.50589234,7.622793,0.33326793,4.067462,1.8014266,28.916483,0.20969766,743.1831,0.17764501,1379.699,0.15206476,-91.56904,-0.9704243,1732.2324,0.07448846,1063.5002,0.23094834,-96.95455,-0.8589597,2825.765,0.05801375,809.4027,0.1521678,-102.18754,-0.7740259,-18.64149,-0.21838537,28.819105,0.20906557,0.017403472,0.92426205,-0.016157612,-0.40753657,0.030633781,0.557506,29.140535,0.109511666,12.771325,0.3918709,4.6064525,0.78602177,-5.163959,-0.9611929,-8.922822,21.448538,-0.005744477,0.00095165905,0.02300806,2.5352113,1.1428572,0.515,0.14186262,0.26999998,0.3342454,-42.17001,11,16-2,107,SPEAKER_01,1219.533333,1233.733333,1229.27346875,1232.8340937500002,1,3.560625,engaged
36.721584,0.037736397,35.63191,36.611588,37.737194,2.1052856,42.07723,64.06141,16.996664,4.7881627,0.35783407,0.56759214,0.17960662,0.31315058,0.4981712,0.3185646,4.958609,1.6917652,3.3594635,1.4735378,0.16299872,0.8629092,28.488834,0.31922436,11.866748,0.7968974,0.37824282,27.508652,-8.431275,-1.5139598,0.018351002,1.1717225,1.2035549,0.6943252,10.203438,0.24538366,12.660205,0.7427513,34.939648,0.1941264,747.21265,0.21320836,1381.8956,0.13683735,-76.0736,-1.087994,1814.8652,0.1055485,1178.3777,0.23132457,-84.29037,-0.8705009,2910.7017,0.0631706,960.1705,0.29666305,-89.36147,-0.7818326,-21.570827,-0.3009072,33.469776,0.22356588,0.048519507,0.519076,-0.02441744,-0.5395221,0.20644997,0.6665639,31.137114,0.27320358,14.798092,0.5432738,0.9358246,11.1848955,-12.811568,-0.8721384,-12.285542,23.688213,0.0009487396,-0.0034544957,0.073785156,4.3650794,2.834008,0.23428571,0.12128564,0.09714285,0.116951056,-26.80256,11,16-2,113,SPEAKER_02,1238.366667,1281.066667,1238.53784375,1241.06909375,1,2.53125,engaged
36.869755,0.033984486,35.6247,36.809692,38.10465,2.47995,114.78222,142.77507,5.3178277,13.802222,0.47552174,0.519751,0.25990626,0.45457163,0.71692765,0.4570214,6.0263047,2.7540576,1.886582,2.549178,0.20311384,0.679821,29.802713,0.2688847,12.901456,0.74642944,-6.3661137,-1.4074856,-7.563114,-1.8845267,0.019061357,1.0958436,1.1802016,0.80359083,9.957109,0.31085488,6.7964253,1.1815078,33.841278,0.16777179,798.2577,0.1586101,1380.4668,0.16698062,-48.69606,-1.4303526,1794.7153,0.073142976,1144.5281,0.40758684,-59.67442,-1.0340149,2948.982,0.03506484,791.4872,0.29766273,-67.9269,-0.8560992,-19.714602,-0.28024316,31.569681,0.24578716,0.046013005,0.5072288,-0.024916798,-0.45036125,0.21973729,0.5398169,31.923788,0.20591211,12.993356,0.708201,-6.2723813,-1.5291677,-10.229235,-1.4016774,-11.2573185,23.301893,0.003519825,-0.0057303486,0.04674553,4.0816326,2.1739132,0.37,0.34,0.07,0.03,-24.792412,11,16-2,113,SPEAKER_02,1238.366667,1281.066667,1241.5584687500002,1242.5540937500002,1,0.995625,engaged
36.735443,0.012111686,36.23607,36.98457,37.12412,0.8880501,11.547985,0.28113747,9.231364,6.003024,0.30949837,0.5446695,0.19862545,0.22446464,0.37344941,0.17482397,-0.016706737,0.0,3.5397136,0.0,0.08294402,0.6968681,33.372322,0.0313379,7.046014,0.66812164,-4.7796936,-0.36858952,-9.691665,-0.84644115,0.011299706,0.2620434,1.0168676,0.28502315,9.582279,0.124490276,-0.066449,-54.67047,33.148716,0.18375552,842.5734,0.04904222,1135.919,0.10746906,-12.567612,-0.47981912,1856.0244,0.026478857,843.446,0.12121192,-28.870064,-0.11952142,3075.5212,0.013919032,727.9388,0.14660096,-43.522205,-0.05962394,-16.308918,-0.21103528,30.051744,0.12403743,0.037496075,0.41406825,-0.021706482,-0.23462422,0.100503094,0.65983933,33.066906,0.028887874,5.8877378,0.78514385,-5.0621576,-0.35845074,-8.790213,-1.0129964,0.0,0.0,0.0,0.0,0.0,0.0,4.3478265,0.22,0.0,0.0,0.0,-31.573755,11,16-2,113,SPEAKER_02,1238.366667,1281.066667,1243.19534375,1243.4990937500002,1,0.30375,engaged
35.700287,0.025988843,35.03684,35.652008,36.62842,1.5915833,71.72574,88.69481,6.124989,8.758398,0.4510103,0.5377551,0.18946823,0.40638393,0.68525887,0.49579063,1.5853233,1.4714195,3.3601096,0.9938123,0.13225074,0.68754375,29.25141,0.20912851,14.783269,0.5403524,-2.924885,-2.9861894,-16.476595,-0.61839026,0.009744832,0.7789396,0.66377026,0.67769045,10.943691,0.20503327,0.7709139,8.87665,28.92779,0.16205205,731.81104,0.20143554,1328.0254,0.12956771,-42.342796,-1.5933218,1825.3878,0.12025051,1087.7974,0.23649684,-58.535892,-1.014444,2901.478,0.05825537,843.9741,0.23408623,-62.61794,-0.9243031,-19.76829,-0.22981665,31.313747,0.1796053,0.038178217,0.57733864,-0.028272258,-0.3896099,0.13626562,0.64814276,29.417469,0.1873545,17.04083,0.3420719,-1.8376384,-4.193427,-18.154446,-0.56203175,-8.0647,25.955763,0.034227923,-0.019292977,0.12009318,2.2727273,2.4390244,0.33499998,0.085,0.12,0.0,-26.366121,11,16-2,113,SPEAKER_02,1238.366667,1281.066667,1243.9715937500002,1244.86596875,1,0.894375,engaged
35.54552,0.05374389,33.865707,35.60681,36.69615,2.8304443,129.0332,205.46173,18.867374,8.582438,0.2837168,0.8021397,0.10387485,0.19092494,0.47643983,0.37256497,4.078662,4.140538,2.2460668,1.4165236,0.0865305,1.3662311,21.99135,0.61408424,8.434106,1.5388291,-3.9251516,-2.364808,-0.7350432,-18.016113,0.011930785,1.2832158,0.79558176,0.854468,10.507969,0.29979923,8.634704,0.8928188,32.93869,0.23277526,776.1754,0.1629015,1345.2714,0.13659747,-127.45623,-0.68651927,1881.4941,0.104781926,1111.7036,0.3055245,-132.7498,-0.6030209,2963.113,0.07202949,938.4651,0.29221848,-134.77434,-0.57664263,-22.875841,-0.30747575,33.84689,0.24732034,0.044899203,0.47925964,-0.025640838,-0.51502943,0.17428343,0.81398785,32.34101,0.27565345,18.704079,0.46398914,2.9228985,3.136626,-12.101333,-0.9985213,-6.071558,16.36721,0.007103148,0.00591866,0.027419029,1.8050542,1.2750456,0.31142855,0.22962259,0.39499998,0.4356317,-27.48545,11,16-2,113,SPEAKER_02,1238.366667,1281.066667,1246.85721875,1252.4090937500002,1,5.551875,engaged
38.6094,0.053819157,36.1838,39.51433,40.586975,4.4031754,9.960079,0.0,-18.800255,0.0,0.24468483,0.35961232,0.13900733,0.27517262,0.32428655,0.18527922,1.0521337,0.0,0.22371167,1.0182866,0.044088732,0.48497567,31.338049,0.13737272,6.618219,0.7264367,-0.32568237,-28.162668,-14.822464,-0.8941426,0.012853143,0.84284353,0.69937956,0.739461,12.390064,0.19417958,8.754703,0.6266592,30.090736,0.26298186,874.2648,0.07008169,1240.4099,0.093645275,-42.264637,-1.3308135,1921.3881,0.06684689,1155.8181,0.16623528,-56.640972,-0.893779,2961.128,0.04541908,714.8312,0.17647757,-60.357624,-0.81993574,-19.528175,-0.22614321,33.69711,0.15697119,0.025998913,0.61009705,-0.024219466,-0.4437427,0.04768883,0.45903316,32.85863,0.107491404,8.272226,0.46408817,-1.7602983,-4.619254,-19.264048,-0.5688538,-13.996813,26.724836,-0.015088917,-0.010376155,0.043169666,1.9607843,2.1739132,0.39,0.0,0.02,0.0,-34.781006,11,16-2,113,SPEAKER_02,1238.366667,1281.066667,1253.28659375,1253.8097187500002,1,0.523125,engaged
36.04192,0.070231065,34.37327,34.654457,39.63875,5.26548,99.1933,51.51753,22.664984,12.9811125,0.3097166,0.5477393,0.16049269,0.23611961,0.5026152,0.34212252,2.9532328,1.242843,0.9139803,1.6209781,0.09031002,1.0846249,18.839558,0.89824206,16.549751,0.5096109,-3.7224853,-3.4364004,-2.580259,-6.394384,0.007723008,0.86946094,0.5752467,1.2069386,11.477084,0.21204983,6.9749684,0.74491805,31.530344,0.23052312,787.98584,0.18196166,1294.828,0.20022011,-114.26539,-0.76674926,1958.8632,0.094236664,1026.7582,0.24879307,-123.21936,-0.63269216,2988.197,0.0824279,889.88794,0.26190874,-123.58682,-0.6286508,-23.557262,-0.30923685,33.0125,0.26729345,0.029962804,0.5849345,-0.030100225,-0.4677792,0.14597626,0.7382119,31.36079,0.31520465,20.643011,0.3810074,5.692278,1.9711354,-16.295568,-0.7409764,-6.994186,13.573278,0.0033017572,-0.00020982529,0.042951554,3.5971224,2.2556393,0.20333333,0.14383632,0.22,0.053541258,-28.170547,11,16-2,113,SPEAKER_02,1238.366667,1281.066667,1255.81784375,1257.21846875,1,1.400625,engaged
36.263462,0.029616915,35.51531,35.808586,37.17678,1.6614723,30.11308,21.4243,20.640104,6.77065,0.59451586,0.6356277,0.2724747,0.45101675,0.9613521,0.6888774,8.999478,4.409934,2.7652214,3.3375022,0.2423961,0.7356311,28.691679,0.29247782,7.9469676,1.2808514,-3.528504,-2.627777,-4.7508626,-2.3817797,0.019770144,0.97913253,1.2363968,0.748721,9.604875,0.25108498,5.72222,1.5258417,28.563683,0.23680113,765.25726,0.16533682,1288.0394,0.14697792,-32.694115,-1.441407,1781.6299,0.07151844,909.6095,0.2094149,-43.038086,-0.9864916,2954.6677,0.047239695,684.74567,0.33543724,-52.006596,-0.7625955,-17.060274,-0.3256918,28.815437,0.23529209,0.051484656,0.46204442,-0.024147464,-0.56005484,0.26996478,0.65838426,29.561691,0.26930803,8.605533,1.2538924,-3.9871476,-2.4531164,-6.4464884,-1.6753697,-9.868522,19.661627,0.02670658,-0.008158771,0.10062125,3.1578948,4.494382,0.19,0.07905694,0.02,0.0,-23.410704,11,16-2,113,SPEAKER_02,1238.366667,1281.066667,1257.91034375,1258.8722187500002,1,0.961875,engaged
46.359623,0.050256968,43.85167,47.37289,48.5428,4.6911316,33.993343,0.0,-23.076775,0.0,0.69827807,0.61927575,0.3733602,0.5209984,1.114507,0.7411468,4.6302505,5.0901055,3.3306932,0.0,0.4169147,0.90366715,28.84502,0.11710652,-2.4622715,-3.1464727,-24.7756,-0.50191337,-28.1428,-0.5185298,0.02089003,0.81415564,0.9556403,0.7029662,12.099487,0.21460858,11.682708,0.53145117,34.78419,0.10298764,913.4595,0.062126063,1126.1136,0.12210826,-26.91743,-1.7639648,1863.3455,0.07000838,1147.8091,0.2882651,-47.606434,-0.8092704,3011.4673,0.033871815,731.0889,0.2781063,-55.99879,-0.6411985,-16.7679,-0.26437944,36.031483,0.1399939,0.08587564,0.3027185,-0.013825024,-0.98898125,0.45816076,0.85691065,28.514103,0.10054178,-3.5963151,-2.069166,-28.671352,-0.30666384,-32.11235,-0.3516678,-19.059755,37.981136,0.015460855,-0.015317721,0.31768015,1.6949153,1.8518519,0.48999998,0.0,0.02,0.0,-19.887238,11,16-2,113,SPEAKER_02,1238.366667,1281.066667,1260.0028437500002,1260.61034375,1,0.6075,engaged
38.843533,0.040512405,37.32567,38.51109,39.895493,2.5698242,11.625589,6.5080223,46.171356,27.842514,0.38089475,0.659493,0.1722024,0.28983128,0.63878435,0.46658194,4.3801837,2.1537776,4.7340336,0.4549384,0.15627901,0.8853505,25.622944,0.44720626,9.100166,0.71176296,-5.9766073,-1.4401382,-11.91082,-0.88659006,0.019086597,0.75427026,1.3243845,0.7973551,9.52364,0.3164811,9.607764,0.37127727,32.999065,0.22252287,784.1748,0.115040824,1272.4349,0.121547885,-72.746254,-1.0960974,1870.7115,0.062072795,953.4119,0.17276958,-82.722305,-0.8737528,2978.406,0.05204681,926.9349,0.53441507,-87.99138,-0.78790736,-19.197704,-0.36598495,30.742573,0.3158808,0.050738107,0.46304634,-0.03030687,-0.41792166,0.20295583,0.6613781,28.377447,0.3517081,11.330706,0.55716723,-5.914096,-1.6803379,-16.283085,-0.58132637,-11.002442,20.587114,0.004271099,-0.01181177,0.07591562,2.970297,4.166667,0.155,0.09287087,0.08,0.070710674,-27.4838,11,16-2,113,SPEAKER_02,1238.366667,1281.066667,1261.9603437500002,1262.98971875,1,1.029375,engaged
33.29093,0.02917661,32.18742,33.55815,34.099915,1.9124947,8.593914,0.8420819,13.849112,3.839346,0.5112865,0.45797062,0.20239075,0.6532104,0.7214415,0.5190508,1.7722071,0.71676236,1.4545363,0.0,0.116690844,0.5666474,31.031729,0.13936746,0.56566596,25.454914,-8.470104,-1.1196831,2.3160996,5.8261523,0.006241756,0.7209125,0.91586167,0.9357202,9.40641,0.21253291,3.9159,1.4127008,28.611914,0.29954374,848.95764,0.13733082,1230.4473,0.13732043,-10.531171,-2.110932,1833.6791,0.06532603,1009.8787,0.18907362,-19.375042,-1.0919772,2951.6836,0.04994205,884.56104,0.28623962,-33.53,-0.56896925,-10.883172,-0.9440134,27.493675,0.24872792,0.03376148,0.56965977,-0.01340326,-1.3558425,0.12661226,0.4920913,32.006733,0.10123525,1.5032719,9.885174,-8.962026,-1.0986149,1.4147614,9.829531,-5.800938,20.25254,0.0140435705,0.017061953,0.0,1.4492754,1.5873016,0.61,0.0,0.0,0.0,-29.301207,11,16-2,113,SPEAKER_02,1238.366667,1281.066667,1265.3015937500002,1266.0103437500002,1,0.70875,engaged
34.310165,0.033569325,33.72454,34.321407,35.03971,1.3151703,26.269556,27.597313,12.287668,3.8212452,0.30872017,0.71455175,0.11817604,0.25345585,0.49538186,0.37720582,4.480264,1.9855158,2.6998034,1.2418646,0.10773536,0.97534335,31.20336,0.23905484,12.02728,0.7937418,4.883466,1.5302458,-3.333079,-3.140713,0.011699888,0.77074003,0.9376697,1.0986019,9.997586,0.26680073,4.5807934,1.4440191,33.045315,0.17498124,732.26166,0.13970529,1294.2245,0.11688011,-83.8051,-1.029982,1828.917,0.06888881,985.34326,0.20352879,-94.70137,-0.81484216,2932.7344,0.04471222,741.4062,0.21518272,-98.49547,-0.75440997,-22.351503,-0.25767407,33.717365,0.22008346,0.028107967,0.64892805,-0.030351559,-0.41228575,0.15453802,0.7142861,34.706326,0.1920853,17.665585,0.40201515,6.5674286,1.2599301,-9.21651,-0.868454,-12.435226,24.013247,-0.0023789466,-0.0011366837,0.03463645,3.521127,2.189781,0.28,0.24913183,0.114999995,0.08381527,-28.23963,11,16-2,113,SPEAKER_02,1238.366667,1281.066667,1272.03471875,1273.4690937500002,1,1.434375,engaged
33.43755,0.045967523,31.458138,33.91739,34.80651,3.3483734,35.943733,1.7515116,8.37545,8.750802,0.22543266,0.35056832,0.14504988,0.22723949,0.2951875,0.15013762,4.091677,1.6228018,2.0024173,0.69765365,0.09296053,0.691518,31.700203,0.23449314,11.946684,0.65999305,0.4493806,20.473701,-7.3546696,-0.83523434,0.012829114,0.42870086,1.280768,0.64389104,7.711501,0.34133393,4.213278,1.5932006,35.0515,0.12572041,757.71326,0.17611481,1327.2461,0.10458629,-90.2438,-0.9203326,1833.6985,0.089928724,1110.6327,0.19612281,-100.74008,-0.7434827,2926.964,0.081658304,974.1814,0.44014415,-104.51608,-0.6875318,-22.13048,-0.29883367,32.98518,0.23221107,0.019279648,0.7686084,-0.02680794,-0.5209904,0.10755402,0.63960767,35.292534,0.17593485,14.362094,0.5151372,4.631643,1.8378326,-9.273464,-0.64169246,-16.298166,25.390104,0.0058866045,-0.018572195,0.073146336,4.464286,4.6728973,0.118,0.06177378,0.072,0.047074407,-32.829826,11,16-2,113,SPEAKER_02,1238.366667,1281.066667,1277.90721875,1279.03784375,1,1.130625,engaged
35.626915,0.026836213,34.77543,35.255493,36.78882,2.0133896,19.162115,0.0,15.175772,8.984461,0.21307378,0.3145037,0.14356011,0.20108676,0.29220662,0.1486465,2.6924217,1.3751357,0.59282416,0.63279456,0.06895724,0.53906417,30.9892,0.27184847,7.8943367,0.84032196,2.0019646,2.6739829,-1.7563297,-3.486013,0.013466943,0.5048113,1.1623014,0.7024776,9.551365,0.20563526,2.6176322,1.6814072,31.645405,0.12264201,796.19806,0.095597655,1175.6274,0.08370034,-103.43029,-0.8283127,1861.2307,0.052998994,1044.1232,0.54769343,-111.629616,-0.7011672,2924.501,0.07278726,924.90497,0.44731125,-116.587074,-0.6329623,-22.287521,-0.2399373,33.6397,0.15594195,0.014879688,1.171234,-0.024887735,-0.505736,0.08904827,0.40238884,35.254353,0.15201108,12.212771,0.49317965,5.006869,0.9834618,-4.8467636,-1.2378615,-12.671509,23.986967,-0.005687902,-0.014212357,0.05896202,5.882353,4.4444447,0.11,0.07,0.095,0.044999998,-35.762825,11,16-2,113,SPEAKER_01,1238.366667,1281.066667,1279.03784375,1279.56096875,1,0.523125,engaged
40.25355,0.007121505,39.994534,40.139565,40.514576,0.5200424,0.0,0.0,-0.12704213,0.0,0.6433599,0.23512618,0.4915632,0.65678084,0.7929525,0.30138928,8.729963,0.0,-6.5931096,0.0,0.46546978,0.38544217,33.76805,0.054165464,2.7087333,2.2508366,-20.884218,-0.35807523,-12.885679,-0.38064614,0.01351306,0.42239583,1.8491576,0.80904585,10.0685215,0.31075308,13.004303,0.08840886,34.878036,0.027358996,955.3159,0.16561839,1214.1924,0.1304505,-13.6532955,-0.54967856,2213.3677,0.1642378,1177.3104,0.040804703,-37.45347,-0.1620154,3355.3967,0.123511225,1211.8696,0.12844235,-45.735847,-0.0935986,-16.485518,-0.30002102,40.013336,0.06386666,0.040295776,0.23109946,-0.009359867,-0.6209781,0.6798925,0.322722,34.47067,0.06777434,8.552006,0.3179254,-15.51107,-0.44566607,-17.565313,-0.23903812,0.0,0.0,0.0,0.0,0.0,8.333334,16.666668,0.049999997,0.0,0.0,0.0,-21.669914,11,16-2,113,SPEAKER_01,1238.366667,1281.066667,1280.1009687500002,1280.2359687500002,1,0.135,engaged
33.542828,0.16188024,26.03394,37.458984,37.848206,11.814266,143.87654,0.0,-16.612625,0.0,0.34292677,0.18479227,0.30201736,0.35629395,0.39061046,0.088593096,3.0249043,0.968372,0.96212655,0.73063123,0.21855465,0.36978465,32.3241,0.14464475,11.111655,0.48695603,5.401977,0.9843286,-7.4485235,-0.8245355,0.23379609,0.8857309,2.5390432,0.39317593,7.510294,0.268279,12.4794,0.40872276,30.532417,0.27282137,875.94305,0.132379,1610.7156,0.18916006,-124.107,-0.6452124,1947.3198,0.101560965,1170.896,0.17753468,-125.17602,-0.612911,3136.241,0.09665655,1740.3903,0.52593875,-126.381645,-0.59277415,-24.549047,-0.06247853,34.770252,0.07573007,0.0598578,0.14225794,-0.016720925,-0.18819508,0.20862076,0.17168832,34.4955,0.07783822,12.913948,0.1143047,8.709464,0.19689238,-6.3193965,-0.45164424,-18.681913,28.619486,0.03827291,-0.012850555,0.23157816,7.894737,7.142857,0.049999997,0.0,0.043333333,0.026246693,-28.13768,11,16-2,113,SPEAKER_01,1238.366667,1281.066667,1280.6747187500002,1281.066667,1,0.3919375,engaged
37.322002,0.0687499,34.551315,36.63678,40.254795,5.70348,30.597387,20.363527,21.22609,1.5769005,0.39224353,0.6344722,0.16292015,0.33425525,0.51880014,0.35588,4.8171225,5.951084,4.8313017,2.4676516,0.1546432,1.0923414,25.500673,0.24275179,-4.3041697,-1.6408067,-10.964063,-0.793215,-2.2272336,-4.7446322,0.015383269,0.6708639,1.2554679,0.52599186,6.4924574,0.45243508,1.5413332,5.4890532,23.98768,0.41017976,793.3054,0.23909685,1256.0096,0.124473974,-87.506355,-1.0565814,1827.3666,0.14659224,998.69305,0.2745423,-83.78654,-1.0381358,2925.6067,0.13039346,905.37146,0.1885727,-91.89066,-0.88058674,-7.5283084,-1.1685952,17.95967,0.35642576,0.040354233,0.48330954,-0.01485373,-1.153008,0.23840132,0.7750378,26.887455,0.20437996,-4.7728434,-1.8065339,-13.547981,-0.71735185,-7.575078,-1.3275108,-7.0731483,18.331568,0.0083452,-0.002646964,0.0477071,4.494382,3.5714288,0.16333334,0.020548047,0.14,0.08,-29.452433,11,16-2,114,SPEAKER_01,1281.1,1282.0,1281.1,1282.0,1,0.9,disengaged
36.515156,0.07398416,37.121605,37.41703,37.645992,0.52438736,101.28932,68.06042,28.767714,0.0,0.3555097,0.39644775,0.14220703,0.3929233,0.47833437,0.33612734,2.6088927,0.68412197,2.6068306,1.1187689,0.14582786,0.6045475,32.883934,0.16715726,2.3254724,2.7079906,-10.088324,-0.72476315,-12.707472,-0.865073,0.040431213,2.3098447,1.4955279,0.8056075,7.7662144,0.432742,-0.6054947,-10.021531,31.528187,0.19230634,870.66077,0.08169782,1145.0454,0.08525043,-58.03821,-1.447017,2001.4607,0.065231785,932.1663,0.1222523,-73.35399,-1.0070909,3198.6099,0.036236588,890.129,0.22492285,-79.82086,-0.87728417,-17.97513,-0.21513852,30.29696,0.14908776,0.047281675,0.20005935,-0.029250216,-0.29351404,0.18678294,0.35542113,36.217186,0.037498582,4.450258,0.917209,-11.444487,-0.7318258,-17.684916,-0.31700563,-8.233992,19.898165,-0.009943142,0.006126808,0.019147804,5.769231,2.1739132,0.32999998,0.0,0.11,0.0,-30.691557,11,16-2,115,SPEAKER_01,1282.033333,1293.833333,1282.033333,1282.56471875,1,0.531375,engaged
32.832294,0.013209759,32.457478,32.87641,33.24637,0.78889084,0.0,0.0,-0.16454172,0.0,0.29768488,0.18038897,0.23245633,0.30415893,0.35835186,0.12589553,1.1520576,0.0,-1.3185965,0.0,0.07030402,0.3558651,20.060549,0.5130228,-2.0044978,-3.4164872,-15.872427,-0.34546268,-4.5894947,-1.2488114,0.017306233,0.36241484,1.324006,0.21024647,2.8856988,0.6429077,5.8417063,0.23179512,27.041632,0.29441088,937.2943,0.081249356,1163.3644,0.0782453,-92.08783,-1.0479074,2008.3729,0.05310252,970.7996,0.13550496,-98.46037,-0.9124794,2977.2732,0.038074885,1291.596,0.21738005,-102.58461,-0.8422919,-3.0173237,-0.5683244,14.465733,0.6489308,0.036233984,0.38318214,-0.0019863201,-2.3234017,0.08570118,0.16507062,25.007463,0.22363827,-6.5403504,-0.19682328,-14.714025,-0.5090935,-2.9318292,-2.2335925,-6.118825,10.092869,0.02293684,-0.016460778,0.050403856,5.0000005,6.666667,0.07,0.0,0.06,0.0,-39.687584,11,16-2,115,SPEAKER_01,1282.033333,1293.833333,1283.56034375,1283.77971875,1,0.219375,engaged
36.716187,0.04952361,34.586246,36.741413,38.813934,4.227688,29.519014,14.021151,39.96541,39.531548,0.29307055,0.4946951,0.15502861,0.27459627,0.416741,0.2617124,3.8012264,2.6108015,2.1132774,0.5824929,0.12718573,0.77357346,30.268587,0.24307828,6.8362937,1.8392471,-2.5383794,-3.4761124,-7.133576,-1.7257469,0.02007745,0.92977667,1.2749413,0.59447557,9.288268,0.37319177,15.146025,0.7632302,35.674614,0.2657714,727.4404,0.20399213,1414.4617,0.10679154,-92.39107,-0.93609434,1815.4067,0.10213903,1168.6876,0.17658597,-97.03989,-0.7987229,2953.2546,0.068609305,931.2584,0.17728636,-101.15736,-0.7355526,-21.609003,-0.403994,33.869286,0.17962267,0.05070701,0.35150263,-0.020218486,-0.7349035,0.15807296,0.48770618,33.487698,0.17322932,12.697446,0.8644613,-1.396622,-7.5317626,-11.348511,-1.0177646,-10.722417,22.017887,0.022279248,-0.0032187034,0.08532855,4.733728,3.0487804,0.192,0.24061586,0.1375,0.16931848,-29.212252,11,16-2,115,SPEAKER_01,1282.033333,1293.833333,1284.38721875,1286.09159375,1,1.704375,engaged
35.072,0.07917299,33.901344,35.6653,36.300266,2.398922,139.02953,130.75595,39.30454,40.553246,0.2839819,0.54960066,0.15742376,0.2372096,0.400823,0.24339923,4.127781,2.8863134,1.9889165,1.4637117,0.09740197,0.9947523,24.489391,0.4331164,1.2990028,6.6298027,-15.515516,-0.7285643,-0.25872657,-56.05937,0.017684342,0.998372,1.1631336,0.54325676,6.736589,0.48087057,3.0688765,3.5752528,28.899601,0.88022417,796.5092,0.17492385,1387.1976,0.12933126,-109.85644,-0.8709448,1799.5043,0.106645204,1133.051,0.22273691,-113.44188,-0.772316,2960.6777,0.083698474,1004.8528,0.29363695,-118.933365,-0.68958324,-13.385911,-0.68832797,29.749016,0.20402357,0.048604123,0.38287628,-0.016113535,-1.0805376,0.15399271,0.6430753,32.34471,0.17857768,2.1889203,4.5017695,-16.636158,-0.84338576,-11.319159,-0.9288487,-7.3896356,17.73314,0.012735687,0.00079471304,0.04886172,2.6262627,2.6530612,0.17076923,0.12615384,0.18461537,0.20288742,-33.673862,11,16-2,115,SPEAKER_01,1282.033333,1293.833333,1286.5809687500002,1291.54221875,1,4.96125,engaged
37.505207,0.032202557,36.567627,37.628204,38.580414,2.0127869,69.905945,61.070946,12.953144,4.351305,0.27964565,0.43229917,0.16408816,0.24801299,0.3974242,0.23333603,2.0224242,0.9785165,2.6345487,1.603166,0.09554443,0.82636046,22.60278,0.5060788,3.0212564,2.9932487,-11.354095,-0.92196614,3.1717184,3.9858038,0.016374286,0.68646556,1.1099826,0.5895196,8.413913,0.26774332,10.319592,0.8483128,29.33341,0.30381477,713.87744,0.2328182,1397.9067,0.123721614,-142.8727,-0.5853209,1755.6564,0.13017416,1108.4915,0.3631926,-141.0834,-0.565827,2853.5576,0.10107401,1091.4214,0.33512527,-143.95334,-0.5267,-15.224488,-0.41940096,24.853384,0.3270204,0.052865304,0.3203939,-0.017653856,-0.58447164,0.15751265,0.47940162,29.245272,0.28309664,4.853735,1.9374596,-5.358524,-2.1720088,-5.1831174,-1.9966085,-8.472064,18.548325,0.021517074,-0.0033783566,0.068352535,4.9382715,2.5477707,0.122499995,0.071195155,0.24499999,0.315,-34.956886,11,16-2,115,SPEAKER_01,1282.033333,1293.833333,1291.96409375,1293.6009687500002,1,1.636875,engaged
0.0,0.0,0.0,0.0,0.0,0.0,0.0,0.0,0.0,0.0,0.23889236,0.07031204,0.22671285,0.24656352,0.2503666,0.023653746,1.0437839,0.7339858,0.00854519,0.6677287,0.035947096,0.2622645,4.8666883,0.58956474,-1.1308402,-5.234532,-16.920855,-0.27845645,14.281786,0.31720483,0.0,0.0,0.0,0.0,0.0,0.0,0.0,0.0,0.0,0.0,0.0,0.0,0.0,0.0,-201.0,0.0,0.0,0.0,0.0,0.0,-201.0,0.0,0.0,0.0,0.0,0.0,-201.0,0.0,0.0,0.0,0.0,0.0,0.0,0.0,0.0,0.0,0.0,0.0,0.0,0.0,0.0,0.0,0.0,0.0,0.0,0.0,-1.768527,12.861627,-0.00014561218,0.0039367857,0.0450126,16.666668,0.0,0.0,0.0,0.06,0.0,-46.406013,11,16-2,115,SPEAKER_01,1282.033333,1293.833333,1293.7022187500002,1293.833333,1,0.131125,engaged
30.415726,0.0019538626,30.372566,30.420214,30.459785,0.08721924,0.048453648,0.0,0.0,0.0,0.20055111,0.14796413,0.16548914,0.203284,0.23463571,0.06914657,0.0,0.0,-0.0049471045,0.0,0.049430914,0.25686005,28.53938,0.029852113,-2.247959,-0.6328114,-1.4323522,-1.701303,0.28039053,15.838356,0.0,0.0,0.41945687,0.0,5.051328,0.118882306,20.66774,0.13851361,32.504803,0.014434233,1006.52264,0.03448324,1104.949,0.074630775,-129.93358,-0.57675207,2113.636,0.020886121,767.0815,0.06620111,-135.09837,-0.51391333,3169.9658,0.0012715595,639.6202,0.048530724,-136.39095,-0.50010437,-10.749652,-0.05791495,22.827465,0.048025176,0.02828929,0.075273514,-0.0074153417,-0.5521737,0.06736633,0.05867566,30.378376,0.009133421,0.06639373,3.113934,-2.6941924,-0.56315714,-0.96814305,-0.63716984,-10.887675,23.147795,0.018762672,-0.0018039547,0.047534466,0.0,11.111112,0.02,0.0,0.04,0.0,-42.25043,11,16-2,115,SPEAKER_03,1282.033333,1293.833333,1283.77971875,1283.93159375,1,0.151875,engaged
36.27142,0.060628135,34.780556,35.845444,38.677765,3.8972092,82.15809,64.47658,9.233797,3.99519,0.371821,0.44355372,0.24606782,0.3315925,0.50507396,0.25900614,3.5544896,2.1296532,1.8539944,0.6947967,0.1327971,0.7365305,24.720509,0.40956187,3.4431126,2.7234125,-14.296376,-0.8842215,-6.5677004,-2.121954,0.018368991,0.79939306,1.1440976,0.52234226,7.8311844,0.42467755,5.3477235,1.5739757,32.221085,0.23892558,835.50665,0.1713907,1369.4374,0.19249825,-86.636505,-1.0358756,1842.0787,0.10733686,1238.7001,0.30690336,-92.232994,-0.88651454,2964.4514,0.072897,1059.3566,0.3627057,-98.573044,-0.77909696,-13.851242,-0.6688793,30.900255,0.19914469,0.044639874,0.37138,-0.015025972,-0.8668232,0.17979757,0.55059123,30.438007,0.20546427,4.410806,2.2408361,-13.931045,-1.0589501,-12.663437,-0.9129035,-7.316293,17.5832,0.019531654,-0.00209406,0.06276598,3.4653466,3.2581453,0.1776923,0.12795155,0.12545455,0.09939485,-30.251179,11,16-2,116,SPEAKER_01,1293.866667,1354.366667,1293.866667,1297.9209687500002,1,4.0543125,disengaged
36.150856,0.039363507,34.63184,36.257874,36.94468,2.3128395,46.586803,46.272415,20.113897,13.602022,0.41877952,0.43871447,0.23047087,0.39703858,0.6009953,0.37052444,2.943804,2.1862946,3.850206,1.991788,0.14826079,0.64666724,29.111607,0.23637037,-1.4984585,-6.0415945,-20.940315,-0.4594646,-10.233735,-1.1969936,0.015292996,0.9864765,1.0452688,0.51737577,7.2806554,0.5089779,-1.5024225,-7.439529,28.245335,0.33821958,697.69104,0.28966925,1441.4681,0.26595682,-52.619564,-1.6122768,1658.7599,0.13444172,1249.1074,0.18282339,-58.44995,-1.3048605,2786.6624,0.09066984,1016.17114,0.22329542,-68.864395,-1.0247415,-10.254664,-0.81944215,29.372192,0.1829067,0.04402908,0.38687974,-0.013171877,-1.1249114,0.18010543,0.49975875,31.12301,0.14457953,-2.1041596,-4.3978744,-22.840921,-0.4322815,-13.618825,-0.8126052,-7.680838,19.667116,0.014216951,-0.005520198,0.061052788,3.804348,2.234637,0.32999998,0.13910428,0.0925,0.05584577,-29.541641,11,16-2,116,SPEAKER_01,1293.866667,1354.366667,1298.4947187500002,1300.3509687500002,1,1.85625,disengaged
36.916862,0.09120611,34.683014,37.181473,39.422253,4.7392387,110.921646,159.82152,61.72541,70.07647,0.34151474,0.58293146,0.1908119,0.28864038,0.47485822,0.28404632,2.2716036,1.9628567,2.2608714,0.7124696,0.13191313,0.8871044,24.095802,0.39199165,6.934611,1.0938538,-11.701745,-0.8714525,-4.1250353,-3.4147592,0.013512783,0.68540674,1.0872028,0.51028,8.858904,0.3841422,2.7394989,4.2139487,29.720568,0.30263063,809.46783,0.22709791,1404.2635,0.1649834,-103.33274,-0.8796123,1803.1792,0.124418296,1191.2848,0.24630395,-105.21513,-0.7884048,2912.8818,0.09166347,988.695,0.23818132,-110.83597,-0.7038121,-15.7891655,-0.3928406,29.545065,0.26541585,0.036185578,0.42518383,-0.019478384,-0.74999905,0.19810356,0.6198646,29.25826,0.21426937,6.6695967,1.1310196,-13.746752,-0.8416813,-11.045185,-1.3050557,-10.337284,21.481028,0.02544005,0.0012596995,0.061519712,1.754386,3.1390135,0.16285715,0.11547594,0.1175,0.08968695,-28.903904,11,16-2,116,SPEAKER_01,1293.866667,1354.366667,1300.8740937500002,1303.1690937500002,1,2.295,disengaged
34.101135,0.021792574,33.6517,33.888103,34.32116,0.6694603,-6.247854,0.0,32.815807,0.0,0.264709,0.68563974,0.12415677,0.1996706,0.4253764,0.3012196,2.0243163,1.1650805,3.000922,0.0,0.104987994,0.8131128,33.700714,0.18533953,4.8744607,1.5847461,-3.042969,-1.505382,-0.50105804,-25.517778,0.028892823,0.8056904,1.0296273,0.42652977,6.349375,0.36043957,-4.355588,-1.4447863,29.002388,0.2543061,669.1696,0.1781811,1434.9766,0.03441941,-116.02213,-0.7406303,1677.4921,0.106702566,1459.7274,0.26367575,-124.04134,-0.62537813,2753.1477,0.07169685,1276.1179,0.47634333,-127.1024,-0.5880895,-19.31772,-0.312948,32.320732,0.23800105,0.028920718,0.7171897,-0.031439018,-0.67775136,0.14528133,0.46940514,36.74486,0.14658669,8.213012,0.94366294,-2.5612717,-1.9495354,-8.730177,-1.6593137,-15.020597,24.996267,0.0068202573,-0.017211884,0.100175835,2.5641026,5.882353,0.065,0.044999998,0.14,0.0,-32.240707,11,16-2,116,SPEAKER_01,1293.866667,1354.366667,1316.28096875,1316.6859687500005,1,0.405,disengaged
35.980145,0.0376845,34.40402,36.083588,36.97166,2.5676422,24.212734,14.06079,44.10849,18.598536,0.22494432,0.45378914,0.12653777,0.2088478,0.32480276,0.19826499,3.0451546,1.50235,1.8034682,0.4531239,0.072163835,0.94942397,19.83671,0.5609778,8.9311695,1.1942765,-4.9417357,-1.7284153,-6.460042,-2.6415849,0.036362465,0.8281087,1.0456108,0.31126714,7.6956015,0.27124634,2.2020955,4.843101,31.494629,0.27362016,760.85254,0.20312357,1326.4128,0.08173878,-151.56242,-0.52653456,1845.5048,0.08741661,1272.7969,0.4134415,-156.33376,-0.4531253,2882.2893,0.0708778,738.1322,0.28687283,-157.39598,-0.43921277,-18.75348,-0.30947152,26.949978,0.26956305,0.039436255,0.69718224,-0.025728993,-0.60504496,0.1379972,0.5985023,26.680386,0.2758208,12.024416,0.66452056,-0.012355654,-889.93494,-25.534735,-0.46303716,-9.514857,20.01862,0.011000455,-0.0024494897,0.052197047,4.6875,2.4390244,0.09666667,0.023570225,0.2175,0.06647368,-36.76593,11,16-2,116,SPEAKER_01,1293.866667,1354.366667,1317.12471875,1318.42409375,1,1.299375,disengaged
38.09215,0.09945566,36.154705,38.63085,41.3,5.145294,84.27844,86.704544,39.535984,42.09925,0.31599367,0.71872336,0.11048863,0.22926152,0.52143216,0.41094354,4.378363,3.903255,1.6971854,1.5898964,0.10036559,0.9563092,29.731384,0.22008535,4.419534,1.6603067,-5.095964,-1.7861712,-8.011128,-2.3802273,0.024422811,1.9906391,0.7922051,0.64792424,9.691464,0.38997078,2.6906335,2.7848651,29.616116,0.21495536,801.23376,0.1150501,1255.7393,0.14135517,-98.7594,-0.957812,1823.3983,0.071494386,1010.7247,0.19731067,-107.330315,-0.7847212,2964.4653,0.04521528,718.1573,0.34031808,-111.20981,-0.7259681,-19.785402,-0.28060547,30.251148,0.22570601,0.024409534,0.7178523,-0.030737255,-0.36400023,0.14934586,0.7077656,31.694822,0.20552708,8.067963,0.86656237,-7.465321,-1.3312341,-22.047312,-0.5461793,-11.744244,25.264847,-0.009394001,0.0005963352,0.046782773,2.621723,1.9083971,0.272,0.14743133,0.23200001,0.17244129,-29.355387,11,16-2,116,SPEAKER_01,1293.866667,1354.366667,1321.5797187500002,1324.2628437500002,1,2.683125,disengaged
40.96719,0.11221156,37.44051,39.278522,45.109913,7.669403,40.519188,35.202995,23.002243,23.725306,0.47410762,0.63408995,0.14383736,0.43620482,0.7584771,0.61463976,5.4873667,3.5217545,2.1101804,1.1281437,0.13591018,0.89813936,22.918987,0.3732236,2.4833243,3.4308035,-10.969706,-1.0561597,-19.807663,-1.134995,0.008518739,1.5455195,0.668928,1.1351767,12.420613,0.27072218,6.6425805,1.306321,31.192684,0.24045728,781.1804,0.20610812,1346.2203,0.22376965,-85.85091,-1.0961838,1805.6876,0.12706846,1148.009,0.37930036,-91.19669,-0.9226622,2910.387,0.08248875,768.9158,0.3145301,-96.58014,-0.8266794,-16.10771,-0.3593486,27.532822,0.2706997,0.047921948,0.49089402,-0.028097892,-0.5231515,0.18174197,0.66611457,25.437471,0.27754897,2.7403054,3.4264078,-16.464422,-0.6172487,-33.395992,-0.49969116,-9.826682,20.229551,0.004105379,-0.0014644818,0.07012207,2.102102,2.1341465,0.27714285,0.19373873,0.16857143,0.121117234,-26.398232,11,16-2,116,SPEAKER_01,1293.866667,1354.366667,1324.7859687500002,1328.12721875,1,3.34125,disengaged
34.83948,0.12422594,34.433197,36.59631,37.400127,2.9669304,168.26266,49.72727,39.97508,33.90893,0.35150617,0.46180022,0.1604571,0.38541642,0.51960135,0.35914424,3.9742882,1.764922,2.2250288,0.2904138,0.11160001,0.67717993,29.105118,0.13387014,10.510283,0.75515157,-10.326656,-1.1192924,-31.516384,-0.7099855,0.044184007,2.3640056,0.9781376,1.0032506,8.966175,0.579846,-2.93616,-2.4072177,27.27709,0.2637345,739.3169,0.1273382,1295.7169,0.13725019,-56.45638,-1.5959885,1830.3069,0.07616794,1142.4408,0.14197367,-76.545715,-0.9869418,2952.1465,0.049913783,568.1554,0.3620257,-76.089485,-1.0030528,-20.086731,-0.25404724,28.242287,0.19957706,0.050352845,0.35175532,-0.035996683,-0.3684583,0.1214032,0.57713926,27.883184,0.15093933,12.432356,0.691718,-11.509463,-0.87045395,-41.040485,-0.40557143,-16.793333,29.833084,0.048674237,-0.024237389,0.12764949,3.3898306,3.7037039,0.17999999,0.02,0.07,0.01,-30.313341,11,16-2,116,SPEAKER_01,1293.866667,1354.366667,1331.5359687500002,1332.1434687500002,1,0.6075,disengaged
41.69385,0.096828535,41.728985,41.815693,44.59209,2.8631058,359.47458,0.0,26.980976,19.001421,0.26135543,0.59814364,0.14090271,0.20080505,0.4199751,0.2790724,1.9080917,1.3687052,0.87099326,0.6442372,0.07289997,0.88903004,21.15461,0.3442126,-3.1835613,-3.0990338,-6.509036,-1.6119165,-2.4880316,-4.570556,0.014553694,0.750104,1.3357003,0.46133247,7.643881,0.54651815,8.647027,1.140307,29.728506,0.27173275,752.69214,0.2896335,1298.7612,0.1520817,-154.06725,-0.5382682,1718.2787,0.14544508,1135.0029,0.21083108,-141.52917,-0.5973031,2793.2817,0.061962813,836.9196,0.2450189,-144.8528,-0.5502376,-8.986232,-0.8006283,26.731876,0.20034704,0.020462768,1.2603948,-0.017924435,-0.6769979,0.14907438,0.36858076,25.921015,0.09055328,-7.904162,-1.2950728,-17.704948,-0.51438475,-15.873557,-0.36893016,-6.780173,17.731434,-0.0024927128,0.005258625,0.040404983,2.3952096,1.8518518,0.16,0.080415584,0.26749998,0.31019148,-35.36438,11,16-2,116,SPEAKER_01,1293.866667,1354.366667,1335.4678437500002,1337.1553437500002,1,1.6875,disengaged
38.286324,0.045285925,36.866013,38.3227,40.161232,3.2952194,25.406563,31.642038,14.113826,9.473891,0.2606977,0.4995608,0.118348874,0.25375044,0.3845616,0.26621273,1.5329553,0.84584457,1.2501332,0.6134097,0.058904618,0.9898684,27.098335,0.21425015,10.352477,0.9866009,-6.941677,-1.001769,-13.927813,-1.213602,0.010806575,1.1906269,0.71753097,0.8716925,11.926122,0.26323453,6.178066,1.7206932,33.938435,0.2089119,770.3867,0.18296339,1325.4811,0.123322606,-73.15714,-1.1947085,1867.9014,0.08782672,1113.3423,0.18301079,-85.55272,-0.884587,3004.9893,0.058919307,894.1993,0.31657848,-89.303055,-0.820103,-22.87145,-0.2327497,33.01576,0.19402258,0.038442295,0.50372106,-0.0251086,-0.5010744,0.07436431,0.8595593,29.442305,0.14296107,14.938662,0.5469662,-6.360418,-1.2056788,-21.889181,-0.6206425,-8.233301,21.04613,0.0085985465,0.004915757,0.02610603,2.4358976,1.4193548,0.47454542,0.36829743,0.22799999,0.12851459,-31.581621,11,16-2,116,SPEAKER_01,1293.866667,1354.366667,1341.8128437500002,1349.62596875,1,7.813125,disengaged
39.426964,0.07484405,37.82254,39.792397,41.62251,3.7999687,203.23378,190.20628,25.80365,0.2237937,0.564712,0.41059783,0.34626418,0.60434794,0.81025064,0.46398646,5.72779,3.7727115,4.6679573,2.3198605,0.2629682,0.7325787,28.469496,0.17861508,7.639269,0.6206833,-8.004207,-1.3533645,-26.959135,-0.54603666,0.022327067,1.5579715,1.0143898,0.59126425,9.388015,0.3047863,6.530235,1.3611894,34.002457,0.25228855,789.6364,0.10526216,1264.4625,0.13253266,-47.026653,-1.6542573,1858.7479,0.08691125,1012.6611,0.27659848,-61.41938,-1.0991268,2980.1804,0.064464234,795.3001,0.34774765,-67.11413,-0.96406895,-18.221191,-0.23896414,29.004524,0.21804456,0.02688916,0.6149921,-0.037004985,-0.29805496,0.23392488,0.6862322,28.129004,0.18539701,8.833912,0.49287754,-10.036317,-1.091277,-31.27744,-0.41949522,-14.242245,26.773956,0.027070811,-0.01497319,0.3920262,6.451613,2.0,0.3866667,0.057927154,0.067499995,0.0349106,-25.56755,11,16-2,116,SPEAKER_01,1293.866667,1354.366667,1350.62159375,1352.19096875,1,1.569375,disengaged
39.80247,0.006270681,39.669548,39.816044,39.950363,0.28081512,14.809659,8.312591,7.426132,4.762794,0.4808697,0.68521297,0.15861946,0.47359452,0.7212766,0.5626571,11.206177,4.361252,3.7868726,2.8533986,0.258151,0.85072744,26.148054,0.4066688,9.799975,0.9879809,-5.338937,-2.4370086,-18.905403,-0.83018905,0.006978864,0.8199093,0.85703284,0.72725564,11.534432,0.32387254,14.171771,0.12961279,7.933412,8.215933,799.4251,0.077418216,1293.472,0.099797904,-66.55687,-1.1259176,1941.396,0.09806147,998.63007,0.1585702,-77.808105,-0.8622381,2966.5352,0.052178435,764.06067,0.17128538,-78.77547,-0.84601575,-26.223177,-0.18682052,34.10059,0.14911257,0.05844007,0.34443077,-0.024373077,-1.5282149,0.36839387,0.60454327,30.848698,0.0976743,16.974718,0.41134128,0.5468829,10.135408,-26.719828,-0.327406,-11.206496,25.483673,0.053668875,0.02617522,0.08382128,6.5217395,2.777778,0.26999998,0.0,0.03,0.01,-22.358728,11,16-2,116,SPEAKER_01,1293.866667,1354.366667,1353.8953437500002,1354.366667,1,0.4713125,disengaged
35.572727,0.009232066,35.34812,35.535484,35.68762,0.3394966,12.851916,3.7732127,15.240369,9.999589,0.26877627,0.6457922,0.11578842,0.18086295,0.46813732,0.3523489,4.881973,2.6349566,3.839555,1.7294157,0.1797512,1.1621817,30.174654,0.20743284,10.962214,1.2127137,6.4173336,1.2306777,8.610379,0.8917623,0.01716255,0.61453366,1.2328506,0.64537215,10.647524,0.21276869,14.128317,0.21477915,35.327003,0.068525456,887.67084,0.12504677,1481.273,0.091118015,-117.39447,-0.6964516,1890.9675,0.084009476,1247.7588,0.1525438,-122.93819,-0.6086333,2985.694,0.06950789,1067.2373,0.130939,-126.522545,-0.5653642,-29.187172,-0.23446447,41.02825,0.16527334,0.027460136,0.33872464,-0.012253463,-0.8882154,0.3590464,0.56587744,33.35039,0.17505184,23.84805,0.3032365,13.938761,0.29750344,2.8654282,2.4551,-11.93661,28.2416,-0.007801355,0.008289157,0.038744707,3.773585,2.0833335,0.22999999,0.0,0.22,0.0,-23.305838,11,16-2,116,SPEAKER_03,1293.866667,1354.366667,1313.8172187500002,1314.35721875,1,0.54,disengaged
34.0132,0.025036411,33.18962,34.242123,34.824566,1.6349449,116.874115,147.88432,2.9464746,9.077398,0.2171356,0.6116357,0.11174296,0.17693394,0.38569045,0.27394748,1.4004272,1.2165942,0.9284328,0.34330046,0.08732707,0.9467983,30.569544,0.38085058,14.359897,0.9022684,7.265144,1.2428963,8.145689,1.091062,0.009910926,0.83547145,0.7378862,0.7995892,10.809011,0.26257348,9.481818,0.31592888,31.205603,1.2767872,788.1074,0.28179523,1584.2185,0.14478573,-100.4628,-0.8124422,1900.2112,0.10237153,1315.2577,0.14708419,-105.55249,-0.6923168,3060.4675,0.059110373,1269.1471,0.32849655,-110.73958,-0.6252016,-28.718609,-0.25197968,40.14091,0.16824055,0.021216655,0.9388626,-0.011249116,-1.7013539,0.12473582,0.7197761,36.774372,0.18979517,24.039215,0.35206842,13.6364765,0.48803073,3.958678,1.6453533,-12.157893,25.533266,0.0017819806,0.018823186,0.05698316,2.1052632,3.3333335,0.17333333,0.14704497,0.0775,0.06609652,-26.468143,11,16-2,116,SPEAKER_03,1293.866667,1354.366667,1314.6947187500002,1315.6565937500002,1,0.961875,disengaged
32.974186,0.027339565,32.085224,32.775127,33.901707,1.8164825,30.569738,21.573149,8.073069,6.6295004,0.22051029,0.33267608,0.13658994,0.24002433,0.29142594,0.154836,1.6804569,0.88031733,1.6689999,0.7185064,0.060836222,0.47949144,38.247192,0.11394239,14.256971,0.4438154,6.090666,0.82122374,1.890822,5.2531295,0.016210081,0.7185894,1.0431012,0.75732356,9.972596,0.16016702,9.20151,0.5507386,39.86255,0.112483814,717.66315,0.19984178,1544.1698,0.1914943,-50.78946,-1.2139626,1709.1045,0.10583121,1293.8508,0.20845237,-62.30919,-0.84683084,2869.1318,0.070807554,1000.3698,0.36610344,-70.25204,-0.7146567,-23.498732,-0.20272098,38.060825,0.11471484,0.018788015,0.7920327,-0.016736345,-0.70147055,0.059789263,0.41549155,39.460873,0.10222399,16.140802,0.33709675,6.828541,0.7164945,-1.221855,-7.5107265,-18.842812,33.312958,-0.0035192,0.0053770673,0.07506944,5.7971015,4.6875,0.16666666,0.10143415,0.03,0.01,-33.757774,11,16-2,116,SPEAKER_02,1293.866667,1354.366667,1319.70659375,1320.41534375,1,0.70875,disengaged
34.45711,0.057277784,32.35745,34.454994,35.545803,3.1883545,42.57634,6.7614822,14.842492,9.51973,0.33304524,0.52979,0.14836127,0.35149485,0.4488297,0.30046844,2.9729912,1.4942937,1.7493305,0.5252646,0.100662135,0.58562887,33.919716,0.25750315,12.00419,0.69959617,-4.64724,-2.1556542,-4.46157,-2.8626685,0.019966513,1.2026504,0.8511632,0.77238584,10.341175,0.19239391,8.365401,0.6596373,37.022396,0.10256323,850.39014,0.16528067,1263.5682,0.14445435,-65.201164,-1.2327143,1917.2579,0.08586522,1192.954,0.21394715,-77.98682,-0.90013486,3018.7302,0.061300196,950.34235,0.39140853,-83.27834,-0.80405957,-17.809526,-0.57309216,36.730366,0.16541871,0.030949501,0.8242013,-0.018017754,-0.62085277,0.11962821,0.4221057,37.02643,0.15110928,13.395175,0.6337819,-3.6790688,-3.1613104,-9.481955,-1.1483411,-13.528081,26.77909,0.009390673,-0.0017475701,0.062347285,2.777778,3.0,0.23666665,0.1271045,0.12,0.02,-29.108982,11,16-2,116,SPEAKER_02,1293.866667,1354.366667,1329.7303437500002,1330.8272187500002,1,1.096875,disengaged
38.85537,0.055213332,37.217216,38.721146,39.81612,2.5989037,24.90955,9.722571,20.777386,8.653641,0.2537025,0.74096584,0.1068888,0.16578808,0.41052735,0.30363855,5.536222,4.002708,1.4508723,1.1528357,0.08773944,0.9931225,27.129135,0.27390862,4.986339,1.7362987,-9.598082,-0.80249745,-5.007446,-2.8813436,0.014761056,0.6491822,0.96628445,0.6083525,9.843459,0.24393569,8.135282,1.0210913,34.8931,0.19127147,766.7038,0.12039086,1277.5924,0.10752912,-108.049774,-0.84099936,1805.4978,0.06801584,1008.2394,0.20349224,-114.28444,-0.722072,2959.454,0.06259799,841.7326,0.3150727,-119.94625,-0.6427043,-18.609846,-0.31689447,32.413147,0.20761548,0.0474211,0.44868952,-0.02343475,-0.7166787,0.14859352,0.61030114,31.65391,0.18241422,7.8272147,1.0730761,-11.359336,-0.86193556,-14.369194,-0.9979715,-9.344305,21.367891,0.0072037117,0.002956045,0.029949954,2.6548672,3.181818,0.14714286,0.08154127,0.17333333,0.13731553,-32.1636,11,16-2,117,SPEAKER_01,1354.4,1383.666667,1354.4,1356.67971875,1,2.2796875,engaged
36.02875,0.059709754,35.046616,36.094032,37.329357,2.2827415,11.578972,1.84129,9.7222595,5.8020186,0.3060816,0.45752165,0.1999067,0.28356937,0.40218243,0.20227572,3.2929113,2.8926756,1.9168772,1.3169932,0.07378275,0.9665805,30.206429,0.3086344,7.94058,0.7620454,-6.2746797,-1.5957538,-19.939552,-0.89520234,0.009412908,1.122566,0.70200396,0.9767284,11.087304,0.23850726,-0.81521064,-8.859249,29.258917,0.17702977,785.15796,0.10385523,1291.2086,0.12193908,-58.975105,-1.4360948,1867.3655,0.07325484,1078.2998,0.23639406,-75.10202,-0.98061246,2984.27,0.042594038,684.3694,0.34179902,-78.1174,-0.9224754,-20.75877,-0.20039104,31.617414,0.17244323,0.039271552,0.41492888,-0.028926322,-0.3993847,0.08312594,0.9424981,32.933628,0.16124499,9.290915,0.56733525,-3.8053148,-2.6840198,-26.501877,-0.5172795,-11.272531,24.18315,0.017149584,-0.013339685,0.052312918,3.773585,1.5384616,0.465,0.5563497,0.13,0.108074054,-32.036278,11,16-2,117,SPEAKER_01,1354.4,1383.666667,1357.89471875,1360.5609687500005,1,2.66625,engaged
38.17383,0.104013026,36.52742,38.362133,41.213898,4.6864777,42.32469,22.72875,123.72961,136.41548,0.2337801,0.7395585,0.100791685,0.15578672,0.36756408,0.2667724,2.4836504,1.9832014,2.242265,1.2818877,0.06101619,1.0708605,21.802643,0.39348903,3.2661512,2.7155383,-7.765967,-0.9129833,-11.768542,-1.9247274,0.024783624,1.9734102,0.87264824,0.7901475,9.881996,0.3772429,9.683425,1.2066926,29.107086,0.7328087,776.42206,0.19365746,1310.92,0.14350179,-120.21543,-0.7712876,1845.4209,0.117898874,1083.6561,0.2121525,-122.47789,-0.6858398,2949.5752,0.0716622,779.3674,0.33663502,-124.3876,-0.6591934,-18.002884,-0.3309559,28.119818,0.2688536,0.043300055,0.5316161,-0.027372044,-0.76182854,0.10958261,0.6544531,27.32746,0.21099244,7.9321704,1.095085,-7.0117884,-1.2274866,-31.059929,-0.64724517,-6.889451,18.785583,0.0039320486,0.0075838477,0.022301387,1.9313306,1.9522775,0.22222221,0.16033146,0.26999998,0.2581989,-32.042946,11,16-2,117,SPEAKER_01,1354.4,1383.666667,1365.2015937500005,1369.87596875,1,4.674375,engaged
39.24401,0.028031897,38.739002,39.16785,39.852184,1.1131821,116.32389,139.38145,13.685902,8.937598,0.33095,0.58721465,0.14355198,0.26482123,0.52803147,0.3844795,2.8750298,2.8521264,2.039084,0.78903216,0.10853974,0.8013881,27.714066,0.2773642,6.896178,1.1486342,-3.5290587,-1.4632102,-14.807898,-1.1840994,0.00907331,1.3511815,0.6412773,0.78681546,12.47636,0.20795293,14.640053,0.27227274,32.917664,0.19751738,681.0859,0.22759564,1419.1499,0.14291166,-109.125404,-0.7917509,1749.2861,0.1178007,1115.2795,0.20719498,-105.86343,-0.746356,2855.8247,0.07706613,858.5711,0.28233728,-108.63015,-0.7062007,-23.13445,-0.19588391,33.485374,0.13073839,0.05133372,0.3802825,-0.03256805,-0.4161136,0.15881968,0.5300496,32.254017,0.10425483,11.037668,0.544291,-3.298725,-1.8438406,-24.683023,-0.63196373,-11.4332285,21.892345,0.014353848,-0.007001042,0.057167243,3.3333335,3.529412,0.14999999,0.10230672,0.11333333,0.044969123,-27.904459,11,16-2,117,SPEAKER_01,1354.4,1383.666667,1370.17971875,1371.0909687500002,1,0.91125,engaged
37.675713,0.03543049,36.315468,38.37091,38.73508,2.419613,25.979448,14.5921,17.753847,10.19706,0.33126336,0.40839297,0.20228362,0.34078562,0.43956974,0.23728612,3.9071877,2.0381234,2.8506444,1.4511654,0.13782021,0.67215604,29.225824,0.301543,8.407006,0.9485637,-4.1977262,-2.498618,-9.987794,-0.97146803,0.015022419,0.9368584,1.1742545,0.8105103,9.8385725,0.32050273,12.619119,0.9344125,33.35127,0.19208002,725.6246,0.27052474,1475.3868,0.15334786,-82.26646,-1.0136917,1721.5459,0.12653835,1304.4457,0.37098444,-84.35516,-0.8841404,2858.7983,0.09399605,1194.5438,0.620018,-90.59545,-0.77637076,-19.414383,-0.3325588,33.523323,0.1866576,0.05305357,0.39021182,-0.019678332,-0.5509459,0.167836,0.54352134,33.739716,0.15132718,7.7954397,1.0404497,-4.919564,-1.9542191,-12.09412,-0.76300806,-12.94224,22.970757,0.030588945,-0.008926297,0.09369481,4.166667,3.478261,0.1875,0.10133484,0.08,0.06519202,-30.284533,11,16-2,117,SPEAKER_01,1354.4,1383.666667,1373.7403437500002,1374.95534375,1,1.215,engaged
36.33685,0.05911207,35.343777,36.68013,37.296005,1.9522285,103.101654,159.6475,22.828869,15.86013,0.33358893,0.4704183,0.19609207,0.30221987,0.4544226,0.25833052,2.7579582,0.79193425,3.079402,1.8953904,0.12433866,0.82850784,28.930649,0.23569594,1.7204437,5.27221,-9.639707,-1.2521245,-1.9945376,-6.997203,0.018059459,0.9453143,1.0940629,0.4865917,8.186645,0.3379384,5.8776493,1.9831287,30.785143,0.2808062,777.50507,0.22087522,1367.8676,0.122177735,-85.232346,-1.0498403,1793.4343,0.12130327,1112.65,0.19247594,-88.62287,-0.92502695,2935.08,0.09155005,1018.3759,0.28495112,-95.60747,-0.8013436,-15.623943,-0.44289404,28.841927,0.22362024,0.04498702,0.4180822,-0.017792396,-0.73134446,0.16246146,0.6732089,31.344433,0.17437087,4.2895045,2.12704,-11.679093,-1.0903554,-8.441188,-1.4440669,-8.598029,19.558908,0.01720725,-0.003953716,0.06474793,4.597701,2.6239069,0.22999999,0.18732029,0.117,0.11584903,-31.255676,11,16-2,117,SPEAKER_01,1354.4,1383.666667,1376.20409375,1379.69721875,1,3.493125,engaged
36.171097,0.059173744,34.96987,36.10298,37.868404,2.8985329,33.128838,9.716388,5.509862,20.12148,0.32791343,0.42502588,0.21223158,0.2928003,0.4100179,0.19778633,2.5683131,0.81089854,1.9948791,0.75124365,0.12104399,0.67941916,29.787315,0.30907473,10.049477,0.85389704,-11.522831,-0.85569257,-5.1722054,-2.9290953,0.025678918,2.4305577,1.1152788,0.43438512,8.314305,0.26576376,6.1348877,2.0188177,34.749,0.26647747,732.8807,0.21489678,1440.3635,0.119926274,-64.306946,-1.2501158,1735.2344,0.120060906,1177.0481,0.17928629,-71.882286,-0.9861323,2923.1975,0.090976946,979.3968,0.3069671,-79.83399,-0.8305229,-18.186678,-0.3792911,33.58114,0.18106675,0.03644537,0.4303085,-0.019912712,-0.5868862,0.14965075,0.5369622,33.55277,0.18782222,11.085228,0.8193861,-10.933837,-0.96007156,-10.923345,-1.1322371,-9.001152,21.980057,-0.0027490384,2.6250727e-05,0.047927998,3.773585,3.2467532,0.218,0.1325745,0.056666665,0.044969123,-31.18074,11,16-2,117,SPEAKER_01,1354.4,1383.666667,1380.3384687500002,1381.94159375,1,1.603125,engaged
37.981544,0.036158074,36.54019,38.20809,39.30158,2.7613869,25.888094,24.02869,16.423065,6.3474817,0.3781031,0.43185395,0.23219997,0.3413962,0.51309144,0.28089148,4.4162765,2.0385273,1.4056304,1.5234709,0.16499296,0.8643627,25.912542,0.3676858,9.524849,1.0910189,-8.932432,-1.1224959,-1.8853766,-7.8227363,0.014394579,0.79156655,0.982574,0.5068611,9.419314,0.41454008,11.447211,0.94134724,31.848347,0.19238338,787.8128,0.18090391,1409.3054,0.14410122,-71.61269,-1.1173099,1837.1608,0.09040791,1160.8103,0.20925613,-78.03795,-0.9186531,2969.449,0.07865272,986.7881,0.2333289,-83.00626,-0.82671237,-19.22514,-0.4752907,32.697395,0.2670245,0.038708583,0.4514978,-0.018937225,-0.7404852,0.21590479,0.66761726,30.005556,0.18449055,11.203805,0.87352246,-6.157987,-1.6655558,-7.4833517,-1.7134584,-5.3513265,17.727264,0.0062331813,0.007696995,0.03995338,3.5714285,2.8301888,0.24666665,0.13274871,0.086666666,0.046427958,-24.558899,11,16-2,117,SPEAKER_01,1354.4,1383.666667,1382.53221875,1383.666667,1,1.1344375,engaged
34.168785,0.11947782,32.96705,35.8712,36.33017,3.363121,66.514,45.64751,-32.32337,52.43999,0.37145624,0.36941078,0.2663556,0.35196707,0.41894376,0.15258816,3.5419636,1.8326324,0.361924,1.192287,0.131532,0.3881219,29.454226,0.23652406,9.9467,0.9505197,-7.7122874,-1.2709653,-4.7676373,-2.26067,0.043968152,1.7268863,1.144875,0.50997376,7.362007,0.33803678,4.152089,2.8811102,31.299055,0.2185829,758.12823,0.23267531,1400.2031,0.12934129,-65.74534,-1.2604707,1789.5085,0.13237353,1196.558,0.21038333,-70.254814,-1.0701411,2893.236,0.08391274,1037.6792,0.29818195,-77.668274,-0.9088168,-16.601944,-0.40571374,32.610367,0.12242808,0.03920625,0.36391106,-0.015051384,-0.68541604,0.13673514,0.39147672,30.45101,0.21824244,11.600253,0.8963923,-9.803074,-1.094752,-5.3470583,-2.172446,-14.868913,29.94842,0.040111747,-0.009651052,0.12477972,3.960396,3.125,0.22333333,0.020548047,0.07666666,0.032998316,-31.302267,11,16-2,118,SPEAKER_01,1383.7,1387.566667,1383.7,1384.7259687500002,1,1.0259375,disengaged
36.49393,0.04146378,35.700356,36.183426,38.06011,2.3597527,43.32429,26.096514,9.69733,3.7517502,0.3643564,0.2948805,0.27077296,0.35751104,0.45508385,0.18431088,2.7766087,1.7958118,1.9828701,1.4111342,0.11965175,0.44315147,28.650686,0.3313612,10.109919,0.98276377,-8.254374,-1.5548121,-10.485475,-1.0060972,0.020669736,1.0737158,1.1377343,0.554467,8.614782,0.3637291,8.7765,0.9171557,33.801315,0.19203442,722.1939,0.2556747,1450.6436,0.11942152,-69.553215,-1.2202717,1769.0333,0.12549256,1253.0563,0.20921126,-70.66801,-1.016276,2893.2112,0.09002428,1041.5553,0.25995845,-76.71834,-0.8917268,-17.741117,-0.4211445,30.524973,0.21076879,0.050684758,0.33699268,-0.01937071,-0.6237306,0.12961587,0.38471735,31.845802,0.21963285,10.191558,0.95013845,-6.0160904,-1.92934,-13.339631,-0.6671816,-13.18506,23.51337,0.033844158,-0.011275617,0.08379734,5.8333335,2.5641026,0.28166667,0.15517911,0.103999995,0.061514225,-31.417492,11,16-2,118,SPEAKER_01,1383.7,1387.566667,1385.1478437500002,1387.566667,1,2.4188125,disengaged
35.32729,0.118692406,34.50167,35.08292,39.159378,4.657707,176.13158,87.65783,70.980896,53.580402,0.32053956,0.48168987,0.18368357,0.2807966,0.43938673,0.25570315,3.138078,1.8907019,2.3917105,1.8606511,0.116661415,0.9651167,25.785877,0.41008505,5.408672,1.8719923,-13.496357,-0.7497081,-9.3039465,-1.6742886,0.033309996,1.608839,1.2359755,0.60802424,7.5573854,0.46494713,5.761264,2.28688,33.06977,0.4400613,793.664,0.18037902,1342.7588,0.13083053,-101.91484,-0.9134539,1844.0981,0.106365524,1126.0553,0.18800378,-107.10399,-0.7849067,2982.5264,0.08110591,971.32654,0.30357933,-111.35697,-0.71961796,-18.926533,-0.31829128,31.172455,0.2143966,0.053881418,0.28461486,-0.02569405,-0.47654307,0.17005163,0.7079147,31.480106,0.2575908,9.983251,0.8917858,-12.281213,-0.87778294,-18.549717,-0.60202223,-7.752421,20.443106,0.017056325,-0.0018201682,0.05975043,3.0219781,2.7855153,0.181,0.12421353,0.17444444,0.18111451,-30.728704,11,16-2,119,SPEAKER_01,1387.6,1392.4,1387.6,1391.25659375,1,3.6565625,engaged
37.714493,0.011511744,37.42553,37.61282,37.991734,0.5662041,78.46406,102.54163,8.956117,14.178301,0.32451314,0.3246901,0.26364276,0.32800132,0.40410218,0.14045942,3.0910535,0.7080003,1.926356,0.5394022,0.14042553,0.62628514,32.487564,0.17098324,8.275257,1.0176218,-3.6600518,-2.394666,-8.448233,-1.036541,0.022004105,0.6717764,1.3617619,0.8590414,9.399895,0.24192867,9.452629,0.8044868,31.49797,0.15251258,860.03577,0.17646937,1298.6451,0.14330812,-68.6574,-1.0774673,1968.9758,0.10526662,1104.8083,0.16821149,-76.31414,-0.87430394,3103.405,0.073793046,1141.9646,0.25232655,-82.253265,-0.7704217,-20.457432,-0.2653461,33.784935,0.20465599,0.053297874,0.19864492,-0.022349427,-0.34424207,0.14974417,0.5920651,33.994183,0.15981415,10.982546,0.6513313,-2.7920692,-3.271102,-11.273146,-0.5179485,-13.584302,27.915886,0.034747325,-0.0063100117,0.08980922,5.263158,4.2253523,0.16666666,0.15839471,0.049999997,0.0,-30.764694,11,16-2,119,SPEAKER_01,1387.6,1392.4,1391.6278437500002,1392.4,1,0.7721875,engaged
33.888935,0.10915311,34.133633,34.775635,36.11842,1.984787,172.51271,141.21568,72.48233,59.37844,0.2659721,0.46291068,0.174317,0.2322148,0.40394107,0.22962406,2.535564,2.1636777,1.4184674,0.68261683,0.08548436,0.7328615,24.178535,0.50731933,6.165272,1.3452992,-13.282669,-0.7820364,-1.9258913,-6.6929865,0.050152622,1.6013623,1.4525555,0.58886355,5.4432616,0.5949682,3.4570503,2.7799084,32.946743,0.32922938,756.9498,0.19448502,1404.6996,0.1223774,-106.04229,-0.8898523,1793.3239,0.11081287,1154.0798,0.23104732,-107.47243,-0.8034364,2899.984,0.091265716,1113.8145,0.21984255,-112.36425,-0.72914547,-15.177313,-0.4339128,28.444143,0.23882297,0.05382123,0.37545323,-0.020502746,-0.42272094,0.12665267,0.47701317,32.054543,0.20516641,5.9988704,1.53161,-16.553246,-0.5920639,-11.006589,-0.85616034,-9.098004,18.984396,0.033588104,0.003525907,0.051223256,3.482587,3.0612247,0.15833333,0.117674224,0.14833333,0.08254628,-34.32766,11,16-2,120,SPEAKER_01,1392.433333,1513.566667,1392.433333,1394.46284375,1,2.0295,disengaged
36.258545,0.056050688,34.76755,36.23056,37.77241,3.00486,50.257526,15.185351,-28.77114,28.492884,0.3302894,0.42328247,0.21614176,0.3046252,0.4614732,0.24533144,2.7750795,1.4360342,2.0498223,0.8256573,0.108871,0.64447886,26.964727,0.4566124,8.800564,1.0292104,-10.452893,-1.1625699,-8.80385,-1.7354352,0.017667001,1.5393038,0.9628393,0.6075241,9.161133,0.3082364,5.98184,1.456719,34.086334,0.20382102,771.5216,0.20594385,1403.4424,0.1563721,-84.07707,-1.072057,1794.2346,0.12629366,1145.5111,0.25035417,-89.32806,-0.9029934,2947.0544,0.08671148,1016.643,0.34872153,-95.26581,-0.79940015,-18.426226,-0.36160567,30.697006,0.24500842,0.05586815,0.30049026,-0.023273319,-0.57142544,0.13408425,0.48678455,32.545773,0.25404227,9.020447,0.9662001,-11.165166,-1.0858396,-17.12358,-0.6482664,-10.825563,20.334799,0.02607824,-0.0059991297,0.0675539,3.267974,2.6578074,0.22874999,0.19738525,0.112222224,0.032241374,-31.732311,11,16-2,120,SPEAKER_01,1392.433333,1513.566667,1394.7328437500005,1397.8040937500002,1,3.07125,disengaged
37.118446,0.040825427,36.088676,37.03877,38.627495,2.5388184,85.9308,124.5563,10.186574,10.528105,0.30283728,0.5057191,0.1730126,0.25829887,0.4175505,0.2445379,3.6790693,2.3145812,2.4785724,0.85033053,0.12950827,0.74894714,29.235525,0.29408994,6.78126,1.2623194,-7.0629854,-1.8043319,-7.2782755,-1.8244617,0.019818047,0.95125085,1.2585706,0.61067784,8.39064,0.3852637,7.541334,1.3950016,30.668736,0.27896202,772.2208,0.21280505,1366.9149,0.15332803,-78.81979,-1.0860916,1789.0409,0.12603873,1118.4564,0.23252201,-83.142,-0.9367447,2921.635,0.09205368,996.29736,0.26683995,-89.55299,-0.8188213,-18.72344,-0.39117622,31.103008,0.24909045,0.050530516,0.3536596,-0.021507407,-0.5233468,0.1661623,0.58165807,32.11845,0.18594402,7.390505,1.2576004,-6.8285604,-2.055538,-12.844507,-0.81378967,-11.717284,22.756182,0.029644584,-0.0064600664,0.05909919,4.2345276,2.6490066,0.24499999,0.1566844,0.09888889,0.06805952,-29.903723,11,16-2,120,SPEAKER_01,1392.433333,1513.566667,1398.3778437500002,1401.4659687500002,1,3.088125,disengaged
36.700092,0.050581712,35.543484,36.77945,38.226048,2.6825638,65.18904,82.7543,26.110867,45.42652,0.3362562,0.425699,0.2085488,0.3181509,0.47994295,0.27139413,3.0866208,1.6616259,2.3481798,0.9655015,0.11715325,0.67589724,27.103622,0.33488896,6.9428177,1.3764826,-10.068961,-1.0838873,-6.867974,-1.7445505,0.020644426,1.9120773,1.2097632,0.6184328,8.900175,0.3217741,10.099044,1.0799724,32.050846,0.27354383,754.0229,0.24943238,1413.1227,0.17391488,-70.471924,-1.2090578,1767.6975,0.14023757,1215.7877,0.25691798,-74.246574,-1.0209001,2862.8508,0.09652285,1030.0385,0.28731006,-80.54969,-0.89194995,-16.7235,-0.44865957,30.111061,0.2388042,0.057578422,0.29208386,-0.015421481,-0.7690068,0.14133741,0.554703,30.224104,0.1789957,7.3766108,1.3884486,-9.895855,-1.195685,-10.711403,-0.9929812,-10.654562,21.690609,0.038271792,0.00052754785,0.06278076,4.50237,2.1582735,0.32333332,0.17281975,0.10699999,0.07403378,-30.696156,11,16-2,120,SPEAKER_01,1392.433333,1513.566667,1402.2928437500002,1406.5284687500002,1,4.235625,disengaged
0.0,0.0,0.0,0.0,0.0,0.0,0.0,0.0,0.0,0.0,0.14748093,0.30960628,0.10395631,0.14174938,0.17650834,0.072552025,0.0,0.0,-0.01569734,0.0,0.050400414,0.55407846,29.737942,0.1047636,3.4558835,1.4101409,-2.9444208,-0.93846685,-9.664853,-0.86766994,0.0,0.0,0.0,0.0,0.0,0.0,0.0,0.0,0.0,0.0,0.0,0.0,0.0,0.0,-201.0,0.0,0.0,0.0,0.0,0.0,-201.0,0.0,0.0,0.0,0.0,0.0,-201.0,0.0,0.0,0.0,0.0,0.0,0.0,0.0,0.0,0.0,0.0,0.0,0.0,0.0,0.0,0.0,0.0,0.0,0.0,0.0,-27.469028,36.151108,0.04757173,-0.040909126,0.0,0.0,0.0,0.0,0.0,0.0,0.0,-41.447216,11,16-2,120,SPEAKER_01,1392.433333,1513.566667,1406.88284375,1406.98409375,1,0.10125,disengaged
39.58299,0.09797343,37.96308,38.9165,42.84745,4.884369,1073.3586,830.33624,34.096497,17.715284,0.39167002,0.23051958,0.30165693,0.3644372,0.49766132,0.19600439,2.429052,1.6788604,1.2478819,0.38900092,0.11336432,0.46162987,30.394821,0.19887868,7.041644,1.1220036,-13.337689,-0.5976423,-24.095661,-0.40569654,0.051230237,1.0940567,1.4188831,0.43846107,5.2538033,0.5045246,3.8669138,2.1417642,30.980196,0.23026532,673.31506,0.27005658,1407.8268,0.11288905,-38.80021,-1.6382442,1720.4048,0.19582462,1166.07,0.22983868,-41.779007,-1.1584316,2861.1975,0.094632514,982.6739,0.266621,-50.94644,-0.8799972,-13.807913,-0.2927959,28.04023,0.22136016,0.049766406,0.45206824,-0.02967816,-0.21278563,0.1155287,0.42069298,30.975124,0.19693898,8.41164,0.7302703,-14.571283,-0.5247756,-25.870094,-0.33848086,-13.821999,29.86266,0.053204853,-0.027645603,0.15125696,4.9382715,4.0,0.21666665,0.1426729,0.024999999,0.005,-31.513857,11,16-2,120,SPEAKER_01,1392.433333,1513.566667,1407.67596875,1408.5028437500002,1,0.826875,disengaged
36.392384,0.05977614,34.69373,35.762886,39.344357,4.650627,21.410175,14.977157,16.98295,9.185676,0.37335065,0.4295119,0.22647573,0.33565256,0.5078258,0.28135008,3.9266362,1.8592552,3.2436726,1.8793033,0.14449827,0.74560976,27.581173,0.39670894,6.8696156,1.841614,-10.521966,-1.2622585,-12.104545,-1.0636153,0.014182769,1.0340155,1.1076598,0.6360961,9.042571,0.4287017,5.5132356,1.4391603,30.104399,0.31413713,790.79944,0.2091699,1354.1932,0.13816509,-75.55906,-1.1560588,1855.6798,0.12610042,1166.0409,0.24542764,-83.26305,-0.93848777,2954.994,0.08863008,1029.8839,0.33588699,-87.777176,-0.84953386,-17.978888,-0.586434,30.958984,0.29085484,0.04362747,0.39957887,-0.01782733,-0.6948397,0.17945567,0.6107881,32.22771,0.20753998,8.789194,1.4739203,-7.646295,-1.8501033,-16.427,-0.7011946,-7.197703,20.103968,0.026153296,-0.005995177,0.076570615,4.105572,2.3809524,0.275,0.21160105,0.11,0.0663325,-27.00377,11,16-2,120,SPEAKER_01,1392.433333,1513.566667,1408.94159375,1412.36721875,1,3.425625,disengaged
36.438988,0.06711277,34.30735,35.82846,38.959415,4.6520653,101.68455,78.06682,12.626883,13.196562,0.37423867,0.39757484,0.24308147,0.3441068,0.48281583,0.23973437,3.3963299,1.2565876,2.0277746,0.58309084,0.14195748,0.7020963,29.61518,0.17145395,3.7570612,2.2736964,-10.664123,-0.82140046,-16.211636,-0.6705289,0.016219541,0.9483114,1.1169399,0.65071154,8.531752,0.39639124,7.855529,0.9879543,33.993477,0.19495213,770.00555,0.19962503,1402.3915,0.13111755,-87.37492,-0.9942602,1787.4133,0.12357787,1290.5669,0.3326815,-89.33008,-0.8718188,2892.9387,0.08604688,1014.0632,0.23708577,-94.2501,-0.791095,-17.842627,-0.33088532,31.755598,0.20446047,0.053938825,0.34085247,-0.026122276,-0.39172867,0.17917135,0.5939863,32.252716,0.080552824,6.878127,1.2092354,-11.425996,-0.8350873,-19.218252,-0.54772294,-11.65557,22.811285,0.03656338,-0.01546359,0.089863256,4.0,4.1379313,0.14333333,0.10027739,0.074999996,0.039475728,-29.765776,11,16-2,120,SPEAKER_01,1392.433333,1513.566667,1415.42159375,1416.9403437500002,1,1.51875,disengaged
42.720932,0.019295327,42.045223,42.623207,43.60873,1.5635071,0.074692726,0.0,0.0,0.0,0.23149441,0.110000476,0.2217449,0.22593158,0.24552198,0.023777083,1.0451771,0.7771691,-0.0065638223,0.6735412,0.037531074,0.47351333,30.3368,0.18659541,5.1719475,0.78394186,-6.5072474,-0.91451824,-15.448293,-0.35288402,0.013871426,0.48163253,0.6210953,0.44013995,13.3617735,0.18195882,15.10671,0.38756132,32.53131,0.11113506,857.1052,0.04220959,1150.1287,0.06543307,-29.614344,-1.1969532,1866.5011,0.023040129,868.7102,0.14769717,-42.15092,-0.7748597,3083.0803,0.017340187,632.7565,0.16218407,-51.815216,-0.5890797,-21.114126,-0.25642902,34.756718,0.13440064,0.024399092,0.43040836,-0.016556129,-0.24930243,0.03676676,0.5093044,30.88569,0.16312778,6.187233,0.57823455,-6.486214,-0.8639976,-17.011694,-0.20899431,-8.271719,18.720322,0.025416583,-0.027076654,0.07790041,6.818182,2.631579,0.35,0.0,0.0,0.0,-36.452587,11,16-2,120,SPEAKER_01,1392.433333,1513.566667,1417.0922187500005,1417.54784375,1,0.455625,disengaged
36.149025,0.055554632,34.931034,35.824684,36.771595,1.8405609,341.35928,432.33344,19.531122,1.1893069,0.358255,0.43059084,0.21902737,0.3164796,0.48091888,0.2618915,2.506554,1.5034176,2.3580585,1.3626018,0.12598014,0.7209638,29.097776,0.24003235,-0.4131435,-27.330933,-14.934291,-0.73755634,-6.470127,-1.7535161,0.01832393,0.81496865,1.1982688,0.5159875,6.9078145,0.4164163,3.3131258,2.369699,27.243744,0.38885045,800.01526,0.22979592,1344.1947,0.16277969,-79.09372,-1.1320434,1841.9948,0.14364389,1067.0532,0.16242886,-81.15703,-1.0079106,2945.3867,0.09016687,1086.6968,0.3204849,-88.71571,-0.86091506,-12.66941,-0.6150253,25.873434,0.3122354,0.04303084,0.387138,-0.01379763,-0.78829676,0.14818099,0.6257458,30.802982,0.21642359,0.51210696,25.032291,-14.314357,-0.8169933,-7.5418644,-1.657601,-10.207717,23.715235,0.028826952,-0.008585302,0.08981577,4.0697675,2.994012,0.21,0.14764823,0.099999994,0.05585696,-32.02704,11,16-2,120,SPEAKER_01,1392.433333,1513.566667,1420.06221875,1421.80034375,1,1.738125,disengaged
36.055466,0.08200755,34.51812,36.691353,38.6829,4.1647797,298.96637,3.9911041,13.9674635,21.64682,0.37082505,0.43491903,0.24126267,0.3109915,0.51646596,0.2752033,2.8536117,0.8081051,1.2880195,1.5102966,0.15354128,0.58441037,31.844606,0.17685272,2.4128923,3.9294927,-13.376662,-0.78263974,-16.807991,-0.6363861,0.036853887,2.1058202,1.2943782,0.5199323,7.9917393,0.37062305,7.7367835,0.83867687,33.222034,0.2461457,823.3542,0.17592123,1282.9943,0.1414458,-62.99746,-1.2869505,1942.8428,0.120803095,1160.9429,0.31374258,-69.80498,-1.0237012,3007.011,0.08169578,1046.4218,0.20504825,-76.59725,-0.8830324,-17.400177,-0.40489262,30.843756,0.2186796,0.05915114,0.3038929,-0.025104905,-0.46513587,0.185671,0.4661921,32.92428,0.16509661,4.36365,2.2731152,-13.4533205,-0.84212494,-19.344994,-0.4884191,-11.330302,23.449316,0.03633906,-0.016281113,0.08073859,4.424779,3.7037039,0.19,0.06595453,0.045999996,0.035552777,-30.172163,11,16-2,120,SPEAKER_01,1392.433333,1513.566667,1422.2897187500002,1423.43721875,1,1.1475,disengaged
36.077198,0.015325543,35.594955,36.411404,36.458664,0.8637085,0.0,0.0,-0.1507225,0.0,0.26838273,0.21772522,0.22268504,0.25434443,0.31900644,0.096321404,2.6691048,2.5119665,1.851208,0.86853987,0.08271076,0.38611892,27.526886,0.31386817,9.341612,0.72858703,-7.11807,-0.47652256,-14.0919695,-0.56516105,0.025303258,0.5012613,1.9941846,0.46185857,6.220384,0.3194884,-1.8941404,-1.1305964,30.872192,0.17268787,809.1418,0.046463057,1259.6672,0.04785583,-51.32994,-1.3936456,1882.892,0.038512196,1070.85,0.11509132,-66.488914,-0.9555441,2977.3306,0.02902749,1013.0613,0.29853052,-73.353165,-0.8190676,-16.984253,-0.26660395,31.206488,0.17005086,0.041120388,0.3254657,-0.026283342,-0.49560338,0.10620012,0.22316916,33.39208,0.13462055,5.8854523,0.96465683,-9.33132,-0.28465977,-14.636637,-0.551213,-16.047121,26.859884,0.009738686,-0.021542778,0.08454752,10.526316,7.142857,0.099999994,0.0,0.02,0.0,-36.65588,11,16-2,120,SPEAKER_01,1392.433333,1513.566667,1423.8422187500005,1424.04471875,1,0.2025,disengaged
35.367054,0.08518575,34.070293,35.58252,38.68991,4.6196175,85.52285,58.695133,47.864704,33.504906,0.37866837,0.3680828,0.23176005,0.38877317,0.4992326,0.26747254,2.7676003,1.034373,3.366206,1.5002468,0.14346737,0.5540782,28.648993,0.3376167,0.8065075,9.986078,-15.29309,-0.67733,-15.123327,-0.8217637,0.030065872,2.443827,1.2396595,0.43743634,6.962262,0.47529933,8.094318,1.1983602,32.84193,0.26425833,788.11804,0.17533062,1349.8744,0.14433223,-65.423195,-1.3471892,1864.8477,0.1157463,1026.1299,0.18343073,-71.84824,-1.0949935,2984.3042,0.08516778,1048.9198,0.2661046,-78.56139,-0.9481308,-15.929427,-0.4081901,28.391733,0.23072831,0.06452179,0.1906818,-0.028112411,-0.3808024,0.17996123,0.36913535,33.070515,0.13273159,1.6130376,5.5363936,-15.140715,-0.75061655,-19.971184,-0.46646014,-7.8071613,20.15975,0.03723789,-0.009128347,0.07250762,4.402516,3.2467532,0.206,0.10442221,0.078,0.081829086,-31.053516,11,16-2,120,SPEAKER_01,1392.433333,1513.566667,1426.44096875,1428.0440937500002,1,1.603125,disengaged
37.05916,0.012619232,36.59492,37.090923,37.404312,0.809391,3.440966,0.0,2.2542918,0.0,0.511124,0.30999172,0.47775984,0.56577206,0.6144577,0.13669789,1.5353917,1.6084902,1.1978266,0.6992505,0.08042647,0.6526824,24.026651,0.17200483,1.0074221,5.6158195,-24.159254,-0.5890442,-31.58572,-0.5720887,0.006094168,1.6150136,0.4595726,0.59324086,11.859648,0.1862461,-6.6519623,-0.32259172,28.954279,0.21102218,707.29553,0.2152643,1394.1691,0.112021975,-20.224419,-3.5416496,1630.9144,0.09933664,1004.8563,0.114519395,-30.38948,-2.0415082,2969.8315,0.044510536,747.56537,0.30361345,-47.983284,-1.1610715,-12.325509,-0.18211421,25.494392,0.11001435,0.062270295,0.15523806,-0.0150069855,-0.37177593,0.07025029,0.4439344,23.924421,0.1759963,-0.35498697,-8.461735,-29.75736,-0.14793365,-38.91231,-0.09770416,-20.286919,31.81747,-0.050586157,0.00079164,0.1658751,3.7037036,0.7692308,1.13,0.0,0.13,0.0,-29.986506,11,16-2,120,SPEAKER_01,1392.433333,1513.566667,1428.38159375,1429.7484687500005,1,1.366875,disengaged
37.60137,0.053022385,36.44839,37.3649,39.244408,2.7960167,318.43323,352.95032,16.088654,23.149788,0.22905296,0.681594,0.105304465,0.17605858,0.3244846,0.21918012,4.135723,4.935339,2.6969702,5.1515985,0.050663605,1.066918,21.482473,0.33001697,6.292988,1.6497227,-7.0290995,-0.8073929,-14.602737,-1.296183,0.015783714,1.2747157,0.83136845,0.8661868,10.100669,0.27886805,2.7747717,2.3271112,28.183208,0.22847396,771.0019,0.16255729,1347.6499,0.12668969,-116.59277,-0.8000916,1784.9097,0.11226739,1230.7034,0.25005934,-122.72645,-0.6800492,2904.2966,0.06971174,781.51306,0.34493616,-124.573586,-0.6555882,-16.14888,-0.28888226,24.121643,0.29607633,0.03459979,0.5201434,-0.024598695,-0.4522751,0.06490195,0.8411988,23.858711,0.2742093,14.862333,0.4889073,-7.5404344,-0.72345984,-30.277102,-0.4501665,-8.428268,20.336555,0.0009005413,0.00076929154,0.038455028,1.8888888,1.7897092,0.24249999,0.20855156,0.29625,0.22538508,-36.919174,11,16-2,120,SPEAKER_01,1392.433333,1513.566667,1430.47409375,1439.48534375,1,9.01125,disengaged
35.961193,0.075823806,34.862846,36.111,38.291836,3.4289894,516.01886,423.13065,7.2759743,5.277402,0.17281875,0.5582529,0.09785096,0.14271504,0.23044324,0.13259228,2.546415,3.4471488,2.282592,3.199011,0.04146377,1.133925,26.392923,0.27450907,6.3843126,1.2903546,-6.415193,-1.0209279,-4.9673734,-2.4027812,0.014801783,1.2452599,0.8606754,0.831888,9.985853,0.29426524,2.5963418,1.8698143,31.2675,0.1797686,785.317,0.16852817,1331.8236,0.11891513,-119.204575,-0.75899154,1812.3032,0.120718494,1153.3237,0.20225489,-125.23593,-0.6547383,2944.8877,0.07269642,871.3657,0.40352836,-128.3336,-0.6124095,-17.89173,-0.24119636,31.339064,0.1796164,0.023524828,0.7185746,-0.021103155,-0.46829778,0.052022915,0.9273834,31.549347,0.16261974,12.663719,0.49808773,-5.181603,-1.4158458,-15.625934,-0.5483067,-9.772904,22.464628,-0.0028263738,-0.0034793292,0.033990256,2.669903,1.980198,0.21374999,0.13490158,0.24,0.18372685,-38.82559,11,16-2,120,SPEAKER_01,1392.433333,1513.566667,1440.1097187500002,1444.24409375,1,4.134375,disengaged
38.463272,0.019116536,37.99546,38.519253,38.817276,0.8218155,4.5189795,8.447685,16.470865,0.0,0.31930134,0.38772964,0.19812971,0.32842425,0.4316908,0.2335611,4.091073,2.5158927,1.9854778,1.0083907,0.13433981,0.50653386,30.979786,0.19827093,10.069934,0.51035804,-3.1391702,-2.7770214,-14.426356,-0.7951353,0.017912475,0.79381084,1.4183353,0.6631541,10.717923,0.19146919,9.32649,0.8664465,33.06607,0.10850836,766.3844,0.19183283,1272.3177,0.123192616,-59.327877,-1.2265631,1863.5455,0.08292943,921.8757,0.23323685,-67.70908,-0.9219156,2972.878,0.06469116,848.86646,0.2798946,-74.22674,-0.8012505,-20.11956,-0.2546227,31.529432,0.21639825,0.039096043,0.55960876,-0.027531713,-0.52930593,0.1352585,0.49009377,30.519535,0.19656734,10.591943,0.43887988,-0.5628634,-15.465039,-14.417748,-0.75344455,-17.991423,30.118504,0.02647688,-0.026898682,0.11704814,4.2253523,4.6153846,0.16,0.070710674,0.089999996,0.0,-30.956987,11,16-2,120,SPEAKER_01,1392.433333,1513.566667,1445.0540937500002,1445.7797187500005,1,0.725625,disengaged
37.39115,0.019428456,37.049973,37.59256,37.9978,0.9478264,29.050833,16.315313,18.356068,9.0799055,0.20180084,0.30593872,0.14928427,0.1853402,0.25609398,0.106809705,2.8794105,0.67385995,0.79532653,0.6837216,0.074050754,0.45876125,30.792309,0.21625228,9.491148,0.8408934,1.617561,3.9366436,-2.1534483,-4.6554456,0.021103518,0.61393076,1.5822041,0.44917777,8.474829,0.19096713,18.102047,0.5580828,33.359592,0.21962482,675.8781,0.1951281,1402.909,0.13132118,-68.85476,-1.1058694,1750.3265,0.0961785,1107.231,0.15480824,-73.02171,-0.9115155,2878.0615,0.08409565,998.5507,0.28344345,-79.20975,-0.7984062,-21.497044,-0.21655852,31.879122,0.1935695,0.035537682,0.5334543,-0.018583218,-0.6775762,0.086016566,0.3757444,33.040066,0.15951896,12.300924,0.44266638,1.4303589,3.8892808,-4.573052,-2.1273522,-14.287132,26.96661,0.028172383,-0.005952918,0.052915547,5.681818,4.8192773,0.145,0.047169905,0.0425,0.03897114,-36.877487,11,16-2,120,SPEAKER_01,1392.433333,1513.566667,1445.8640937500002,1446.7584687500002,1,0.894375,disengaged
36.52233,0.10128772,34.245422,37.366768,39.56539,5.319969,111.59023,148.02708,79.45109,72.09489,0.39168876,0.44902614,0.22173703,0.3760078,0.5179924,0.29625535,3.463198,2.817093,3.5306053,1.0374097,0.14525603,0.63878113,29.152216,0.26797056,6.5693936,1.4649282,-7.5576253,-1.2088888,-16.101,-0.74964887,0.025986051,1.6970353,1.0625865,0.61647934,8.512734,0.43167824,8.797731,1.0388411,32.49066,0.30716008,776.6012,0.21096568,1392.8513,0.17321472,-51.415302,-1.447187,1848.3815,0.14460218,1161.9226,0.26625457,-60.30563,-1.091047,2897.4763,0.09941228,1111.7762,0.36196312,-66.00742,-0.9544637,-18.522537,-0.3542919,29.715414,0.22635682,0.04863119,0.47030538,-0.025137056,-0.54532707,0.1684604,0.54134184,31.030361,0.18886724,7.3705006,1.3709596,-8.275325,-1.1836652,-18.088736,-0.65072274,-11.484469,21.768427,0.021811834,-0.012547774,0.07290812,5.050505,3.125,0.24499999,0.22581334,0.064,0.03382307,-28.08319,11,16-2,120,SPEAKER_01,1392.433333,1513.566667,1448.1422187500002,1450.1334687500002,1,1.99125,disengaged
38.05435,0.034114424,36.959038,38.20388,39.03181,2.072773,16.787739,14.896835,22.235,12.863044,0.44595182,0.5106523,0.16990504,0.4704198,0.685756,0.515851,5.6199913,3.578424,4.3507185,2.9381206,0.113053836,0.7316014,22.752405,0.2489068,1.5597727,4.6715746,-14.0550585,-0.7813182,-20.902016,-0.72383964,0.015405379,1.481857,0.7552345,0.7801392,9.212423,0.41659117,-2.1919599,-1.9534135,25.304934,0.3492468,748.46094,0.19538403,1323.8351,0.1213047,-50.835056,-1.6443677,1749.8252,0.1270562,1067.6416,0.20984584,-56.35321,-1.2911048,2849.3997,0.0842039,785.9767,0.21550521,-64.32391,-1.0679574,-11.036571,-0.51768553,21.96469,0.28927836,0.032200698,0.56433904,-0.023901954,-0.509232,0.121885814,0.6282211,23.32411,0.25911763,1.7901065,4.2683783,-17.011011,-0.5430895,-27.297081,-0.3597683,-11.036295,22.632053,-0.0034507448,-0.0052458276,0.08127605,4.379562,3.0303032,0.24499999,0.12737739,0.07666666,0.07318167,-31.50793,11,16-2,120,SPEAKER_01,1392.433333,1513.566667,1450.2684687500002,1451.6522187500002,1,1.38375,disengaged
36.16916,0.07143917,33.635452,36.084198,38.67168,5.036228,39.597286,33.636017,25.092438,8.865212,0.2523299,0.5817559,0.11873658,0.21094652,0.38575178,0.26701522,4.4136987,1.7707119,2.402204,1.1839907,0.07376553,0.97150815,24.51824,0.4132406,6.758551,1.3836359,-9.977834,-0.89739424,-12.611945,-1.2124183,0.014252686,0.90839374,1.144148,0.7346492,8.884981,0.36065087,-1.0256667,-7.499652,29.049452,0.2731821,694.7717,0.19314408,1399.3762,0.1327763,-96.39108,-0.9739038,1719.803,0.13231947,1174.3523,0.32846197,-101.425186,-0.83934927,2874.1836,0.07357413,913.979,0.40147278,-107.539024,-0.7402299,-16.605951,-0.30730388,28.253931,0.2581892,0.0383368,0.50077224,-0.028103676,-0.3803801,0.10544618,0.74644065,29.513287,0.19687913,5.7479324,1.8436275,-13.183948,-0.7445928,-21.831652,-0.5842848,-10.540507,21.518066,0.007778451,-0.003898969,0.036771167,3.8834953,3.3222592,0.156,0.11074294,0.13777778,0.09258963,-34.79496,11,16-2,120,SPEAKER_01,1392.433333,1513.566667,1453.6434687500002,1456.7484687500005,1,3.105,disengaged
0.0,0.0,0.0,0.0,0.0,0.0,0.0,0.0,0.0,0.0,0.10140715,0.13774888,0.090602785,0.09704521,0.11531479,0.024712004,0.46828863,0.0,0.19352534,0.7020585,0.017059814,0.23524727,23.150692,0.035455246,-4.7692943,-0.34785306,-4.380938,-0.36080915,14.819925,0.1688051,0.0,0.0,0.0,0.0,0.0,0.0,0.0,0.0,0.0,0.0,0.0,0.0,0.0,0.0,-201.0,0.0,0.0,0.0,0.0,0.0,-201.0,0.0,0.0,0.0,0.0,0.0,-201.0,0.0,0.0,0.0,0.0,0.0,0.0,0.0,0.0,0.0,0.0,0.0,0.0,0.0,0.0,0.0,0.0,0.0,0.0,0.0,-6.1370525,18.659302,-0.014875621,0.014991457,0.0194627,10.000001,0.0,0.0,0.0,0.04,0.0,-53.563908,11,16-2,120,SPEAKER_01,1392.433333,1513.566667,1465.4222187500002,1465.54034375,1,0.118125,disengaged
38.692368,0.06537705,35.915794,38.952065,41.45465,5.5388565,24.258379,1.529499,1.4674349,5.9659147,0.23481138,0.4155038,0.147045,0.22457118,0.295239,0.148194,1.3995941,0.73021173,1.6033483,0.60193807,0.081981055,0.7223342,29.783554,0.23432653,9.2221365,0.63715523,-7.7682066,-1.2330126,-17.145983,-0.5902133,0.026829094,0.95626825,1.1053072,0.5014751,9.139828,0.34535885,4.401047,1.6737974,28.989548,0.24728024,783.5062,0.23732737,1339.9337,0.17918453,-109.22344,-0.79616994,1827.1091,0.1357534,1124.4921,0.16925322,-105.77808,-0.7375802,2942.1448,0.08433587,1008.6601,0.47551334,-109.178474,-0.689661,-18.756186,-0.28326842,33.74978,0.13277255,0.039914917,0.41054776,-0.022479353,-0.29776296,0.09892587,0.5808437,33.709915,0.13357796,8.075878,0.60010535,-4.50747,-2.284866,-19.282541,-0.53165084,-13.162307,27.788048,0.03037705,-0.016257396,0.068721354,2.970297,3.125,0.16333334,0.11025223,0.095,0.05315073,-34.436844,11,16-2,120,SPEAKER_01,1392.433333,1513.566667,1465.8272187500002,1466.8565937500002,1,1.029375,disengaged
35.404953,0.037318654,34.500454,35.044655,36.045025,1.5445709,28.715612,17.19098,10.266544,8.575062,0.24414872,0.45209643,0.13165517,0.22020668,0.3410977,0.20944254,3.7674549,2.329366,1.1460251,0.57806206,0.07937288,0.6333223,32.607204,0.30105227,11.831744,0.741218,0.56842303,17.1312,-7.8982944,-1.2698869,0.012248583,1.0165097,1.0184609,0.7903451,10.032344,0.2772059,4.374025,1.9082804,36.213123,0.13763298,758.9772,0.16826531,1438.5391,0.161965,-90.63506,-0.95285267,1840.1472,0.107875004,1192.4259,0.22059827,-101.41221,-0.76071316,2952.4438,0.06137036,1054.0504,0.3281164,-106.49798,-0.68665147,-22.74201,-0.28979144,35.48104,0.21184498,0.033890966,0.5253225,-0.025199683,-0.37411186,0.10042775,0.47026643,37.362,0.18798096,15.140821,0.5357188,2.8393478,3.5397139,-11.994351,-0.66690385,-13.6846285,25.17673,0.014253814,-0.0076543456,0.05247462,4.945055,2.824859,0.202,0.054552726,0.10833333,0.06817054,-32.092033,11,16-2,120,SPEAKER_01,1392.433333,1513.566667,1467.1097187500002,1468.9490937500002,1,1.839375,disengaged
36.70361,0.042326316,35.257935,36.782883,38.303387,3.045452,138.94916,142.949,7.3624983,7.0812645,0.32420906,0.3687055,0.2213888,0.31752735,0.40288216,0.18149336,3.1965077,2.7058918,2.0468152,0.61966664,0.1345681,0.6327814,28.188133,0.2958814,6.206428,1.7006031,-7.0218215,-1.2540083,-10.498414,-1.1300744,0.015483804,0.7188098,1.275741,0.6611229,8.059178,0.50532126,10.685038,0.8965508,33.4184,0.14180261,829.10547,0.15847142,1368.9246,0.15440634,-97.85394,-0.9095466,1860.4819,0.10269473,1185.597,0.2564965,-101.15556,-0.77261096,3001.5386,0.06616406,950.94824,0.18894365,-104.189064,-0.725407,-19.88087,-0.34923127,33.036552,0.21213876,0.053963058,0.33449274,-0.017910091,-0.8110751,0.17145835,0.477057,31.76396,0.18467109,10.467673,0.98576176,-6.4407353,-1.5604371,-15.880738,-0.6727006,-10.441625,18.805485,0.0350557,-0.006378985,0.090825334,3.896104,3.3557048,0.166,0.07889233,0.09166667,0.0548989,-30.58979,11,16-2,120,SPEAKER_01,1392.433333,1513.566667,1470.18096875,1471.7334687500002,1,1.5525,disengaged
37.36234,0.037925664,35.822296,37.516953,38.875237,3.0529404,20.309973,6.2423496,16.93549,6.9804797,0.37399548,0.598945,0.14433767,0.32989252,0.6263575,0.48201984,5.4497566,1.1706071,1.1209735,2.167949,0.13532655,0.83593374,27.676348,0.16393158,11.33485,0.56672704,-3.8609395,-2.117681,-19.536802,-0.8358372,0.016371954,1.0479499,1.2165028,0.944491,10.180942,0.33776918,6.4009795,1.8591298,35.947727,0.1369665,695.9104,0.15631306,1342.537,0.12815382,-58.491634,-1.4941173,1840.3379,0.08105998,1055.0343,0.2044735,-72.74013,-0.9903041,2963.052,0.056342546,918.32336,0.20985521,-76.118904,-0.92283964,-22.83098,-0.18748778,32.140064,0.16068222,0.059124596,0.3630074,-0.03625222,-0.2776388,0.18636139,0.58391255,29.815382,0.12218621,11.516133,0.6539243,-4.583056,-1.9317489,-28.06055,-0.39968568,-13.801893,23.886234,0.0004898698,-0.006169444,0.032063495,4.2253523,3.0769231,0.22999999,0.16,0.074999996,0.005,-27.292149,11,16-2,120,SPEAKER_01,1392.433333,1513.566667,1471.95284375,1472.67846875,1,0.725625,disengaged
36.28797,0.06907369,35.46529,36.405727,37.7695,2.3042107,100.4725,98.925964,84.43956,96.5227,0.39749894,0.41141313,0.24854892,0.37971944,0.53729445,0.28874552,2.9290154,1.1818064,2.467145,0.8456379,0.143572,0.5945921,28.920671,0.22757827,6.7700853,1.4206071,-10.619403,-1.0734742,-13.869176,-0.9245723,0.021987874,1.6830125,1.0303622,0.606046,8.838927,0.35417154,9.319893,1.2000709,34.930717,0.19844769,784.6448,0.23488195,1377.8386,0.1957921,-56.31357,-1.4404824,1844.7222,0.126961,1206.8656,0.2771356,-64.21265,-1.0789257,2975.201,0.08812173,1007.4607,0.297095,-70.159966,-0.94073534,-16.689602,-0.4645906,31.16054,0.19443813,0.058195755,0.27545303,-0.018557277,-0.7306405,0.15719727,0.49302262,30.595509,0.1684542,6.7251067,1.486411,-11.850207,-1.005467,-17.093277,-0.67734855,-13.662721,22.539206,0.032476496,-0.011110228,0.110027626,4.8148146,2.6415095,0.28285715,0.20693092,0.07285714,0.029623486,-29.809147,11,16-2,120,SPEAKER_01,1392.433333,1513.566667,1474.80471875,1477.5215937500002,1,2.716875,disengaged
35.942596,0.051141325,35.99029,36.383736,36.647366,0.657074,383.0735,0.0,1.5350542,9.643908,0.20563567,0.23256458,0.17265593,0.22654954,0.24244088,0.069784954,0.42063472,0.13814333,0.4987898,0.31236067,0.033548016,0.5636482,28.662766,0.21313739,8.536872,0.61675966,4.157,1.7463819,-7.5935807,-1.4599589,0.025831373,1.5072563,0.6839768,0.6252909,10.27474,0.27928647,6.4350386,0.52562153,27.071182,0.27622238,804.20935,0.19527204,1398.6506,0.11806744,-43.853817,-1.5126088,1867.6847,0.08681407,1123.0841,0.15723473,-56.320583,-1.0481352,2937.8896,0.03882298,864.99866,0.30794463,-59.075798,-0.98406214,-19.855864,-0.14140451,31.089987,0.117774025,0.03082562,0.55814904,-0.013437137,-0.7024957,0.032627583,0.5032598,29.782455,0.19784677,10.600262,0.26385006,5.881859,1.0611178,-11.360741,-0.65069276,-11.121094,25.591053,-0.011349292,0.0025770627,0.04637834,2.542373,0.88495576,0.95,0.0,0.074999996,0.024999999,-38.99966,11,16-2,120,SPEAKER_01,1392.433333,1513.566667,1480.4578437500002,1481.65596875,1,1.198125,disengaged
40.373184,0.03130162,39.256023,40.643623,41.36302,2.1069984,13.534916,20.879986,12.304002,0.0,0.36702642,0.6986735,0.17221588,0.25885573,0.628641,0.45642513,3.4266903,2.6332464,4.25948,0.37072575,0.15593052,1.1796252,22.35998,0.5043911,4.778491,1.769877,-6.4574814,-1.3046727,-15.535649,-1.432234,0.023132196,1.150106,1.2812129,0.90247226,11.147719,0.27600667,14.150978,0.48258498,31.224077,0.20511508,777.14606,0.132923,1360.5494,0.17508197,-116.16975,-0.78453684,1925.9426,0.090690725,1107.3232,0.34222677,-118.26656,-0.70388895,2898.1792,0.058275387,840.0292,0.4406431,-119.399185,-0.68654835,-19.910515,-0.25503844,26.810566,0.22114404,0.041971434,0.40133357,-0.03907539,-0.31483406,0.23089954,0.7777067,26.949863,0.20161767,5.442326,0.96052945,-5.298641,-1.8581773,-33.418945,-0.54716784,-9.220812,20.994823,0.009909987,-0.006742608,0.105499454,2.3529413,2.5000002,0.17999999,0.06,0.13,0.008164966,-26.953226,11,16-2,120,SPEAKER_01,1392.433333,1513.566667,1482.11159375,1482.97221875,1,0.860625,disengaged
33.89394,0.1725132,29.818722,30.80014,41.978745,12.160023,-65.01603,0.0,380.53818,0.0,0.30988342,0.5912666,0.13535665,0.25523216,0.48259327,0.34723663,4.032383,0.0,-1.1810102,1.9816042,0.15101303,0.987158,25.480618,0.22733393,-1.7037266,-3.5507905,5.8942585,1.0521069,-2.143785,-4.9827495,0.1085251,0.4339539,2.385613,0.25473,5.286544,0.20248728,14.382514,0.2874269,32.572533,0.12282228,1024.7379,0.06401161,1330.7999,0.100382596,-163.37675,-0.42067257,2152.5427,0.056525804,1053.6134,0.19261862,-164.51399,-0.40600994,3164.8948,0.079772584,1131.276,0.19955233,-165.35127,-0.39585218,-22.292114,-0.05216117,33.232857,0.05580879,0.06094807,0.15363784,-0.014381068,-0.4460822,0.40986362,0.228945,33.130207,0.06049438,4.9991245,0.3483275,9.713614,0.18663512,-12.145436,-0.569887,-10.216559,21.137413,0.01567921,0.0044008596,0.11427711,1.9607843,4.3478265,0.035,0.015,0.175,0.13499999,-29.458845,11,16-2,120,SPEAKER_03,1392.433333,1513.566667,1490.38034375,1490.9034687500002,1,0.523125,disengaged
37.796387,0.12589905,33.525074,40.82161,40.918163,7.3930893,176.50746,0.0,-6.5512657,0.0,0.56666964,0.34745076,0.46666217,0.673059,0.7127025,0.24604034,5.295321,0.0,-1.1708053,0.0,0.28134307,0.44618773,30.821035,0.1300782,4.00959,1.3220109,7.859507,0.70126665,-14.91209,-0.5201877,0.16095857,1.0052693,2.4801877,0.11422083,6.0265794,0.39828482,12.608488,0.13288678,29.701504,0.09305343,898.04297,0.117450245,1709.7302,0.2361444,-84.371284,-0.95281726,1873.0386,0.078591354,1128.2618,0.090683535,-88.64941,-0.8369224,2881.1973,0.049696386,1112.9,0.27573234,-89.30226,-0.82587934,-21.782537,-0.16645887,33.43534,0.09640484,0.052293718,0.19451141,-0.021029262,-0.43090963,0.33712998,0.31607267,31.573717,0.07128235,5.422932,0.1270013,10.171429,0.54539204,-16.264471,-0.36902994,-10.867914,18.186476,0.022361066,-0.0034929938,0.21557179,4.166667,5.555556,0.11,0.0,0.049999997,0.0,-21.835615,11,16-2,120,SPEAKER_03,1392.433333,1513.566667,1490.97096875,1491.22409375,1,0.253125,disengaged
36.32966,0.03155493,35.78056,36.54031,36.85312,1.0725594,11.267835,0.0,-28.559538,0.0,0.38394457,0.37338534,0.22464469,0.38061285,0.54109126,0.31644657,5.1338463,0.89646006,-0.37517846,1.7408955,0.17441893,0.49382192,27.816483,0.2968509,16.467684,0.5358131,4.9818234,1.9064585,-2.5694244,-3.5160444,0.020144213,1.1525271,1.1685134,0.5824838,9.478295,0.24785599,10.455556,0.5861379,29.65337,0.21907532,821.3126,0.11174963,1247.3658,0.133207,-28.331156,-1.043329,1963.417,0.06286215,848.0249,0.22679476,-41.064354,-0.6753593,3010.31,0.04689679,1054.8285,0.41192576,-46.433105,-0.55828124,-22.039827,-0.2821628,28.624117,0.30991226,0.046422347,0.45474175,-0.024935044,-0.39662966,0.19017212,0.45255658,28.015562,0.2892529,16.895767,0.53587687,4.9679785,2.0018313,-3.9816318,-2.2433944,-16.891657,27.663853,0.022066241,-0.005722296,0.035156153,4.255319,4.878049,0.185,0.015,0.0,0.0,-26.783768,11,16-2,120,SPEAKER_02,1392.433333,1513.566667,1419.26909375,1419.7584687500002,1,0.489375,disengaged
35.811047,0.01831368,35.31818,35.56277,36.3246,1.0064201,17.987926,19.124218,9.835604,3.895549,0.25583535,0.41370568,0.15290844,0.26090944,0.33735746,0.18444902,2.2063494,1.2121766,2.0944262,1.9071519,0.07457198,0.70570797,23.335842,0.587043,17.979193,0.5223831,-2.456937,-4.293175,-7.6070967,-1.2176435,0.010622921,1.0296158,0.68892425,0.8298408,11.29463,0.27454942,5.488742,1.3654714,30.351377,0.28938186,870.89667,0.13770226,1237.8857,0.13968424,-103.229385,-0.83087,1985.5449,0.07609783,1091.6998,0.1653843,-112.68178,-0.6689981,3046.3442,0.05639727,855.19714,0.21940172,-114.26563,-0.6495123,-25.93954,-0.28575903,37.81517,0.21845989,0.024928758,0.6529042,-0.020877758,-0.42759874,0.09572237,0.46926457,31.988132,0.3015595,24.054296,0.22189952,3.8678942,1.9819374,-10.531513,-0.675809,-9.273613,19.329277,-0.002684454,-0.0069534564,0.04897784,5.392157,2.0202022,0.26749998,0.20363878,0.2075,0.17210098,-29.61207,11,16-2,120,SPEAKER_02,1392.433333,1513.566667,1461.0853437500002,1463.14409375,1,2.05875,disengaged
35.7506,0.020001814,35.19369,35.449608,36.160477,0.96678543,18.798777,14.357254,12.949163,3.0637937,0.27038062,0.39394277,0.15522397,0.28491962,0.37679568,0.22157171,2.5247128,1.5640527,1.6127828,0.26331583,0.088599294,0.46547022,36.369762,0.14490882,12.296819,0.47510442,3.663515,1.6065649,-2.326649,-2.6284232,0.015754484,1.2721615,1.1693199,0.9274218,11.457634,0.15776224,3.9328165,1.8552864,35.058655,0.1522647,803.54755,0.17902532,1343.6633,0.13657747,-38.186134,-1.1785197,1863.5668,0.113329075,1062.5581,0.19284749,-51.30559,-0.7197169,3063.0657,0.07253816,963.7004,0.20348093,-60.514305,-0.56657684,-23.502773,-0.26190624,36.672188,0.16816798,0.027925229,0.7622086,-0.014847145,-0.8366284,0.096288756,0.42615366,37.079697,0.13473426,12.66482,0.47546273,4.2537,1.356416,-3.5152333,-1.7223724,-14.583811,25.489975,0.026900824,-0.0065751113,0.056781843,5.882353,4.4444447,0.195,0.044999998,0.02,0.0,-30.309374,11,16-2,120,SPEAKER_02,1392.433333,1513.566667,1464.8990937500002,1465.4222187500002,1,0.523125,disengaged
0.0,0.0,0.0,0.0,0.0,0.0,0.0,0.0,0.0,0.0,0.10457587,0.20474666,0.083114326,0.10558984,0.11399524,0.030880913,0.6806174,0.7074264,1.4287989,0.0,0.016952362,0.45060033,13.950637,0.25242245,-2.1048825,-4.273216,-5.600047,-0.9425143,12.414717,0.36457825,0.0,0.0,0.0,0.0,0.0,0.0,0.0,0.0,0.0,0.0,0.0,0.0,0.0,0.0,-201.0,0.0,0.0,0.0,0.0,0.0,-201.0,0.0,0.0,0.0,0.0,0.0,-201.0,0.0,0.0,0.0,0.0,0.0,0.0,0.0,0.0,0.0,0.0,0.0,0.0,0.0,0.0,0.0,0.0,0.0,0.0,0.0,-2.0106635,15.434021,-0.008612015,0.026683828,0.020403622,5.882353,0.0,0.0,0.0,0.11,0.0,-55.058464,11,16-2,120,SPEAKER_02,1392.433333,1513.566667,1465.54034375,1465.7259687500002,1,0.185625,disengaged
0.0,0.0,0.0,0.0,0.0,0.0,0.0,0.0,0.0,0.0,0.08044607,0.0275904,0.07829865,0.08091789,0.0818093,0.0035106465,-0.13126507,0.0,-0.14130212,0.0,0.009968572,0.3568364,22.181341,0.04360536,0.9632604,1.6320676,-1.3074461,-1.683982,8.184845,0.21712373,0.0,0.0,0.0,0.0,0.0,0.0,0.0,0.0,0.0,0.0,0.0,0.0,0.0,0.0,-201.0,0.0,0.0,0.0,0.0,0.0,-201.0,0.0,0.0,0.0,0.0,0.0,-201.0,0.0,0.0,0.0,0.0,0.0,0.0,0.0,0.0,0.0,0.0,0.0,0.0,0.0,0.0,0.0,0.0,0.0,0.0,0.0,-7.4132442,18.299519,-0.0076155704,0.0056717494,0.0,20.000002,0.0,0.0,0.0,0.0,0.0,-56.330887,11,16-2,120,SPEAKER_02,1392.433333,1513.566667,1466.9578437500002,1467.02534375,1,0.0675,disengaged
39.100445,0.104731485,37.558212,38.028988,38.78926,1.2310486,45.972195,25.412617,24.147297,19.131935,0.30483404,0.7124721,0.1067776,0.22567093,0.5718759,0.46509826,2.0018442,1.4549083,3.5107045,2.6965568,0.10641277,0.9712849,21.556103,0.45795792,2.476787,3.7499955,-0.19194879,-51.394573,-8.37882,-1.7990732,0.016081015,1.1109388,1.1282446,0.689907,10.270096,0.24262416,14.849338,0.60565895,29.850233,0.27536458,714.4146,0.26435593,1404.8989,0.14138636,-122.655594,-0.74206984,1748.2538,0.12126318,1282.7233,0.24442577,-120.14038,-0.6919263,2790.9714,0.07818076,919.09735,0.27546778,-121.308784,-0.6703909,-16.565386,-0.4466967,28.902714,0.27361703,0.05870103,0.40387875,-0.019820446,-0.78138644,0.19615787,0.42249808,27.501831,0.30753535,8.201566,1.1403388,-1.6601702,-7.4214725,-17.264416,-0.78840274,-5.566707,15.623611,-0.00067515695,-0.00015321464,0.027768569,1.9417477,2.0,0.22749999,0.117553174,0.3333333,0.38689646,-29.682053,11,16-2,120,SPEAKER_02,1392.433333,1513.566667,1498.86846875,1500.94409375,1,2.075625,disengaged
37.468235,0.050938163,35.73937,36.800568,39.874496,4.135128,16.310953,0.0,6.1873302,11.630925,0.45952934,0.57311183,0.20848447,0.42852622,0.69319254,0.48470807,-0.020538688,1.6647037,4.8318405,0.0,0.13063242,0.5123303,33.227505,0.1471636,7.47451,1.3705019,5.6144958,1.5312548,-9.071363,-1.1056072,0.010915554,0.667294,0.7020761,0.7134773,11.91479,0.1784316,7.899834,0.78308976,26.71652,0.3305159,872.36414,0.094057456,1241.5376,0.17774309,-22.902538,-0.8404235,1957.4719,0.056493152,1004.72217,0.16145371,-37.07825,-0.48449692,3019.081,0.047337692,816.3857,0.26400885,-41.33719,-0.44249934,-20.800814,-0.4700247,33.937855,0.26530847,0.040563468,0.32414564,-0.02067452,-0.5710537,0.13798021,0.47768444,33.36176,0.15466043,8.086654,1.3097314,5.7552557,1.565237,-9.939255,-0.9893994,-12.960901,22.323431,-0.006391082,0.0054106205,0.0,1.4705882,1.6129032,0.59999996,0.0,0.0,0.0,-25.64476,11,16-2,120,SPEAKER_02,1392.433333,1513.566667,1503.49221875,1504.18409375,1,0.691875,disengaged
34.10648,0.042781204,32.340424,34.87629,35.34095,3.0005264,16.032564,0.0,-4.5304966,6.2192173,0.37745005,0.6536203,0.14417748,0.35529056,0.56519884,0.42102134,2.51957,1.5274868,3.6080005,1.2991621,0.11127041,0.97345716,28.160398,0.5636438,12.827391,0.6432365,-3.9936724,-2.289307,-0.4206106,-42.882526,0.0066390745,0.82080984,0.82893693,1.067416,10.565628,0.2643661,1.1734219,5.9584327,34.96967,0.17191558,770.46796,0.12933333,1268.9403,0.14010079,-74.30621,-1.1942927,1879.2147,0.06634647,1001.6909,0.15437907,-86.54321,-0.91756624,3019.1797,0.034784447,885.7747,0.26132354,-92.83059,-0.8069621,-21.28151,-0.36142674,35.373962,0.15491365,0.039353415,0.36569542,-0.028382776,-0.37894526,0.16149749,0.6674984,38.364513,0.11478048,13.549735,0.6157198,-1.8990197,-5.0865345,-12.745972,-0.7327289,-7.564076,17.648773,-0.016782477,0.010624144,0.025205342,3.1578948,1.1111112,0.59,0.0,0.14,0.12,-25.883907,11,16-2,120,SPEAKER_02,1392.433333,1513.566667,1505.75346875,1506.71534375,1,0.961875,disengaged
29.754772,0.02018012,29.332264,29.819721,30.253254,0.92099,43.924454,30.732393,15.145197,8.880298,0.15735708,0.3485244,0.10761782,0.14575545,0.20112331,0.093505494,2.143048,1.12766,0.52970964,0.60076034,0.041489847,0.48692393,30.03518,0.22853553,9.0957155,0.63074845,8.192681,0.76231223,8.805221,0.72816193,0.020086236,0.7151122,1.2273877,0.52971804,7.0406065,0.2663267,-2.9140925,-1.4869549,24.130684,0.24595508,704.44403,0.33698073,1384.2665,0.17409207,-91.15713,-0.91001254,1789.5364,0.15971975,1256.693,0.30508018,-95.93491,-0.81410265,2898.6821,0.10099711,1133.7954,0.21941136,-101.66999,-0.72517395,-18.419147,-0.2212888,32.71681,0.13149746,0.01176163,1.4000536,-0.0004925156,-21.911324,0.049538705,0.2928047,34.132854,0.13635273,10.723293,0.47191107,10.908194,0.45502025,9.153105,0.60944724,-11.250862,22.730782,0.009499536,0.009119645,0.03220883,5.940594,4.2105265,0.13499999,0.06538348,0.11,0.043204937,-40.097256,11,16-2,120,SPEAKER_00,1392.433333,1513.566667,1459.2459687500002,1460.27534375,1,1.029375,disengaged
35.846848,0.052704893,33.401455,36.023525,37.9658,4.5643463,35.62028,6.415965,34.011284,28.028137,0.23358993,0.24088222,0.17803171,0.22964218,0.2926883,0.1146566,1.4634298,0.4407863,0.46101552,0.5543891,0.07467104,0.5137105,25.866634,0.32391226,8.52922,0.6238847,3.991618,2.5814354,-4.443913,-1.6226821,0.042774618,1.0157954,1.7134321,0.42032403,6.775091,0.2619314,10.939813,0.6708496,32.044525,0.21649979,719.76874,0.23517689,1418.2019,0.1162053,-101.31261,-0.86190325,1730.9156,0.08244454,1073.3414,0.22380379,-101.23979,-0.7986311,2845.859,0.0690894,956.59564,0.23581485,-106.762,-0.7129883,-17.66856,-0.19210029,28.417986,0.20671973,0.04138056,0.35415733,-0.015691396,-0.5793887,0.101098105,0.33125153,31.284058,0.17369434,8.7326,0.5588425,3.5294704,3.163928,-5.698914,-1.0207597,-11.945756,20.360298,0.01778681,-0.00681662,0.048398416,5.882353,4.83871,0.10666667,0.06599663,0.08,0.03559026,-37.39202,11,16-2,120,SPEAKER_00,1392.433333,1513.566667,1478.31471875,1479.00659375,1,0.691875,disengaged
