Accuracy,Precision,Recall,F1 Score
0.7222222222222222,0.7857142857142857,0.6111111111111112,0.6875
