F0semitoneFrom27.5Hz_sma3nz_amean,F0semitoneFrom27.5Hz_sma3nz_stddevNorm,F0semitoneFrom27.5Hz_sma3nz_percentile20.0,F0semitoneFrom27.5Hz_sma3nz_percentile50.0,F0semitoneFrom27.5Hz_sma3nz_percentile80.0,F0semitoneFrom27.5Hz_sma3nz_pctlrange0-2,F0semitoneFrom27.5Hz_sma3nz_meanRisingSlope,F0semitoneFrom27.5Hz_sma3nz_stddevRisingSlope,F0semitoneFrom27.5Hz_sma3nz_meanFallingSlope,F0semitoneFrom27.5Hz_sma3nz_stddevFallingSlope,loudness_sma3_amean,loudness_sma3_stddevNorm,loudness_sma3_percentile20.0,loudness_sma3_percentile50.0,loudness_sma3_percentile80.0,loudness_sma3_pctlrange0-2,loudness_sma3_meanRisingSlope,loudness_sma3_stddevRisingSlope,loudness_sma3_meanFallingSlope,loudness_sma3_stddevFallingSlope,spectralFlux_sma3_amean,spectralFlux_sma3_stddevNorm,mfcc1_sma3_amean,mfcc1_sma3_stddevNorm,mfcc2_sma3_amean,mfcc2_sma3_stddevNorm,mfcc3_sma3_amean,mfcc3_sma3_stddevNorm,mfcc4_sma3_amean,mfcc4_sma3_stddevNorm,jitterLocal_sma3nz_amean,jitterLocal_sma3nz_stddevNorm,shimmerLocaldB_sma3nz_amean,shimmerLocaldB_sma3nz_stddevNorm,HNRdBACF_sma3nz_amean,HNRdBACF_sma3nz_stddevNorm,logRelF0-H1-H2_sma3nz_amean,logRelF0-H1-H2_sma3nz_stddevNorm,logRelF0-H1-A3_sma3nz_amean,logRelF0-H1-A3_sma3nz_stddevNorm,F1frequency_sma3nz_amean,F1frequency_sma3nz_stddevNorm,F1bandwidth_sma3nz_amean,F1bandwidth_sma3nz_stddevNorm,F1amplitudeLogRelF0_sma3nz_amean,F1amplitudeLogRelF0_sma3nz_stddevNorm,F2frequency_sma3nz_amean,F2frequency_sma3nz_stddevNorm,F2bandwidth_sma3nz_amean,F2bandwidth_sma3nz_stddevNorm,F2amplitudeLogRelF0_sma3nz_amean,F2amplitudeLogRelF0_sma3nz_stddevNorm,F3frequency_sma3nz_amean,F3frequency_sma3nz_stddevNorm,F3bandwidth_sma3nz_amean,F3bandwidth_sma3nz_stddevNorm,F3amplitudeLogRelF0_sma3nz_amean,F3amplitudeLogRelF0_sma3nz_stddevNorm,alphaRatioV_sma3nz_amean,alphaRatioV_sma3nz_stddevNorm,hammarbergIndexV_sma3nz_amean,hammarbergIndexV_sma3nz_stddevNorm,slopeV0-500_sma3nz_amean,slopeV0-500_sma3nz_stddevNorm,slopeV500-1500_sma3nz_amean,slopeV500-1500_sma3nz_stddevNorm,spectralFluxV_sma3nz_amean,spectralFluxV_sma3nz_stddevNorm,mfcc1V_sma3nz_amean,mfcc1V_sma3nz_stddevNorm,mfcc2V_sma3nz_amean,mfcc2V_sma3nz_stddevNorm,mfcc3V_sma3nz_amean,mfcc3V_sma3nz_stddevNorm,mfcc4V_sma3nz_amean,mfcc4V_sma3nz_stddevNorm,alphaRatioUV_sma3nz_amean,hammarbergIndexUV_sma3nz_amean,slopeUV0-500_sma3nz_amean,slopeUV500-1500_sma3nz_amean,spectralFluxUV_sma3nz_amean,loudnessPeaksPerSec,VoicedSegmentsPerSec,MeanVoicedSegmentLengthSec,StddevVoicedSegmentLengthSec,MeanUnvoicedSegmentLength,StddevUnvoicedSegmentLength,equivalentSoundLevel_dBp,participant,session,engagement_id,speaker,engagement_start_time,engagement_end_time,speaker_start_time,speaker_end_time,num_segments,speech_duration,merged_duration,label
35.982574,0.08400185,34.435894,36.017883,37.90831,3.472416,282.8265,498.3869,29.755217,16.658352,0.32193527,0.77830744,0.08915243,0.27991906,0.53795046,0.44879803,4.9960513,2.442344,3.7961025,2.021928,0.15003806,0.9443422,23.934668,0.83036506,12.008161,1.101023,-2.8149369,-5.5578885,-9.630908,-1.6627686,0.022450244,2.0688303,1.0804604,0.8119557,9.171812,0.41054884,7.763782,1.594795,35.135143,0.34939203,751.40735,0.2590829,1361.7252,0.16399659,-85.59557,-1.0264812,1852.3741,0.14920467,1127.5809,0.2869271,-91.498886,-0.8561947,2970.2998,0.09699202,1078.7805,0.2616732,-96.63895,-0.76682335,-20.076578,-0.57479376,33.461742,0.33199716,0.06911388,0.24591966,-0.02153531,-0.84658796,0.20979223,0.6583304,33.641464,0.33194458,11.605232,1.2432476,-4.371667,-3.762923,-16.5719,-0.8485046,-7.380402,15.321856,0.042129878,0.011774047,0.044386454,3.8882804,2.6359146,0.23375,0.1719087,0.13021739,0.12639634,-26.930683,17,3,0,SPEAKER_05,0.0,65.466667,0.03096875,24.49971875,10,18.27562499999999,18.275625,engaged
0.0,0.0,0.0,0.0,0.0,0.0,0.0,0.0,0.0,0.0,0.0073142326,0.5010849,0.0054999683,0.006285254,0.0077001937,0.0022002254,0.13680737,0.17049211,0.11160453,0.15923348,0.0006568489,1.3505607,0.35999563,14.871938,9.163581,0.5187819,7.572459,0.70248806,7.5778213,0.9017905,0.0,0.0,0.0,0.0,0.0,0.0,0.0,0.0,0.0,0.0,0.0,0.0,0.0,0.0,-201.0,0.0,0.0,0.0,0.0,0.0,-201.0,0.0,0.0,0.0,0.0,0.0,-201.0,0.0,0.0,0.0,0.0,0.0,0.0,0.0,0.0,0.0,0.0,0.0,0.0,0.0,0.0,0.0,0.0,0.0,0.0,0.0,-7.3206697,14.46039,0.002054314,0.03927192,0.00065048976,2.4305556,0.0,0.0,0.0,5.7,0.0,-79.78239,17,3,0,SPEAKER_04,0.0,65.466667,12.51846875,40.37909375,4,5.771249999999997,5.77125,engaged
37.766098,0.018322509,37.15714,37.854702,38.473637,1.3164978,0.3590439,0.0,0.0,0.0,0.012610145,1.789395,0.005561445,0.0062602833,0.008710205,0.0031487597,0.81840444,0.8701907,0.32335246,0.23977908,0.001547363,2.961739,-0.0002980133,-28393.727,8.884048,0.9515961,6.618137,0.95445585,7.1577578,0.81592834,0.14876235,0.0,1.7843632,0.13339512,-0.7232947,-0.50392205,-3.501608,-1.6491733,5.6816316,0.20795609,531.2076,0.123071514,1238.8032,0.120731026,-197.99306,-0.108208545,1446.0299,0.11425978,1299.2079,0.13320398,-197.88593,-0.112328656,2433.8452,0.10406916,1087.4456,0.052673,-198.11188,-0.10389522,2.9343634,0.42784595,13.954849,0.16922648,0.028334472,0.090481624,0.0331923,0.1404606,0.022364901,0.5400933,17.937382,0.36782166,-22.297745,-0.10630625,-17.439322,-0.08043066,7.889086,0.18361782,-6.8388524,13.917771,0.0010106167,0.036350768,0.0012510843,1.5576323,0.31645572,0.04,0.0,1.545,0.545,-65.86715,17,3,0,SPEAKER_00,0.0,65.466667,28.65096875,35.299718750000004,4,3.2231250000000067,3.223125,engaged
34.123436,0.024411734,33.35866,33.87543,35.039204,1.680542,20.805376,12.018473,34.873196,1.4141655,0.038570374,1.2308284,0.0075522657,0.012322987,0.0732398,0.06568754,0.9560698,0.6002634,0.7102827,1.1007482,0.013228844,1.5856923,12.670046,1.0913842,14.728478,0.6914556,7.648483,1.0966246,7.694209,1.3391225,0.033565,0.82910186,1.990959,0.47974697,9.455423,0.19257414,22.61091,0.21671407,36.65938,0.15015987,637.69714,0.41477242,1415.8334,0.085869774,-170.3524,-0.37185174,1802.4312,0.15386051,1199.9991,0.18216942,-171.66997,-0.33530092,2877.2104,0.11407453,1103.9144,0.15480687,-171.90593,-0.33294958,-27.861567,-0.24241059,36.199352,0.22337942,0.032126434,0.44494653,0.00045919316,23.95442,0.029160295,0.50479007,31.348728,0.19636968,26.129843,0.28641888,20.399105,0.23733278,4.9014754,1.1636564,-10.139694,17.849264,0.016183272,0.023707919,0.009819714,2.9629629,2.3255816,0.07,0.02828427,0.34,0.31843367,-49.267895,17,3,2,SPEAKER_03,69.6,86.133333,70.29846875,74.95596875000001,2,1.3668750000000074,1.366875,engaged
43.18649,0.0678355,41.767395,42.018322,44.185135,2.4177399,74.82955,66.21149,150.48705,122.70016,0.54108363,1.0282507,0.16221221,0.3849596,0.6236232,0.461411,18.63184,15.530223,8.582003,10.954532,0.3589239,2.1165185,21.981495,0.48561025,7.1388607,1.9469457,-3.7755919,-4.2971206,-20.76725,-0.7468248,0.011445698,2.1898735,0.5780153,1.6781812,14.431378,0.29603696,13.371348,0.568203,25.704876,0.2097166,941.73157,0.15875436,1378.0925,0.16579641,-71.02188,-1.0440891,1975.1909,0.08865515,1245.1295,0.24112578,-72.92435,-0.9284115,3039.2126,0.06504132,980.736,0.2241117,-77.73186,-0.8379901,-25.746595,-0.33017743,35.539143,0.2404903,0.047273263,0.3944897,-0.016222944,-0.5591096,0.30710453,2.1995487,25.771421,0.3584454,8.136547,1.3557386,-2.959473,-4.8685036,-22.973526,-0.66630244,-11.483127,19.589796,0.026716541,0.0024771194,0.20965229,1.724138,1.4545455,0.5225,0.5572869,0.19666666,0.21545815,-19.417356,17,3,2,SPEAKER_04,69.6,86.133333,77.63909375,83.39346875000001,4,2.919374999999988,2.919375,engaged
39.127655,0.1347744,40.343174,41.224716,41.62281,1.2796364,282.127,56.047768,65.76897,32.65729,0.3478982,0.61493504,0.103284866,0.3584765,0.4716156,0.36833075,5.450793,3.410108,1.0810432,3.6319768,0.1114412,1.7594458,25.970634,0.55096954,10.890363,0.68946767,-5.510475,-1.4927675,-15.888176,-1.0146031,0.035949614,2.9724886,0.72990197,1.5073109,13.453544,0.36546427,20.586693,0.80351025,37.830017,0.3446116,768.4132,0.19060007,1338.2345,0.16313396,-59.71016,-1.1544971,1837.9183,0.1063199,1090.4253,0.22371131,-61.899918,-1.0171176,3011.1953,0.062160295,872.1735,0.22162314,-70.810776,-0.8365361,-25.170412,-0.29347998,36.33611,0.15700795,0.05405756,0.37184027,-0.019244967,-0.9393623,0.13297318,1.6004804,31.231653,0.21186471,11.118824,0.5159327,-5.6990843,-1.220106,-20.374424,-0.697571,-4.437074,12.013749,0.015518348,0.01567451,0.022935743,1.4778326,1.5228428,0.53,0.46697608,0.10666667,0.06944222,-25.587307,17,3,2,SPEAKER_05,69.6,86.133333,81.67221875,85.97534375000001,3,2.0418750000000188,2.041875,engaged
36.776314,0.10006664,35.06565,37.41348,38.348087,3.2824364,201.32137,156.77637,143.29066,159.62376,0.4027303,0.6420453,0.15455899,0.4204513,0.5820178,0.4274588,5.0282016,3.2062008,4.3671913,1.4953097,0.21532121,0.81581765,27.447271,0.4675341,7.1093245,2.239442,-0.8816017,-17.816498,-13.289613,-1.1253175,0.025491992,1.4277683,1.1769301,0.8768433,9.309255,0.3631646,6.845083,1.6984842,32.52865,0.25941348,791.09094,0.1998456,1318.5289,0.1722935,-68.63465,-1.2287022,1925.5582,0.112184145,1046.7023,0.27383652,-78.2477,-0.95022947,3041.691,0.08532406,996.0253,0.24602705,-83.13995,-0.85441566,-21.642332,-0.49785587,31.319452,0.30929792,0.07598769,0.2565225,-0.023974102,-0.78161305,0.26213288,0.62507606,32.917934,0.20684975,9.002183,1.767317,-1.3123147,-13.097918,-17.782898,-0.7067705,-9.920023,20.522545,0.047927327,0.00901381,0.11218897,4.1522493,2.1126761,0.32999998,0.4272002,0.10428572,0.09737367,-25.510656,17,3,3,SPEAKER_05,86.166667,89.1,86.19471875,89.1,1,2.9052812499999874,2.9053125,disengaged
36.933712,0.111110434,34.86444,35.831524,38.430187,3.5657463,190.02313,211.52475,38.268944,39.249847,0.34330747,0.72603524,0.10033788,0.3075498,0.5552691,0.45493126,5.5782285,3.4927378,4.0731907,1.9028028,0.14797531,1.047873,23.272465,0.82350135,10.73321,1.2419972,-4.69838,-3.2587306,-9.588217,-1.5126207,0.018210838,1.4452103,1.0688878,0.8223244,9.128099,0.42902377,8.82016,1.1880686,33.73471,0.36796027,750.0871,0.2539114,1398.6085,0.16577668,-77.26616,-1.123938,1825.7869,0.12894459,1188.9122,0.27159086,-83.31872,-0.9209281,2946.288,0.08846734,1058.0432,0.30294445,-88.357735,-0.8238393,-18.458126,-0.7083933,31.99489,0.3736527,0.069456786,0.25880715,-0.015842963,-1.1790973,0.18587087,0.7390293,30.917992,0.41697574,10.930668,1.3432729,-6.046487,-2.7579398,-14.190048,-0.9044152,-6.456679,14.58057,0.04686473,0.010675511,0.06647174,3.8211381,2.367347,0.2775862,0.25342694,0.12137931,0.098251045,-27.032286,17,3,4,SPEAKER_05,89.133333,115.833333,89.133333,103.03596875,5,12.316385749999995,12.316375,engaged
39.88933,0.2330334,33.44173,35.97995,51.04771,17.60598,148.44743,141.28346,109.56005,81.24581,0.41980553,1.4220651,0.038732316,0.22418003,0.6068831,0.5681508,6.730554,4.714707,4.338565,3.7270942,0.24659711,1.9617125,17.684471,0.89909,8.303082,1.6599329,-4.888724,-2.837774,-12.338328,-1.2097363,0.04696892,1.9038272,1.2215357,0.78860426,8.747736,0.49743316,5.1791863,1.8506924,24.85969,0.5138341,826.0664,0.18700896,1263.9929,0.15265408,-108.397835,-0.83384514,1899.759,0.10811742,1053.2024,0.27178684,-107.04188,-0.7648887,2954.2568,0.077727474,930.1128,0.30400813,-109.27028,-0.7299523,-17.157295,-0.57188904,28.458216,0.4370699,0.05610111,0.44624665,-0.023278235,-0.7417895,0.3860889,1.5547303,23.745584,0.6037158,8.016321,2.034581,-5.4528065,-2.8769734,-18.432573,-0.77000445,-9.356132,19.602358,0.032512214,0.0064702206,0.08367163,2.0833335,2.977233,0.17294116,0.09969157,0.17,0.14555313,-19.70586,17,3,4,SPEAKER_03,89.133333,115.833333,102.73221875,115.55721875,6,5.771249999999981,5.77125,engaged
0.0,0.0,0.0,0.0,0.0,0.0,0.0,0.0,0.0,0.0,0.00985574,0.3099557,0.0079542305,0.008632983,0.011619709,0.003665479,0.086952314,0.0,0.024538856,0.08971379,0.00068669196,0.526437,0.28874466,16.519014,10.168439,0.19236773,-1.3074305,-4.696418,1.0782155,9.56768,0.0,0.0,0.0,0.0,0.0,0.0,0.0,0.0,0.0,0.0,0.0,0.0,0.0,0.0,-201.0,0.0,0.0,0.0,0.0,0.0,-201.0,0.0,0.0,0.0,0.0,0.0,-201.0,0.0,0.0,0.0,0.0,0.0,0.0,0.0,0.0,0.0,0.0,0.0,0.0,0.0,0.0,0.0,0.0,0.0,0.0,0.0,-9.729319,18.54204,0.023508998,0.023313927,0.00083637936,7.142857,0.0,0.0,0.0,0.08,0.0,-83.09478,17,3,4,SPEAKER_06,89.133333,115.833333,109.53284375,109.68471875,1,0.15187500000000398,0.151875,engaged
38.543095,0.04151071,36.83502,38.3134,40.198074,3.3630562,61.8183,35.587868,13.478105,18.480938,0.56532425,0.6482352,0.19364586,0.56054807,0.9712729,0.777627,10.718222,3.0060496,-0.92281985,4.4614377,0.2846117,0.7220513,24.792675,0.36161602,12.870427,1.1782172,-6.218639,-1.5488253,-7.4911475,-1.2781168,0.026622742,1.0351774,1.5051329,0.75087684,10.267923,0.19137083,13.844025,0.23689424,31.053537,0.19000426,782.10175,0.23050202,1368.9198,0.10463192,-22.103579,-0.5065357,1818.4075,0.103182755,1099.3813,0.23211671,-32.194027,-0.3973505,2906.3276,0.0626391,938.58777,0.24718657,-38.921566,-0.24591172,-20.41416,-0.33508396,32.003517,0.2860247,0.06280074,0.44073293,-0.02045408,-0.86959743,0.23308854,0.61266565,25.746231,0.36075655,15.033502,1.0125456,-4.811641,-1.9928364,-5.2328763,-1.5620179,0.0,0.0,0.0,0.0,0.0,4.5454545,2.631579,0.37,0.0,0.0,0.0,-23.1922,17,3,5,SPEAKER_03,115.866667,117.633333,117.17721875,117.633333,1,0.45611424999999883,0.456125,disengaged
38.175945,0.16492863,34.64445,37.377712,41.946144,7.301693,235.03767,325.615,102.994484,110.63356,0.4426447,1.1101564,0.0947826,0.33573735,0.6852789,0.5904963,8.117061,5.215906,5.1900005,3.8098817,0.2382227,2.3085926,21.349815,0.7018532,7.0304527,1.812955,-9.43081,-1.5742427,-14.192165,-0.97675705,0.028857894,1.8573511,1.2013668,0.9246887,9.111379,0.44504702,7.0492244,1.2773287,28.62185,0.32400826,789.17535,0.21993452,1333.9081,0.17655897,-88.8945,-1.0126983,1817.5721,0.12314367,1073.8225,0.31015092,-91.95571,-0.89647025,2934.082,0.07677617,918.9228,0.3799985,-97.69264,-0.79706496,-15.2884035,-0.5230279,28.38037,0.32102472,0.06834843,0.3238693,-0.022655193,-0.66894406,0.349017,1.9369953,26.433577,0.4171434,5.0753217,2.6658247,-11.382999,-1.3838544,-18.514307,-0.7281545,-9.497548,19.645134,0.043305352,7.987709e-05,0.063993536,2.6930566,2.7624311,0.21247059,0.21443169,0.1416883,0.12203258,-21.526237,17,3,6,SPEAKER_03,117.666667,198.8,117.666667,189.25034375,21,30.830551750000026,30.8305625,engaged
0.0,0.0,0.0,0.0,0.0,0.0,0.0,0.0,0.0,0.0,0.009443493,0.28909945,0.0073964675,0.0075310343,0.011460513,0.0040640454,0.0013416616,0.0,0.0,0.0,0.00031301274,0.7707609,5.2604747,0.39968628,8.299313,0.14800905,-2.9919548,-1.32342,1.4171989,1.83438,0.0,0.0,0.0,0.0,0.0,0.0,0.0,0.0,0.0,0.0,0.0,0.0,0.0,0.0,-201.0,0.0,0.0,0.0,0.0,0.0,-201.0,0.0,0.0,0.0,0.0,0.0,-201.0,0.0,0.0,0.0,0.0,0.0,0.0,0.0,0.0,0.0,0.0,0.0,0.0,0.0,0.0,0.0,0.0,0.0,0.0,0.0,-6.969504,14.00217,0.023074657,0.019311203,0.0,0.0,0.0,0.0,0.0,0.0,0.0,-84.82253,17,3,6,SPEAKER_06,117.666667,198.8,148.91909375,148.98659375,1,0.06749999999999545,0.0675,engaged
0.0,0.0,0.0,0.0,0.0,0.0,0.0,0.0,0.0,0.0,0.011792819,1.2970386,0.0061488645,0.006649913,0.009044953,0.0028960882,1.1260048,0.78269386,0.23199527,0.0,0.002657502,2.748251,0.6801517,14.660531,7.349118,0.5612866,5.873459,0.7723188,5.2230005,0.82812077,0.0,0.0,0.0,0.0,0.0,0.0,0.0,0.0,0.0,0.0,0.0,0.0,0.0,0.0,-201.0,0.0,0.0,0.0,0.0,0.0,-201.0,0.0,0.0,0.0,0.0,0.0,-201.0,0.0,0.0,0.0,0.0,0.0,0.0,0.0,0.0,0.0,0.0,0.0,0.0,0.0,0.0,0.0,0.0,0.0,0.0,0.0,-4.686433,13.124167,0.016083224,0.040195607,0.0030416932,2.0408163,0.0,0.0,0.0,0.42999998,0.0,-63.58267,17,3,7,SPEAKER_06,198.833333,206.366667,198.98721875,199.49346875,1,0.5062499999999943,0.50625,disengaged
49.29462,0.07583977,45.887062,50.71219,52.08026,6.193199,122.23401,136.01114,100.84165,127.83391,1.324615,0.75660014,0.2568503,1.2463957,2.5301878,2.2733376,15.536301,14.499955,17.444975,11.537872,0.93079317,1.0988975,6.809242,1.4742088,-20.64632,-0.7932892,-28.450842,-0.4618906,-16.495495,-0.7804935,0.03718487,1.4744809,1.140864,1.2688879,9.354745,0.66420025,8.645825,1.4358277,24.066593,0.34031704,914.4923,0.12276848,1110.243,0.15632398,-39.6227,-2.1072283,1866.0232,0.064645335,900.9154,0.18073583,-40.520195,-1.6940917,2957.2021,0.04896539,792.81,0.461435,-49.886,-1.3048013,1.3938168,7.553321,22.15618,0.3821978,0.058376454,0.47363862,-0.008370692,-2.4149716,1.1310492,0.93239087,6.827232,1.5070157,-25.023632,-0.5375185,-33.30663,-0.26280862,-19.277725,-0.5807362,-2.0428905,10.552729,0.031617366,0.02261728,0.21659714,3.0769231,2.4390244,0.32999998,0.22759612,0.085,0.065,-14.108846,17,3,7,SPEAKER_04,198.833333,206.366667,201.58596875,204.11721875,2,1.3162499999999966,1.31625,disengaged
44.207836,0.13247918,40.243164,45.068398,49.619064,9.3759,82.87669,52.670734,168.19388,169.86765,1.3364837,0.75063574,0.31919146,1.0927973,2.472701,2.1535096,22.270096,13.519107,13.897812,8.905363,1.0154804,0.9959757,14.329599,0.70192736,-13.022882,-1.2463495,-31.476797,-0.33379522,-30.70454,-0.49069598,0.01948507,1.3710316,1.0143578,1.1593301,9.89909,0.58667874,1.899696,6.173105,22.324623,0.69737047,892.67883,0.15819475,1185.4592,0.15471376,-50.968273,-1.8026346,1860.6027,0.09600331,1036.7196,0.24190223,-57.746227,-1.4004704,2945.8528,0.064227,822.8228,0.30500412,-65.93004,-1.1558537,-5.4132776,-1.8057173,26.079123,0.30059183,0.071845196,0.3211688,-0.009510356,-1.9129393,1.1862231,0.8331562,14.220157,0.76298106,-16.9576,-0.931037,-33.21948,-0.29964915,-27.43447,-0.40022293,-10.127603,22.723103,0.06675943,-0.024204995,0.4921457,3.255814,2.3923447,0.302,0.16216041,0.1175,0.051173724,-13.533933,17,3,8,SPEAKER_04,206.4,217.133333,206.41221875,211.03596875,3,2.160000000000025,2.16,engaged
38.718105,0.17673989,34.050735,37.788548,41.315887,7.265152,168.31244,123.40188,34.942173,28.256872,0.6657782,1.247192,0.15490519,0.4209544,0.6637288,0.5088236,11.247305,9.704323,7.967682,8.540644,0.38350126,2.6195395,21.712727,0.6094403,4.418633,4.009133,-12.903539,-1.3094879,-19.250463,-0.84704703,0.030241195,2.049889,1.12763,1.0575619,9.323335,0.559531,8.2012415,1.0701907,30.870728,0.33920234,781.41724,0.2321593,1346.8818,0.1817592,-66.2197,-1.304527,1828.9185,0.12615357,1130.486,0.31104174,-71.14775,-1.0769292,2918.3376,0.08467048,907.69794,0.36312371,-77.23449,-0.9416516,-15.536107,-0.5923831,28.222324,0.30424795,0.06881297,0.32992122,-0.025077607,-0.76509273,0.506158,2.3069417,23.348925,0.55613154,4.2521095,4.2641463,-15.904894,-1.047975,-24.436262,-0.59457576,-10.158229,22.109604,0.047770835,0.0016133016,0.085670695,1.9911505,2.9082775,0.2376923,0.15596615,0.09818182,0.04508944,-17.20806,17,3,8,SPEAKER_03,206.4,217.133333,210.56346875000003,216.82409375,4,4.539375000000007,4.539375,engaged
50.315254,0.08134222,47.436874,50.929195,53.88957,6.452694,436.91156,617.9622,113.234764,152.10757,1.0190314,0.60233366,0.5388483,0.83457583,1.6249578,1.0861095,12.603232,4.408953,9.295913,6.600074,0.730092,0.83594376,8.561982,0.9825953,-9.205379,-2.2107236,-23.064661,-0.46428543,-36.887394,-0.74170417,0.033492994,1.5839579,1.032283,1.1903334,10.555715,0.55972475,13.651619,0.9379499,16.875458,0.3961107,925.9538,0.16153249,1081.0527,0.20399757,-71.22638,-1.2488527,1991.7993,0.098067366,1042.9537,0.3254408,-68.88378,-1.0470104,2951.569,0.054996055,692.3218,0.34978852,-67.29133,-1.0575973,-8.407979,-1.4698654,21.406624,0.31981462,0.07284229,0.50668675,-0.014996441,-1.7465683,0.77524847,0.70843536,6.9452405,1.0989534,-8.928502,-2.4076784,-24.490068,-0.4129751,-41.07297,-0.64931655,-4.936951,20.250114,0.061321557,-0.010285766,0.46597376,3.550296,2.4539878,0.29999998,0.11895377,0.068,0.048744228,-19.104036,17,3,9,SPEAKER_03,217.166667,219.066667,217.36409375,219.066667,1,1.7025732500000004,1.7025625,disengaged
49.39498,0.038723662,47.470184,49.477997,51.165165,3.6949806,0.0,0.0,-0.40050635,0.0,1.1717126,0.46312824,0.612284,1.0687377,1.7308811,1.118597,-6.3082376,0.0,5.1659017,0.0,0.58332,0.6945579,2.2755108,2.830911,-23.359446,-0.30786073,-31.927145,-0.26973668,-10.979125,-0.7863187,0.010737846,0.6273058,0.5812133,0.433637,8.891314,0.4553009,2.4735575,0.5603554,25.502605,0.12978707,914.4916,0.07815558,1210.1201,0.17833886,-68.54964,-1.3664569,1749.1383,0.05378194,1009.70795,0.19311023,-61.215115,-1.360624,2810.9443,0.053191196,993.18976,0.48639032,-76.86795,-0.9637557,0.26868343,9.581882,19.411486,0.22476214,0.091856174,0.28454626,0.005668852,3.0561173,0.94770336,0.26851106,7.121103,0.4143581,-28.556229,-0.16984062,-38.406208,-0.09721411,-17.394392,-0.18512939,8.22685,6.8860927,0.08051713,0.03280803,0.2098126,0.0,4.7619047,0.14,0.0,0.049999997,0.0,-19.239893,17,3,10,SPEAKER_03,219.1,222.766667,219.1,219.37221875,1,0.2722187500000075,0.2721875,engaged
40.5861,0.012197641,40.191883,40.499466,40.975544,0.7836609,16.270409,14.819012,11.881989,6.9021616,0.21354635,0.40991813,0.14709198,0.23681784,0.29167375,0.14458176,1.967345,0.9920588,3.0304024,4.7487965,0.04002695,0.84629464,22.812365,0.78959125,17.533619,0.63314974,-12.085733,-0.6918033,-27.87773,-0.60474503,0.012358658,2.2729843,0.75527495,1.8768618,14.63482,0.17200321,7.600778,0.34045914,39.242985,0.2093884,834.22125,0.10946807,1184.1445,0.1347131,-66.286575,-1.1665506,1993.6886,0.083194725,1141.7996,0.18039154,-86.6681,-0.7198999,3066.1587,0.04480516,887.84393,0.20007126,-87.004326,-0.71451586,-27.825443,-0.2551637,41.862473,0.1614082,0.05017904,0.21807595,-0.032553118,-0.41402307,0.04620946,0.81403404,32.719837,0.26390454,21.327168,0.29853517,-14.505619,-0.30704492,-37.51939,-0.20659342,-1.3939022,9.291817,0.025425447,0.023751033,0.0220347,4.3956046,2.3529413,0.31,0.17,0.095,0.005,-33.6078,17,3,10,SPEAKER_04,219.1,222.766667,219.37221875,222.69659375,2,0.9281249999999943,0.928125,engaged
44.30079,0.013773492,43.568428,44.4721,44.85594,1.2875137,14.604667,5.9698257,3.5561333,0.5905528,1.085666,0.6804691,0.34894598,1.0517226,1.8831866,1.5342406,7.295827,1.961359,2.1537178,0.8803273,0.26392606,0.91026103,17.80902,0.50867146,-8.828943,-2.1008744,-31.38167,-0.43630752,-39.13301,-0.407779,0.005764899,1.6498364,0.49099198,1.3062562,15.3994875,0.13326035,4.4433913,3.2220726,30.300383,0.34737745,884.7969,0.22063401,1223.0505,0.19091682,-19.757244,-3.6579273,1948.3623,0.12095981,1184.5985,0.2805676,-39.868515,-1.4951149,2952.5674,0.063508905,915.5609,0.3384914,-44.92593,-1.284894,-4.0221043,-3.3247414,28.795343,0.15854362,0.06670683,0.25035253,-0.005030002,-4.0547347,0.30100113,0.8196845,17.193367,0.47195113,-13.393568,-1.2750169,-34.188198,-0.3716158,-40.976536,-0.35736668,-14.232076,28.672081,0.045905363,-0.009752986,0.049606714,1.8348624,1.9417477,0.44,0.32,0.055,0.005,-15.781638,17,3,11,SPEAKER_04,222.8,225.2,223.33784375,225.2,2,1.1027812499999925,1.1028125,disengaged
46.178436,0.1031815,42.738663,45.430096,49.484856,6.746193,138.49084,146.08481,13.249881,33.126102,0.7396105,1.0066456,0.16135977,0.4903451,1.226016,1.0646563,18.771952,5.8436213,3.0570576,8.51309,0.54250467,1.2054216,13.835214,1.0231625,4.0114675,3.238076,-24.157494,-0.4875129,-36.191494,-0.47942153,0.03843786,1.0203412,1.4920225,0.78747326,9.422228,0.47824937,16.835705,0.8397558,29.902267,0.4198233,847.95184,0.14789028,1116.3678,0.16108693,-73.86901,-1.1902219,1910.1863,0.08987058,1022.9347,0.31574014,-83.80613,-0.89086425,2944.8481,0.06603875,663.67114,0.34430292,-84.7895,-0.86720717,-15.785264,-0.5294624,26.94234,0.3603766,0.08043537,0.3492999,-0.026819153,-0.5338439,0.6817712,1.0066316,15.07389,0.7844607,1.1831115,11.624791,-27.109331,-0.3892114,-41.78771,-0.35356992,-8.847652,18.493416,0.06146608,-0.014257129,0.21689872,2.7027028,3.888889,0.16571428,0.10621503,0.068571426,0.04580348,-16.399717,17,3,12,SPEAKER_04,225.233333,234.566667,225.233333,232.73721875,4,1.867635750000062,1.867625,engaged
39.217964,0.10289011,33.53802,40.40063,41.56565,8.02763,221.08755,124.34752,7.108162,0.0,0.40117025,0.9660132,0.09676348,0.24444982,0.6352581,0.5384946,9.616074,7.688021,4.1452374,4.370095,0.23933253,1.6307762,19.057549,0.67526376,11.345365,1.0684253,-8.073172,-1.8743796,-26.065186,-1.0243727,0.023991216,1.1695445,1.1510407,0.67768216,9.957593,0.44501334,10.330389,0.5755637,35.142105,0.27553934,810.9284,0.15497917,1343.7878,0.17656636,-104.33668,-0.86614674,1978.5979,0.0995076,1236.9608,0.30517888,-111.957596,-0.7036368,2962.6455,0.059739474,909.2214,0.4087933,-111.90298,-0.7060209,-21.50024,-0.24067843,30.332317,0.17859499,0.06517038,0.20198812,-0.040596407,-0.26426414,0.39190707,1.250059,23.049559,0.3111409,15.896018,0.62252975,-9.950057,-1.6200895,-44.829834,-0.42739674,-10.0384445,20.874813,0.028951446,0.0029494702,0.05154006,3.7313435,2.3255816,0.22333333,0.21296844,0.1375,0.071195155,-23.976965,17,3,12,SPEAKER_05,225.233333,234.566667,232.73721875,234.566667,4,1.3569482499999594,1.3569375,engaged
33.670242,0.0073367613,33.552994,33.688435,33.85564,0.30264664,9.187165,0.0,-29.244995,0.0,0.12824655,0.22800227,0.10504941,0.11544409,0.16187276,0.05682335,0.9357511,0.0,-2.2413943,0.0,0.02487254,0.36065197,19.79626,0.13807371,12.855993,1.055027,16.43863,1.0429922,16.477861,0.47046715,0.008976549,0.41308844,1.1339163,1.0439206,9.846388,0.17315377,11.118732,0.5281876,16.666927,0.39279887,967.28436,0.1939014,1595.0326,0.21496935,-36.60509,-0.17665057,1922.5656,0.14079344,963.4057,0.16343077,-30.991516,-0.27522945,3015.4712,0.069034465,961.9855,0.096000805,-36.466408,-0.1218507,-20.572716,-0.23404542,28.176117,0.22350214,0.0069822376,0.95001197,0.005386986,0.69435304,0.027849149,0.37177998,18.962706,0.1468419,21.899298,0.43966347,27.067461,0.2719706,14.4981785,0.56070334,0.0,0.0,0.0,0.0,0.0,6.666667,11.111112,0.08,0.0,0.0,0.0,-43.42287,17,3,12,SPEAKER_06,225.233333,234.566667,233.10846875,233.27721875,1,0.16875000000001705,0.16875,engaged
37.81394,0.13464086,35.253372,36.613728,38.94111,3.6877365,136.1078,157.2413,191.871,389.4913,0.41228,0.86803097,0.12695274,0.34676197,0.6292414,0.5022887,5.8683763,3.2299192,4.2060933,2.5822937,0.19037603,1.0403153,23.628805,0.6857961,12.042855,1.1483124,-7.0299897,-2.4057298,-12.982395,-1.3476334,0.024846284,1.7248602,1.142264,0.8519656,9.274196,0.42431155,11.317908,0.997705,35.270588,0.29342407,743.2081,0.25461656,1395.4335,0.19751456,-78.050896,-1.1028097,1821.9692,0.13618588,1180.8737,0.23688373,-82.976295,-0.90197104,2939.0288,0.085907385,998.2944,0.30168396,-87.94255,-0.8089908,-19.01193,-0.5850023,32.411736,0.32677764,0.073771216,0.3035997,-0.02072678,-0.7485032,0.23814453,0.87025136,29.448008,0.43538168,11.717417,1.2334651,-8.36363,-2.2014985,-18.802694,-0.84171516,-9.5378275,17.714502,0.044660114,0.0042794035,0.08692053,2.9175785,2.9282577,0.22625,0.28448802,0.09973684,0.097318985,-25.325966,17,3,13,SPEAKER_05,234.6,249.866667,234.6,249.59534375,4,13.729718750000018,13.7296875,disengaged
36.578316,0.10525634,34.59934,36.55011,37.931587,3.3322487,757.1601,1175.9961,62.000706,58.54484,0.2936797,0.70143366,0.0992318,0.26427063,0.48654896,0.38731715,4.9333324,2.3140776,2.935802,1.2444868,0.12602821,0.86381745,21.888792,1.0050082,14.16621,0.9243249,-1.499095,-10.248368,-8.244184,-2.0251062,0.023373121,1.9576621,1.1300828,0.80292016,8.946524,0.43809628,10.255116,1.2584891,36.185364,0.3074376,743.1751,0.23743986,1398.6842,0.1627284,-82.26018,-1.0642247,1862.5636,0.11446138,1155.2744,0.30891845,-87.999344,-0.8834745,2985.6907,0.078656524,1065.2051,0.26927087,-92.95851,-0.79313666,-20.206236,-0.5848157,32.366577,0.38232586,0.07879937,0.21341014,-0.020280074,-0.82013077,0.17120153,0.5909255,32.246716,0.39613643,12.464272,1.1182401,-3.438051,-4.6952705,-15.409343,-0.87258923,-6.4347286,13.758582,0.047763243,0.014039206,0.043921273,3.669725,2.7829313,0.22666666,0.23722471,0.12,0.14162324,-29.126856,17,3,14,SPEAKER_05,249.9,255.4,249.9,255.4,2,5.466250000000002,5.46625,engaged
35.272655,0.09618111,33.179035,35.977467,37.820377,4.641342,155.31206,181.73352,26.870832,19.87457,0.27156222,0.76887083,0.06505787,0.23889598,0.46186018,0.3968023,4.5393662,2.7524955,3.5284736,1.7836485,0.12600772,0.87148964,27.433876,0.5947414,15.8837385,0.72234946,-1.0513113,-12.165899,-9.769881,-1.6849489,0.020905275,1.5969826,1.1132549,0.8151897,9.143961,0.37508956,11.4755,0.86915255,38.804142,0.23137991,776.59406,0.24104398,1386.8362,0.1325748,-86.04986,-1.016872,1873.6265,0.1394474,1175.5785,0.24161246,-93.34945,-0.8280108,3016.271,0.08386441,1038.2449,0.26033902,-98.21932,-0.748125,-22.712215,-0.4470031,36.008297,0.2671264,0.07267206,0.25803828,-0.024152502,-0.6040234,0.17073606,0.6205265,35.090336,0.23631887,14.847142,0.8282484,-3.2782168,-4.0776267,-18.464264,-0.60747284,-15.312094,23.41656,0.04214045,0.004322576,0.054347996,3.7634408,3.269755,0.18416665,0.08331249,0.10166667,0.067185484,-29.031694,17,3,15,SPEAKER_05,255.433333,263.233333,255.433333,260.34471875,3,3.730135750000045,3.730125,disengaged
37.067833,0.038435433,35.890396,36.392952,38.57092,2.680523,35.092403,20.148533,33.13961,18.191782,0.29849717,0.91477877,0.039923105,0.21129695,0.571481,0.53155786,5.5486836,2.7236412,2.6602848,2.001247,0.09470727,0.86827964,22.210512,0.6415489,12.892582,0.8930869,0.61002725,24.993692,-4.9373016,-3.173382,0.016529048,1.2937757,1.3594862,1.0117221,10.698362,0.2233362,-0.0037778516,-3305.1753,26.131332,0.34660596,786.0704,0.13950968,1322.521,0.14815077,-77.89026,-1.1164382,1849.7542,0.084470384,1014.5335,0.38682106,-84.30922,-0.9314915,2968.944,0.05045129,882.9605,0.30983213,-90.78845,-0.81513804,-18.639503,-0.4179061,29.512667,0.3967706,0.060264237,0.38285947,-0.023634875,-0.53270185,0.133206,0.5557093,28.261415,0.35526463,9.159587,1.0896822,-4.156753,-3.9573762,-13.841654,-0.8346694,-12.233527,21.089123,0.020106347,0.022299979,0.022368198,4.2253523,2.2058823,0.29666665,0.14727147,0.13666667,0.12970051,-30.729046,17,3,15,SPEAKER_03,255.433333,263.233333,259.66971875,261.74534375,2,1.4343749999999886,1.434375,disengaged
41.979088,0.117006786,40.018585,40.640682,48.302475,8.28389,74.15467,33.4472,108.97095,60.588303,0.5878113,0.5095411,0.3133086,0.65043896,0.8253093,0.5120007,4.2636724,2.862318,3.0417094,1.6673445,0.17432824,0.9045245,22.02747,0.4022321,-2.7587595,-3.945889,-21.786621,-0.6899352,-40.66626,-0.36848295,0.034270708,3.3468168,0.78012383,1.3174063,12.683415,0.3000261,10.859528,0.99328077,31.783314,0.18799818,849.43726,0.15787566,1139.914,0.14955407,-20.316757,-3.0796938,1959.5961,0.09579354,978.282,0.24013892,-41.711403,-1.2359504,3005.3994,0.052512456,715.66644,0.27356097,-45.24859,-1.1015491,-20.743479,-0.35445997,31.483824,0.20105545,0.07782031,0.38762167,-0.03178746,-0.52435625,0.19496757,0.8335336,23.538673,0.25312638,-2.891478,-3.2691858,-22.617897,-0.5722492,-44.140102,-0.28990743,-9.738042,16.352184,0.052553676,-0.010775281,0.03430902,3.1446543,2.027027,0.4333333,0.25037748,0.06,0.03,-23.702116,17,3,16,SPEAKER_03,263.266667,271.9,263.50034375,265.96409375,2,1.603125000000034,1.603125,engaged
45.25959,0.06275983,45.0624,45.74095,46.62551,1.5631104,70.865906,78.82528,28.419586,26.836365,0.53274,0.45873475,0.38101444,0.48161483,0.6265306,0.24551615,3.8566518,3.085914,3.587535,2.6321332,0.15733694,0.987252,25.765654,0.22030133,-3.5959525,-2.8350468,-22.402805,-0.55478376,-31.143608,-0.32487482,0.010121443,1.1242177,0.47464836,1.0056453,15.5101185,0.19116911,19.300657,0.51004034,31.977074,0.24887857,880.1944,0.09459741,1159.3484,0.13204117,-21.964968,-2.1112924,1888.4363,0.077608876,999.7633,0.20493111,-39.304974,-1.0525781,3022.5955,0.044214115,748.9101,0.28902462,-49.053062,-0.7694036,-22.028402,-0.31158084,36.323566,0.15895328,0.099316545,0.17826585,-0.012663714,-0.78875464,0.15892957,0.9990735,26.273148,0.18560079,-3.5650468,-2.8462002,-22.662678,-0.54794896,-31.992804,-0.29527956,-11.584973,23.476585,0.05078407,-0.008427513,0.14462544,2.0997376,1.0666667,0.87,0.6764983,0.095,0.044999998,-24.036812,17,3,16,SPEAKER_04,263.266667,271.9,265.96409375,271.9,3,3.8265312499999595,3.8265625,engaged
47.262245,0.0329965,46.185135,47.745865,48.591995,2.4068604,63.868046,0.0,31.397135,0.0,0.8443718,0.5521128,0.38670164,0.8413807,1.4801304,1.0934289,27.797718,0.0,2.3432994,1.071646,0.33908945,0.8635954,17.549427,0.51187813,-14.898881,-0.8049684,-31.624424,-0.2661213,-31.651953,-0.26956263,0.0054622646,0.47997072,0.30515933,0.5013995,13.37723,0.46503717,16.338701,0.49909955,34.170677,0.14956936,878.449,0.047835406,987.97925,0.11238134,-11.483078,-2.0885124,1890.2942,0.05472342,856.956,0.1944763,-32.91196,-0.7517447,2986.0637,0.04711188,771.2469,0.41322845,-43.806984,-0.47233063,-18.060686,-0.49754325,32.665363,0.28743675,0.109500796,0.25327936,-0.008874599,-0.8602817,0.20814353,0.7738024,20.011003,0.39699316,-10.872908,-0.8968151,-31.17773,-0.33223307,-31.898266,-0.33637658,-22.77488,43.627148,0.11262556,-0.021382842,0.17760998,3.3333335,4.3478265,0.22,0.0,0.0,0.0,-21.078777,17,3,17,SPEAKER_04,271.933333,276.166667,271.933333,276.166667,2,0.31833400000004985,0.3183125,disengaged
44.88292,0.03789988,44.359978,45.392044,45.88414,1.5241623,3.9083073,12.169044,7.9333816,2.131618,0.8941871,0.5157163,0.54521143,0.6277232,1.4929873,0.94777584,3.9812953,1.6762507,9.587253,3.1212513,0.29601046,0.99573416,21.018108,0.35719845,-5.8174677,-1.858041,-29.550898,-0.2506089,-33.83913,-0.347806,0.0073186136,0.8128615,0.4666966,0.6320811,15.2658615,0.16489896,12.199801,0.57419497,33.298878,0.16651104,879.1446,0.11577406,1223.4009,0.12916003,-12.812254,-2.9297028,1886.1564,0.06949164,1036.303,0.17733604,-30.12787,-1.115682,3041.5642,0.046583723,857.67285,0.30465075,-40.346275,-0.78826493,-18.464642,-0.27726263,31.744274,0.23694034,0.08587715,0.26011947,-0.011371303,-0.9145952,0.31294808,0.9630527,20.147558,0.3528361,-6.17976,-1.791874,-30.44959,-0.22531524,-36.182037,-0.23706894,-10.8611355,29.239405,0.09229697,-0.008393127,0.15515463,2.7027028,0.70422536,1.36,0.0,0.04,0.0,-18.88064,17,3,18,SPEAKER_04,276.2,278.866667,276.2,277.69221875,1,1.4922187500000064,1.4921875,engaged
32.60478,0.17581187,29.149967,32.706734,39.856125,10.706158,575.7357,535.7671,24.912077,44.293217,0.15127742,0.49329802,0.064096294,0.16697659,0.2312956,0.16719931,1.0558287,0.6686917,1.2177252,0.4376103,0.042064328,0.5647587,33.39296,0.3877477,19.8845,0.38131616,3.2256796,2.3198943,-12.785879,-1.1380167,0.043033298,1.477632,1.0329285,0.64658153,8.6834345,0.37254536,11.808224,0.53224045,43.58835,0.13931729,838.42847,0.12301222,1335.656,0.14616857,-75.56301,-1.117426,2005.1256,0.06919508,1158.4081,0.16364194,-89.02034,-0.8297201,3091.0525,0.056162436,982.3851,0.27788872,-90.72586,-0.8046148,-28.867025,-0.14524408,41.007397,0.105708756,0.058613937,0.18931475,-0.036954734,-0.26424447,0.053311452,0.40951392,39.553032,0.07053736,21.716825,0.29326078,1.2191263,6.4677224,-21.34118,-0.4081058,-18.323343,28.524239,0.027672999,-6.503313e-05,0.0235157,6.5934067,2.3255816,0.28,0.25,0.08333333,0.06944222,-37.005856,17,3,19,SPEAKER_02,278.9,284.133333,278.92409375,279.85221875,1,0.9281250000000227,0.928125,disengaged
44.87339,0.058241338,43.516693,45.198364,46.57906,3.0623665,74.27909,65.46876,32.253273,39.372627,0.3370149,0.6895582,0.14993978,0.2659875,0.58971006,0.43977028,3.8908792,3.8474631,2.1227286,1.2637417,0.080259204,1.3138222,19.526375,0.8499974,5.5040874,1.7793696,-13.673535,-0.93033963,-22.00592,-0.783422,0.009994932,2.700063,0.44193444,1.1210175,15.860569,0.22969186,18.277039,0.48433122,30.335186,0.31492686,899.67267,0.13951427,1286.9132,0.21804306,-70.099045,-1.1299256,1955.6952,0.07659314,1102.3695,0.2634947,-79.68847,-0.8771132,3075.3643,0.049587417,905.94836,0.3400152,-85.31167,-0.7789543,-26.098284,-0.28129786,38.749207,0.20058762,0.090146184,0.21355994,-0.011320763,-1.0603626,0.09398391,1.1930932,26.79049,0.27864602,5.5174727,1.7497779,-14.858932,-0.76819575,-28.523726,-0.4017214,-1.495422,11.354596,0.033202443,0.010763358,0.042323302,2.32859,1.0430248,0.70374995,0.78303796,0.26999998,0.2676885,-26.021574,17,3,20,SPEAKER_04,284.166667,327.666667,284.47596875,298.98846875000004,7,7.745625000000018,7.745625,engaged
40.36935,0.15168676,34.62985,40.397446,45.78688,11.157032,81.84079,77.01813,72.59205,66.02338,0.40889633,1.0314394,0.08124832,0.314233,0.5971783,0.51592994,5.62836,5.0470915,4.3812017,2.54825,0.17953925,1.4160031,20.906149,0.5882326,7.835943,1.649761,-8.2230625,-2.1419458,-17.581808,-1.1278675,0.026446097,2.498415,1.104475,0.955183,10.979061,0.40682808,10.5081415,1.0665473,29.541132,0.35158235,836.9805,0.19384089,1332.6724,0.18559667,-76.51682,-1.1221613,1874.3314,0.10724715,1104.7457,0.32611117,-83.38813,-0.9205992,2968.0562,0.07247514,896.2932,0.3566766,-87.838135,-0.8392497,-20.338373,-0.3750547,31.980158,0.27691036,0.07125144,0.39139307,-0.020749655,-0.7480553,0.23061116,1.2385441,24.33958,0.41102698,6.9284587,2.0243437,-10.698795,-1.7774037,-24.568245,-0.68926185,-11.840026,20.553835,0.038130473,0.0023342867,0.07174564,2.1565497,2.5682182,0.2559375,0.18459177,0.124827586,0.116755575,-22.940315,17,3,20,SPEAKER_03,284.166667,327.666667,297.97596875,325.19534375,13,12.538124999999923,12.538125,engaged
18.731092,0.0,18.731092,18.731092,18.731092,0.0,0.0,0.0,0.0,0.0,0.23343399,0.35577354,0.15220362,0.28091,0.30434006,0.15213645,0.0,0.0,-0.029802267,0.0,0.122186236,0.4912081,28.449162,0.07186313,7.88663,0.1656215,-18.290195,-0.09753179,-42.85421,-0.14848761,0.006901385,0.0,0.77998364,0.308876,2.1415038,0.27377278,-16.616068,-0.10603964,-11.871722,-0.06391201,936.68665,0.040313188,1294.1595,0.06171026,22.087074,0.016474634,2057.356,0.016132966,1080.6749,0.042438064,6.6912575,0.14301871,3193.9866,0.011609076,945.23816,0.024641862,9.015271,0.042838015,-33.472347,-0.02214973,41.48942,0.009638047,0.12184108,0.03172025,-0.035644513,-0.024274217,0.0891601,0.16780822,26.169378,0.031592328,9.5187645,0.059828866,-18.363947,-0.08906798,-48.495464,-0.025463115,0.0,0.0,0.0,0.0,0.0,0.0,0.0,0.0,0.0,0.0,0.0,-29.736591,17,3,20,SPEAKER_06,284.166667,327.666667,325.09409375,325.17846875000004,1,0.08437500000002274,0.084375,engaged
46.117775,0.13974562,42.997654,47.74872,50.26241,7.2647552,135.50447,96.44163,100.87837,92.00184,1.5557338,0.55664355,0.69244456,1.5105616,2.0540352,1.3615906,14.903805,10.238348,18.400175,11.6878605,0.6596653,1.3802009,16.537542,0.50105774,-9.617503,-0.79644376,-26.688236,-0.46955964,-38.049877,-0.28123823,0.022453737,2.1218834,0.3479978,0.81413126,14.889527,0.35074693,16.508005,0.66176325,27.19573,0.41724557,912.8201,0.08380286,1078.3639,0.1447468,-2.2471142,-6.7440457,1917.6897,0.055253875,918.6052,0.14747359,-22.327673,-0.6039683,2982.2493,0.03205422,753.6781,0.43676805,-30.218908,-0.4144087,-17.972376,-0.37578335,29.61017,0.16248916,0.079700425,0.3592376,-0.027039768,-0.5310281,0.6863264,1.3589993,15.961075,0.49721283,-10.169403,-0.71708214,-27.794641,-0.4134811,-38.683846,-0.26975185,0.0,0.0,0.0,0.0,0.0,1.9607843,0.68027216,1.4599999,0.0,0.0,0.0,-11.590427,17,3,21,SPEAKER_06,327.7,343.033333,327.7,329.32971875000004,2,1.545343750000086,1.5453125,disengaged
44.080856,0.15403329,40.44236,44.704712,46.764565,6.3222046,215.65903,10.160896,14.177728,13.8978815,0.7747146,0.80133736,0.22846252,0.6123456,1.4697467,1.2412841,12.989194,6.5954876,8.11064,6.275557,0.26186255,1.819659,21.843952,0.6330447,2.3054168,6.2024503,-17.02157,-0.76125824,-32.573627,-0.35525844,0.010734207,1.7970488,0.44159687,1.0494971,14.536965,0.27828217,12.192991,0.8034969,27.318447,0.42367005,879.1274,0.15724413,1155.4492,0.1634668,-36.92497,-1.6859481,1980.6381,0.08671806,971.59235,0.2789756,-47.301292,-1.1584857,3006.3535,0.06477961,795.73553,0.33839273,-52.105938,-1.0412277,-20.682892,-0.34287772,29.093935,0.23506942,0.07469007,0.3211428,-0.017709376,-0.7337994,0.29685834,1.7033094,20.015886,0.68460536,0.2169117,65.587006,-19.18539,-0.65161127,-35.211258,-0.25695962,-21.404472,30.775232,0.07280327,-0.03355443,0.054684322,1.111111,1.509434,0.5725,0.95695806,0.089999996,0.06683312,-17.746021,17,3,21,SPEAKER_04,327.7,343.033333,339.35346875000005,342.07034375,1,2.716874999999959,2.716875,disengaged
47.61346,0.07765022,45.11433,49.05827,50.538364,5.424034,77.170944,0.0,-44.51136,0.0,1.0807426,0.76231086,0.14378418,1.0558661,1.9164928,1.7727087,13.660166,1.2244639,10.126741,12.034518,0.82458407,0.9324282,5.1332045,1.7280344,-5.3649817,-2.1160903,-30.370901,-0.40545613,-38.82481,-0.4842972,0.059965875,1.3118396,0.9409533,1.1501623,9.269206,0.4143931,11.568368,1.559012,20.48864,0.42544842,915.8114,0.16867308,1067.7356,0.16818069,-64.946266,-1.5020338,1998.467,0.09669484,974.34985,0.21086413,-77.06249,-1.0707723,2967.7,0.05917375,713.784,0.22260311,-75.49015,-1.1108516,-7.475673,-0.5786994,20.999384,0.19870651,0.08060456,0.2747632,-0.01237249,-1.0352032,1.1879226,0.635453,1.6844126,4.5784674,-11.329555,-0.9790529,-35.027657,-0.09971129,-41.779,-0.26522186,-7.9928565,18.781374,0.064974494,-0.013361481,0.36611342,3.9215686,2.1739132,0.29999998,0.0,0.065,0.024999999,-16.175713,17,3,23,SPEAKER_04,345.466667,347.2,345.73221875,346.25534375,1,0.5231249999999932,0.523125,disengaged
45.34211,0.13651867,42.24363,45.533398,49.638588,7.3949585,230.53119,389.50754,368.25323,461.61893,1.1208416,0.87016946,0.28802767,0.7176798,2.273075,1.9850475,8.408792,4.5186863,7.532069,3.946819,0.67127216,1.0823201,9.508335,1.3782469,-14.128945,-1.3197829,-27.386572,-0.52285403,-18.640232,-1.0446053,0.0261104,2.1351454,0.79988337,1.0872748,10.101416,0.4586942,6.95013,1.7170988,25.845747,0.43868268,888.951,0.15599106,1165.8275,0.17212698,-64.226395,-1.4407549,1870.2196,0.08154386,969.6417,0.22016318,-65.78591,-1.2374573,2937.393,0.059695113,843.29645,0.4650667,-72.8529,-1.0584893,-6.33565,-2.0578732,22.553272,0.44937742,0.06568927,0.3833112,-0.0033512106,-6.6495137,0.86681545,0.88817996,11.327455,1.1344278,-16.355305,-1.1768781,-28.718582,-0.4638725,-24.255568,-0.7238474,-0.32117355,13.11909,0.044495057,0.0119176265,0.20773827,2.3255813,2.5641026,0.26916665,0.2276861,0.118999995,0.05593746,-15.332063,17,3,24,SPEAKER_04,347.233333,367.2,347.57159375000003,361.94909375,7,4.741874999999993,4.741875,engaged
31.634293,0.1720547,29.120506,31.890947,36.230843,7.1103363,117.83517,66.263535,276.22617,472.30365,0.19867453,1.0397263,0.055588003,0.14676544,0.25782096,0.20223296,3.0854352,1.7608466,1.4227233,1.7907913,0.10400693,1.8130658,26.442015,0.5481211,16.362577,0.80671406,3.2783499,5.0309725,-1.5231718,-9.827133,0.04652598,2.2135324,1.3068849,0.96473616,8.025002,0.56251365,7.8184714,1.1314884,33.583843,0.45994532,788.4803,0.24165732,1424.0194,0.1958825,-93.85569,-0.9377967,1846.8354,0.0955799,1114.2703,0.28771865,-99.80587,-0.8058209,3005.0742,0.056045417,928.51855,0.35228735,-104.25481,-0.7365902,-25.796862,-0.280493,37.70875,0.20855817,0.047032975,0.52968204,-0.018925045,-0.7607992,0.12539992,1.7323593,31.275534,0.28869182,17.936008,0.7886597,5.3348875,3.3212042,-4.518638,-3.1306465,-15.189711,26.469234,0.027784685,0.0020027733,0.07228893,3.2051284,3.9344263,0.1375,0.1272874,0.11399999,0.0346987,-31.216555,17,3,24,SPEAKER_03,347.233333,367.2,350.08596875,357.25784375,6,3.138749999999959,3.13875,engaged
43.323257,0.13712208,38.88191,44.228798,48.275116,9.393208,159.17601,111.53901,28.244263,160.45331,0.5473359,1.0809844,0.0750947,0.32072887,0.9683595,0.8932648,10.965283,7.0218043,9.382432,12.250903,0.35415122,1.4713342,13.343278,1.0025086,2.2908034,6.330589,-20.138968,-0.69339406,-24.106754,-0.93545663,0.045777034,1.5367136,1.151231,0.9687016,8.785596,0.6287463,9.481842,1.8075762,24.99187,0.47040278,854.05115,0.16089274,1172.1605,0.17509103,-79.057724,-1.2157559,1907.3668,0.09158789,983.3208,0.2368914,-88.53181,-0.9364501,2962.7063,0.054099057,771.99664,0.5187593,-90.68964,-0.89325714,-15.116591,-0.55629987,25.656866,0.36035153,0.080936015,0.34144926,-0.021568166,-0.7696933,0.5297603,1.1109924,16.068386,0.6850044,-1.616861,-9.871528,-24.791855,-0.49920735,-34.29511,-0.5185047,-8.659184,18.1354,0.039831813,-0.0034933721,0.06906616,2.6506023,2.682927,0.22454545,0.18237641,0.12636364,0.06109199,-20.652718,17,3,25,SPEAKER_04,367.233333,373.6,367.29846875,373.40721875,3,4.168124999999975,4.168125,disengaged
47.08341,0.14577039,43.358063,47.40633,53.83596,10.477898,1.350177,0.0,0.0,0.0,0.9005897,0.5938984,0.22847779,1.0157012,1.3642235,1.1357456,14.527886,0.0,-11.33763,0.0,1.0749342,0.7147905,19.464075,0.18648298,-17.109705,-0.40598196,-47.963593,-0.22246543,-28.245234,-0.33636543,0.3253213,0.0,2.8321655,0.1466555,5.2774506,0.5065398,12.718979,1.0451947,33.8474,0.3364123,927.4752,0.103639744,1342.693,0.2654663,-16.141033,-3.0854797,1828.9951,0.051445182,1266.3629,0.29427385,-34.92725,-1.1278011,2988.4255,0.013385379,633.3689,0.17946556,-46.492317,-0.75820243,-7.479176,-0.46343175,31.451931,0.13653138,0.06251956,0.35110053,-0.011964119,-1.1224688,1.5090724,0.41944212,17.829447,0.19519868,-17.334904,-0.48760232,-47.452625,-0.30333933,-29.259756,-0.38856733,-13.15166,34.69503,0.047912728,-0.04014585,0.98842955,3.846154,5.263158,0.14,0.0,0.0,0.0,-17.866468,17,3,26,SPEAKER_04,373.633333,377.9,374.4028437500001,374.67284375,1,0.26999999999992497,0.27,engaged
45.27629,0.060184564,42.720123,44.567654,48.03274,5.3126183,57.81208,25.296616,9.009248,8.747538,0.09589035,1.599909,0.00678277,0.016728368,0.15348113,0.14669836,3.1996837,2.7857842,1.664957,1.6604334,0.029336812,1.9522568,5.6261163,2.3325033,1.3807178,7.269409,-2.6149707,-5.089727,-4.7797008,-3.6238496,0.022447893,0.77734876,1.5929267,0.6152656,9.625846,0.40989727,11.685616,0.79800874,28.679308,0.29625824,897.216,0.18814823,1202.545,0.21737622,-154.88567,-0.5142814,1853.4385,0.09418384,1045.3632,0.24530448,-153.20088,-0.49508756,2966.9263,0.07048255,861.7181,0.27945584,-155.42914,-0.46013555,-11.010582,-0.8466884,24.471636,0.48111624,0.07248749,0.4987113,-0.0033670068,-4.5224323,0.09359689,0.84195465,18.404415,0.5903833,-7.28358,-1.6467037,-17.141657,-0.8519174,-22.443068,-0.64826995,-4.3083615,13.005259,0.020035679,0.026633019,0.0052688294,2.2026432,1.7857143,0.13499999,0.15083103,0.35666668,0.33482993,-38.875664,17,3,27,SPEAKER_04,377.933333,387.466667,379.06034375,387.466667,4,4.558823249999932,4.5588125,disengaged
30.602417,0.11658175,30.133713,31.627222,32.74915,2.6154366,214.61992,149.63484,17.259539,8.7497,0.10344567,0.9097983,0.03235767,0.08497724,0.1481363,0.11577863,1.5730968,0.8516185,1.6875318,0.7618033,0.034656588,1.1720908,24.755768,0.6612215,14.99284,0.53453815,2.4677598,2.5890687,1.0804586,11.56876,0.0371029,1.2273672,1.359755,0.84167516,6.7643886,0.36364958,12.18889,0.9178519,41.16992,0.16007112,781.82605,0.18861666,1388.3374,0.21226484,-110.709656,-0.8080586,1846.4453,0.08245297,1062.4528,0.19561344,-118.11627,-0.6907301,3003.1396,0.05062286,930.29004,0.39057863,-122.58153,-0.6296547,-24.820698,-0.19196281,37.282158,0.12979548,0.05333873,0.3042228,-0.022852112,-0.6330579,0.059536643,0.81462395,37.586327,0.07854009,16.825695,0.49482793,1.8265184,3.8508954,-7.3573112,-1.4683437,-11.365874,21.069946,0.027055806,0.009098258,0.014626267,4.4198895,3.9772727,0.108571425,0.047638092,0.106249996,0.063823484,-40.612267,17,3,27,SPEAKER_03,377.933333,387.466667,379.51596875,384.86534375,2,1.8225000000001046,1.8225,disengaged
42.12644,0.08913031,39.183495,43.060593,45.580963,6.3974686,101.192825,93.21908,38.929344,21.810844,0.18426847,0.99437743,0.013642341,0.13545978,0.3344009,0.32075855,3.511249,1.0072808,2.0459728,1.4079869,0.05975759,1.1839817,10.483337,1.3225834,-1.1442066,-12.566125,-7.759958,-1.383384,-16.071075,-1.2413915,0.032055546,1.2141817,1.4312975,0.5741817,8.045772,0.60473216,7.6762657,1.9972112,22.04862,0.59347916,855.4221,0.175499,1300.3903,0.2122821,-108.7984,-0.87066495,1906.7626,0.085010976,983.46826,0.31997374,-110.82636,-0.78463364,2981.7632,0.062297557,857.29315,0.5061056,-112.75565,-0.75617963,-11.33654,-1.0484357,23.242245,0.42075294,0.06691473,0.37871194,-0.0126453,-1.8324856,0.10110522,0.696328,17.108292,0.6255697,-6.6085196,-2.4169948,-11.432826,-0.9728122,-29.635166,-0.5849655,-4.3050785,13.27226,0.041555285,0.014384696,0.021921221,2.7896996,3.2894738,0.14,0.07411703,0.1775,0.1730667,-37.47341,17,3,28,SPEAKER_04,387.5,396.166667,387.5,392.17221875,1,4.672218750000013,4.6721875,engaged
36.750866,0.0554198,35.139023,36.981422,38.668774,3.5297508,127.715385,95.47402,9.542098,14.782481,0.28085908,0.5981932,0.122314125,0.27510676,0.3947154,0.27240127,4.1859856,2.4887037,3.0214252,1.340343,0.11947465,0.8816092,23.041224,0.8973122,18.367424,0.55324966,1.683456,8.508227,-12.683007,-1.2751132,0.0152170155,0.9734393,1.1483095,0.9464459,9.986843,0.35162923,8.678156,1.2252656,36.626198,0.18021369,771.6597,0.20358048,1321.7649,0.16251269,-75.625046,-1.0805069,1897.4293,0.10291387,1102.6346,0.2412275,-88.50603,-0.7891006,2990.1057,0.06711279,987.21497,0.25599167,-90.96589,-0.7489014,-24.213728,-0.3746415,34.507122,0.29217634,0.06563696,0.31153136,-0.027058907,-0.55651057,0.14481866,0.7030319,32.964844,0.37181723,16.480482,0.5648434,1.9000697,7.405204,-18.817928,-0.7250542,-7.308552,12.982546,0.035789188,-0.000601469,0.06407769,4.1237116,3.3942559,0.19461538,0.20679292,0.085833326,0.05171369,-27.732765,17,3,28,SPEAKER_05,387.5,396.166667,392.27346875,396.166667,1,3.8931982500000117,3.8931875,engaged
34.63408,0.092621505,32.7221,34.012028,38.22047,5.498371,236.1194,279.10226,17.352734,18.952488,0.2460515,0.7893589,0.06401695,0.22448444,0.4016608,0.33764386,5.6974683,2.11774,2.5072036,2.052262,0.10671293,1.1257659,20.30324,0.893821,14.937544,0.82053673,-3.3034313,-3.6866972,-5.93141,-2.6713166,0.017185748,0.7958377,1.189052,0.865478,7.9889755,0.46296784,8.859851,1.0906321,38.58746,0.18065855,784.7338,0.2194787,1397.6523,0.1749142,-91.24844,-0.97553676,1864.6667,0.11700632,1190.7239,0.25458285,-97.96675,-0.8097938,2983.6257,0.07654723,1049.1075,0.2959524,-102.16439,-0.7420444,-20.812748,-0.43635425,33.06945,0.27316105,0.06533934,0.29050073,-0.021412278,-0.83308244,0.151365,0.88109756,31.106964,0.34054694,14.636409,0.84346616,-4.7448344,-2.7713854,-14.551194,-0.9041397,-7.3992844,13.719744,0.03389098,0.012023374,0.04317308,4.040404,3.4246578,0.16499999,0.13522205,0.10699999,0.098290384,-30.353365,17,3,29,SPEAKER_05,396.2,400.533333,396.2,400.533333,3,2.983333000000073,2.9833125,disengaged
39.956043,0.09874076,38.12269,39.6139,42.266315,4.143627,82.612144,42.588787,36.777363,1.1908379,0.32162794,0.5469205,0.12913875,0.37919384,0.4559976,0.32685882,4.959818,2.1639273,3.265619,2.3436425,0.12780151,0.7519347,19.90003,0.7418183,15.458925,0.7037862,-4.1047072,-2.7124784,-25.67543,-0.9625992,0.03114991,2.4584103,0.8889674,1.0861267,12.314462,0.2983275,11.454631,0.51409787,30.117935,0.33673817,844.88367,0.13919376,1263.8362,0.14593405,-63.15621,-1.110319,2042.886,0.073470056,1077.6395,0.32109964,-75.368416,-0.8221528,3015.3408,0.061868444,944.88654,0.3382029,-75.10678,-0.83029693,-24.276587,-0.26946965,31.194187,0.2620196,0.06614401,0.22311391,-0.026470697,-0.43144974,0.1563344,0.6157869,26.471031,0.3419293,17.386496,0.58851403,-2.3795636,-4.5241795,-27.624327,-0.83955514,-4.859877,11.586977,0.048235487,0.012825262,0.025231443,4.166667,3.3333335,0.22333333,0.14659089,0.056666665,0.026246693,-27.211962,17,3,30,SPEAKER_05,400.566667,404.8,400.566667,402.97221875,2,0.9711767500000406,0.9711875,engaged
43.551567,0.056445245,41.08575,43.47818,46.131157,5.0454063,26.179886,0.0,16.874023,19.341692,0.58507097,0.46102914,0.40252256,0.57857215,0.80167264,0.39915007,3.7006981,0.042424917,-2.35,3.382547,0.3391864,0.88650924,25.136356,0.15789057,-0.3142122,-13.588851,-26.49759,-0.5779866,-41.958195,-0.34944844,0.012655889,0.58155906,0.7711986,0.56846684,11.930053,0.27032545,17.49175,0.523708,35.443714,0.37341905,819.3671,0.16384974,1271.0001,0.15474412,-4.992809,-2.144284,1838.94,0.13431115,1064.2906,0.20150451,-24.54522,-0.6609541,2915.7888,0.05262494,758.21533,0.729835,-34.584305,-0.19947705,-18.633589,-0.20955999,29.781002,0.15560614,0.08033569,0.37758127,-0.026417485,-0.41970283,0.3947867,0.74392074,24.333319,0.13834155,-0.7950112,-5.4864683,-25.535282,-0.63143516,-46.204197,-0.2212945,0.0,0.0,0.0,0.0,0.0,4.3478265,2.5000002,0.39,0.0,0.0,0.0,-23.015465,17,3,30,SPEAKER_04,400.566667,404.8,402.97221875,403.4447187500001,1,0.47250000000008185,0.4725,engaged
51.33793,0.09017226,47.71201,48.558277,57.85649,10.144482,40.591305,0.0,519.10364,0.0,0.9201531,0.42878953,0.52523506,1.0217009,1.3050718,0.7798368,13.743678,0.0,-15.381651,0.0,0.7660412,0.4946605,24.156229,0.15635024,-16.11564,-0.6159436,-47.52755,-0.13740763,-28.960257,-0.26015344,0.06641806,0.41912904,3.3705819,0.2542728,3.3867204,0.4607675,17.5403,0.0760176,32.301163,0.4527588,857.54724,0.20448062,1456.4789,0.13519576,-105.384674,-0.7810768,1826.1143,0.1520175,1457.7751,0.21917537,-110.52635,-0.6001062,2889.6091,0.11836169,1120.8712,0.2427906,-105.13546,-0.59712243,-11.206908,-0.081056036,32.268574,0.08201989,0.069593415,0.07835179,-0.020201314,-0.36726335,0.5980527,0.40132964,27.243511,0.05641196,-8.344773,-0.92970514,-41.32744,-0.17749815,-31.70613,-0.12843764,-10.028262,33.562023,0.07845155,-0.020356726,0.9697573,5.882353,9.090909,0.03,0.0,0.02,0.0,-20.084557,17,3,31,SPEAKER_03,404.833333,407.033333,405.06471875000005,405.25034375,1,0.18562499999995907,0.185625,disengaged
42.734764,0.1708666,35.780582,42.46602,48.92505,13.144466,171.83675,153.66895,136.83652,202.18808,0.71407163,1.1137089,0.13243635,0.3829544,1.261436,1.1289996,14.74355,11.048826,10.697898,9.943479,0.43262428,1.6083586,16.201996,0.89198786,3.9050992,3.932277,-15.117163,-1.1450776,-23.20019,-0.9245272,0.029133933,2.1473272,1.0101719,0.83023643,10.557927,0.42062548,11.523156,0.9666912,28.419212,0.43783206,816.59247,0.2096977,1257.8353,0.20099802,-74.27303,-1.2051263,1889.7705,0.107504204,1031.6375,0.27442396,-78.84977,-0.9866585,2934.893,0.067071036,830.90814,0.3463502,-82.25382,-0.917154,-17.158226,-0.48173815,27.90011,0.32834977,0.075273156,0.32549423,-0.024315055,-0.6738976,0.58393544,1.3359628,18.427134,0.68069893,1.5765349,10.228727,-18.244535,-0.97728395,-30.464212,-0.6069339,-10.334326,19.76931,0.051735725,-0.0030549758,0.10026777,2.7955272,2.8089888,0.23657142,0.22755773,0.107812494,0.075487345,-16.789156,17,3,32,SPEAKER_04,407.066667,452.2,407.49471875,431.03534375,10,12.538124999999866,12.538125,engaged
37.973286,0.15243095,33.181683,37.275024,42.27779,9.0961075,313.4392,800.1486,175.03317,393.58597,0.3320029,0.87026536,0.08327395,0.25157496,0.5699083,0.48663437,7.161462,6.2495484,4.757133,4.6338596,0.1302049,1.4872171,18.937792,0.8866066,9.100292,1.4219702,-10.094697,-1.6907648,-13.465371,-1.2646353,0.025092069,1.7788143,1.0454173,0.89130044,9.460527,0.49472558,7.2871146,1.3277354,29.911472,0.29907486,770.07904,0.21297039,1336.7915,0.18295176,-88.37147,-1.0234294,1818.8864,0.118554145,1051.6713,0.28636223,-92.81626,-0.8919533,2928.6409,0.072824754,863.8101,0.3550257,-98.44014,-0.79199624,-17.783772,-0.47833323,30.233805,0.2989861,0.07172636,0.32682624,-0.020284945,-0.85825795,0.1788072,1.243029,25.84149,0.35024574,8.312108,1.6267742,-11.4724455,-1.5919564,-19.798077,-0.79625434,-7.8965597,17.806612,0.038267333,0.0055458844,0.055085868,2.8871393,2.6856241,0.21784313,0.19509986,0.15477273,0.17374863,-27.798882,17,3,32,SPEAKER_03,407.066667,452.2,409.23284375,452.12909375,9,19.068750000000023,19.06875,engaged
0.0,0.0,0.0,0.0,0.0,0.0,0.0,0.0,0.0,0.0,0.0071128234,0.39668474,0.005434191,0.0059435046,0.008173136,0.0027389452,0.09266263,0.08306999,0.048876576,0.031280864,0.000460597,1.6900066,-1.1080815,-4.027107,7.726588,0.5976605,5.2507315,0.9619938,-3.3723428,-1.7197567,0.0,0.0,0.0,0.0,0.0,0.0,0.0,0.0,0.0,0.0,0.0,0.0,0.0,0.0,-201.0,0.0,0.0,0.0,0.0,0.0,-201.0,0.0,0.0,0.0,0.0,0.0,-201.0,0.0,0.0,0.0,0.0,0.0,0.0,0.0,0.0,0.0,0.0,0.0,0.0,0.0,0.0,0.0,0.0,0.0,0.0,0.0,-3.9151177,10.231459,0.028470254,0.03306233,0.00048715036,5.882353,0.0,0.0,0.0,0.62,0.0,-82.69608,17,3,33,SPEAKER_01,452.233333,460.033333,456.61784375,457.30971875,1,0.6918749999999818,0.691875,disengaged
49.555573,0.08346433,47.398785,47.51738,49.690506,2.2917213,21.780113,13.351974,103.49372,0.0,0.6851616,0.60625315,0.2420721,0.8040946,0.9266379,0.6845658,22.333628,10.835881,6.832897,10.387587,0.2893174,1.5794444,10.059702,0.6045033,-1.6923224,-5.6379743,-21.32245,-0.5431062,-41.566505,-0.56843233,0.014921333,1.7369019,0.75090885,1.0898176,14.930556,0.2571166,20.86388,0.22263025,17.395123,0.43598107,878.939,0.08621737,1004.19885,0.25016505,-53.49446,-1.5444077,2115.1565,0.097632065,775.06055,0.23637153,-71.87913,-0.93708336,3023.386,0.037337385,560.89325,0.3176846,-62.97969,-1.1262884,-15.362149,-0.37745994,21.162888,0.3176246,0.11107442,0.2652179,-0.0164905,-0.48577306,0.35170758,1.4466305,11.395328,0.49718246,0.5018181,14.069105,-24.960566,-0.37194303,-49.63853,-0.38679323,-8.134014,16.78474,0.050732806,-0.0037783259,0.037642926,4.5454545,1.2048193,0.64,0.0,0.14999999,0.0,-21.196596,17,3,33,SPEAKER_04,452.233333,460.033333,458.79471875,460.02659375,2,0.8943749999999113,0.894375,disengaged
44.274548,0.10944643,41.11133,44.01887,47.100086,5.988758,227.83945,184.39838,130.14513,195.52023,0.8140853,0.9173505,0.049428675,0.67717016,1.6864437,1.637015,9.761423,5.169265,6.382456,3.8935857,0.3890411,1.3470393,14.631829,0.7024477,-4.425209,-3.3009875,-24.537138,-0.71666586,-27.141083,-0.74494773,0.022077007,1.7576586,0.8142002,1.1149335,12.246386,0.36130628,10.121228,1.1803964,29.842924,0.40139303,858.8417,0.18173721,1300.6082,0.22687173,-77.70336,-1.2324213,1851.6641,0.115092464,1138.5074,0.2796001,-83.325836,-1.0177119,2934.5706,0.07731364,824.2363,0.35101926,-88.35189,-0.9116994,-14.271754,-0.5259693,28.652567,0.31734267,0.06699882,0.36112726,-0.01761596,-0.9811724,0.5245183,1.0703161,17.640665,0.5175362,-7.556749,-2.0039654,-30.24016,-0.52294266,-35.756275,-0.4453009,-8.12749,17.856325,0.035898797,0.0072062463,0.12910649,2.3460412,1.9548873,0.3223077,0.27593628,0.18249999,0.16083765,-16.620413,17,3,34,SPEAKER_04,460.066667,484.833333,460.29659375000006,480.15846875000005,5,6.834374999999852,6.834375,engaged
48.613487,0.047270704,45.961456,48.62343,50.530777,4.5693207,16.943586,8.3363,18.051912,1.6910335,0.29581904,1.3838328,0.007725686,0.018520344,0.6737297,0.66600406,3.6728847,1.1148438,3.5689876,2.576571,0.10920135,2.4008074,8.314696,1.2601258,2.6902854,3.70075,-9.986587,-1.7460251,-11.547231,-1.7549111,0.008689751,1.6092217,0.5670232,1.3387462,15.565544,0.2614377,15.328243,0.5326249,28.144768,0.32690585,878.0344,0.17933406,1235.4052,0.20534678,-137.7316,-0.6543733,1901.1698,0.09889686,1111.6174,0.21824856,-137.7716,-0.59883034,2992.2449,0.05122874,801.53094,0.3328223,-140.76118,-0.5581438,-19.723446,-0.19479768,31.84954,0.18837075,0.08500776,0.33843893,-0.018252967,-0.8121762,0.27724758,1.36419,17.044489,0.28471124,-6.584208,-1.0180186,-28.725788,-0.37691802,-34.055862,-0.30054435,-6.599131,13.813974,0.0254826,0.02383698,0.015917065,0.92165905,0.93240094,0.38,0.21083167,0.6725,0.912041,-22.324982,17,3,35,SPEAKER_06,484.866667,506.133333,485.25471875000005,494.02971875,4,4.353749999999991,4.35375,disengaged
41.614666,0.18409671,31.850986,44.860764,47.61305,15.762062,212.12404,97.273994,1064.7109,1469.1375,0.15120609,1.4597558,0.0057803537,0.014555494,0.3374882,0.33170786,2.7877073,1.5545295,2.1865773,2.339729,0.061212823,1.8823241,10.833426,1.5437273,7.6937447,1.1300621,-5.663405,-2.7135868,-12.202735,-1.654237,0.020656144,1.3907605,0.9516352,1.0318432,11.057946,0.59952545,9.653641,1.2843535,33.504093,0.29075563,872.3591,0.13047165,1229.2887,0.16270593,-142.4204,-0.6089265,1920.4369,0.09704705,1097.727,0.27608025,-147.33224,-0.52746993,3023.4954,0.052716244,812.66907,0.30594075,-149.69711,-0.49225372,-21.071707,-0.36327016,34.814972,0.24010167,0.08669046,0.3137402,-0.022009658,-0.97178644,0.15672858,0.9709312,27.542387,0.3256852,3.7524242,2.5678248,-19.936789,-0.6729042,-33.67789,-0.42831528,-5.631198,13.180193,0.031004015,0.02298812,0.018790914,2.0576134,1.4553015,0.20285715,0.18335868,0.405,0.44508424,-31.540085,17,3,35,SPEAKER_04,484.866667,506.133333,495.17721875,501.55596875,2,4.876875000000098,4.876875,disengaged
38.210354,0.067329444,36.596596,38.361996,40.093845,3.4972496,46.90791,8.844131,36.724,49.18776,0.3993611,0.56122136,0.18224393,0.3919939,0.6147045,0.43246055,5.8061614,1.5437189,3.112272,1.956831,0.14939006,0.5486881,27.684423,0.29875976,11.897435,0.73080593,-9.245153,-1.6453047,-11.606303,-0.92616177,0.018791633,1.9767861,1.0936464,1.0367733,11.360555,0.26633957,3.673604,2.714723,30.077602,0.33407927,777.7976,0.1780848,1314.3485,0.14699326,-32.573067,-1.4860986,1853.4196,0.09309188,992.9446,0.20537412,-43.789665,-0.9202522,2985.6292,0.060723588,874.32245,0.2133144,-53.884655,-0.6933864,-19.257017,-0.33035597,32.77615,0.3022342,0.061814032,0.27882642,-0.025143223,-0.5065667,0.16110463,0.4905096,28.100712,0.26209307,11.587466,0.7937273,-10.566692,-1.5200069,-13.176349,-0.79877424,-12.168955,20.905138,0.04817553,-0.0016972837,0.071592316,5.825243,3.0927837,0.28666666,0.020548047,0.024999999,0.005,-27.452389,17,3,35,SPEAKER_03,484.866667,506.133333,504.3065937500001,505.35284375,1,1.0462499999998727,1.04625,disengaged
36.147263,0.09812877,31.825407,36.24376,39.67451,7.849104,31.8871,16.19428,32.00504,6.8213406,0.3627462,0.6732163,0.14368846,0.33422935,0.54510057,0.40141213,8.017174,3.4036233,4.6278634,1.9459745,0.16512294,0.84266895,26.69696,0.47909,12.862747,0.975613,-3.8841903,-3.200941,-7.9981704,-1.3361536,0.0238427,1.1474842,1.1447796,0.8150096,8.773818,0.4210241,6.9751496,1.3090187,32.184803,0.3083139,771.7584,0.22518912,1341.2917,0.12757231,-63.971443,-1.2313454,1821.1055,0.11614378,990.69507,0.2671568,-69.207,-1.043067,2952.1218,0.08238701,918.74426,0.34790003,-77.5177,-0.86568207,-19.403923,-0.34639224,29.629854,0.30164453,0.06749691,0.2603106,-0.025831968,-0.56420517,0.19603674,0.71643984,29.928858,0.28044197,10.7547655,1.2177584,-5.7340803,-2.30835,-9.38463,-1.1765151,-16.195494,23.756987,0.04455298,-0.0140446555,0.08889862,4.7468357,3.215434,0.222,0.15124813,0.07555555,0.04112612,-28.424349,17,3,36,SPEAKER_03,506.166667,524.933333,506.28096875000006,515.5790937500001,5,3.1725000000001273,3.1725,engaged
32.52265,0.25410348,29.019516,30.082703,30.818161,1.798645,157.33325,0.0,55.793835,56.771065,0.33577672,0.54326904,0.16608793,0.26587513,0.55911285,0.39302492,6.7634087,2.3470194,1.3829485,2.1506033,0.13938233,0.73592865,21.959404,0.8934761,14.0185,0.41321096,-4.1107554,-3.8632388,-25.597824,-0.5988814,0.037380666,1.173105,1.6622807,0.470227,4.687594,0.93906766,-4.094909,-1.216331,28.67571,0.4254156,734.8298,0.28750023,1436.2548,0.10611321,-63.99949,-1.3719807,1827.717,0.13573925,1207.8137,0.15076323,-71.58088,-1.0415062,2903.717,0.06469897,1003.20905,0.19938006,-76.68723,-0.9340607,-17.058794,-0.6190444,26.980024,0.54250526,0.081740685,0.273029,-0.037954327,-0.3925589,0.1649151,0.62797743,25.266352,0.7152566,16.527895,0.32887462,-9.577878,-0.82427984,-30.303963,-0.35335964,-8.912926,13.266916,0.06105981,-0.032043353,0.11388576,3.1746032,3.448276,0.19999999,0.16,0.043333333,0.026246693,-29.298029,17,3,36,SPEAKER_00,506.166667,524.933333,512.3897187499999,513.03096875,1,0.6412500000001273,0.64125,engaged
42.006294,0.18028241,36.936016,39.760498,47.983498,11.047482,369.41714,642.73425,366.25598,321.67,0.3265815,0.99383825,0.07274199,0.2460401,0.48260552,0.40986353,7.288714,5.779971,3.9350426,2.2899666,0.1669593,1.7883512,14.344009,0.8383324,5.7767086,2.1006525,-10.132688,-1.624465,-16.949196,-1.0208429,0.026957832,1.3835341,1.4244343,0.7841937,9.559507,0.550228,12.670777,0.8071192,30.837324,0.36223853,834.1742,0.19230153,1270.169,0.21573797,-136.42497,-0.6427764,1896.2462,0.09979597,1085.8757,0.26035607,-136.35977,-0.58743805,2919.0227,0.07247516,906.3021,0.40676954,-138.77406,-0.5547933,-14.857433,-0.5545019,27.678255,0.34881353,0.07220377,0.44347543,-0.016622767,-1.1179464,0.3208912,1.2446078,19.4341,0.51572907,1.0783961,14.5490465,-18.353453,-1.089581,-25.926718,-0.81253815,-8.1873865,15.514084,0.03803002,-0.0032784159,0.0803184,2.7290447,2.7559056,0.12428571,0.08209004,0.23461537,0.46249515,-25.5323,17,3,36,SPEAKER_04,506.166667,524.933333,515.5790937500001,521.58659375,3,5.146875000000136,5.146875,engaged
37.544827,0.056585114,36.813362,37.95117,38.97555,2.1621895,80.230385,63.468388,21.72786,4.095029,0.31031486,0.6927674,0.10659215,0.2991191,0.5177944,0.41120222,3.1142817,1.3424311,2.0480278,0.7949337,0.13447294,0.90622735,25.956354,0.6204624,19.575844,0.47005835,2.6679378,5.2429237,-22.404194,-0.68101,0.016617665,1.1508515,0.92320645,0.97116804,11.484837,0.29163572,9.031097,1.0069759,35.873745,0.17826992,767.1006,0.17840075,1310.4662,0.12778836,-90.950714,-0.96603745,1903.788,0.10493287,1081.7793,0.1888069,-101.8983,-0.7197008,2987.7168,0.070383996,797.658,0.2801525,-101.25681,-0.7252582,-25.686672,-0.33082992,35.578335,0.29983565,0.07558197,0.18231675,-0.033665758,-0.2982902,0.18880163,0.6646637,32.98736,0.36298376,20.859694,0.4536598,-0.48237184,-30.007359,-30.377794,-0.3293063,-12.956382,18.387373,0.05687015,0.0011699545,0.050270285,3.521127,2.9411764,0.2025,0.10328964,0.1175,0.07224091,-25.024296,17,3,36,SPEAKER_05,506.166667,524.933333,520.03409375,524.933333,4,1.4398642499998004,1.439875,engaged
35.986645,0.0647889,34.648216,35.891582,37.265465,2.6172485,290.98254,294.45877,23.42843,26.477718,0.256446,0.6808195,0.10613325,0.21131802,0.39392546,0.2877922,4.0511575,2.7200391,3.8518882,2.5882082,0.1119169,0.89986765,22.35288,0.95110816,16.851068,0.6775206,-2.4489236,-5.665342,-8.982522,-1.7641289,0.039599203,3.6945379,0.9356933,0.71436435,9.39524,0.34601733,7.659497,1.275405,36.93075,0.22796324,779.439,0.2372678,1399.2162,0.182601,-78.52156,-1.0705907,1897.9406,0.13337874,1128.2013,0.24739029,-88.467094,-0.84182066,2996.5718,0.0856111,1107.2454,0.26671648,-93.4057,-0.75691473,-22.489756,-0.4581719,32.995705,0.35566592,0.071431994,0.2271804,-0.024605522,-0.55362356,0.13912101,0.6724698,33.214016,0.34477016,14.954744,0.79157096,-2.0560899,-7.6811347,-15.982294,-0.84559155,-7.829892,13.873485,0.051656745,1.2954291e-05,0.062395535,4.3333335,3.3898304,0.188,0.17098537,0.106249996,0.060608886,-30.957489,17,3,37,SPEAKER_05,524.966667,528.333333,524.966667,527.9822187500001,1,3.0155517500000997,3.0155625,disengaged
35.10133,0.06438264,33.79422,35.161858,36.960674,3.1664543,189.40974,139.34802,13.576996,11.491069,0.23933089,0.7925138,0.023501758,0.23898654,0.39027688,0.36677513,4.597408,2.8270004,2.2644613,1.7252831,0.09694604,1.0595883,20.731167,0.91696167,12.829746,0.88366467,0.6859175,18.893734,-12.379814,-1.298118,0.0125147225,0.7515345,0.9854163,0.64442205,8.880062,0.36607158,8.733955,1.1575618,36.710426,0.28661138,751.39886,0.22990943,1347.198,0.12703285,-92.264046,-1.0079645,1881.755,0.11262924,1127.9908,0.2435901,-101.3505,-0.8086013,2980.9314,0.075109854,1005.7393,0.3345626,-103.913925,-0.76562595,-20.499123,-0.4688239,31.945984,0.3062501,0.07272228,0.2677259,-0.02474552,-0.56333935,0.14001204,0.70014054,33.416336,0.2556385,12.555547,0.93576455,-0.5781302,-25.65663,-19.970535,-0.6154331,-5.7780185,12.709239,0.040693995,0.015322282,0.039874528,3.7533512,1.902174,0.2957143,0.23187785,0.18249999,0.24190648,-31.557064,17,3,38,SPEAKER_05,528.366667,537.766667,528.57284375,534.0065937500001,2,3.7462500000001455,3.74625,engaged
0.0,0.0,0.0,0.0,0.0,0.0,0.0,0.0,0.0,0.0,0.018083768,1.2571249,0.006752369,0.008184673,0.017476985,0.010724616,0.44550171,0.3016853,1.305973,0.0,0.0037408972,2.0017211,-1.1504604,-5.7063236,4.7260222,1.7656395,-2.1398427,-6.0466743,1.3705002,6.872664,0.0,0.0,0.0,0.0,0.0,0.0,0.0,0.0,0.0,0.0,0.0,0.0,0.0,0.0,-201.0,0.0,0.0,0.0,0.0,0.0,-201.0,0.0,0.0,0.0,0.0,0.0,-201.0,0.0,0.0,0.0,0.0,0.0,0.0,0.0,0.0,0.0,0.0,0.0,0.0,0.0,0.0,0.0,0.0,0.0,0.0,0.0,-1.0528582,10.750823,0.034084868,0.034079123,0.0049265428,4.166667,0.0,0.0,0.0,0.17999999,0.0,-64.579956,17,3,38,SPEAKER_06,528.366667,537.766667,534.52971875,534.78284375,1,0.2531249999999545,0.253125,engaged
41.2947,0.1392803,35.133305,44.42014,46.57245,11.439144,227.478,124.18142,79.64814,39.817154,0.2768317,0.70873773,0.12451486,0.21448004,0.4339825,0.3094676,3.2187815,1.3966732,5.0484343,5.3436193,0.14531884,1.0940647,21.975769,0.46609887,9.008296,0.67244166,-10.99555,-1.0082524,-36.291668,-0.5853611,0.06581433,1.4439502,1.2719568,0.5798293,8.750184,0.57498693,11.296576,1.4176618,29.149086,0.34500328,900.9869,0.09619066,1262.2572,0.14996323,-53.720123,-1.4819559,2010.8756,0.05932251,1281.8082,0.3145058,-71.740654,-0.95902807,2966.217,0.038999245,941.00903,0.30166778,-72.24424,-0.952508,-22.535759,-0.26686916,33.302494,0.19396846,0.09308548,0.22132586,-0.030519402,-0.52645224,0.14919782,0.8638535,24.422539,0.23416233,8.507734,0.6631505,-14.562381,-0.6435025,-42.53067,-0.3229479,-13.03717,20.791513,0.06390193,-0.0017021799,0.16212492,4.424779,2.8037386,0.26333332,0.2264705,0.07333333,0.0094280895,-30.250061,17,3,38,SPEAKER_04,528.366667,537.766667,535.4240937500001,536.5715937500001,1,1.1475000000000364,1.1475,engaged
36.004105,0.08726078,34.810883,36.50769,37.88595,3.0750656,142.20213,102.75241,54.298267,54.10034,0.3110709,0.6893238,0.108093694,0.27245513,0.5101613,0.4020676,4.475697,2.7265453,3.1448183,1.8174145,0.13221003,0.8484464,24.692938,0.8465933,13.665533,0.99267775,-4.5047154,-3.593739,-14.829028,-1.107985,0.023511082,2.0313704,1.0161227,0.8363734,9.290121,0.40902644,5.659619,2.673006,34.64618,0.4007292,750.7035,0.20571816,1356.9655,0.19242212,-81.05857,-1.0947101,1863.9304,0.1235907,1127.9672,0.30000442,-90.59785,-0.8568782,2972.2827,0.0859154,964.80524,0.32233128,-94.510025,-0.7863479,-20.295149,-0.5220286,31.999025,0.32300898,0.07673942,0.21001942,-0.0265311,-0.55800164,0.17041744,0.65326715,33.617043,0.33861196,11.7245035,1.1561532,-5.7944045,-2.9344783,-22.197855,-0.58571285,-10.057757,17.61966,0.062565684,7.282424e-05,0.06456501,3.5495715,2.955665,0.20916666,0.18676895,0.1126087,0.06891818,-28.611778,17,3,40,SPEAKER_05,540.833333,627.5,546.19034375,555.2353437500001,3,8.184375000000273,8.184375,engaged
40.298935,0.13631332,35.13806,40.70272,43.87229,8.73423,292.58112,421.19403,133.77731,177.93767,0.4130337,0.6213575,0.13823943,0.43682352,0.598254,0.46001458,4.773747,3.509322,2.9783378,2.3559437,0.19932787,1.2681812,23.639973,0.5556992,7.379386,1.5966668,-11.642782,-1.6582078,-30.183685,-0.71865284,0.020365436,1.7271821,0.81665224,0.971371,10.775877,0.36729845,12.365972,1.0018275,35.614067,0.29596356,761.5585,0.20427811,1305.275,0.16035557,-64.2708,-1.3778553,1874.5365,0.115675926,1077.3657,0.28873828,-76.02266,-0.97919077,2928.938,0.0707064,883.20233,0.42075288,-80.26245,-0.8937283,-20.724424,-0.26955327,31.029282,0.24651508,0.07432954,0.29733688,-0.033928994,-0.44577467,0.24603547,1.1222115,27.302633,0.23140158,5.442793,2.1101956,-15.256555,-1.2920264,-37.12722,-0.49645105,-11.210166,18.500593,0.05991038,-0.014389941,0.08467561,3.3210332,1.6759777,0.4244444,0.49551567,0.14999999,0.10198039,-26.337341,17,3,40,SPEAKER_03,540.833333,627.5,555.2353437500001,590.9597187500001,6,5.4337500000001455,5.43375,engaged
45.175858,0.16428849,39.256954,45.533207,51.267815,12.01086,178.68686,336.16388,117.63439,118.38666,1.1898656,0.8684338,0.25625983,0.8829511,2.1375227,1.8812629,15.565599,11.082522,9.6363325,7.2624426,0.6491709,1.2923092,12.831483,1.0379274,-7.800266,-2.3413074,-23.580349,-0.7034275,-27.035091,-0.62534404,0.024960395,1.946671,0.8455886,1.073799,11.224846,0.428624,9.2778225,1.2989616,24.063156,0.57245046,860.3939,0.19613367,1196.5016,0.2074971,-48.556614,-1.7071631,1878.7899,0.11432455,993.5728,0.3178846,-53.30236,-1.335839,2940.6963,0.0704116,785.8252,0.33559057,-58.645782,-1.1580119,-9.393164,-1.2579185,23.89291,0.3482315,0.06797676,0.41897544,-0.016138658,-1.1832055,0.75901675,1.1621387,13.193695,0.9413835,-10.203134,-1.8220172,-25.27618,-0.65585625,-29.320219,-0.547764,-7.0618525,17.902824,0.055511717,-0.006799674,0.21130595,2.2988505,2.1981857,0.35476187,0.24611169,0.085172415,0.06484043,-13.479821,17,3,40,SPEAKER_04,540.833333,627.5,562.4409687500001,614.21346875,24,28.7212499999996,28.72125,engaged
39.52753,0.09017064,34.708164,40.96941,41.191597,6.483433,13.7774,4.6317015,9.783615,8.759309,0.32651463,0.55678123,0.22759828,0.2858498,0.37755027,0.149952,3.6952744,4.1453667,2.802256,3.825663,0.08907483,1.9628302,33.262344,0.15782958,9.173056,1.18011,-13.538573,-1.1487685,-27.910755,-0.54190665,0.0088242125,0.9623037,0.50482696,1.2239801,13.687649,0.2090785,7.1307244,0.72462946,39.475323,0.17591125,817.1461,0.16576853,1302.106,0.1709544,-23.56505,-1.8392798,1879.6489,0.10088467,1276.404,0.24395378,-44.554974,-0.7997135,2976.5642,0.048163857,935.8233,0.2820217,-52.962658,-0.6351283,-23.394121,-0.21178184,36.9322,0.11900136,0.050520007,0.31533194,-0.028276324,-0.41562855,0.083155245,2.1854343,33.79758,0.15092015,9.31113,1.187979,-13.329874,-1.1930805,-28.261618,-0.55180955,-18.508497,31.320156,0.06886602,-0.033977248,0.22190368,2.1276596,1.0928962,0.85499996,0.60499996,0.04,0.0,-28.302643,17,3,40,SPEAKER_06,540.833333,627.5,596.7478437500001,619.6303437500001,3,1.8899999999998727,1.89,engaged
31.706957,0.08949788,29.49389,32.51462,33.96048,4.466589,7.4779906,1.1125683,9.806524,5.869081,0.3440758,0.62468934,0.15165712,0.30825943,0.5622254,0.4105683,5.125898,2.2212014,2.8607016,0.951051,0.11041539,0.73121923,28.156893,0.4402079,10.232446,0.7781711,-3.208323,-3.4257886,-12.370554,-1.1573378,0.0107865315,1.021459,0.9845898,0.6903715,8.472837,0.31460682,2.4007854,3.5554202,34.005993,0.18987432,680.338,0.30448183,1370.3358,0.15439864,-29.99562,-2.2279692,1749.2803,0.14348067,1106.9653,0.21579175,-44.16117,-1.3356007,2852.5845,0.090969704,941.18665,0.31135342,-50.670765,-1.1175213,-19.208223,-0.32922485,31.05606,0.24808836,0.07326209,0.28538355,-0.02559189,-0.5901732,0.12485791,0.6268126,31.357235,0.32326767,9.470452,0.8443834,-3.4791467,-3.204284,-14.295644,-1.0169464,-11.122255,17.83435,0.038908824,0.0034567409,0.0348468,3.9215686,2.0100503,0.4175,0.3122799,0.055,0.015,-29.031801,17,3,40,SPEAKER_01,540.833333,627.5,614.21346875,618.92159375,2,2.0587500000001455,2.05875,engaged
38.126434,0.17966534,32.646145,37.02008,43.05095,10.404804,166.45506,254.79759,65.04487,55.303314,0.3361114,1.191498,0.061828997,0.21887787,0.5001242,0.43829522,6.164132,4.6421127,4.127108,3.9847002,0.113658,1.5762728,19.308718,0.8128881,9.707366,1.2706271,-3.488696,-4.4885793,-13.223562,-1.5409586,0.022320282,2.043883,0.97119105,0.9630836,10.3291645,0.40899906,9.464457,1.080558,28.960588,0.39984453,788.3289,0.21215461,1324.6443,0.19084905,-90.29631,-1.0078485,1874.0778,0.10647194,1055.7474,0.27565953,-95.24604,-0.86061674,2970.7212,0.08052613,879.4984,0.35258433,-98.15682,-0.80958056,-19.184656,-0.39353704,29.289192,0.3282656,0.064721994,0.34743065,-0.02104921,-0.7420586,0.15459958,1.273381,25.482515,0.45425278,9.526894,1.4277387,-6.8343225,-2.4772687,-20.784994,-1.0200279,-8.352314,15.765073,0.035646882,0.0063581066,0.04668234,2.71777,2.0114942,0.29285714,0.29477423,0.18925926,0.15209466,-23.242815,17,3,41,SPEAKER_03,627.533333,708.266667,627.74721875,699.60096875,15,14.3606249999998,14.360625,disengaged
39.74646,0.16705582,34.935276,37.944702,46.54399,11.608715,357.989,852.71704,98.50238,119.43559,0.7841333,1.2964878,0.18001935,0.404327,0.863001,0.6829816,15.170835,14.545926,9.470646,11.959339,0.34414506,1.7022135,23.08953,0.71705407,4.3009114,4.6086226,-9.233197,-1.8018923,-14.453675,-1.0027424,0.03100197,1.9661843,1.0185916,0.83843595,9.5820465,0.45686126,10.418928,1.1577209,30.763945,0.42622796,778.7953,0.25153804,1326.9921,0.18920706,-55.75924,-1.4552404,1857.3512,0.12602781,1137.4927,0.2600514,-61.396286,-1.1559323,2932.285,0.089662395,999.97437,0.28878987,-66.52426,-1.0231671,-14.736628,-0.9693975,28.653019,0.4017134,0.07099703,0.2772393,-0.018221688,-0.9435009,0.4178192,1.5375736,25.64811,0.57638747,2.3172953,9.11632,-10.710027,-1.6084414,-17.957329,-0.70732045,-10.775588,20.387712,0.051380187,0.0040081213,0.08627687,1.4742014,2.319842,0.3280851,0.3952356,0.09414633,0.08144954,-16.544931,17,3,41,SPEAKER_05,627.533333,708.266667,633.09659375,708.266667,14,20.3600732499998,20.3600625,disengaged
44.133335,0.12341935,40.1461,43.795605,48.361176,8.215076,234.79558,310.4623,133.68964,174.27141,0.779669,1.0205846,0.15519024,0.48722348,1.3767014,1.2215111,11.204118,7.927619,9.291258,6.0801477,0.45528892,1.5247465,14.311179,0.76207817,0.78746885,24.34131,-19.083963,-0.85852903,-25.902483,-0.81845725,0.024105025,1.8452759,0.9181079,0.95367646,11.087692,0.41657698,8.431226,1.3838773,23.737452,0.49333885,872.5494,0.15558006,1197.176,0.17562386,-62.787403,-1.3627672,1914.7,0.09331678,1053.075,0.28608003,-70.26637,-1.0677956,2972.0813,0.05823796,779.5671,0.45430872,-72.50945,-1.0073785,-12.878851,-0.8761957,25.623362,0.36751965,0.06727507,0.3856064,-0.01687297,-1.0681586,0.5678831,1.3245213,15.460414,0.6508099,-0.7557269,-27.379791,-21.8834,-0.7350665,-32.233383,-0.5604391,-8.067869,18.582817,0.04107123,0.004039718,0.1361568,1.9040365,1.8348624,0.3958333,0.32731125,0.13434783,0.09990543,-17.530996,17,3,41,SPEAKER_04,627.533333,708.266667,652.1484687500001,688.9697187500001,8,13.14562500000011,13.145625,disengaged
43.697666,0.14233936,39.068695,43.547802,51.18712,12.118423,516.9889,681.9428,64.932686,60.084957,0.21908142,1.2746733,0.017483188,0.121491134,0.36652407,0.3490409,5.362916,3.8934414,2.7686605,2.8239868,0.12078527,2.6268091,5.0643086,3.2781065,-0.33975565,-40.043884,-9.189668,-1.4284116,-12.211901,-1.5283995,0.037873622,0.9875889,1.8122876,0.7016573,7.4908047,0.68670374,9.259491,1.2725693,26.056839,0.43822613,826.3688,0.22449932,1246.7142,0.17241327,-159.49457,-0.46686774,1852.8214,0.110886775,1037.8815,0.34261003,-156.94257,-0.45407292,2935.7534,0.07480701,862.4917,0.3526369,-158.63881,-0.43165922,-14.311622,-0.8782869,28.396597,0.38563225,0.066155255,0.4319774,-0.01735434,-1.3841319,0.33325,1.6078632,19.776516,0.6401732,0.37197757,41.73928,-16.020863,-1.0496767,-23.859053,-0.6843836,-1.3222218,10.054815,0.037321035,0.013700159,0.050869722,2.247191,2.2792022,0.10125,0.07201345,0.2811111,0.30398992,-29.285383,17,3,41,SPEAKER_06,627.533333,708.266667,666.86346875,672.1115937500001,4,3.5775000000001,3.5775,disengaged
35.150944,0.061714318,34.20733,35.420994,35.999805,1.7924767,117.966446,179.02136,24.349659,23.883448,0.33451965,0.7023063,0.124315135,0.27295712,0.560749,0.43643385,5.001237,2.7161863,3.9289062,1.6740041,0.12832063,0.805794,25.856314,0.7008876,6.8455353,2.1661618,-11.12453,-1.511416,-7.479318,-1.7473651,0.017273609,1.1530727,1.1122979,0.68938285,7.607878,0.43930256,6.1395283,1.7518088,33.38478,0.33802962,746.2502,0.2595712,1400.3795,0.16679265,-66.14358,-1.2766147,1822.1764,0.14975898,1155.6411,0.23160256,-71.61452,-1.0468507,2933.9067,0.10676769,1103.1305,0.22017303,-79.42403,-0.87852764,-13.162486,-1.0013262,30.046585,0.32669058,0.07482977,0.18592161,-0.0113884965,-1.5568775,0.15973866,0.63414097,31.927536,0.33187824,5.455962,2.8237457,-11.019544,-1.6699737,-10.861409,-0.96963894,-6.0829334,16.13034,0.058377862,0.005288689,0.04786128,3.992016,3.4412956,0.19999999,0.1719439,0.06941176,0.040652122,-30.44072,17,3,42,SPEAKER_05,708.3,713.9,708.3,713.9,2,5.0262500000000045,5.02625,engaged
40.838573,0.16575074,35.649544,40.592148,47.124683,11.47514,565.8933,762.18585,66.231094,72.2408,0.71681786,1.134107,0.09298453,0.32323182,1.5297108,1.4367262,7.5136414,5.131161,5.434322,4.4237833,0.2848597,1.318689,13.718529,1.1862592,0.67669237,28.541441,-11.608274,-1.6672386,-14.103064,-1.7053792,0.018943666,1.4680545,0.8807656,0.93526065,10.550475,0.4044188,8.016501,1.3081785,27.893368,0.4645412,708.3666,0.2576002,1373.2217,0.13956463,-81.998695,-1.1583483,1742.0845,0.10226227,1134.8414,0.26161748,-79.74356,-1.0400136,2807.0383,0.0871779,928.0069,0.36869782,-85.00343,-0.93363196,-13.903049,-0.69364464,26.253183,0.32899624,0.06870085,0.32438928,-0.01642173,-1.1063304,0.41063341,0.9960304,18.274752,0.70440817,-3.9167526,-5.248242,-16.970104,-1.1971283,-23.871443,-0.9469577,-6.203865,15.912991,0.036744073,0.00873196,0.0511794,2.3923447,3.1476996,0.19923076,0.22605176,0.096923076,0.06181668,-18.51594,17,3,43,SPEAKER_05,713.933333,721.8,713.933333,721.55534375,4,4.19638574999999,4.196375,disengaged
35.42918,0.08142581,34.587894,35.464214,36.71973,2.131836,721.17224,806.13995,34.990875,39.758453,0.29834464,0.7764947,0.08843796,0.24604996,0.51037407,0.4219361,5.2709346,2.6825223,3.5650227,1.8484167,0.12005684,0.8894431,24.068161,0.8065536,9.661719,1.5062363,-8.26664,-2.0296547,-7.7111416,-1.8715078,0.017783118,1.3283826,1.2652028,0.7654064,8.197706,0.40529022,6.5374155,1.7767279,35.074074,0.3261451,693.9519,0.2927175,1439.1421,0.14496323,-78.703995,-1.1407142,1748.0073,0.15047939,1231.7476,0.22536343,-82.67354,-0.9517589,2889.052,0.09248895,1086.1199,0.24863122,-89.61502,-0.82040876,-16.605742,-0.7418719,32.491283,0.31583083,0.076164186,0.22993904,-0.013516557,-1.2012901,0.1595131,0.6539683,32.444107,0.34324658,9.246542,1.6680362,-10.477295,-1.7009877,-12.588964,-1.0048767,-6.883128,15.65491,0.048799723,0.009577985,0.039865617,4.257028,2.8225808,0.22771429,0.1949518,0.11121212,0.09466872,-30.731737,17,3,45,SPEAKER_05,722.633333,737.933333,722.7703437499999,737.933333,5,12.462989250000192,12.463,disengaged
35.72257,0.12966152,32.873417,35.691467,38.696877,5.8234596,268.3742,384.4803,95.23729,100.14687,0.33311957,0.6997747,0.116996594,0.3003385,0.5358051,0.41880852,5.754134,3.0732696,3.723589,1.7211142,0.13823298,0.91280335,24.631956,0.67832947,11.976515,1.0410857,-7.268238,-2.1664793,-12.900644,-1.3102002,0.031157281,2.0332105,1.1333768,0.79351836,8.706713,0.41394415,4.8095183,2.4910338,32.158875,0.2707594,742.1179,0.25359148,1389.3535,0.1652614,-72.08578,-1.2037416,1792.0072,0.14136726,1143.8441,0.25689226,-77.320816,-0.99319917,2917.7817,0.08587505,1001.2611,0.34067097,-83.700676,-0.8653763,-18.37259,-0.4771944,31.909843,0.30801532,0.070397764,0.26121157,-0.023662627,-0.69735724,0.1752613,0.71077555,31.221424,0.33099714,10.130976,1.2571388,-7.8602395,-2.0291233,-18.319832,-0.81663823,-9.914228,18.97189,0.045721866,-0.0007160739,0.05629425,3.5916824,2.6717558,0.25357142,0.15904209,0.10769231,0.11443196,-29.028193,17,3,46,SPEAKER_05,737.966667,753.333333,737.966667,753.333333,3,5.309166000000118,5.3091875,engaged
42.448994,0.15832506,35.7436,41.557194,48.660645,12.917046,378.26733,725.0168,63.338707,46.00471,0.425312,0.98448956,0.075256415,0.28519487,0.71242,0.6371636,9.413438,6.955916,3.632862,4.0434437,0.29277703,1.2203741,15.65089,0.91051495,4.468147,3.2778525,-9.751234,-1.9402394,-7.0120974,-2.5185802,0.04009717,0.81400806,1.6535696,0.72470677,8.7051735,0.4046282,10.502251,1.0071201,26.977186,0.4122792,815.54553,0.26282945,1356.2594,0.21840914,-93.142746,-0.91768205,1788.5674,0.107445575,1049.7217,0.29552183,-87.69891,-0.88509,2927.1829,0.076123685,861.7966,0.3374619,-95.66661,-0.7517205,-15.680531,-0.6169748,26.661787,0.44132373,0.0655656,0.39823082,-0.014676733,-1.2874879,0.375095,0.9943192,19.25604,0.66356826,3.305648,4.6014585,-11.2362795,-1.7842493,-10.56696,-1.7740064,-10.29998,18.47238,0.051366094,-0.0012595492,0.09905492,4.484305,4.6082954,0.13,0.055497747,0.082499996,0.050682835,-23.365557,17,3,46,SPEAKER_03,737.966667,753.333333,738.4640937500001,747.6609687499999,4,2.244374999999536,2.244375,engaged
37.62748,0.13737446,34.579506,36.13864,41.043472,6.4639664,204.87267,364.30606,106.64277,154.82976,0.3696482,0.7581843,0.11948964,0.3372192,0.5733251,0.45383546,5.15154,2.8367124,4.6589384,3.9214947,0.14211442,1.3521688,22.102413,0.71337605,10.396917,1.3233721,-10.578323,-1.5157754,-14.340996,-1.291997,0.017621405,1.6275882,1.020666,0.8425358,9.309745,0.52150446,9.736667,1.1111132,32.920834,0.33102328,762.44904,0.25169092,1346.3159,0.19374342,-65.18706,-1.2925644,1832.8844,0.14254707,1150.6105,0.26140693,-73.64443,-0.99432355,2936.7961,0.089055166,968.6245,0.31538227,-78.33711,-0.8921707,-16.70975,-0.62212366,29.707779,0.33685097,0.06951085,0.27511606,-0.016217161,-1.0286938,0.1719004,1.183009,26.957466,0.44843528,10.673382,1.3405573,-11.627299,-1.4760054,-19.297525,-0.91309583,-7.3283463,16.374859,0.049213506,0.0070804465,0.06239169,2.7201147,2.659957,0.26594594,0.27541083,0.103125,0.103090905,-27.509317,17,3,47,SPEAKER_05,753.366667,775.7,753.366667,770.9653437500001,6,13.98742674999994,13.9874375,disengaged
40.98524,0.12179032,36.673855,40.0439,45.0706,8.396744,50.174034,21.814243,52.943707,26.936325,0.52223843,1.1280824,0.017830398,0.3170474,1.0151511,0.9973208,7.651874,5.2948728,4.632504,2.521044,0.21978694,1.3648224,16.169882,0.7226998,4.0803256,3.7607548,-10.254735,-2.0461793,-14.307315,-1.2284461,0.024109319,1.5227313,1.112875,0.88180333,10.116105,0.4161339,10.118512,1.0688463,30.669184,0.32503843,786.1709,0.27021652,1406.7915,0.19339137,-86.46362,-1.0839993,1813.8796,0.14203256,1126.2405,0.3021236,-85.80142,-0.96791035,2921.097,0.09640905,933.97186,0.4552399,-91.68199,-0.85437256,-13.770505,-0.64424175,27.345814,0.2687251,0.063422315,0.34006545,-0.01437335,-1.1607091,0.3245224,1.016256,19.986904,0.5092405,1.0982435,16.446625,-17.200161,-1.3230712,-21.890594,-0.6978316,-9.123381,15.911939,0.036529947,0.008692342,0.036584187,2.6706233,2.4169185,0.25625,0.18506333,0.15571427,0.106751665,-20.27091,17,3,47,SPEAKER_03,753.366667,775.7,769.36221875,775.7,3,3.3846562500000346,3.3846875,disengaged
36.307743,0.05357429,35.03499,35.6041,37.94552,2.91053,69.95706,85.92632,23.433205,10.202583,0.31185454,0.8824427,0.07231662,0.26784396,0.5046423,0.4323257,6.8406835,3.2807212,3.5631866,1.5651444,0.11809067,1.1437211,19.4533,0.8546026,13.904391,1.1709282,0.62576514,31.252401,-7.790329,-2.0463605,0.020471513,1.1588994,1.3146127,0.9357355,8.577235,0.4386037,7.9188333,1.4169687,27.366955,0.38201693,740.5774,0.2262508,1427.0115,0.19517231,-95.27665,-0.92693305,1804.9772,0.11336737,1074.2653,0.38459125,-99.41822,-0.8077147,2892.3188,0.07406794,890.86896,0.35812587,-102.09996,-0.76296145,-16.666126,-0.5498495,26.125633,0.38849586,0.06435304,0.25000644,-0.01866566,-0.71561617,0.16261257,0.9259622,25.767319,0.45012987,13.873589,1.2207211,1.2088659,18.005157,-14.451933,-0.9792862,-9.911648,19.278008,0.04229595,0.0005039586,0.06036461,3.4700317,3.5256412,0.15545455,0.09267378,0.118,0.077562876,-30.859991,17,3,48,SPEAKER_03,775.733333,779.233333,775.733333,778.91346875,1,3.1801357499999767,3.180125,engaged
44.516182,0.190725,36.44131,45.159653,53.51863,17.07732,121.22922,129.8563,85.23966,83.037994,0.5187412,0.8643855,0.13309419,0.3670932,0.9415351,0.8084409,10.333458,9.242885,8.216507,5.9374924,0.33676466,1.4340514,19.123276,0.5367709,3.430058,4.9533916,-13.354136,-1.7522544,-20.208267,-0.9489742,0.024337133,1.9047395,1.0425969,0.9621035,11.913509,0.44723132,10.836483,0.9886174,26.541126,0.35744074,841.15265,0.20795432,1274.7687,0.19449277,-81.86071,-1.0703166,1855.9272,0.090754956,1076.3212,0.3136164,-80.62343,-0.94339967,2950.7402,0.058304466,825.0923,0.37951735,-86.59471,-0.8316336,-16.939249,-0.4711008,30.414816,0.27254042,0.061920676,0.50585574,-0.02410401,-0.70571953,0.44250178,1.2226603,19.364622,0.52514017,0.8351504,19.931257,-17.23084,-1.4418551,-26.911724,-0.60414505,-14.774071,24.362549,0.049233183,-0.0112259,0.1113055,4.155844,2.631579,0.25399998,0.2010572,0.106,0.053516347,-19.168413,17,3,49,SPEAKER_03,779.266667,795.6,779.35221875,792.58221875,2,3.864375000000109,3.864375,disengaged
33.660625,0.13753779,32.80849,35.639545,36.869057,4.060566,38.018,13.01312,32.09181,24.000711,0.31124794,0.691277,0.104704976,0.26027155,0.4865837,0.38187873,4.24001,1.8293555,3.4150443,2.1971898,0.12621644,0.7870995,27.13158,0.5946635,10.157853,1.3516589,-9.210343,-1.973953,-7.8508263,-1.9849904,0.023533313,1.5264733,1.0277123,0.55714846,7.866213,0.4340692,8.20807,1.3011932,35.11434,0.25031018,719.56683,0.27025548,1416.5029,0.15792571,-60.97968,-1.4193561,1768.2406,0.1512997,1204.6976,0.22767527,-67.611305,-1.1337792,2910.531,0.08761375,1074.2675,0.26196086,-75.62567,-0.9480674,-16.191544,-0.62043756,32.072166,0.27809992,0.07730919,0.24340442,-0.014670637,-1.1195711,0.14846353,0.62851334,31.986729,0.36046043,8.342578,1.6144441,-12.25798,-1.523402,-13.086426,-0.86846423,-13.138487,21.88684,0.046533722,-0.00042733658,0.08380654,3.846154,3.0,0.235,0.22149116,0.065714285,0.023819046,-30.773628,17,3,50,SPEAKER_05,795.633333,799.466667,796.93596875,799.41659375,2,2.0924999999999727,2.0925,engaged
35.438416,0.09983026,34.18363,35.41776,37.118946,2.9353142,412.6058,519.8806,54.8212,32.722656,0.29960248,0.8440516,0.08002256,0.2394834,0.48568428,0.4056617,6.040962,3.0608804,4.353291,2.932043,0.13059,1.1058602,22.705528,0.77868086,11.82153,1.1037129,-6.153439,-2.2635179,-7.6860533,-1.8624635,0.03062511,1.594513,1.4725351,0.70982665,7.6015234,0.4827401,9.789019,0.94055176,34.621468,0.27275124,738.0074,0.27771032,1429.6648,0.16792388,-84.50172,-1.0478133,1796.8451,0.14496122,1215.3228,0.22319049,-88.466064,-0.89710397,2908.3042,0.09896073,1065.3003,0.313798,-93.807785,-0.80142957,-17.121468,-0.6379957,31.165792,0.31787175,0.065000005,0.25297365,-0.0143826,-1.0521302,0.17074977,0.86281145,30.956718,0.3422656,10.45747,1.3415849,-5.9648986,-2.5813215,-12.099141,-1.0407676,-6.7277136,14.474587,0.0479749,0.008042252,0.055293858,4.0042152,3.3898306,0.17875,0.15059777,0.108928576,0.103625,-29.80403,17,3,51,SPEAKER_05,799.5,809.8,799.8047187500001,809.8,2,9.505906249999953,9.5059375,disengaged
40.535286,0.005147213,40.35712,40.616596,40.700592,0.34347153,0.0,0.0,-0.08941705,0.0,0.43492457,0.4552321,0.24900337,0.41969746,0.60152733,0.35252398,6.9969354,0.0,0.10253668,7.13626,0.23648097,0.5282461,17.964476,0.82479036,11.896535,0.88737345,1.2904863,4.6192613,-11.484135,-0.539958,0.01645913,0.38308993,1.3604273,0.8284358,10.76772,0.24215059,13.585321,0.75079364,26.213787,0.2916438,935.578,0.055651,1419.1276,0.1617981,-74.26804,-0.809469,1865.1084,0.021468908,1125.6763,0.17650416,-75.97573,-0.72642714,3056.8613,0.007047857,677.39795,0.16815412,-80.383,-0.6599054,-25.622955,-0.22607434,39.623722,0.1266548,0.04634468,0.09725191,-0.017477443,-0.2455598,0.3417779,0.21114571,31.494177,0.065033175,9.853004,1.254106,1.2016304,6.609734,-7.873698,-0.40939927,-19.921932,29.472271,0.07169793,-0.0033708336,0.06476951,5.555556,11.111112,0.06,0.0,0.0,0.0,-25.575521,17,3,52,SPEAKER_05,809.833333,872.2,809.833333,810.03096875,1,0.19763575000001765,0.197625,engaged
37.67349,0.13231444,33.95056,37.32013,41.125477,7.1749153,207.92014,512.7981,144.95993,296.54544,0.40201694,1.0475386,0.05998791,0.28847608,0.7033293,0.6433414,9.480751,7.9035783,6.536528,4.8490224,0.17918338,1.7561935,17.862818,0.9979702,8.622077,1.4610888,-6.763903,-2.1872528,-12.819116,-1.2935354,0.024417475,1.817611,1.1393739,0.92607546,9.39418,0.43196562,7.9632072,1.3816293,30.634317,0.34523922,752.2102,0.2336674,1355.2776,0.17651139,-91.184654,-1.0043584,1802.9973,0.122934245,1076.7438,0.28466117,-93.38244,-0.8930504,2907.5488,0.08466279,949.0042,0.37695265,-98.73452,-0.79734904,-15.754985,-0.59238917,27.143087,0.38487566,0.062336605,0.34103003,-0.02292895,-0.72035813,0.26395187,1.416591,25.715227,0.46251002,6.240662,2.1609585,-10.066751,-1.5873046,-20.742514,-0.6988174,-6.0178556,13.6548605,0.034581915,0.0077773896,0.049925093,2.6651545,2.669696,0.21712767,0.20797716,0.15117647,0.16730678,-24.247744,17,3,52,SPEAKER_03,809.833333,872.2,810.03096875,872.2,26,35.2871562499995,35.2871875,engaged
37.781967,0.01848774,37.373646,37.459614,37.938107,0.56446075,5.160362,0.0,-4.54216,0.0,0.21888474,1.4840138,0.006563806,0.015174409,0.65503454,0.64847076,4.09294,1.8325325,2.8208117,0.4870113,0.048553262,1.618693,7.529211,1.9933206,-0.7328441,-18.316355,-11.626966,-1.6111958,-5.2121654,-1.6256555,0.009074088,0.6020092,1.1837246,0.8275529,9.849207,0.35630536,-6.126967,-0.27217773,21.35757,0.53849727,709.73474,0.2205439,1463.9009,0.08119536,-139.98119,-0.6640581,1628.5105,0.09267937,1133.7498,0.13693069,-136.2247,-0.67994046,2820.2407,0.086583436,944.4514,0.2992902,-143.6841,-0.57119995,-5.2301693,-0.61562705,27.776833,0.2758631,0.05774191,0.25766903,0.002542785,2.5380485,0.14291982,0.5429613,25.673529,0.19190986,-18.477173,-0.4851352,-36.849407,-0.24466442,-11.894631,-0.69985723,-0.7323223,6.114412,0.036680095,0.029644541,0.0034637675,1.5151516,0.78740156,0.39999998,0.0,0.42,0.29999998,-31.689953,17,3,52,SPEAKER_04,809.833333,872.2,816.4097187500001,837.95909375,3,1.3331249999996544,1.333125,engaged
39.838764,0.07506681,38.99213,39.40959,43.650578,4.6584473,166.54004,116.80212,18.043041,0.0,0.3317646,0.43284917,0.20739034,0.38779336,0.4578361,0.25044575,3.6890655,0.9467635,2.5344148,2.9863095,0.09389378,0.8028859,25.35207,0.3545385,6.725673,1.7987952,-7.378106,-2.295633,-21.713844,-0.49011365,0.04598823,2.4855394,0.8019045,1.0759262,11.73956,0.360979,18.623552,0.47155157,33.882683,0.19243522,657.8314,0.24356349,1337.9624,0.09144138,-54.892616,-1.4425808,1763.2843,0.14724824,1256.4365,0.32119933,-66.6596,-1.0081202,2775.8625,0.09836844,877.0079,0.2125341,-69.87334,-0.93292475,-18.735764,-0.38337886,24.617567,0.26803306,0.07558227,0.23108713,-0.03306129,-0.47767955,0.08064065,0.7998689,26.006283,0.34604958,7.872998,1.6418811,-7.795921,-2.07067,-19.921366,-0.5836879,-14.082149,26.739283,0.059951928,-0.025207363,0.18178298,3.7037039,4.166667,0.175,0.055,0.044999998,0.024999999,-31.64306,17,3,52,SPEAKER_06,809.833333,872.2,837.70596875,844.99596875,2,0.5568749999999909,0.556875,engaged
38.2917,0.1185046,35.938187,40.64156,41.32671,5.388523,93.48383,0.0,-4.298221,0.0,0.52173746,0.63921994,0.24475649,0.40609,0.81669873,0.5719422,9.426394,5.998394,3.4650571,4.394903,0.25070384,0.8838515,27.52817,0.4066449,11.397231,1.1624569,-4.343689,-3.2104757,-16.551188,-0.49358228,0.028556665,1.9694268,1.1656461,1.0436921,11.949353,0.23176245,14.511812,0.4647782,36.74721,0.23388873,796.7912,0.21916266,1526.1663,0.26475748,-75.97682,-1.135596,1879.0784,0.15194146,1210.8516,0.33979693,-80.4256,-0.92662364,3015.71,0.09949378,880.95746,0.2857652,-86.71379,-0.81210536,-20.674122,-0.44894895,32.5781,0.34184358,0.066937886,0.26093102,-0.02522309,-0.60685605,0.25893652,0.7870203,28.544495,0.38508666,9.59665,1.6002225,-5.039667,-2.7670996,-18.675774,-0.45330903,-18.487482,29.295145,0.056260705,-0.026131041,0.24154797,5.084746,3.773585,0.175,0.015,0.07,0.0,-22.861414,17,3,53,SPEAKER_03,872.233333,872.833333,872.233333,872.833333,1,0.6000000000000227,0.6,disengaged
34.224415,0.10655665,32.033443,34.311207,35.78637,3.7529259,192.31638,161.74222,32.909393,33.85372,0.2967565,0.95301604,0.03942075,0.22146702,0.5469818,0.5075611,6.6761613,4.2727246,3.731735,2.26929,0.10114104,1.0663887,21.449278,0.84375864,10.113426,1.1143706,-3.6765816,-4.084227,-4.8729143,-2.9066365,0.022147356,1.6400527,1.1881665,0.87964475,8.114415,0.42825362,3.820526,2.4976616,31.614557,0.31778777,702.1768,0.22142276,1409.3351,0.13218884,-99.85108,-0.9408916,1736.508,0.12071843,1059.9783,0.30312496,-103.68985,-0.8445081,2892.5054,0.08842682,914.0424,0.38676023,-110.436485,-0.73418635,-16.219284,-0.5103878,28.341318,0.320008,0.063568175,0.30929494,-0.021493953,-0.7322223,0.16042459,0.6832892,31.533453,0.29998717,7.6031637,1.6951871,-6.420327,-2.6323862,-12.318683,-0.94107115,-9.448221,18.968853,0.02764341,0.010555423,0.034379873,3.410341,2.5498893,0.19869566,0.17250845,0.17999999,0.1543314,-30.540611,17,3,54,SPEAKER_03,872.866667,915.633333,872.866667,915.33096875,11,9.102426749999722,9.1024375,engaged
42.239567,0.06574137,41.858925,42.139412,42.55203,0.6931038,572.6519,0.0,6.6205664,7.8828735,0.19661337,0.90534425,0.0143190045,0.11643357,0.39923492,0.38491592,2.383611,2.4811757,0.9698236,0.41212597,0.035465505,1.4488169,13.680492,1.198441,7.1576552,1.3219358,-2.8275285,-3.8830214,-5.84325,-3.3249838,0.006973281,1.413631,0.5236133,1.9390638,15.118433,0.30089024,19.418732,0.47137275,26.432123,0.28508583,911.02106,0.21670899,1306.5729,0.15448335,-120.07085,-0.70785534,2017.0272,0.11581239,1153.7051,0.19142926,-115.5294,-0.6794548,3157.7693,0.07898947,1141.592,0.3199909,-119.16559,-0.6302177,-26.926554,-0.19764858,40.00161,0.16954526,0.05771742,0.39447027,-0.007925872,-1.7927387,0.058137525,1.0147892,26.86343,0.2024154,9.711667,0.39376673,-1.6692034,-5.3905497,-16.143333,-1.0790205,-2.3507693,12.126191,0.024047958,0.024689438,0.012766604,1.6759777,1.7241379,0.29666665,0.3103045,0.26333332,0.14429906,-27.445595,17,3,54,SPEAKER_06,872.866667,915.633333,873.4809687500001,880.3828437500001,2,1.805625000000191,1.805625,engaged
37.541145,0.13335644,34.74911,36.366924,39.135227,4.386116,265.4695,538.0823,85.54243,123.80882,0.3361215,0.9145116,0.10658916,0.257002,0.50436807,0.3977789,6.048883,5.569448,4.063837,3.0369196,0.16931726,1.5875471,23.199455,0.8266719,11.720863,1.2051469,-8.01637,-2.0912404,-11.243124,-1.4592938,0.024441972,1.7517308,1.2706184,0.81352663,8.87263,0.44987005,10.478154,0.9872395,36.359356,0.3122438,754.1363,0.23575597,1383.423,0.18491426,-77.7581,-1.1013755,1819.2374,0.1268723,1180.5344,0.26079452,-84.60035,-0.88956296,2945.1602,0.08013506,1027.6627,0.3346966,-90.54025,-0.7761499,-18.978333,-0.6035798,33.69761,0.32146493,0.07184365,0.3100971,-0.018224195,-0.94300014,0.2185137,1.3713712,30.408754,0.4336814,10.991436,1.3410848,-9.779133,-1.8565248,-16.813522,-0.8567446,-7.297377,16.251432,0.049153104,0.005508311,0.06637719,2.543235,3.622449,0.17774649,0.14659704,0.092203386,0.07839639,-25.372087,17,3,54,SPEAKER_05,872.866667,915.633333,889.7822187500001,915.02721875,7,19.676249999999982,19.67625,engaged
38.00465,0.12834796,34.146885,35.032463,45.917526,11.770641,73.01701,52.389507,11.849439,11.270105,0.35019714,0.5248266,0.15222894,0.3701317,0.5448732,0.39264423,1.603305,0.4139588,1.7086182,0.8111447,0.09255881,0.7257693,29.48297,0.33174932,13.22706,0.7600783,-5.1142197,-3.1899035,-19.716185,-0.7056473,0.016470445,1.4566789,0.8667841,0.97439104,11.102313,0.3746437,12.094856,1.0768285,34.28645,0.16502635,750.47577,0.19058596,1156.6936,0.19672988,-51.207123,-1.4385451,1876.8123,0.08825894,879.82666,0.31983155,-67.546906,-0.96982104,2977.0874,0.05541017,762.07324,0.38147464,-73.98308,-0.8393587,-25.366772,-0.17493282,33.54686,0.17316478,0.079729155,0.29189515,-0.033257972,-0.22319497,0.10124269,0.6437143,32.019993,0.14087884,13.887202,0.7543164,-2.0955844,-7.916759,-22.873089,-0.45414928,-17.76453,31.938763,0.056747016,-0.019588342,0.08190525,2.2727275,2.3622048,0.32666668,0.08730534,0.07666666,0.004714045,-27.94208,17,3,55,SPEAKER_03,915.666667,918.833333,916.51221875,917.84534375,1,1.3331249999999955,1.333125,disengaged
42.98348,0.14671865,36.507412,47.030247,48.57601,12.0686,62.70952,10.972586,14.160919,11.953435,0.23619476,1.0315549,0.022364575,0.15923545,0.41861987,0.39625528,4.661689,2.4639187,2.970229,1.597009,0.085488155,1.1612769,16.312654,0.97621405,8.170981,1.4220599,-10.077336,-1.527103,-15.392863,-1.3598071,0.010587072,0.89350843,0.79804254,1.1097081,13.186786,0.3069527,16.756151,0.7312213,32.544586,0.24795714,839.9001,0.20172615,1201.3954,0.19675076,-109.106804,-0.81085825,1878.0564,0.11545514,1043.4988,0.33453825,-115.68028,-0.69035506,2987.452,0.08069644,852.61194,0.4433605,-120.279625,-0.62267923,-22.08401,-0.390939,34.842373,0.25974393,0.09060993,0.3837154,-0.01829189,-0.5518548,0.14040954,0.76148397,25.585564,0.32045472,6.154474,2.0869644,-16.599468,-1.0834107,-29.034178,-0.63715565,-7.8821883,15.328347,0.037886314,0.013400846,0.03275879,3.211009,2.347418,0.21,0.16673332,0.16166666,0.22191715,-30.294035,17,3,56,SPEAKER_03,918.866667,926.1,919.80284375,925.86096875,7,2.193749999999909,2.19375,engaged
44.493256,0.08142936,41.184887,44.17558,46.734154,5.549267,47.502995,46.53882,54.4832,2.1644917,0.34215814,0.74614066,0.15397324,0.24979007,0.6018072,0.44783396,2.713455,1.7027775,0.81364584,1.1173077,0.08037246,0.9998675,25.163958,0.31304157,6.5407524,1.6544983,-18.076735,-0.98660094,-32.657066,-0.52412915,0.012148721,1.4518217,0.41425174,1.20914,15.787381,0.14092523,20.973799,0.6183189,36.421703,0.34563595,839.8177,0.16064714,1333.3295,0.15027653,-50.327267,-1.3561735,1879.2496,0.085621305,1139.8936,0.18409674,-62.11198,-0.9294066,3003.289,0.05295862,784.56323,0.23373863,-68.79236,-0.7824193,-28.304964,-0.20682135,40.196537,0.14415076,0.07908173,0.28231937,-0.020165775,-0.39955738,0.08779942,0.96939725,27.506296,0.2200525,7.394148,1.6053257,-18.459547,-1.0442153,-35.459476,-0.36702123,-9.693461,19.342094,0.06187428,0.008418357,0.017117718,1.734104,1.863354,0.44666666,0.2863952,0.11,0.03,-25.233297,17,3,56,SPEAKER_04,918.866667,926.1,923.02596875,926.1,4,1.74090625000008,1.7409375,engaged
42.550232,0.028180018,42.122047,42.77646,43.436676,1.3146286,52.50185,70.023056,13.1878605,6.4013658,0.24415122,0.9019589,0.016737591,0.19296381,0.37233883,0.35560125,2.7190118,1.3861997,2.1909735,1.545975,0.058592305,1.1096284,15.617414,1.1579103,4.7579956,2.6615984,-17.802097,-0.8504294,-20.47534,-0.99982125,0.009397583,0.5470128,0.89322037,1.1533179,12.646423,0.21846926,7.522636,1.4715527,36.561142,0.17971852,853.1535,0.1286924,1286.0878,0.18171954,-87.51295,-1.0616757,1839.603,0.093547724,1187.2153,0.266875,-96.60593,-0.8447689,2988.9368,0.056970242,846.3734,0.31952637,-102.7089,-0.74221104,-15.496407,-0.6846907,33.413662,0.23776379,0.060927004,0.25437683,-0.017039303,-1.0047612,0.09222774,0.709392,26.567701,0.29565588,0.10630383,126.53576,-25.085646,-0.53408045,-34.22614,-0.34862462,-4.3705597,12.244282,0.02907463,0.020685572,0.009127047,3.211009,2.3584907,0.24799998,0.12302845,0.19749999,0.1346059,-33.16687,17,3,57,SPEAKER_04,926.133333,930.433333,926.133333,928.32471875,1,2.191385749999995,2.191375,disengaged
38.26433,0.07047449,35.80464,37.57177,41.027412,5.2227707,50.284023,40.15418,8.186377,14.160955,0.40681028,0.75582,0.1279687,0.33272725,0.70863223,0.58066356,9.823667,4.6483283,4.780709,3.5160758,0.16569676,0.8748745,21.263252,0.5936019,11.252542,1.204689,0.20738696,67.34181,-16.023153,-1.0501398,0.026240675,1.1671852,1.2142092,0.8007506,9.82423,0.33924735,6.0511317,1.6436402,23.968117,0.3434282,805.1803,0.15173009,1294.6472,0.14787002,-49.539238,-1.3474835,1883.8666,0.092878215,941.87775,0.3188384,-58.54899,-1.0258759,2947.7285,0.047413744,743.71564,0.43766636,-62.229305,-0.9345135,-18.906488,-0.42744938,27.295319,0.38333392,0.06308301,0.3928234,-0.023069205,-0.5865885,0.19482712,0.7436374,23.590878,0.36278465,8.714882,1.5419534,-0.33600286,-42.668667,-19.649475,-0.8106945,-11.882712,19.254192,0.026660232,0.00040291063,0.046996202,4.30622,2.4509804,0.332,0.19772708,0.055999998,0.038262255,-28.017244,17,3,57,SPEAKER_03,926.133333,930.433333,928.32471875,930.433333,1,2.1086142499999596,2.108625,disengaged
38.774426,0.07761643,36.820793,39.06352,41.82914,5.0083466,62.683502,72.0018,11.372807,6.550799,0.29964605,0.9864383,0.011316687,0.21245365,0.55100745,0.53969073,5.312842,3.3592005,5.4225426,3.8505394,0.09562045,1.274436,17.72373,0.8640205,11.499152,0.9422431,-4.979952,-2.8005686,-15.948885,-1.3654256,0.017617902,1.5553828,0.85070014,1.0505661,11.846544,0.3118003,8.9274025,0.98158866,30.904408,0.3134787,787.5529,0.19835268,1379.421,0.19063091,-94.85794,-0.97134167,1854.1298,0.13485317,1115.9519,0.24144672,-98.22059,-0.8473037,2950.6797,0.07025134,899.4963,0.38411164,-100.98301,-0.79798925,-20.311867,-0.42592376,32.072918,0.3039691,0.068209454,0.25416273,-0.026477013,-0.6243815,0.15064555,0.82920104,27.68954,0.26530346,10.952662,1.1366686,-9.693194,-1.522674,-28.761854,-0.60464424,-7.582085,15.23745,0.012602771,0.022854175,0.01389953,2.6785715,0.9063444,0.65333337,0.24417661,0.32,0.41737273,-28.9947,17,3,58,SPEAKER_03,930.466667,935.133333,930.466667,933.8428437500002,1,3.376176750000127,3.3761875,engaged
43.27606,0.019887013,42.688477,42.896164,44.032375,1.3438988,10.218939,0.0,12.008032,19.66453,0.042403333,1.6095122,0.007153705,0.013016044,0.050952446,0.04379874,0.47991052,0.19531253,1.4323266,0.12079513,0.015998764,2.2870915,11.940086,1.0947775,8.730426,0.6167524,-4.845295,-1.8679531,-5.6028724,-2.9096532,0.014373846,0.5490588,1.7733653,0.9884716,11.467198,0.21317327,22.69262,0.09779036,42.70383,0.0820978,780.1888,0.10343428,1275.3981,0.14814565,-170.27295,-0.40413156,1856.845,0.09029513,1090.1079,0.13065757,-170.76527,-0.35698834,2988.9512,0.06271564,810.82874,0.09683049,-171.95627,-0.34081948,-20.73827,-0.31599104,35.91541,0.22609839,0.05977285,0.25908098,-0.013273726,-1.5005723,0.07400078,0.78112155,31.803537,0.31302157,2.2766674,2.3585835,-18.088524,-0.4457113,-28.755701,-0.52549887,-10.605047,20.154955,0.024098082,0.022529699,0.0040891343,2.4691358,1.3157895,0.13,0.0,0.29999998,0.22,-45.047962,17,3,58,SPEAKER_04,930.466667,935.133333,933.8428437500002,935.05784375,4,0.8268749999999727,0.826875,engaged
42.259964,0.013899759,41.81782,42.02203,43.105095,1.2872734,-3.5585723,0.0,13.417096,0.0,0.10605351,0.7624068,0.012196653,0.124166906,0.19041443,0.17821777,1.7880569,0.92714334,-1.1000966,1.3559129,0.028053727,0.9385701,21.609463,0.5775869,10.792726,0.5690464,-10.345362,-0.80644757,-18.932117,-1.03351,0.025106104,0.66882277,1.4347446,0.5833549,10.543626,0.23737034,22.125805,0.32119212,40.14253,0.17934099,831.18726,0.14922817,1315.2773,0.15065,-81.25029,-1.0161803,1855.8776,0.08032702,1222.0717,0.24655163,-87.97925,-0.8056176,2963.3206,0.046141822,950.62866,0.30028388,-91.206894,-0.7582048,-22.38553,-0.31096488,37.425514,0.15834375,0.0505303,0.21194062,-0.025378,-0.7652164,0.04029142,0.5843807,30.251772,0.15821184,9.579497,0.6973426,-15.6204195,-0.38913924,-31.284813,-0.45028454,-8.549292,16.232613,0.025841665,0.021526473,0.007105806,5.4054055,3.125,0.21,0.0,0.08,0.0,-42.108006,17,3,58,SPEAKER_06,930.466667,935.133333,933.97784375,935.02409375,3,0.38812499999983174,0.388125,engaged
44.92248,0.10878806,41.50241,44.20337,48.51341,7.010998,211.92888,472.1925,171.58934,304.05347,0.29049358,0.90377104,0.042706437,0.22503687,0.5146139,0.4719075,4.8373976,2.8084319,2.798246,1.6167586,0.1318295,1.330055,19.05262,0.57613504,1.685883,6.6211643,-24.15901,-0.5793005,-30.353954,-0.662595,0.023787273,1.8179901,1.0644741,0.9737886,11.748914,0.38166362,15.5215435,0.78462213,36.731316,0.2809128,842.4403,0.14092426,1209.149,0.19893283,-85.58551,-1.089055,1885.647,0.10194435,1132.787,0.28532043,-94.59824,-0.8247687,2978.4175,0.05723526,759.061,0.32451883,-99.069435,-0.7497966,-16.745962,-0.5486667,31.597197,0.25368184,0.07462574,0.3472057,-0.022305297,-0.78409135,0.18740839,1.0224502,23.236032,0.3369963,0.33807158,34.9754,-29.003647,-0.4542283,-40.546894,-0.38862932,-8.914917,20.209373,0.04085724,0.0018274996,0.036522727,3.1354237,2.8820374,0.20790696,0.13651064,0.1275,0.06755553,-28.919577,17,3,59,SPEAKER_04,935.166667,1007.2,983.64096875,1006.54034375,10,15.001875000000382,15.001875,disengaged
40.61173,0.11858399,39.822086,41.649498,43.870193,4.048107,203.48785,99.64522,88.61088,77.068504,0.35779184,0.48695818,0.17429042,0.38388884,0.45059758,0.27630717,3.8245597,0.56660604,3.1605523,1.5884104,0.12695263,0.684108,25.669352,0.33150622,4.827667,2.2638984,-11.012003,-1.0857121,-20.381945,-0.45175126,0.009443966,0.9259291,0.946808,1.247261,12.478735,0.36585927,4.98807,1.1829406,26.141634,0.25478163,892.0318,0.13802767,1210.4993,0.14802903,-63.67305,-1.068789,1893.0201,0.10020742,1049.4789,0.26967022,-71.22263,-0.89031893,2987.811,0.054496218,822.2712,0.24776104,-78.311554,-0.76087713,-18.720768,-0.5399255,29.330956,0.35619098,0.05974655,0.34213656,-0.011857569,-1.4686927,0.12838918,0.660818,24.729786,0.38678098,4.2315636,2.729173,-11.417788,-1.0998023,-22.752296,-0.39156532,-14.747503,24.11541,0.054513626,-0.016430186,0.10564599,3.125,6.896552,0.099999994,0.071414284,0.089999996,0.0,-28.785013,17,3,59,SPEAKER_03,935.166667,1007.2,1006.54034375,1007.2,1,0.6596562500000118,0.6596875,disengaged
38.012905,0.06533049,35.747204,37.589317,40.70182,4.9546165,16.219347,0.12011245,31.398691,2.0419254,0.47524574,0.54498935,0.16345116,0.5650034,0.69125664,0.52780545,4.2930365,2.2749054,1.912017,2.3125536,0.11538294,0.7505452,20.894964,0.9988161,7.374829,1.4432478,-12.278643,-0.7850046,-16.1197,-1.0079162,0.015159174,1.6004007,0.52873766,0.45626876,12.313994,0.19860327,-1.2737827,-3.800223,23.89631,0.27987778,878.2137,0.12415928,1295.8385,0.18269826,-43.0318,-1.5401993,1760.2262,0.09013323,1198.8884,0.2840775,-53.204296,-1.1637075,3032.0361,0.05295848,771.1744,0.35913,-63.831997,-0.88541263,-14.6521225,-0.432427,32.868713,0.17499992,0.054256514,0.16943519,-0.008029131,-1.1861594,0.14593986,0.519877,31.274426,0.2062104,4.3911195,2.1333811,-15.481835,-0.5437498,-23.533072,-0.3717731,2.1412377,4.943987,0.026103951,0.013157795,0.022248851,3.125,1.6949153,0.48999998,0.0,0.08,0.0,-26.59945,17,3,60,SPEAKER_03,1007.233333,1012.633333,1007.233333,1008.59909375,2,0.6570107499999267,0.657,engaged
40.774452,0.17964903,36.577217,40.062298,47.766136,11.188919,112.10358,95.85701,175.72427,178.5574,0.4291862,0.6084602,0.18849365,0.38894963,0.6366775,0.44818383,6.2327247,4.026536,4.7208104,2.1993868,0.28555948,0.9520775,22.362797,0.6033552,5.948996,2.4882085,-14.514134,-1.5040672,-28.102318,-0.63971573,0.056099605,1.7106917,1.1784196,0.73725194,8.782068,0.5079852,11.678025,1.1520966,32.61421,0.2483215,823.54047,0.16938205,1270.9354,0.1593807,-58.899754,-1.3589377,1905.7765,0.11856307,1129.0088,0.25194955,-69.48829,-0.97103965,2926.1177,0.070657104,923.20294,0.3721403,-74.144615,-0.8731756,-17.910805,-0.58550584,31.658657,0.30374435,0.066015095,0.3242404,-0.025233783,-0.6714821,0.31175166,0.81571126,25.071466,0.44225284,5.6398616,2.7781372,-15.005331,-1.5379462,-28.767433,-0.5816645,-11.521226,20.543697,0.06686167,-0.019468583,0.22033736,4.72103,3.9473684,0.18444444,0.14855684,0.06285714,0.031493437,-26.011312,17,3,60,SPEAKER_05,1007.233333,1012.633333,1007.85659375,1012.633333,4,2.346739249999928,2.34675,engaged
36.956627,0.0754822,34.970333,36.99595,38.339596,3.3692627,155.16158,140.36345,27.739183,52.94629,0.2118346,0.9846987,0.016496336,0.14122185,0.42686042,0.4103641,3.5055258,1.5366935,2.772023,1.3184564,0.08971492,1.2388216,17.576107,1.0285103,7.989269,1.7296017,-0.8762326,-15.98656,-8.577422,-1.7055409,0.023907686,1.3842955,1.1709632,0.78581256,9.546183,0.37174746,11.640008,0.95085233,33.54875,0.277243,782.59985,0.23670389,1369.864,0.16881359,-117.47548,-0.77190673,1909.9946,0.113905035,1123.8369,0.24291526,-119.07155,-0.696572,2999.1292,0.08256454,1032.7919,0.2702562,-121.9499,-0.6532355,-21.433853,-0.47652265,32.799335,0.28415608,0.06808547,0.2568731,-0.020039773,-0.81180704,0.15773076,0.64545935,32.57496,0.20285818,11.197113,1.482282,0.07435886,230.18341,-18.86008,-0.6572152,-4.0968103,12.528383,0.035827756,0.022698684,0.028674731,3.3653848,1.7031629,0.27285716,0.38584653,0.34,0.22912878,-30.161028,17,3,61,SPEAKER_05,1012.666667,1017.766667,1012.666667,1017.766667,3,4.171875000000114,4.171875,disengaged
35.133884,0.1563216,32.744064,35.728855,36.31804,3.5739746,547.13885,474.38736,90.22031,77.78505,0.1914189,1.0737647,0.04255435,0.1065919,0.34512186,0.3025675,5.9198456,3.818785,2.8746502,2.2267556,0.07619624,1.4700276,7.281713,3.2347827,6.612705,2.1509278,-7.955443,-1.8814694,-0.21893702,-74.94146,0.03338591,2.2143571,1.439911,0.8056254,6.9284363,0.45976993,5.6855803,1.6689107,33.167458,0.23942083,761.48553,0.2649995,1437.2302,0.18702334,-133.30176,-0.6787336,1789.7482,0.11962915,1204.7665,0.20242488,-134.45248,-0.6245868,2857.0664,0.08410976,1083.9761,0.40333652,-136.93669,-0.5779889,-13.654896,-0.8342779,30.07641,0.2851979,0.07293074,0.26403084,-0.012038357,-1.6135159,0.17380053,0.7860356,29.374126,0.4028775,5.885622,2.818441,-11.210475,-1.664523,-16.100199,-0.8157077,0.7905087,7.358149,0.037105676,0.022653539,0.018814474,2.6229508,2.6666667,0.13,0.12206555,0.19888888,0.2246204,-34.104313,17,3,62,SPEAKER_05,1017.8,1020.866667,1017.8,1020.866667,1,3.066667000000052,3.066625,engaged
37.87495,0.120340645,34.87279,36.670048,42.653305,7.780514,118.53408,145.62978,46.44635,29.803904,0.264368,0.75491875,0.06965324,0.24166821,0.42328405,0.3536308,4.3806376,2.1223402,2.9337182,1.3303012,0.11650371,0.9191581,19.814226,0.9833032,12.914949,0.9928175,-1.940544,-8.581081,-8.058885,-1.9242953,0.02559477,2.2204409,1.08331,0.83584636,9.735304,0.3733,12.088344,0.74072826,30.647522,0.35789075,750.6768,0.23975983,1400.3463,0.1646688,-86.32703,-1.0097353,1842.0065,0.12419689,1135.911,0.35153294,-89.87426,-0.86157054,2958.6033,0.08535836,986.8801,0.3165972,-94.21574,-0.78552693,-19.71369,-0.5883631,30.869629,0.36685777,0.07923011,0.22948517,-0.017389253,-0.9022224,0.16055855,0.644593,28.14074,0.50937474,12.099114,1.0346701,-2.2192438,-8.217431,-15.686251,-0.7713883,-7.5127864,15.187172,0.051755916,0.00964271,0.0393171,3.6956522,3.0769234,0.20142856,0.103913225,0.110769235,0.11438541,-30.644135,17,3,63,SPEAKER_05,1020.9,1025.766667,1020.9,1025.766667,2,4.613542000000166,4.6135,disengaged
36.067463,0.08142189,34.315136,35.378693,37.84385,3.5287132,201.26996,140.28233,61.538692,104.421364,0.28169724,0.7441862,0.098371804,0.24355522,0.43859923,0.34022743,5.0744114,3.0915582,3.2313766,2.9509957,0.12101959,0.8977684,22.994602,0.9039272,15.257949,0.824238,-3.9522007,-3.6051557,-6.0956516,-2.669497,0.023581935,2.4276772,1.1912421,0.85582656,9.25346,0.36295208,11.216941,0.9584475,38.556812,0.26387113,707.12,0.29295096,1441.2013,0.17651601,-77.73948,-1.0823591,1787.4266,0.14110956,1247.6166,0.23936103,-85.904106,-0.85699975,2909.9778,0.08711157,1097.8683,0.25849506,-91.67338,-0.7556183,-21.568254,-0.54224116,35.749496,0.27928522,0.068810105,0.27544972,-0.01832179,-0.85497105,0.15183575,0.6205739,33.343166,0.39071122,15.644359,0.77164847,-4.981879,-3.2200181,-13.080669,-0.971028,-5.7415037,13.118464,0.041304927,0.012692809,0.04590746,3.7459285,3.448276,0.18809524,0.123505116,0.094444446,0.083281465,-29.376886,17,3,64,SPEAKER_05,1025.8,1032.7,1025.8,1032.7,3,6.157500000000027,6.1575,engaged
34.820274,0.09068106,33.98437,35.297955,36.655865,2.6714935,116.36772,100.18011,21.967642,37.98776,0.22809888,0.95912695,0.010630101,0.18259805,0.43534714,0.42471704,3.7896035,2.2456777,3.1369011,1.7011888,0.0911319,1.08577,16.593977,1.0722911,10.508986,1.2091622,-3.8536806,-3.9520822,-5.1552153,-2.8585358,0.02650092,1.8413324,1.3828853,0.57417464,7.276856,0.4008392,5.996238,2.3856912,31.13873,0.42032185,687.9856,0.2818919,1414.691,0.1296138,-115.32648,-0.806468,1736.2759,0.14930621,1212.8143,0.26567256,-117.94076,-0.71893686,2860.3271,0.10305326,1000.87225,0.29237056,-121.67916,-0.66059494,-16.447884,-0.65720576,30.209873,0.31623176,0.0598452,0.37252522,-0.016200941,-1.0209577,0.16185164,0.5456397,29.969282,0.30819142,12.104391,1.2326088,-7.4773846,-2.5155861,-14.059928,-0.825914,-5.9716997,13.655036,0.02732284,0.019218393,0.030287297,3.1460676,2.2727273,0.19799998,0.13287589,0.24333334,0.27047282,-32.37041,17,3,65,SPEAKER_05,1032.733333,1039.433333,1032.733333,1037.60721875,2,4.468885750000027,4.468875,disengaged
0.0,0.0,0.0,0.0,0.0,0.0,0.0,0.0,0.0,0.0,0.00615712,0.0355548,0.005926745,0.006199781,0.006331996,0.00040525105,0.014305627,0.0,0.013852186,0.0,0.00019990858,0.36276722,-1.8277093,-0.6533735,11.370845,0.09509344,5.7682405,0.17987297,2.898458,1.4590193,0.0,0.0,0.0,0.0,0.0,0.0,0.0,0.0,0.0,0.0,0.0,0.0,0.0,0.0,-201.0,0.0,0.0,0.0,0.0,0.0,-201.0,0.0,0.0,0.0,0.0,0.0,-201.0,0.0,0.0,0.0,0.0,0.0,0.0,0.0,0.0,0.0,0.0,0.0,0.0,0.0,0.0,0.0,0.0,0.0,0.0,0.0,-5.289077,13.683114,0.025199682,0.03269251,0.00023651973,0.0,0.0,0.0,0.0,0.04,0.0,-93.52184,17,3,65,SPEAKER_06,1032.733333,1039.433333,1037.60721875,1037.72534375,1,0.118125000000191,0.118125,disengaged
45.0057,0.012354072,44.417694,44.877384,45.521873,1.1041794,9.938373,0.0,15.595176,0.0,0.43407637,0.4875206,0.27059633,0.5206599,0.59141755,0.32082123,2.4179113,0.0,-1.6528763,0.0,0.1050078,0.5925598,24.351168,0.43064857,5.3085265,0.6934787,-17.014229,-0.5959502,-28.930984,-0.45490307,0.011099896,0.91412276,0.6008224,1.3676326,15.699625,0.15390208,21.360664,0.25958142,36.4789,0.15624496,839.4533,0.14117199,1143.4479,0.07755052,-31.571081,-1.630643,1919.8156,0.06900819,989.80524,0.14281908,-51.572357,-0.7125863,3008.2715,0.072828434,889.4359,0.25822994,-59.622753,-0.57705903,-24.712822,-0.23862797,37.141468,0.2060437,0.08498121,0.30819297,-0.011276831,-1.2895255,0.094752826,0.5172005,26.573227,0.3183085,6.0915413,0.55433387,-15.023123,-0.5539328,-29.4105,-0.40651113,-0.96832496,7.9426093,0.0293004,0.029643651,0.00013711792,3.0303032,3.7037039,0.24,0.0,0.0,0.0,-23.89724,17,3,66,SPEAKER_06,1039.466667,1041.466667,1041.11721875,1041.466667,1,0.3494482500000231,0.3494375,engaged
45.573147,0.030890225,44.983418,46.22235,46.49249,1.5090714,-12.932048,0.0,2.133735,0.0,0.48035726,0.23421465,0.45740035,0.4968164,0.54279,0.085389644,0.19371717,1.2407446,1.807727,1.9089661,0.0979181,0.9951813,29.63912,0.13105127,-6.0007915,-1.0813425,-23.005497,-0.2954473,-35.840466,-0.284777,0.0104278615,0.51723814,0.38475734,0.45908314,15.570287,0.16254003,28.656279,0.21225856,36.263474,0.12161521,859.1139,0.07578091,1102.0566,0.121157184,-6.715076,-1.1693133,1853.5258,0.058190715,927.9518,0.18455313,-27.705679,-0.2993301,3024.7346,0.029024195,640.8312,0.18628699,-41.278255,-0.08330691,-22.841051,-0.1392399,37.434696,0.08467415,0.10347683,0.15263,-0.022738924,-0.3921541,0.10190437,0.97379637,29.759985,0.12814744,-6.858192,-0.7781958,-23.948795,-0.22825532,-37.56368,-0.18271546,0.0,0.0,0.0,0.0,0.0,1.6129032,0.84745765,1.17,0.0,0.0,0.0,-25.854143,17,3,67,SPEAKER_06,1041.5,1055.0,1041.5,1042.75409375,1,1.2540937500000382,1.2540625,disengaged
49.58734,0.07269954,49.2153,49.845512,51.174667,1.9593658,30.8668,24.057184,5.9263277,12.644597,0.48561525,0.68448484,0.0855487,0.58912325,0.7396039,0.6540552,4.3790984,2.2604978,4.216155,3.118271,0.22547644,0.99792355,12.34855,1.1550453,-3.8692312,-2.9446368,-27.591784,-0.5778764,-33.15719,-0.59634423,0.024965465,2.5073142,0.57644016,0.7513099,14.383004,0.2816221,19.566477,0.38878545,30.69944,0.32633096,889.56146,0.10473207,1098.2073,0.1690795,-67.06907,-1.3557057,1893.1294,0.07722743,1023.5421,0.18718785,-79.64064,-0.95689654,2977.6738,0.051844057,668.39777,0.31821576,-85.29733,-0.8478267,-14.808386,-0.5468236,33.31694,0.21701773,0.08331212,0.22865647,-0.02792431,-0.6388426,0.31516093,0.6864774,18.985075,0.34111342,-9.169925,-0.9548437,-36.500458,-0.27613655,-43.526768,-0.2774284,-4.6401258,12.0519905,0.049158543,-0.0020264029,0.03492639,3.3557048,1.388889,0.5,0.14999999,0.13,0.06480741,-23.153332,17,3,67,SPEAKER_04,1041.5,1055.0,1049.57159375,1051.07346875,1,1.5018750000001546,1.501875,disengaged
38.36707,0.054313328,36.107338,38.517574,40.60276,4.4954224,14.274599,3.524128,13.347651,13.769562,0.2605336,0.392789,0.17706364,0.24357167,0.31704044,0.1399768,1.5725509,0.66929215,1.0133425,1.1557229,0.10501097,0.5522619,34.485863,0.26480815,19.30197,0.59466875,-3.7995524,-3.774008,-6.2153115,-1.6390091,0.012147972,0.6402168,0.69094414,0.7860163,13.163914,0.12542704,1.581906,4.51028,35.260117,0.10980546,920.30005,0.09436007,1253.8175,0.15450333,-35.764263,-0.9019646,1984.7015,0.05910235,1191.6287,0.17865643,-53.489563,-0.5107541,3109.336,0.029456452,1049.9219,0.2616074,-63.412914,-0.39345855,-27.780497,-0.2996434,46.426144,0.15533906,0.04271025,0.17496426,-0.014965449,-0.34784096,0.114341706,0.5023382,37.114925,0.13992806,17.193296,0.5739973,-5.2746077,-2.7113,-8.186439,-0.9176088,-14.984776,20.035604,0.094208,-0.03182734,0.11086511,5.555556,2.0833335,0.45,0.0,0.0,0.0,-28.814314,17,3,67,SPEAKER_05,1041.5,1055.0,1054.2459687500002,1054.8028437500002,1,0.5568749999999909,0.556875,disengaged
35.575542,0.08791491,34.247517,35.878456,37.03295,2.7854347,258.49347,378.22055,96.919655,145.76839,0.24627455,0.8745082,0.056107793,0.18704605,0.42056924,0.36446145,4.9544277,2.897986,3.0597947,1.98174,0.107234314,1.0534202,22.62069,0.82321805,12.193288,1.109002,-8.267219,-1.944279,-8.789132,-1.6901815,0.030240318,2.4693832,1.2682747,0.75120795,8.317592,0.40364647,8.078168,1.4031452,36.612885,0.2648955,713.73,0.2608956,1451.1622,0.15299244,-94.034874,-0.9802038,1769.018,0.13877618,1281.1359,0.23978136,-97.22413,-0.85026103,2895.1528,0.08753112,1090.1373,0.24201776,-103.0933,-0.75154126,-18.405405,-0.6623566,33.88633,0.26709017,0.073300175,0.26781243,-0.015948452,-1.0283421,0.1508175,0.7538724,32.554283,0.313703,11.459061,1.3216026,-10.461921,-1.6519293,-14.443872,-0.92310405,-8.713035,15.473791,0.047421116,0.0051403255,0.04056046,3.6217306,2.527806,0.22399999,0.18194504,0.14999999,0.15383106,-31.474812,17,3,68,SPEAKER_05,1055.033333,1070.666667,1057.7728437500002,1070.666667,7,9.957573249999314,9.9575625,engaged
37.640835,0.08061915,35.134277,36.797024,40.383915,5.2496376,184.73949,269.68195,26.906284,21.851677,0.30982146,0.73342544,0.08278145,0.27963284,0.50653356,0.42375213,4.258641,1.4715012,3.1566,1.5211352,0.1191403,0.8688819,22.487875,0.7726257,13.167561,1.0459771,-8.096613,-1.9824014,-11.895094,-1.484181,0.015783876,1.037496,1.0691853,0.7622569,9.77414,0.39457044,10.558536,1.0879859,34.58726,0.2962001,737.96814,0.2703147,1370.4722,0.17280357,-73.67492,-1.1499095,1816.5153,0.13886318,1204.7745,0.2762199,-81.06103,-0.9022329,2933.478,0.08154513,1009.62756,0.2748571,-85.70177,-0.81293744,-18.50154,-0.57953423,33.099506,0.2900294,0.06678809,0.29407468,-0.016551072,-0.9556102,0.15595625,0.63688964,29.551737,0.40917462,12.7237835,1.0659215,-9.759008,-1.8106186,-18.212275,-0.8389444,-7.182373,15.385876,0.04616754,0.013745893,0.030485425,3.372244,2.745098,0.24904762,0.1955433,0.10526315,0.106887475,-28.616545,17,3,69,SPEAKER_05,1070.7,1078.866667,1070.7,1078.866667,2,7.727916999999934,7.727875,disengaged
39.849133,0.18413298,35.23664,39.136917,44.78183,9.545189,184.71704,99.63943,21.200466,18.599014,0.33119726,1.2802767,0.043876965,0.14855486,0.567941,0.52406406,7.9480743,6.604201,6.27268,4.3471336,0.17027889,1.5620643,15.495483,0.87881196,11.442184,1.0706384,-6.739765,-2.4232607,-9.706229,-1.4093412,0.028405495,0.85162586,1.3851465,0.7988751,9.426253,0.39134172,13.8280735,0.47984228,34.718884,0.2026433,724.1253,0.23767315,1433.0614,0.17644808,-107.529015,-0.84269226,1781.6913,0.1088027,1140.3591,0.19143495,-108.05486,-0.75765187,2914.6077,0.07747873,933.84314,0.37029785,-111.69498,-0.69840825,-18.506176,-0.38964707,30.316504,0.28083575,0.065235004,0.3434113,-0.020787248,-0.66010684,0.30887944,0.99944544,23.982893,0.38559458,8.664509,1.6176981,-12.002993,-1.5380263,-17.518284,-0.78920645,-8.056774,13.588479,0.03205647,0.008205003,0.019899523,2.8806586,3.3613448,0.14999999,0.07648529,0.1275,0.12823318,-22.901773,17,3,70,SPEAKER_05,1078.9,1083.4,1078.9,1082.9334687500002,2,2.4472187500002747,2.4471875,engaged
37.55926,0.0015271488,37.507153,37.545177,37.613857,0.10670471,0.0,0.0,-0.030467987,0.0,0.24824561,0.87235177,0.009524793,0.33948207,0.4542936,0.44476882,4.980418,0.0,-3.0982044,0.0,0.104184255,1.0083956,19.22164,1.0003929,5.7184134,1.2626814,-10.069076,-0.6508781,-12.653318,-1.0537019,0.03234698,0.1428264,3.220169,0.34833404,6.8889356,0.54648304,-6.0837326,-0.073816754,26.971582,0.09580564,776.1551,0.31208837,1450.4446,0.19180623,-137.50319,-0.59771967,1758.8435,0.2647633,1406.6465,0.19550467,-132.06606,-0.6137866,2875.3982,0.15413177,1117.8259,0.07780421,-135.53902,-0.56628567,-10.471905,-0.1666373,27.486414,0.056374397,0.06002231,0.13114317,-0.022816557,-0.2215921,0.25390998,0.20355985,32.17946,0.06851558,1.1361969,5.760564,-17.624126,-0.25570855,-18.663784,-0.24957088,-3.0994694,11.680482,0.035177995,0.030798454,0.0003120811,5.263158,7.692308,0.04,0.0,0.07,0.0,-32.235462,17,3,71,SPEAKER_05,1083.433333,1083.9,1083.69284375,1083.9,1,0.20715625000002547,0.2071875,disengaged
35.339336,0.12410889,34.17448,36.0429,38.95648,4.7819977,135.31645,0.0,10.537603,15.301152,0.2113487,0.80082107,0.03367016,0.19827549,0.36645108,0.33278093,1.8207189,1.2610825,3.4921184,1.767452,0.079103895,1.0326226,19.42887,1.1782056,13.772507,0.6414377,2.4143293,5.074706,-3.856316,-4.638465,0.028636679,1.79525,0.9028961,0.84503376,10.689801,0.3864668,14.696756,0.49240237,39.965595,0.20510432,684.85425,0.34198993,1398.0748,0.14571929,-106.80313,-0.8781444,1830.4886,0.16032165,1106.7988,0.2202346,-108.107864,-0.76819026,2955.2434,0.11204277,1121.6864,0.31728086,-112.633354,-0.7004787,-25.303288,-0.29261366,38.06028,0.20663923,0.07098861,0.23317274,-0.019047482,-0.9786585,0.13270557,0.56174284,37.58145,0.12632875,15.646544,0.5799203,3.7611582,3.5879767,-15.532071,-0.83505625,-3.9462464,10.147216,0.038791567,0.02075643,0.021651046,3.7037036,1.5384616,0.345,0.16499999,0.285,0.21499999,-30.257372,17,3,72,SPEAKER_05,1083.933333,1085.3,1083.933333,1085.3,1,1.3666670000000067,1.3666875,engaged
37.47668,0.071061455,34.839294,37.513287,39.20547,4.3661766,83.59894,52.50647,-10.527118,24.25906,0.19995427,0.9427905,0.014906584,0.13818191,0.3978812,0.38297462,2.9936755,1.1227261,4.0474744,1.3411592,0.08770604,1.0941954,18.026476,1.0945603,11.903785,0.95268786,-5.442532,-1.828431,-8.100863,-1.7639071,0.018228244,1.2428555,1.0263466,0.96113396,10.108671,0.28810826,13.016373,0.6608185,41.778973,0.16083507,767.9557,0.22371946,1376.861,0.14999066,-105.43626,-0.8445271,1853.949,0.11281958,1226.7306,0.22673728,-113.32218,-0.68702126,2992.932,0.06782586,1028.8975,0.2742284,-117.19778,-0.6347702,-22.995596,-0.3070927,36.53243,0.2406764,0.07146413,0.2462044,-0.022363119,-0.7694519,0.14649668,0.59352654,32.399944,0.34669718,17.237307,0.51251805,-8.274281,-1.3607879,-16.429768,-0.8474355,-4.3796563,11.244775,0.03216592,0.023686562,0.014272472,3.1250002,2.5806453,0.19749999,0.11818947,0.16499999,0.22231732,-31.251175,17,3,73,SPEAKER_05,1085.333333,1087.233333,1085.333333,1087.233333,2,1.6131249999998545,1.613125,disengaged
36.928875,0.113973185,35.15588,36.329952,38.378296,3.222416,194.60771,147.01492,39.19942,36.29155,0.32702792,1.0222864,0.09040274,0.25412902,0.47463977,0.38423705,3.6447687,2.9928098,4.2974415,5.5656376,0.16677828,1.9548796,23.261885,0.80967736,15.36584,0.9699826,-4.7060156,-4.1406784,-11.241471,-1.4684719,0.024162183,2.0042732,0.9975821,0.8335703,9.596973,0.39639392,8.913505,1.4855856,36.65869,0.30936286,740.0497,0.25791085,1427.4512,0.18714564,-76.2506,-1.1333517,1817.2614,0.1371223,1210.875,0.24272703,-85.13773,-0.8883512,2946.3167,0.08292244,1034.1232,0.2894211,-89.70486,-0.800212,-22.206516,-0.5125159,35.456493,0.27622765,0.07189458,0.25345692,-0.022472825,-0.65936184,0.23221345,1.6278956,31.576931,0.3566073,13.991757,1.1636158,-5.670997,-3.8706975,-17.694118,-0.7712795,-7.8270426,15.872487,0.051568646,0.009099135,0.02917533,1.76565,2.5931928,0.25437498,0.20133829,0.12714286,0.13535291,-24.075691,17,3,74,SPEAKER_05,1087.266667,1093.966667,1087.266667,1093.966667,2,6.244374999999536,6.244375,engaged
35.19032,0.037403654,34.153477,34.778297,35.82971,1.6762314,200.30475,238.59903,11.568169,2.8958535,0.29619452,0.55662006,0.11157261,0.29353434,0.427908,0.31633538,5.463289,1.6912569,4.909285,3.9264874,0.10513483,0.6783938,24.216274,0.82585984,13.72664,0.98224294,-11.400155,-0.88739973,-3.1805227,-4.9462643,0.015691388,0.8761689,1.2308387,0.5028629,8.026546,0.31399724,4.3897,1.4786091,35.12773,0.28018492,781.8561,0.19719578,1416.2784,0.15967967,-48.50538,-1.5204338,1848.7328,0.12982339,1161.9084,0.20781328,-60.023674,-1.1196649,2956.3145,0.093690425,1111.2235,0.30087376,-67.555984,-0.9382008,-17.112175,-0.4812016,30.933247,0.21026887,0.065008774,0.26083693,-0.01639325,-0.99818003,0.12597196,0.5010661,33.06356,0.25634468,9.421986,1.2672093,-11.209891,-0.9007185,-9.588893,-1.13278,-1.4249159,6.957377,0.04068424,0.013718376,0.015704766,4.901961,2.0618558,0.38,0.089999996,0.085,0.044999998,-32.065624,17,3,75,SPEAKER_05,1094.0,1095.033333,1094.0,1095.033333,1,1.0333330000000842,1.0333125,disengaged
35.85434,0.11548487,34.320766,35.682407,37.999172,3.6784058,180.35754,225.18333,27.290096,26.158644,0.24609894,0.8700398,0.048311174,0.20952475,0.40826654,0.35995537,4.471673,2.1023407,3.0667644,2.5859525,0.10657888,1.0834188,21.03788,0.9804279,14.450128,0.86312616,-1.1813058,-10.330816,-6.8442945,-2.2430305,0.028851833,2.378847,1.2061976,0.7902261,8.983883,0.40241897,13.198932,0.69443154,37.59597,0.27393916,762.82465,0.23264906,1369.7573,0.17656009,-91.85624,-0.97155726,1871.8787,0.120547906,1143.4567,0.26376188,-97.14731,-0.8172311,2970.9368,0.077199966,1047.9852,0.24876425,-101.100914,-0.7515678,-20.717665,-0.54417443,32.77084,0.37934786,0.070378214,0.30360013,-0.019461408,-0.8999824,0.15686849,0.7142872,32.334812,0.38826105,13.664321,1.027537,-2.1555178,-6.448061,-14.300571,-0.9598729,-6.0920396,12.311796,0.026941333,0.016438074,0.029289374,3.0165913,2.5875192,0.22705883,0.16875894,0.14874999,0.19486775,-29.39788,17,3,76,SPEAKER_05,1095.066667,1130.366667,1095.066667,1130.366667,8,6.646249999999782,6.64625,engaged
40.92293,0.15656076,35.93867,41.100636,47.726906,11.788235,127.22792,202.58792,227.695,503.34103,0.55041444,0.917812,0.12210886,0.40845406,0.925165,0.8030561,9.731776,6.141644,5.9810524,2.7387967,0.27721617,1.3968971,14.385773,1.0631765,5.095742,3.0254638,-14.298652,-1.2722636,-17.796045,-1.1189471,0.02830384,1.2762338,1.2053154,0.9267675,9.548397,0.4996841,10.010228,1.2320336,26.193958,0.4650422,813.3448,0.2041182,1255.9242,0.18994144,-86.24736,-1.063965,1851.6809,0.112285465,1020.2007,0.32883143,-90.40993,-0.91897297,2915.7634,0.0727486,842.1715,0.40079552,-94.32677,-0.8451401,-13.760635,-0.6603372,25.018059,0.34964892,0.074441664,0.33011213,-0.02072864,-0.7730919,0.3790584,1.1359689,18.61483,0.6174052,1.6715629,9.421989,-18.078428,-1.0548961,-26.315355,-0.70650965,-8.182997,15.762429,0.04623274,-0.0045327726,0.11701711,2.8013582,2.9838023,0.19685714,0.15852483,0.12088235,0.088396415,-21.747988,17,3,76,SPEAKER_03,1095.066667,1130.366667,1100.17971875,1126.30221875,12,11.795625000000427,11.795625,engaged
38.472897,0.09649672,35.92184,37.179195,39.528297,3.6064568,44.75765,22.099682,34.328327,24.870943,0.32650065,0.97348076,0.018592004,0.20288993,0.6868602,0.6682682,4.7833123,2.7407146,4.6384287,2.1344051,0.2007129,1.1018808,17.966103,0.9611311,5.4054174,2.6411238,-6.423961,-2.556872,-12.090118,-1.2352338,0.040670656,1.0281712,1.5868334,0.65788263,6.7868104,0.47435442,9.1684885,0.99334747,33.66934,0.19947149,705.7191,0.24561444,1473.8392,0.14944711,-83.2655,-1.1005672,1747.316,0.11987775,1091.9664,0.22491524,-86.21646,-0.94300056,2870.5564,0.07694382,970.7707,0.3128311,-91.36059,-0.8486594,-17.264593,-0.4924909,30.56033,0.27642632,0.07157465,0.3167953,-0.022002893,-0.7600933,0.30879226,0.6945507,28.41556,0.31894037,4.7097416,3.615096,-9.945426,-1.860352,-19.237135,-0.6808009,-1.2579442,8.206769,0.042132083,0.01990069,0.0191499,3.896104,2.0134227,0.31333333,0.3184685,0.12,0.12124355,-27.831436,17,3,77,SPEAKER_05,1130.4,1133.7,1130.4,1131.95534375,1,1.55534375000002,1.5553125,disengaged
39.467255,0.1299112,35.804142,38.091396,42.25116,6.4470177,90.983696,129.63286,2.2663007,17.10831,0.58881694,0.9882372,0.13465255,0.4042996,0.98025703,0.8456045,3.773594,3.2608929,4.0031314,2.4851048,0.24255872,1.2567545,25.030224,0.49257156,7.025018,2.3229294,-10.4768505,-1.8713154,-19.84771,-0.83781064,0.014164911,1.2379384,0.91899276,1.0453111,11.2767315,0.38842696,11.719643,1.0424488,35.1178,0.3165343,749.686,0.25160044,1412.0981,0.17855103,-58.53877,-1.356889,1803.1611,0.13141449,1150.7815,0.26580915,-63.413925,-1.0746036,2950.586,0.073281094,951.51666,0.36905748,-70.69509,-0.898992,-19.37747,-0.43954718,32.60418,0.2819978,0.063501514,0.32127804,-0.021763092,-0.6843276,0.28307277,1.1404828,27.53719,0.37055808,5.799388,2.9803746,-13.605364,-1.4517882,-24.034304,-0.6012546,-11.615761,19.246721,0.043772325,-0.0018563154,0.07522387,2.294455,2.534113,0.30153847,0.2850869,0.08,0.065319724,-18.004139,17,3,78,SPEAKER_05,1133.733333,1166.366667,1134.01409375,1140.94971875,2,5.248125000000073,5.248125,engaged
38.8702,0.09993432,35.620506,39.445377,40.518208,4.8977013,47.24937,40.352596,100.17412,96.813156,0.36904547,0.8500783,0.10293715,0.25113848,0.64359784,0.5406607,9.989857,5.976118,6.875877,2.9391873,0.18457125,1.0766269,18.77932,0.7157455,12.735406,0.9378989,-4.8773327,-2.792324,-14.146897,-1.0586377,0.027821755,1.2576201,1.534789,0.8242763,9.077082,0.48606402,11.170543,0.8835517,26.347387,0.37128448,799.3799,0.190381,1311.6852,0.13168596,-92.81293,-0.92867,1861.8207,0.11429887,1018.5164,0.30270407,-94.99355,-0.812907,2934.1492,0.07440734,855.2044,0.5001106,-97.08952,-0.7764154,-15.854271,-0.54349583,25.781399,0.40251637,0.056002736,0.3968221,-0.021863142,-0.787653,0.2513504,0.84554833,20.914543,0.5775867,13.459451,1.0022963,-5.4947543,-2.6492364,-19.806131,-0.74911654,-12.372829,21.328648,0.048894413,-0.009520286,0.08767261,4.7486033,4.249292,0.13333333,0.08170407,0.09666667,0.05527708,-26.223282,17,3,78,SPEAKER_03,1133.733333,1166.366667,1161.21659375,1165.14846875,2,3.5943749999999,3.594375,engaged
41.59017,0.1022135,39.804817,41.80626,44.613853,4.8090363,325.31165,504.55612,27.578552,13.773491,0.6816072,0.97653615,0.01745775,0.5243954,1.4319899,1.4145322,5.305001,2.647589,2.9941263,1.8786597,0.25505403,1.3347213,15.597599,0.7170004,0.48895076,27.034502,-22.066895,-0.76580566,-22.7766,-0.9634279,0.014046965,1.2136782,0.6674817,0.9304218,11.708182,0.4122144,7.2337313,1.9262189,31.708975,0.31051695,844.4443,0.1421064,1205.591,0.16104925,-82.56036,-1.2118053,1898.5919,0.093706645,1037.172,0.24727112,-91.411736,-0.9630207,2984.0874,0.05543396,809.02686,0.48422053,-96.32529,-0.8717119,-17.78783,-0.4932259,30.725885,0.21321382,0.06478794,0.356931,-0.032792937,-0.5404746,0.39640328,0.9298482,21.220364,0.3724983,-4.9717774,-2.5752442,-30.105978,-0.35695824,-37.636456,-0.2746245,-9.2172785,21.553837,0.018260008,0.013331903,0.052087743,1.0666667,1.3513514,0.43400002,0.45257485,0.3525,0.22185299,-18.893818,17,3,78,SPEAKER_04,1133.733333,1166.366667,1142.7047187500002,1151.32784375,3,3.763124999999718,3.763125,engaged
28.63507,0.2746576,23.816156,24.63613,31.86871,8.052553,72.55791,12.379769,108.93982,65.95258,0.08674531,0.91809267,0.0129119605,0.049471222,0.17980799,0.16689603,1.3527511,0.82845765,1.5111588,0.6673107,0.03135661,1.1286329,21.571129,0.68358374,13.479095,0.3378826,4.498661,1.6535577,-4.164047,-3.101499,0.019252274,0.697375,1.6359566,0.5913087,5.1059227,0.7152962,-8.021717,-1.3629669,26.526566,0.27261522,802.94324,0.1756957,1446.6595,0.12878504,-111.13759,-0.85873413,1904.4663,0.090672374,1103.6335,0.2427965,-116.60599,-0.753492,3042.4321,0.048294816,1047.9592,0.2606329,-119.76723,-0.7068872,-25.209688,-0.16190462,34.973732,0.18515664,0.07612944,0.34405467,-0.025920521,-0.6499091,0.056997202,0.47847712,33.994247,0.22604458,14.28254,0.40179503,5.521038,1.4394344,-12.226835,-0.66301924,-15.155119,24.999361,0.009973378,0.014317971,0.011510485,2.777778,1.9417477,0.22999999,0.11,0.17333333,0.14704497,-41.80621,17,3,78,SPEAKER_01,1133.733333,1166.366667,1147.9190937500002,1153.04909375,2,1.0968749999999545,1.096875,engaged
37.88409,0.034549672,36.415615,38.207153,39.13625,2.7206345,28.47456,8.386367,12.53304,6.575146,0.3260142,1.0077584,0.06400272,0.20039853,0.5631294,0.4991267,7.9421725,4.721107,4.903799,2.5205696,0.15365833,1.2354767,16.268232,1.2025054,10.863696,1.2092643,-7.780669,-2.074907,-10.781541,-1.1140898,0.017820438,0.7951844,1.3473979,0.7632052,8.820089,0.40637478,10.399969,0.99753827,27.537975,0.33718017,775.4405,0.17931463,1352.0254,0.15572958,-118.328,-0.7394788,1809.4073,0.13377295,1061.2643,0.23358227,-120.68943,-0.6809112,2873.1768,0.07246448,813.3795,0.46116215,-123.29924,-0.6419358,-14.850561,-0.6671995,27.050297,0.35149518,0.061399825,0.32286832,-0.02148062,-0.6165821,0.26502192,0.73064893,25.673906,0.42242956,11.913948,1.2644935,-6.285903,-2.854174,-19.33041,-0.6146719,-4.1495786,14.777001,0.03329058,0.0056718565,0.06404969,3.2258065,2.8806586,0.15142857,0.069164105,0.1525,0.19440614,-27.88573,17,3,79,SPEAKER_03,1166.4,1171.2,1166.81909375,1169.31659375,1,2.4974999999999454,2.4975,disengaged
38.34656,0.12212521,34.839024,38.00158,41.844727,7.005703,64.097404,70.94445,146.73354,344.5798,0.46547094,0.75374043,0.13214613,0.4057991,0.7717992,0.6396531,8.766383,5.0150557,5.964196,3.5968177,0.21131074,0.992,21.520096,0.65167004,10.318721,1.2096614,-8.0344095,-1.8218094,-17.113583,-0.87295747,0.023829198,1.7866462,1.1160592,0.8827974,9.788813,0.41725153,6.12918,1.7807716,26.539904,0.3966409,795.27844,0.20149057,1331.2495,0.17881364,-81.57529,-1.0479426,1829.3259,0.12221197,1043.132,0.28193647,-86.813934,-0.8946074,2949.6833,0.07163271,846.45294,0.41934365,-91.476166,-0.8098744,-16.503195,-0.474525,28.172981,0.3224955,0.06459857,0.37159207,-0.021488855,-0.71960306,0.26202768,0.76502764,25.203197,0.39864042,9.114008,1.4296526,-9.677913,-1.5247022,-21.354866,-0.65763295,-10.663093,20.223545,0.03873066,-0.0073729283,0.115002915,4.1341653,3.3229086,0.18788235,0.20038839,0.10051282,0.09290053,-24.985785,17,3,80,SPEAKER_03,1171.233333,1244.2,1175.39159375,1244.2,23,25.65903124999977,25.6590625,engaged
39.1055,0.12935346,35.472412,37.141277,42.6397,7.1672897,192.19159,399.69205,80.66887,143.40416,0.47725248,0.84371674,0.15706417,0.37279528,0.7453158,0.5882516,7.781734,5.2764745,4.788285,3.76472,0.2240878,1.5925136,19.626835,0.84605885,8.667814,1.71496,-9.789496,-1.7697536,-12.645668,-1.2829046,0.021567421,1.2270331,1.0278281,0.7597191,9.704992,0.4635291,10.161198,1.0465797,31.406857,0.34775603,777.9768,0.24329238,1332.4897,0.18030348,-69.21744,-1.2148565,1833.314,0.13417745,1123.3378,0.27747443,-75.49984,-0.98063123,2925.8179,0.087415285,954.66254,0.32702824,-80.90555,-0.86887985,-16.34337,-0.65966934,29.890339,0.3538516,0.06832248,0.331823,-0.01882279,-0.9107797,0.25733456,1.3118236,25.182419,0.5075531,8.024767,1.93078,-11.907383,-1.5711671,-17.497894,-0.79186934,-5.941412,14.395986,0.038357347,0.0105315605,0.139792,2.316891,2.4774776,0.2830303,0.25932878,0.1175,0.08411833,-24.19453,17,3,80,SPEAKER_05,1171.233333,1244.2,1222.96221875,1240.8328437500002,8,13.398750000000518,13.39875,engaged
38.521416,0.14998776,35.27443,38.62057,42.034428,6.7599983,242.85362,290.95544,61.810944,53.499615,0.3824352,0.919778,0.10477658,0.2867298,0.58852744,0.48375085,9.85099,10.7360325,6.3500347,6.568844,0.17287423,1.2057165,23.497917,0.5085547,10.982083,1.1828125,-3.730021,-4.4822645,-15.445858,-1.0824835,0.024262764,1.5841053,1.1699237,0.99496555,10.221798,0.41685852,10.824431,0.92343503,30.823368,0.3425433,792.28125,0.23360875,1341.245,0.19875863,-77.68534,-1.0739958,1889.3579,0.1188474,1066.6523,0.2879478,-82.399536,-0.9022357,2945.5667,0.076206386,960.89233,0.34944317,-85.74774,-0.83944136,-19.224134,-0.51924145,30.855507,0.34622175,0.06774748,0.35361573,-0.021907471,-0.8233862,0.21369565,1.0176283,25.490002,0.44982865,11.637313,1.1422353,-3.912897,-4.592303,-19.80461,-0.7949665,-13.1198435,24.07185,0.041023243,-0.002893453,0.08406975,4.017857,3.1425366,0.21107143,0.14140467,0.10391304,0.088746786,-26.05709,17,3,81,SPEAKER_03,1244.233333,1272.4,1244.233333,1272.4,18,8.979792000000316,8.9798125,disengaged
49.332436,0.07142593,44.147137,49.978996,53.084625,8.937489,46.13921,21.03331,38.555515,0.0,0.3462044,1.7430731,0.01082238,0.017422995,0.49470845,0.48388606,7.800698,5.497776,-5.7653337,7.8018546,0.18248391,2.0657415,-4.0505323,-2.6823988,-2.226189,-7.4557533,-11.307456,-1.1883062,-6.2149367,-2.692182,0.022467038,1.4670497,0.7245098,0.9950346,11.34301,0.3778868,14.237152,0.55429906,25.444632,0.19223984,856.4883,0.1961382,1108.3152,0.14509962,-170.04794,-0.40676036,1884.5875,0.11857087,1001.60944,0.21018845,-153.89394,-0.5153028,2871.7983,0.04535754,861.2118,0.32627124,-155.61736,-0.48832154,-0.5600787,-21.841553,21.196281,0.39302415,0.0670572,0.43359306,-0.0054517845,-2.772956,0.6416137,0.7458748,5.7708926,1.7851007,-18.000864,-1.1652641,-28.308928,-0.40223056,-27.209852,-0.6702821,2.9684117,2.1001148,0.0402621,0.027229609,0.009892385,0.9771987,1.3333334,0.17999999,0.2152905,0.55,0.7814729,-22.87033,17,3,81,SPEAKER_04,1244.233333,1272.4,1245.15284375,1250.7215937500002,6,3.088124999999991,3.088125,disengaged
41.319466,0.19755003,35.13826,38.828957,47.243637,12.105377,432.73242,506.63208,109.00299,105.432724,0.7042585,1.0478374,0.10223023,0.38830048,1.5114789,1.4092487,6.4720607,5.038292,4.912521,4.4563203,0.27362457,1.3557009,20.69806,0.66990733,1.7854856,10.99322,-12.534658,-1.6941913,-10.746225,-1.2548938,0.032659385,1.7887903,1.2221584,0.81089413,8.743003,0.5475705,8.899413,1.2479889,30.982267,0.3253894,786.0616,0.26052535,1351.8552,0.20026547,-70.05648,-1.2711908,1810.6619,0.11810453,1184.0905,0.2991922,-70.65894,-1.1066107,2909.2065,0.08306735,1040.5801,0.3725484,-77.7791,-0.9399217,-13.094455,-0.9298838,28.215218,0.3489564,0.067586474,0.2872844,-0.010078534,-1.654065,0.33907,1.1662564,22.787655,0.55392367,-1.9618362,-10.634982,-16.804495,-1.3264705,-15.437461,-0.66808856,-12.257564,21.96337,0.045844592,0.006126511,0.11428712,2.3121388,3.49345,0.19458334,0.2962963,0.08894737,0.09037318,-19.287403,17,3,81,SPEAKER_05,1244.233333,1272.4,1258.1634687500002,1269.21659375,9,6.935624999999163,6.935625,disengaged
37.722496,0.1349394,33.189484,38.24186,41.95553,8.766045,168.93753,201.39673,40.733746,24.249586,0.47739366,0.81676394,0.15980603,0.39679793,0.72279656,0.56299055,10.898606,7.2772794,7.35687,4.4115295,0.23464753,1.1770383,21.002594,0.61720467,5.9275174,2.4656274,-8.291906,-2.201154,-18.138258,-0.79352725,0.023430837,1.2540067,1.232546,0.7537652,8.123629,0.49144793,8.623283,1.2393318,28.513725,0.37662765,764.7804,0.20688654,1339.561,0.16779177,-75.62501,-1.1533518,1826.517,0.12022449,1046.7384,0.3690252,-78.597435,-1.0107528,2875.9358,0.069022715,891.29156,0.3746594,-83.141495,-0.9164129,-14.7781315,-0.59465015,26.229288,0.3161378,0.07124914,0.28224885,-0.02306892,-0.6478939,0.30776083,0.9854083,23.788126,0.3937533,4.8684635,3.1841826,-9.029563,-2.2704701,-21.311718,-0.6467553,-10.599727,19.910011,0.04296757,-0.0059752637,0.08395394,3.8901603,3.117783,0.20777778,0.1734686,0.1025,0.11207326,-25.114084,17,3,82,SPEAKER_03,1272.433333,1285.9,1272.433333,1285.9,4,8.758542000000489,8.7585625,engaged
38.34096,0.11062739,34.026108,38.166183,41.28678,7.2606735,395.76654,521.7946,20.72874,23.777077,0.3839871,0.7425471,0.09531659,0.37927768,0.6340768,0.5387602,5.397931,3.6270058,3.137949,2.236464,0.18989797,1.15295,18.366983,0.81589454,12.69317,0.70521945,-0.22616088,-59.697502,-18.397263,-0.7109052,0.03339019,1.362521,1.1723218,1.1301132,9.986359,0.43336478,10.809851,0.9344238,30.286572,0.24159573,750.5772,0.2591286,1438.1881,0.21642493,-86.693,-1.0127078,1833.9285,0.13607356,1056.2653,0.28050256,-91.59319,-0.8545517,2903.0054,0.09057241,1000.69336,0.308346,-94.71352,-0.7966451,-19.362272,-0.4805614,29.791346,0.37702805,0.061729796,0.3316564,-0.023276806,-0.56750804,0.2606886,0.9220785,23.860155,0.49594945,13.485384,0.70135635,-1.4970942,-10.1546335,-21.134222,-0.5699798,-7.08302,12.981559,0.048184875,-0.0044777347,0.07248255,3.49345,2.6785715,0.22999999,0.1497776,0.146,0.18117397,-26.206963,17,3,83,SPEAKER_03,1285.933333,1289.233333,1285.933333,1289.233333,2,2.3043749999999363,2.304375,disengaged
38.75857,0.135472,34.730373,38.361504,42.119267,7.388893,70.04866,67.0858,70.109566,55.03337,0.5581974,0.8800875,0.12659447,0.4097016,0.966521,0.83992654,12.979837,7.034551,8.986598,4.5540276,0.3169764,1.0277572,20.388964,0.6811847,5.2065334,2.80032,-10.734575,-1.7002548,-15.102829,-0.94094884,0.030124957,1.9172041,1.4869653,0.8179326,8.438464,0.43112913,8.300616,1.2600329,29.528824,0.28482747,797.47675,0.19296692,1336.2831,0.17807749,-89.1314,-1.0130115,1812.8009,0.101612724,1045.9304,0.30909288,-92.2132,-0.8987714,2914.3901,0.07093576,824.76654,0.35754508,-97.58417,-0.8050641,-14.46718,-0.5303703,26.190535,0.3078878,0.071542144,0.3095517,-0.025688149,-0.53684384,0.43716872,0.76670635,24.01482,0.3860921,3.5707557,4.4849935,-12.40261,-1.5565443,-21.195238,-0.6144203,-9.473262,20.03486,0.03918849,-0.0026757778,0.1389904,4.369748,3.3755276,0.16924998,0.15299326,0.1269697,0.13009284,-22.678637,17,3,84,SPEAKER_03,1289.266667,1306.533333,1289.266667,1305.1265937500002,7,11.91117675000055,11.9111875,engaged
36.54521,0.08580836,34.91064,36.30342,38.078876,3.1682358,63.648632,48.059082,286.5205,603.8677,0.3308368,0.7723482,0.104672395,0.27878726,0.5116706,0.4069982,5.997621,4.902806,3.6466627,1.9464172,0.15219928,1.2957805,27.402218,0.5512737,11.848524,1.1604342,-6.5314703,-2.493462,-10.909054,-1.5083239,0.019801099,1.8741848,1.1691914,0.8801002,9.592179,0.36761397,9.018648,1.3634928,37.501568,0.29545042,730.7487,0.26563975,1401.1605,0.17461345,-74.47347,-1.1324205,1831.9547,0.14791255,1173.791,0.25966334,-81.54357,-0.9140354,2949.6653,0.09370561,1077.1962,0.27016294,-88.26678,-0.7898561,-19.927141,-0.5342799,34.248432,0.2730199,0.0703824,0.26944435,-0.021351505,-0.7596954,0.17730685,0.9935482,33.337326,0.29844728,11.677955,1.2195098,-7.1398745,-2.3168042,-16.792944,-0.84287935,-11.234615,20.532421,0.042884722,0.0043097143,0.098178335,3.560831,3.1437128,0.21190475,0.13454045,0.08619047,0.104356356,-27.855587,17,3,85,SPEAKER_05,1306.566667,1325.833333,1306.74659375,1320.11159375,7,6.750000000000227,6.75,disengaged
41.871895,0.11550852,39.705006,40.677975,43.67386,3.968853,344.0922,372.0843,69.54629,42.82993,0.5792953,1.1709404,0.091898024,0.38090232,0.77136374,0.6794657,8.876137,10.226739,8.903392,7.388879,0.37682334,1.9782168,11.185568,1.6068197,5.4243016,2.4637258,-14.07509,-0.8926515,-23.864634,-0.85427946,0.032020435,1.3146675,1.1225988,0.75274307,8.679104,0.4820134,9.320003,1.1823397,27.54623,0.41908586,789.31256,0.20238918,1245.9553,0.16210735,-97.26068,-0.9953137,1885.7092,0.10361743,1114.2329,0.22240812,-100.07014,-0.8381459,2900.5537,0.07326428,890.1309,0.46324524,-100.23757,-0.8221375,-13.408539,-0.7972011,26.369743,0.35611445,0.06661572,0.273042,-0.028553195,-0.5801595,0.6143168,1.4932482,18.887686,0.65886647,2.1535678,7.2621236,-19.43814,-0.5607864,-36.144207,-0.35708728,-3.0043046,9.30119,0.045741066,0.00079430925,0.065686345,1.6611296,2.3728814,0.23428571,0.13782568,0.19333334,0.18517257,-19.29327,17,3,85,SPEAKER_04,1306.566667,1325.833333,1320.11159375,1324.56659375,3,3.0206249999996544,3.020625,disengaged
39.70145,0.0842544,38.9771,40.17804,42.078094,3.100994,146.6587,162.50291,19.517834,17.023962,0.6451692,0.74064445,0.20592883,0.5506668,1.0168093,0.81088054,16.475538,8.08874,10.301932,4.7260704,0.3455601,1.0193914,21.117332,0.4913134,2.3103054,4.819635,-16.764511,-0.82308704,-20.33008,-0.7325663,0.030827504,2.849392,1.3403808,0.7161711,9.114126,0.4609086,8.150261,1.1978958,30.365011,0.3261514,745.6215,0.21589555,1376.1318,0.17661811,-64.56733,-1.3276961,1753.5968,0.11026133,1076.4669,0.2728237,-67.14218,-1.1306833,2900.193,0.07731321,916.3251,0.43555504,-74.80706,-0.952001,-14.912222,-0.48469386,27.750404,0.3190383,0.071304284,0.28044686,-0.025594411,-0.5134195,0.44007048,0.8310237,23.103853,0.41034633,1.3544185,8.602697,-18.391207,-0.7796671,-25.911137,-0.47938672,-10.702403,20.830956,0.050404236,-0.008160773,0.097124934,4.5454545,2.9801326,0.23666665,0.19055475,0.101428576,0.0852607,-22.301477,17,3,86,SPEAKER_03,1325.866667,1333.8,1328.7515937500002,1333.8,5,3.0909062499997617,3.0909375,engaged
39.45246,0.012908849,38.925407,39.5094,39.788265,0.8628578,7.6706886,0.0,12.1506195,0.6551394,0.21737427,1.1853864,0.03279173,0.081681095,0.48772106,0.45492932,2.2016017,0.62828505,2.563356,1.8855015,0.057550255,1.1012766,16.791382,0.8850463,12.952057,0.7919596,-0.54411626,-14.581892,-12.168326,-1.9150395,0.025374776,0.77580225,1.5582297,0.56859964,8.387579,0.35492405,10.857448,0.52438825,29.595371,0.17477237,834.4253,0.13262756,1300.784,0.10116533,-94.3863,-0.9497011,1932.4314,0.10010026,1121.2654,0.20156415,-101.44069,-0.7767176,2949.0142,0.056043908,763.8458,0.25718305,-102.00898,-0.7666843,-17.343195,-0.39938658,27.981207,0.24821085,0.05882822,0.4073881,-0.025680099,-0.6317859,0.09744348,0.706003,24.593369,0.26868275,7.6797667,1.4078311,-4.732105,-1.6541474,-29.56302,-0.5781036,-6.2991447,13.07513,0.027543252,0.010596261,0.0062329746,3.3898306,1.8518519,0.29,0.0,0.19999999,0.0,-34.106163,17,3,86,SPEAKER_06,1325.866667,1333.8,1330.06784375,1330.67534375,1,0.6074999999998454,0.6075,engaged
39.081272,0.11136878,36.334686,38.02266,43.441242,7.106556,185.54626,139.72229,68.89951,71.87915,0.45809528,0.8899346,0.054355755,0.35777065,0.84323967,0.7888839,7.88829,4.160145,6.8022256,3.4644454,0.21963018,1.1030777,19.337753,0.5293368,6.8675766,1.4243017,-6.9025636,-1.7102866,-12.300785,-1.3712047,0.03526537,1.6054771,1.3462131,0.752126,8.569725,0.55477506,11.954248,0.79941803,28.001362,0.28477973,770.09924,0.23837218,1354.1487,0.14952524,-88.21895,-1.038635,1808.9219,0.11641019,1057.3491,0.2175224,-89.21013,-0.9170354,2917.5764,0.08021051,863.5584,0.34504616,-92.9801,-0.8499514,-16.977432,-0.41537884,27.29369,0.33380464,0.071543835,0.3671326,-0.020757485,-0.6193854,0.3220992,0.7624979,22.966782,0.34712213,7.388968,1.4469801,-6.566781,-2.0333505,-21.349394,-0.63546604,-8.024437,17.39409,0.027713368,0.0065276106,0.045983788,3.7249284,2.3255816,0.26375,0.2040795,0.16857143,0.095233336,-24.646526,17,3,87,SPEAKER_03,1333.833333,1337.333333,1333.833333,1337.333333,1,3.5,3.5,disengaged
38.53643,0.1405328,35.312992,38.66915,41.696022,6.38303,129.84282,119.83832,107.62943,136.70892,0.47220227,0.89803594,0.07850962,0.35373166,0.8459634,0.7674538,11.964187,6.0453596,5.9612317,2.9905038,0.25284323,1.3737674,18.004198,0.871559,8.636639,1.4776632,-11.302545,-1.5697255,-18.77481,-1.0018767,0.02907263,1.7047473,1.2953758,0.84872526,9.144309,0.4364067,8.732733,1.4286351,29.57808,0.3521491,769.92706,0.20728353,1352.2844,0.14683011,-91.13882,-1.0211021,1792.7406,0.113055706,1103.529,0.31999987,-93.840126,-0.8869283,2883.7324,0.072076716,863.7086,0.47622588,-98.21907,-0.80914843,-16.24904,-0.4230596,27.868334,0.2959321,0.07290582,0.3056026,-0.028439049,-0.5364024,0.38027525,1.0344607,23.4023,0.42460105,6.587239,1.9613178,-14.782387,-1.2570918,-29.079836,-0.5209285,-8.963041,18.779074,0.035893645,-0.004500087,0.067442715,3.846154,2.9085875,0.19571428,0.19682169,0.13894737,0.14286153,-23.344452,17,3,88,SPEAKER_03,1337.366667,1349.9,1337.366667,1349.03534375,7,7.298051750000241,7.2980625,engaged
36.951084,0.2228134,31.415339,36.118534,46.15272,14.737383,98.28357,81.03658,87.60067,89.47707,0.30678734,1.0385891,0.07839762,0.20008262,0.42287296,0.34447533,6.107071,3.423828,4.4068403,2.8818703,0.18022005,1.8597862,19.974796,0.77705294,9.807982,1.3118716,-6.9974766,-2.5876503,-12.713742,-1.3461697,0.047927488,2.3827617,1.5447664,0.7308453,7.369679,0.54747397,9.338275,1.150859,31.538174,0.34441483,747.2525,0.21625863,1363.6545,0.15757942,-95.75487,-0.9575689,1829.9376,0.102831915,1080.1537,0.25488925,-99.12816,-0.81308436,2903.4187,0.06763434,924.8227,0.38458917,-102.98375,-0.75081915,-18.214035,-0.4783228,28.748013,0.37352985,0.071471795,0.29993287,-0.026045639,-0.6441795,0.26721302,1.4512542,25.353231,0.46409404,8.309395,1.69034,-8.587519,-2.2351942,-20.160208,-0.7653914,-10.132682,19.529083,0.039556935,-0.0022881373,0.06586277,3.1645572,4.2643924,0.126,0.060448326,0.11466666,0.06621849,-26.369345,17,3,89,SPEAKER_03,1349.933333,1395.233333,1351.34721875,1394.9690937500002,6,4.758750000000873,4.75875,disengaged
36.744144,0.11569346,34.742126,36.263954,39.289707,4.5475807,284.2939,416.377,38.82682,44.543125,0.25042993,0.7668668,0.06994638,0.21660809,0.40728986,0.33734348,4.256451,1.922515,3.7711046,2.878626,0.10261812,1.0007354,24.003452,0.77557755,11.598367,1.0955021,-6.859752,-2.3749747,-8.424933,-2.0688102,0.026083352,1.5932684,1.275145,0.8631575,8.961328,0.42933547,10.159255,1.0098475,38.21583,0.26672846,747.7904,0.24449588,1387.1912,0.15544716,-81.458244,-1.0705324,1823.7903,0.12906112,1200.9891,0.2680754,-88.1977,-0.8766986,2961.3035,0.08165127,1048.2545,0.30124682,-94.72582,-0.7639513,-19.34163,-0.5477756,33.664074,0.2934542,0.067935914,0.29189962,-0.017486848,-0.9725423,0.13553245,0.78378457,32.42708,0.34720397,10.336313,1.2995285,-8.568248,-2.0356953,-15.503905,-0.9512683,-8.543772,16.775316,0.040381793,0.00923693,0.04071117,4.1697693,3.1390135,0.19904763,0.12599714,0.1035,0.07747742,-31.252718,17,3,89,SPEAKER_05,1349.933333,1395.233333,1359.7172187500005,1387.6453437500002,14,13.449374999999009,13.449375,disengaged
43.300632,0.099235885,41.296646,42.210617,43.62348,2.3268356,275.67587,527.4756,225.69052,281.01096,0.6295798,0.7927787,0.12808588,0.56678236,1.0640117,0.93592584,9.402667,6.0730176,6.8313003,3.9106622,0.3317581,1.1103643,14.825558,0.934073,5.185332,2.0683427,-28.548784,-0.5064062,-32.236095,-0.64740056,0.022638774,1.3177848,0.9700304,0.8238942,10.877017,0.40966403,9.390694,1.0617299,33.70578,0.328147,808.46954,0.22415888,1330.6846,0.28864038,-57.153538,-1.545103,1852.1653,0.14177857,1207.3268,0.23538248,-65.856064,-1.0927712,2920.6423,0.07602698,881.85474,0.48355216,-69.827446,-0.98189896,-16.723442,-0.5124442,31.412752,0.24291147,0.060800552,0.28843808,-0.03190144,-0.5238321,0.41378394,0.94246906,18.415491,0.46663508,2.7651167,3.8629773,-33.517292,-0.36288497,-38.851986,-0.42333412,-5.9765296,12.544404,0.051432,-0.0043969825,0.06851099,2.9411764,2.4875622,0.299,0.3387167,0.114285715,0.0879703,-19.607374,17,3,89,SPEAKER_04,1349.933333,1395.233333,1388.5228437500002,1395.233333,4,4.094864249999773,4.094875,disengaged
40.838383,0.12371222,39.702225,40.915024,43.43415,3.731926,152.84402,131.9621,244.49382,369.88196,0.3514132,0.713039,0.12117251,0.30903074,0.60863054,0.48745802,5.263879,2.4759357,3.4814513,1.7891496,0.13138878,1.3181537,15.804928,1.2222161,1.916557,6.182655,-20.938766,-0.7361682,-19.584097,-0.93761975,0.030775813,1.7903184,0.91008276,0.985808,10.572713,0.47362855,5.160282,2.1882374,30.960054,0.36200383,860.53156,0.15850796,1223.3821,0.21376853,-70.81292,-1.2916185,1902.6886,0.10441718,1106.6271,0.35668796,-80.87214,-0.9831427,2994.6423,0.069083825,869.6468,0.29206213,-86.8332,-0.87012804,-16.075281,-0.5640453,30.167099,0.30117384,0.063764736,0.3723615,-0.023706056,-0.71877605,0.17757222,1.0827894,24.921736,0.3336462,-0.45334342,-27.067444,-24.719278,-0.61993015,-27.75326,-0.51114005,-1.1078612,9.118089,0.038351644,0.0066193053,0.036603287,2.679659,2.4539878,0.2665,0.2305488,0.14999999,0.13275918,-28.44329,17,3,90,SPEAKER_04,1395.266667,1451.1,1395.266667,1438.0340937500002,13,8.224301750000905,8.2243125,engaged
41.160355,0.08337716,38.461697,42.030266,43.687286,5.2255898,42.889526,38.552383,163.88261,278.78207,0.47887254,0.97560877,0.10280344,0.3947357,0.7308661,0.6280626,8.497399,3.5801687,5.769758,4.948896,0.1724765,1.4797204,15.143589,1.1050256,3.5322068,3.7376082,-14.845467,-1.0392746,-10.587101,-1.3314085,0.02327473,2.7433088,1.0887395,0.96490645,11.22345,0.42785257,9.780378,1.1164911,29.288427,0.32354224,876.9744,0.21832624,1257.3774,0.17594245,-88.594246,-1.0251844,1876.7836,0.111596026,1113.6165,0.29917702,-90.18131,-0.929165,3001.7627,0.07821287,959.7759,0.37953192,-98.170494,-0.79059786,-15.075853,-0.6223623,28.476957,0.3052062,0.06940456,0.2666232,-0.013654453,-1.3303182,0.24375926,1.2109762,22.687744,0.37447327,0.461499,29.602774,-18.906433,-0.8562606,-14.848348,-0.93199366,-3.8933008,12.504398,0.04522004,0.00394231,0.058582284,2.857143,2.356021,0.25277779,0.2821506,0.16117647,0.14958303,-22.528063,17,3,90,SPEAKER_03,1395.266667,1451.1,1395.9984687500005,1410.5784687500002,6,7.711874999999964,7.711875,engaged
43.196037,0.09502541,41.56305,42.873135,45.917088,4.3540382,147.8524,152.7025,61.10559,72.93118,0.44061977,0.96515775,0.111262284,0.3850996,0.5563188,0.44505653,6.369967,4.5381823,3.6179855,2.8474102,0.11908304,1.8741947,20.213858,0.5050206,5.8439145,2.4871562,-14.334752,-1.1616576,-23.134808,-0.83618206,0.016218403,2.2521644,0.677499,1.3669225,13.980752,0.3016636,10.943306,0.8210503,30.999365,0.3404368,871.754,0.13936819,1188.2134,0.18380994,-52.0674,-1.3927697,1951.9843,0.08194304,988.50995,0.3103154,-63.57444,-1.0182067,3037.6982,0.061358985,871.4991,0.34244996,-69.97938,-0.8728973,-19.75848,-0.5392433,30.950798,0.34074387,0.06601974,0.33935907,-0.021713175,-0.6849248,0.14084539,1.6861789,23.385632,0.3045719,4.7372,3.2388258,-16.991688,-0.99457955,-29.094849,-0.51382273,-10.437843,20.059246,0.017892098,0.013797896,0.02715022,1.3784461,1.388889,0.5763636,0.7905035,0.137,0.16266838,-22.958944,17,3,90,SPEAKER_00,1395.266667,1451.1,1438.0340937500002,1451.02784375,4,7.9987500000002,7.99875,engaged
38.52424,0.12659562,34.555477,36.69113,44.465393,9.909916,361.55008,494.39926,30.93932,25.918766,0.13768654,1.177199,0.015704712,0.060156077,0.25500605,0.23930134,4.39539,2.5457225,2.9638944,2.3268719,0.053754397,1.4665174,17.227646,0.8489964,13.264634,0.6068595,-0.43009496,-23.415432,-7.7526517,-1.504791,0.0188761,0.92388725,1.224959,0.91013986,10.192251,0.35337386,3.258577,2.701909,29.55872,0.26007035,835.0946,0.16442902,1339.3083,0.15969048,-126.550964,-0.67409426,1893.1847,0.08726685,1079.7346,0.20430444,-128.9086,-0.602216,3004.8054,0.06528727,967.96216,0.36718935,-132.02534,-0.5609423,-22.147022,-0.3707795,34.16393,0.2678451,0.048906483,0.5450429,-0.017981108,-0.7139167,0.09828502,0.85883975,29.58762,0.34600237,14.869572,0.64707273,-2.2069917,-5.9235377,-9.697405,-1.4409593,-9.412875,16.623442,0.02995603,0.014388502,0.020239834,4.5751634,2.3255813,0.17571428,0.26076028,0.17777778,0.105701655,-34.502293,17,3,91,SPEAKER_00,1451.133333,1462.733333,1451.75346875,1457.23784375,3,3.071249999999509,3.07125,disengaged
41.355194,0.13977145,36.034454,39.349144,47.070423,11.035969,96.0978,107.95656,28.631536,40.003414,0.70626,0.9982169,0.23397031,0.46428114,0.8229917,0.58902144,6.4101133,2.657771,3.3743858,2.0330331,0.34767428,1.4108831,25.755564,0.46703646,6.191696,3.1523762,-10.390774,-1.8277175,-18.247639,-0.8471393,0.019181019,1.8437873,0.7311286,0.9441488,12.144735,0.3342213,10.372336,1.0106522,33.329456,0.2985645,831.7888,0.21679112,1348.2704,0.17555316,-32.965794,-1.6806592,1910.5726,0.111377515,1165.6193,0.27018484,-46.181854,-1.0499171,3017.7495,0.080708295,1042.6665,0.2728162,-53.56924,-0.8428136,-20.988234,-0.5477941,33.488438,0.2840331,0.07812853,0.29965973,-0.020665219,-0.81510144,0.38243404,1.3265435,27.336735,0.38953283,5.126267,3.9385834,-11.604768,-1.682746,-20.52263,-0.6561672,-10.764053,19.796566,0.03599056,0.008536346,0.047616318,1.9823788,1.3392857,0.66833335,0.86814773,0.0875,0.03344772,-18.428923,17,3,91,SPEAKER_05,1451.133333,1462.733333,1456.8665937500002,1462.733333,4,4.550489249999828,4.5505,disengaged
35.995037,0.097646214,34.87875,35.775608,38.058006,3.1792564,435.33878,577.9688,32.478104,23.304272,0.3177977,0.6689881,0.117706925,0.30364925,0.5240815,0.4063746,5.07267,3.1668587,3.2962496,2.2011683,0.117844634,0.8313776,27.523373,0.59716433,9.492214,1.5990736,-9.503841,-1.7655423,-10.184334,-1.4380616,0.018244714,1.5676028,1.0766494,0.91879493,9.091477,0.42541358,7.4682817,1.6761215,36.971584,0.320625,717.26215,0.2733901,1402.031,0.17292105,-63.514618,-1.2974743,1796.5171,0.13859956,1171.3448,0.23781306,-71.739685,-1.0146865,2956.1843,0.08750666,1093.5931,0.2550873,-80.55361,-0.83361596,-17.770565,-0.64559954,33.256416,0.29299113,0.072414495,0.22907026,-0.015635502,-1.1887608,0.14482899,0.6642861,33.255875,0.32586205,8.406765,1.8047355,-10.818932,-1.6522415,-14.541288,-0.8800955,-9.701397,19.711033,0.05157383,0.009378438,0.042803027,4.265873,3.0938125,0.22838709,0.15197828,0.08730769,0.06975549,-29.965141,17,3,92,SPEAKER_05,1462.766667,1482.833333,1462.766667,1474.1803437500002,4,10.097426750000295,10.0974375,engaged
40.86874,0.07888723,38.97351,40.318134,42.52306,3.549549,122.759384,110.51966,340.00217,665.72675,0.52320075,0.8365476,0.12332673,0.46818042,0.86751723,0.7441905,7.850647,3.1161935,7.069803,3.3392177,0.23375863,1.4460404,16.17424,1.0878304,6.116715,2.2019591,-14.477079,-0.8777505,-20.690565,-0.93079317,0.018924814,1.1910808,0.9662224,0.9349053,11.191085,0.32644436,12.744588,0.69534534,32.444927,0.32455727,817.08405,0.20150417,1253.3008,0.16442083,-74.39388,-1.1920174,1906.6476,0.11791643,1021.10815,0.26747847,-81.68942,-0.9643891,2981.3943,0.073734395,944.3118,0.3307086,-86.38628,-0.8737885,-17.800816,-0.4498126,27.71754,0.34041905,0.07587706,0.25138214,-0.03296444,-0.46834067,0.31854203,1.1818304,24.424456,0.39041686,3.9167407,3.7043202,-18.313265,-0.6012228,-28.805773,-0.52165323,-2.771765,9.211667,0.04949796,0.0011137819,0.059814945,2.9748285,2.3201857,0.283,0.2862184,0.128,0.1506519,-22.191418,17,3,92,SPEAKER_03,1462.766667,1482.833333,1474.1803437500002,1481.0147187500002,3,4.387499999999818,4.3875,engaged
0.0,0.0,0.0,0.0,0.0,0.0,0.0,0.0,0.0,0.0,0.10301048,0.23434004,0.078717865,0.10573139,0.123922266,0.0452044,1.3054423,0.0,0.741163,0.0,0.013125165,1.3439081,-8.658233,-1.3207252,16.606232,0.18855304,-17.07493,-0.1123873,-7.573875,-1.0619229,0.0,0.0,0.0,0.0,0.0,0.0,0.0,0.0,0.0,0.0,0.0,0.0,0.0,0.0,-201.0,0.0,0.0,0.0,0.0,0.0,-201.0,0.0,0.0,0.0,0.0,0.0,-201.0,0.0,0.0,0.0,0.0,0.0,0.0,0.0,0.0,0.0,0.0,0.0,0.0,0.0,0.0,0.0,0.0,0.0,0.0,0.0,3.5629938,-1.355637,0.045322683,0.009961686,0.008002187,0.0,0.0,0.0,0.0,0.089999996,0.0,-51.549988,17,3,92,SPEAKER_06,1462.766667,1482.833333,1480.7447187500002,1480.9134687500002,1,0.16875000000004547,0.16875,engaged
38.666874,0.057532072,36.21698,38.939743,40.354717,4.1377373,82.77012,84.00002,37.314747,37.564068,0.43190536,0.7270446,0.093080856,0.36431393,0.75378263,0.66070175,5.442557,1.6138833,2.540112,2.8897264,0.15331441,0.8517294,23.882147,0.50984275,9.3162565,1.5109729,-13.763997,-1.274413,-16.70119,-1.3878855,0.015283401,0.8320345,1.0956886,0.741403,9.277661,0.35344586,8.770738,1.0987059,35.6265,0.19963367,799.48584,0.20829388,1338.3209,0.15582736,-55.72246,-1.4517931,1871.9608,0.11750773,1088.7646,0.25361618,-67.708954,-1.0290241,2981.6235,0.08012676,974.9006,0.22258599,-73.72503,-0.89870185,-16.220379,-0.5937187,28.248898,0.33136892,0.06701105,0.32141677,-0.028156327,-0.75551564,0.18027009,0.68983537,26.61878,0.38402408,6.1602006,2.2741706,-17.191725,-1.0490155,-23.050613,-0.93933,-12.320198,20.87897,0.030824568,0.0045547807,0.04385438,3.3519554,3.468208,0.21,0.2608959,0.0875,0.06647368,-27.195965,17,3,93,SPEAKER_05,1482.866667,1486.766667,1484.35596875,1486.766667,3,1.8031982500001504,1.8031875,disengaged
29.182554,0.09355212,26.355978,28.783844,32.165726,5.8097477,0.0,0.0,-0.5440843,0.0,0.38844123,0.65635586,0.10960601,0.38473785,0.65767896,0.54807293,5.829247,0.0,-5.5395555,0.0,0.22034721,0.83138263,21.84062,0.7948326,1.5782188,8.632661,-7.704098,-0.57818055,-4.5110273,-3.2134018,0.09612571,0.5257879,2.7571929,0.59458137,0.9916865,1.3657182,-5.039592,-1.0239819,18.757288,0.49653766,479.7218,0.35887128,1347.0245,0.13192005,-50.34057,-1.6413854,1502.1381,0.09632922,1132.9327,0.28527015,-54.37858,-1.4750118,2564.9502,0.09461451,1127.9983,0.20903762,-63.95133,-1.1692419,-14.917526,-0.31216264,27.61642,0.11775661,0.058814764,0.23793028,-0.030291803,-0.29928285,0.35362512,0.38196057,29.644173,0.15481983,-0.7010874,-16.843779,-7.717084,-0.5229317,-11.8448715,-0.38795966,-0.8028789,5.518434,-0.012017685,0.020517185,0.005258881,3.7037039,5.0000005,0.14,0.0,0.04,0.0,-28.80509,17,3,93,SPEAKER_01,1482.866667,1486.766667,1484.62596875,1484.91284375,1,0.2868750000000091,0.286875,disengaged
38.344822,0.15403534,34.831894,36.057667,45.707954,10.8760605,50.460133,39.53546,28.020327,27.840107,0.3452476,0.8269059,0.10486036,0.27612808,0.5058341,0.40097374,2.8284707,1.2348039,4.8182936,2.552002,0.12690154,0.85958683,23.841675,0.76773864,13.942217,1.0473945,-6.4724193,-2.2714143,-14.299184,-1.1449492,0.018902767,1.6539608,1.0712239,0.9455052,10.725761,0.36457604,13.14758,0.89630735,36.33545,0.32957494,725.7262,0.25380948,1339.2056,0.23338595,-60.823795,-1.267745,1843.8358,0.124047816,1101.2668,0.28468734,-72.1011,-0.9025279,2926.451,0.07591183,1002.95,0.27552387,-76.441444,-0.8153154,-21.945179,-0.44227448,32.634163,0.3593007,0.07676518,0.32881242,-0.021069122,-0.62314224,0.15236768,0.72792244,29.113865,0.45390812,13.52431,1.1857485,-5.4969177,-2.533604,-18.518429,-0.77922213,-12.704563,21.341187,0.04954737,-0.0046092058,0.05241123,3.1413612,3.783784,0.19285715,0.14329931,0.05142857,0.039434783,-27.367426,17,3,94,SPEAKER_05,1486.8,1489.333333,1486.8,1488.72659375,1,1.9265937499999382,1.9265625,engaged
37.273335,0.1312299,34.531113,36.798275,39.74221,5.2110977,846.9722,876.23206,44.932087,30.466469,0.3553891,0.69355404,0.1465595,0.33360007,0.5028344,0.35627487,5.251745,5.1715016,3.002836,1.4305866,0.13591756,0.89547783,28.000889,0.63096493,11.260574,0.90370035,-11.099202,-1.1609365,-18.85826,-1.0870941,0.028321909,2.4749403,1.0235876,0.9040403,9.734852,0.422185,8.844455,1.1469687,37.558876,0.24595113,752.0031,0.23843251,1354.9235,0.16959724,-55.632492,-1.4061891,1834.7769,0.1559974,1223.459,0.20499156,-66.45392,-0.9858657,2969.1133,0.08807075,1024.4935,0.25682148,-72.15253,-0.8629863,-17.947105,-0.5130893,34.32628,0.28541923,0.07655893,0.25703,-0.02120454,-0.8748731,0.15968433,0.78230715,32.790596,0.38524044,11.246661,0.89120704,-12.765561,-1.0208282,-24.383846,-0.76945645,-8.959256,19.209377,0.0417473,0.0070380173,0.053580914,3.2818534,2.7290447,0.2792857,0.16148703,0.073076926,0.038706906,-27.020628,17,3,95,SPEAKER_05,1489.366667,1506.666667,1490.3128437500002,1503.91409375,8,5.197499999999536,5.1975,disengaged
41.771645,0.08109772,39.468983,41.88973,44.531822,5.0628395,197.17519,310.14447,59.82019,61.014652,0.33416435,0.6468079,0.16089898,0.298252,0.45458233,0.29368335,4.840709,2.0446582,3.149498,1.6595513,0.15112655,1.0011796,11.0759115,2.0085309,11.313831,1.3228438,-4.8180766,-2.8107505,-13.241608,-1.3454663,0.03858885,1.6423813,1.3069477,0.8774583,11.601034,0.2705684,11.3702135,0.66245914,25.928274,0.40468216,837.51697,0.18951158,1303.3014,0.17048359,-97.32561,-0.8571054,1931.4438,0.11538314,1061.6987,0.24699752,-102.034615,-0.7324859,2948.5466,0.071600586,898.93176,0.31678492,-102.74523,-0.7225775,-22.33106,-0.32897237,34.592426,0.20927528,0.071109094,0.28109035,-0.017333861,-1.1219001,0.2255928,0.67972,25.15052,0.27391317,13.980759,1.0578876,-5.5346074,-2.4987478,-22.123589,-0.6761284,2.05707,7.1551514,0.050394516,0.015708178,0.04259031,2.6178012,2.688172,0.218,0.062096696,0.11,0.101816826,-26.69998,17,3,95,SPEAKER_03,1489.366667,1506.666667,1503.91409375,1506.666667,2,1.9256982500003232,1.9256875,disengaged
40.7569,0.12777276,35.31601,40.708725,46.065857,10.749847,139.48521,95.149864,11.2618475,25.927181,0.3978569,1.0733975,0.02091706,0.2484116,0.70439005,0.683473,6.0960555,3.7743373,5.724986,5.08515,0.15982388,1.216952,20.102497,0.5184894,6.4428234,2.070462,-6.99252,-2.6160898,-14.735896,-1.3366141,0.024596415,2.026411,1.0391909,0.9672819,11.2360935,0.38434348,12.727678,1.0117009,32.58197,0.30687943,787.5176,0.16800885,1291.9053,0.18654686,-91.57792,-1.0040033,1859.0248,0.09391201,994.1994,0.34021538,-98.828926,-0.83772355,2959.0781,0.058112245,813.74084,0.36385912,-103.96522,-0.753587,-19.257486,-0.42062858,28.603891,0.27525282,0.076734446,0.34095109,-0.023474498,-0.61852384,0.23972096,0.870074,24.003649,0.31757,4.022877,3.7560377,-13.289931,-1.4346443,-26.32347,-0.522849,-13.673816,22.59261,0.027093157,0.006191804,0.05318149,3.8834953,2.7732465,0.19999999,0.16552946,0.14874999,0.1744948,-24.768036,17,3,96,SPEAKER_03,1506.7,1608.333333,1506.7,1583.47971875,7,6.191593750000266,6.1915625,engaged
39.214058,0.12633853,39.004074,39.83914,40.43414,1.4300652,101.04212,39.169033,41.60689,29.043211,0.5922791,0.76896816,0.20695338,0.55798274,0.87531245,0.66835904,7.199439,6.4473114,4.8836575,3.1266553,0.22104894,1.7477322,24.298687,0.3100103,-6.2366033,-1.5711315,-24.702938,-0.38970974,-26.140844,-0.4865322,0.027493287,1.9170024,0.7818552,1.0946686,10.359333,0.47148624,0.96094984,8.264233,31.148794,0.2751754,860.9768,0.15089916,1188.4539,0.13491534,-60.066956,-1.5693192,1937.352,0.08480822,930.0384,0.20042169,-71.74765,-1.165831,2996.818,0.061508525,963.41785,0.34486267,-79.87362,-0.981151,-13.320031,-0.57139796,24.766123,0.2785636,0.074653454,0.3049571,-0.0375893,-0.36355627,0.2777352,1.6298758,25.338211,0.21920817,-8.921861,-0.9916066,-28.159899,-0.24687009,-30.085056,-0.32995692,-12.746934,25.048199,0.05889838,-0.014531919,0.10527837,2.0356236,2.0618558,0.325,0.21459262,0.16,0.092582,-20.627504,17,3,96,SPEAKER_04,1506.7,1608.333333,1512.8578437500005,1579.9190937500002,4,3.9487499999991087,3.94875,engaged
36.191814,0.11210901,34.448936,36.166668,38.033752,3.584816,195.50851,251.5026,143.80222,431.04495,0.32461813,0.7209159,0.106769055,0.30162123,0.49361432,0.38684526,4.59517,2.4188523,3.0634186,1.6365138,0.13270034,0.8744016,26.10342,0.72724694,11.461013,1.2031212,-7.6845193,-2.1039596,-12.885116,-1.2580838,0.022187069,2.1978014,1.0481464,0.84847164,9.5191965,0.38964662,10.099372,1.2145951,37.891506,0.27394137,744.4192,0.25539407,1396.2032,0.16879764,-71.45085,-1.2037078,1826.5033,0.14416012,1201.5176,0.25297332,-80.63472,-0.9348233,2968.762,0.088353336,1058.2572,0.2803421,-86.75736,-0.8182656,-20.104212,-0.5348868,34.98675,0.2809385,0.079163074,0.22469139,-0.019729309,-0.79160976,0.16885155,0.65495145,34.11108,0.29937223,11.858368,1.2044083,-8.470704,-2.0467455,-18.70267,-0.7261017,-7.2318954,15.304224,0.051636707,0.007596984,0.047779758,3.0927837,2.2498677,0.30164704,0.3455289,0.12457831,0.117640465,-28.167141,17,3,96,SPEAKER_05,1506.7,1608.333333,1519.7259687500002,1608.333333,20,37.84736424999937,37.847375,engaged
0.0,0.0,0.0,0.0,0.0,0.0,0.0,0.0,0.0,0.0,0.017225772,1.5273913,0.00584739,0.006624618,0.014858702,0.009011312,1.0025154,1.2801248,1.7867756,1.0919285,0.0037096122,2.5714254,1.4039372,4.1850777,5.6849732,1.9681752,1.5367404,5.8388324,12.100665,0.60375357,0.0,0.0,0.0,0.0,0.0,0.0,0.0,0.0,0.0,0.0,0.0,0.0,0.0,0.0,-201.0,0.0,0.0,0.0,0.0,0.0,-201.0,0.0,0.0,0.0,0.0,0.0,-201.0,0.0,0.0,0.0,0.0,0.0,0.0,0.0,0.0,0.0,0.0,0.0,0.0,0.0,0.0,0.0,0.0,0.0,0.0,0.0,-6.2322636,16.51773,0.009750943,0.03752228,0.003583789,2.739726,0.0,0.0,0.0,0.66999996,0.0,-63.278725,17,3,96,SPEAKER_06,1506.7,1608.333333,1581.80909375,1607.40846875,3,0.7425000000000637,0.7425,engaged
36.093544,0.09760668,34.472107,35.92313,37.949352,3.4772453,255.39688,438.9626,66.00089,136.23442,0.27645677,0.7583518,0.08029092,0.24716786,0.44710243,0.3668115,4.76993,3.2025278,3.0616848,1.9421579,0.11703451,0.98735344,24.945274,0.757848,12.675376,1.0823454,-5.6412473,-2.8077035,-10.23322,-1.5158254,0.022768468,1.937997,1.1517668,0.793549,9.035136,0.4000019,10.239568,1.1307129,37.257072,0.30341914,742.7345,0.25789702,1406.3059,0.17043498,-76.725945,-1.1308544,1830.323,0.1364918,1206.7516,0.25706127,-84.47245,-0.9037716,2953.9763,0.08617525,1075.4543,0.28360116,-89.96248,-0.8018117,-20.306784,-0.5679337,34.658035,0.2911905,0.075427786,0.25855684,-0.018813914,-0.9157785,0.15339723,0.75471497,33.1881,0.33475733,12.535345,1.147924,-6.671683,-2.5613568,-16.097042,-0.824925,-7.658027,16.31477,0.04850699,0.010326244,0.039983872,2.5480502,2.310376,0.24107,0.20004192,0.12071999,0.124073654,-29.723999,17,3,97,SPEAKER_05,1608.366667,2423.133333,1608.366667,2398.23846875,236,432.89805174999174,432.8980625,disengaged
38.44485,0.13296649,34.49663,38.26043,42.32751,7.830879,190.83907,273.64502,90.755196,123.40894,0.37990686,0.83383715,0.106790826,0.29547915,0.62302756,0.5162367,8.073199,4.3875628,5.2944455,4.12067,0.16967294,1.0152552,21.45723,0.7360085,8.830867,1.4409394,-6.472391,-2.3041198,-13.657605,-1.0302137,0.025564505,1.566664,1.2758678,0.87041336,9.345901,0.42938155,7.964038,1.3553829,29.674887,0.34740362,794.597,0.1818865,1306.7902,0.19755314,-72.64348,-1.1551998,1845.4362,0.105747834,1020.9225,0.28238595,-79.105194,-0.9532594,2942.5022,0.06810494,904.0407,0.37531948,-84.58932,-0.8439601,-17.120367,-0.57451594,29.06664,0.3776556,0.064230256,0.3191387,-0.02127296,-0.772994,0.2101135,0.8259174,26.03215,0.4625247,6.7315364,1.9315655,-9.298888,-1.656166,-18.065958,-0.6735944,-9.661567,17.835394,0.037686303,0.0005262258,0.07578124,4.20354,3.3314824,0.19966666,0.15924788,0.0946,0.07338147,-26.8913,17,3,97,SPEAKER_03,1608.366667,2423.133333,1617.4490937500002,1988.02409375,28,18.090000000000146,18.09,disengaged
42.209946,0.12928456,38.900208,40.31293,45.477215,6.5770073,62.001827,73.89295,218.213,123.59813,0.052044187,2.347891,0.0063033397,0.0077464986,0.024037223,0.017733883,3.8725655,3.7742918,2.1744766,1.7968798,0.015683107,3.40412,4.5814924,2.3144977,10.339712,0.6832669,4.8557415,1.8910042,4.2616286,3.3503075,0.011638768,0.8543373,0.7959185,1.1546558,12.097203,0.38327128,12.178143,0.7040762,28.315023,0.37226897,863.1016,0.16429792,1395.2886,0.16202796,-182.96857,-0.28386146,1940.7037,0.097788066,1270.3643,0.3296967,-180.89557,-0.28820106,2943.994,0.07556698,1023.8612,0.30088097,-181.31102,-0.2818056,-23.306885,-0.48827523,33.182186,0.34505484,0.06321497,0.27105984,-0.02434642,-0.8020455,0.08661598,1.3521285,25.476206,0.42576188,11.108597,1.1469679,-4.737374,-2.7219489,-24.177347,-0.7300191,-10.706808,19.708918,-0.0071349964,0.032671433,0.00586006,0.5181347,0.5203816,0.225,0.21281838,1.43,2.8909464,-41.118755,17,3,97,SPEAKER_06,1608.366667,2423.133333,1663.09596875,2235.5465937500003,24,11.59312499999919,11.593125,disengaged
33.84475,0.190404,29.55636,31.400402,38.403114,8.846754,207.30695,334.06784,82.80637,78.54941,0.16249347,1.063343,0.010083778,0.112598695,0.29199564,0.28191188,4.30947,2.7721047,2.4909537,1.3617407,0.07316798,1.4016281,19.377558,0.87040544,14.403503,0.6617034,3.636309,3.0429943,-5.0928564,-3.9418104,0.021591697,1.4364569,1.3969111,0.7866986,7.8861775,0.5891213,7.2058425,1.9175811,32.034744,0.4638299,703.481,0.306308,1415.765,0.16104402,-105.84086,-0.86554295,1818.0668,0.14213963,1133.8157,0.27481467,-111.21674,-0.74539775,2897.1946,0.08594263,1033.7881,0.37241164,-113.11605,-0.71659327,-22.414549,-0.33342454,32.521805,0.2857708,0.07421818,0.3163346,-0.020273047,-0.78651285,0.11830434,0.9526389,29.351181,0.4092089,16.588144,0.61434335,4.1381564,3.190519,-14.559959,-1.4745452,-10.882844,19.889782,0.02164384,0.018207556,0.025218267,3.113942,2.2017045,0.22741935,0.25027686,0.21965517,0.38260886,-32.885994,17,3,97,SPEAKER_01,1608.366667,2423.133333,1625.6503437500005,2281.98659375,23,14.141250000001492,14.14125,disengaged
37.283165,0.10049804,33.998226,37.77428,40.015182,6.0169563,291.75687,240.35738,28.279808,27.067041,0.2683673,1.0424882,0.045983627,0.19374087,0.44109035,0.39510673,6.858952,4.9852686,4.7005157,3.129914,0.12675463,1.3789903,19.760805,0.81429756,12.457731,0.917968,-3.5534744,-3.9082723,-8.087335,-1.9496557,0.021062953,1.0353688,1.391193,0.69022024,8.73214,0.41330805,10.396844,1.0260569,33.91033,0.28072095,729.3675,0.2550645,1380.5361,0.15615784,-92.14541,-0.9732839,1820.7512,0.11864503,1079.5983,0.270925,-94.66627,-0.8535059,2911.1533,0.08848982,1071.1727,0.42997795,-98.85991,-0.7838566,-19.230743,-0.3684465,29.775108,0.26422688,0.067993015,0.27585062,-0.023854995,-0.69592184,0.18287855,1.0842952,27.225271,0.37473157,10.895715,1.0983127,-6.699036,-2.1534731,-14.541892,-1.0361071,-8.66242,16.269127,0.0387363,0.0075202063,0.040478397,3.804348,2.7322404,0.2136,0.176179,0.14818181,0.15167657,-28.361254,17,3,97,SPEAKER_00,1608.366667,2423.133333,1701.8578437500005,2393.85096875,8,9.213750000000346,9.21375,disengaged
31.928589,0.08250209,30.838867,31.663988,34.307907,3.46904,141.37286,119.5771,18.010984,7.2030396,0.15760224,1.0613748,0.016072823,0.10300926,0.29348683,0.27741402,2.6104217,1.1867748,1.8896182,1.3214104,0.04582495,1.3012897,18.708967,0.98944557,15.06348,0.64014345,3.5398085,3.3222973,-8.262615,-1.772988,0.034352284,1.3453134,1.1422534,0.97677636,7.056596,0.57215136,11.718105,0.8730557,36.399475,0.29567555,737.8383,0.22453989,1413.252,0.16705483,-117.80169,-0.7761854,1836.2339,0.1083726,1139.9946,0.264949,-124.49964,-0.6591761,2930.594,0.0647905,959.34265,0.34672794,-126.06689,-0.6369916,-20.624779,-0.40381205,31.947529,0.30867365,0.05671729,0.5240316,-0.022824695,-0.8039453,0.07538402,0.9191796,31.712286,0.32471466,17.833332,0.60320365,4.9307857,3.0389326,-13.801905,-1.083723,-8.862166,16.020412,0.031462014,0.0071039856,0.0222485,2.7377522,2.1770682,0.19466667,0.13280897,0.22874999,0.23029533,-34.925663,17,3,97,SPEAKER_02,1608.366667,2423.133333,1855.74096875,2412.8015937500004,6,6.952500000001237,6.9525,disengaged
45.925095,0.1583428,39.14343,48.14198,50.961193,11.817764,781.67346,646.5036,63.546688,31.447083,0.048600093,2.6863372,0.0059144367,0.006703116,0.01278678,0.006872343,3.7558482,2.7143924,2.2303975,1.6529258,0.01852558,3.5312452,0.6405512,14.290354,5.9505124,1.4016509,-0.09379652,-107.125,-1.0713484,-12.482105,0.02628567,1.1296358,1.6165597,0.69022256,8.969999,0.6192335,9.448698,1.1653769,22.257349,0.59805536,860.62646,0.1604223,1216.0544,0.21064946,-185.27856,-0.27484086,1870.9272,0.11737327,1096.3325,0.26290762,-183.14313,-0.28324923,2894.0283,0.077078134,879.9975,0.27885893,-183.29285,-0.27596924,-8.924241,-1.3288608,21.761026,0.5438951,0.066111706,0.5393197,-0.007826072,-2.609845,0.13415676,1.0456005,13.108164,1.1532872,-4.362062,-3.607351,-20.192972,-0.60218936,-25.307217,-0.7063124,-4.0000086,11.649956,0.028006438,0.032531638,0.00437312,0.8338679,0.77269804,0.12083333,0.069816224,1.0607692,2.3496268,-40.162376,17,3,97,SPEAKER_04,1608.366667,2423.133333,1820.8434687500005,2152.90971875,21,15.609374999996817,15.609375,disengaged
