,precision,recall,f1-score,support
disengaged,0.4166666666666667,0.3125,0.35714285714285715,16.0
engaged,0.6071428571428571,0.7083333333333334,0.6538461538461539,24.0
accuracy,0.55,0.55,0.55,0.55
macro avg,0.5119047619047619,0.5104166666666667,0.5054945054945055,40.0
weighted avg,0.530952380952381,0.55,0.5351648351648353,40.0
