Accuracy,Precision,Recall,F1 Score
0.55,0.6071428571428571,0.7083333333333334,0.6538461538461539
