,precision,recall,f1-score,support
disengaged,0.5,0.3,0.375,10.0
engaged,0.5882352941176471,0.7692307692307693,0.6666666666666666,13.0
accuracy,0.5652173913043478,0.5652173913043478,0.5652173913043478,0.5652173913043478
macro avg,0.5441176470588236,0.5346153846153846,0.5208333333333333,23.0
weighted avg,0.5498721227621484,0.5652173913043478,0.5398550724637681,23.0
