train_loss,val_loss
0.686135878165563,1.430920124053955
0.6583635707696279,1.68483304977417
0.6467231611410776,1.9057700634002686
0.6276819407939911,1.9775373935699463
0.6104453206062317,2.1680569648742676
0.5921784241994222,2.3314526081085205
0.5579386651515961,2.394232988357544
0.5308396170536677,2.639958381652832
0.5076084285974503,2.8077213764190674
0.48812829951445263,3.115309715270996
0.4501890192429225,3.55735445022583
