Accuracy,Precision,Recall,F1 Score
0.5652173913043478,0.5882352941176471,0.7692307692307693,0.6666666666666666
