Actual,Prediction,Probability
1,0,0.48992714
1,1,0.5523553
0,1,0.50625587
0,1,0.5425365
1,1,0.54337806
1,0,0.48252082
0,0,0.48660207
0,1,0.55554456
1,1,0.53439826
0,0,0.4782567
0,0,0.49058023
1,1,0.6008348
1,0,0.49636874
1,1,0.52129215
1,1,0.5128794
1,1,0.50473875
0,1,0.5306127
1,1,0.51201695
0,1,0.5224583
0,1,0.5796367
0,1,0.520803
1,1,0.50591797
1,1,0.5329529
