Accuracy,Precision,Recall,F1 Score
0.7959183673469388,0.8076923076923077,0.8076923076923077,0.8076923076923077
