Actual,Prediction,Probability
0,0,0.47074533
0,0,0.16045208
0,0,0.37888372
1,1,0.6523358
1,1,0.72301
1,0,0.10410823
0,1,0.67896557
0,0,0.49512243
0,1,0.51947916
0,0,0.36223358
1,1,0.6392986
1,0,0.47412986
1,0,0.4360875
1,0,0.24299237
1,0,0.16311224
1,1,0.70723647
0,1,0.84802693
0,1,0.9566479
0,1,0.82019454
0,0,0.28411612
0,1,0.8201469
0,0,0.045280747
0,1,0.61827433
1,1,0.59749305
1,0,0.1826632
1,1,0.8969331
0,1,0.6279279
1,1,0.65575683
0,0,0.18137296
1,1,0.7526211
