F0semitoneFrom27.5Hz_sma3nz_amean,F0semitoneFrom27.5Hz_sma3nz_stddevNorm,F0semitoneFrom27.5Hz_sma3nz_percentile20.0,F0semitoneFrom27.5Hz_sma3nz_percentile50.0,F0semitoneFrom27.5Hz_sma3nz_percentile80.0,F0semitoneFrom27.5Hz_sma3nz_pctlrange0-2,F0semitoneFrom27.5Hz_sma3nz_meanRisingSlope,F0semitoneFrom27.5Hz_sma3nz_stddevRisingSlope,F0semitoneFrom27.5Hz_sma3nz_meanFallingSlope,F0semitoneFrom27.5Hz_sma3nz_stddevFallingSlope,loudness_sma3_amean,loudness_sma3_stddevNorm,loudness_sma3_percentile20.0,loudness_sma3_percentile50.0,loudness_sma3_percentile80.0,loudness_sma3_pctlrange0-2,loudness_sma3_meanRisingSlope,loudness_sma3_stddevRisingSlope,loudness_sma3_meanFallingSlope,loudness_sma3_stddevFallingSlope,spectralFlux_sma3_amean,spectralFlux_sma3_stddevNorm,mfcc1_sma3_amean,mfcc1_sma3_stddevNorm,mfcc2_sma3_amean,mfcc2_sma3_stddevNorm,mfcc3_sma3_amean,mfcc3_sma3_stddevNorm,mfcc4_sma3_amean,mfcc4_sma3_stddevNorm,jitterLocal_sma3nz_amean,jitterLocal_sma3nz_stddevNorm,shimmerLocaldB_sma3nz_amean,shimmerLocaldB_sma3nz_stddevNorm,HNRdBACF_sma3nz_amean,HNRdBACF_sma3nz_stddevNorm,logRelF0-H1-H2_sma3nz_amean,logRelF0-H1-H2_sma3nz_stddevNorm,logRelF0-H1-A3_sma3nz_amean,logRelF0-H1-A3_sma3nz_stddevNorm,F1frequency_sma3nz_amean,F1frequency_sma3nz_stddevNorm,F1bandwidth_sma3nz_amean,F1bandwidth_sma3nz_stddevNorm,F1amplitudeLogRelF0_sma3nz_amean,F1amplitudeLogRelF0_sma3nz_stddevNorm,F2frequency_sma3nz_amean,F2frequency_sma3nz_stddevNorm,F2bandwidth_sma3nz_amean,F2bandwidth_sma3nz_stddevNorm,F2amplitudeLogRelF0_sma3nz_amean,F2amplitudeLogRelF0_sma3nz_stddevNorm,F3frequency_sma3nz_amean,F3frequency_sma3nz_stddevNorm,F3bandwidth_sma3nz_amean,F3bandwidth_sma3nz_stddevNorm,F3amplitudeLogRelF0_sma3nz_amean,F3amplitudeLogRelF0_sma3nz_stddevNorm,alphaRatioV_sma3nz_amean,alphaRatioV_sma3nz_stddevNorm,hammarbergIndexV_sma3nz_amean,hammarbergIndexV_sma3nz_stddevNorm,slopeV0-500_sma3nz_amean,slopeV0-500_sma3nz_stddevNorm,slopeV500-1500_sma3nz_amean,slopeV500-1500_sma3nz_stddevNorm,spectralFluxV_sma3nz_amean,spectralFluxV_sma3nz_stddevNorm,mfcc1V_sma3nz_amean,mfcc1V_sma3nz_stddevNorm,mfcc2V_sma3nz_amean,mfcc2V_sma3nz_stddevNorm,mfcc3V_sma3nz_amean,mfcc3V_sma3nz_stddevNorm,mfcc4V_sma3nz_amean,mfcc4V_sma3nz_stddevNorm,alphaRatioUV_sma3nz_amean,hammarbergIndexUV_sma3nz_amean,slopeUV0-500_sma3nz_amean,slopeUV500-1500_sma3nz_amean,spectralFluxUV_sma3nz_amean,loudnessPeaksPerSec,VoicedSegmentsPerSec,MeanVoicedSegmentLengthSec,StddevVoicedSegmentLengthSec,MeanUnvoicedSegmentLength,StddevUnvoicedSegmentLength,equivalentSoundLevel_dBp,participant,session,engagement_id,speaker,engagement_start_time,engagement_end_time,speaker_start_time,speaker_end_time,num_segments,speech_duration,merged_duration,label
37.481865,0.037934322,36.054493,37.059586,38.92382,2.8693275,135.94974,116.12762,17.146181,9.093693,0.1312943,1.0390611,0.01575566,0.089898095,0.21458656,0.1988309,4.2713575,2.6679065,2.4533331,1.3086923,0.056459032,1.1426564,20.293903,0.883831,14.260795,0.80933243,7.6613774,1.6657124,-8.342299,-1.7996937,0.017675843,0.7915345,1.5920186,0.7059256,9.776798,0.26876324,9.968266,0.84519386,33.855305,0.20524055,789.92,0.1976919,1333.5724,0.1340328,-102.42609,-0.85452664,1950.4772,0.095569395,1040.3237,0.2294627,-108.23496,-0.7136116,2955.2703,0.07397332,1068.9448,0.37960306,-110.07163,-0.68706393,-23.68896,-0.39115873,32.01635,0.34276316,0.06587231,0.38943583,-0.024291128,-0.68136054,0.09551618,0.6722337,32.196976,0.35115567,12.102042,1.0276972,9.290633,1.6489832,-15.869612,-0.94581604,-10.952993,19.125221,0.026141299,0.017853841,0.010745131,4.3478265,3.3519554,0.15833333,0.07243771,0.12,0.1973153,-37.139896,18,12,0,SPEAKER_02,0.0,5.8,0.73971875,2.5959687500000004,1,1.8562500000000004,1.85625,engaged
35.42201,0.10608128,33.665077,35.75461,37.824043,4.158966,72.61698,67.0049,23.932577,17.247065,0.38818175,0.7592128,0.07707222,0.31793875,0.7047145,0.6276423,4.597498,2.2018986,3.5371819,1.8141878,0.17513594,0.9109239,30.224548,0.4663053,14.850636,0.99266136,-3.907825,-4.9368787,-15.371554,-1.0974756,0.020883162,2.5448713,0.855538,0.9227629,10.341344,0.3091341,7.462098,1.7036362,40.96829,0.2809084,720.0434,0.27204376,1402.3309,0.12306138,-63.49009,-1.3387023,1822.3092,0.1321578,1251.8209,0.24163531,-75.47121,-0.97138315,2943.2998,0.07114047,1048.396,0.26092723,-81.26828,-0.85398304,-23.36473,-0.519344,39.026814,0.21352677,0.07377652,0.24400325,-0.023901332,-0.7871527,0.21992525,0.7048706,35.411674,0.31989938,14.155017,1.117378,-6.6972218,-2.846464,-21.366291,-0.6837064,-15.27709,24.737717,0.038241975,0.008180327,0.047370594,3.211009,1.8779343,0.3825,0.15848896,0.17,0.1651262,-24.570206,18,12,0,SPEAKER_01,0.0,5.8,3.37221875,5.8,2,2.1915312499999997,2.1915625,engaged
35.94295,0.024451356,35.27716,36.084164,36.763016,1.4858551,112.9026,104.983986,14.182681,5.989567,0.27469742,0.7940753,0.048715413,0.23794818,0.5118138,0.4630984,5.1020555,2.9931386,3.1226163,1.5251065,0.13270286,0.97963035,22.850916,0.9804464,13.385114,0.9071066,-1.0010018,-14.47235,-6.1545386,-2.9980528,0.012962366,0.9825642,1.1090358,0.965183,9.886554,0.2862025,8.776665,1.3110063,39.520824,0.22644459,691.07605,0.29034957,1466.6886,0.13843271,-100.06251,-0.9116949,1783.691,0.1311013,1245.2961,0.16000548,-106.02222,-0.7480083,2920.2844,0.07927289,1053.4696,0.19259131,-110.17626,-0.6834849,-23.3644,-0.500552,38.029434,0.23757978,0.07278217,0.26132318,-0.019331675,-0.9932085,0.20601898,0.5812902,36.983353,0.2733755,14.19343,1.03715,-0.5739918,-30.0409,-15.518949,-1.0426366,-8.466145,17.121256,0.029172363,0.01650623,0.033696357,4.0,2.5773196,0.212,0.07054076,0.156,0.16144347,-28.31363,18,12,1,SPEAKER_01,5.833333,8.033333,5.833333,8.033333,2,2.014375000000001,2.014375,disengaged
35.96453,0.049215026,34.53133,35.915016,37.590595,3.0592651,151.36731,170.5742,56.53516,158.81346,0.3445306,0.736533,0.081733346,0.32611626,0.59081715,0.5090838,5.354631,2.1078103,3.2591152,1.9693457,0.15535407,0.9063443,23.056261,0.79320526,16.224764,0.9433391,-5.504449,-2.8642015,-14.38875,-1.1465402,0.016286673,1.5241507,1.0273055,0.76833665,9.747223,0.2991112,7.476457,1.4544377,36.03562,0.31957576,752.16736,0.2397512,1360.9674,0.15694512,-78.488144,-1.1318742,1836.326,0.1424367,1218.536,0.28617078,-85.14051,-0.9120164,2945.5547,0.09045045,1006.4756,0.26263818,-89.70507,-0.82470393,-19.550892,-0.5954541,33.895733,0.31534672,0.074772775,0.25048086,-0.023351202,-0.70280606,0.20852466,0.63664067,31.951666,0.36868054,14.772293,1.0595392,-7.7380743,-2.3030958,-21.084272,-0.6873853,-8.271471,15.846747,0.039662886,0.012751868,0.043643463,4.181185,1.9366198,0.34090906,0.29509488,0.19,0.18559214,-27.095638,18,12,2,SPEAKER_01,8.066667,17.466667,8.066667,17.466667,2,5.755000000000001,5.755,engaged
36.352962,0.017300896,35.90455,36.133045,36.85687,0.9523201,18.39508,15.105178,17.468777,10.371298,0.39644563,0.3819626,0.31636155,0.3708558,0.5480933,0.23173177,4.7719326,2.2850475,0.8816425,2.0687642,0.19291872,0.49593917,38.749104,0.11809874,19.28615,0.5341735,1.7614515,8.042777,-14.566578,-0.6206218,0.016324108,0.7512169,0.9999794,0.70442945,10.447968,0.27706215,10.346387,1.1717653,41.523815,0.19558929,700.1304,0.20875928,1487.1025,0.131115,-25.216053,-1.2124985,1852.4294,0.102541395,1408.8398,0.28599674,-47.15482,-0.5546379,2959.201,0.06887706,1107.6531,0.16502826,-53.452198,-0.43276793,-27.919546,-0.25721523,40.73672,0.15852548,0.06699436,0.25306898,-0.023464873,-0.3022536,0.20672786,0.46846744,38.880585,0.110140994,18.616554,0.58512384,2.5766346,5.8218465,-13.730581,-0.6010911,-25.316242,35.17335,0.057064585,-0.0048556337,0.06795238,5.4545455,4.0816326,0.225,0.13499999,0.0,0.0,-25.378029,18,12,3,SPEAKER_01,17.5,18.066667,17.5,18.066667,1,0.5666669999999989,0.566625,disengaged
36.761314,0.040544722,35.521584,36.87318,37.906322,2.384739,145.15732,153.634,17.171867,10.391494,0.31645006,0.776646,0.0843967,0.265439,0.5364627,0.45206603,5.9022717,2.8206656,3.7081635,1.0323572,0.16704977,0.8314422,27.758465,0.61132836,16.96337,0.8273141,-3.6042514,-4.6489077,-13.889506,-1.1357222,0.016102223,0.7453765,1.4300019,0.80041647,9.240061,0.3681638,5.4593534,1.9079074,35.95521,0.30450895,770.26154,0.25037614,1386.8177,0.16175616,-87.10587,-0.9676266,1845.4786,0.15147622,1146.6238,0.22287656,-92.780106,-0.7978013,2977.9924,0.08932478,1014.6832,0.21248223,-97.493256,-0.7180289,-22.297789,-0.44355047,35.98951,0.26596528,0.071223184,0.2896214,-0.024802359,-0.54015595,0.21895416,0.61408955,34.332138,0.28750452,12.904135,1.0215278,-5.902476,-3.0825276,-20.379513,-0.64171934,-15.137801,23.266438,0.05459231,-0.0037144907,0.06680929,4.7808766,4.4897957,0.13454545,0.08711159,0.074,0.059866518,-26.509785,18,12,4,SPEAKER_01,18.1,21.3,18.1,21.3,2,2.525000000000002,2.525,engaged
37.705837,0.019607777,36.866932,38.091064,38.187332,1.3204002,10.162202,0.0,-36.81259,0.0,0.25898886,0.53532183,0.11945082,0.23930615,0.36392054,0.24446972,3.4976854,1.7195681,4.1848803,1.7676342,0.23633687,0.72823906,37.165245,0.20546173,20.881214,0.3821021,3.3063767,4.0776567,-17.044312,-0.7231705,0.026750457,0.6822522,2.0964441,0.81482404,8.01663,0.2988192,10.93831,0.9316843,40.43809,0.05933095,847.96515,0.15619694,1305.9446,0.12817365,-75.35285,-0.8577462,1947.0208,0.06790517,1018.38947,0.13867712,-83.87972,-0.67229676,3046.899,0.042161796,919.30225,0.13486439,-89.28102,-0.602923,-27.788012,-0.28754002,38.70306,0.24383464,0.071109444,0.21550485,-0.03466208,-0.5486788,0.28651798,0.731083,38.299988,0.2309754,18.823559,0.3712983,2.3350296,6.0485573,-22.415361,-0.62024254,-22.190086,34.13641,0.07032506,-0.022886824,0.16158207,9.090909,12.5,0.049999997,0.01,0.03,0.0,-28.22446,18,12,5,SPEAKER_01,21.333333,21.966667,21.333333,21.56346875,1,0.23013574999999875,0.230125,disengaged
37.47948,0.12799042,35.02986,39.150352,40.780502,5.750641,127.58155,63.09238,79.881874,55.056087,0.52026224,0.6957242,0.17573594,0.43711287,0.9269115,0.7511755,6.3465514,2.370602,3.4985301,3.992547,0.2502132,0.9211282,15.505354,0.7752762,-0.62678015,-19.330864,-14.885592,-0.65637827,-33.106884,-0.45907518,0.043957755,0.9887177,1.5018042,0.7294379,3.950935,1.0892868,-2.8144782,-2.5544353,19.990686,0.47175723,896.3518,0.18107742,1175.5504,0.17328693,-77.94323,-1.2029674,2052.0679,0.12913206,1040.4847,0.30568743,-88.17025,-0.95156336,2987.2585,0.060440578,1037.9413,0.3449952,-89.86963,-0.9188783,-7.1453433,-1.2599391,22.486118,0.4107496,0.064923376,0.18068945,-0.028823204,-0.64129525,0.35940975,0.67427766,17.021992,0.6436114,-6.554569,-1.8417401,-18.140886,-0.6171975,-39.31774,-0.3089553,-10.565908,17.671112,0.05444218,-0.024179775,0.105818585,5.357143,4.7169814,0.12,0.044271886,0.0925,0.022776084,-26.968435,18,12,6,SPEAKER_00,22.0,24.133333,22.0,23.72346875,3,1.1328437500000028,1.1328125,engaged
42.25192,0.05413368,41.887627,42.83075,43.39366,1.5060349,51.0084,0.0,-46.58182,0.0,0.5950395,0.44954413,0.33693075,0.54828554,0.84458196,0.5076512,7.467047,1.7077527,0.39757037,3.7772188,0.24047185,0.43369886,15.524921,0.7295322,11.605624,0.854878,-9.6268635,-1.8395166,-42.242073,-0.45715758,0.042083748,1.3284631,0.890458,1.0647272,10.06164,0.47666964,17.701836,0.50411445,22.600883,0.47820014,766.7176,0.17527114,1173.901,0.16215275,-32.858784,-1.4451671,1968.9929,0.11491419,930.4651,0.38452503,-51.229195,-0.74278027,2883.7617,0.061706267,848.78754,0.41640514,-43.481945,-0.92743725,-15.598191,-0.48257482,24.455904,0.42871046,0.06547592,0.30006734,-0.028489046,-0.4144592,0.23962723,0.40880215,17.188606,0.606971,13.014981,0.7178084,-4.8125873,-2.781776,-46.768017,-0.4130977,-22.633497,35.0536,0.05159682,-0.026495056,0.47975364,4.651163,5.4054055,0.16,0.07,0.02,0.0,-24.556211,18,12,6,SPEAKER_01,22.0,24.133333,23.31846875,24.133333,2,0.44361424999999954,0.443625,engaged
36.535507,0.13223365,33.879604,35.797688,37.043747,3.1641426,348.5852,141.49197,29.93497,14.798848,0.24157725,0.9604049,0.02292146,0.19177084,0.39835843,0.37543696,4.434896,2.4171443,3.8022935,2.5233266,0.10868573,1.0611308,16.310286,1.317317,12.203912,0.97952336,-3.7253616,-4.1337543,-10.512298,-1.3825319,0.03822075,1.0918365,1.5104216,0.63629985,7.8438797,0.44474754,10.606368,1.0846412,37.971443,0.19148506,730.73773,0.21125068,1396.9974,0.17088641,-103.47047,-0.8946007,1827.4843,0.118040554,1159.1041,0.3627756,-106.63805,-0.77134806,2924.7908,0.07324372,1046.0182,0.23073913,-110.39989,-0.7125031,-21.58364,-0.4117246,33.235115,0.27277854,0.07464828,0.24379352,-0.022459047,-0.6269129,0.17913711,0.5748446,29.783623,0.4109882,13.468942,1.0428587,-3.0824335,-6.0755444,-17.99053,-0.79718816,-3.8550909,11.829698,0.03853457,0.019690808,0.022840125,3.2128513,2.469136,0.21333334,0.20474917,0.3333333,0.33707896,-29.528881,18,12,7,SPEAKER_01,24.166667,27.133333,24.166667,27.01409375,2,2.509926749999998,2.5099375,disengaged
35.600025,0.035493147,34.365578,35.43365,36.624687,2.2591095,24.615978,11.414016,5.3865633,12.120571,0.3066321,0.8103028,0.028822957,0.27226838,0.53797245,0.5091495,5.0566263,1.9289376,3.5083668,1.6302471,0.14109845,0.97797316,24.616589,0.59180546,10.185625,1.2513772,0.9448839,19.624447,-12.562914,-1.0250788,0.018876031,0.9567808,1.2714196,0.69065374,9.166191,0.35074311,14.550744,0.853551,36.5527,0.22131343,778.40186,0.18243985,1366.8024,0.14475252,-83.27616,-1.0170008,1852.9171,0.0899113,1067.5607,0.18614653,-95.27719,-0.79059273,2981.3606,0.064407624,895.65125,0.3969703,-98.07464,-0.7411674,-20.272072,-0.5938633,31.89066,0.35487753,0.06611466,0.21072961,-0.014709224,-1.2191863,0.1940449,0.7303614,31.091446,0.24046591,11.713544,1.3569493,1.7177403,11.003461,-15.13431,-0.6688017,-9.148665,19.521786,0.044077605,0.016936608,0.034469478,5.194805,4.2253523,0.14,0.09092121,0.07666666,0.032998316,-28.48399,18,12,8,SPEAKER_01,27.166667,28.133333,27.351593750000003,28.133333,1,0.7817392499999976,0.78175,engaged
35.848846,0.032041397,35.03401,35.59617,36.526443,1.4924316,131.15092,182.47769,13.170425,6.1776347,0.24840175,0.74685407,0.056568958,0.23434192,0.44080788,0.38423893,4.4889,2.758329,4.6038637,3.433285,0.09564216,1.1844121,14.631374,1.5482776,20.273893,0.5610449,6.1012096,1.8883259,-7.9787436,-2.285691,0.009695643,0.7175505,0.8954177,0.63217074,10.311256,0.2573942,16.037296,0.49270824,36.448433,0.2282113,646.8615,0.23028708,1406.7524,0.1588709,-92.41804,-0.9799653,1807.3136,0.14113958,1048.052,0.30376336,-97.87268,-0.8071074,2867.781,0.08441317,892.7767,0.20651843,-98.25681,-0.7998986,-23.477692,-0.41526863,32.562904,0.31199786,0.07970196,0.21106918,-0.024057152,-0.58189017,0.14899066,0.8299516,29.456785,0.37402892,20.62502,0.5970317,9.746553,1.2486435,-17.115204,-1.0559429,-2.563982,8.089185,0.042006012,0.017702589,0.017808003,2.7972028,1.4492754,0.42,0.21,0.25,0.13,-30.52161,18,12,9,SPEAKER_01,28.166667,30.066667,28.166667,30.066667,2,1.4443750000000009,1.444375,disengaged
38.30497,0.14387438,35.89693,36.768154,37.708324,1.8113937,94.412384,18.383,29.153662,14.193305,0.35090122,0.57736796,0.13632946,0.32358158,0.538028,0.40169853,7.186661,3.2614272,4.017756,1.8471289,0.15076153,0.820386,23.808044,1.1123413,11.105362,1.2376386,-0.80641574,-23.797794,-10.828172,-1.1895792,0.02105234,1.2855315,1.1027423,0.75727814,8.614829,0.6836914,3.4552884,2.9316247,29.968958,0.7115943,785.5294,0.20280299,1365.7402,0.2051521,-44.12858,-1.4404937,1848.5842,0.13133167,1134.093,0.17393845,-50.683407,-1.0699353,2984.9978,0.057343893,1077.9038,0.26574394,-57.752464,-0.9031239,-17.10367,-1.0448089,33.440575,0.5594317,0.06191268,0.3154742,-0.012423827,-1.4387194,0.16639139,0.7333498,29.613789,0.7248544,11.049087,1.3013071,-2.4108307,-7.8807673,-11.674963,-1.0527998,10.979537,-4.4799943,0.028476678,0.023458067,0.025155542,4.587156,1.923077,0.445,0.375,0.044999998,0.015,-28.093348,18,12,10,SPEAKER_01,30.1,31.2,30.1,31.2,1,1.0999999999999979,1.1,engaged
35.91647,0.03979858,34.65219,35.459785,37.56099,2.9087982,34.248035,22.57128,15.044406,6.78027,0.22570987,0.45229176,0.13457161,0.20759204,0.32220516,0.18763354,4.1469994,1.5276024,1.6735215,1.6637329,0.13904037,0.8286036,24.615246,0.9284791,25.093895,0.31037164,6.067623,1.4136773,-7.492453,-1.7535865,0.020053303,0.8444859,1.4953524,0.7652117,9.298172,0.3225974,16.485722,0.40660694,41.374554,0.24460769,749.3549,0.27418274,1390.4065,0.15119864,-74.77184,-1.0042088,1869.4745,0.08843497,1192.2063,0.18577364,-82.72908,-0.759046,2927.2598,0.04372623,1015.5036,0.19092202,-85.00053,-0.7223656,-27.505173,-0.36840945,37.246952,0.35857168,0.07126524,0.28968158,-0.019810986,-0.7902775,0.15270238,0.69635266,31.622675,0.47343796,23.881725,0.3565419,7.224406,1.2182477,-9.837459,-1.5054821,-8.708761,15.896454,0.046864547,-0.0012599283,0.12711158,6.9444447,4.477612,0.15666667,0.097410925,0.065,0.024999999,-30.430084,18,12,11,SPEAKER_01,31.233333,31.966667,31.233333,31.966667,1,0.7333340000000028,0.7333125,disengaged
36.15508,0.0655198,34.509907,35.92449,37.71899,3.2090836,65.42779,73.5255,303.0977,628.5835,0.31345758,0.8189633,0.08881216,0.24903582,0.5231445,0.4343323,4.755739,2.9644315,3.9417372,1.9745487,0.14210008,1.0479866,21.087748,1.068521,14.501474,0.94497854,-6.1478167,-2.6337266,-10.64809,-1.3628044,0.021665465,2.062877,1.2147756,0.942996,9.5363865,0.32920897,8.804014,1.1540866,34.871754,0.36125827,749.99365,0.24920039,1398.1476,0.15217699,-83.4357,-1.0468462,1857.5323,0.13413616,1240.2723,0.21360154,-89.6946,-0.8567828,2960.5593,0.07669752,1039.6212,0.30644673,-93.8054,-0.7792075,-20.98242,-0.57549506,37.22997,0.28178954,0.06443421,0.28971222,-0.018635482,-0.9545767,0.19957848,0.74162567,32.675365,0.37609378,15.078927,1.0090309,-5.5359535,-3.1884322,-17.254116,-0.73108006,-2.876633,10.237677,0.03865592,0.019098036,0.019685846,3.8567495,1.9607843,0.33285713,0.2398639,0.185,0.22194219,-26.694086,18,12,12,SPEAKER_01,32.0,35.8,32.0,35.8,2,3.648124999999993,3.648125,engaged
36.583595,0.040376015,35.39301,36.32444,37.90434,2.5113297,120.64899,127.27879,20.577906,4.9421864,0.3556971,0.642404,0.12525173,0.38764352,0.54788566,0.42263395,5.3791785,2.6304326,3.3338974,2.1316466,0.17263596,0.78348607,22.360464,0.86085147,13.957815,1.0273716,-9.69264,-1.7104177,-14.031754,-1.025745,0.022168621,0.8449099,1.3938556,0.84696066,7.698726,0.5451144,9.663585,0.9870779,36.10936,0.18338406,715.35406,0.27399093,1371.9044,0.13806866,-80.3338,-1.0352695,1783.3712,0.14866759,1180.1266,0.25694516,-85.2422,-0.85892755,2890.2825,0.08093749,1027.8533,0.3405647,-89.86119,-0.7712778,-19.73972,-0.57141995,32.974026,0.36328638,0.06755478,0.28180075,-0.020259593,-0.93428665,0.22523585,0.5797118,28.227066,0.53931475,15.097496,0.857273,-7.8716493,-2.1696506,-18.53176,-0.7529189,-4.351899,18.079119,0.048279073,0.011111068,0.06631905,5.05618,3.4883723,0.18833333,0.056100104,0.07833333,0.032871805,-27.339897,18,12,13,SPEAKER_01,35.833333,38.1,35.833333,38.1,2,1.7941670000000016,1.7941875,disengaged
36.006092,0.059183933,34.22758,35.25972,38.303066,4.075485,56.33457,56.345066,21.963999,9.563301,0.3524187,0.7012431,0.14102066,0.28382483,0.5660997,0.42507905,5.525723,3.7301736,3.7107952,1.3943051,0.17206995,0.8174237,30.099863,0.49168673,17.602615,0.7408199,-3.8437088,-4.1569552,-8.399959,-1.6483442,0.017047074,0.8117248,1.2667054,0.67420036,9.566554,0.29008442,8.910667,1.0622559,38.398712,0.2507645,690.87604,0.29181555,1519.269,0.20554529,-46.451977,-1.4000932,1780.6289,0.13634692,1230.7843,0.18529464,-58.89625,-0.970429,2937.0652,0.08144342,1123.6537,0.29572487,-67.467064,-0.7810452,-22.067225,-0.49318653,37.511753,0.22171788,0.0662095,0.24832448,-0.018268574,-0.720447,0.19593847,0.7034729,33.898228,0.31276515,16.463839,0.8072651,-4.469698,-3.7648294,-11.724513,-1.0635206,-13.62754,22.401213,0.03686179,0.0040273746,0.03972162,4.20712,2.9605265,0.27444443,0.13873324,0.0475,0.029474566,-26.048893,18,12,14,SPEAKER_01,38.133333,41.233333,38.133333,41.233333,1,3.1000000000000014,3.1,engaged
36.176735,0.06587622,35.588165,36.2444,37.507835,1.9196701,64.66441,23.730524,20.069355,8.608951,0.31539634,0.76936084,0.10385963,0.2544241,0.50768316,0.40382352,6.0953703,3.277272,4.1987143,1.6051754,0.16899675,0.8518902,29.1405,0.4293135,15.631853,0.8437072,0.16598047,106.47307,-9.526573,-1.5336972,0.021566309,0.9940798,1.5585269,0.7633816,8.88214,0.34965333,8.229586,1.4878145,33.424824,0.28330442,732.06354,0.24450786,1386.4613,0.15249668,-71.485596,-1.1164134,1832.0537,0.13596363,1148.7069,0.21872905,-79.31637,-0.8859236,2923.0593,0.078401685,1086.1696,0.2656615,-84.32101,-0.78984064,-21.59195,-0.42423218,34.480736,0.27342847,0.07022598,0.25969583,-0.021308701,-0.6935579,0.21303307,0.67433023,32.535416,0.27980632,13.65473,1.0265428,-2.38959,-8.178381,-14.2287,-0.9944798,-19.431953,28.613173,0.04798085,-0.006520793,0.07098796,4.8148146,4.166667,0.16363636,0.0988362,0.063,0.041484937,-27.938541,18,12,15,SPEAKER_01,41.266667,44.5,41.266667,44.5,2,2.7102080000000015,2.71025,disengaged
36.554813,0.10637592,34.559372,36.33805,39.128147,4.568775,245.59941,278.807,121.4373,319.56668,0.33169305,0.72984505,0.09504582,0.29566887,0.54506576,0.45001996,5.466239,3.2645018,3.3995192,2.0432878,0.15598373,0.979277,26.173803,0.68433654,13.999312,0.96621305,-4.109536,-4.0657825,-14.908168,-1.2105286,0.025196204,2.193721,1.1276615,0.8759009,9.517318,0.423834,8.966377,1.3851877,36.446705,0.32627448,771.10626,0.22288357,1393.632,0.17829655,-71.667305,-1.1550268,1878.184,0.126406,1205.598,0.25242564,-81.01565,-0.89360774,2977.0715,0.07337747,1042.6938,0.26677412,-85.322655,-0.8110326,-22.225069,-0.5184927,36.032593,0.28289035,0.07099659,0.30001757,-0.023730326,-0.7841907,0.1966247,0.7706626,32.86415,0.3645649,14.415311,0.93719697,-4.905733,-3.5342798,-19.993137,-0.8486686,-8.56625,18.06459,0.046184324,0.008472261,0.055669464,3.6466775,2.721365,0.25238806,0.23828422,0.10694914,0.08772557,-26.592863,18,12,16,SPEAKER_01,44.533333,96.433333,44.533333,96.433333,14,24.69749999999999,24.6975,engaged
40.886456,0.11440012,37.638462,41.250942,44.735645,7.097183,80.77837,74.72813,85.77868,113.795944,0.21195836,0.82066023,0.015176285,0.1858781,0.3699321,0.3547558,2.1237206,0.90669334,1.9477017,1.0762624,0.07487845,1.0910306,19.808521,0.8256721,8.51632,1.0131289,-3.5245452,-3.5344093,-20.148092,-0.8842197,0.021394411,1.7017244,0.7908865,1.0667382,11.440831,0.3923651,13.482281,0.8405824,31.78134,0.3088817,845.94666,0.17761849,1277.9205,0.1724843,-95.26607,-0.9222414,1963.8318,0.0899304,1132.618,0.28478587,-103.33188,-0.7354162,3011.5881,0.064617954,957.2286,0.34848553,-104.57354,-0.7172561,-23.716982,-0.3354208,35.507782,0.26891264,0.07529954,0.28439873,-0.02358713,-0.86018825,0.105787285,0.7636409,28.393724,0.36077198,9.679474,0.94020385,-7.036881,-1.9477295,-29.13692,-0.53192776,-7.2806387,15.663781,0.045101162,0.013271479,0.029728174,2.4291499,2.5850341,0.22105262,0.17069192,0.17,0.18391575,-31.870424,18,12,16,SPEAKER_00,44.533333,96.433333,47.02784375,91.69596875,15,7.424999999999997,7.425,engaged
31.877462,0.0012066459,31.84565,31.862698,31.90337,0.057720184,0.0,0.0,-0.023362637,0.0,0.06250808,0.7893657,0.008080006,0.05770108,0.10824391,0.10016391,1.9483049,0.0,0.40952986,0.0,0.019922774,1.1186306,18.035616,0.7687302,14.811289,1.0438582,5.3178997,3.243442,4.6636596,2.868724,0.0049908264,0.24684848,0.70323914,0.40665594,7.7912645,0.35593796,12.471762,0.027681435,51.795116,0.024169711,677.9839,0.017331813,1680.4352,0.036744203,-171.86308,-0.36886057,1895.1575,0.012947178,1034.7809,0.109233916,-173.78511,-0.3416352,3116.9534,0.004711372,1029.4231,0.10789933,-175.98471,-0.3098611,-31.668308,-0.032660455,39.49082,0.03749835,0.07517821,0.039115414,-0.023354582,-0.15815072,0.015078519,0.026682954,35.379715,0.052343376,27.28487,0.041128017,15.494276,0.07101712,-3.0107377,-0.44463357,-19.336992,26.841333,0.045369208,0.011020666,0.023961846,0.0,3.846154,0.03,0.0,0.21,0.0,-46.422794,18,12,17,SPEAKER_01,96.466667,97.633333,96.466667,97.633333,2,0.35666599999998994,0.3566875,disengaged
40.27266,0.022536874,39.459866,40.304283,40.828033,1.3681679,30.177181,0.0,16.073355,0.0,0.12975875,0.52554804,0.0861202,0.13768147,0.16488525,0.07876505,1.4416507,0.6976486,2.004469,1.2495168,0.037751548,0.7439614,26.468988,0.41423887,3.8063478,3.586615,-16.18507,-0.8191518,-26.536558,-0.29853466,0.019273419,0.38034576,1.3409268,0.28371984,8.538251,0.20973852,17.682337,0.44858682,37.55292,0.067587756,676.8085,0.16623649,1334.0609,0.12761174,-40.942238,-1.3091348,1810.9298,0.12173204,1315.1576,0.38529962,-53.009808,-0.8743837,2840.214,0.115946874,890.95233,0.06558109,-57.03444,-0.78341377,-23.896122,-0.31831622,35.27576,0.24456738,0.057563737,0.20809561,-0.032186102,-0.63869315,0.05066453,0.53939533,32.035683,0.33227754,12.761236,0.48369303,-7.07258,-0.6769661,-27.92988,-0.3422973,-9.804014,15.638374,0.06504342,-0.0054656826,0.00051514094,7.4074078,5.555556,0.14999999,0.0,0.0,0.0,-42.37897,18,12,17,SPEAKER_00,96.466667,97.633333,96.82596875,97.58534375,3,0.2868749999999949,0.286875,disengaged
36.810913,0.07937644,36.000847,37.58087,38.27013,2.2692833,37.91284,36.064083,31.896385,26.62616,0.43944252,0.58048326,0.18748516,0.38589102,0.7105649,0.52307975,3.8922968,1.6005191,3.4387815,1.9795989,0.19221388,0.7949888,26.780005,0.639818,10.801515,1.5484024,-13.42927,-1.4035583,-18.209269,-0.69336194,0.02301645,2.4851773,0.9182626,0.8392106,10.456483,0.43157706,5.7211747,2.2343378,34.508133,0.36494344,780.143,0.24385706,1358.3549,0.18202661,-43.66787,-1.5776092,1870.9713,0.1519665,1225.1724,0.29019836,-55.60252,-1.1147069,3017.595,0.07494591,1044.1993,0.29035684,-64.182106,-0.8852012,-18.79101,-0.666038,37.086998,0.23804387,0.069519654,0.26338112,-0.01836281,-0.8878415,0.22866924,0.638219,32.229992,0.28586614,12.791577,1.320245,-12.528995,-1.5958494,-21.029964,-0.49762613,-1.8922864,12.333245,0.045914512,0.0075735757,0.034316257,4.929578,1.459854,0.575,0.265,0.089999996,0.07,-23.677687,18,12,18,SPEAKER_01,97.666667,99.1,97.666667,99.1,1,1.4333329999999904,1.433375,engaged
36.52946,0.039994135,34.78051,36.379593,37.917824,3.1373138,78.23614,49.016136,18.704142,0.8277073,0.43492818,0.5110855,0.20071131,0.34843183,0.6746659,0.47395462,3.850629,0.0,2.0815485,0.0,0.15665162,0.6675548,18.693819,1.3421849,20.54276,0.64768803,-8.68068,-2.2495842,-15.839755,-1.1633976,0.015507017,0.855611,0.8398976,0.81851596,9.756969,0.2714601,6.229702,1.1990216,35.524334,0.18702395,768.9728,0.1893302,1283.8739,0.18818146,-50.69262,-1.4226563,1887.1619,0.07863369,1176.9355,0.1509065,-71.62277,-0.7995495,3003.1846,0.059081826,931.28064,0.2967852,-72.26979,-0.7846149,-17.26397,-0.89662427,32.50682,0.4364272,0.06921732,0.14439441,-0.024112504,-0.7841292,0.18094003,0.55182093,27.040628,0.67037296,21.038237,0.5843052,-8.590041,-2.3614988,-20.79065,-0.62790203,10.426161,-4.956809,0.03278359,0.025048954,0.03483235,0.0,4.651163,0.16499999,0.074999996,0.07,0.0,-26.97393,18,12,19,SPEAKER_01,99.133333,100.7,99.133333,99.62721875,1,0.493885750000004,0.493875,disengaged
40.633183,0.007846396,40.332928,40.504128,41.01103,0.6781006,8.24674,0.0,14.177005,0.0,0.39466554,0.694717,0.08904923,0.39491686,0.7083726,0.6193234,4.605473,0.0,1.0188892,3.715648,0.14286065,0.8716993,21.947123,0.6401554,6.002914,1.2274618,-24.441872,-0.21456152,-14.329238,-0.74516743,0.017037358,0.7593144,1.6218134,0.6388691,12.181505,0.21720569,11.261691,0.22430982,34.859753,0.10545457,775.8792,0.22378287,1338.9332,0.18675861,-134.28513,-0.6298473,1815.9489,0.12948051,1224.4526,0.17433836,-123.50905,-0.6619866,2809.597,0.10496423,1068.7477,0.17338009,-128.83258,-0.58725107,-10.720325,-0.52640724,25.37644,0.38776588,0.056468487,0.11639281,-0.01613009,-0.91336715,0.21030805,0.72878355,20.059088,0.794613,6.845393,0.8631408,-23.057241,-0.071446106,-11.82884,-0.8393766,-4.400991,22.453524,0.07010483,-0.010318208,0.06795837,3.5714285,4.5454545,0.089999996,0.0,0.11,0.0,-25.570358,18,12,21,SPEAKER_01,101.333333,101.9,101.60159375,101.9,1,0.2984062499999993,0.2984375,disengaged
37.225132,0.08400063,35.439293,37.186123,38.715176,3.2758827,197.0478,216.52919,46.607536,63.98679,0.29923925,0.817004,0.075918786,0.25954652,0.49717438,0.4212556,6.0109982,4.2260675,4.377688,2.068294,0.14815445,1.0631388,19.296305,1.043447,12.410748,1.1683648,-4.1862807,-3.828983,-10.106866,-1.4173582,0.01811863,1.525448,1.2477071,0.865239,9.597795,0.363856,8.230177,1.6418326,33.086105,0.36834612,777.108,0.22482422,1362.6501,0.15625183,-89.557884,-0.97880024,1871.1257,0.12784919,1168.1667,0.26066497,-96.722855,-0.8046402,2985.378,0.07385925,1020.2708,0.3069414,-101.30308,-0.7265514,-20.11472,-0.57905674,34.136707,0.3165856,0.06614722,0.32299986,-0.019187614,-0.9472723,0.20828241,0.7222568,29.467978,0.44157663,13.448975,1.0724887,-5.834519,-3.1148813,-16.743643,-0.7865758,-4.7659154,13.054358,0.043626226,0.014077581,0.05440307,3.9622643,2.857143,0.20666665,0.17086706,0.121999994,0.19367328,-27.418575,18,12,22,SPEAKER_01,101.933333,152.1,101.933333,152.1,2,5.31291699999997,5.3129375,engaged
42.846684,0.15746176,37.292645,41.772923,46.94759,9.654945,280.835,249.26381,147.04082,166.8664,0.10089424,1.2075263,0.007062326,0.04062312,0.19311206,0.18604973,2.5879219,1.9060218,2.276872,1.7817209,0.03535075,1.5915778,10.809702,1.5356054,3.9853625,3.2099857,-5.198887,-2.723365,-8.1195135,-1.8654048,0.025621636,1.1760509,1.2190799,0.7436622,8.949361,0.45162627,15.668409,0.71470773,32.11417,0.40602455,790.2142,0.23819283,1350.8434,0.20486791,-144.9602,-0.57507217,1844.2351,0.116035886,1184.7812,0.23972201,-140.78279,-0.5556629,2900.9653,0.081278645,974.8617,0.2767506,-142.01169,-0.5320333,-16.373257,-0.73542,29.103605,0.42358804,0.06311294,0.384045,-0.012005151,-1.5783148,0.080948986,0.8143204,24.692657,0.5586259,1.4474723,11.2799635,-10.74861,-1.7195498,-21.215525,-0.604997,-5.2310214,14.147121,0.03332783,0.02242461,0.010653811,3.0560272,2.0547945,0.16499999,0.16152914,0.3272727,0.32838696,-38.380344,18,12,22,SPEAKER_02,101.933333,152.1,107.42346875,132.04409375,8,5.90625,5.90625,engaged
43.294807,0.09941558,40.398056,42.90199,45.556534,5.158478,211.9247,291.86877,49.61708,54.836777,0.16382961,1.037259,0.02950804,0.13012382,0.2699056,0.24039756,3.8827727,4.1452885,1.8682616,2.065994,0.055749543,1.6614586,16.211355,1.0716314,7.9370055,1.4624811,-1.4343543,-10.114553,-20.401361,-0.90845704,0.019597625,1.4394151,1.0453019,1.026756,12.435757,0.32656062,17.243582,0.5370904,30.420284,0.36489335,861.562,0.16454491,1212.9901,0.18425545,-114.394905,-0.765551,1969.144,0.08321411,1030.6067,0.24554211,-117.908516,-0.6490049,2991.513,0.05762645,871.1565,0.30934575,-118.32231,-0.6444195,-22.26396,-0.50889,33.78155,0.37284967,0.07031821,0.36404708,-0.016777735,-0.93795294,0.07418581,0.8624961,25.147917,0.48303467,7.6634936,1.6398724,-5.8622894,-2.5391002,-30.81325,-0.47592273,-7.1987543,15.541325,0.040668227,0.0060245316,0.036089547,2.4294672,2.5984251,0.18939394,0.15253295,0.18062499,0.1435474,-34.663334,18,12,22,SPEAKER_00,101.933333,152.1,114.67971875,150.55596875,11,12.774375000000035,12.774375,engaged
36.37844,0.075070575,34.935215,36.234787,37.855904,2.9206886,164.64738,149.3971,19.780172,19.244593,0.33428428,0.6918009,0.11926385,0.28847545,0.5413316,0.42206773,4.9455366,2.319213,3.3587759,1.377814,0.16060922,0.8026186,27.31335,0.67546725,16.713905,0.8818852,-1.2085339,-14.135719,-14.926898,-1.0498934,0.01963969,1.7285483,1.1327742,0.79630125,9.268901,0.4083965,8.432419,1.4267039,36.26212,0.32663885,754.0445,0.2265549,1411.0051,0.2037637,-73.22915,-1.133549,1868.3479,0.121827275,1143.1997,0.22724882,-83.38322,-0.86844337,2978.893,0.0703933,1009.774,0.30297026,-87.008705,-0.7951838,-23.13715,-0.5042909,35.01819,0.3200111,0.07470182,0.22221151,-0.025318911,-0.6483762,0.20365539,0.6092329,32.92876,0.3747981,15.942757,0.9466147,-1.2381253,-14.758754,-19.798727,-0.68938166,-12.220988,21.897783,0.047156394,0.0003304082,0.058718562,4.1573033,3.1674209,0.21249999,0.22604717,0.099999994,0.092876725,-26.394276,18,12,23,SPEAKER_01,152.133333,163.833333,152.133333,163.833333,5,8.915625000000006,8.915625,disengaged
36.496067,0.08494053,34.05852,37.510986,38.900673,4.8421516,589.1008,787.9891,30.037931,23.61669,0.24244797,0.77135086,0.0675694,0.21370842,0.4186914,0.351122,3.5343263,2.0325527,1.9885411,1.6872574,0.11014017,1.0062195,25.514568,0.8681011,20.757948,0.42097178,1.4086232,8.345951,-11.757756,-1.3122857,0.01776269,1.109455,1.2115867,0.9788985,10.651247,0.38048753,15.30735,0.5385072,45.117466,0.1885423,748.18304,0.22544318,1418.4467,0.14451584,-79.656136,-1.0288881,1904.6193,0.1076802,1215.6287,0.18302064,-92.21965,-0.75620663,3012.315,0.07479783,1171.8849,0.23589061,-96.31296,-0.6929808,-27.18932,-0.3668302,39.51617,0.2935997,0.071517624,0.24736619,-0.025884606,-0.67064947,0.14561588,0.7872358,35.07694,0.36317688,20.690697,0.42417857,1.4895146,7.5958214,-17.913473,-0.6730143,-9.350162,16.078165,0.041980147,0.010578683,0.031109804,4.9327354,2.7649772,0.23833333,0.09940098,0.12399999,0.10287857,-26.545105,18,12,24,SPEAKER_01,163.866667,170.566667,163.866667,170.566667,3,2.2449999999999477,2.245,engaged
40.349014,0.08910806,38.26013,39.859863,43.815346,5.555214,84.172455,86.51438,30.48474,14.908217,0.15886527,0.86143667,0.015765928,0.12994613,0.3081608,0.29239488,2.4046328,1.7483542,1.8310077,0.676673,0.052718885,1.2040287,23.249434,0.6617529,13.209084,0.79480743,-3.228155,-3.209568,-17.712643,-1.2550113,0.021501413,1.6890972,0.98090017,1.3202395,12.454323,0.3482153,15.858688,0.59201527,40.335693,0.22230893,802.974,0.1613218,1258.4999,0.1817005,-108.11739,-0.82077473,1944.0773,0.073053546,1167.2323,0.29012874,-118.709175,-0.62167275,3018.2395,0.052866735,940.82446,0.31369314,-119.282555,-0.6147242,-27.032421,-0.32174122,39.54691,0.24936447,0.07247141,0.30254588,-0.02854177,-0.6281559,0.07385859,0.90568656,32.54139,0.30169082,15.25816,0.548182,-7.236071,-1.4277915,-32.26551,-0.49044305,-12.983347,24.75378,0.03315324,0.009024017,0.031952817,3.618421,2.6755853,0.1875,0.17034891,0.16375,0.13303548,-33.759655,18,12,24,SPEAKER_00,163.866667,170.566667,165.87846875000002,168.93284375000002,1,3.054374999999993,3.054375,engaged
35.425026,0.11525536,34.253525,36.401844,38.460682,4.207157,-2.3675842,129.36049,21.777351,0.5256176,0.34541002,0.6890339,0.1322409,0.27254567,0.596893,0.46465212,4.1875753,2.4072516,4.4163837,2.4006805,0.15993299,0.7846253,37.459644,0.1538379,15.411155,1.0494318,-0.8577126,-19.597107,-13.397201,-1.0268698,0.028140968,2.2676656,1.1022685,0.78347266,9.830714,0.2856457,10.381787,1.569981,41.694534,0.3063165,668.5758,0.27771202,1420.6586,0.13187367,-25.878788,-1.8992726,1791.9257,0.13351949,1220.5044,0.18362641,-43.47564,-0.9631978,2918.1885,0.09696491,1108.6118,0.2263582,-51.51434,-0.7526956,-26.11252,-0.40921295,39.06128,0.23409271,0.07894847,0.19732301,-0.024687741,-0.47822222,0.1788703,0.69696563,38.417618,0.14071834,13.298023,1.2278069,-2.7547085,-6.295867,-16.12062,-0.76627916,-32.58715,44.86696,0.058687437,-0.014153202,0.06874521,5.1282053,0.9174312,1.01,0.0,0.04,0.0,-28.063099,18,12,25,SPEAKER_01,170.6,171.933333,170.6,171.78471875000002,1,1.1847187500000302,1.1846875,disengaged
37.409374,0.037882566,35.997906,37.34452,38.58999,2.592083,157.20032,164.79604,10.448932,7.287957,0.33135146,0.66837645,0.11324099,0.3280667,0.5320802,0.4188392,5.00715,2.9419787,2.8944328,0.48729378,0.1729459,0.8547871,26.410868,0.72447413,21.110008,0.59826565,-1.2096499,-9.133918,-11.65565,-1.5168059,0.013028686,0.7460811,0.8044412,0.6127934,10.725379,0.2880876,15.372037,0.6279678,40.734985,0.18190412,775.3041,0.21708524,1425.7615,0.15158613,-66.50214,-1.1281321,1899.0569,0.12441238,1317.4507,0.3737622,-78.68321,-0.8155847,2997.9182,0.07863559,1080.2288,0.24187241,-82.49102,-0.75113815,-27.243948,-0.33285058,38.62777,0.23020509,0.07431187,0.2823256,-0.027090829,-0.54023325,0.21551016,0.6477736,35.093983,0.25504166,19.8005,0.64625245,-0.7220358,-16.36008,-17.771616,-0.90681726,-5.349455,10.904799,0.047601745,0.009417562,0.021779818,3.4246578,2.142857,0.35,0.13441229,0.09666667,0.044969123,-23.701721,18,12,26,SPEAKER_01,171.966667,173.733333,172.25721875000002,173.733333,1,1.4761142499999664,1.476125,engaged
33.944813,0.08223049,33.08106,35.164356,35.818363,2.7373047,85.43557,0.0,-11.638813,46.48911,0.3851064,0.57529116,0.18692738,0.3098334,0.64055574,0.45362836,3.552877,1.847374,-1.5550807,2.4329317,0.16067405,0.59773374,40.714787,0.08617924,17.024315,0.64404386,-0.3832886,-49.656048,-17.217318,-0.6630253,0.046657965,1.8597615,0.9607806,0.6897776,8.614268,0.34672982,8.154042,1.4388242,44.351196,0.18713145,665.96606,0.2799289,1468.892,0.11880294,-6.946588,-1.8314912,1801.6577,0.12938668,1249.4192,0.16270596,-30.970987,-0.4383715,2983.801,0.066996105,1252.5472,0.28893206,-40.112698,-0.2137285,-26.053032,-0.41486883,42.07719,0.10491786,0.07576708,0.15086961,-0.023994274,-0.450751,0.1675141,0.5903663,41.126686,0.07214941,16.44059,0.69811785,-1.8532794,-10.5697775,-18.71116,-0.5948541,0.0,0.0,0.0,0.0,0.0,3.6363635,2.0408163,0.48,0.0,0.0,0.0,-27.682316,18,12,27,SPEAKER_01,173.766667,174.333333,173.766667,174.333333,1,0.5666659999999979,0.5666875,disengaged
36.706905,0.0774231,35.334213,36.454014,38.204937,2.8707237,512.30035,876.1651,23.355194,16.25716,0.29561025,0.7506883,0.07755567,0.27636114,0.48769584,0.41014016,4.3432426,2.7829556,3.230638,1.4919319,0.1197288,0.906478,23.792778,0.8588991,16.51991,0.77199924,0.061465256,263.63684,-16.450022,-1.0858365,0.015781727,1.4417515,1.0064921,0.903275,10.1606,0.36054695,9.366683,1.6394869,36.259197,0.41033044,761.1444,0.23474936,1402.4104,0.19945595,-80.06139,-1.0773561,1877.9342,0.12681967,1203.4502,0.25758797,-89.79889,-0.8344463,2978.494,0.077348106,1017.9455,0.3009385,-93.020164,-0.7758782,-22.482082,-0.5112936,34.796635,0.31485513,0.07519809,0.22519463,-0.02540034,-0.6122725,0.16027692,0.64716905,33.167282,0.36743867,16.269728,0.851103,-2.2150772,-7.8725266,-23.108616,-0.65919185,-7.990889,15.401597,0.04271392,0.008015125,0.039593063,3.5103512,2.3508139,0.275,0.21731313,0.123703696,0.14450805,-28.35801,18,12,28,SPEAKER_01,174.366667,208.933333,174.366667,187.02284375,4,11.120551749999976,11.1205625,engaged
39.140087,0.039586905,38.847668,39.20483,39.805378,0.95771027,51.008263,33.375847,13.993892,8.028204,0.108709075,1.0063077,0.0057764156,0.06340672,0.23438513,0.22860871,1.85175,1.2119597,1.0445938,0.7200985,0.019912465,1.3283082,15.1104765,1.2920938,10.982211,0.8412291,0.60741967,16.4008,-11.156063,-1.8554026,0.012079466,2.6841674,0.7243838,1.4337844,13.190157,0.24182762,18.816542,0.61359507,41.4194,0.24562877,754.992,0.17898716,1315.353,0.166931,-128.59277,-0.6818371,1908.9299,0.08236034,1156.4406,0.1926852,-133.64342,-0.5708295,3014.567,0.052870095,950.207,0.32602188,-134.20602,-0.56447864,-27.604185,-0.2837749,39.02837,0.22863376,0.06879198,0.29047906,-0.032621246,-0.5132169,0.03749643,0.737086,33.91219,0.2890129,17.161228,0.35422623,-2.21157,-5.695565,-30.357584,-0.46108478,-5.2684393,15.023899,0.022940336,0.025201706,0.006892692,2.4280577,1.3550136,0.304,0.12076424,0.3875,0.3620169,-37.85702,18,12,28,SPEAKER_02,174.366667,208.933333,186.44909375,201.07971875,7,11.137499999999989,11.1375,engaged
46.796078,0.110649526,44.197796,46.7592,51.005024,6.807228,88.77137,88.59907,61.28906,25.187004,0.12304109,0.72602993,0.029422333,0.11430548,0.21389474,0.18447241,1.7084461,0.9123346,1.3924518,0.5903614,0.044113196,1.0286511,15.822732,1.0520623,2.3307664,4.6571107,-9.184471,-1.5010606,-23.783014,-0.733325,0.035787612,1.9898487,1.2984961,0.74125886,11.390523,0.3419619,19.974817,0.5332292,26.356915,0.4373319,848.53906,0.18521999,1283.1254,0.21194379,-113.76831,-0.7838632,1901.1959,0.09533613,1093.9341,0.27208024,-110.79886,-0.71051955,2964.548,0.06968605,899.6192,0.25116298,-113.63237,-0.6710439,-20.974247,-0.4074859,33.34778,0.31558758,0.088280566,0.3276121,-0.018766526,-0.9262419,0.062276654,0.61189324,23.399843,0.4137565,-0.38928658,-30.36351,-14.620117,-0.9428051,-31.20151,-0.43925998,-7.8979354,16.637863,0.05506896,0.00018660363,0.02221445,4.4921875,2.5742576,0.2023077,0.17405364,0.17916666,0.14631349,-39.858223,18,12,28,SPEAKER_00,174.366667,208.933333,202.17659375,208.933333,3,5.1367392500000335,5.13675,engaged
41.927967,0.0,41.927967,41.927967,41.927967,0.0,0.0,0.0,0.0,0.0,0.17818616,0.17567603,0.14926437,0.18700369,0.20614213,0.056877762,0.016761955,0.0,0.0,0.0,0.030778015,0.37744802,24.416588,0.06118772,-17.846579,-0.07273907,-31.453203,-0.008046252,-16.362448,-0.090948455,0.0,0.0,0.0,0.0,3.8623323,0.0,-23.969536,0.0,13.068859,0.0,984.553,0.0,1396.5349,0.0,32.868877,0.0,1892.9747,0.0,974.3327,0.0,7.014847,0.0,3039.7373,0.0,515.94574,0.0,-4.169519,0.0,-6.102329,0.0,21.555576,0.0,0.060914755,0.0,0.001582806,0.0,0.0,0.0,28.350521,0.0,-13.552547,0.0,-30.159336,0.0,-11.45832,0.0,0.0,0.0,0.0,0.0,0.0,0.0,0.0,0.0,0.0,0.0,0.0,-43.772575,18,12,29,SPEAKER_00,208.966667,212.2,208.966667,209.02784375,1,0.06117674999998712,0.0611875,disengaged
36.003994,0.07235065,34.3484,35.642727,36.705162,2.356762,164.60242,203.25916,14.666229,14.13594,0.23751406,0.8380961,0.026491966,0.20187292,0.42791545,0.40142348,4.490211,2.5035968,2.1732986,0.9458851,0.09144669,1.0183543,18.020777,1.2582388,16.194592,0.7574672,4.8879066,2.794538,-7.9260674,-2.0036027,0.020373248,1.1850065,1.1006442,0.83107305,9.398327,0.34231842,14.787655,0.714376,36.17012,0.21312134,745.19055,0.24538065,1277.6649,0.15359466,-90.53919,-0.9967631,1918.7103,0.11599666,1059.7129,0.26493496,-102.604935,-0.7654509,2966.9417,0.08495399,1034.755,0.25728253,-103.98541,-0.7424189,-23.091326,-0.4383987,32.32964,0.32038882,0.069304325,0.28463498,-0.01928502,-0.7325831,0.14280996,0.6120713,31.770443,0.40840566,16.20854,0.6808695,7.771219,1.942745,-14.51043,-0.94046044,-3.9860456,10.130119,0.03727656,0.018622499,0.022433752,2.8846154,2.4630542,0.22999999,0.20337158,0.152,0.14274453,-30.039047,18,12,29,SPEAKER_01,208.966667,212.2,210.10784375,212.2,1,2.092156249999988,2.0921875,disengaged
35.571068,0.08994409,34.161537,35.713463,38.52579,4.364254,155.37238,145.7315,28.143732,32.95044,0.30987698,0.8685539,0.042810973,0.25973028,0.5280136,0.4852026,5.689258,3.4960144,2.905716,2.358748,0.14110996,0.9156832,25.1294,0.5591918,6.103317,1.9630682,-4.6785073,-3.6536822,-8.038786,-1.4588867,0.019219913,0.9866863,1.3177749,0.72476494,8.392498,0.39109173,2.4675367,4.10637,28.99262,0.3403499,756.3889,0.21134599,1358.554,0.20114154,-75.34623,-1.142523,1800.4125,0.14582366,977.53314,0.26777864,-79.30804,-1.0182095,2956.7837,0.09742103,965.80493,0.20487083,-87.24185,-0.8555404,-14.316529,-0.8316634,28.628761,0.32477826,0.062079642,0.25770935,-0.013049824,-1.4574447,0.18888012,0.62573034,32.03006,0.24566735,3.4646516,3.6575196,-5.4463167,-3.4944289,-11.644748,-0.991317,-10.710938,18.716507,0.048251376,0.012995771,0.042791337,5.633803,2.9411764,0.22,0.18041618,0.13,0.049665544,-28.918974,18,12,30,SPEAKER_01,212.233333,213.666667,212.233333,213.666667,1,1.433334000000002,1.4333125,engaged
35.87158,0.071276374,34.556644,35.56669,36.902245,2.3456001,87.597664,108.08793,47.2011,80.021835,0.29235008,0.7552864,0.07301676,0.26751727,0.48152843,0.40851167,5.333324,3.0054018,3.3257875,1.7005881,0.13226908,0.9271954,24.860323,0.78318137,12.293857,1.2451459,-3.5636964,-4.733292,-8.280385,-1.8575594,0.018348996,1.1046546,1.2422636,0.8378583,8.624491,0.41655904,11.282158,0.9439606,38.35018,0.28565782,691.1055,0.2805554,1414.6627,0.15962513,-82.62961,-1.0635298,1791.7913,0.13895258,1204.8044,0.2191484,-90.686165,-0.8504144,2908.3674,0.08783201,1071.5602,0.2450785,-95.76494,-0.760084,-21.037601,-0.5761849,34.746143,0.3086027,0.07407563,0.25559628,-0.017236592,-1.0098983,0.17673019,0.67137766,34.492638,0.3404104,13.411852,1.1890298,-2.6632304,-6.7007256,-14.551333,-0.93254673,-7.522206,17.875818,0.04171392,0.016452309,0.052746374,4.017857,3.030303,0.20518517,0.15432939,0.112399995,0.15497817,-29.029615,18,12,31,SPEAKER_01,213.7,223.733333,213.7,223.733333,3,8.97020800000007,8.9701875,disengaged
37.441853,0.124978915,34.555862,36.463997,39.76711,5.2112465,720.83655,983.4301,39.510094,30.880724,0.22999707,0.87099564,0.049471334,0.19294263,0.3910167,0.34154534,4.6787963,2.5253928,3.4007776,2.1412215,0.120329656,1.2061005,18.4924,1.1800176,15.201402,0.8504393,-1.1032972,-12.84755,-8.255722,-2.0137985,0.028423827,1.3512264,1.3912256,0.84255195,8.817706,0.48889503,11.280198,1.0616628,34.871456,0.34188807,813.7255,0.24805975,1378.8401,0.17787594,-97.12919,-0.8841625,1879.7489,0.12347759,1229.6547,0.2700973,-102.61449,-0.7543684,2979.8892,0.084794976,1040.1172,0.25688693,-105.278114,-0.7091802,-22.57639,-0.53433025,35.043488,0.37087932,0.062124237,0.39371064,-0.019038845,-0.9068675,0.17608424,0.89441353,30.15438,0.43793994,14.976917,0.91772985,-1.2379128,-13.296185,-16.385185,-0.88597363,-5.5444536,13.545386,0.030010648,0.01602807,0.038673207,4.1666665,3.4798534,0.1605263,0.11744981,0.13399999,0.14103428,-27.930801,18,12,32,SPEAKER_01,223.766667,247.8,223.766667,247.8,9,5.538332999999966,5.538375,engaged
40.936756,0.065116875,38.86645,41.0527,42.880833,4.0143814,56.43091,37.048935,30.668615,34.373165,0.32388064,0.9015622,0.03864277,0.24251217,0.5960429,0.5574001,4.5663085,3.0807192,3.0707324,1.6424621,0.09660362,1.3273805,14.911713,1.3160529,11.813083,0.92631507,-2.6347604,-4.46132,-25.672115,-0.8957255,0.010655157,1.5189439,0.7548161,1.1712081,13.337252,0.24531598,13.329504,0.79026145,32.303097,0.30672848,804.9963,0.14646152,1235.2831,0.16390741,-90.0484,-1.0069529,1947.3196,0.09113992,1024.1185,0.27214876,-100.01116,-0.7838203,2983.5264,0.049155988,800.2258,0.31192482,-100.51314,-0.7750991,-23.273163,-0.38029113,32.056652,0.33605903,0.06733619,0.28229412,-0.03245343,-0.42926487,0.1480931,0.9437047,25.96161,0.42112526,10.932965,1.0994236,-4.9949536,-2.4123225,-40.23338,-0.3863249,-4.0210056,11.55133,0.031272426,0.012382263,0.015780214,2.6153846,1.4671814,0.40842104,0.59813094,0.26666665,0.22410315,-26.722897,18,12,32,SPEAKER_00,223.766667,247.8,227.75909375,244.02659375,10,13.010625000000005,13.010625,engaged
36.787086,0.018255789,36.122314,36.737076,37.451748,1.3294334,49.71733,0.0,-12.71019,0.0,0.040750694,1.306881,0.0064866417,0.015723392,0.056574408,0.050087765,0.15807372,0.107176885,1.0958102,0.7916934,0.0070346068,1.7802715,-1.3467723,-9.363404,9.879531,0.9652658,-0.51557237,-18.993668,-0.7394848,-10.502633,0.0066876737,0.0,1.3496827,0.06026239,4.382968,0.22400284,6.2904325,0.55628765,28.684969,0.38387176,637.0467,0.2905513,1207.5903,0.14494087,-186.09215,-0.2565628,1641.1188,0.09925698,990.8352,0.13385889,-185.23523,-0.24333161,2660.6035,0.090929896,930.0833,0.16105615,-185.99089,-0.23014957,-9.4178505,-0.5102501,18.235256,0.36353162,0.052294675,0.5547334,-0.009508362,-0.583429,0.026294015,0.8576127,11.509945,1.0840393,10.744651,1.3556821,-16.319214,-0.6152616,-6.3402896,-0.82465243,-3.4761279,10.793734,0.027727002,0.019687213,0.006095793,1.3513514,2.8985507,0.02,0.0,0.305,0.065,-54.409744,18,12,32,SPEAKER_02,223.766667,247.8,242.32221875,243.08159375,1,0.7593750000000057,0.759375,engaged
36.545956,0.05068122,34.90519,37.05774,38.128223,3.223034,269.34036,271.1202,2.810207,7.112526,0.44124895,0.4729352,0.24797189,0.45021418,0.60708165,0.35910976,4.5936303,1.8694184,3.524178,2.4065351,0.17549893,0.6825256,35.228107,0.24182267,11.261838,1.0766164,-8.743835,-1.8439459,-25.889496,-0.6619943,0.014259485,1.3018351,0.95105445,0.922215,9.810634,0.35525113,6.3047023,2.0498133,37.747536,0.26096,730.23517,0.26056033,1365.2139,0.15042843,-29.029463,-1.9067047,1841.0745,0.16695912,1233.2751,0.20759901,-44.87919,-1.0399148,2965.9229,0.096113704,1069.6476,0.21071018,-52.75447,-0.81814766,-19.69061,-0.5153505,35.82343,0.18380895,0.08244713,0.1848318,-0.030531388,-0.56974256,0.1946655,0.5936159,36.692696,0.18875706,10.643628,1.1700939,-10.741188,-1.368961,-29.20255,-0.53228104,-14.678674,26.311987,0.060659014,-0.008023789,0.051427606,4.0201006,2.094241,0.42499998,0.37725985,0.046666663,0.03771236,-26.928303,18,12,33,SPEAKER_01,247.833333,249.833333,247.833333,249.833333,1,2.0,2.0,disengaged
36.080166,0.028511576,35.43059,35.914566,37.004433,1.5738411,180.57036,193.04881,11.841753,2.1702921,0.3557973,0.6814472,0.097455725,0.34491485,0.5575308,0.46007508,5.5663857,5.6083755,2.9826334,0.9812678,0.14645542,0.93725604,27.643503,0.47858745,18.995378,0.86956424,3.0730505,5.3107953,-11.794625,-1.4786531,0.011618936,1.2211497,0.95563203,0.9982512,10.74347,0.25570425,8.635857,1.3980047,36.162235,0.30714917,661.6198,0.30877212,1410.7488,0.12367586,-56.536354,-1.3320125,1795.359,0.14996392,1197.2385,0.18810219,-69.277176,-0.92348874,2867.0725,0.08644803,1025.1088,0.20953709,-72.764626,-0.84321356,-24.358543,-0.4673279,35.66994,0.2910749,0.073132366,0.23420817,-0.022852289,-0.64828604,0.17727774,0.7671758,31.814915,0.3119348,19.879704,0.902017,1.7104807,10.3034315,-16.759878,-0.95141184,-13.571721,22.196075,0.036834583,0.013837937,0.041420154,3.3333335,2.2988505,0.3375,0.14254385,0.099999994,0.09201449,-26.915764,18,12,34,SPEAKER_01,249.866667,251.933333,249.866667,251.933333,2,1.813540999999958,1.8135625,engaged
36.89651,0.07997149,35.26137,36.983517,39.12148,3.8601074,196.89442,381.29135,33.86693,22.728174,0.27945882,0.79665595,0.07756577,0.22207141,0.47007054,0.39250478,5.177615,3.0380585,3.7078917,1.5958678,0.14219964,0.988584,24.285898,0.76898617,15.926273,0.7905762,-0.6469361,-24.790428,-10.527796,-1.657745,0.01982347,1.2008733,1.2372937,0.8309756,9.692709,0.3541447,10.97833,1.0383325,36.30886,0.2804609,758.61456,0.25974575,1369.5876,0.17783512,-87.959015,-0.9609099,1879.1228,0.12736027,1139.2161,0.24114269,-94.049835,-0.7807636,2962.592,0.082780175,1027.5071,0.2794502,-97.52305,-0.72404486,-22.896584,-0.45282063,34.586834,0.31599057,0.06958048,0.27299783,-0.023194812,-0.7349936,0.18815312,0.76762974,31.064308,0.40540442,16.198805,0.7830548,-0.63784903,-26.972265,-17.28015,-0.90086764,-12.022344,21.08088,0.042613294,0.004830556,0.05699763,3.9568346,3.7439616,0.16258064,0.10484913,0.09407408,0.08607746,-27.047356,18,12,35,SPEAKER_01,251.966667,264.3,251.966667,264.3,4,8.350832999999994,8.350875,disengaged
34.133404,0.042291217,32.59327,34.183575,35.577206,2.9839363,19.350134,11.824373,15.015873,0.0,0.19500306,0.9732572,0.025971219,0.15488392,0.27252516,0.24655394,4.7645044,2.4950168,2.8349612,1.8398253,0.08923721,1.326161,25.537231,0.5964841,14.956427,0.8487115,6.5230837,2.230557,-5.922561,-1.7780572,0.015076169,0.66982543,1.1801196,0.72175264,10.031134,0.22179183,16.733215,0.7118469,40.529858,0.18363395,632.17334,0.29146457,1529.5587,0.103078626,-105.9696,-0.872446,1777.9065,0.086222224,1274.6222,0.19633503,-113.26033,-0.7093684,2866.178,0.061550327,1035.079,0.20630188,-115.214226,-0.6824234,-25.905596,-0.25907248,35.12262,0.24450782,0.06861641,0.19252515,-0.018546939,-0.5252009,0.15327118,0.92737395,33.963264,0.14243522,15.068688,0.8023803,9.248483,1.4230504,-9.850193,-0.9009343,-11.8990345,20.991535,0.04498925,0.009095615,0.021131191,2.3809524,2.5641026,0.195,0.074999996,0.175,0.145,-31.461021,18,12,36,SPEAKER_01,264.333333,266.066667,264.333333,266.066667,2,0.8558340000000157,0.8558125,engaged
35.955944,0.041614316,34.434116,35.514896,37.858078,3.4239616,98.40465,150.95555,3.5541406,9.327595,0.30005687,0.5560855,0.13851091,0.28262123,0.47317448,0.33466357,5.5631423,3.5367293,3.8235888,2.0022821,0.124906555,0.937682,27.490088,0.6390959,12.750458,1.1259426,-1.784388,-8.900775,-8.948041,-1.875532,0.012326146,0.8480702,1.1337796,0.7124204,9.6862335,0.3047938,13.715571,0.6484146,39.205326,0.19822885,650.8264,0.28036553,1434.0638,0.1341633,-60.648838,-1.3203217,1711.8136,0.133336,1183.9619,0.18173322,-66.83945,-1.0236484,2857.3865,0.09394024,1004.85223,0.21587206,-74.91045,-0.849711,-19.354445,-0.6090933,33.698696,0.32510325,0.07067212,0.26240462,-0.013290257,-1.4754078,0.13533606,0.80894023,33.122856,0.33404878,12.079979,1.3020598,-2.3104753,-6.450508,-11.570385,-1.25192,-7.3291655,14.282604,0.03625644,0.010096815,0.049715463,4.545455,2.3622048,0.32,0.33436507,0.08333333,0.026246693,-30.167051,18,12,37,SPEAKER_01,266.1,267.433333,266.1,267.433333,1,1.333332999999982,1.3333125,disengaged
36.647884,0.21657346,35.061474,36.922283,38.30608,3.244606,141.33711,68.65693,86.069756,52.07075,0.16572005,1.1652797,0.010340876,0.10871741,0.23576468,0.22542381,2.7136838,2.142389,2.5676658,1.9141505,0.08008792,1.604916,4.966235,5.317053,16.679094,0.7889116,-3.478734,-3.887341,-1.8952422,-7.363192,0.057964385,2.11053,1.3492073,0.5786484,5.8995895,0.89874905,9.251465,1.2998805,33.05668,0.46966043,732.64343,0.27826673,1424.4746,0.16153775,-151.37067,-0.5317261,1811.1494,0.14444414,1227.5569,0.29266703,-147.92744,-0.52259177,2933.4578,0.08258983,1047.1819,0.27218562,-149.71072,-0.49322748,-17.321768,-0.8842167,30.94432,0.55844116,0.0709758,0.2782949,-0.013091512,-1.395306,0.19999337,0.8409207,26.355318,0.77231383,15.03955,1.009504,-5.061886,-3.7386377,-13.384321,-0.96834445,-1.494073,8.574076,0.04092183,0.018116726,0.028934939,2.264151,2.6923077,0.10285714,0.04025429,0.24857143,0.22408088,-32.316124,18,12,38,SPEAKER_01,267.466667,270.233333,267.466667,270.233333,2,2.6654159999999933,2.6654375,engaged
35.985092,0.08520579,34.40738,35.579166,37.567123,3.1597443,116.53305,96.75454,28.576508,6.933436,0.25038573,0.9512754,0.027359204,0.19640166,0.43354344,0.40618423,5.128,2.3135946,3.090593,2.328313,0.12087062,1.1172975,18.806335,1.0288271,13.879096,0.9674098,-5.037541,-3.443311,-8.379256,-2.0288634,0.029276855,2.044493,1.3180964,0.7818237,8.787331,0.3954578,8.973482,1.1329459,37.55192,0.24977097,677.47455,0.2643433,1419.8892,0.19389015,-102.2048,-0.9075775,1802.097,0.13976072,1167.2122,0.28056052,-106.67395,-0.76964164,2923.3323,0.08086862,1066.1136,0.3120425,-111.50206,-0.6930464,-22.35546,-0.48472533,34.771328,0.23848045,0.072100446,0.25131065,-0.020595925,-0.9066303,0.18994644,0.7568435,31.527908,0.33139843,15.83201,0.9324645,-3.3662856,-5.9542985,-15.647901,-1.0555079,-5.0492926,12.43289,0.04174023,0.014929109,0.039010268,4.0441175,2.2556393,0.23833333,0.15646262,0.185,0.15413737,-29.86235,18,12,39,SPEAKER_01,270.266667,273.0,270.266667,273.0,1,2.733333000000016,2.733375,disengaged
35.73881,0.07356784,34.279087,35.645905,37.09676,2.8176727,363.8286,398.3078,46.044678,30.754013,0.33619875,0.65903556,0.15346175,0.2807284,0.5097024,0.35624063,5.420435,3.1340563,4.688006,2.2981675,0.16079722,0.96215814,33.560566,0.30973342,11.382603,1.0634538,-4.6085057,-3.3126142,-12.051539,-1.1270304,0.020630434,1.6470587,1.1200354,0.7156742,9.086589,0.35627759,8.752974,1.0132778,36.563763,0.25514382,777.6855,0.21820603,1397.8344,0.17069133,-58.617325,-1.3369932,1838.4664,0.128479,1185.5116,0.17069389,-70.7414,-0.9543613,2958.3657,0.07357122,1044.8918,0.3936871,-76.620026,-0.8334485,-19.976381,-0.5323975,35.39569,0.25839552,0.07460512,0.2271268,-0.017943602,-0.8581374,0.18731843,0.91654456,35.240044,0.24488243,11.332649,1.0954505,-6.015388,-2.6047518,-15.99073,-0.76798725,-17.99894,28.929953,0.053913437,-0.00811082,0.085060544,5.494506,2.824859,0.264,0.20519258,0.07,0.025298221,-27.591349,18,12,40,SPEAKER_01,273.033333,275.933333,273.033333,275.933333,3,1.8368749999999636,1.836875,engaged
36.37226,0.03536329,35.37288,36.053833,37.791813,2.4189339,80.69111,78.76819,19.099705,4.7719297,0.39666113,0.6303824,0.13510989,0.38261122,0.6518481,0.5167382,6.389544,3.9026768,4.491577,2.5363233,0.19041646,0.7110587,25.433887,0.6173605,12.049174,1.2984202,-15.145379,-1.1588671,-15.795105,-1.1135659,0.017085359,0.9578928,1.3925492,0.6449846,7.6059947,0.49541768,7.3544674,1.6390463,37.510952,0.21469307,679.4445,0.23828766,1460.4976,0.13701713,-74.63085,-1.1505129,1756.287,0.13219877,1222.5657,0.21198305,-81.63619,-0.93100196,2836.095,0.08734956,1155.2842,0.42221567,-87.62179,-0.81716084,-18.947277,-0.5408445,32.30561,0.28001288,0.08039926,0.23485246,-0.025687339,-0.642713,0.22066526,0.60097784,29.87758,0.40949818,13.955553,0.9440363,-14.069622,-1.2219503,-21.530148,-0.7343335,-8.878876,22.094833,0.05931429,-0.0006479781,0.11099275,4.929578,2.9629629,0.2225,0.12833063,0.074,0.023323808,-27.549936,18,12,41,SPEAKER_01,275.966667,277.4,275.966667,277.4,1,1.4333330000000046,1.433375,disengaged
35.917015,0.06533184,33.819153,35.65133,38.071632,4.2524796,82.195885,82.65305,19.057714,14.264409,0.25192982,0.84227324,0.07285874,0.18971889,0.41785535,0.3449966,5.5092463,3.4353487,3.4246254,1.659615,0.1271095,1.1006798,25.96838,0.6701083,16.005312,0.7459293,1.398749,11.27536,-6.08834,-2.3684165,0.02070369,1.0192981,1.2732033,0.7467444,9.301378,0.33079442,11.604008,0.83639395,37.110176,0.26308504,724.41486,0.28884533,1442.8634,0.18524925,-66.76883,-1.1685125,1822.3418,0.12703764,1230.9923,0.25102216,-77.611946,-0.86651605,2927.8486,0.08465905,1087.1036,0.28865242,-82.445885,-0.77852654,-23.000158,-0.4645864,35.718178,0.28195065,0.06285765,0.3537479,-0.01652581,-0.90812594,0.16062447,0.91088414,32.67877,0.33132428,16.341806,0.75198925,1.6593415,10.291355,-10.174643,-1.3513099,-9.450096,17.35175,0.03991354,0.011271222,0.033347063,3.8159373,3.2731378,0.21793103,0.15792575,0.076799996,0.10212619,-28.13098,18,12,42,SPEAKER_01,277.433333,312.766667,277.433333,312.766667,5,8.923959000000025,8.9239375,engaged
40.53141,0.14152779,37.947517,40.471203,44.318474,6.3709564,571.8633,813.45276,99.091484,122.186676,0.24517545,0.8945804,0.027731214,0.20873547,0.43248194,0.40475073,3.5450501,2.58005,2.8576324,2.104542,0.088802926,1.4811536,13.2765465,1.610303,9.9456,1.0404909,-2.5452013,-5.494115,-22.548956,-0.86845237,0.024229554,1.8508383,0.98954207,1.0793291,10.708565,0.5037991,12.725282,0.88433987,29.570704,0.44313535,830.96954,0.18436545,1267.0114,0.18843429,-108.291466,-0.82648927,1933.8966,0.097265236,1071.8881,0.3464268,-113.88527,-0.69171864,2979.245,0.065698,866.2442,0.30956063,-113.46089,-0.6935991,-21.277288,-0.56319654,31.649464,0.4199246,0.07225316,0.30564258,-0.027782664,-0.71863663,0.11781263,0.99906784,24.03621,0.61607593,11.700215,0.90501183,-5.118365,-2.9424145,-34.28669,-0.44187236,-3.355377,11.697138,0.04198203,0.007854886,0.056789663,2.2552254,2.4269168,0.20931818,0.32514614,0.1895238,0.24917915,-29.520617,18,12,42,SPEAKER_00,277.433333,312.766667,286.68659375000004,312.69096875,10,18.191250000000082,18.19125,engaged
37.966457,0.17020902,33.61204,36.22869,44.397766,10.785725,22.17822,10.467828,38.78896,0.0,0.35349396,0.8586136,0.09976936,0.22509156,0.6781596,0.57839024,4.5406556,2.0940568,3.6080928,2.71102,0.19752085,1.0323619,27.592033,0.71100605,16.41597,0.56992793,-2.8593543,-5.943966,-16.372404,-1.0917673,0.01979167,1.2963907,1.0407683,0.94777524,10.563723,0.36013836,8.73957,2.2172172,37.385227,0.51772225,761.4442,0.27065155,1364.9723,0.21585155,-52.050594,-1.3942653,1896.2505,0.1258543,1220.2141,0.2304118,-68.239716,-0.8850921,2981.268,0.08331718,1116.6155,0.32468453,-73.426254,-0.7826467,-24.0431,-0.46688032,38.243717,0.298355,0.07284234,0.31136307,-0.023506898,-0.587853,0.24255124,0.8651383,32.103374,0.44631144,14.779909,0.659911,-4.071736,-4.295369,-21.869768,-0.7060592,-10.843503,18.825233,0.049197637,-0.0041981298,0.062309597,3.2,3.3613448,0.22999999,0.13152947,0.06666666,0.03771236,-22.55307,18,12,43,SPEAKER_01,312.8,314.066667,312.8,314.066667,1,1.266666999999984,1.266625,disengaged
36.290768,0.112527415,34.77024,36.339943,38.421146,3.6509056,286.331,573.9943,43.663845,37.13367,0.2635069,0.7714667,0.08770876,0.21248102,0.4201355,0.33242673,4.3773055,2.4250953,2.9901636,1.6618356,0.11858153,0.97398067,25.245508,0.7404512,15.943868,0.8192374,1.0964824,15.629154,-12.481321,-1.3965837,0.024848005,1.7215595,1.2060325,0.82867426,9.416215,0.39805225,10.240685,1.081164,36.091507,0.31146273,749.4159,0.23555684,1403.891,0.17995198,-75.55424,-1.1073145,1866.0013,0.12659566,1174.5746,0.2566558,-85.17726,-0.8497213,2962.365,0.079764605,1028.7057,0.28522375,-88.62845,-0.7862542,-22.894842,-0.48633766,34.91742,0.3138105,0.06911248,0.2815675,-0.022101652,-0.7333313,0.15073854,0.764524,32.68104,0.3676754,15.61591,0.8663569,0.29698536,63.40727,-17.259907,-0.9432838,-9.8811035,17.96564,0.0425235,0.0048636645,0.046402246,3.6127167,2.9027576,0.23049998,0.23068322,0.103333324,0.07516649,-28.769825,18,12,44,SPEAKER_01,314.1,353.533333,315.08721875000003,353.533333,6,13.859239249999973,13.85925,engaged
40.391396,0.083222054,38.074345,40.29502,42.383034,4.308689,78.43567,53.77172,39.231884,21.219337,0.1684145,0.80889463,0.018082798,0.14615434,0.29054067,0.27245787,3.569389,1.9210961,2.1248372,1.3178625,0.06319784,1.098244,18.130856,1.0135314,10.315104,1.1469206,-1.1335589,-9.991849,-15.91191,-1.2577598,0.019925008,0.8051375,1.230404,1.0210642,10.308251,0.3635749,11.857693,1.0131729,32.555637,0.3878103,837.60187,0.1950921,1316.7697,0.16443197,-110.458,-0.78130823,1907.409,0.11065948,1116.0557,0.20502591,-112.95779,-0.687669,2996.9182,0.06609257,886.9415,0.35784274,-115.35427,-0.65192217,-22.184906,-0.4965059,33.488388,0.32983395,0.07045436,0.30454543,-0.020019218,-1.1172012,0.08985949,0.8214463,26.87627,0.44391775,11.97964,1.0336956,-2.4395077,-4.719133,-26.00301,-0.6272073,-8.883297,19.574612,0.041614085,0.0083980495,0.03360159,3.712297,3.0588236,0.16615385,0.11269689,0.14076923,0.17269188,-33.86258,18,12,44,SPEAKER_00,314.1,353.533333,329.24534375,348.98909375,9,4.319999999999936,4.32,engaged
37.525562,0.051846024,36.52278,38.311745,38.942776,2.4199944,20.454132,2.9343414,4.328628,8.366297,0.28995252,0.8587832,0.037532195,0.20837441,0.5391458,0.5016136,3.9975235,2.5572655,4.631885,3.6590104,0.12519641,1.0275121,25.982775,0.7880504,15.842571,0.830032,-2.7987218,-5.2902236,-11.399629,-1.4506596,0.01139721,1.0738481,0.8943732,0.89901406,11.7658,0.24110432,7.14516,1.9602184,38.53011,0.33781153,732.99225,0.25472435,1382.9221,0.12011856,-85.46308,-1.0313298,1850.5789,0.14045872,1211.5442,0.21019427,-92.999855,-0.8278896,2967.719,0.08733952,1107.4127,0.31388748,-97.61131,-0.7495173,-25.271069,-0.4009011,38.583088,0.27511957,0.07158073,0.22602917,-0.025166107,-0.72576857,0.168269,0.7234575,35.22689,0.2980492,13.387286,1.0987253,-6.755515,-2.2632244,-19.000393,-0.77461237,-11.425989,18.610712,0.042769365,0.0106254695,0.05228147,3.888889,1.7241379,0.37,0.15121728,0.28,0.22,-26.928486,18,12,45,SPEAKER_01,353.566667,355.466667,353.566667,355.466667,2,1.8156250000000114,1.815625,disengaged
35.520775,0.05835938,34.55062,35.539516,36.689247,2.138626,189.38914,218.23717,138.27005,279.81116,0.30257782,0.72405434,0.0882707,0.2752662,0.49616873,0.40789804,4.8806443,2.6492333,4.2267747,2.5214112,0.1347834,0.8680208,26.683605,0.68827426,12.78768,1.1335129,-3.5807626,-4.5045686,-10.8346405,-1.3918076,0.017392132,1.298886,1.1963954,0.8186519,8.753378,0.37216556,7.906591,1.6861626,36.85084,0.33008143,704.0646,0.26599008,1425.9744,0.15445994,-69.175026,-1.2199836,1777.3818,0.14334637,1224.8995,0.2353464,-77.89568,-0.94884104,2882.5393,0.09189136,1086.4851,0.29345375,-83.74143,-0.8336727,-19.783707,-0.5385781,33.93412,0.28732625,0.0725176,0.27153906,-0.018563762,-0.95914155,0.16963324,0.6601044,34.003166,0.34561175,10.747857,1.3793755,-5.986103,-2.854841,-15.807753,-0.8507266,-10.495012,17.905247,0.04429619,0.008477507,0.05255574,4.628502,3.0674849,0.2228,0.19741368,0.1025,0.08694107,-29.406801,18,12,46,SPEAKER_01,355.5,367.1,355.5,367.1,6,8.225000000000023,8.225,engaged
36.153355,0.104198255,35.42763,36.79947,38.173023,2.7453918,96.472855,89.408226,28.997515,24.242159,0.3467788,0.7059768,0.12346041,0.2734972,0.6313282,0.5078678,5.388732,4.0466847,3.1865168,1.3766015,0.17755562,0.76980346,30.315771,0.4005544,15.637501,0.91077155,-2.4936697,-6.6580563,-15.362833,-0.86413056,0.022827424,1.0154437,1.2347962,0.76581246,9.093952,0.41649994,0.9104317,18.235865,30.950151,0.48599797,802.8283,0.20392375,1385.401,0.22785799,-57.30514,-1.2111967,1908.3579,0.12866911,1147.8677,0.23649974,-69.45857,-0.8696496,3003.0342,0.07488247,983.6171,0.28342018,-74.18208,-0.76744026,-23.423523,-0.43850598,37.12632,0.2722418,0.06017984,0.29411286,-0.023104982,-0.61098486,0.21061254,0.649871,32.757378,0.28071752,14.495763,0.99202377,-5.4157414,-3.164804,-18.856176,-0.60336435,-17.649427,26.679117,0.051336292,-0.007685198,0.066643365,4.142012,4.2944784,0.17714284,0.10963763,0.049999997,0.015491934,-25.712233,18,12,47,SPEAKER_01,367.133333,368.833333,367.133333,368.833333,1,1.6999999999999886,1.7,disengaged
36.973763,0.11478149,33.80569,36.858772,41.379723,7.574032,704.474,796.20874,48.02984,33.65881,0.14493436,0.96512026,0.012855824,0.07608014,0.29771328,0.28485745,2.8399215,1.9066154,2.0552034,1.7865461,0.0659009,1.3092796,16.484692,1.1982144,19.00286,0.5913398,-0.21815808,-52.366524,-8.233283,-2.424425,0.015148777,0.9334523,0.99209684,0.9867427,10.138848,0.3737733,16.379366,0.74646336,43.665802,0.24268079,719.0289,0.24691081,1418.8267,0.16726883,-127.57731,-0.6788271,1850.8597,0.12548275,1229.6779,0.1869302,-131.64601,-0.5778879,2954.4468,0.09241339,1079.598,0.32180566,-133.22015,-0.55804914,-26.0315,-0.42620128,37.29859,0.31862345,0.0702462,0.26919648,-0.023758303,-0.82581633,0.121460855,0.7794542,32.08704,0.38981915,18.770678,0.6202127,-1.923782,-6.5862746,-23.642324,-0.7654232,-9.593452,17.065548,0.03889035,0.013330677,0.026181333,2.9739776,2.6515152,0.15142857,0.084079646,0.20428571,0.11512193,-33.21685,18,12,48,SPEAKER_01,368.866667,384.333333,368.866667,384.333333,2,2.709165999999982,2.7091875,engaged
34.083324,0.10663484,30.500036,34.084385,37.707687,7.207651,19.706917,0.0,255.37643,0.0,0.23105852,0.47210535,0.11601694,0.24653178,0.3502262,0.23420925,3.9409223,0.91945976,2.3505676,0.0,0.14551654,0.59757006,34.779133,0.16430253,19.024002,0.292155,-10.7724495,-0.75181973,-31.23128,-0.40827125,0.0,0.0,3.047792,0.41298988,3.7137632,0.22992998,0.699138,12.565122,40.60689,0.08496452,808.88696,0.09717216,1395.9276,0.041762847,-138.04123,-0.5066619,1957.6992,0.052746672,1290.5225,0.056127097,-146.85156,-0.40839228,3094.8596,0.01477141,837.2228,0.08697416,-147.57237,-0.40245578,-26.886637,-0.02085591,39.340115,0.016973827,0.098563135,0.030383037,-0.050551724,-0.04534457,0.26720384,0.095317334,36.396698,0.048285373,19.104158,0.018518154,-17.871487,-0.054204296,-43.320873,-0.090274416,-26.386745,39.814854,0.07891438,-0.04052692,0.14529291,4.166667,10.526316,0.02,0.0,0.03333333,0.01885618,-33.683544,18,12,48,SPEAKER_00,368.866667,384.333333,379.22909375,379.48221875,1,0.25312500000001137,0.253125,engaged
37.269028,0.07883756,36.321964,38.214664,38.906452,2.584488,70.51189,48.0475,32.240974,0.0,0.36719576,0.5329307,0.19284444,0.34870607,0.5516575,0.35881305,4.299028,2.1587462,3.71517,2.132865,0.15416534,0.6944549,34.805126,0.2800499,12.662386,1.1765411,0.30889395,55.640896,-15.761777,-0.77271706,0.013228682,1.1964046,0.93126726,0.8507032,11.562557,0.270138,8.750724,1.5624001,37.755234,0.27928483,698.6976,0.22773331,1376.8279,0.09145338,-36.68828,-1.5980442,1843.1987,0.12742437,1167.825,0.21958338,-53.4807,-0.93217236,2936.1182,0.09068682,1021.744,0.18828905,-58.773933,-0.80823076,-25.24507,-0.406896,37.63272,0.25653496,0.07460431,0.18185866,-0.026384285,-0.55211365,0.15943992,0.6346482,36.707397,0.15693648,10.95277,1.3825105,-1.7636302,-9.852509,-17.809565,-0.64037937,-18.63724,27.940266,0.03969334,0.004608269,0.12640178,5.633803,1.4705882,0.59999996,0.17,0.06,0.0,-26.662645,18,12,49,SPEAKER_01,384.366667,385.8,384.366667,385.8,1,1.4333330000000046,1.433375,disengaged
35.996563,0.0521245,35.264587,35.942432,37.52674,2.2621536,165.88274,269.7052,38.290726,58.94141,0.2742878,0.7516628,0.07818961,0.23787956,0.4694069,0.3912173,4.1881604,2.1810887,3.1547296,2.3798351,0.115582764,0.85287815,27.170504,0.6514964,14.033227,1.1376517,-3.522018,-4.55452,-7.0089064,-1.9280946,0.016511671,1.4820858,1.0239978,0.7934892,9.880017,0.30807647,9.13834,1.3147335,38.346905,0.31843626,713.23944,0.27713522,1410.6124,0.15547508,-75.540596,-1.1135827,1830.232,0.15353636,1168.3457,0.23974411,-84.841866,-0.87175995,2959.9412,0.09246721,1104.7988,0.25194475,-91.26773,-0.7572152,-22.288536,-0.5546232,36.07356,0.3265908,0.07739891,0.16771701,-0.018583408,-0.84996325,0.15592138,0.600181,35.238895,0.3497986,15.289263,1.1039228,-2.277436,-7.5507145,-11.666632,-1.0739161,-8.521133,19.262138,0.04267159,0.016357793,0.031842213,4.3624163,2.7303755,0.24374999,0.086737745,0.089999996,0.13224556,-29.57879,18,12,50,SPEAKER_01,385.833333,389.4,385.833333,389.4,2,2.992917000000034,2.9929375,engaged
34.338367,0.025576435,33.60556,34.40958,35.20329,1.5977287,30.004904,26.449709,5.774008,4.7201033,0.33530667,0.57483065,0.17500317,0.29309663,0.44611257,0.2711094,4.72241,2.1463146,2.8369217,2.235719,0.11117754,0.6526012,33.644886,0.5430205,6.681427,2.2220652,-9.588015,-1.8270388,-18.175882,-0.62505496,0.013355397,0.6312591,0.8133061,0.59510624,8.979889,0.27953082,5.829221,1.6302638,40.44037,0.21123804,722.7704,0.2742434,1425.51,0.13822919,-48.52063,-1.6252627,1749.53,0.16308206,1335.3059,0.3405071,-62.26716,-1.1177526,2921.2476,0.09459306,1025.6488,0.18094863,-71.54409,-0.8947883,-16.606848,-0.66838115,36.904503,0.2016127,0.07149487,0.16269785,-0.017355176,-1.0739969,0.12793939,0.5322872,39.9379,0.16465895,6.3488955,1.9211503,-12.022436,-1.5019289,-20.63518,-0.4968434,-3.5012314,13.394055,0.06132081,0.0036834127,0.059938736,6.0606065,3.2258065,0.23333333,0.20417857,0.089999996,0.06,-31.274244,18,12,51,SPEAKER_01,389.433333,390.433333,389.433333,390.433333,1,1.0,1.0,disengaged
35.653297,0.08611826,34.87165,35.744488,37.76878,2.897129,268.80704,339.46082,32.75231,35.209534,0.29863343,0.7724709,0.06294547,0.27237338,0.49394432,0.43099886,4.7240047,2.0284927,3.59727,1.8545187,0.13528652,0.9031278,27.991255,0.6152988,13.813504,1.031469,-3.9856856,-4.0683165,-9.746801,-1.684679,0.020419411,1.7315477,1.167913,0.78015405,9.175567,0.35893115,6.3790455,1.8774515,38.198334,0.27916098,737.5065,0.2333428,1394.0759,0.1559317,-77.45428,-1.1024208,1841.5724,0.13678157,1179.7412,0.22829217,-86.49544,-0.87593025,2984.9666,0.08385248,1085.2473,0.2953146,-93.04246,-0.75992465,-21.509176,-0.50135124,36.46343,0.23306707,0.06964359,0.25114647,-0.022665253,-0.76555926,0.18377331,0.6338326,36.082985,0.26723933,13.35747,1.0930873,-6.178236,-2.826272,-16.914665,-0.7756552,-11.791201,21.74014,0.037611883,0.012586713,0.036331818,4.360465,2.8265107,0.22931033,0.19192185,0.125,0.1497776,-28.41628,18,12,52,SPEAKER_01,390.466667,400.8,390.466667,400.8,1,10.333333000000039,10.333375,engaged
37.518543,0.11693114,35.464428,37.69195,39.714207,4.2497787,51.03784,19.670815,37.617313,24.370085,0.25762898,0.7759911,0.08169849,0.19904983,0.44395366,0.36225516,3.5541008,1.5728772,3.5367126,1.4591868,0.13501038,0.8644916,25.733084,0.65494376,16.823812,0.5564207,4.195972,3.2341704,-11.395684,-1.511963,0.018964345,1.1654979,1.1913356,0.89019215,10.306472,0.3838137,10.220824,0.9928443,36.232346,0.25421357,775.4844,0.2649339,1365.9109,0.15630785,-75.83561,-1.0499115,1878.8718,0.10991471,1166.7603,0.22195745,-87.11902,-0.7896294,2982.8896,0.06485797,970.3673,0.25419578,-90.70889,-0.73235464,-26.313313,-0.3245192,37.34221,0.24159172,0.06769154,0.39253423,-0.024690192,-0.5807262,0.18004788,0.62255764,31.480383,0.3046842,16.770042,0.53679734,3.9030538,3.7403553,-17.913923,-0.8704375,-15.819174,23.867044,0.055243235,0.001490865,0.04528606,4.477612,4.0816326,0.16125,0.10867814,0.07142857,0.059624676,-27.157957,18,12,53,SPEAKER_01,400.833333,409.333333,400.833333,404.47409375,2,2.020760750000079,2.02075,disengaged
43.10737,0.031254005,41.879715,43.215282,44.53285,2.6531334,18.338827,4.1999927,31.00407,0.0,0.43226564,0.58021206,0.114902735,0.588497,0.6467128,0.53181005,0.2941792,3.3047614,2.2131355,0.0,0.21176131,0.6924591,23.8328,0.34520236,1.5624776,3.8085258,-26.13627,-0.650758,-43.405525,-0.45147946,0.0106629925,0.52650297,1.0564805,0.76766974,10.842607,0.31393728,10.187313,0.41965842,43.268238,0.11561362,652.59973,0.2960951,1511.0607,0.16639666,-47.68372,-1.6804407,1681.963,0.17215453,1380.3524,0.311203,-40.565533,-1.289007,2922.5896,0.06990914,1345.2955,0.36339256,-56.88477,-0.7983122,-10.267481,-0.32588407,32.76384,0.15573147,0.076499835,0.20901205,-0.026091395,-0.3254971,0.277673,0.40432015,26.16248,0.12444765,-1.2582802,-2.5266316,-35.775795,-0.16455151,-52.476635,-0.16875686,-2.1159637,10.279285,0.027362179,0.03568053,0.00016639396,2.9411764,3.5714285,0.24,0.0,0.02,0.0,-27.360985,18,12,53,SPEAKER_00,400.833333,409.333333,407.12346875,407.47784375,1,0.35437500000000455,0.354375,disengaged
35.545925,0.09028455,33.364597,35.13533,36.919216,3.5546188,291.99405,243.69524,32.47249,40.430653,0.2160613,0.614146,0.0845774,0.21057448,0.36319077,0.2786134,2.8131328,2.0203073,2.760602,0.8082413,0.09310226,0.63927567,31.640957,0.2702024,13.596431,0.5068138,5.5711007,2.7206266,-17.622883,-0.85627764,0.022598835,1.3870673,1.4434569,0.7784638,8.11523,0.4164043,3.5845861,2.7525253,31.04445,0.38275677,718.2306,0.26308557,1303.2069,0.14696483,-56.96526,-1.3410527,1850.468,0.12811673,980.40894,0.28361183,-71.07128,-0.9241489,2928.1333,0.07996164,873.01404,0.5132547,-72.03359,-0.9053315,-22.333223,-0.23584197,31.777363,0.17510211,0.07613457,0.3022048,-0.030921273,-0.44661316,0.113568366,0.47833255,33.109238,0.22292636,12.474454,0.49968535,5.7114797,2.985926,-21.967997,-0.63354886,-20.601988,30.451727,0.056515813,-0.0052639074,0.04043856,5.555556,3.8834953,0.17999999,0.10677078,0.0475,0.017853571,-33.45869,18,12,53,SPEAKER_02,400.833333,409.333333,405.5540937500001,406.65096875,1,1.0968749999998977,1.096875,disengaged
40.06056,0.13253379,38.94498,40.92643,43.697815,4.7528343,459.08517,593.0306,63.265244,87.706955,0.21884322,0.78685445,0.043172516,0.17905416,0.3818553,0.3386828,3.0079768,1.0981779,1.64883,0.77357197,0.060524084,0.97981966,22.188906,0.686567,10.22878,1.0523452,-10.457716,-1.2666,-27.345163,-0.7045811,0.023490971,2.7509906,0.8840395,1.1584319,11.936154,0.40754703,16.45593,0.7859418,38.9745,0.20027103,779.4549,0.16997367,1307.4174,0.1668566,-87.165665,-1.0417819,1885.2062,0.1006491,1071.5793,0.24101721,-96.039734,-0.81719106,3022.8333,0.056071084,843.79297,0.38293007,-100.16489,-0.75053376,-23.981764,-0.3065921,35.33457,0.22944514,0.07499038,0.2805771,-0.031241642,-0.5168308,0.07699958,0.7981993,27.92955,0.28525355,8.659449,1.2174107,-14.49279,-0.909126,-36.31599,-0.4125341,-11.647785,20.353336,0.050357837,-0.0064110174,0.034609497,3.425775,2.4671054,0.23799999,0.17851983,0.1325,0.10268276,-32.7185,18,12,54,SPEAKER_00,409.366667,422.233333,411.29159375,419.18909375,5,6.14249999999987,6.1425,engaged
41.821796,0.17747563,37.274525,38.921703,41.917652,4.6431274,59.390675,54.123672,207.11552,0.0,0.31660658,0.519467,0.15378481,0.28168857,0.49791574,0.34413093,4.067195,1.5562376,2.7327788,1.2822715,0.17225318,0.8552131,16.265633,1.5129675,22.54257,0.6107468,8.296255,1.3447655,-7.1811066,-2.425848,0.01943181,0.9506348,0.9459881,0.82407504,9.81998,0.6135215,16.17338,1.0388651,27.167967,0.851128,773.2358,0.25347942,1246.9381,0.24265702,-78.34753,-0.9421853,1911.5411,0.07604114,1045.0693,0.31787786,-73.49175,-0.8622373,2987.0813,0.07201478,1103.3129,0.21961553,-73.64837,-0.8752482,-20.215315,-0.9794712,25.904787,0.85854816,0.06407451,0.37588027,-0.018527115,-0.99243927,0.20321436,0.7686329,18.010931,1.3647754,19.57588,0.628682,11.063138,0.94491756,-12.344871,-1.115486,-10.197419,16.136965,0.046944253,0.00066784426,0.07015458,4.7619047,3.846154,0.19333334,0.1673984,0.046666663,0.012472191,-24.007122,18,12,54,SPEAKER_01,409.366667,422.233333,421.38284375,422.233333,1,0.8504892500000096,0.8505,engaged
34.7371,0.096457325,33.749657,34.35528,38.060677,4.31102,118.302345,78.43325,167.35573,199.78267,0.30511388,0.76204395,0.07811348,0.2852135,0.44169113,0.36357766,6.388722,2.6606758,4.438218,2.2182202,0.1570215,0.8923471,31.81529,0.42146575,16.538408,0.66840106,-1.2459146,-11.354892,-10.805871,-1.3547535,0.018988892,1.1025578,1.1457125,0.63622785,8.691247,0.40431613,9.362687,1.0837435,42.83989,0.18285115,725.9582,0.25807998,1478.6104,0.15782674,-85.82816,-1.0080507,1826.1102,0.12443532,1268.0844,0.21863195,-94.36372,-0.80962324,2958.571,0.068984,1069.8568,0.21712625,-98.888245,-0.7352148,-25.976524,-0.31832787,40.77318,0.13426387,0.07001303,0.22577894,-0.026053999,-0.52509403,0.20670393,0.6995068,37.626972,0.12923813,16.982018,0.6108001,-2.488293,-6.1226234,-17.330002,-0.69715255,-17.778362,28.615854,0.04656831,0.00062969327,0.08534296,3.4285715,3.529412,0.17,0.090369605,0.11,0.086023256,-27.58911,18,12,55,SPEAKER_01,422.266667,424.2,422.266667,424.2,2,1.7645829999999023,1.764625,disengaged
36.041786,0.057493113,34.45979,35.6442,37.603905,3.1441154,142.90088,272.76038,-0.14017169,13.178004,0.319522,0.6296643,0.12444402,0.29837176,0.49699104,0.37254703,6.0471945,2.6653905,3.3669248,1.4526002,0.13284583,0.8994419,27.932278,0.6099208,13.169026,1.174201,0.38546428,46.35264,-14.991698,-1.0924801,0.016700257,1.1706291,1.1215931,0.7467674,9.467507,0.32315716,11.725511,0.7442396,37.90142,0.2980896,735.8748,0.21821353,1369.1447,0.18035175,-58.765747,-1.3485899,1873.21,0.09688493,1147.661,0.29911324,-70.29248,-0.9339494,2983.6768,0.06730248,1025.3767,0.21341784,-74.01171,-0.85594356,-20.938957,-0.524855,32.83027,0.376613,0.07856041,0.22827762,-0.022588518,-0.7152405,0.15819876,0.76374954,33.4075,0.3050752,13.23188,1.1619554,0.3254872,53.746048,-18.129477,-0.81301874,-4.218142,11.97358,0.050571032,0.005651919,0.045346297,4.469274,2.3121388,0.325,0.2651886,0.085,0.035707142,-29.152117,18,12,56,SPEAKER_01,424.233333,426.766667,424.233333,426.766667,2,1.8077089999999316,1.8076875,engaged
36.583496,0.12875995,34.637623,35.926003,37.780437,3.1428146,358.13724,342.43613,24.439505,18.110302,0.31375906,0.77513194,0.08586254,0.2442458,0.5436554,0.45779285,6.1548038,1.8428143,3.1148508,1.9183122,0.1447696,0.8933665,24.165798,0.9070662,14.721408,0.9567906,-5.4720163,-2.8671343,-11.22545,-1.2944775,0.02237164,1.5975636,1.3177394,0.8363247,8.953349,0.43522146,8.537491,1.1929163,37.572437,0.28449413,727.88275,0.27059743,1462.6089,0.15457053,-78.174805,-1.1052502,1806.0121,0.14088097,1213.0897,0.19644766,-83.19323,-0.91361827,2968.2695,0.08085652,1082.7795,0.26138875,-89.457695,-0.78913325,-19.682262,-0.6420023,34.471615,0.3858824,0.07628206,0.2400715,-0.020349879,-0.7944768,0.19513828,0.6314068,32.310562,0.49752554,13.530275,1.0657563,-7.534752,-2.283227,-16.673746,-0.80816156,-8.530846,17.058197,0.050298396,0.005356102,0.041601412,3.9473684,3.2085562,0.20416665,0.17923254,0.105,0.12142898,-28.420544,18,12,57,SPEAKER_01,426.8,431.766667,426.8,431.766667,3,3.8191670000001636,3.819125,disengaged
37.447105,0.026354892,36.9324,37.17501,38.459915,1.5275154,141.0661,56.140007,18.694872,18.54389,0.34853992,0.6118895,0.10644734,0.37183583,0.5014559,0.39500856,7.131885,2.052694,4.8696394,1.0965827,0.2115637,0.7630497,35.898487,0.20117545,13.309849,0.8239684,-4.5928864,-2.574811,-21.004461,-0.7679983,0.015913138,0.86095256,1.3518884,0.5458218,9.72773,0.23605208,15.7486515,0.51185507,40.69224,0.18051328,632.31024,0.2583983,1393.1866,0.084817775,-56.622623,-1.1375357,1765.219,0.15057385,1144.4014,0.15836565,-61.11747,-0.88552177,2892.445,0.07588452,1011.08655,0.1888391,-68.83527,-0.7194445,-24.752504,-0.25918636,37.876408,0.2297609,0.08177939,0.20665205,-0.0278996,-0.5952393,0.22299728,0.7593835,37.332558,0.18959472,14.890966,0.65509564,-2.0669773,-3.9658198,-25.346031,-0.5758372,-23.464048,36.456596,0.06407178,-0.0049765967,0.13602032,6.1224494,6.9767447,0.11,0.12027746,0.04,0.0,-26.922382,18,12,58,SPEAKER_01,431.8,432.366667,431.8,432.30096875,1,0.50096874999997,0.5009375,engaged
36.81079,0.058414344,34.610558,37.293514,39.099422,4.488865,22.671312,6.5501328,22.788965,11.499698,0.21385422,0.9059413,0.040367804,0.15887396,0.38628855,0.34592074,4.1241713,2.9696739,3.0560436,1.6726218,0.10576895,1.1573168,18.341936,1.1791929,16.920988,0.6875255,4.975404,1.9801376,-7.0793047,-2.0224319,0.019227494,1.1429228,1.1537868,0.9681441,10.968445,0.2851158,17.52965,0.41352573,41.013184,0.18450668,793.6082,0.19309656,1398.3799,0.15693834,-101.6617,-0.84731036,1935.7808,0.10786331,1243.4963,0.19272263,-112.214836,-0.6584335,3024.5823,0.08074159,1028.4391,0.20336954,-113.78677,-0.6368226,-27.910429,-0.3363275,39.542736,0.23902234,0.067775406,0.29968542,-0.021195473,-0.81015974,0.17407544,0.7106399,33.55462,0.3053813,20.11895,0.506993,4.4969616,2.261876,-15.793402,-0.709936,-5.4605627,13.6360855,0.029046979,0.0145348,0.025996745,2.9629629,2.3076923,0.23666665,0.07133645,0.13,0.15049917,-26.73902,18,12,59,SPEAKER_01,432.4,434.8,433.4315937500001,434.8,1,1.3684062499999072,1.3684375,disengaged
0.0,0.0,0.0,0.0,0.0,0.0,0.0,0.0,0.0,0.0,0.013615675,1.837322,0.006107233,0.0066454858,0.008365935,0.0022587017,1.0702933,1.180761,1.1047683,0.90245897,0.00329875,3.820522,-0.29973087,-25.837637,8.70858,0.6216907,3.3288546,1.5457693,3.6732073,1.5328691,0.0,0.0,0.0,0.0,0.0,0.0,0.0,0.0,0.0,0.0,0.0,0.0,0.0,0.0,-201.0,0.0,0.0,0.0,0.0,0.0,-201.0,0.0,0.0,0.0,0.0,0.0,-201.0,0.0,0.0,0.0,0.0,0.0,0.0,0.0,0.0,0.0,0.0,0.0,0.0,0.0,0.0,0.0,0.0,0.0,0.0,0.0,-5.5092564,14.13123,0.019871911,0.03133944,0.0034184495,1.1976048,0.0,0.0,0.0,1.61,0.0,-58.682842,18,12,60,SPEAKER_01,434.833333,438.466667,434.833333,436.51971875,1,1.6863857499999995,1.686375,engaged
44.22171,0.02688568,43.25916,43.57189,45.450222,2.191063,99.764,0.0,-117.824936,0.0,0.014965654,2.0634649,0.005544287,0.006132249,0.007538384,0.0019940967,1.711288,1.9101095,2.3808684,2.0494378,0.0040570693,3.2286894,-3.0007222,-1.3269441,6.1310673,1.4106586,3.847744,1.3225386,5.0123973,0.87829274,0.2526131,0.0,2.1828895,0.0,-6.138003,-0.31549376,35.8477,1.3567181,-3.6507666,-0.31802827,659.6253,0.18580902,1094.2098,0.09601793,-192.17711,-0.17362422,1510.9261,0.12921111,1119.779,0.055856675,-186.98012,-0.23461412,2514.1873,0.08821222,1061.293,0.17570208,-187.71152,-0.22159201,0.32815933,6.542993,11.606918,0.22489098,0.022238223,0.5979356,0.03933768,0.16596495,0.0033583983,1.2965939,-1.5297765,-1.1352638,-1.1702131,-5.15968,-2.4041333,-1.2058184,5.3384995,0.8096107,-3.5850365,13.531218,0.016172208,0.039097864,0.0045057223,2.0618558,2.1739132,0.02,0.0,0.27666664,0.19737162,-60.660152,18,12,60,SPEAKER_00,434.833333,438.466667,436.51971875,438.466667,2,0.9850732499998571,0.9850625,engaged
0.0,0.0,0.0,0.0,0.0,0.0,0.0,0.0,0.0,0.0,0.0046072644,0.128773,0.0040884893,0.0046258643,0.005158869,0.0010703797,0.029827468,0.0,0.034826484,0.0,7.653052e-05,0.25029638,-5.803841,-0.25170398,6.503291,0.31006455,4.786459,0.6638413,1.0710588,4.3539753,0.0,0.0,0.0,0.0,0.0,0.0,0.0,0.0,0.0,0.0,0.0,0.0,0.0,0.0,-201.0,0.0,0.0,0.0,0.0,0.0,-201.0,0.0,0.0,0.0,0.0,0.0,-201.0,0.0,0.0,0.0,0.0,0.0,0.0,0.0,0.0,0.0,0.0,0.0,0.0,0.0,0.0,0.0,0.0,0.0,0.0,0.0,1.6773396,4.2904086,0.031526286,0.042533584,7.824709e-05,0.0,0.0,0.0,0.0,0.049999997,0.0,-99.30032,18,12,61,SPEAKER_00,438.5,439.9,438.5,439.03409375,2,0.12909374999998136,0.1290625,disengaged
40.35144,0.16515426,35.85305,40.280552,44.419113,8.566063,144.52246,114.68445,113.1786,111.8621,0.16173679,1.1640273,0.0070711146,0.088172376,0.30676734,0.29969624,2.5652795,1.5835243,1.7147169,1.0741818,0.054127164,1.5778091,10.318751,2.0296385,11.719201,0.8946296,-1.060399,-12.929656,-12.871819,-1.750282,0.029661393,1.892547,0.9261716,1.0176773,11.043882,0.49161467,13.411757,0.80370647,36.272278,0.29869506,824.29126,0.1788704,1291.1532,0.18920746,-131.97249,-0.6656801,1903.5962,0.0922941,1134.1753,0.23786311,-134.974,-0.58310443,3003.7197,0.060377415,907.8943,0.3038345,-136.29588,-0.56164235,-22.045599,-0.62396,34.820316,0.38214004,0.069649614,0.35981467,-0.022362193,-0.93253237,0.106416956,1.0078448,26.357004,0.60621613,13.995107,0.834948,-6.9903717,-2.3571277,-29.158226,-0.6969245,-4.1688967,12.942341,0.034514897,0.019332986,0.019328592,2.1905804,1.6519824,0.234,0.28373227,0.35,0.2785917,-31.815493,18,12,62,SPEAKER_00,439.933333,461.033333,439.96221875,458.49096875,10,9.146250000000009,9.14625,engaged
39.45343,0.13065311,35.987713,39.621853,43.020496,7.0327835,169.72392,190.74283,190.209,86.16301,0.26402497,1.0310589,0.013466026,0.119151235,0.54370356,0.53023756,2.1356366,1.5711391,2.224527,1.2226423,0.09572596,1.095811,14.962105,1.1200233,9.654041,1.0399815,-11.008639,-1.3743873,-28.001238,-0.93219924,0.012072562,1.1054175,0.9184202,1.2515173,10.300809,0.45128363,8.36088,1.1568785,39.144108,0.23574054,785.95325,0.1746419,1338.3308,0.1996193,-123.12212,-0.76841885,1900.2365,0.12798536,1220.6064,0.2711129,-125.72815,-0.65238,2938.8833,0.05604577,795.5213,0.26938257,-126.49995,-0.6400191,-19.423859,-0.45299324,31.67911,0.31802705,0.08515023,0.2583659,-0.043910176,-0.44034722,0.16717623,0.46118894,25.832346,0.45121083,10.478492,1.1250342,-16.71331,-1.0287914,-50.70307,-0.2946065,-7.5734963,17.252773,0.051400952,0.0014910909,0.04321935,1.8656718,1.9011408,0.218,0.2130164,0.23833333,0.18050085,-28.87935,18,12,62,SPEAKER_01,439.933333,461.033333,456.26346875,461.033333,3,2.6942392500000096,2.69425,engaged
35.580948,0.10226559,34.30851,36.109035,38.050697,3.7421875,138.53088,80.317535,23.301718,18.124342,0.14971077,0.8174327,0.028223494,0.119081706,0.2529831,0.2247596,4.1815844,2.5533621,2.5881836,1.0411862,0.06253896,1.1307936,17.282486,1.0341899,21.524282,0.65326315,-0.76810145,-13.114374,-1.8313618,-6.6706004,0.03057978,1.3240545,1.5801449,0.8015283,8.427803,0.40466598,12.440704,0.8693964,37.78019,0.36339813,768.132,0.26498443,1363.8837,0.17287567,-97.91012,-0.893211,1906.4221,0.106248185,1121.8365,0.23637626,-102.88697,-0.7428063,2989.282,0.08341183,1057.0765,0.1677218,-105.40117,-0.70534295,-23.179516,-0.4402649,32.996635,0.37282744,0.06326141,0.4092181,-0.01563716,-1.089584,0.09304291,0.81505996,26.354998,0.4960195,22.827557,0.5945908,-0.018203894,-582.44836,-6.1291575,-1.9182249,-9.085996,16.560278,0.0425211,0.010986416,0.0199763,4.3243246,2.777778,0.206,0.12939861,0.11,0.08869423,-35.104992,18,12,63,SPEAKER_01,461.066667,462.933333,461.066667,462.933333,1,1.8666660000000093,1.8666875,disengaged
38.50921,0.022256248,38.165997,38.468082,38.665024,0.49902725,17.33725,0.0,100.14747,73.40456,0.3691965,0.68497324,0.045013282,0.43805584,0.63342524,0.5884119,4.866889,1.3113788,-0.98064363,2.2011867,0.1335244,0.7709492,27.484602,0.34005064,10.885067,1.2415873,1.5478,12.717422,-16.033493,-0.6917138,0.011311718,0.9737168,0.92639387,0.87671745,12.077563,0.27870578,7.029394,0.9884704,30.812222,0.19319159,782.01855,0.30136886,1441.8097,0.10017883,-100.19068,-0.8077875,1859.6884,0.15782869,1110.0703,0.13030663,-94.13723,-0.797995,2954.4521,0.10022613,1125.9209,0.25024602,-98.41564,-0.72894174,-22.30046,-0.5693416,36.389366,0.22126867,0.07615151,0.17286044,-0.024434859,-0.500381,0.19501154,0.45507896,32.555096,0.09825268,9.369634,1.453089,-0.40894607,-49.356014,-18.02204,-0.52177685,-8.901352,21.405098,0.0445744,0.016746875,0.016648507,4.0816326,2.3255816,0.25,0.0,0.14,0.0,-24.595896,18,12,64,SPEAKER_01,462.966667,464.8,462.966667,464.8,2,0.5002080000000433,0.50025,engaged
36.127335,0.06995163,35.169792,36.164394,38.272045,3.102253,179.904,182.01268,14.910191,14.060374,0.28143722,0.8215084,0.028198674,0.26432812,0.47690558,0.44870692,5.0177507,3.5223489,3.0184767,1.9010035,0.11518643,0.95343626,21.946108,0.8317266,9.237478,1.5362959,-5.5412984,-2.8278096,-10.298368,-1.5143499,0.026957354,2.192921,1.1621233,0.764335,9.307267,0.3955907,6.642389,1.5325598,34.80985,0.35820198,744.57635,0.24545133,1455.1227,0.16597125,-104.72083,-0.8819227,1818.0189,0.14338447,1218.9591,0.21171649,-106.18447,-0.7849602,2928.1536,0.080089204,1097.4241,0.38213077,-110.85361,-0.7112771,-18.923084,-0.6049589,35.10384,0.28239435,0.07800156,0.168808,-0.019024178,-0.84499955,0.18104954,0.5571321,33.489998,0.2551735,11.264513,1.4174412,-7.974122,-2.2533283,-19.472424,-0.68249375,-5.9839225,16.324318,0.047623493,0.01941343,0.036476083,3.5,2.030457,0.26125,0.21485096,0.21124999,0.2554622,-29.048653,18,12,65,SPEAKER_01,464.833333,468.966667,464.833333,468.966667,2,4.015209000000027,4.0151875,disengaged
37.451996,0.041661832,36.044865,37.166145,38.81018,2.765316,42.245075,17.444447,2.9416313,18.815636,0.3377776,0.6431211,0.13217351,0.31375158,0.51923686,0.38706335,4.9636683,3.1528645,3.8178802,1.7037064,0.15663189,0.82435906,28.05329,0.6384208,11.236754,1.1927447,-10.757501,-1.5710481,-7.52229,-1.773582,0.017140504,0.69760317,1.0650557,0.70258385,9.55884,0.35583887,6.1949706,1.3892137,37.26461,0.22106147,795.69116,0.24468829,1402.6152,0.13437906,-58.666065,-1.2191737,1847.5126,0.13536045,1308.5349,0.2596134,-66.69576,-0.92439616,2997.3594,0.067845546,1063.9137,0.20666985,-76.275,-0.73953545,-20.492304,-0.582071,38.95758,0.23435599,0.06654506,0.24937935,-0.014036986,-1.1448035,0.19530144,0.6447165,35.030857,0.27504367,12.563618,1.0383193,-8.004204,-2.2216136,-11.964922,-0.96265256,-4.6244736,20.475796,0.061363336,0.010968205,0.04401001,6.25,2.8037386,0.28,0.28083208,0.056666665,0.020548047,-28.234978,18,12,66,SPEAKER_01,469.0,470.133333,469.0,470.133333,1,1.1333329999999933,1.1333125,engaged
34.902756,0.02091471,34.263206,34.78875,35.684334,1.4211273,77.857376,68.587074,10.623309,10.366063,0.29459256,0.77159184,0.10252952,0.22257335,0.44894975,0.34642023,6.906629,3.5079076,4.3898883,2.318301,0.13295923,0.883621,24.84779,0.93178797,14.952239,0.8403334,-1.7920971,-9.171022,-10.81011,-1.4604154,0.016922249,0.85960674,1.3183248,0.6311913,8.472755,0.29851684,8.03641,1.3205304,40.029564,0.23180161,743.5691,0.27379242,1389.9443,0.12707834,-71.1989,-1.2363123,1865.1749,0.114683,1270.4336,0.24734564,-84.29135,-0.88266695,2976.9143,0.0674804,1105.6898,0.28236142,-89.305405,-0.794297,-22.451614,-0.52442557,37.61241,0.18845038,0.07591247,0.24358596,-0.01947444,-0.8901686,0.16921474,0.7032239,35.42157,0.20441265,16.426477,0.8724949,-2.313817,-7.5151205,-14.144454,-1.018255,-5.26952,13.577885,0.057817742,0.0010601286,0.050566502,4.0,3.3613448,0.195,0.094472215,0.10666667,0.08178563,-29.998938,18,12,67,SPEAKER_01,470.166667,471.433333,470.166667,471.433333,1,1.2666659999999865,1.2666875,disengaged
35.856903,0.029773794,34.740215,36.08302,36.828815,2.0886002,10.966209,5.9909396,-0.9502366,9.355193,0.45795816,0.41671643,0.25008723,0.45762113,0.6556982,0.40561095,4.675359,1.1835235,2.3854804,1.4744916,0.16744617,0.5233977,34.7446,0.42371923,5.783436,2.003245,-20.682655,-0.64851916,-19.418488,-0.8504305,0.009445903,0.69732755,0.81561196,0.48597404,10.104325,0.27167812,4.473821,1.9484383,40.533695,0.2245182,736.0161,0.26252803,1429.0189,0.13827424,-22.30366,-2.5846736,1789.8252,0.16868658,1266.8582,0.17137156,-40.370388,-1.1845387,2989.5444,0.0901105,1163.7366,0.29302964,-53.64094,-0.8106347,-15.771837,-0.5724152,39.023743,0.15117529,0.080167346,0.20952879,-0.01788135,-1.087869,0.18058749,0.44858748,39.244293,0.16545591,7.637766,1.3949229,-19.889545,-0.67843306,-22.499077,-0.67799795,3.939856,4.6768856,0.07507217,0.013959638,0.02027256,5.714286,1.0101011,0.9,0.0,0.07,0.0,-27.326712,18,12,68,SPEAKER_01,471.466667,472.533333,471.466667,472.533333,1,1.0666660000000547,1.0666875,engaged
35.424442,0.083118625,34.233448,35.381813,37.07618,2.8427315,154.1938,212.03587,28.88133,19.821083,0.28972518,0.92227507,0.04336435,0.22200745,0.55129254,0.5079282,6.226757,4.7481194,3.4092584,1.2917179,0.1444991,1.1068902,24.339867,0.75330496,10.99878,1.2404604,-10.018996,-1.4333597,-10.348164,-1.4943111,0.031112658,1.3267817,1.580099,0.67083174,7.393761,0.5577843,6.595433,1.4817206,35.19053,0.28128982,801.9158,0.20361207,1434.1681,0.16425818,-93.14807,-0.9692904,1827.4131,0.13370445,1214.0242,0.16931261,-98.57277,-0.81883645,2959.842,0.077202976,1089.113,0.28736338,-103.8924,-0.7320966,-18.781528,-0.59579444,34.72243,0.28114185,0.07082988,0.2881785,-0.019707857,-0.94089633,0.22087772,0.7575354,34.026848,0.31126046,11.771964,1.1726958,-11.277868,-1.3836175,-16.77004,-0.8549192,-6.9460654,17.555136,0.042299204,0.013885057,0.028465377,3.3755276,3.030303,0.18714285,0.13381375,0.12285714,0.090192534,-26.85146,18,12,69,SPEAKER_01,472.566667,476.5,472.566667,476.5,2,2.3808329999999955,2.380875,disengaged
36.1832,0.11077925,34.418785,35.858234,38.101303,3.682518,187.05344,221.61674,33.16759,25.243675,0.2974613,0.72941923,0.095147036,0.26186544,0.4807856,0.38563856,4.548456,2.272567,3.9161766,1.9670529,0.14638233,0.9033999,26.368958,0.756187,15.949596,0.94913125,-3.685395,-4.09977,-13.713537,-1.249016,0.023295566,2.1985354,1.2301956,0.8306959,9.162026,0.43807608,9.466195,1.2193841,38.47726,0.3249803,755.707,0.24630408,1373.9742,0.19754745,-85.896736,-1.0163211,1873.1453,0.12942918,1168.4401,0.20594282,-94.42999,-0.8067731,3002.4336,0.077654205,1041.6129,0.31810462,-98.025314,-0.7455918,-22.955633,-0.52545637,36.50895,0.31959215,0.075183176,0.2453212,-0.026082981,-0.59754205,0.20188785,0.6326625,34.460716,0.3873601,16.634956,0.8617336,-3.1130557,-5.319331,-20.920616,-0.6646003,-10.17906,19.886387,0.04970216,0.005039443,0.047472745,3.927813,2.7748132,0.22153847,0.16480039,0.13863635,0.12436367,-26.872684,18,12,70,SPEAKER_01,476.533333,492.666667,476.533333,492.666667,7,9.433959000000243,9.4339375,engaged
0.0,0.0,0.0,0.0,0.0,0.0,0.0,0.0,0.0,0.0,0.015440696,1.4279569,0.0051304875,0.005503184,0.01290945,0.007778962,-0.0011129848,0.0,1.0927851,0.0,0.0018753177,1.353083,-1.9519839,-5.329684,9.91926,0.5987348,13.3892975,0.5273881,-0.29851434,-37.381798,0.0,0.0,0.0,0.0,0.0,0.0,0.0,0.0,0.0,0.0,0.0,0.0,0.0,0.0,-201.0,0.0,0.0,0.0,0.0,0.0,-201.0,0.0,0.0,0.0,0.0,0.0,-201.0,0.0,0.0,0.0,0.0,0.0,0.0,0.0,0.0,0.0,0.0,0.0,0.0,0.0,0.0,0.0,0.0,0.0,0.0,0.0,-2.278363,9.867933,0.006681908,0.030750526,0.0027907244,0.0,0.0,0.0,0.0,0.08,0.0,-68.2594,18,12,70,SPEAKER_00,476.533333,492.666667,479.8715937500001,480.02346875,1,0.1518749999999045,0.151875,engaged
38.63978,0.0931685,34.52863,39.64009,40.772713,6.2440834,73.20126,38.23392,51.58972,36.82898,0.052815814,1.3870978,0.0062246993,0.01273642,0.0898651,0.083640404,1.4431396,1.5030415,1.5519433,0.8574092,0.02022035,1.7394229,15.240936,0.9424138,9.978812,1.0327479,-0.23739776,-47.94079,-5.96335,-2.966108,0.022371357,0.8604313,1.8640243,0.813482,8.637356,0.5266686,14.794624,0.7136419,40.14607,0.16514562,731.9758,0.20890538,1331.1642,0.12444846,-149.38704,-0.53279734,1884.7532,0.0972899,1173.2493,0.1567764,-145.4326,-0.51634204,2925.598,0.071764514,945.68286,0.25117758,-146.51703,-0.50216675,-25.072115,-0.3711587,36.240578,0.17332655,0.06556681,0.24147059,-0.027576022,-0.68804294,0.054131426,0.76589954,32.41631,0.22201893,15.534133,0.76958144,-1.090292,-12.427757,-25.63812,-0.61550885,-9.252893,22.39221,0.017669844,0.028725665,0.004495547,2.4390244,2.542373,0.12,0.061644137,0.25,0.12027746,-43.342854,18,12,70,SPEAKER_02,476.533333,492.666667,480.02346875,481.33971875,2,1.2487499999999159,1.24875,engaged
36.22995,0.12993059,35.465668,36.861862,38.106293,2.640625,98.93883,72.98341,84.56855,79.60865,0.30545706,0.7425773,0.097141586,0.24868208,0.5084656,0.411324,5.308769,2.8070602,3.5620997,1.3399912,0.16500917,0.8124451,29.764257,0.55847734,12.638194,0.99341655,-2.868246,-5.802586,-13.941474,-1.0665004,0.03519128,1.6811427,1.4865003,0.7562769,8.675134,0.44266745,7.5562234,1.687905,35.92895,0.28171003,748.7935,0.26959968,1402.5126,0.17824832,-76.273125,-1.0603056,1827.6836,0.15453188,1247.9414,0.2655435,-84.883286,-0.8346522,2929.1008,0.10041657,1080.7262,0.23092829,-90.79279,-0.73053676,-21.6294,-0.5160412,36.72251,0.29878572,0.06838899,0.2694045,-0.022013757,-0.68205184,0.20576687,0.62321943,34.476307,0.32148024,12.746386,1.0545294,-4.676099,-3.8427427,-18.427286,-0.7309384,-13.0976515,24.032902,0.05150852,-0.0043296535,0.07700331,4.2944784,4.3613706,0.14785714,0.09733437,0.06230769,0.04079099,-27.469803,18,12,71,SPEAKER_01,492.7,496.466667,492.7,496.466667,2,3.2772919999999317,3.27725,disengaged
36.41504,0.09346763,34.956726,36.14023,38.172344,3.2156181,103.47035,78.70309,48.69147,68.32131,0.3001348,0.68443805,0.10130358,0.2831828,0.4809456,0.379642,4.7088184,2.5983496,3.1794496,1.7956976,0.13289255,0.90949625,25.5465,0.7686636,17.346773,0.75536114,-1.065521,-14.803812,-11.726171,-1.5130702,0.021037387,1.8540658,1.1022167,0.9533829,9.995452,0.382057,9.374876,1.3432875,36.49752,0.31099132,744.99725,0.24543673,1401.939,0.1650214,-77.469315,-1.0961264,1866.0669,0.14099948,1197.3584,0.24878229,-86.96728,-0.84941965,2969.2012,0.08835854,1068.707,0.29310617,-90.453995,-0.7843479,-22.804934,-0.5006751,36.242943,0.289702,0.06978821,0.27653113,-0.021937868,-0.78279823,0.17059432,0.6932161,34.071243,0.347795,16.182447,0.8345981,-1.3885752,-12.088029,-18.57685,-0.81278896,-9.719478,17.80551,0.04129205,0.008693544,0.04889567,3.5994766,2.4294157,0.27297297,0.23489922,0.12764706,0.11936249,-27.221766,18,12,72,SPEAKER_01,496.5,520.533333,496.5,520.2365937500001,8,15.299093750000054,15.2990625,engaged
38.927147,0.1774977,34.34673,39.139965,39.82014,5.4734116,286.76498,96.91262,77.53309,59.758522,0.04905006,1.2019367,0.0064140093,0.019829676,0.087036304,0.08062229,1.635104,0.68905807,1.319793,0.8334788,0.016121004,1.4959995,9.348028,1.7851429,11.245249,0.9030135,7.786642,1.7393976,-2.8122077,-3.8565161,0.028359896,0.68606156,2.1819704,0.5998518,8.123169,0.431799,14.357724,0.903465,30.901371,0.59040344,751.86804,0.19381888,1315.1508,0.27382568,-168.03358,-0.37454832,1857.7972,0.07276363,991.0197,0.21618074,-163.70712,-0.3866527,2953.8918,0.065744095,1045.5963,0.34384882,-163.42116,-0.38664404,-17.405466,-0.87267727,27.613474,0.6444365,0.065663464,0.35896885,-0.0153419785,-1.2794119,0.048030946,0.67240864,23.804098,0.75118816,11.53891,1.097733,6.296209,3.1120198,-12.82638,-0.547247,-8.570686,17.287153,0.034179274,0.019350044,0.007359615,3.6697247,2.347418,0.081999995,0.03487119,0.22571428,0.22915106,-47.418617,18,12,72,SPEAKER_00,496.5,520.533333,499.44659375,501.99471875000006,2,2.1937500000000796,2.19375,engaged
35.421734,0.0775171,34.582447,35.381092,36.376682,1.7942352,58.174675,0.0,9.882624,12.072212,0.22197264,0.88459325,0.02525854,0.15253067,0.44128138,0.41602284,3.7563019,2.7581098,1.6019137,1.7312539,0.09429598,1.1945517,23.90815,0.8273974,19.747261,0.5339103,4.8011174,2.468419,-6.81265,-2.2577074,0.021304075,1.632625,1.0945139,0.8684761,9.865103,0.34191853,12.929108,0.6575981,42.621105,0.16304623,673.716,0.2484687,1450.6417,0.10324337,-98.632706,-0.902843,1819.9895,0.13516018,1225.3192,0.19013011,-106.87837,-0.7140392,2954.7998,0.092221,1209.487,0.29939133,-110.26626,-0.66321,-24.556566,-0.37444997,37.49959,0.25696734,0.06773772,0.30951858,-0.02005548,-0.8668717,0.13019058,0.9019324,34.809498,0.36004457,20.603086,0.4767182,3.5417519,3.8631673,-13.241763,-1.0955739,-12.739874,21.722012,0.032627746,0.012766679,0.033480134,3.5928144,3.726708,0.145,0.094824396,0.126,0.112356566,-29.632282,18,12,73,SPEAKER_01,520.566667,522.433333,520.566667,522.433333,2,1.6810409999998228,1.6810625,disengaged
36.47291,0.0814394,34.83019,36.72373,38.564823,3.7346344,284.09726,496.89905,36.301586,33.72734,0.2601493,0.874271,0.049404606,0.21437068,0.45008433,0.4006797,5.3698792,3.493849,3.7796662,2.0091624,0.12943344,0.9761699,25.350325,0.66694117,13.720902,0.85395074,-1.740042,-8.469297,-11.611438,-1.5433263,0.026745284,1.6364784,1.2963765,0.8119316,9.071262,0.37899324,6.648703,1.8625413,34.54918,0.31986344,793.283,0.21329807,1366.2297,0.17189664,-88.14999,-0.99620545,1864.4215,0.12661205,1170.3751,0.26658368,-95.166534,-0.81532776,2966.5999,0.07462623,1005.0527,0.30010697,-99.375946,-0.7469571,-21.111513,-0.46266544,35.26276,0.2919939,0.064407334,0.3043675,-0.022629315,-0.71911603,0.18154366,0.6784357,32.99017,0.30581284,12.78146,0.9913556,-4.0497923,-4.0593615,-19.504477,-0.8527719,-12.496893,22.028965,0.04147849,0.010923027,0.046367932,3.8142622,2.6845636,0.225625,0.12698272,0.145,0.1770694,-28.687702,18,12,74,SPEAKER_01,522.466667,541.3,522.466667,541.3,4,6.0420830000001615,6.042125,engaged
40.89677,0.092956014,39.525066,40.452274,44.038734,4.513668,27.508926,0.0,-77.54501,68.58465,0.17782971,0.8777581,0.0066619907,0.18976636,0.33015525,0.32349327,3.9973404,2.1527805,1.830557,2.1529346,0.06522341,0.90700644,18.064148,0.857909,8.27269,0.8342757,-10.560075,-1.3807106,-15.412737,-0.7386529,0.023749687,0.79531354,1.2304469,0.7114422,8.523198,0.3677253,12.881807,0.7414122,36.014706,0.16784647,690.0889,0.28497118,1359.3646,0.16270293,-125.87825,-0.69737726,1660.3002,0.14759737,1135.4927,0.27309716,-109.1365,-0.7475975,2860.1548,0.07709174,919.393,0.23307602,-117.11016,-0.63193357,-15.53939,-0.45126656,32.76715,0.2006499,0.0636134,0.27186853,-0.011940443,-1.2447423,0.09832661,0.47666487,26.47859,0.31014392,6.41984,0.6368955,-19.053537,-0.689788,-22.386269,-0.38773206,-6.707017,16.43902,0.040036492,0.019840088,0.023022985,4.854369,4.2105265,0.114999995,0.099373035,0.13333333,0.062360957,-35.6254,18,12,74,SPEAKER_00,522.466667,541.3,527.2734687500001,532.4540937500001,3,1.0462499999998727,1.04625,engaged
36.02791,0.06754469,34.551323,35.667942,37.19492,2.6435966,142.46825,146.94609,23.279669,20.985233,0.27470356,0.7042492,0.090073995,0.25563666,0.44165197,0.35157797,4.344976,2.2141957,3.2507138,1.7944902,0.1186242,0.8192056,24.586267,0.80996585,12.757878,1.1194364,-4.5199127,-3.6790698,-8.773675,-1.743081,0.0273641,1.7622321,1.4301561,0.7715792,8.508113,0.4205484,11.578304,0.82094705,37.878853,0.25793287,747.8613,0.24510628,1410.3683,0.17675875,-77.7898,-1.1049224,1827.5405,0.13233696,1199.5149,0.26375544,-84.83564,-0.8988428,2935.1235,0.080199,1060.173,0.29846466,-90.66446,-0.7918407,-19.211805,-0.6055631,34.163467,0.3077708,0.06900075,0.25312176,-0.018214492,-0.88570166,0.15004475,0.6128757,32.961594,0.39043584,11.782517,1.2812202,-4.9516196,-3.648085,-14.600265,-0.9283104,-6.8781595,16.379112,0.043053176,0.011884423,0.052889135,5.148206,2.8346457,0.22999999,0.20215505,0.16363636,0.1441762,-30.21935,18,12,75,SPEAKER_01,541.333333,548.1,541.333333,548.1,3,6.429166999999893,6.4291875,disengaged
35.385918,0.023857374,34.872135,35.370884,35.822342,0.95020676,64.343956,109.34123,16.728638,13.603599,0.31211394,0.5685355,0.13456969,0.33797586,0.43652266,0.30195296,4.664434,1.928321,2.7099462,1.729169,0.13677661,0.6894091,30.719591,0.42974466,13.209732,1.0553048,-4.778988,-3.7863433,-8.942569,-0.9207755,0.022219537,0.88466144,1.5722009,0.7290135,8.077668,0.43699694,11.919621,0.8558089,38.25436,0.266865,682.3034,0.25528815,1441.454,0.12783442,-43.113277,-1.5917678,1735.8103,0.1253752,1235.479,0.23803715,-54.3276,-1.0794392,2881.7212,0.06901877,1038.762,0.22320955,-62.687027,-0.8616123,-18.811605,-0.6184269,35.962738,0.19992654,0.069105856,0.24189278,-0.013744474,-0.9739451,0.16139878,0.5371162,33.76394,0.2628045,11.982471,1.2599657,-5.758379,-3.442573,-9.909775,-0.73780715,-9.651973,18.056837,0.04579524,0.0036896123,0.031924024,5.755396,3.007519,0.2725,0.19917014,0.08,0.04,-29.876387,18,12,76,SPEAKER_01,548.133333,549.533333,548.133333,549.533333,1,1.3999999999999773,1.4,engaged
36.759193,0.11434394,34.881042,35.948902,38.75705,3.876007,81.58676,8.73555,451.20276,326.03802,0.17966217,1.0739913,0.00705937,0.11117167,0.37797603,0.37091666,4.9738374,2.8772259,2.8892174,1.121555,0.09857958,1.2354606,17.25916,1.0715657,9.309604,1.3544184,-3.1018994,-4.992544,-6.938129,-1.9449077,0.030560149,1.0176762,1.5100486,0.61237603,8.639247,0.4070326,8.743169,2.367573,36.527122,0.53294146,717.39215,0.30222303,1516.9894,0.18165682,-127.015396,-0.6798915,1792.1426,0.13364157,1225.68,0.20241648,-129.53351,-0.603029,2930.9844,0.060450498,1113.3707,0.3182784,-133.29872,-0.5528164,-21.632095,-0.3725202,34.349854,0.29499328,0.06824595,0.20475405,-0.019256437,-0.8310294,0.18041803,0.74160004,31.04975,0.38308296,17.349537,0.52961344,-0.88264936,-19.58952,-11.960109,-1.4150925,-5.2659497,15.8142185,0.03792464,0.020289354,0.032694023,3.448276,3.5971224,0.108,0.06431174,0.185,0.21592823,-31.221487,18,12,77,SPEAKER_01,549.566667,551.3,549.566667,551.3,2,1.4633329999996931,1.463375,disengaged
38.094814,0.087577716,36.22799,37.985718,40.406425,4.1784363,187.67105,249.31146,45.02838,52.91687,0.23099214,0.91663367,0.047307804,0.17281972,0.38892013,0.34161234,3.907112,2.1496952,3.245559,3.4863646,0.11194913,1.2143041,22.10056,0.77047825,12.247345,0.83287317,-0.71270496,-20.384035,-11.564115,-1.3182259,0.024448017,1.5738212,1.4404542,0.8425598,9.865841,0.38078502,12.37418,0.7577206,35.634853,0.23468816,773.6353,0.21505298,1380.5479,0.15596795,-102.109604,-0.84993273,1855.7605,0.10949888,1145.6013,0.21312168,-105.87319,-0.7304078,2955.035,0.076151766,986.3869,0.23478995,-109.09436,-0.6815726,-21.825928,-0.4447546,34.108585,0.30145583,0.068321384,0.27110466,-0.021101264,-0.7719701,0.15952183,0.9206163,30.484848,0.36575088,11.629088,0.9393849,-2.17289,-7.7019386,-17.57435,-0.8780151,-10.259549,18.654974,0.04868048,0.004130123,0.04586379,3.6339166,3.3921304,0.15959999,0.14962567,0.1425,0.110402666,-28.52239,18,12,78,SPEAKER_01,551.333333,572.766667,551.333333,572.766667,7,7.443958999999836,7.4439375,engaged
39.403225,0.101207286,38.02618,39.454735,41.561928,3.5357475,54.346077,29.117172,11.3567095,17.542103,0.17145887,1.187699,0.007239575,0.08490809,0.33145177,0.3242122,4.5190873,3.8316746,3.5423672,4.019989,0.065800145,1.9411734,13.991779,1.2689633,9.548112,1.0082253,-0.14172707,-71.49018,-11.289001,-1.6583568,0.021138355,3.132732,0.92467344,1.2404886,12.026769,0.34057125,13.026667,0.7986309,37.06654,0.3426613,774.22174,0.1915242,1354.5403,0.19532564,-132.73868,-0.65156657,1905.0297,0.106290124,1120.5189,0.24714519,-136.09477,-0.5625477,2983.6301,0.07108559,984.08545,0.36672443,-137.26778,-0.54614055,-23.970758,-0.3729516,35.556618,0.31829286,0.070508696,0.30457726,-0.028594654,-0.6100819,0.12964182,1.249399,29.890427,0.39839616,13.321386,0.6708107,-4.009253,-2.75779,-27.597424,-0.5562257,-5.7889876,15.437501,0.035151474,0.01699407,0.023382891,2.2988505,1.7994859,0.21142857,0.13372986,0.28125,0.32122564,-30.577059,18,12,78,SPEAKER_00,551.333333,572.766667,556.14659375,567.0478437500001,4,7.846875000000182,7.846875,engaged
36.285297,0.079166494,34.58452,36.344456,38.3943,3.8097801,203.40802,259.34427,35.37028,50.563923,0.29814565,0.776381,0.07815946,0.262077,0.4900835,0.41192403,4.6647267,2.768607,3.5561829,1.796429,0.124599144,0.9531005,26.280752,0.6441583,14.733061,0.87264305,-2.394288,-6.0835404,-15.901352,-1.1427441,0.019181663,2.4133275,1.0693842,0.91338235,9.963774,0.37756962,9.210171,1.1466253,37.805325,0.28102005,743.035,0.23058277,1377.347,0.14976707,-82.281166,-1.0725121,1863.5343,0.12636068,1140.1147,0.23203422,-91.22746,-0.84006274,2975.9805,0.076043226,998.44775,0.30509788,-94.79837,-0.777263,-23.29041,-0.4359933,35.509804,0.27170977,0.07678998,0.26121303,-0.027597757,-0.5920122,0.16595465,0.7074113,33.840878,0.2842076,15.1163225,0.8825432,-3.1071734,-5.0566883,-22.74825,-0.69313264,-11.754221,21.153063,0.04516915,0.0032226597,0.047918286,3.4245002,2.4160147,0.2610476,0.21898434,0.13989899,0.19126634,-27.86814,18,12,79,SPEAKER_01,572.8,697.8,572.8,662.6615937500001,20,43.522843749999765,43.5228125,disengaged
38.315987,0.09759637,36.618317,38.140793,40.209507,3.5911903,145.98737,266.7203,93.2789,152.61261,0.21918906,0.9888898,0.016070811,0.14776203,0.42028368,0.40421286,3.115731,2.1663778,2.3295121,1.8742187,0.06873259,1.5686592,19.18158,0.88824517,10.9321165,0.9758657,-0.16015176,-85.042694,-19.587074,-1.0082486,0.020784026,2.548805,0.8256697,1.1261251,11.562756,0.3576551,11.2542925,0.8905626,35.788723,0.25782546,765.07697,0.18952574,1330.5145,0.16982995,-102.84681,-0.89490515,1903.1174,0.10665722,1083.5297,0.23618527,-110.138,-0.72971725,2966.1443,0.058609575,904.8644,0.35766345,-111.90905,-0.7026806,-24.010126,-0.33938292,34.721375,0.26586866,0.0778436,0.26499835,-0.030609438,-0.5588556,0.10348099,1.1521033,30.732351,0.27428374,13.026695,0.7680333,-2.6874611,-5.645852,-30.593723,-0.49832565,-7.8568482,16.444304,0.033381466,0.010850828,0.02711881,2.1380346,1.8414131,0.28714284,0.2401615,0.23099999,0.27139083,-30.547804,18,12,79,SPEAKER_00,572.8,697.8,598.78971875,694.9097187500001,19,26.679374999999936,26.679375,disengaged
32.49281,0.15567061,26.71269,34.326004,36.959446,10.246756,21.837366,4.100616,52.745117,46.571186,0.1416799,1.0581318,0.01332324,0.08362792,0.24409893,0.23077568,4.0344057,3.0521734,2.1486063,0.9822968,0.053047802,1.2337812,19.13015,1.0258117,12.9069395,0.7428284,0.34891003,54.265614,-13.160315,-1.1808401,0.018491346,1.1155277,1.3476003,0.56947196,7.198044,0.570993,7.3358784,1.3909386,33.679535,0.24460147,710.8554,0.25713542,1385.63,0.13712579,-100.9668,-0.9488678,1824.1647,0.15444583,1264.5941,0.31373793,-109.38066,-0.78114045,2900.406,0.092547975,1092.3007,0.36615238,-112.26854,-0.7326597,-19.781647,-0.3769609,34.169518,0.25296548,0.08014604,0.21462947,-0.028938513,-0.5373011,0.0945558,0.73113537,34.026215,0.23209988,13.500049,0.8831704,-2.2916918,-10.518997,-24.683708,-0.4134388,-7.746776,16.611519,0.041892424,0.018786164,0.011814331,2.955665,2.5252526,0.19399999,0.10537551,0.14999999,0.11789826,-36.973152,18,12,79,SPEAKER_02,572.8,697.8,662.6615937500001,685.13909375,3,2.041874999999891,2.041875,disengaged
