Participant,Accuracy,Precision,Recall,F1 Score
p11,0.7352941176470589,0.782608695652174,0.8181818181818182,0.8
p12,0.55,0.6071428571428571,0.7083333333333334,0.6538461538461539
p17,0.5454545454545454,0.625,0.7142857142857143,0.6666666666666666
p18,0.75,0.75,1.0,0.8571428571428571
p5,0.7333333333333333,0.7333333333333333,1.0,0.8461538461538461
p7,0.7916666666666666,0.7894736842105263,0.9375,0.8571428571428571
p9,0.5652173913043478,0.5882352941176471,0.7692307692307693,0.6666666666666666
