train_loss,val_loss
0.6809954487759134,0.6795498728752136
0.6441544190697048,0.6982524593671163
0.6250889586365741,0.7060354948043823
0.6070711185102877,0.7241199413935343
0.595523300378219,0.7216389973958334
0.5840779491092848,0.7413568695386251
0.5725317532601564,0.7153667211532593
0.5650026370649752,0.7383867700894674
0.5490499799666198,0.7436931530634562
0.5507838117039722,0.7126899758974711
0.5243547623572142,0.7296909292538961
