Accuracy,Precision,Recall,F1 Score
0.7282608695652174,0.7647058823529411,0.6046511627906976,0.6753246753246753
