F0semitoneFrom27.5Hz_sma3nz_amean,F0semitoneFrom27.5Hz_sma3nz_stddevNorm,F0semitoneFrom27.5Hz_sma3nz_percentile20.0,F0semitoneFrom27.5Hz_sma3nz_percentile50.0,F0semitoneFrom27.5Hz_sma3nz_percentile80.0,F0semitoneFrom27.5Hz_sma3nz_pctlrange0-2,F0semitoneFrom27.5Hz_sma3nz_meanRisingSlope,F0semitoneFrom27.5Hz_sma3nz_stddevRisingSlope,F0semitoneFrom27.5Hz_sma3nz_meanFallingSlope,F0semitoneFrom27.5Hz_sma3nz_stddevFallingSlope,loudness_sma3_amean,loudness_sma3_stddevNorm,loudness_sma3_percentile20.0,loudness_sma3_percentile50.0,loudness_sma3_percentile80.0,loudness_sma3_pctlrange0-2,loudness_sma3_meanRisingSlope,loudness_sma3_stddevRisingSlope,loudness_sma3_meanFallingSlope,loudness_sma3_stddevFallingSlope,spectralFlux_sma3_amean,spectralFlux_sma3_stddevNorm,mfcc1_sma3_amean,mfcc1_sma3_stddevNorm,mfcc2_sma3_amean,mfcc2_sma3_stddevNorm,mfcc3_sma3_amean,mfcc3_sma3_stddevNorm,mfcc4_sma3_amean,mfcc4_sma3_stddevNorm,jitterLocal_sma3nz_amean,jitterLocal_sma3nz_stddevNorm,shimmerLocaldB_sma3nz_amean,shimmerLocaldB_sma3nz_stddevNorm,HNRdBACF_sma3nz_amean,HNRdBACF_sma3nz_stddevNorm,logRelF0-H1-H2_sma3nz_amean,logRelF0-H1-H2_sma3nz_stddevNorm,logRelF0-H1-A3_sma3nz_amean,logRelF0-H1-A3_sma3nz_stddevNorm,F1frequency_sma3nz_amean,F1frequency_sma3nz_stddevNorm,F1bandwidth_sma3nz_amean,F1bandwidth_sma3nz_stddevNorm,F1amplitudeLogRelF0_sma3nz_amean,F1amplitudeLogRelF0_sma3nz_stddevNorm,F2frequency_sma3nz_amean,F2frequency_sma3nz_stddevNorm,F2bandwidth_sma3nz_amean,F2bandwidth_sma3nz_stddevNorm,F2amplitudeLogRelF0_sma3nz_amean,F2amplitudeLogRelF0_sma3nz_stddevNorm,F3frequency_sma3nz_amean,F3frequency_sma3nz_stddevNorm,F3bandwidth_sma3nz_amean,F3bandwidth_sma3nz_stddevNorm,F3amplitudeLogRelF0_sma3nz_amean,F3amplitudeLogRelF0_sma3nz_stddevNorm,alphaRatioV_sma3nz_amean,alphaRatioV_sma3nz_stddevNorm,hammarbergIndexV_sma3nz_amean,hammarbergIndexV_sma3nz_stddevNorm,slopeV0-500_sma3nz_amean,slopeV0-500_sma3nz_stddevNorm,slopeV500-1500_sma3nz_amean,slopeV500-1500_sma3nz_stddevNorm,spectralFluxV_sma3nz_amean,spectralFluxV_sma3nz_stddevNorm,mfcc1V_sma3nz_amean,mfcc1V_sma3nz_stddevNorm,mfcc2V_sma3nz_amean,mfcc2V_sma3nz_stddevNorm,mfcc3V_sma3nz_amean,mfcc3V_sma3nz_stddevNorm,mfcc4V_sma3nz_amean,mfcc4V_sma3nz_stddevNorm,alphaRatioUV_sma3nz_amean,hammarbergIndexUV_sma3nz_amean,slopeUV0-500_sma3nz_amean,slopeUV500-1500_sma3nz_amean,spectralFluxUV_sma3nz_amean,loudnessPeaksPerSec,VoicedSegmentsPerSec,MeanVoicedSegmentLengthSec,StddevVoicedSegmentLengthSec,MeanUnvoicedSegmentLength,StddevUnvoicedSegmentLength,equivalentSoundLevel_dBp,participant,session,clip_id,speaker,engagement_start_time,engagement_end_time,speaker_start_time,speaker_end_time,num_segments,speech_duration,label
36.97136,0.06636927,34.716133,37.055954,39.204964,4.4888306,134.13019,231.02359,40.638996,72.03541,0.3051658,0.75742024,0.113729514,0.24962619,0.4744111,0.3606816,6.2642293,4.1478047,4.2357078,2.8969584,0.1414245,0.91926247,28.56599,0.4644431,10.878691,1.0658814,-0.42294604,-31.540588,-13.90589,-0.9556477,0.023063615,1.0136188,1.5005603,0.7596345,8.688662,0.36673528,13.315714,0.697821,35.290234,0.24328326,752.80115,0.23491068,1410.3042,0.18335043,-62.683308,-1.2398552,1858.0479,0.12192759,1169.961,0.27385336,-71.09198,-0.9511575,2915.3623,0.09002934,1084.8126,0.2555415,-75.20586,-0.86873305,-19.638165,-0.41518918,33.07603,0.2812384,0.059674907,0.33471045,-0.022485333,-0.70039,0.17076525,0.78828424,32.85536,0.2700196,9.58943,1.1481528,-0.87403417,-16.782955,-17.256248,-0.7404466,-12.053526,21.811007,0.049467724,-0.00023165395,0.04663442,3.7102475,3.0357144,0.24235293,0.15058823,0.08461538,0.056106407,-29.326927,11,16-2,0,SPEAKER_01,0.0,7.133333,0.03096875,7.050968750000001,6,5.67,disengaged
36.804462,0.06496891,35.028183,36.301197,38.451195,3.4230118,110.52602,150.18855,54.552147,92.22514,0.28739342,0.7821456,0.09072035,0.24582195,0.45052612,0.35980576,4.925023,2.2826254,3.4306383,2.2074423,0.12400127,1.0689021,24.112234,0.7659536,14.539811,0.94612014,-4.6837287,-3.40234,-16.044264,-1.0056226,0.021073923,1.1766177,1.2524221,0.7872073,8.979433,0.42337745,9.360057,1.2613012,37.24829,0.24453558,742.5478,0.22634968,1391.5167,0.1532951,-74.007645,-1.1513982,1861.7659,0.111719355,1155.3994,0.27184224,-83.54001,-0.88588786,2950.6284,0.0710285,1002.68225,0.30088434,-88.20808,-0.80189455,-21.685448,-0.44923607,34.38025,0.2888796,0.06197738,0.2795489,-0.025416592,-0.6247333,0.15840894,0.88048905,31.14652,0.36819053,13.239762,1.0344304,-3.2406824,-5.1797304,-21.033491,-0.70364106,-8.103694,16.751919,0.048129838,-9.070505e-05,0.047998436,3.5137703,3.0563517,0.2165625,0.18612175,0.102142856,0.07608065,-28.67096,11,16-2,1,SPEAKER_01,7.166667,23.2,8.265968750000003,23.2,6,10.546531249999996,engaged
38.769283,0.11240763,36.056202,38.58619,42.131195,6.074993,218.96306,216.19595,64.56258,68.90093,0.38435075,0.8086862,0.10173769,0.29476398,0.6685025,0.56676483,7.048742,4.4402246,3.190521,2.063799,0.15595713,0.87119234,23.707005,0.57848,7.95268,2.184777,-9.98036,-1.8518292,-17.407295,-0.9648313,0.018695522,1.7093916,1.1922756,0.9764358,9.736956,0.40327203,8.391957,1.7426192,33.019917,0.28652844,796.0827,0.20289575,1345.6011,0.15765338,-61.818077,-1.2812083,1846.0092,0.11671431,1187.1333,0.21125019,-72.606255,-0.97807264,2920.0105,0.0726336,995.7095,0.34385064,-78.412346,-0.85460156,-17.027668,-0.6406835,31.423288,0.3348031,0.06172494,0.3584356,-0.017233869,-1.075688,0.19093758,0.70065725,27.321228,0.38304067,5.0895853,3.3045893,-11.865502,-1.5747951,-21.812279,-0.7275929,-10.523427,21.553606,0.0431406,0.0013643589,0.06581171,3.888889,3.3994334,0.20916666,0.17848709,0.08555555,0.03947182,-27.512545,11,16-2,2,SPEAKER_01,23.233333,28.666667,23.233333,28.666667,3,3.6108340000000005,disengaged
41.613697,0.07053222,39.36891,41.751095,43.403725,4.034813,54.939762,42.06241,22.66168,30.415049,0.56333184,0.74711585,0.11160039,0.53974605,0.9366491,0.8250487,8.651132,4.1271696,5.477074,2.7809606,0.22864473,0.8914153,18.922565,0.60920125,2.945691,4.9785686,-13.999898,-1.0163494,-30.951897,-0.59573686,0.02262723,2.0689683,0.9731492,1.0805165,11.008839,0.35498172,11.0623665,0.86449957,30.257462,0.2862368,784.66864,0.19910756,1342.8496,0.17124465,-62.423576,-1.3486189,1842.6647,0.12205802,1110.1377,0.31049767,-68.42533,-1.0606943,2922.139,0.06881773,843.3893,0.39992866,-72.47916,-0.9661565,-15.821382,-0.55783033,27.084621,0.3881289,0.06251945,0.29438308,-0.025177183,-0.68106544,0.27690917,0.73384094,20.831535,0.48914266,0.6062631,25.234985,-16.406511,-0.85000265,-35.99032,-0.4758584,-10.535945,19.768524,0.049162447,-0.009108312,0.086116396,3.587963,2.5641026,0.28181818,0.27259088,0.090952374,0.07210473,-24.195614,11,16-2,3,SPEAKER_01,28.7,50.266667,28.7,49.407218750000006,7,8.658468750000008,engaged
39.06964,0.09718865,35.99688,38.452377,41.599922,5.6030426,203.70024,210.59006,34.592285,28.750467,0.41417426,0.7658369,0.122421876,0.33034316,0.66240096,0.5399791,5.9044704,2.8282127,3.8049679,1.9656136,0.1630461,0.8752103,20.908146,0.8251531,12.739307,1.1291453,-4.911866,-2.763372,-21.372108,-1.0267677,0.019634979,1.2411287,1.0419587,0.81790364,10.57917,0.33559856,12.1630535,0.9359744,32.374744,0.2683795,774.5092,0.2035687,1382.5039,0.20071158,-65.512924,-1.2359543,1880.8708,0.12307931,1146.3795,0.28396964,-73.36316,-0.95187193,2922.2458,0.07090225,959.70514,0.34537983,-76.50435,-0.88608366,-20.090832,-0.4942308,31.078932,0.3361456,0.061602052,0.366127,-0.024617702,-0.6052133,0.19411114,0.71452886,25.840427,0.44106963,10.397797,1.3952816,-4.481484,-3.0063503,-27.078718,-0.73465097,-8.009625,16.025528,0.044531956,-0.0004562755,0.0589884,3.6750484,2.3529413,0.31,0.40265784,0.094166666,0.05219488,-25.066486,11,16-2,5,SPEAKER_01,51.466667,61.933333,51.837218750000005,61.933333,3,5.185489249999996,engaged
32.659027,0.08899247,32.089317,33.417904,34.17435,2.0850334,11.038061,18.014042,21.22782,0.0,0.38705987,0.7241022,0.11940898,0.34033522,0.69891465,0.5795057,4.211846,2.1195512,4.623517,1.1627041,0.114620864,0.7609353,22.484121,0.9280091,10.501913,1.0140203,8.465257,1.5448091,-10.102059,-0.977453,0.0344635,2.258998,1.2388362,1.0949866,8.962425,0.35604137,4.07991,1.5421978,34.23873,0.21446812,732.98175,0.16663684,1379.8257,0.1349708,-65.20819,-1.2853136,1823.1503,0.077983566,1041.4077,0.22790541,-75.80144,-1.0217506,2908.3262,0.051478826,971.20154,0.24080047,-81.70594,-0.8944681,-18.687502,-0.48532927,27.730389,0.39976314,0.05723563,0.22408141,-0.0319605,-0.45551777,0.14994106,0.5274024,33.228725,0.36522353,6.964124,1.4909171,5.6286926,1.9807584,-14.542965,-0.41906667,-3.4315414,9.228102,0.032206,0.0045090234,0.049836773,3.809524,3.0,0.22333333,0.098432146,0.086666666,0.04189935,-27.496395,11,16-2,5,SPEAKER_02,51.466667,61.933333,56.52846875,57.59159375,1,1.0631249999999994,engaged
36.783024,0.054326724,34.806915,35.791016,39.17307,4.3661537,56.266125,36.621376,4.849321,11.110913,0.19253121,0.8036201,0.0584597,0.14706843,0.34276223,0.28430253,2.8897676,1.5629843,3.377844,1.2512627,0.08670253,1.1064407,18.687128,1.0467062,17.745903,0.67625934,-0.35117924,-51.399002,-9.716277,-1.3713084,0.021235729,0.93023205,1.3074242,0.7720601,9.755295,0.3046508,5.7068715,1.5186036,29.004103,0.29415473,813.1283,0.17651163,1341.2776,0.17998981,-97.75944,-0.8837079,1908.4614,0.09085883,1065.5667,0.29627228,-104.45689,-0.71869487,2989.3022,0.060354255,1005.16327,0.30463445,-105.98729,-0.69293183,-21.641594,-0.5591909,31.741266,0.43405172,0.047736418,0.2763509,-0.020864993,-0.8903749,0.13407019,0.77799875,26.690907,0.5955788,18.558752,0.6691497,4.514662,4.180911,-12.445795,-1.2056109,-10.660434,20.156506,0.048356835,-0.00072685984,0.029654013,3.846154,4.0,0.138,0.078332625,0.09199999,0.027856776,-31.02157,11,16-2,6,SPEAKER_01,61.966667,63.533333,61.966667,63.27846875,1,1.3118017500000008,disengaged
39.08555,0.11685957,35.268356,38.207584,42.257523,6.9891663,198.34474,225.58713,26.642553,25.39137,0.37358877,0.951176,0.08089375,0.23413384,0.65681857,0.5759248,6.6851897,4.555408,3.8386452,2.461632,0.16163747,1.2092371,18.535124,1.034219,10.472064,1.4834639,-7.888206,-2.066175,-17.825071,-1.1167598,0.023085734,2.689016,1.2074858,0.8596148,9.764758,0.44211397,8.547394,1.4096823,31.818232,0.3130642,779.64905,0.20698246,1335.9121,0.17397381,-78.75206,-1.1134077,1870.7703,0.11729471,1132.9534,0.25796446,-86.31734,-0.889474,2940.8289,0.07328333,958.40485,0.31779248,-89.45369,-0.8265884,-18.699795,-0.58035576,30.382917,0.3989432,0.059147883,0.36592236,-0.02380186,-0.78146976,0.22035035,0.9349843,25.622522,0.55261827,8.111357,1.9524786,-8.90781,-1.9313229,-25.476187,-0.71805423,-6.3201814,14.364316,0.040921204,0.004837078,0.04258706,3.0705395,3.0025022,0.21138889,0.1480644,0.11387096,0.10921057,-25.494505,11,16-2,7,SPEAKER_01,63.566667,88.8,64.02096875000001,85.46909375,7,12.065624999999997,engaged
38.114933,0.042482384,36.830254,38.205013,39.751366,2.921112,25.923073,7.621978,10.7933655,10.937971,0.24651352,0.80787575,0.0455225,0.17596474,0.4794337,0.43391117,3.660675,0.4321912,1.0770662,0.94049704,0.08722776,0.9969622,11.906354,1.8469669,19.491146,0.44662806,9.253914,1.7121557,-7.643788,-2.018688,0.016194837,1.1769097,1.0029637,1.1036794,12.267244,0.21174403,17.915977,0.27073902,28.355827,0.3822586,750.51227,0.18865953,1366.9125,0.16765977,-107.60219,-0.781241,1952.1929,0.08617396,986.6624,0.32170305,-110.40118,-0.7024927,2900.7722,0.07075907,980.1136,0.3034773,-109.523026,-0.7167241,-25.205536,-0.30753157,31.87069,0.3176179,0.056752924,0.310318,-0.025026787,-0.6993435,0.13718446,0.5620123,26.399435,0.4583023,19.920805,0.29014802,17.895235,0.6862785,-17.753002,-0.6503816,-1.264961,8.117195,0.030397652,0.02314172,0.011849305,2.586207,1.8867925,0.29,0.22999999,0.22,0.17999999,-27.987318,11,16-2,7,SPEAKER_02,63.566667,88.8,85.46909375,88.8,2,1.1709062500000016,engaged
37.333546,0.06752917,35.196793,36.205246,39.90899,4.7121964,49.342262,8.856876,6.19606,15.010729,0.28009817,0.919022,0.07430352,0.19039617,0.47306424,0.39876074,3.187895,1.5971265,2.4630706,1.1087765,0.12656182,1.1258954,22.45596,0.73996276,11.173804,0.9619333,1.6686691,10.257647,-10.8062315,-1.2382046,0.018584505,1.1112605,1.629556,0.9089727,9.818091,0.31673548,9.203071,0.78105646,29.587635,0.22126995,743.3506,0.1997431,1446.0748,0.16516522,-89.46938,-0.95864254,1806.543,0.1253667,1146.2328,0.32477358,-92.357994,-0.8406444,2917.2588,0.056418158,932.3452,0.24357755,-97.40432,-0.7533949,-20.94268,-0.38970682,34.364742,0.22230974,0.041567825,0.29568914,-0.016936073,-0.83451533,0.1490598,0.72242874,32.22787,0.20988399,10.517622,0.96172804,2.0823193,9.975911,-13.586034,-0.8177877,-9.73882,17.267796,0.03741194,-0.0007867704,0.10362678,2.238806,2.3255816,0.26999998,0.08524474,0.205,0.095,-28.728539,11,16-2,8,SPEAKER_02,88.833333,90.9,88.833333,90.9,2,1.3579170000000147,disengaged
39.098198,0.04645734,37.8223,39.867424,40.752106,2.9298058,102.011314,151.05952,23.153322,8.522478,0.2505457,0.70216733,0.06984306,0.25559494,0.39825863,0.32841557,5.4459176,1.8849307,1.9833454,1.9978067,0.10149798,0.78595227,27.104183,0.4267675,7.676512,1.8311186,-3.6731641,-4.886048,-11.145369,-1.2230552,0.02393043,0.73780984,1.5225755,0.7613911,9.153274,0.41688392,11.268448,0.99474657,30.304298,0.2627649,758.1907,0.27124307,1386.4172,0.19208641,-80.51472,-0.965237,1839.3784,0.14179777,1146.2124,0.2769307,-77.59037,-0.9091636,2938.1106,0.074460946,1108.078,0.26733348,-83.31766,-0.801449,-17.95185,-0.5947709,34.95039,0.30869493,0.0442114,0.36877033,-0.012884207,-1.4624927,0.12378966,0.65637606,29.331331,0.35996297,8.093747,1.6089146,-2.3633614,-8.526386,-15.027016,-0.9243945,-10.876743,24.29296,0.028400103,0.00978912,0.04220175,3.8759692,3.2786884,0.21499999,0.11715375,0.09666667,0.028674418,-32.63283,11,16-2,9,SPEAKER_02,90.933333,92.233333,90.933333,92.233333,1,1.2999999999999972,engaged
44.033463,0.11358685,40.323505,42.88447,47.887943,7.564438,32.044743,16.335003,54.769184,16.667452,0.46109018,0.64876693,0.14433227,0.4260134,0.81560826,0.671276,5.226755,2.685819,5.165209,3.4333308,0.20523497,1.0971886,17.293703,0.9940645,1.7247086,6.2376866,-13.207495,-1.0366307,-33.06657,-0.657813,0.028175713,1.4716592,0.9451544,1.0008758,11.575074,0.314944,7.8568783,0.9523606,24.791147,0.49547526,850.1583,0.17048232,1305.0845,0.2148053,-53.9267,-1.3476659,1903.2928,0.1228078,1156.3369,0.2771908,-61.679813,-0.96842885,2933.8767,0.067816064,893.2466,0.31257468,-65.02394,-0.88770425,-16.419735,-0.4229012,28.86873,0.26537526,0.06644798,0.3668337,-0.024833968,-0.6453072,0.24617274,0.9487591,22.39691,0.3830344,1.5945803,7.1711984,-15.385064,-0.85015655,-38.745045,-0.5119152,3.2335827,8.948288,0.04952349,0.011095157,0.044950083,3.6697247,2.347418,0.344,0.16230835,0.09333333,0.07586537,-25.1398,11,16-2,10,SPEAKER_01,92.266667,101.166667,95.03721875,100.26846875,3,2.1937500000000085,disengaged
45.922176,0.099116474,42.037525,44.839447,48.47584,6.4383163,84.386856,27.267061,128.38564,129.25854,1.0943742,0.530074,0.50973207,0.99649405,1.6946282,1.1848962,8.772016,4.294009,9.259793,5.335805,0.71789163,0.89985555,17.078665,0.4073167,-3.033243,-5.0330467,-17.341892,-0.76023024,-44.436817,-0.34022918,0.045717485,1.7059096,0.9672005,0.75543827,10.667416,0.3596379,15.620046,0.2547705,24.083658,0.42217693,790.30273,0.20240723,1230.2883,0.184619,-48.511383,-1.548676,1917.4846,0.13708186,895.37537,0.29303077,-53.925858,-1.1497775,2935.0127,0.06180646,809.78357,0.29976007,-55.389736,-1.0884463,-16.328794,-0.22451507,25.55324,0.24435799,0.07265967,0.22860336,-0.03472272,-0.3172847,0.8464409,0.8022778,17.065899,0.34706607,-5.734381,-2.5523322,-19.432016,-0.6030739,-45.636257,-0.31106317,-13.779609,23.493963,0.056824043,-0.024944851,0.3398379,4.5454545,2.8846154,0.28,0.123288274,0.046666663,0.004714045,-15.951426,11,16-2,11,SPEAKER_01,101.2,103.1,101.98971875,103.1,1,1.1102812499999999,engaged
41.060604,0.07995628,39.30252,41.68745,43.303715,4.001194,165.95645,140.68764,20.23252,5.8392296,0.56582135,0.65842515,0.14852194,0.5522248,0.97537786,0.8268559,6.645999,2.1515138,2.0730004,3.227158,0.23596373,1.0158434,12.134093,1.2677178,0.015522859,1005.48083,-21.913588,-0.7330105,-31.82566,-0.612276,0.016425608,1.076069,1.0093668,0.7489208,9.239911,0.34462777,3.126483,3.4597526,28.420467,0.39786562,804.35724,0.24108538,1340.6357,0.19699137,-51.26937,-1.6951271,1800.2206,0.14561972,1185.2979,0.22659339,-59.65369,-1.218893,2904.3574,0.08598093,831.8448,0.31850547,-65.16928,-1.0615396,-8.406824,-1.0170077,25.104235,0.42187035,0.055283815,0.34484133,-0.017891048,-1.1046733,0.27524862,0.8013869,16.690804,0.70817846,-1.0266272,-14.324843,-26.339378,-0.5587315,-36.97603,-0.47114688,1.4800779,7.1394277,0.054479964,0.008260125,0.04405835,2.7322404,2.2727273,0.33249998,0.074624054,0.11333333,0.06944222,-24.596195,11,16-2,12,SPEAKER_01,103.133333,105.466667,103.133333,105.466667,2,1.8439589999999981,disengaged
37.398796,0.09281271,34.63956,36.33229,41.11268,6.473118,176.83865,200.874,64.202866,101.3376,0.34019065,0.86411333,0.06860189,0.2610848,0.58974504,0.52114314,4.6499634,3.5473268,3.4994912,2.3764968,0.11318764,1.0811988,20.707664,0.8409602,8.154017,1.8546839,-3.9052153,-4.0684605,-17.705921,-1.2010883,0.022395238,2.158812,1.0871776,0.9321281,9.440861,0.43113387,5.856011,1.9794153,29.150705,0.3713226,766.16394,0.23297378,1358.9115,0.18385908,-72.96812,-1.2081617,1851.2196,0.13929299,1159.0087,0.29846522,-81.420105,-0.96139467,2900.8718,0.0828023,972.48145,0.32064858,-85.11524,-0.8885855,-17.177504,-0.60662353,29.646282,0.371779,0.05362268,0.3421333,-0.021624422,-0.8724731,0.14877918,0.84851027,27.87421,0.4123684,5.3935757,2.7884638,-4.953084,-3.3773253,-24.98015,-0.81470966,-7.3275566,16.48624,0.037896577,0.01046503,0.03589277,2.98103,2.3369565,0.2832558,0.2634981,0.1302439,0.11026547,-29.079327,11,16-2,13,SPEAKER_01,105.5,163.333333,108.04784375,146.11784375000002,16,18.461250000000064,engaged
37.07314,0.07427551,34.667885,36.717396,39.228863,4.560978,69.2126,144.28343,21.616251,14.212312,0.61872655,0.8365745,0.097245425,0.540172,1.0479257,0.95068026,8.446626,6.2061853,5.146244,2.6750448,0.25061405,1.0690418,21.284575,0.72212654,7.4049006,1.9134426,0.6563845,22.603764,-14.226297,-1.03948,0.015174775,1.403644,0.93150556,0.9570289,10.473133,0.2934455,7.111716,1.3939686,25.571632,0.42847648,721.33496,0.24899076,1329.1464,0.16209577,-65.659256,-1.2289894,1799.1865,0.1582327,1055.0809,0.3041293,-70.398384,-1.0508634,2859.4182,0.09340134,933.19385,0.3199013,-75.15284,-0.9399554,-16.197641,-0.63011247,27.940174,0.36095542,0.05164405,0.41307345,-0.021517819,-0.87017125,0.3152722,0.8596971,27.30681,0.36836708,6.092305,2.476408,0.27768248,57.665176,-17.9909,-0.7832862,-6.0596905,14.044471,0.031499386,0.01288109,0.06014955,2.801868,1.8084395,0.40296295,0.36830756,0.14375,0.1527474,-20.733421,11,16-2,13,SPEAKER_02,105.5,163.333333,115.27034375,161.50784375,10,15.001874999999941,engaged
36.08998,0.03990454,35.13682,35.70581,36.95148,1.8146591,68.82801,12.502098,-12.599799,27.048622,0.20281297,1.0273334,0.005872775,0.16891253,0.43031824,0.42444545,6.616441,2.8354716,3.469888,3.2852738,0.11836045,1.4318953,0.7682743,22.714941,14.370682,1.0299859,7.0883346,1.6756651,-1.3247441,-6.945996,0.034468442,0.76588345,1.6408104,0.5776302,8.778403,0.21844834,9.091468,1.0342375,23.988878,0.2787695,865.2464,0.20139216,1270.7006,0.20921959,-161.53653,-0.41418245,1984.7671,0.12666833,999.8179,0.2960058,-161.31102,-0.40136865,2947.8533,0.08166968,1056.546,0.33624172,-161.29094,-0.40094286,-17.395164,-0.8014346,24.499205,0.5757753,0.027874332,1.003274,-0.01202494,-1.5249643,0.26332858,0.80176216,14.742017,1.1308218,22.559834,0.6251244,11.100441,0.98411685,-3.994657,-2.5194728,-0.06608682,7.6241937,0.02553563,0.02553235,0.05656685,6.140351,2.777778,0.08,0.021602469,0.26,0.27604347,-29.597681,11,16-2,14,SPEAKER_02,163.366667,167.2,166.04721875,167.2,1,1.1527812499999754,disengaged
39.113167,0.11295329,35.296352,38.575504,42.247265,6.9509125,94.13913,112.74737,43.177635,86.1289,0.52053994,0.823921,0.08783725,0.4925713,0.8421906,0.7543534,6.919654,5.8082685,4.4564705,3.368699,0.20854786,1.0838776,19.849867,0.9083539,8.051984,1.7875,-3.522794,-4.5414476,-19.012295,-0.9495163,0.024450833,1.5768696,0.9986765,0.9614965,9.912309,0.4591764,9.252768,1.1647551,28.00466,0.407277,794.1425,0.22173081,1293.3226,0.1985736,-66.04626,-1.2656691,1885.4158,0.1290859,1059.3429,0.32955194,-75.6636,-0.98863184,2916.9502,0.07029957,922.5257,0.36431113,-78.40296,-0.93173176,-17.880182,-0.54067224,29.087324,0.3690558,0.064185016,0.37066242,-0.022741858,-0.8661926,0.2689985,0.85256493,26.847456,0.45607653,6.678274,2.3468015,-4.088946,-4.1803074,-23.997524,-0.687364,-4.405719,11.814045,0.036685456,0.014517063,0.051198173,2.347418,1.536643,0.4646154,0.33060822,0.19636364,0.19359154,-22.95181,11,16-2,15,SPEAKER_02,167.233333,198.8,167.233333,197.56971875,6,8.533885749999968,engaged
38.29735,0.111885175,35.40528,37.832855,40.454323,5.0490417,352.545,691.5155,63.962997,80.00743,0.3491593,0.8379365,0.09407774,0.2764202,0.5577717,0.46369395,7.75072,5.464914,5.0575747,3.4893515,0.18221393,1.3425581,22.09032,0.8754233,12.722422,0.9901893,-2.699364,-6.121882,-18.310781,-0.90924627,0.028138515,1.3935738,1.2587149,0.8318873,8.863747,0.50349087,9.688555,1.248776,32.70234,0.3277892,776.84546,0.21704978,1339.3326,0.18131976,-70.07696,-1.1726927,1885.6915,0.11240487,1078.5402,0.2475773,-77.76149,-0.9146233,2962.5925,0.07262647,933.67993,0.33161575,-81.118416,-0.84168565,-20.283323,-0.5549333,31.414854,0.39269254,0.060691588,0.31195036,-0.026915923,-0.68573964,0.22208653,1.1891941,27.676683,0.5173932,11.793478,1.1435535,-3.0522304,-5.7084827,-22.906853,-0.7120723,-8.309045,16.827562,0.05000332,0.0019885635,0.07003437,3.204524,3.4188035,0.20166665,0.18624207,0.08413793,0.0694072,-25.701342,11,16-2,15,SPEAKER_01,167.233333,198.8,180.76221875,198.8,9,10.629656249999982,engaged
37.156406,0.119552314,34.15355,36.679935,39.959732,5.806183,355.89258,601.0882,142.0219,251.13815,0.3813012,0.7387356,0.1340283,0.34454933,0.59263486,0.45860654,8.779181,6.861439,3.2500854,2.6857655,0.1776361,0.95681566,26.477491,0.53260213,7.4765005,2.0905576,-5.290545,-2.6618867,-16.15713,-0.91636074,0.02228057,1.0986059,1.3501495,0.74172634,9.516655,0.34549266,8.070031,1.3640747,33.880802,0.34086236,760.1411,0.22969647,1403.3551,0.17616326,-86.97918,-1.0114897,1843.2809,0.1346411,1246.7583,0.28200594,-92.901115,-0.85032415,2945.6868,0.078620076,1006.77893,0.31940678,-97.28058,-0.7672145,-20.31856,-0.5116676,35.681965,0.26711228,0.05719611,0.29222107,-0.022261988,-0.7452235,0.24400876,0.74354327,33.270813,0.2730083,10.060661,1.5377611,-4.5360546,-3.580988,-20.690237,-0.7025612,-6.5800476,17.831905,0.04209939,0.0028154226,0.06772163,3.937008,2.6666667,0.22999999,0.22144978,0.15625,0.15132229,-25.809887,11,16-2,16,SPEAKER_01,198.833333,203.666667,198.833333,203.666667,3,3.8208339999999907,disengaged
37.453342,0.053785615,35.34883,37.304787,39.77867,4.42984,47.57768,17.2001,6.528418,9.511129,0.22051165,0.591703,0.11142553,0.18796258,0.32805294,0.21662742,4.4828525,2.077832,1.5245901,1.4589804,0.10922025,0.90385437,26.386757,0.70296896,20.285954,0.6566974,4.034029,3.6093252,-8.465371,-1.5621854,0.015519275,0.756427,1.2084703,0.7946135,10.934791,0.29159388,13.413939,0.72746605,34.6972,0.24627824,868.8115,0.19748478,1346.0443,0.17806926,-80.05752,-0.92808354,2049.0686,0.082265876,1153.6343,0.19589588,-91.40679,-0.7071046,3100.4526,0.056112833,1119.7175,0.30904555,-91.959145,-0.6999988,-27.36471,-0.41984063,38.08796,0.34428173,0.052013304,0.30261052,-0.019807063,-0.7578262,0.13869739,0.7357559,31.397385,0.45237952,22.219135,0.5609898,9.144936,1.2848217,-11.2740345,-1.1070035,-9.086796,20.306028,0.041679643,0.0012134532,0.046658237,4.316547,3.0303032,0.225,0.11608186,0.066,0.023323808,-27.95993,11,16-2,17,SPEAKER_01,203.7,205.1,203.7,205.1,1,1.4000000000000057,engaged
38.38988,0.07596876,35.359474,38.524727,41.20891,5.8494377,91.32444,92.56849,20.513592,19.5665,0.35700262,1.2180318,0.016511695,0.17400724,0.55537677,0.5388651,5.45495,3.4649456,4.8733087,4.617962,0.15776215,1.4491556,19.699362,0.81767726,5.914689,2.4365904,-9.211194,-1.8030891,-14.420431,-1.19396,0.0190924,1.3813859,1.1458869,0.7182011,9.221357,0.36830515,5.563461,2.1288543,31.550827,0.33255407,741.90717,0.23856339,1387.7887,0.17228237,-93.02438,-1.0072421,1792.6665,0.137045,1179.9266,0.2979037,-97.87368,-0.85949033,2939.489,0.090972036,986.169,0.3043415,-102.98353,-0.7710819,-15.363003,-0.71615916,31.88799,0.33875063,0.052738998,0.19785824,-0.018228546,-0.92845994,0.25417203,1.024036,28.015766,0.4503414,3.7936814,4.3351216,-14.0896,-1.3467618,-23.015974,-0.70697266,-5.985908,17.375587,0.03617838,0.018238723,0.026885636,2.1186442,2.6086957,0.21499999,0.14256577,0.2225,0.15943259,-25.273582,11,16-2,18,SPEAKER_01,205.133333,208.033333,205.133333,208.033333,3,2.3768750000000125,disengaged
36.71598,0.07412977,35.267315,36.491364,37.95271,2.6853943,155.01512,189.6149,190.8416,455.5457,0.3224073,0.90742743,0.08486883,0.23415565,0.54546195,0.4605931,4.3220086,1.9115757,3.3609397,1.6509347,0.12645702,1.2855407,24.688616,0.64998,7.788635,1.9183551,-6.367648,-2.7811048,-14.642317,-1.1483433,0.016986152,1.2433202,1.1616309,0.79596084,9.269551,0.41631326,4.4380336,3.1592546,30.43854,0.34115332,768.22174,0.23386955,1390.567,0.16515128,-64.75874,-1.2903347,1830.0233,0.13308299,1178.4175,0.27497166,-73.74283,-1.0093656,2924.956,0.07784206,1024.3575,0.3249352,-79.85721,-0.8794087,-18.981318,-0.58368295,33.614506,0.2931254,0.052557755,0.37435153,-0.018202526,-0.99692184,0.16179813,1.0893661,30.681545,0.3191092,7.2036386,2.2317963,-6.4021287,-3.0233808,-18.434288,-0.90869373,-6.961108,17.132256,0.03851797,0.007571225,0.032155883,2.588556,2.4691358,0.2861111,0.23662296,0.11125,0.092186965,-26.514194,11,16-2,19,SPEAKER_01,208.066667,225.766667,208.066667,225.766667,8,7.3556250000001455,engaged
36.463234,0.077745065,34.37311,35.81848,38.979008,4.605896,79.39897,107.71671,72.63838,89.28443,0.47580528,0.93369544,0.067492805,0.37987152,0.8344015,0.7669087,7.2427773,3.7163737,4.356549,2.5376818,0.18175492,1.0223761,22.524717,0.7730247,12.305815,1.190783,3.975355,4.386703,-10.390168,-1.5547035,0.01522235,1.2645081,1.0844407,1.11764,10.317808,0.31346655,7.4229627,1.2347748,28.401209,0.32446903,766.6041,0.23004635,1386.5927,0.1578967,-65.14154,-1.2055603,1876.8568,0.12818895,1087.0126,0.3116991,-72.80838,-0.9679998,2896.586,0.090135835,1031.7758,0.3195874,-76.12408,-0.8973656,-19.323082,-0.52959114,30.057167,0.3606854,0.05295258,0.38952664,-0.020961437,-0.9031836,0.22767936,0.7767369,29.093353,0.42231238,11.078854,1.4292834,4.782801,4.033831,-14.363529,-1.1119915,-6.897804,14.877325,0.039269574,0.0112883495,0.051206324,2.970297,2.4,0.30416664,0.14227077,0.11,0.09011103,-23.7974,11,16-2,19,SPEAKER_02,208.066667,225.766667,212.97659375,223.03409375,8,5.062499999999943,engaged
36.114597,0.061205164,34.707474,36.149155,38.029396,3.3219223,65.69707,32.89829,28.902317,37.390205,0.2447221,0.7884752,0.07333053,0.20745668,0.37439054,0.30106002,5.2410884,2.4872146,2.9076846,2.0164816,0.121814735,1.107493,25.590698,0.69582474,16.14297,0.7776208,2.5431705,5.826411,-8.746664,-2.0154622,0.024288965,1.4304578,1.3114095,0.8195247,9.236317,0.3222257,11.193067,0.9814877,37.992714,0.27696812,716.86646,0.2881257,1386.247,0.15654586,-84.035805,-1.0314773,1852.8811,0.12443652,1236.4381,0.24884537,-93.59894,-0.7922027,2948.5034,0.06603002,1152.1694,0.27479506,-97.25641,-0.7360515,-23.226036,-0.4613505,37.41064,0.28681242,0.0593241,0.37966368,-0.020493161,-0.7798383,0.16140838,0.86041373,34.12361,0.32360503,16.660093,0.7541909,1.6055743,9.768694,-15.16672,-1.0342124,-10.005643,18.634594,0.031887904,0.011674629,0.049829565,3.7414968,3.114187,0.19999999,0.0869227,0.13,0.1377368,-29.666967,11,16-2,20,SPEAKER_01,225.8,229.633333,225.8,229.633333,4,2.9558329999999557,disengaged
36.46632,0.05873315,35.04267,35.83835,37.942867,2.900196,90.50634,87.838615,69.857956,152.12325,0.2398488,0.87160647,0.03869308,0.19147453,0.4273862,0.38869312,4.071742,2.2382982,3.1684291,2.278499,0.105379224,1.1068892,22.888844,0.81275415,11.105012,1.2368224,-2.0407372,-8.727531,-8.023109,-1.7139553,0.020612279,1.3399318,1.1909554,0.8619012,9.586987,0.35550645,6.741237,1.859371,31.258364,0.35012218,767.0654,0.23043585,1435.5356,0.19939002,-97.00851,-0.910349,1843.0804,0.13339472,1250.276,0.27550387,-102.11676,-0.7813724,2941.045,0.08341579,1081.1641,0.26754096,-106.71242,-0.7062629,-20.242828,-0.64367,36.532658,0.27824458,0.047654428,0.36597398,-0.015957303,-1.0156654,0.15262903,0.73312235,33.505898,0.30356708,11.812148,1.241809,-2.531048,-8.129759,-13.136678,-0.95692384,-6.8993125,17.6159,0.03380876,0.015259777,0.03949529,3.0470915,2.3743017,0.2382353,0.18620783,0.1725,0.18434003,-29.158886,11,16-2,21,SPEAKER_01,229.666667,243.366667,229.666667,242.44034375,4,7.238676750000025,engaged
37.70131,0.04255754,36.156643,37.988503,39.08785,2.9312057,80.98757,88.28805,22.593142,7.8910213,0.40727794,0.7716143,0.13042621,0.29236698,0.7636706,0.6332444,8.925801,5.395724,4.46785,1.512643,0.1786155,0.86811566,19.040327,1.0859045,11.31811,1.0678476,8.7425375,1.3756891,-14.7388315,-0.96652615,0.018619806,1.1297693,1.2598468,0.87414116,10.752692,0.2420205,10.006377,0.842125,26.29421,0.23175415,795.6398,0.1333773,1300.1946,0.15046681,-62.80023,-1.1936394,1939.324,0.089122295,986.1462,0.25239465,-72.966644,-0.9145751,2917.6433,0.050170757,817.70953,0.23428614,-73.229095,-0.9043611,-21.058563,-0.34209594,29.695385,0.30314037,0.054869376,0.41449755,-0.024816282,-0.6972928,0.22746393,0.66237867,28.213913,0.27838385,11.456401,0.9841527,7.657739,1.5776607,-17.100908,-0.8521066,0.79322535,5.9385004,0.03269059,0.008691412,0.04271223,3.6144578,2.484472,0.29999998,0.08916277,0.10666667,0.07408704,-25.371521,11,16-2,21,SPEAKER_02,229.666667,243.366667,237.20909375,238.87971875,1,1.6706250000000011,engaged
38.590954,0.13362145,35.04471,37.360584,41.4439,6.399193,169.1602,214.37947,161.58412,432.84238,0.37431332,1.0160486,0.06315388,0.24103598,0.6603547,0.5972008,6.07131,4.319692,5.0464354,6.479322,0.13473181,1.4930384,16.941904,1.07975,9.639727,1.4132597,-6.0307846,-2.8726838,-22.418066,-1.0139039,0.02339536,2.1234095,1.0224788,0.9680065,9.918417,0.3817551,6.547915,1.7112966,29.334545,0.37065783,792.95056,0.20784988,1310.1483,0.17776175,-76.29933,-1.1726022,1885.0238,0.12710053,1073.877,0.3079992,-83.54733,-0.93810856,2935.0151,0.07207325,897.1397,0.3722017,-86.2991,-0.8838741,-17.374004,-0.5390883,28.92573,0.37790206,0.061399132,0.39140892,-0.0243605,-0.79873663,0.18178776,1.2217861,24.02895,0.54335064,7.383746,1.9392622,-7.0995965,-2.6773622,-30.948532,-0.69766665,-5.7454605,14.329156,0.03974637,0.009715793,0.037440255,2.0833333,2.5531917,0.25439394,0.19433746,0.13206896,0.12082701,-26.797804,11,16-2,23,SPEAKER_01,244.866667,299.133333,244.866667,299.133333,24,25.933541000000048,engaged
38.238026,0.09478534,34.695435,38.2816,41.130177,6.434742,49.572147,40.797707,47.007187,48.903725,0.70731884,0.9564277,0.08918867,0.52053267,1.2721874,1.1829987,12.373204,12.526044,6.2574153,3.302541,0.36004198,1.0405191,23.30824,0.5853929,4.5214314,3.225559,-4.6758327,-3.4663732,-12.298223,-1.1502299,0.018974826,1.1877407,1.1718832,0.8708469,9.171929,0.36295062,4.547693,2.0297062,27.193472,0.41315228,758.8212,0.22995731,1358.2803,0.14425465,-71.51329,-1.1489304,1784.7922,0.11964648,1128.2135,0.25362554,-74.69561,-0.9944219,2864.3428,0.085510135,959.7368,0.29548952,-81.039925,-0.8665199,-15.922821,-0.6328979,28.319054,0.38665465,0.051576745,0.4530221,-0.018469024,-0.9713695,0.44857532,0.85862535,27.512691,0.38253537,2.7486129,5.787582,-5.5619497,-2.9289749,-14.638764,-0.953027,-9.417895,20.601934,0.03629303,0.0040667495,0.14546748,2.819549,2.8463,0.24399999,0.2967558,0.086,0.06053098,-19.869041,11,16-2,23,SPEAKER_02,244.866667,299.133333,257.47596875,292.76159375000003,9,5.332500000000039,engaged
37.458916,0.035317983,36.25249,37.538845,39.136425,2.883934,6.485471,4.951283,8.501846,0.0,0.2961743,0.6054026,0.102557406,0.3170894,0.43805632,0.33549893,3.268244,1.6550052,2.5390797,1.2720373,0.12016502,0.8178602,16.445103,1.4475793,16.68997,0.7370774,2.0138998,6.2422147,-9.832942,-1.3419585,0.014830592,0.6965121,1.0274208,0.8939513,10.675928,0.29640827,8.66263,1.180465,31.33694,0.25210908,839.06036,0.19420113,1318.3385,0.16481309,-86.77055,-0.9746423,1915.823,0.10678853,1149.7571,0.15618205,-96.26683,-0.78423333,2995.447,0.065264754,974.9762,0.2345593,-98.89787,-0.7370037,-20.543312,-0.6252981,34.37373,0.40187854,0.05557831,0.2551379,-0.01623623,-1.0534961,0.16709714,0.54050505,28.521273,0.5171082,13.977846,0.9187646,1.8620269,6.451293,-17.4061,-0.5458587,-1.1024044,7.0798526,0.034080278,0.0147832,0.043635968,5.645161,2.542373,0.24333334,0.10842303,0.13,0.0,-25.95669,11,16-2,25,SPEAKER_01,299.9,302.433333,299.9,302.433333,2,1.250833000000057,engaged
37.03292,0.06813387,34.934296,36.788555,38.99705,4.0627556,151.04082,137.65663,28.830866,38.89129,0.2802137,0.81700456,0.06861409,0.21869943,0.50868106,0.44006696,4.3725505,2.863927,3.8024113,2.2929997,0.1219271,1.0570109,22.273481,0.84954244,12.55924,1.1948497,-3.2614336,-4.987054,-13.45153,-1.3243722,0.022718519,1.3447156,1.2187365,0.86649203,9.369335,0.38379458,7.580929,1.8502676,32.83586,0.34058928,763.069,0.2424521,1418.707,0.16779478,-79.1785,-1.0819565,1838.013,0.13342825,1239.0978,0.24558197,-85.504585,-0.8842896,2923.9326,0.083552875,1066.403,0.2652658,-89.70428,-0.8055552,-19.931087,-0.6138304,34.165157,0.3399002,0.053581215,0.363548,-0.02058261,-0.9195622,0.16453527,0.8082106,30.546997,0.39045855,11.343428,1.4209447,-3.8992584,-4.6304636,-19.408966,-0.877926,-6.943575,15.331537,0.03795772,0.010765941,0.031275913,3.4768212,2.579035,0.25548387,0.20620751,0.11931034,0.10592551,-28.808844,11,16-2,27,SPEAKER_01,303.333333,322.533333,303.71346875,322.22534375000004,6,12.099374999999952,engaged
37.59816,0.0865409,35.875362,37.620937,38.58848,2.7131195,167.08667,235.84372,23.489586,17.633528,0.33970577,0.6823146,0.12980549,0.31043962,0.5423942,0.41258872,4.8078017,2.2311065,3.8001852,2.2456033,0.14493053,0.80575895,27.33207,0.6460573,13.483517,0.9986563,-6.207589,-2.9791555,-13.601126,-1.009821,0.02017523,1.5625664,0.9317181,0.8183347,10.459113,0.37420544,5.21336,2.6260731,31.462994,0.39202473,791.9981,0.22633745,1389.2983,0.15942729,-57.83709,-1.2762146,1858.532,0.13692357,1288.0525,0.34015328,-68.08786,-0.94568735,2972.8784,0.077358976,1046.2552,0.2608179,-73.58161,-0.8198046,-21.066162,-0.6654526,38.3848,0.3011398,0.05055386,0.38585183,-0.020813724,-0.6854256,0.1691683,0.66353714,32.27008,0.3767608,14.591782,0.91978127,-5.3672953,-3.6312253,-16.723951,-0.78526187,-5.5179687,17.393856,0.038868506,0.011787995,0.038345236,3.323263,2.1538463,0.36285713,0.34015602,0.08142857,0.06833292,-25.965876,11,16-2,28,SPEAKER_01,322.566667,326.6,322.74846875000003,326.6,2,3.3284062500000005,disengaged
37.03245,0.055643406,35.020523,36.849945,39.077263,4.05674,42.485016,24.784315,10.31742,5.709495,0.2554979,0.86744016,0.050307058,0.20158012,0.42745206,0.377145,4.549593,2.4759154,3.0781298,2.140295,0.10250116,1.2166123,21.612022,0.85135204,14.26923,0.94503397,-1.6894563,-10.006477,-14.22683,-1.3568962,0.017417602,1.2392819,1.1300497,0.9508401,10.414852,0.3524801,8.002699,2.2539392,33.270187,0.4087242,769.85474,0.21961768,1377.2714,0.15854116,-78.68582,-1.0938654,1876.3,0.12307869,1210.0508,0.22860205,-88.50122,-0.8444822,2952.8472,0.07438524,1007.53503,0.31710416,-91.37331,-0.79188544,-22.040838,-0.5059238,35.503532,0.28071645,0.05445243,0.39755124,-0.022825424,-0.84294206,0.14222477,0.93403226,30.342503,0.3542862,15.253969,0.9218456,-1.2370036,-14.821454,-21.365192,-0.87902445,-5.288378,15.046125,0.033921964,0.017854404,0.020369088,2.5505717,2.2084806,0.29799998,0.16972919,0.15857142,0.13639177,-28.26905,11,16-2,29,SPEAKER_01,326.633333,347.466667,326.633333,347.466667,6,11.38333399999999,engaged
37.97803,0.02551838,37.119385,38.11543,38.567146,1.4477615,70.800476,85.79114,7.589434,8.120479,0.19105375,0.846946,0.056028247,0.1405498,0.3151784,0.25915015,3.335608,1.6396644,1.8829594,1.818422,0.06915854,0.85430855,16.489754,1.18059,16.526535,0.8784229,1.6073884,7.374327,-9.738523,-1.4216273,0.022460222,0.69633836,1.8478037,0.70732945,10.148273,0.21133664,13.272304,0.66742855,31.67957,0.24420081,745.8233,0.19499078,1369.6614,0.14792778,-112.871544,-0.752972,1848.6404,0.10509553,1096.2074,0.17938156,-113.6173,-0.66970277,2930.4072,0.07530139,983.58453,0.41493738,-115.88805,-0.63679767,-19.110939,-0.6303946,31.98574,0.29354686,0.04876585,0.32133213,-0.016860794,-0.93959165,0.10078101,0.52722543,27.367146,0.41129047,14.804599,1.2035369,1.6755407,8.131783,-13.578093,-0.9931883,-5.747129,12.938528,0.041303612,0.0073618945,0.031644907,6.4,4.2016807,0.12,0.08876937,0.125,0.074330345,-33.99668,11,16-2,30,SPEAKER_01,347.5,348.766667,347.5,348.766667,1,1.266666999999984,disengaged
35.869442,0.06106712,34.28801,34.967945,38.682823,4.3948135,130.57346,128.70958,21.932875,16.36333,0.26013225,0.6283916,0.111254275,0.25250918,0.42441788,0.3131636,3.4413373,0.8523639,3.1276572,2.0511153,0.102543846,0.6700352,30.502028,0.35543895,11.509475,1.1447339,-1.743865,-10.573178,-15.59192,-0.802209,0.021012355,1.9879627,1.3035775,0.77851176,9.266384,0.34742105,12.398669,1.0288761,38.318653,0.23899868,719.8912,0.27555972,1471.0073,0.18856868,-58.988632,-1.3783845,1834.0413,0.14441311,1266.725,0.18666945,-71.5926,-0.98884195,2911.525,0.086529754,1104.2805,0.23616824,-76.59849,-0.87469584,-20.62655,-0.5715507,35.85824,0.20254274,0.059824742,0.25994337,-0.019827517,-0.8484684,0.117415376,0.5112015,33.554066,0.23659053,12.182549,1.1077628,-1.2602346,-15.680241,-18.125925,-0.6901789,-12.944085,24.91804,0.044997446,-0.00083804084,0.055838216,4.5045047,2.314815,0.318,0.15025312,0.094,0.05043808,-31.479065,11,16-2,31,SPEAKER_01,348.8,352.566667,348.8,351.72284375000004,2,2.230968750000045,engaged
35.689045,0.039822433,34.404022,35.512165,37.16754,2.7635193,53.12025,67.81142,10.584506,5.0278554,0.29407775,0.56027883,0.15663825,0.26016137,0.4450238,0.28838557,3.4555008,2.2760468,2.7540472,1.5091825,0.09951679,0.7546445,33.903427,0.37462887,13.306123,1.0400872,-2.6588414,-6.0918937,-16.851065,-0.9145091,0.01655175,1.0441226,1.1258693,0.79130447,9.580672,0.33204192,8.172011,1.2697524,38.715496,0.25763857,743.9008,0.22131014,1390.0564,0.16298734,-33.755856,-1.812513,1832.9685,0.12684266,1181.3824,0.20524977,-52.57605,-1.00289,2946.5984,0.072246075,1015.74335,0.26281834,-58.212704,-0.8535579,-22.275127,-0.47504374,37.111225,0.20670296,0.06406378,0.27181733,-0.02236444,-0.7518459,0.10484322,0.7117058,36.745853,0.20045955,13.036623,1.0909564,-2.8135552,-5.8303666,-19.085972,-0.7696818,-11.30661,21.908102,0.04532905,0.005624616,0.038165536,4.1800647,1.9933555,0.43166667,0.31740704,0.09666667,0.07318166,-30.836655,11,16-2,33,SPEAKER_01,353.233333,356.766667,353.233333,356.766667,2,3.1283339999999384,engaged
36.74784,0.038319297,35.5622,36.8007,37.836487,2.2742882,74.08812,84.94752,20.509825,10.250534,0.261357,0.7034808,0.09183437,0.22287267,0.43995774,0.34812337,4.6558237,2.9333756,3.11828,1.9400018,0.10523847,0.8542329,27.162966,0.46072754,11.732158,1.021706,-4.11902,-3.9132192,-15.627532,-0.9786211,0.023486601,1.1356789,1.292397,0.7467698,8.758995,0.40892574,6.766966,1.90422,31.75766,0.33501032,776.4993,0.22412972,1401.6857,0.161337,-55.51834,-1.3216023,1861.939,0.1303971,1213.0455,0.2360657,-65.30878,-0.98765296,2933.6096,0.07765611,1062.3674,0.27053565,-69.99054,-0.8860052,-20.420116,-0.45923203,33.39975,0.31371817,0.05454534,0.35890788,-0.021088207,-0.693839,0.12366315,0.72121274,30.993729,0.2886134,12.251135,1.0020032,-4.211614,-3.9757113,-18.94223,-0.795573,-8.556709,20.275702,0.038681213,0.012178962,0.037922923,4.4811325,2.3866348,0.32599998,0.25468412,0.08,0.05868939,-30.248987,11,16-2,34,SPEAKER_01,356.8,376.133333,356.8,361.51034375,3,4.254718749999995,disengaged
36.12515,0.07264543,34.627,35.556004,37.01177,2.3847694,162.20114,145.77316,17.577503,12.988048,0.23088004,0.84479034,0.06317751,0.18894762,0.37474102,0.3115635,4.3170033,2.6029017,2.9848957,1.9422228,0.09267955,1.0645739,25.535187,0.7260457,12.919914,1.1792552,-1.2986716,-13.319887,-8.650762,-1.6586223,0.019440992,1.2193942,1.3235761,0.83094466,9.074037,0.36767325,12.024572,1.0038729,36.975544,0.30769283,734.13214,0.26761782,1425.3271,0.17641716,-81.267845,-1.0703765,1825.1722,0.13055685,1244.0431,0.25917205,-88.60887,-0.85815096,2918.4917,0.08607401,1103.9761,0.25878355,-93.35012,-0.7740227,-20.503332,-0.60616046,34.67175,0.30595902,0.059893727,0.3455287,-0.014935942,-1.1487678,0.12590072,0.82426965,33.691196,0.34838274,11.986947,1.3995546,-0.6583047,-28.248037,-13.04655,-1.0726047,-8.191713,17.747877,0.041366193,0.009581041,0.027118115,3.4074075,2.9017859,0.21923076,0.24647653,0.11628571,0.12069053,-31.465996,11,16-2,36,SPEAKER_01,380.033333,396.1,380.15721875,396.1,4,13.512781250000103,disengaged
38.212074,0.06700317,36.218212,37.69169,39.656208,3.437996,67.435745,57.913918,24.372149,13.50789,0.36424255,0.80025685,0.075944185,0.30947536,0.62585926,0.5499151,6.893513,4.733345,4.3150187,4.0595665,0.1420519,0.9786749,22.482744,0.7251448,9.550611,1.4301867,-3.9237883,-3.952884,-17.423466,-1.00175,0.018990807,0.9000286,1.1776083,0.91996115,9.703704,0.36970568,6.576774,2.0193057,29.446016,0.38693234,789.26263,0.20034191,1261.632,0.17398521,-56.47208,-1.3832322,1875.5055,0.10026539,1032.1921,0.27896175,-68.92469,-0.9874414,2961.9192,0.06474905,891.87384,0.4358471,-73.28185,-0.8927599,-18.886423,-0.57096654,29.908957,0.3834489,0.05675572,0.3144586,-0.024192281,-0.7706686,0.17588273,0.80266464,26.909586,0.4217939,8.540533,1.6380279,-4.244929,-3.8145127,-22.717602,-0.6688771,-7.3836565,17.049524,0.036192395,0.013047273,0.03552291,3.586498,2.3454158,0.3181818,0.20328297,0.091,0.076216795,-27.324167,11,16-2,37,SPEAKER_01,396.133333,405.9,396.133333,405.9,4,4.754792000000009,engaged
29.532011,0.04445792,28.71282,29.662346,30.735498,2.0226784,56.424644,80.396065,17.560009,22.061502,0.20482326,0.919765,0.029194675,0.15275115,0.38167527,0.3524806,3.569842,1.3490882,1.0534893,1.0173391,0.05760214,1.0360764,11.831283,1.9852595,13.444505,0.7716451,11.149423,1.3185577,0.3075562,39.80501,0.014175015,0.9596934,1.137494,0.76831,7.628232,0.2845463,3.8209038,1.4260426,31.905296,0.18148553,490.94382,0.29401094,1334.0065,0.13507056,-109.00762,-0.865827,1590.6793,0.099479735,1018.8403,0.23039052,-114.165,-0.75497836,2673.6072,0.06838912,1260.9408,0.44576368,-118.674355,-0.6875256,-16.778221,-0.43086046,27.809994,0.24942462,0.04603475,0.48335937,-0.009371035,-1.5438509,0.10198172,0.53949296,29.621407,0.37256023,13.080076,0.8489954,18.613718,0.8428952,-0.93726045,-12.782306,0.9403554,6.9380116,0.03404591,0.024370862,0.018104665,2.5252526,2.0725389,0.225,0.06873863,0.2325,0.15122417,-33.962902,11,16-2,37,SPEAKER_00,396.133333,405.9,401.63909375,403.63034375,1,1.9912500000000364,engaged
35.860607,0.076814346,34.945942,35.567097,36.114063,1.1681213,29.150557,35.694042,141.25069,113.25508,0.3026569,0.7014511,0.111375704,0.23237576,0.5189957,0.40762,6.272242,4.9377785,3.1360223,1.4348612,0.11716088,0.8856938,25.930151,0.736934,8.384938,2.0250237,-9.396303,-1.8453565,-12.452816,-1.0757574,0.01707735,0.92648995,1.1773224,0.7633105,7.9530587,0.46795008,7.7474556,1.4525421,35.357327,0.34104773,766.0859,0.23917405,1363.5044,0.20170437,-65.81804,-1.2943811,1846.8776,0.11763058,1198.155,0.25274503,-75.940125,-0.98738927,2928.2285,0.08248057,1108.6954,0.25679225,-81.51492,-0.86939675,-16.246529,-0.8764465,31.066463,0.42087683,0.06552551,0.21276778,-0.015150859,-1.1761628,0.14427155,0.7415082,31.05182,0.48344532,7.585108,2.4737318,-7.7020617,-2.511223,-14.254407,-0.90342176,-8.211862,19.814114,0.05408045,-0.0036002381,0.049453035,4.347826,3.4129696,0.19899999,0.1774514,0.08333333,0.041096095,-31.525393,11,16-2,38,SPEAKER_01,405.933333,408.933333,405.933333,408.933333,1,3.0,disengaged
35.747932,0.0656141,34.352165,35.454018,36.930664,2.5784988,324.63593,463.83755,25.05694,28.23505,0.23148215,0.7658795,0.07551598,0.18593948,0.3868937,0.3113777,4.271308,2.049771,2.6255417,1.5588578,0.0871327,0.93045914,23.977789,0.8293181,12.486623,1.1835158,-4.789295,-3.4663157,-7.8290977,-1.8221799,0.01637198,1.2336463,1.1898849,0.7543591,9.0436735,0.33052677,11.317443,1.1669236,38.775692,0.26495445,727.8745,0.27316836,1402.3296,0.16435915,-77.1385,-1.1407907,1800.4377,0.13254514,1220.7728,0.20450273,-85.12307,-0.89685196,2909.7603,0.08293184,1082.8236,0.23300052,-91.294395,-0.7841425,-18.403267,-0.68515134,34.58306,0.31147093,0.06188107,0.28230748,-0.012660918,-1.4051296,0.113531075,0.6885161,32.42245,0.4034326,11.018106,1.4131774,-5.777691,-3.1526258,-12.934786,-0.97716796,-8.164603,17.854261,0.046331678,0.013352742,0.033521935,3.6569989,3.4307497,0.18592592,0.13256052,0.09583333,0.067076854,-32.893425,11,16-2,39,SPEAKER_01,408.966667,428.433333,408.966667,428.433333,5,7.941041000000212,engaged
37.34081,0.0594626,35.52301,37.34237,39.25262,3.7296104,134.43845,158.37706,18.548101,11.640994,0.26606965,0.92347234,0.023743195,0.2074818,0.5176439,0.49390075,4.3216577,2.4489481,3.246946,2.0010815,0.09458518,1.0400261,18.39249,1.1103268,10.872931,1.2252218,-3.3063812,-4.025362,-12.671679,-1.3052701,0.016609877,1.1544614,1.0941925,0.8764667,9.710673,0.34769318,5.6507225,2.0862947,32.93138,0.31801406,775.7526,0.21548998,1326.2738,0.17355973,-90.71503,-1.0077173,1856.0906,0.12599446,1150.1249,0.27112117,-98.77352,-0.8175921,2928.4727,0.077163905,969.39996,0.2886212,-102.44192,-0.7567102,-19.05386,-0.57700384,31.503752,0.36046597,0.057146154,0.32237634,-0.02306032,-0.8348737,0.13821238,0.6510032,29.659458,0.43585697,9.550454,1.5976251,-5.2359366,-2.8052478,-20.544466,-0.77156866,-5.3724575,13.710624,0.037538167,0.017470099,0.02999521,3.4353528,2.1929824,0.2642857,0.24421637,0.1809091,0.22639951,-30.68748,11,16-2,40,SPEAKER_01,428.466667,460.2,428.466667,460.2,10,16.022708000000193,disengaged
31.131472,0.07529975,29.459366,30.875044,33.273895,3.8145294,143.91179,191.51682,35.69762,30.118992,0.3027576,0.7834867,0.09119287,0.25605,0.49031445,0.39912158,5.7957063,3.6471806,4.1366277,2.3299549,0.121642485,0.9776207,21.2543,1.226634,15.68052,0.7434509,11.574227,1.2272832,0.31551296,36.388172,0.017920861,1.0366149,1.1752208,1.008132,8.148699,0.3494787,4.2738743,1.898603,35.18846,0.23820934,589.88196,0.30998233,1389.6163,0.16630732,-78.89872,-1.1029931,1707.0424,0.12484294,1143.7837,0.24741332,-88.98714,-0.87099636,2799.51,0.08119519,1099.0344,0.3007103,-94.09817,-0.7830564,-20.427092,-0.55043846,32.592003,0.35703397,0.0490457,0.442824,-0.017469265,-0.9803846,0.16480047,0.7135708,34.730793,0.43598428,15.3890505,0.76731586,13.64822,1.089215,-2.0498247,-5.9119425,-1.6595062,9.813506,0.03414023,0.016089305,0.043102775,3.470437,2.7237353,0.23047619,0.1935748,0.12789473,0.09006307,-27.659727,11,16-2,40,SPEAKER_00,428.466667,460.2,433.95471875,458.50784375,5,7.796249999999986,disengaged
38.14263,0.04361071,36.799454,37.916267,39.62519,2.825737,46.181488,50.52443,20.737316,16.439306,0.3490339,0.84669375,0.080225974,0.2729584,0.68485904,0.6046331,4.022986,2.7047553,3.0383468,1.7322289,0.08478246,1.0382159,13.202227,1.4784486,7.4689817,1.6762751,-0.14245221,-111.14189,-25.54319,-0.9183534,0.013386987,1.333404,0.7740138,1.0264065,11.067497,0.23047248,6.214149,1.6782839,25.097109,0.26246488,768.8811,0.19960096,1307.665,0.24295874,-72.15314,-1.2311548,1910.5645,0.11876373,997.22363,0.31288242,-83.634735,-0.9391735,2932.3027,0.056896262,801.7667,0.45768896,-82.69265,-0.9577456,-16.35933,-0.4364871,24.327837,0.4086566,0.062268004,0.36640534,-0.029415615,-0.57130283,0.1187831,0.74528885,23.461124,0.37728798,7.665283,1.7637614,0.0378438,463.0215,-36.078312,-0.59822667,0.39225268,7.8601794,0.040662725,0.015962677,0.018176205,2.5641026,1.8656718,0.354,0.3013702,0.162,0.1343726,-29.880323,11,16-2,41,SPEAKER_01,460.233333,463.166667,460.233333,463.166667,2,2.747708999999986,engaged
40.176136,0.06581988,38.403286,40.539963,42.462673,4.059387,58.837025,42.687664,17.124794,10.77535,0.36649817,0.82279503,0.025301814,0.35956106,0.6736772,0.6483754,5.3856983,3.240627,1.4217156,1.4015157,0.10054486,1.1124264,15.030886,0.9370293,14.679951,0.6155163,-1.5005934,-6.9010468,-36.660004,-0.7612645,0.012417779,1.1422338,0.75690305,1.0063043,12.087658,0.26048592,16.978369,0.3124853,32.75442,0.29213575,757.9832,0.16295055,1291.582,0.16627902,-57.68309,-1.3877836,1933.836,0.10707029,1051.3103,0.24542859,-73.78933,-0.91825205,2925.8516,0.06366229,735.3359,0.37131155,-69.55434,-1.0124366,-19.17266,-0.3680781,26.047235,0.407653,0.062247444,0.25359422,-0.03585133,-0.5112173,0.13088156,0.8708438,19.1463,0.599652,15.979024,0.5480591,-3.5357175,-3.0592701,-48.444763,-0.4498297,-4.612874,13.806939,0.034706917,0.029098535,0.006194055,1.8099548,1.3953489,0.5433333,0.23809429,0.15333332,0.118133634,-27.916594,11,16-2,42,SPEAKER_01,463.2,478.3,463.2,474.97784375,3,2.2265937500000064,disengaged
30.61438,0.06743986,28.621145,30.658726,32.2758,3.6546535,51.682457,46.839336,30.83155,15.0104885,0.3049149,0.73461556,0.084358916,0.27657267,0.49649674,0.4121378,3.9396875,1.6788945,1.6385913,1.2648417,0.10726577,0.7632682,31.260307,0.5224551,18.806578,0.5541516,9.521179,1.484204,0.6990858,16.934887,0.019202603,1.106277,0.8400572,0.9363019,8.3047695,0.33382222,5.4784937,1.4677008,41.385532,0.16982418,523.854,0.36959967,1389.6991,0.178699,-53.55584,-1.4588246,1591.5088,0.16046448,1184.5022,0.22395623,-67.751335,-1.0147638,2780.7288,0.08128765,1186.3557,0.34362432,-78.291626,-0.7986132,-20.99205,-0.49952507,37.135227,0.3047921,0.047905408,0.56669295,-0.0125404885,-1.0877585,0.13469684,0.5707331,36.022667,0.3819329,18.681467,0.56947786,7.699074,1.9529734,-2.3099024,-5.055951,-16.267069,27.301783,0.0060491627,0.010425901,0.020929383,3.5353537,3.125,0.23666665,0.15423648,0.078,0.04308132,-27.969662,11,16-2,42,SPEAKER_00,463.2,478.3,464.90346875,470.1347187500001,4,1.99125000000015,disengaged
34.675568,0.068404354,32.42165,34.23907,36.500835,4.0791855,268.36115,342.9042,24.489576,29.046934,0.44025174,0.47341517,0.26485604,0.4485509,0.6021042,0.33724815,5.868516,1.9258851,0.02648754,2.4598439,0.14329188,0.5755453,18.783182,0.46931624,10.461026,0.5912416,-8.669164,-0.99927133,-11.563941,-0.74478674,0.025144778,0.86237967,1.5899187,0.4069242,3.3373084,0.6345218,2.0174956,4.621282,25.851515,0.23135002,697.95514,0.25164053,1257.6138,0.18317208,-110.37715,-0.8024988,1744.8529,0.15543713,1017.16583,0.17803203,-113.66614,-0.7326621,2743.594,0.074606456,940.9321,0.28522465,-116.74905,-0.6834142,-13.432951,-0.3113893,24.628704,0.2953336,0.03333101,0.53819984,-0.022691771,-0.6472975,0.1689635,0.43916935,22.472672,0.44392926,9.3036,0.8302878,-9.294896,-1.0687736,-14.982408,-0.5040726,-11.455921,18.336945,0.025545431,-0.017665088,0.11322181,4.424779,5.555556,0.07666666,0.04027682,0.125,0.09233092,-31.533117,11,16-2,42,SPEAKER_03,463.2,478.3,475.41659375,478.3,3,1.1452812499999254,disengaged
39.11858,0.07202871,37.013474,39.813423,41.301247,4.287773,92.54772,152.58049,35.316933,32.01534,0.16352265,1.1473334,0.017177125,0.08281884,0.31805837,0.30088124,5.595138,4.156437,3.725842,3.374863,0.06733129,1.4032739,16.143835,1.2531929,12.881103,0.74109614,-4.378562,-2.4463866,-10.951979,-1.4650365,0.028242022,1.5353948,1.4656428,0.92208,10.413493,0.34776726,7.6361747,1.1415812,34.023014,0.22716846,809.86084,0.19824499,1295.3448,0.15467648,-112.29175,-0.78462607,1900.4951,0.11391987,1155.2684,0.16615097,-119.09521,-0.64881974,2947.878,0.07509055,990.67786,0.32176715,-121.66633,-0.6144441,-21.334768,-0.40780503,35.20123,0.28717858,0.047032747,0.30109566,-0.019811887,-0.8299397,0.11596537,0.90148646,29.466402,0.345122,11.231913,0.9091403,-7.8231745,-1.5404749,-21.158869,-0.78600943,-6.9400334,15.735908,0.038500156,0.014449137,0.020200368,4.0,3.188406,0.14727272,0.18040816,0.13333333,0.16952549,-32.906254,11,16-2,44,SPEAKER_02,479.433333,484.533333,479.8040937500001,483.83721875,2,3.509999999999877,disengaged
38.579124,0.081414565,35.954857,38.01054,40.479214,4.524357,152.03542,224.6506,26.42668,20.856503,0.5581425,0.8757205,0.08984456,0.39648545,1.0442461,0.9544015,10.540291,5.926993,6.33148,3.5913587,0.20897609,0.9887837,19.40289,0.828213,6.3048725,2.1396668,-8.173019,-2.0537424,-17.084854,-1.033642,0.014680121,1.1913773,1.0142704,1.0270602,10.814132,0.30274525,4.4459023,2.393863,26.518473,0.41139463,763.49457,0.20572333,1315.3314,0.1695026,-63.09557,-1.3051983,1822.7339,0.11968669,1055.4966,0.30520308,-71.2766,-1.0310471,2893.9158,0.06930639,870.41205,0.30245185,-76.18147,-0.92047364,-15.9768,-0.57169366,28.35356,0.35325846,0.058914676,0.38678363,-0.02207836,-0.83773774,0.26347208,0.78609574,24.511724,0.46753561,5.0697665,2.7679565,-8.233072,-2.1144037,-21.379711,-0.8105519,-5.32192,14.671331,0.04301935,0.0051089227,0.05625299,3.1690142,2.3893805,0.30148146,0.19670816,0.10875,0.10244155,-23.160852,11,16-2,45,SPEAKER_02,484.566667,514.866667,485.11971875,512.42346875,11,11.373749999999973,engaged
38.97334,0.0696961,36.682053,39.020542,40.903496,4.221443,88.29346,82.54757,24.2051,14.210007,0.49184042,0.7445392,0.1681757,0.43355313,0.78244615,0.61427045,7.538495,3.0040267,6.0736165,4.316358,0.17167355,0.9330554,24.188532,0.5443156,9.733216,1.3730178,-5.4136086,-2.86867,-30.731863,-0.68657434,0.015307831,1.2621657,0.8082575,1.0009658,11.412379,0.27958298,7.6685967,1.3161756,32.628105,0.2379842,778.46265,0.22207251,1327.9315,0.17972147,-39.54137,-1.7359396,1895.1724,0.13541403,1111.2083,0.33048975,-53.644836,-1.0772964,2939.5063,0.0758116,934.3998,0.3282574,-57.07852,-0.98284847,-19.556627,-0.47418928,30.63627,0.32837337,0.05904952,0.2966141,-0.032438617,-0.5681035,0.1939046,0.82991487,25.718945,0.44635665,8.549327,1.6160984,-7.2126846,-2.178944,-35.134605,-0.5615114,-12.807087,21.775654,0.04510014,-0.0018774983,0.061872885,2.8653295,1.7492713,0.48166665,0.2786525,0.07,0.08679477,-24.902803,11,16-2,45,SPEAKER_01,484.566667,514.866667,485.94659375,514.866667,5,3.50632324999998,engaged
35.99061,0.039180648,34.568054,35.662167,37.879086,3.3110313,36.370014,35.77507,21.672104,10.20151,0.21149202,0.72684014,0.064007044,0.18489277,0.35989437,0.29588732,3.993435,2.4294038,2.5141943,1.3534633,0.0782172,0.9691077,19.308556,1.2884667,14.663603,0.81922257,-4.9364185,-3.3475602,-10.00738,-1.5377824,0.015358472,1.0149931,1.2085891,0.87935156,9.4823265,0.3059584,12.483079,0.8962334,38.350502,0.2283861,764.7716,0.24870312,1436.3446,0.15663786,-90.982735,-0.97166157,1886.2625,0.13448544,1237.0752,0.2671989,-95.193756,-0.81424147,2983.3152,0.076198384,1118.7863,0.2552824,-99.22065,-0.74838716,-20.052801,-0.55212927,36.417053,0.25822833,0.059348427,0.39700782,-0.018666567,-0.84483016,0.11395054,0.647081,34.820084,0.28643587,13.400467,0.9047358,-2.5690851,-7.196164,-17.420391,-0.83607596,0.049138576,7.6497774,0.04353326,0.018560974,0.02297313,3.286385,2.415459,0.252,0.104766406,0.11666667,0.11855613,-33.375908,11,16-2,47,SPEAKER_01,515.633333,519.4,517.23284375,519.3759687500001,1,2.1431250000000546,engaged
38.708908,0.13633509,36.04224,37.565872,39.52434,3.4821014,48.6449,2.0715373,143.82262,0.0,0.18421634,1.4897289,0.008055306,0.07854783,0.30159423,0.29353893,6.6034975,5.2238617,0.2356718,1.9089342,0.09162244,1.9852203,3.874468,6.0181623,6.6692915,2.3721247,-8.4762,-2.002701,-1.61579,-6.783231,0.022730643,0.84227735,1.4477257,0.6052872,6.817299,0.8035123,7.5904145,2.5360746,27.703957,0.717663,720.84796,0.22351855,1435.599,0.1614547,-137.93628,-0.6134125,1751.9299,0.1335522,1166.8962,0.23275906,-133.80106,-0.61538243,2872.4468,0.08571764,1052.2589,0.24106178,-137.34853,-0.5584661,-16.204054,-0.82190865,29.71847,0.4594849,0.049430467,0.39880544,-0.008271585,-2.3362157,0.16037916,1.096614,24.73537,0.7353314,11.180358,1.2854744,-3.507411,-5.59762,-6.3931828,-1.8917776,2.8176417,7.8547616,0.031789307,0.030051174,0.014203759,2.3809526,2.4509804,0.148,0.09887365,0.24,0.22027256,-30.891407,11,16-2,48,SPEAKER_01,519.433333,521.833333,519.71346875,521.833333,1,2.1198642500000915,disengaged
40.829147,0.09938497,36.85587,40.998096,45.080177,8.224308,576.56555,603.2266,20.218788,3.6202,0.6394584,0.86152065,0.14695379,0.4757065,1.2078922,1.0609384,14.027828,7.652195,7.6442003,3.9388778,0.34927282,1.1613135,14.068411,1.3621778,-7.195712,-2.3169384,-27.113176,-0.5262367,-14.057079,-1.0113475,0.021436928,1.0352235,1.5058786,0.742463,7.3806167,0.49228767,-2.9626083,-3.1558797,26.758919,0.2796033,857.5105,0.15754901,1314.6013,0.11844794,-45.212425,-1.8387835,1841.2751,0.109201096,1157.9591,0.1963338,-55.378193,-1.341919,2934.7324,0.07058727,969.92365,0.3941853,-65.5132,-1.0489576,-5.442369,-1.861066,25.674265,0.31552985,0.05291808,0.2747836,-0.008647261,-2.109208,0.44347993,0.95612764,19.802547,0.63695115,-10.860931,-1.4650035,-28.819206,-0.5229324,-18.590336,-0.67587703,1.2198287,11.055713,0.0442983,0.008937516,0.07864088,3.9106145,2.8735633,0.26,0.1001998,0.068,0.027856776,-22.604958,11,16-2,50,SPEAKER_01,522.333333,526.966667,522.333333,526.5815937500001,4,1.8013857499997812,disengaged
37.474785,0.032642405,36.149395,37.07553,38.91107,2.7616768,28.492853,19.869543,13.525116,1.2982234,0.23183998,0.8978839,0.034024745,0.1685025,0.42947763,0.3954529,5.9072948,1.9712155,5.045567,1.3656434,0.11819506,1.0156347,19.117437,0.94884706,10.06539,0.83528423,-9.269121,-1.5220593,-16.929106,-0.94699967,0.01800863,0.87375396,1.4459003,0.50243336,9.200272,0.30985793,1.833919,9.246508,31.797218,0.29994255,738.94366,0.28153148,1396.1455,0.1580599,-104.18604,-0.87849265,1826.355,0.16485275,1138.7361,0.21490043,-106.53939,-0.76773727,2962.952,0.09018013,1022.1088,0.24306555,-110.82128,-0.6989775,-21.06332,-0.35705805,33.717327,0.22948061,0.058802593,0.2766293,-0.028334491,-0.5617074,0.18588622,0.6334531,31.659555,0.24742883,10.924224,0.9416974,-8.157092,-1.8855685,-27.022106,-0.4496727,-6.320318,15.398764,0.04064844,0.009586787,0.04682145,5.042017,2.631579,0.19999999,0.070710674,0.1175,0.079490565,-31.025642,11,16-2,51,SPEAKER_01,527.0,528.5,527.2903437500001,528.5,1,1.2096562499998527,engaged
36.770294,0.048965063,34.984188,36.893723,38.29009,3.3059006,57.79519,72.465355,25.343801,8.869824,0.2361412,0.8220272,0.063998684,0.18983121,0.35533726,0.29133856,4.3778505,3.5795949,2.6525815,1.0777038,0.11377452,0.94722795,27.139982,0.5900796,17.587336,0.67622817,3.3973129,5.440113,-6.850096,-2.272522,0.022107238,1.0462097,1.2585465,0.8971352,10.192646,0.31623396,11.759776,1.0312123,34.0283,0.28764555,818.8398,0.2436486,1407.0143,0.14221743,-61.53548,-1.0858971,1926.034,0.12765945,1257.3406,0.25269124,-69.535194,-0.8673198,3009.874,0.07578349,1117.3602,0.26778844,-74.58242,-0.7672257,-25.934233,-0.3890892,39.711613,0.2204452,0.043356474,0.45632994,-0.015409261,-1.1046263,0.13759315,0.7987292,33.0659,0.20807667,17.673113,0.6784072,5.817469,3.2455752,-9.683268,-1.5375413,-8.950418,20.291237,0.04479649,0.01309286,0.03264217,3.1914895,2.1978023,0.35999998,0.17930421,0.07,0.030822068,-27.65977,11,16-2,52,SPEAKER_01,528.533333,531.1,528.533333,530.42909375,1,1.8957607500000222,disengaged
36.289375,0.0858352,33.514183,36.47247,38.48285,4.968666,13.644505,11.397989,30.744783,8.762707,0.5422262,0.66127884,0.15274759,0.5610417,0.8835399,0.73079234,5.493922,1.7094448,3.361762,1.6262616,0.16508391,0.7245059,30.433271,0.46597546,9.839083,0.98298705,3.4133697,3.5719464,-12.410678,-1.0253059,0.012295539,1.2094982,0.7443078,1.2520396,11.580067,0.22491391,9.734154,0.6367824,32.02384,0.3333819,770.15436,0.24956433,1401.1405,0.22586332,-42.749084,-1.4937027,1836.8429,0.1228012,1115.3562,0.21298897,-53.701378,-1.0415362,2938.9053,0.06975622,950.54364,0.33623633,-59.649162,-0.8943703,-19.67442,-0.409428,32.760147,0.29665044,0.05890544,0.3251672,-0.018994186,-0.7406681,0.19037867,0.5876996,33.515297,0.3416814,9.640269,1.0382909,2.8561258,4.3935933,-14.165266,-0.85760146,-10.363627,19.159452,0.018112576,0.019172275,0.014076206,4.545455,1.6877638,0.5025,0.31147832,0.089999996,0.061644137,-22.450356,11,16-2,56,SPEAKER_02,537.566667,542.7,539.96346875,542.7,2,2.432781250000062,disengaged
33.485004,0.048992038,32.162636,33.542316,35.136707,2.9740715,85.84011,88.591545,19.978176,10.134865,0.2564484,0.62348,0.087251306,0.23726621,0.40122968,0.31397837,4.0436015,1.7063333,1.5494187,1.3004763,0.09501635,0.7874894,34.860813,0.3630835,19.087063,0.64854854,14.073033,0.715988,-1.5037553,-8.311506,0.014157605,0.9356903,1.1467985,1.0296423,10.175645,0.24955708,12.221331,0.5522663,42.588177,0.17176116,645.02155,0.2592212,1375.5641,0.11619054,-42.76611,-1.3560936,1799.6279,0.0766569,1190.5164,0.15900761,-61.083546,-0.804755,2890.602,0.05613831,1057.7941,0.21424158,-65.74267,-0.7214835,-27.376978,-0.35334587,39.172825,0.22623822,0.051597215,0.34307504,-0.019386917,-0.93059325,0.10958461,0.6844326,37.997307,0.29201388,21.146751,0.47396848,14.937683,0.685784,-4.959238,-2.0197132,-17.078331,28.863373,0.023809746,0.017317738,0.023812471,5.3846154,3.2,0.26,0.11467345,0.0325,0.016393596,-27.967571,11,16-2,57,SPEAKER_02,542.733333,551.233333,542.733333,544.04721875,1,1.3138857499999403,engaged
36.474937,0.085235596,35.0822,36.05489,37.939533,2.8573341,83.58708,132.89278,41.017685,44.048668,0.21831796,0.7865908,0.0626843,0.19409005,0.33722317,0.27453887,3.7411103,2.268144,2.3468068,1.1855674,0.08901191,1.0009855,23.527374,0.93154377,15.61862,0.9030812,-0.6908381,-22.795502,-9.738038,-1.5470665,0.021433614,1.4302607,1.1571244,0.785754,9.514588,0.3816041,11.069786,1.1541548,37.46345,0.28607094,735.48364,0.24315648,1417.1307,0.18522961,-76.64619,-1.1049926,1841.0002,0.12858509,1219.5778,0.23430862,-86.07816,-0.8544637,2940.7266,0.08079329,1086.9796,0.22760755,-89.984634,-0.78225887,-22.986444,-0.55001175,36.700806,0.34233725,0.05832979,0.32318446,-0.019198246,-0.911839,0.11796245,0.7570305,33.22287,0.43556777,15.764427,0.9625222,-0.16656372,-103.13969,-15.056113,-0.9128876,-5.9127398,14.450167,0.03605188,0.017322067,0.02095069,3.3966033,2.4096386,0.27875,0.17400461,0.13238095,0.14219052,-30.447613,11,16-2,58,SPEAKER_01,551.266667,561.9,551.266667,561.9,2,10.02583299999992,disengaged
37.852585,0.05447248,36.468998,37.791805,39.264946,2.795948,134.57552,143.53763,16.224674,10.666967,0.2855219,0.748554,0.067202955,0.26163068,0.5164227,0.44921973,3.7455232,2.9589813,2.1005719,1.9398347,0.0805054,1.0133672,26.156967,0.5955985,10.541481,1.0189877,-9.3487215,-1.7306643,-23.53108,-0.8062233,0.016505713,1.8496907,0.9344309,0.9663095,11.079913,0.26695782,2.8784406,3.8622587,36.272175,0.21319579,809.62244,0.1834952,1302.715,0.15526107,-61.97633,-1.3989364,1905.4181,0.10646272,1183.3456,0.2505465,-77.03105,-0.9494211,2999.4094,0.06593774,930.63196,0.3420782,-81.54899,-0.8600319,-22.308115,-0.30885777,36.761677,0.19117737,0.06216884,0.31759185,-0.03130881,-0.54869115,0.10192101,0.83146703,32.527946,0.2335015,9.829973,1.0341467,-11.992565,-1.4024087,-30.524527,-0.54667544,-9.118578,19.559607,0.040365994,0.011986351,0.023995358,2.4287224,2.0191286,0.35,0.32136223,0.13764705,0.10574828,-29.81957,11,16-2,59,SPEAKER_01,561.933333,582.1,561.933333,572.8190937500001,4,9.485135750000154,engaged
37.085987,0.08160761,34.893105,37.10822,38.505066,3.6119614,181.51445,271.27008,37.464233,43.302597,0.22711985,0.84426033,0.054518495,0.16542995,0.4145236,0.3600051,5.423788,3.502051,3.3014126,2.4226856,0.1053701,1.0381948,22.780169,0.78366,12.653094,1.1713228,-2.3754616,-7.335628,-9.818216,-1.4737704,0.02285438,1.0080614,1.3456635,0.81386846,9.018775,0.42728335,9.537648,1.3961632,33.661816,0.39833283,758.3175,0.24440098,1399.8385,0.15277915,-86.163605,-0.9893026,1861.0359,0.123642124,1184.6862,0.21368091,-91.39095,-0.8268288,2950.9548,0.07905701,1071.6636,0.2759633,-95.85159,-0.7487793,-21.670443,-0.5443693,35.26141,0.30484486,0.05478958,0.36785367,-0.017137697,-1.0947922,0.14380343,0.78694385,30.831707,0.36835566,13.156224,1.105783,-1.0467274,-17.821571,-14.7541065,-0.9402171,-7.027121,18.57516,0.04062088,0.014402197,0.034781113,3.915344,3.2978725,0.18741935,0.123313606,0.11479999,0.1231948,-30.041697,11,16-2,60,SPEAKER_01,582.133333,596.666667,582.2690937500001,596.2078437499999,7,9.466874999999618,disengaged
38.54416,0.07945784,36.287746,38.227448,40.328915,4.041168,61.12669,84.19165,28.527485,31.90236,0.4813958,0.75613445,0.102272116,0.44520506,0.7723562,0.6700841,7.967981,3.8091223,4.6973333,2.9407833,0.14145218,1.0911354,20.637077,0.7680465,6.476704,1.988977,-8.973833,-1.4592396,-22.554956,-0.7725423,0.013689509,1.3695706,0.85956305,1.2257817,10.940994,0.33852488,8.256377,1.1601092,32.369427,0.30153927,759.73364,0.19932175,1339.4205,0.17237687,-53.263916,-1.5068752,1819.6246,0.104701966,1043.4825,0.28043774,-62.618126,-1.135893,2953.8708,0.06668411,855.20905,0.42471513,-69.38099,-0.9601597,-15.424289,-0.6452816,26.891167,0.3901898,0.06583077,0.26794177,-0.025040878,-0.77002966,0.16937561,0.94662327,24.832603,0.4922747,3.9925597,3.1950855,-11.098398,-1.2047321,-27.739243,-0.5525338,-8.001475,17.352024,0.043347683,0.006656373,0.047234397,2.987013,2.486911,0.30210525,0.29430702,0.08588235,0.050533485,-26.806425,11,16-2,61,SPEAKER_01,596.7,608.566667,598.5534687500001,608.566667,5,7.718198250000114,engaged
36.541447,0.05564947,34.465736,36.643322,38.450912,3.985176,58.170044,9.890052,21.559668,1.7768717,0.16276655,0.751569,0.062469076,0.12686098,0.27113047,0.20866139,3.3881538,1.2616304,2.61934,1.9150149,0.07692483,0.87977135,21.940859,0.877696,18.052265,0.5646842,2.489106,4.837466,-9.211823,-1.7280481,0.021371048,0.8170548,1.8060246,0.7595982,9.202289,0.34660006,10.960106,1.1567038,35.87991,0.21507813,758.2659,0.18649782,1375.2963,0.118777536,-95.02886,-0.8908288,1902.8633,0.089306705,1240.1237,0.22997043,-103.01145,-0.71976465,2953.46,0.068661325,1085.4805,0.19972503,-105.29463,-0.6861288,-23.618538,-0.4088548,35.478355,0.29836103,0.052017186,0.4171015,-0.021796392,-0.75463957,0.09965809,0.6543763,30.305542,0.44822112,18.634031,0.52611715,3.3374557,4.096254,-13.907677,-1.0847167,-12.522005,20.680717,0.04228678,-0.001153124,0.051567983,6.206897,4.285714,0.13,0.12832251,0.08333333,0.04068852,-34.75674,11,16-2,62,SPEAKER_01,608.6,610.2,608.6,610.06221875,1,1.4622187500000337,disengaged
36.56607,0.03687671,35.342766,36.414276,38.031708,2.688942,61.100945,66.66372,14.0671425,6.5755405,0.24483271,0.73880047,0.0958833,0.21814413,0.37943447,0.28355116,4.5039854,2.0749295,0.8352282,1.5485427,0.08421967,0.99034536,19.56087,1.3049343,14.16994,0.9916031,-4.5836754,-3.4733193,-12.670244,-1.2026057,0.011764129,0.5586555,0.9611579,0.87580734,9.9391165,0.30146652,8.282865,1.5679079,36.31226,0.31537396,723.9885,0.23927312,1435.6415,0.16830471,-69.572525,-1.2497734,1842.1072,0.13371924,1179.778,0.29507768,-79.02969,-0.9465901,2947.7183,0.08311808,1080.5757,0.2994044,-83.982124,-0.8481938,-21.220434,-0.5872087,35.93389,0.30770275,0.060003474,0.30805054,-0.020670751,-0.7273229,0.11045331,0.7248794,33.786106,0.2932937,13.490355,1.0701138,-2.8088915,-6.102254,-18.641191,-0.69999367,5.075742,0.9402539,0.034479335,0.026488647,0.009662215,3.114187,1.7667845,0.39799997,0.23540601,0.1875,0.23101677,-32.004456,11,16-2,63,SPEAKER_01,610.233333,614.366667,610.72034375,614.366667,3,2.9038232499999594,engaged
36.66663,0.08609726,34.54484,36.12492,38.212215,3.6673737,107.90238,166.17027,26.134312,33.01906,0.24548066,0.7787463,0.079306126,0.19619803,0.38584736,0.30654123,4.5631046,2.8561184,2.7741485,1.3198771,0.1093978,0.9786711,22.540844,0.922165,15.063916,0.9811142,-2.7267644,-6.365037,-7.444278,-2.158186,0.01922776,1.2320696,1.2371818,0.82590854,9.431129,0.33940747,9.735082,1.2012997,35.16997,0.322952,761.95715,0.26807007,1411.6708,0.16186528,-77.607925,-1.0651695,1831.6259,0.13089722,1219.7341,0.22862506,-85.14103,-0.8590926,2941.764,0.080090076,1050.0096,0.24232644,-90.17915,-0.764314,-21.871628,-0.553743,36.61641,0.31340322,0.05313053,0.3605841,-0.01667859,-1.0329691,0.14362858,0.75343263,31.385843,0.42205253,15.621437,0.9442105,-2.082997,-8.915443,-12.242134,-1.2412456,-4.729397,14.67252,0.03924485,0.014131433,0.03300985,3.7037039,2.959029,0.22538461,0.1260819,0.101428576,0.07179904,-29.647676,11,16-2,64,SPEAKER_01,614.4,632.5,614.4,628.9453437500001,4,13.245968750000088,disengaged
36.53324,0.03239246,35.383938,36.588818,37.482506,2.098568,30.61281,20.65238,20.652979,12.870112,0.41019925,0.65836686,0.12043632,0.4021442,0.68666035,0.56622404,5.997864,2.8172631,3.3423767,1.5407063,0.14273627,0.6280236,26.870749,0.51033485,12.004421,1.1179862,8.256919,1.7804005,-8.8136835,-1.7241573,0.019323234,2.0085135,1.0844924,1.1460104,11.148123,0.21281247,7.4229693,1.1226829,28.525955,0.24479218,746.80273,0.20586194,1334.2651,0.12515928,-41.335182,-1.4594513,1866.529,0.09526053,1001.3655,0.3248606,-51.77466,-1.012796,2924.5186,0.05695026,915.8106,0.34436104,-56.561497,-0.8951574,-20.843552,-0.40506944,30.707464,0.32287562,0.062298287,0.38795087,-0.021606866,-0.659351,0.16275747,0.5003892,30.804749,0.31969348,10.915149,1.2098004,10.391234,1.347802,-12.016088,-1.1614591,-6.3299575,14.212685,0.03950221,0.013897366,0.026062207,5.649718,1.7543861,0.4933333,0.37932685,0.056666665,0.012472191,-27.044209,11,16-2,64,SPEAKER_02,614.4,632.5,629.13096875,630.9197187500001,1,1.7887500000001637,disengaged
38.09062,0.091795675,35.30116,37.382298,40.54214,5.240982,131.82956,175.74036,41.808014,39.435005,0.4433541,0.8297973,0.07156998,0.39140788,0.7984383,0.72686833,6.62567,3.447784,5.518088,2.0468922,0.16879508,0.9926747,23.347113,0.79336256,9.004227,1.5238539,-4.55144,-3.1907768,-9.986589,-1.853021,0.01501249,1.2170864,1.0178483,1.1267942,10.769758,0.3444874,8.520022,1.0676564,32.30863,0.30304295,769.1249,0.24993034,1361.9165,0.16836078,-64.25003,-1.2199988,1814.9478,0.13236687,1162.4236,0.29946142,-70.54365,-0.9771777,2927.5623,0.08346264,997.8258,0.33825243,-76.983444,-0.8476872,-17.93209,-0.54171765,32.246944,0.36081722,0.057369478,0.41840103,-0.017475052,-1.090079,0.21221468,0.7928939,29.959377,0.46911973,7.3099566,1.8889598,-4.219242,-3.6654768,-15.353638,-1.1523072,-5.6578283,15.786903,0.030317262,0.017597824,0.03397881,3.5128806,2.606635,0.28454545,0.17660245,0.07818182,0.06393436,-24.599777,11,16-2,65,SPEAKER_02,632.533333,669.5,635.64471875,649.0772187499999,4,4.286249999999882,engaged
36.631584,0.0425987,35.35431,36.429123,37.367645,2.0133362,90.2016,67.31361,24.852472,12.768869,0.24878752,0.9870195,0.052232277,0.12192702,0.4796067,0.42737442,6.5475593,5.5466475,4.29892,4.2966056,0.083232775,1.407644,10.52377,2.163372,12.839655,1.1251345,-7.9787574,-1.451218,-18.33491,-1.1583464,0.017649217,1.3046631,1.2057996,0.859969,8.971198,0.40972945,-0.4611697,-19.199078,25.85956,0.46884283,785.40405,0.18234424,1279.576,0.13567348,-103.18729,-0.8996097,1892.428,0.108912095,1177.901,0.2691353,-107.9582,-0.75886106,2860.605,0.08434789,947.22546,0.34903336,-109.39067,-0.7375388,-17.090698,-0.6226648,27.575891,0.38124597,0.056675784,0.41244814,-0.025811058,-0.8674746,0.13733868,0.98676383,23.346043,0.52571934,11.844675,1.4208664,-6.789433,-1.8136308,-30.857716,-0.63651,0.38876048,7.4796476,0.038534798,0.010671157,0.024160558,2.7559056,3.2128513,0.1575,0.15022899,0.11777777,0.12053379,-32.7427,11,16-2,65,SPEAKER_01,632.533333,669.5,649.66784375,669.5,3,2.5521562500000528,engaged
36.533886,0.049123503,34.75245,36.799767,38.363285,3.610836,113.950806,115.63248,22.326488,6.7589917,0.1452492,0.95160437,0.015662733,0.1009546,0.26076663,0.2451039,2.5665147,1.6855792,2.156358,0.9046535,0.06291226,1.1172374,18.456648,1.0643656,14.317467,0.68927276,1.214225,10.442537,-5.6413193,-2.4806027,0.016791686,0.8004749,1.4135588,0.86406606,9.83982,0.32773516,12.105934,1.0215862,36.063236,0.2136091,767.4762,0.234847,1319.3945,0.12654336,-104.95494,-0.81874585,1887.8583,0.10938978,1092.576,0.22068244,-110.55705,-0.69105893,2968.932,0.07607258,1039.2379,0.22440997,-113.44978,-0.64874095,-21.92438,-0.43470985,34.585995,0.3265813,0.051819157,0.38522884,-0.018049635,-0.94490826,0.10387656,0.6779249,30.614697,0.44276565,15.59394,0.64213705,1.9718424,7.5196857,-10.981515,-1.3304964,-8.252101,17.195047,0.029508105,0.017940309,0.017821759,3.9215686,3.3783784,0.154,0.048414875,0.118,0.17127755,-34.382587,11,16-2,66,SPEAKER_01,669.533333,671.3,669.533333,671.08221875,1,1.5488857500000677,disengaged
36.62801,0.08677687,35.01588,36.532513,37.940666,2.9247856,56.1949,27.014618,10.331838,12.384385,0.19579194,0.7251194,0.08638083,0.17825681,0.29012397,0.20374313,3.0161223,2.001101,2.3141387,1.3030268,0.07951575,0.962027,20.25613,1.171724,21.758617,0.5706215,3.1437206,4.2218666,-7.8250556,-2.076878,0.018981766,0.76259786,1.3404046,0.79441357,9.766622,0.39043474,12.070337,0.8505602,37.848,0.25597036,803.3204,0.1931086,1393.7649,0.16467872,-78.11656,-1.0110476,1951.8606,0.09199452,1233.6395,0.34342664,-87.38782,-0.7710311,2971.131,0.07201102,1050.2031,0.26183292,-89.264,-0.74302375,-25.150604,-0.5303058,36.05538,0.39851165,0.0563036,0.37169367,-0.018933142,-0.916174,0.103137314,0.7596182,31.169474,0.46285018,20.690464,0.59529805,6.865792,1.8946176,-13.010537,-1.2618734,-1.1906924,6.7836695,0.04696944,0.014802001,0.02024984,3.7190084,2.966102,0.23142856,0.14416544,0.08571428,0.03886134,-29.96212,11,16-2,67,SPEAKER_01,671.333333,675.133333,671.6897187500001,674.11971875,1,2.4299999999998363,engaged
36.02372,0.050143212,35.048115,35.90701,37.14745,2.0993347,41.792274,37.077347,13.61711,12.94587,0.22398674,0.78174835,0.07841749,0.18574668,0.35804224,0.27962476,4.560631,2.5467188,2.4723473,1.151975,0.0857607,0.94498694,25.029408,0.71330357,13.868759,1.0680026,-1.2394882,-15.339528,-8.671005,-1.5323694,0.017613037,1.1694312,1.1998227,0.7647004,9.321885,0.31834006,7.871664,1.6576997,32.362118,0.35042167,716.0915,0.28007722,1446.1492,0.16650441,-74.15511,-1.0948932,1801.7329,0.14532737,1258.5751,0.27415526,-78.98848,-0.9204639,2904.2478,0.09124393,1144.7424,0.29808283,-85.13046,-0.79997575,-20.434814,-0.5470224,34.698578,0.30907133,0.04981901,0.3680982,-0.013175882,-1.0471426,0.10977623,0.7571624,32.074566,0.32408032,12.78579,1.2270516,-0.68661344,-30.842697,-11.759909,-1.068849,-7.928538,16.134253,0.032592554,0.008664628,0.024657778,4.0963855,2.9339855,0.23583333,0.23876272,0.102,0.13797101,-32.96465,11,16-2,70,SPEAKER_01,677.066667,681.6,677.066667,681.6,2,4.162083000000052,disengaged
36.28106,0.07056824,34.56804,36.3282,38.2835,3.7154617,145.0714,166.92686,38.295174,58.882385,0.25141108,0.91251075,0.06589527,0.18550694,0.42531163,0.35941637,4.577576,3.0983336,1.3416632,1.7658734,0.12010875,1.0198824,22.43789,0.9689299,19.113129,0.5990085,2.275903,6.3779464,-8.649771,-1.5978614,0.017290533,0.75621116,1.2040431,0.89173234,9.783258,0.3295585,13.240983,0.7524935,37.862858,0.23881175,774.28766,0.22510543,1455.9679,0.16503926,-85.717155,-0.95664024,1872.8655,0.11619292,1242.8119,0.23596764,-92.11957,-0.7774618,2967.4875,0.07899146,1088.1888,0.2506823,-96.017456,-0.7143303,-24.090122,-0.44863287,37.109146,0.32025623,0.05374836,0.35220152,-0.020672947,-0.8116173,0.15915157,0.7586072,32.14071,0.40011078,19.121826,0.61884165,2.304272,6.718544,-13.446392,-1.0105094,-6.556156,14.223037,0.04121352,0.011580739,0.038301207,2.5396826,3.5483873,0.1790909,0.11602935,0.091,0.109859,-27.805037,11,16-2,71,SPEAKER_01,681.633333,686.333333,681.633333,686.333333,2,3.1643750000000637,engaged
37.861862,0.11603123,34.924927,36.03652,40.60888,5.6839523,127.93075,131.5401,187.76149,337.1668,0.23271403,1.057993,0.026683507,0.16761993,0.41439784,0.38771433,4.5480924,3.8447006,4.0034657,3.6585746,0.1084232,1.4184638,19.579842,1.1025862,11.583003,1.266485,-1.8372842,-10.015046,-6.1505146,-2.430115,0.02605248,1.9580986,1.3079026,0.7691348,9.397635,0.43797675,10.301623,1.1433126,33.806328,0.32510653,785.5085,0.27135566,1385.1664,0.15014417,-95.66392,-0.9307112,1850.6476,0.13790558,1231.9287,0.20631935,-101.96685,-0.782998,2946.9421,0.087215796,1098.0916,0.2422174,-105.398094,-0.7168958,-19.971964,-0.7054881,35.303852,0.36688545,0.049302317,0.39226586,-0.012031172,-1.4342979,0.16856764,1.026863,31.100822,0.4540282,11.372753,1.5505308,-2.9733388,-7.355748,-12.024156,-1.2709672,-6.0311217,14.304185,0.033518177,0.015820852,0.021587318,2.7484143,2.1367521,0.26999998,0.30466375,0.1609091,0.10866584,-29.03103,11,16-2,72,SPEAKER_01,686.366667,696.033333,686.366667,691.9228437500001,3,4.746176749999904,disengaged
39.674168,0.019939378,38.841133,39.988876,40.416656,1.5755234,16.387733,8.094377,10.076522,10.508544,0.1957649,0.8849421,0.027108584,0.13359314,0.3821454,0.35503682,3.2555587,0.95325,1.7578659,0.43009296,0.07050349,1.0335046,28.984175,0.3696134,12.243461,0.6051173,0.6060855,10.572268,-10.624396,-1.702837,0.012129667,1.0456221,1.1033298,1.0663546,13.213009,0.18850821,18.178768,0.2758893,37.191395,0.16771913,813.7627,0.1738589,1441.6869,0.22241911,-105.81126,-0.7939196,1946.2837,0.099813186,1126.3317,0.19652079,-109.99739,-0.6864682,3051.6008,0.07735957,1023.9103,0.2849613,-112.55346,-0.6533885,-27.984407,-0.2482126,39.323853,0.19847585,0.057455014,0.21541676,-0.029763386,-0.5268456,0.10937087,0.5687549,34.813705,0.16645105,15.796014,0.46618682,1.6647428,4.4143043,-20.568676,-0.78379476,-14.68538,26.125925,0.031907488,-0.0011019164,0.02397803,3.0864198,1.9108281,0.29,0.021602469,0.20666665,0.09392668,-29.757778,11,16-2,75,SPEAKER_02,698.333333,702.766667,700.6809687500001,702.3178437500001,1,1.6368749999999181,engaged
38.395058,0.042425226,37.28263,37.9228,39.43111,2.1484795,49.171665,56.957737,8.440882,11.115712,0.2297437,0.81402975,0.062025208,0.16907239,0.41971016,0.35768494,3.3435364,1.4429832,1.3424546,0.98667055,0.07622345,0.842665,30.825418,0.3714641,13.81686,0.7712669,-2.6901536,-5.8599157,-17.706905,-0.92498636,0.01571531,1.0443252,1.0950904,0.93886864,11.373513,0.24320802,13.271125,0.7360428,38.261044,0.19790123,758.833,0.1978724,1359.5778,0.12500912,-73.42979,-1.1404933,1883.6393,0.114289485,1249.2032,0.29949743,-85.65456,-0.82171524,2936.0435,0.080130436,992.8623,0.30378303,-88.0244,-0.7819485,-22.993774,-0.34743333,36.032864,0.23733462,0.076742485,0.21123245,-0.02973895,-0.43481192,0.09487502,0.62905204,34.428497,0.23738253,12.222869,0.91966426,-3.885437,-4.5318656,-24.859138,-0.5084879,-18.414442,28.697948,0.050827377,-0.008095784,0.036938056,2.8455284,2.9045644,0.23285715,0.1956465,0.07875,0.0472857,-31.478247,11,16-2,76,SPEAKER_02,702.8,709.233333,702.8,705.9965937500001,2,2.470968750000111,disengaged
40.151287,0.14651568,35.86422,38.188984,43.596397,7.7321777,215.6914,506.4548,51.95716,55.721737,0.33808988,1.0549312,0.07979158,0.20864396,0.53826064,0.45846906,6.271874,4.9978456,4.0620685,3.4063115,0.124369636,1.6779578,18.367601,0.9252434,5.9796367,2.6896052,-11.525631,-1.4664828,-18.969093,-0.9998885,0.020063117,1.6304277,1.0117192,1.0346918,10.763637,0.40647972,9.471521,1.0387797,32.324303,0.3482605,812.97833,0.20480794,1336.7423,0.18032224,-78.97802,-1.1257436,1871.0887,0.11139251,1118.7169,0.28237483,-84.937614,-0.9256111,2965.808,0.07171331,932.52466,0.3101352,-90.099754,-0.8288693,-17.293083,-0.6141823,29.990728,0.34936368,0.07053512,0.2971891,-0.021307662,-0.88982403,0.16787635,1.4290553,24.755655,0.49744982,5.59601,3.1820412,-13.643469,-1.3383038,-25.076515,-0.69816023,-5.1310105,13.006679,0.05249693,0.0016429024,0.03805871,2.1234763,2.2467482,0.28789473,0.2721696,0.1410909,0.11016801,-25.520956,11,16-2,77,SPEAKER_01,709.266667,870.333333,709.45596875,868.21596875,28,25.44750000000022,engaged
37.97216,0.104899116,35.170094,37.104553,40.435246,5.265152,132.87473,223.1923,39.127377,51.09733,0.45214936,0.7844742,0.12747753,0.37051553,0.74014133,0.6126638,7.1015234,3.9703038,4.303447,2.5529854,0.1788623,1.0050142,24.553856,0.642371,7.788912,1.7769772,-3.8639233,-4.341028,-15.699598,-1.0411675,0.015879933,1.36207,1.0717736,0.8881036,10.0521345,0.35057592,7.2368464,1.397791,30.02644,0.3268885,751.56323,0.22104664,1340.6807,0.17140521,-61.27216,-1.3086491,1826.3547,0.11964454,1072.2113,0.29071906,-70.189705,-1.0110805,2910.3044,0.07374771,932.1321,0.34280354,-75.101746,-0.90481013,-18.045498,-0.5046096,29.617762,0.3216565,0.0651874,0.3262515,-0.023651313,-0.70886856,0.21867143,0.83698446,28.948137,0.37341452,6.784288,2.142513,-4.401208,-4.0374813,-18.997648,-0.8185326,-8.723122,16.936369,0.047535956,-0.00525019,0.05640057,2.921953,2.251732,0.32623932,0.24369213,0.11,0.09964988,-25.276028,11,16-2,77,SPEAKER_02,709.266667,870.333333,718.5009687500001,870.333333,53,52.03361425000003,engaged
37.1231,0.14614627,34.833965,37.49155,41.09906,6.2650948,334.68344,247.60329,99.89575,84.82478,0.20897347,0.8198271,0.06971548,0.12455705,0.40834948,0.338634,3.172001,2.6842308,3.7436545,1.9598502,0.10336386,1.2447556,23.77149,0.45655492,14.557434,0.7721482,8.104475,2.405901,-4.0333757,-4.5098495,0.03638702,2.3769968,1.029227,0.8821344,10.585546,0.3377778,7.8824234,1.3754425,31.266935,0.26958627,777.0056,0.27199632,1389.8308,0.13971977,-81.34777,-1.0081612,1848.888,0.09324545,1077.4196,0.29794115,-84.99209,-0.8517328,2973.3843,0.06799489,963.059,0.2978848,-89.87997,-0.77341986,-20.959034,-0.4362231,32.54761,0.21521649,0.048845522,0.36814675,-0.015762072,-0.7595013,0.10782804,1.2117457,27.719067,0.18750304,15.605426,0.74922305,8.019673,2.6390517,-8.20903,-2.2793448,-13.216106,21.196026,0.03417245,0.006282282,0.08245835,4.0229883,3.5714288,0.18333334,0.14429906,0.09199999,0.069397405,-29.16695,11,16-2,77,SPEAKER_03,709.266667,870.333333,762.32534375,825.33659375,3,1.7549999999998818,engaged
36.474827,0.101358905,34.793705,36.227978,38.327274,3.5335693,200.84906,253.30215,173.62296,377.8147,0.27930093,0.71457255,0.10254231,0.22859544,0.45263696,0.35009465,4.1479235,2.3555717,2.796779,1.3786416,0.12327857,0.8764392,26.914375,0.66125953,15.032676,0.9868391,-3.7123268,-4.3941407,-11.802414,-1.3889908,0.019295117,2.1318076,1.1653775,0.70866466,8.950752,0.39509577,6.2160153,2.081916,34.50626,0.32889172,764.86725,0.23377644,1396.1115,0.18148282,-65.831924,-1.2060297,1854.5664,0.12276701,1176.1713,0.2646858,-76.14599,-0.9194222,2974.2866,0.07589729,1039.772,0.29860097,-81.11806,-0.8170328,-21.80359,-0.5393805,34.55375,0.33985668,0.06998822,0.2564614,-0.023137642,-0.7596942,0.15359525,0.7020635,32.747856,0.38203752,14.062627,1.0831516,-4.536002,-3.7118087,-17.006207,-0.836341,-11.533796,20.410435,0.054781236,0.005091743,0.038956333,3.4901366,2.8941355,0.24605262,0.18800251,0.08647058,0.06498336,-28.757677,11,16-2,78,SPEAKER_01,870.366667,887.466667,870.73034375,887.466667,7,13.19257325000001,disengaged
38.928215,0.10710663,36.011147,37.73239,42.842278,6.831131,59.673218,55.388054,93.820015,82.41621,0.5853495,0.71065307,0.19025053,0.5542635,0.9413431,0.7510926,6.59514,4.196117,3.5029318,1.5026722,0.2413783,0.8176769,26.371204,0.41012722,1.7420405,8.599583,-10.88317,-1.5495435,-15.728148,-0.886596,0.021761367,1.9499632,1.0146517,0.85779774,10.124414,0.36385193,5.755609,1.6592895,28.578548,0.3075561,761.4079,0.22807878,1377.981,0.17015247,-49.02047,-1.5123875,1758.0448,0.1264015,1122.6848,0.18358919,-55.089085,-1.1747533,2866.8074,0.080590695,877.0055,0.37261721,-62.880096,-0.9703939,-16.404829,-0.52212596,30.28871,0.24234374,0.07159307,0.28041244,-0.014862028,-0.97940856,0.27276215,0.7118595,29.126255,0.28459823,2.0565667,7.7322173,-11.217956,-1.5590031,-18.748907,-0.68385136,-9.160393,19.625242,0.043444104,0.0061350195,0.09078592,3.2608695,1.8518518,0.436,0.20264253,0.107499994,0.040233694,-23.32907,11,16-2,79,SPEAKER_01,887.5,891.066667,887.5,891.066667,3,2.773542000000134,engaged
36.066925,0.07073525,34.812557,36.031784,37.720535,2.907978,93.86029,97.01638,135.75285,429.00232,0.23899753,0.68886286,0.09690051,0.214257,0.36359796,0.26669747,4.1241326,2.870643,2.5838022,1.4732434,0.1033419,0.93273383,28.280807,0.6086152,13.938543,0.9706467,-6.020404,-2.4665017,-11.809292,-1.3101888,0.024387596,2.0292032,1.2063338,0.653842,9.169145,0.3549815,9.6291,1.063377,39.78956,0.26065746,744.34717,0.23181136,1406.734,0.15468282,-80.77564,-1.070544,1845.8733,0.12444504,1213.4841,0.22554822,-89.726944,-0.8382629,2972.8113,0.075857386,1066.6127,0.23967968,-94.857124,-0.7527241,-23.384941,-0.4330427,37.79012,0.26816982,0.07509903,0.25105792,-0.023604574,-0.66399175,0.13798332,0.71068674,35.844044,0.27182838,15.875563,0.87152624,-5.1185646,-2.948285,-16.13802,-0.86632186,-9.244512,20.390265,0.05074475,0.0023035263,0.035446294,3.8946164,2.419355,0.26619047,0.2632123,0.1552941,0.1376747,-31.33727,11,16-2,81,SPEAKER_01,891.633333,915.6,891.633333,915.6,6,8.745417000000089,engaged
39.21199,0.041614506,37.495304,39.469532,40.42467,2.929367,18.052015,5.3083715,14.714257,6.90615,0.38564634,0.9333637,0.04983063,0.27750826,0.718127,0.6682964,4.110097,1.9629598,3.986051,2.3905303,0.15844059,1.0491892,24.958307,0.43574706,1.530931,6.970721,-12.565712,-1.6021911,-19.059256,-0.81928486,0.015638765,1.1042287,1.2832217,0.77240634,9.6637335,0.2819224,5.8410215,1.9465778,30.591105,0.35378093,709.2566,0.22307816,1380.5449,0.11866844,-72.68921,-1.2316427,1748.2948,0.1336808,1147.378,0.2862826,-73.600876,-1.0783118,2828.415,0.09320624,986.3111,0.31457946,-80.08711,-0.93407077,-14.214056,-0.50150454,28.864866,0.26586035,0.06522689,0.24856894,-0.026698483,-0.65205383,0.22259377,0.7321427,29.18367,0.27803963,-0.052074924,-227.17589,-15.629796,-1.4046767,-24.515673,-0.5746431,-9.89388,22.07394,0.043902043,0.01018634,0.0145332515,2.9787235,2.183406,0.31399998,0.19272779,0.12399999,0.09645724,-27.025358,11,16-2,81,SPEAKER_02,891.633333,915.6,898.47284375,902.94471875,4,2.362500000000068,engaged
34.896297,0.08836639,34.370518,35.33888,36.26022,1.8897018,151.2578,139.14452,32.576595,28.83129,0.26982427,0.6388954,0.1132748,0.21976936,0.4298994,0.31662458,4.2754865,2.8122864,3.119264,1.2585093,0.10493392,0.85665137,29.12551,0.6260312,10.218224,1.5534699,-11.438687,-1.5030805,-11.532853,-1.3277117,0.016909325,1.2283473,1.177927,0.6161921,8.101036,0.44990808,4.210448,2.5344176,36.75956,0.2762427,760.9085,0.23884675,1432.6476,0.15812548,-56.395885,-1.4247686,1844.8035,0.13002554,1249.342,0.24306823,-68.3799,-1.0364085,3000.2983,0.08502009,1078.0581,0.2539543,-75.74281,-0.87545085,-19.290989,-0.6135342,35.713234,0.2165874,0.069353275,0.22749536,-0.021059273,-0.8492411,0.12721631,0.71389604,35.77659,0.24502845,11.36208,1.3861485,-10.872418,-1.6099553,-16.234816,-0.7822705,-4.8123436,18.711527,0.05014694,0.0069989557,0.038855843,5.6250005,2.1097047,0.352,0.28177294,0.091818176,0.05874725,-31.71255,11,16-2,82,SPEAKER_01,915.633333,920.566667,915.633333,920.47784375,2,4.8107607500000995,disengaged
36.692837,0.052548405,35.516735,36.915817,38.23902,2.7222862,118.30185,152.00159,38.704613,58.78093,0.3195931,0.725732,0.10976069,0.25810176,0.52967346,0.41991276,5.632869,3.121937,2.8158593,1.6341282,0.1445841,0.89438576,29.23107,0.4820641,10.575507,1.3179879,-7.731515,-2.0907109,-15.8487425,-0.9495756,0.01900541,0.93502516,1.2429272,0.7430527,8.788105,0.417611,6.3705115,2.0037243,34.27891,0.29724154,749.9523,0.22167458,1385.2512,0.15402481,-65.699814,-1.2358674,1849.5756,0.12835458,1129.0623,0.29749146,-73.43651,-0.97146374,2977.933,0.08142887,1013.4977,0.30868226,-80.25792,-0.833502,-20.65627,-0.4526798,33.26326,0.28925276,0.06924186,0.28598282,-0.026716568,-0.55475634,0.17589544,0.74011725,33.57379,0.28303507,10.50718,1.1429594,-7.5586715,-2.14755,-20.463734,-0.59387976,-11.353699,22.278164,0.055508614,-0.00027355328,0.045674853,3.7037039,2.6490068,0.27166665,0.16607395,0.085833326,0.07421347,-27.382595,11,16-2,83,SPEAKER_01,920.6,946.833333,920.93346875,927.88596875,5,4.606875000000173,engaged
38.600525,0.07087192,35.8123,38.713108,41.158035,5.3457336,79.66899,114.13743,30.487701,37.62872,0.6613908,0.7106649,0.1732805,0.5923545,1.1500623,0.97678185,8.482097,3.0427153,5.6386147,2.2886515,0.2850068,0.80563945,25.78854,0.5256543,4.9312196,2.3553913,-8.106698,-2.0010962,-20.07546,-0.95004785,0.018058546,1.2734647,1.1228832,0.82586527,9.804021,0.41651505,7.3424745,1.2839615,28.391333,0.30629796,744.1506,0.23844956,1346.8275,0.15316822,-46.98549,-1.4978242,1816.3566,0.14552441,1112.1749,0.34674785,-54.517788,-1.1112897,2870.4463,0.08524707,927.22375,0.31479916,-59.956776,-0.9681008,-16.322462,-0.44279027,29.204172,0.26956558,0.06016242,0.3530572,-0.026572198,-0.6148797,0.3304581,0.6757467,28.365786,0.32643944,3.788474,3.0809064,-8.189713,-2.0559337,-23.778625,-0.77824634,-7.9905825,19.398785,0.038663693,-0.0013807694,0.06686237,2.7027028,2.247191,0.36357144,0.22445512,0.07545454,0.06706356,-20.954172,11,16-2,83,SPEAKER_02,920.6,946.833333,927.27846875,946.833333,7,6.3079892500003325,engaged
36.86103,0.0765577,34.822456,36.297256,38.68075,3.8582954,299.44525,392.8145,197.26067,288.7328,0.31295973,0.70432264,0.10494845,0.28079545,0.5161098,0.41116136,4.8595076,3.4610178,3.7067122,1.511627,0.13543715,0.91640073,24.748716,0.7359906,6.2247744,2.4793162,-10.6276865,-1.5343899,-11.230126,-1.3202432,0.018883858,1.4706689,1.2816755,0.7566219,8.60502,0.4227571,6.6448207,1.6142678,33.642113,0.32424718,769.3729,0.24341702,1366.8053,0.14772223,-68.09818,-1.2422945,1841.9436,0.13297422,1199.6555,0.3332053,-74.15131,-1.0072671,2958.6035,0.085702784,1046.5901,0.2434973,-81.650826,-0.8530569,-16.080454,-0.77296466,31.832584,0.33352435,0.07035692,0.302108,-0.01644298,-1.2118697,0.1666727,0.7038773,31.86785,0.3576041,5.825425,2.5764227,-11.471053,-1.4752704,-15.44089,-0.847975,-5.3537493,16.1894,0.044115797,0.014534055,0.045289777,3.8709676,3.002611,0.22913043,0.22476874,0.08952381,0.11395388,-29.09699,11,16-2,84,SPEAKER_01,946.866667,969.266667,947.03909375,965.82096875,9,7.7625000000005,disengaged
41.669746,0.09989945,38.76509,42.139698,45.11799,6.3528976,181.88832,366.95825,32.974133,24.225084,0.5665222,0.7606371,0.11985476,0.52522784,0.96984184,0.8499871,7.4801526,3.199059,4.9634132,1.8325001,0.2932237,1.0151465,22.19172,0.5159204,3.6064668,3.1309,-8.250174,-1.9617639,-21.842703,-0.916003,0.022440933,1.6765704,1.0893086,0.87445617,11.305722,0.35005102,10.868517,0.82407224,25.08678,0.4506361,804.4323,0.20391291,1324.5466,0.17831051,-61.913387,-1.2681412,1839.286,0.12994309,1036.7815,0.26178646,-68.43545,-1.016551,2912.9194,0.068295844,843.7135,0.37162334,-72.055435,-0.93448037,-16.993986,-0.49226582,29.109112,0.2904732,0.072501816,0.34262767,-0.01726638,-0.9768779,0.3607416,0.84119016,23.628143,0.4105344,2.2834933,5.0444326,-9.668848,-1.6454142,-27.210117,-0.6773991,-10.205661,22.891508,0.048995793,0.0056387563,0.07274199,3.1746032,2.183406,0.34266666,0.16039395,0.11,0.100307226,-21.11757,11,16-2,85,SPEAKER_02,969.3,986.8,969.3,985.02471875,6,6.949718749999647,engaged
41.355705,0.040878206,39.586464,41.364594,42.83914,3.252678,18.055664,1.213004,21.701132,9.775185,0.14752185,0.6249512,0.042364325,0.16673279,0.23263845,0.19027412,2.2017264,1.2473117,0.7111138,0.5839895,0.037901256,0.82539064,26.841547,0.43091232,7.261934,0.8557145,-11.840205,-0.82323045,-28.586033,-0.49325162,0.014128807,1.1710258,0.9594264,1.063907,12.864136,0.19326231,19.416393,0.4271634,43.207924,0.19090603,701.646,0.23837921,1396.2,0.1381877,-68.549286,-1.2379633,1791.6077,0.11417692,1219.0878,0.2133911,-76.51354,-0.8931978,2934.8804,0.06894301,948.5021,0.22345313,-82.5676,-0.785536,-23.762249,-0.28715223,37.612488,0.17458047,0.071587324,0.24376693,-0.026249057,-0.6711688,0.048129514,0.64594936,31.2374,0.21851903,7.9703507,0.75375056,-13.9012165,-0.6510333,-34.950462,-0.32375625,-9.957198,22.248589,0.05514821,0.010838174,0.010638405,3.539823,2.8037386,0.25666666,0.016996732,0.08,0.021602469,-37.969444,11,16-2,85,SPEAKER_03,969.3,986.8,978.02159375,979.16909375,1,1.1475000000000364,engaged
37.084953,0.030951101,35.646957,37.169647,37.941093,2.294136,10.956036,3.7772465,9.496474,4.346775,0.2877688,0.6369192,0.10901007,0.25381848,0.4867645,0.37775442,3.0124626,0.66781527,2.6690438,0.8913922,0.09561627,0.6577793,29.056297,0.46762216,13.117258,1.1130372,-7.4362073,-2.1923664,-19.292112,-0.7467541,0.011250485,0.9784281,1.0283109,0.8784975,10.475856,0.32514992,11.972073,1.1001253,40.34834,0.22696744,704.6082,0.23223938,1441.9193,0.16251081,-56.8662,-1.4046304,1838.1096,0.1345217,1227.9502,0.20034891,-70.69807,-0.94929886,2929.384,0.08083272,1084.2509,0.21251975,-75.2314,-0.85499144,-22.698244,-0.4816851,37.470325,0.21520214,0.0778223,0.22256832,-0.026059357,-0.6444994,0.118496075,0.45038322,34.285557,0.21337792,14.113699,0.99642974,-8.026522,-2.2130113,-23.762957,-0.5867151,-7.172215,15.45865,0.058723062,-6.427256e-05,0.0169625,2.3255816,2.4390244,0.31,0.058878407,0.125,0.024999999,-29.860281,11,16-2,85,SPEAKER_01,969.3,986.8,985.02471875,986.8,2,1.3027812499999527,engaged
37.374382,0.035212334,36.19648,37.975113,38.58666,2.3901787,108.197365,161.75038,20.812067,10.541961,0.2003597,0.57331914,0.09678216,0.1937508,0.2797647,0.18298255,3.0953567,1.5905533,2.248186,0.93375903,0.06460738,0.7861626,20.187767,1.1566054,20.871561,0.5649659,1.020669,6.678992,-13.69712,-1.3315468,0.012472475,0.67650723,1.0990725,0.6727538,9.55462,0.33630747,17.522589,0.53515214,38.260563,0.32481378,716.29565,0.21111919,1309.1415,0.1293642,-96.11326,-0.8855719,1923.1035,0.09279872,1118.2214,0.19784245,-104.52038,-0.7042839,2970.924,0.057113852,977.4572,0.37551886,-105.34373,-0.69593394,-23.626024,-0.48553666,33.867493,0.3697708,0.07863021,0.20538203,-0.023915587,-0.59945214,0.08142373,0.5845673,29.59087,0.48474696,22.525099,0.53283566,0.90533507,8.104667,-20.799158,-0.7803402,-9.047439,15.269612,0.06504646,-0.0024815777,0.033904795,4.6153846,4.032258,0.138,0.08447485,0.089999996,0.06752777,-34.894745,11,16-2,86,SPEAKER_01,986.833333,989.266667,986.833333,989.266667,2,1.3195839999999635,disengaged
35.781864,0.09190685,34.41543,36.27451,38.110302,3.6948738,239.0507,215.51137,38.703426,55.597843,0.2720503,0.5472539,0.12923631,0.27294096,0.40543842,0.2762021,3.6366668,1.9112859,2.524545,1.0345802,0.10345397,0.7497288,34.202232,0.29561487,11.657659,1.0395253,-3.711063,-4.274462,-16.486866,-0.87896097,0.027208515,1.6809325,1.0219713,0.7754435,9.4854145,0.34957865,9.2425585,1.034702,36.837776,0.2414647,768.1135,0.22227305,1331.8987,0.15584157,-46.14561,-1.544038,1876.0692,0.13466924,1137.7698,0.197273,-59.37529,-1.0245088,2966.0662,0.08557969,1032.0167,0.28560212,-64.63195,-0.9006655,-20.57861,-0.4947912,34.400414,0.24656834,0.07511661,0.19965167,-0.024842953,-0.65583676,0.11491089,0.6534233,36.299404,0.2198916,10.937646,1.1551392,-4.2843046,-3.8308532,-19.687157,-0.671801,-16.93052,27.222874,0.062527165,-0.0045142854,0.042695653,4.5454545,2.3178809,0.34857142,0.40863636,0.074999996,0.029860789,-31.80207,11,16-2,87,SPEAKER_01,989.3,992.933333,989.3,992.933333,2,3.0933329999998023,engaged
37.286095,0.055924542,35.654537,37.376266,38.96444,3.3099022,122.51937,143.77628,24.438478,32.00521,0.26186508,0.6937141,0.08904655,0.24404041,0.42151725,0.33247072,4.11329,2.287869,2.2246666,1.2198917,0.108331114,0.956342,26.533073,0.64507246,12.827543,1.2895929,-6.942312,-2.1171453,-8.527163,-2.1210737,0.017431214,1.1297214,1.054342,0.7434057,9.494377,0.43364018,8.969703,1.2880766,34.31007,0.36299893,765.7582,0.22987309,1373.37,0.15326852,-72.14504,-1.11599,1878.4136,0.1247831,1147.1224,0.21964736,-78.31011,-0.8963055,2975.01,0.08675487,1115.2024,0.2681905,-83.69378,-0.79543644,-21.888363,-0.48204163,35.135246,0.31443942,0.06796851,0.27986553,-0.022045039,-0.7350317,0.13914464,0.74297774,33.699524,0.3002758,12.645302,1.2754737,-6.7789903,-2.2629766,-14.569089,-1.057177,-7.9638257,17.599176,0.040371593,0.013401058,0.02334678,3.9049237,2.7444255,0.25875,0.15487394,0.1125,0.09355257,-29.633003,11,16-2,88,SPEAKER_01,992.966667,1000.066667,992.966667,1000.066667,4,5.901875000000018,disengaged
36.06684,0.062515795,34.5517,35.909607,37.925175,3.3734741,253.14053,321.87827,57.835175,92.46691,0.2391553,0.7262145,0.08998971,0.19881414,0.3891476,0.29915792,3.98997,2.394094,2.7368853,1.5288655,0.0940756,0.98553884,28.010136,0.6224232,12.6717825,1.2522247,-6.0599465,-2.6492934,-11.49658,-1.3907651,0.022091266,2.0745718,1.2216319,0.7609214,8.744158,0.4354415,7.8712354,1.569274,36.616676,0.3284537,736.00714,0.24918619,1414.1943,0.16260596,-68.82149,-1.2015032,1824.1617,0.1336162,1178.4343,0.2423612,-78.25352,-0.93021655,2957.1829,0.084057875,1067.4645,0.27373168,-84.51637,-0.809464,-21.464836,-0.52047735,35.026592,0.2854537,0.068779685,0.30122015,-0.021409336,-0.8178777,0.119082496,0.8029729,34.461155,0.29642913,12.793996,1.2168878,-6.5894303,-2.5719404,-15.98247,-0.9168844,-9.505557,19.845207,0.039535124,0.00770717,0.031116156,3.9662867,2.6852314,0.25814816,0.20225647,0.104375,0.093895026,-31.085133,11,16-2,89,SPEAKER_01,1000.1,1026.733333,1000.1,1026.733333,9,20.187082999999802,engaged
36.618584,0.10733709,34.7698,35.938454,38.287952,3.5181541,519.12915,763.00165,41.783062,40.873203,0.2792844,0.8465736,0.11187291,0.23059168,0.4173797,0.3055068,5.1978793,3.8581467,3.1889753,2.453357,0.08169764,1.3207253,27.323814,0.57421875,11.438682,1.2625299,-7.6738257,-1.9762917,-15.63545,-1.1134989,0.0137012955,1.5778778,0.8992275,0.9454023,10.236117,0.40599617,5.785571,1.9673404,35.82546,0.33488116,744.9093,0.23505671,1383.3065,0.16657397,-46.84786,-1.5851653,1822.0935,0.121764414,1178.2588,0.22397809,-60.47163,-1.0544364,2950.7292,0.079333365,1004.42737,0.25891605,-67.25124,-0.895289,-20.998617,-0.51396966,34.10437,0.28690103,0.069228716,0.30948108,-0.022716437,-0.8458616,0.09516326,1.1877491,32.122982,0.3067655,11.438227,1.3110372,-8.52982,-1.8511022,-19.646328,-0.824623,-6.081585,15.845858,0.042652737,0.015912535,0.018889463,2.0639837,1.8115942,0.4417143,0.43424475,0.098437496,0.090107895,-28.758339,11,16-2,90,SPEAKER_01,1026.766667,1060.266667,1026.766667,1060.266667,10,19.392500000000155,disengaged
35.92619,0.092585534,33.224712,35.853558,39.05481,5.830097,26.685095,11.630332,22.54086,6.899427,0.38181752,0.81925386,0.109379485,0.3256019,0.59131515,0.48193568,6.7351365,4.146395,4.6880946,3.271014,0.16171823,0.8813957,26.365639,0.6670259,15.52651,0.8176963,-4.6922503,-2.4934008,-9.619759,-1.383789,0.017025296,0.9812861,1.2036409,0.7744352,9.381628,0.31334504,5.8039885,1.3031337,35.390972,0.22812806,738.9704,0.1835497,1327.2375,0.1448848,-48.217762,-1.4429935,1791.8112,0.089060955,1014.0668,0.22889969,-60.105427,-1.0301826,2960.4346,0.05355831,812.82965,0.41597915,-68.26834,-0.8473837,-20.741907,-0.38106847,33.929417,0.24589083,0.058089107,0.31917003,-0.03200227,-0.38578057,0.19359824,0.7102325,31.336401,0.3776091,14.62185,0.9418415,-7.147668,-1.6152247,-13.454267,-0.83595276,-7.696119,15.635696,0.026109986,0.0020703522,0.042551924,3.5555556,2.739726,0.28833333,0.27930966,0.053333335,0.04887626,-26.810675,11,16-2,90,SPEAKER_02,1026.766667,1060.266667,1039.86846875,1042.1297187500002,1,2.2612500000002456,disengaged
35.553562,0.045484915,34.447517,35.524014,36.42797,1.9804535,169.52657,127.039154,13.934085,18.210451,0.16359189,0.87519026,0.02565876,0.15482222,0.24992639,0.22426763,2.9910903,1.7024475,1.5154166,1.3275248,0.050659854,1.5048757,25.782843,0.47430292,25.541704,0.47458112,5.2837524,1.8347522,-11.938245,-1.3625543,0.013639621,1.2069312,0.92445886,1.1374083,11.189118,0.24288844,9.083203,1.2509443,39.16967,0.20323007,737.8463,0.19172412,1298.4393,0.16092451,-74.54993,-1.0891665,1927.3462,0.08113191,1097.8376,0.20545058,-92.238396,-0.73381376,3010.2937,0.050351445,917.75525,0.2994054,-92.99474,-0.7240215,-28.623852,-0.18962531,36.575314,0.17902564,0.0651413,0.35694128,-0.029978473,-0.46574014,0.067414545,1.2690545,31.227634,0.2112955,30.935225,0.27718422,5.9144955,1.7305447,-19.509125,-0.6468177,-12.485091,22.969748,0.030139647,0.016931428,0.012818627,2.6694045,2.4767802,0.27083334,0.23391445,0.11565217,0.07470673,-33.094967,11,16-2,91,SPEAKER_01,1060.3,1077.633333,1060.3,1077.633333,9,9.756457999999611,engaged
36.514256,0.1526127,34.344147,35.49861,37.636654,3.2925072,120.36239,127.98512,97.10549,102.35779,0.16489251,0.7528965,0.0636833,0.14799264,0.24900654,0.18532324,2.5406783,0.96114707,1.7516993,1.5615369,0.05824654,1.1003449,20.88352,1.0283498,20.62014,0.56687593,4.3130765,3.4280255,-8.562635,-1.7081012,0.02208819,1.9562006,1.419468,0.7707161,8.883687,0.45809764,8.944947,1.1457974,34.70388,0.32488516,739.39636,0.25834528,1330.2694,0.18767977,-74.87045,-1.1144325,1860.633,0.12659761,1180.1313,0.36600205,-84.348305,-0.8541818,2898.9622,0.081908934,1053.8445,0.25534573,-87.01677,-0.80208355,-21.82069,-0.5767314,31.724335,0.43936557,0.060081676,0.40914944,-0.020025026,-0.87263334,0.073063165,0.8915333,28.086264,0.6007162,20.695787,0.58682996,4.727762,3.3744862,-13.349851,-1.0496414,-7.371423,14.376943,0.03494007,0.009394564,0.017837428,4.0145984,2.9520295,0.22874999,0.17316447,0.118333325,0.07914474,-34.041176,11,16-2,92,SPEAKER_01,1077.666667,1083.666667,1077.666667,1083.666667,2,5.493750000000091,disengaged
36.708897,0.081394,35.33102,36.476135,38.311768,2.9807472,276.73767,470.80005,28.354174,27.585566,0.2676634,0.70286965,0.09486652,0.23628974,0.4261307,0.3312642,4.052934,2.409148,2.671897,1.2401272,0.111113906,0.88426757,28.495605,0.61462206,12.227204,1.1234587,-6.3056574,-2.4775677,-15.458287,-1.0151616,0.020373497,1.4331607,1.2783892,0.69835216,8.663799,0.43345833,6.6437063,1.8310403,35.4941,0.31305525,752.402,0.2323054,1354.5559,0.15266117,-68.96663,-1.2002524,1838.5634,0.14005901,1126.664,0.2417737,-76.795235,-0.94292486,2976.0522,0.087651856,1005.32153,0.25058752,-83.14537,-0.8182556,-20.279545,-0.5275039,33.666985,0.3194338,0.071416356,0.28297037,-0.02379109,-0.6877654,0.14111361,0.69500506,33.618736,0.36183128,10.841767,1.3127347,-7.3840866,-2.2294488,-19.851175,-0.72537816,-12.82682,23.290646,0.04827289,0.00087094755,0.033435423,3.8578682,2.9622064,0.23551723,0.1651663,0.10590909,0.09689072,-30.511257,11,16-2,93,SPEAKER_01,1083.7,1096.366667,1083.7,1096.366667,6,9.865417000000434,engaged
36.605473,0.10183309,34.829723,36.003254,38.55861,3.7288857,112.474754,100.585144,121.08628,195.46487,0.21399088,0.79493624,0.06301358,0.18714508,0.34202576,0.27901217,3.9390209,2.561649,2.7186742,1.889692,0.087124385,1.1572391,18.591274,1.2163163,12.755794,1.1917433,-8.05365,-2.0249887,-8.821498,-2.0339303,0.030117724,1.6272894,1.3252714,0.7662432,8.046262,0.49944383,7.371012,1.4695656,33.352074,0.42661944,756.43134,0.23895799,1370.7261,0.17192595,-96.48367,-0.9367722,1839.8356,0.13956039,1188.2437,0.24598293,-102.07044,-0.7918307,2945.6257,0.09077632,984.1473,0.2705822,-106.09421,-0.7232144,-19.597696,-0.6031795,34.33011,0.33215314,0.06901527,0.29589558,-0.020881077,-0.95354646,0.13143827,0.82285833,31.647615,0.43230653,13.410569,1.1541742,-7.1556735,-2.5093324,-18.182262,-0.90175617,-2.5325065,12.400464,0.040048394,0.018225048,0.027691793,3.1746032,2.5682182,0.21625,0.16050215,0.17071427,0.15025999,-32.29318,11,16-2,94,SPEAKER_01,1096.4,1104.033333,1096.4,1104.033333,4,6.317083000000139,disengaged
36.11099,0.061755262,34.350636,35.635777,37.964832,3.6141968,109.77282,161.20381,26.782442,21.621859,0.29437217,0.6835539,0.108779885,0.24024191,0.45922056,0.35044068,4.47156,3.0837417,3.1110318,1.4294335,0.1232466,0.8283099,27.066343,0.61443454,11.731918,1.3581846,-12.99909,-1.2434192,-12.052649,-1.2638134,0.02010429,1.6799321,1.3195512,0.64076245,8.124158,0.39930615,4.8352027,2.1303742,36.421818,0.27450407,745.55963,0.23772177,1440.9592,0.14409225,-65.84922,-1.2404208,1798.3701,0.12822425,1263.1921,0.24770924,-75.693214,-0.9528462,2944.7417,0.08039882,1069.4075,0.2660889,-83.06825,-0.8073294,-17.677216,-0.65226895,35.243732,0.23460305,0.06527599,0.27041978,-0.019499758,-0.8832218,0.15337838,0.65908515,32.431217,0.33215323,11.947149,1.310153,-14.06403,-1.1818892,-15.941959,-0.8466231,-8.871651,21.265854,0.041410983,0.0030903928,0.04675886,4.562738,3.6538463,0.18894736,0.18260959,0.08066666,0.0672772,-30.26906,11,16-2,95,SPEAKER_01,1104.066667,1109.766667,1104.066667,1109.766667,2,5.2781250000000455,engaged
35.78428,0.09097518,34.42293,36.039642,38.449467,4.026535,54.838764,29.40283,34.778778,18.968813,0.23860535,0.65147674,0.09857114,0.21712239,0.38693863,0.2883675,4.8862867,1.3361893,2.5391567,1.0893738,0.11901122,0.8638942,31.260738,0.37954268,16.244179,0.6419021,-3.9266841,-3.3007476,-11.752843,-1.4419773,0.020650143,1.745946,1.5848942,0.7898622,8.770389,0.3695737,8.331769,2.1041799,38.504734,0.44228718,734.5861,0.23559716,1454.9397,0.14698873,-64.73565,-1.1931024,1793.6752,0.12683013,1206.8654,0.23012449,-73.68654,-0.8984475,2977.8398,0.08031607,1020.9515,0.21968298,-80.03197,-0.7806528,-23.560966,-0.31741813,36.0255,0.24356411,0.073817834,0.2878353,-0.024976132,-0.47610387,0.13482328,0.6308227,35.1424,0.27581,15.434815,0.63147384,-4.446147,-3.0941443,-16.578955,-0.8338167,-19.387419,28.256128,0.031412013,-0.0037571047,0.0381884,5.1612906,4.6666665,0.15142857,0.08113984,0.0725,0.040850338,-31.625256,11,16-2,96,SPEAKER_01,1109.8,1111.9,1109.8,1111.9,2,1.5600000000001728,disengaged
37.055428,0.039802816,36.098442,37.07564,38.23751,2.1390686,33.658707,18.813334,9.309388,10.676625,0.2615931,0.73937935,0.09971858,0.20055406,0.4066968,0.30697823,4.0076036,3.1159976,3.3199759,1.4303552,0.1244745,0.8023517,30.954535,0.4621222,12.932846,1.0376711,0.51806885,34.298862,-8.541567,-1.5034847,0.022236018,1.1737095,1.3302729,0.72792804,9.030729,0.41354316,6.456931,2.0865562,32.142063,0.38727584,794.4195,0.2415137,1414.6285,0.19913737,-69.43694,-1.1147063,1853.1659,0.11858335,1158.5472,0.25759012,-77.80133,-0.8915287,2996.7522,0.08207422,1020.86444,0.27092487,-83.93413,-0.7801979,-22.778704,-0.4874166,35.051834,0.34721035,0.05298511,0.40884766,-0.020806499,-0.71444845,0.15661271,0.63546497,33.674366,0.3311662,11.450242,1.1923853,-0.579614,-32.463627,-12.817495,-0.93290806,-17.515715,29.614933,0.039356347,-0.0056285304,0.041494355,4.366812,3.5714285,0.19624999,0.14890748,0.085,0.07112196,-28.427982,11,16-2,97,SPEAKER_01,1111.933333,1114.233333,1111.933333,1114.233333,1,2.2999999999999545,engaged
36.95318,0.12363777,34.78302,36.003994,39.000423,4.2174034,162.90619,167.10457,73.939545,107.68526,0.20660011,0.9457302,0.035846945,0.15433761,0.33261126,0.2967643,3.5243292,2.4493692,1.9254425,1.3122237,0.07938455,1.2784371,18.819643,1.1801159,11.908665,1.1325976,-9.069273,-1.8324666,-8.661406,-2.326195,0.020296438,1.9711163,1.2338804,0.8893914,8.787484,0.5058274,7.0731606,1.5171705,36.335518,0.2836119,760.5857,0.22618037,1354.0868,0.16773778,-98.64231,-0.9396342,1823.5494,0.121916905,1180.4077,0.26502496,-105.00073,-0.7806682,2951.2698,0.07660435,993.2053,0.2996689,-109.583534,-0.7037899,-19.707197,-0.59019786,35.16186,0.28875935,0.06475401,0.33812487,-0.021588083,-0.8980393,0.12644033,0.87707406,32.212566,0.4183007,11.673738,1.2487712,-10.373498,-1.8366264,-18.221146,-0.9893048,-5.5977077,15.110696,0.030526415,0.014417938,0.019316562,2.8061223,2.4564996,0.21875,0.20450778,0.17799999,0.18144605,-32.214542,11,16-2,99,SPEAKER_01,1116.0,1172.133333,1116.0,1171.6622187500002,8,19.61721875000012,engaged
36.386463,0.0948076,33.827618,35.650948,39.44903,5.621414,125.7443,198.60037,52.097736,71.81809,0.33221796,0.7742357,0.08895562,0.27280208,0.5854868,0.49653122,5.799695,3.3962336,3.9286737,3.0586467,0.13483144,1.0459374,25.835344,0.7196641,17.476488,0.64568573,-3.1777005,-4.48526,-12.777192,-1.2524043,0.020236487,1.8046743,1.0417507,0.9359735,10.206901,0.33294976,8.105969,1.1905456,36.54134,0.20791464,770.96857,0.17365609,1329.015,0.1607438,-74.63196,-1.1242362,1882.8278,0.100180775,1100.897,0.24213508,-86.00889,-0.8515356,2982.6792,0.05825596,920.498,0.31644285,-90.220024,-0.78078395,-23.34796,-0.31594634,35.394432,0.22773555,0.060088143,0.3051016,-0.031743016,-0.44696727,0.17640457,0.79904777,33.86066,0.30530068,17.568089,0.6532728,-2.4793959,-5.7973194,-18.12841,-0.758555,-9.787786,17.9812,0.04464258,-0.0048444658,0.042376205,3.7428803,2.0441537,0.3304,0.28421792,0.14333333,0.13752778,-26.576761,11,16-2,99,SPEAKER_02,1116.0,1172.133333,1126.9603437500002,1167.07221875,10,12.301875000000337,engaged
35.451916,0.100125305,35.06875,36.520157,37.66816,2.599411,-28.925192,22.231165,26.722963,0.0,0.20056605,0.749997,0.061588183,0.14063969,0.3740719,0.31248373,3.252075,1.2954708,1.9528174,0.9238823,0.0637837,1.1244844,13.537573,1.8436855,15.146077,0.54323566,-8.240428,-1.0935088,-22.738302,-0.96502846,0.023493128,1.3803326,1.024493,1.0019162,8.251417,0.6207943,-2.6154273,-1.9165372,30.360523,0.16425271,855.25616,0.11171164,1274.162,0.10105489,-115.82202,-0.7902767,1936.8075,0.10668109,1135.9423,0.15851408,-126.23812,-0.63151526,3055.1045,0.05879919,827.2751,0.4733132,-128.04424,-0.60420007,-19.906475,-0.25483772,31.438976,0.18736708,0.07486327,0.334706,-0.035517514,-0.65503305,0.099731416,0.6034286,30.34165,0.28299856,10.922483,0.7344633,-12.443336,-0.893998,-35.672657,-0.50898427,-5.362829,12.272229,0.05172626,-0.01448524,0.04167657,4.316547,3.7313435,0.106,0.12338557,0.14,0.08485281,-35.726494,11,16-2,100,SPEAKER_01,1172.166667,1177.266667,1173.5184687500002,1174.9190937500002,1,1.400624999999991,disengaged
36.86027,0.18060362,32.597713,35.553204,39.90274,7.305027,81.199295,52.704628,39.736465,26.199356,0.18994018,1.0011804,0.042237617,0.118044935,0.30719918,0.26496157,3.4019964,2.3825076,3.2389576,2.1564171,0.08034288,1.4873296,14.002937,1.7473849,9.735401,1.2652766,-12.54311,-0.9482803,-7.599312,-2.0556843,0.020065403,0.89771104,1.7150903,0.6052077,5.255549,0.7008203,1.3269506,9.547219,34.166935,0.25825807,771.0706,0.22681281,1390.1914,0.16366929,-117.84732,-0.80058455,1770.3153,0.12648442,1162.6017,0.2388275,-118.30716,-0.730727,2919.0662,0.07873159,1019.24365,0.37720323,-122.641304,-0.65157133,-15.078346,-0.6544274,28.741247,0.38931486,0.07792091,0.29205263,-0.024677083,-0.75838506,0.15772025,0.90902483,28.918503,0.6313982,3.6571121,3.03782,-16.482798,-0.76519996,-17.047274,-0.8169609,-6.525534,15.010821,0.05537248,5.4966556e-05,0.019962495,3.4146342,3.0,0.13833332,0.10589565,0.12625,0.1089653,-34.061115,11,16-2,101,SPEAKER_01,1177.3,1179.7,1177.34909375,1179.7,2,2.064031249999971,engaged
36.69058,0.12119397,34.944016,35.87702,38.447308,3.503292,25.494867,11.0886135,63.303368,62.179092,0.23559569,0.8714207,0.051376875,0.19368187,0.3831774,0.33180052,4.1135736,2.433251,2.8484073,2.2939336,0.09672843,1.0775881,17.819845,1.3390505,11.719533,1.1850903,-9.041744,-1.7515587,-4.721542,-3.212744,0.023265958,1.8672975,1.2776365,0.71285367,8.085135,0.55259436,5.3569784,1.9127543,34.637924,0.27677053,756.4,0.23395847,1380.164,0.14989875,-91.322586,-1.0084724,1813.9381,0.12422773,1150.1505,0.24249429,-97.10407,-0.846565,2956.9922,0.0828935,1036.9016,0.25195813,-102.21432,-0.7499782,-18.269459,-0.6945741,33.034767,0.33975175,0.069161706,0.2651885,-0.019832036,-0.87297255,0.14701177,0.69986546,31.004316,0.50678366,11.779078,1.2850066,-10.453987,-1.7109715,-12.379545,-1.0237669,-2.185498,11.774969,0.042047083,0.017134136,0.019950207,3.5452325,2.2167487,0.2622222,0.22448847,0.15947369,0.17706595,-31.32771,11,16-2,102,SPEAKER_01,1179.733333,1189.333333,1179.733333,1189.333333,3,8.199375000000146,disengaged
34.802364,0.037656967,34.246464,34.990402,35.45642,1.2099571,80.232216,50.59086,13.398897,9.405648,0.2412266,0.6145869,0.1037498,0.21232295,0.40108478,0.29733497,3.3943813,1.8414143,2.328805,0.9142979,0.087864265,0.8398971,25.425356,0.82772857,15.524839,0.704456,-6.35898,-1.8160377,-7.833002,-1.880311,0.014330542,0.79384124,1.2320232,0.65552735,8.19445,0.31675056,4.906366,2.1510086,38.10676,0.19303952,742.399,0.20425414,1379.0854,0.14223014,-68.69385,-1.2234551,1838.6871,0.113661274,1177.4102,0.2629874,-80.379944,-0.90848684,2973.9321,0.09158749,1100.6161,0.23999715,-86.34789,-0.8019647,-20.76891,-0.34656307,33.779346,0.26291764,0.07078837,0.18555407,-0.02738024,-0.56541044,0.12083392,0.5602519,36.174904,0.29463217,13.242897,0.70621896,-7.092955,-1.7580078,-13.960116,-0.8378177,-8.892606,17.276007,0.054654643,0.0020122158,0.02110104,5.172414,3.550296,0.18833333,0.11908213,0.086,0.03382307,-33.874786,11,16-2,103,SPEAKER_01,1189.366667,1191.866667,1189.366667,1191.70971875,2,1.752426750000268,engaged
36.662758,0.18477976,34.238953,35.172886,36.91593,2.676979,244.23982,140.28705,147.21754,96.23949,0.23480344,0.871854,0.027052112,0.17355664,0.44208527,0.41503316,4.064696,3.1142101,2.5451453,1.3321452,0.09364089,1.1582042,21.309137,1.003514,6.6223617,1.9780366,-11.00716,-1.540218,-7.42687,-2.2996726,0.027798655,2.05332,1.3984396,0.7551454,6.158918,0.7888915,1.9201989,4.9504395,32.12347,0.3890962,692.0477,0.29139456,1361.7059,0.16272843,-103.36385,-0.9149592,1737.8354,0.14530127,1262.4177,0.25084305,-106.75257,-0.79987705,2807.4932,0.09959124,1094.0074,0.21288127,-109.43647,-0.7392733,-13.6620245,-0.95230657,27.72647,0.51958025,0.06546191,0.28610224,-0.015736014,-1.486523,0.13916552,0.8129324,28.450329,0.7138686,6.2678633,2.2306817,-12.4305935,-1.5098921,-13.957494,-1.2721827,-7.2040944,19.974583,0.04033152,0.011985788,0.031533353,3.7383177,2.8481014,0.17888889,0.18603729,0.17,0.15684387,-32.71077,11,16-2,104,SPEAKER_01,1191.9,1195.166667,1191.9459687500002,1195.166667,1,3.220698249999714,disengaged
34.586655,0.035409402,33.23723,34.94225,35.845245,2.608017,48.980915,45.200813,6.5614634,7.7711773,0.32588512,0.6054131,0.1446988,0.23965956,0.5238638,0.379165,5.373773,3.083836,2.6651459,1.7830974,0.1413086,0.7229131,33.791397,0.23223819,5.7808204,2.713761,-14.808319,-1.3836284,-10.7515545,-1.3470037,0.01857403,0.76857257,1.3481915,0.45994475,6.613768,0.38286301,5.387376,1.7860667,37.064068,0.23459452,795.42194,0.21465372,1519.4022,0.24248481,-29.087154,-1.9606357,1847.7593,0.11844413,1305.002,0.25031707,-43.16483,-1.1739154,3015.9495,0.06794188,1155.5115,0.25713342,-53.480343,-0.8728487,-16.157148,-0.67480415,34.72966,0.18321358,0.06974883,0.1653098,-0.014289897,-1.0836059,0.15585689,0.683259,34.36205,0.22484633,7.4860344,1.9884012,-14.077898,-1.4439833,-12.614778,-1.1818727,-14.435153,34.37949,0.06848926,0.00060319545,0.08730791,5.714286,3.0,0.28666666,0.13097923,0.035,0.005,-31.604708,11,16-2,105,SPEAKER_01,1195.2,1217.4,1195.2,1196.2659687500002,1,1.0659687500001382,engaged
36.29137,0.050809577,34.637882,36.231037,37.819195,3.1813126,34.98212,23.044579,16.747473,11.887929,0.46226898,0.80746347,0.09831525,0.37220174,0.84640855,0.7480933,7.5756407,3.9368258,3.3352885,1.8560283,0.21626285,0.9158668,25.688303,0.6002548,17.0913,0.6399838,6.660199,1.8738041,-7.2578883,-1.8698015,0.01644793,0.89249235,1.2465568,0.8684791,10.301143,0.29221287,10.015078,0.7752833,32.083195,0.2539049,690.8033,0.252538,1414.0812,0.16953565,-65.94022,-1.1931856,1831.9812,0.12460335,1067.4574,0.31753126,-73.73602,-0.9346516,2897.6023,0.072605014,978.22754,0.25289539,-77.169525,-0.8691331,-23.30318,-0.2872588,32.350517,0.2604883,0.06498122,0.27891597,-0.02628182,-0.59938544,0.27139792,0.7112182,31.569906,0.25919682,17.227627,0.6361821,7.709187,1.7242515,-11.027559,-1.1436497,-8.281691,16.041286,0.041393377,-0.0014504923,0.04874922,3.4146342,1.7283952,0.42999998,0.17776388,0.12714286,0.07591617,-22.282738,11,16-2,105,SPEAKER_02,1195.2,1217.4,1196.75534375,1216.46534375,5,4.117500000000064,engaged
37.228092,0.07115189,35.329205,36.06245,40.179256,4.850052,17.369392,11.248984,59.107014,43.013294,0.22345391,1.553523,0.02437688,0.11617324,0.24154976,0.21717288,5.20405,2.3012352,0.17253566,2.082874,0.11628543,1.7411516,19.016214,0.8301078,19.411358,0.662107,5.187635,1.2330725,-1.4499547,-9.398698,0.050220978,1.5233433,1.5644867,0.7685451,9.073169,0.23524469,11.769112,0.5141906,36.75071,0.3134355,745.82306,0.17479631,1390.6538,0.19575879,-118.8509,-0.7149838,1909.1052,0.07255093,1027.1035,0.30976576,-124.86965,-0.60583335,2992.383,0.056386434,1144.4973,0.3418573,-126.92052,-0.58112735,-24.957027,-0.35964823,34.831345,0.3511656,0.037121173,0.54845995,-0.021969026,-0.6435272,0.22481671,1.1477517,30.651371,0.28662276,20.001812,0.81837934,6.645172,0.794386,-8.796062,-1.4745497,-12.642412,19.486506,-0.00047617554,0.00641899,0.023491843,2.5806453,3.3333333,0.132,0.11320778,0.17999999,0.10271319,-27.935036,11,16-2,107,SPEAKER_02,1219.533333,1233.733333,1220.51534375,1225.03784375,3,1.5693750000004911,engaged
34.90932,0.029154856,34.12703,34.62648,35.405094,1.2780647,54.36411,50.11854,2.4347801,5.4272504,0.024585543,1.7851242,0.0052339514,0.006451783,0.020646077,0.015412126,0.6130829,0.6860868,0.810513,1.0792614,0.0053972485,2.8772378,5.0456243,2.7658923,12.021724,0.84052306,8.8598385,0.84583217,6.9051113,1.4549847,0.010407178,1.4837356,0.67067176,1.4702601,12.472034,0.1402271,5.419409,1.2107097,34.816147,0.18604851,902.4715,0.23106185,1375.6111,0.083506584,-179.99226,-0.29544064,2021.0038,0.09234465,1175.4502,0.124943964,-180.94139,-0.27607203,3110.668,0.056966692,1082.9696,0.21152118,-181.2816,-0.27133608,-33.696285,-0.1448677,43.267075,0.12151292,0.024077363,1.0444518,-0.016221175,-0.6673564,0.028679669,1.0772637,32.924217,0.13436218,34.2481,0.19721188,19.24551,0.5800597,-2.1811182,-3.3029099,-5.148001,13.346204,0.010137925,0.036113277,0.001849113,1.2027493,0.34662044,0.36499998,0.315,1.24,0.8480271,-45.54316,11,16-2,107,SPEAKER_01,1219.533333,1233.733333,1223.9915937500002,1232.8340937500002,7,5.8387499999996635,engaged
36.354843,0.08554389,34.22232,35.745865,37.97505,3.7527313,133.64503,153.918,25.21327,34.48434,0.32020992,0.9211643,0.05489487,0.23570201,0.5770253,0.5221304,5.8493104,3.5492241,3.3014195,1.761718,0.1282646,1.2471858,23.890654,0.7333238,15.123632,0.76749146,-0.55735487,-22.288828,-7.2603173,-2.0852988,0.015225506,1.1565632,1.0787941,0.90474236,10.38735,0.2800421,8.535803,0.9993583,34.675358,0.23102073,774.4022,0.20637426,1353.1843,0.18165284,-85.49546,-1.0079759,1861.5659,0.09790373,1095.5541,0.24917066,-94.82759,-0.8117262,2963.7737,0.05842416,907.5245,0.2844585,-99.018654,-0.74434,-22.1496,-0.38296655,34.09524,0.27573928,0.05960098,0.36530545,-0.026162684,-0.54434174,0.18626153,0.91567194,31.954514,0.3269961,16.799732,0.738966,-0.0059418553,-2324.1592,-13.452897,-1.0168449,-7.614661,16.98398,0.037683327,0.0061869603,0.0267768,2.5470655,2.1111112,0.2926316,0.18920448,0.174,0.25260016,-26.288645,11,16-2,113,SPEAKER_02,1238.366667,1281.066667,1238.53784375,1279.03784375,13,18.0731250000008,engaged
35.488678,0.11443023,34.52554,36.150513,37.994762,3.469223,195.81444,129.73476,464.09885,463.13293,0.2417874,0.7565841,0.073184736,0.23708972,0.29941767,0.22623295,4.7672997,3.2467475,2.472761,2.4053056,0.17696734,0.9683749,34.355137,0.2804872,19.863213,0.4210079,9.8380575,1.5060108,-9.920866,-1.2162149,0.033131585,1.560446,1.446566,0.82988924,9.54249,0.31360298,8.284511,0.74971884,36.162563,0.16665424,784.0675,0.19637574,1442.0358,0.16960454,-103.10158,-0.82079995,1888.222,0.092410885,1122.207,0.23426257,-106.819786,-0.6982868,2977.5364,0.07869737,961.86505,0.30707094,-109.96285,-0.6553077,-27.859526,-0.26914278,39.018616,0.17831495,0.05157912,0.32295755,-0.022497457,-0.82249266,0.16950965,1.123545,34.525146,0.22533505,21.481657,0.27931964,12.68863,0.9543101,-8.633677,-1.3983334,-19.701721,33.63122,0.053512484,-0.016510166,0.17420502,5.769231,4.255319,0.125,0.118638106,0.085,0.03201562,-27.940348,11,16-2,113,SPEAKER_01,1238.366667,1281.066667,1279.03784375,1281.066667,3,1.0500732499997412,engaged
36.112213,0.07716405,34.828648,36.097477,38.21157,3.3829231,232.1728,200.50343,63.34718,78.94774,0.20836902,0.8956753,0.033322774,0.15120971,0.3804089,0.34708613,4.627811,3.3135555,2.5802305,1.4924194,0.08808928,1.1398832,19.480583,1.1057038,9.223908,1.4311936,-7.5671816,-1.96329,-4.99233,-3.07306,0.031801194,2.5927863,1.4719902,0.7788689,7.963693,0.46369496,7.5771794,1.668691,34.665962,0.29596218,742.37494,0.23188692,1375.069,0.14447546,-110.642395,-0.84305173,1826.2499,0.11960234,1130.7767,0.20745686,-114.28343,-0.7364034,2958.9343,0.08457163,1041.1106,0.2440183,-118.6588,-0.670748,-19.036854,-0.61872107,32.825584,0.3004182,0.07368722,0.2321659,-0.02237886,-0.7443836,0.15014924,0.6240995,33.8303,0.31250688,8.200507,1.8390387,-8.085835,-2.2082396,-15.226346,-0.7249881,-5.8149524,15.252832,0.046340138,0.010586141,0.028169617,3.3805888,2.3026316,0.20428571,0.162878,0.19818182,0.21787477,-32.434677,11,16-2,115,SPEAKER_01,1282.033333,1293.833333,1282.033333,1293.833333,6,9.184374999999818,engaged
38.062046,0.08916484,35.68475,37.70858,40.224846,4.5400963,140.2827,212.44087,140.62755,360.85373,0.2842554,0.8683563,0.048404954,0.22991194,0.48699886,0.4385939,4.7978244,3.5038805,2.6521502,1.8486032,0.09910547,1.1495832,22.359863,0.7318984,11.009691,1.2494735,-9.403964,-1.471304,-19.729532,-0.9925081,0.016351752,1.8432059,0.96907526,0.9670941,10.488051,0.4042326,6.2807918,1.9664769,34.335945,0.3472436,773.0677,0.19676334,1322.3352,0.15777403,-76.2744,-1.1645938,1864.3849,0.108572245,1122.2467,0.22505762,-86.710266,-0.88436943,2979.2817,0.06598089,910.5209,0.32806894,-90.71553,-0.8123138,-21.247911,-0.45824808,33.54806,0.2723447,0.06806354,0.2852891,-0.028111575,-0.602358,0.13454619,0.8709027,29.559772,0.3322893,12.133411,1.1626983,-10.572928,-1.3842549,-27.49613,-0.61919874,-6.9892983,16.77457,0.043459952,0.009729123,0.024125157,2.6006413,1.9663926,0.33381817,0.27118254,0.15981132,0.120588034,-29.092642,11,16-2,116,SPEAKER_01,1293.866667,1354.366667,1293.866667,1354.366667,12,28.083125000000337,disengaged
34.625153,0.033519935,33.485394,34.85149,35.63186,2.1464653,41.681496,56.117428,9.689112,12.386695,0.19358364,0.92207617,0.022444306,0.13616917,0.39107388,0.36862957,4.385552,3.2336679,2.3352754,1.6957891,0.11561517,1.3654224,27.783255,0.519922,21.575459,0.5208338,9.89506,0.8775228,6.480706,1.3404833,0.018321987,0.94735754,1.1726034,1.1091611,10.895205,0.20878321,11.034521,0.36445087,39.733196,0.19037794,829.9823,0.23112336,1507.5295,0.16036397,-88.91614,-0.86228573,1896.436,0.09457399,1299.4121,0.18987511,-98.403275,-0.7003352,3006.626,0.060692493,1178.5981,0.32516128,-102.844765,-0.640027,-30.244192,-0.2606297,41.79139,0.2163602,0.028550776,0.34657362,-0.012390653,-1.0772536,0.17074779,1.0104513,34.8998,0.30324072,26.558569,0.30572054,14.261622,0.4580472,3.4413493,1.9497356,-11.82649,22.997253,0.018297203,0.02000335,0.020669393,3.3557048,2.777778,0.22999999,0.130958,0.11,0.0717635,-24.734482,11,16-2,116,SPEAKER_03,1293.866667,1354.366667,1313.8172187500002,1315.6565937500002,2,1.5018749999996999,disengaged
34.04623,0.052903015,32.33507,33.820778,35.360607,3.0255356,55.598186,66.48386,8.441068,9.982675,0.26022902,0.71200037,0.08512472,0.24080412,0.39720735,0.31208262,3.2267292,1.3737932,2.0359728,0.68209296,0.081994675,0.7369678,36.462646,0.2960805,22.760143,0.3963141,3.5217404,3.4099488,-7.6412535,-1.4675101,0.014978687,0.87578446,1.1957426,0.9764708,10.203765,0.2184076,9.8013525,0.5828028,40.64118,0.14424206,785.43225,0.21388249,1375.013,0.17566192,-36.376778,-1.4349161,1884.683,0.093480855,1291.6135,0.17283528,-56.89022,-0.7530375,2971.0168,0.0630262,1079.2124,0.3297941,-61.488766,-0.67029154,-24.544907,-0.4110068,40.379513,0.17347404,0.047787856,0.40030655,-0.021670852,-0.60104895,0.08920348,0.680677,37.859814,0.22705382,22.51783,0.41854712,3.4525464,3.6465905,-9.325937,-1.16419,-22.392902,32.752262,0.04207467,-0.008228726,0.036395643,3.3519554,2.8901734,0.302,0.20778835,0.04,0.008164966,-29.952309,11,16-2,116,SPEAKER_02,1293.866667,1354.366667,1319.70659375,1330.8272187500002,2,1.8056249999999636,disengaged
37.270992,0.076286554,35.583595,37.134186,39.09152,3.5079231,205.7098,296.05804,55.323437,119.41699,0.24305762,0.8191271,0.054143813,0.21060294,0.40920565,0.35506183,4.3767004,2.5262964,2.7024963,1.6410104,0.09232641,1.1169058,23.557747,0.80374914,11.865617,1.0356325,-6.1663485,-2.002436,-16.61508,-1.1562563,0.017855112,1.706327,1.0838189,0.87265396,9.875826,0.36071578,8.616162,1.3494906,35.602047,0.25525102,749.96387,0.21180414,1357.7286,0.15631598,-81.81588,-1.069736,1837.3835,0.12176333,1144.9036,0.22925507,-89.90972,-0.85404974,2952.729,0.07312569,942.8619,0.3751147,-94.338005,-0.77884734,-21.81576,-0.38680553,34.424595,0.27482843,0.070758626,0.24677067,-0.028284114,-0.5692321,0.128464,0.8343463,32.502068,0.31423384,13.187554,0.94718295,-7.370905,-1.7196959,-23.539522,-0.765305,-6.2185416,16.245275,0.04715634,0.0067305486,0.022550203,3.285078,2.3463688,0.27095237,0.2813895,0.16529411,0.16664924,-30.15363,11,16-2,117,SPEAKER_01,1354.4,1383.666667,1354.4,1383.666667,8,17.977291999999807,engaged
35.81532,0.07540722,35.08371,35.995228,37.71079,2.627079,372.07962,644.8862,68.74173,60.22634,0.27111006,0.52888525,0.15465218,0.2626336,0.35658586,0.20193368,3.05169,1.8083826,1.7446796,1.0639336,0.10064514,0.5765841,33.42341,0.48761588,17.602709,0.83167064,-4.893176,-3.0300226,-14.552815,-0.9758121,0.0282747,2.8311255,1.1539924,0.8507275,9.527076,0.3597255,9.47578,1.1705469,40.192207,0.24865828,715.85065,0.23677039,1451.6681,0.19154206,-46.805565,-1.5196486,1837.1853,0.124580495,1245.9419,0.25806084,-61.73442,-0.9686092,2966.335,0.07769921,1100.0472,0.28474462,-68.316765,-0.8233143,-23.540262,-0.4227404,38.97244,0.21244629,0.07287367,0.2126775,-0.023627518,-0.6194516,0.10928019,0.49123466,37.92191,0.26627335,16.751783,0.8806797,-4.9794025,-3.0353386,-17.725933,-0.71002257,-13.952577,22.845198,0.04945462,-0.0004413962,0.05411799,4.373178,2.366864,0.3425,0.24564964,0.094,0.05003998,-31.524212,11,16-2,118,SPEAKER_01,1383.7,1387.566667,1383.7,1387.566667,2,3.4447920000000067,disengaged
36.860172,0.10255878,34.715736,36.63668,39.084675,4.3689384,110.39337,108.300095,24.115854,20.374113,0.22751468,0.84602267,0.034094904,0.19908315,0.38867593,0.35458103,3.911367,1.8222228,2.908639,1.9915799,0.10010081,1.1987683,22.54322,0.9231881,13.865031,0.95196396,-5.576567,-2.561464,-11.716678,-1.3395902,0.02116562,1.3871405,1.2812935,0.77009356,9.220661,0.43196806,9.482433,1.0845509,36.844048,0.32239255,756.3778,0.23629273,1366.4589,0.17094602,-92.989525,-0.9758556,1887.3955,0.10905746,1147.2383,0.25109637,-102.12855,-0.7633544,3015.7068,0.07331652,1032.5839,0.27546692,-104.575554,-0.7152681,-23.44696,-0.44270843,35.558575,0.33009568,0.06812763,0.27407563,-0.025653377,-0.62442166,0.14760874,0.8452258,32.61202,0.45664743,17.435415,0.7523451,-4.318397,-3.6210165,-19.85347,-0.68569,-7.869759,20.007826,0.027035609,0.016090872,0.025698164,3.4013608,2.7586207,0.20833333,0.1352056,0.17777778,0.17001815,-30.651863,11,16-2,119,SPEAKER_01,1387.6,1392.4,1387.6,1392.4,2,4.428750000000036,engaged
36.754776,0.084784806,34.925438,36.617252,38.689568,3.7641296,207.29004,277.8941,39.942226,60.24361,0.23218511,0.804153,0.05854354,0.20128226,0.37993562,0.3213921,4.003214,2.3190072,2.782049,1.7679256,0.08155289,1.082133,24.203278,0.74466896,12.0144825,1.0776148,-5.2026916,-2.8080432,-15.282788,-1.1461905,0.020230582,2.041063,1.1317704,0.8948291,9.791117,0.3840301,7.2409177,1.4227815,34.750793,0.29504314,769.80164,0.20761569,1366.9481,0.16708346,-77.0655,-1.1308745,1860.721,0.12310673,1160.0209,0.2633162,-85.9999,-0.88681054,2968.8633,0.07554093,979.83923,0.3008202,-90.54879,-0.8048294,-20.820864,-0.4803297,32.97782,0.326828,0.07112129,0.28014553,-0.023466807,-0.6519113,0.10797103,0.82908463,31.709925,0.36661804,12.379093,1.0781785,-6.3038697,-2.471256,-22.146643,-0.6884313,-8.601508,18.622723,0.042818625,0.010689669,0.02656156,3.361195,2.4029903,0.27148148,0.21675219,0.13094488,0.12775119,-31.635405,11,16-2,120,SPEAKER_01,1392.433333,1513.566667,1392.433333,1482.97221875,32,56.24888575000023,disengaged
36.44401,0.053057127,35.18254,35.95306,37.948875,2.7663345,22.35933,20.483799,14.619954,6.220054,0.25032195,0.9302475,0.031481832,0.19164959,0.422076,0.39059415,3.926356,2.2285368,2.3923674,1.384126,0.087361105,1.0937054,21.973166,0.9075948,13.910435,0.97485656,3.698328,3.1131008,-6.16553,-2.323805,0.013510107,1.1617095,0.9920029,0.9671695,11.103893,0.25890687,9.810148,0.883622,33.18075,0.27197117,806.5864,0.20196092,1359.5688,0.17649741,-90.346985,-0.95204,1901.33,0.1034844,1157.6442,0.29453412,-97.96768,-0.7832418,2972.3953,0.06804517,973.7411,0.26998255,-100.85866,-0.7377443,-24.221958,-0.3978601,36.12045,0.29084134,0.056432113,0.38263544,-0.021032738,-0.7024361,0.13253072,0.7104626,33.17441,0.32393324,17.853024,0.6912882,6.038543,2.0010724,-11.663452,-1.0897182,-2.5921764,12.121382,0.030826028,0.017316945,0.011055498,2.2408965,1.4124295,0.44,0.22293496,0.31,0.26476404,-28.417889,11,16-2,120,SPEAKER_02,1392.433333,1513.566667,1419.26909375,1506.71534375,10,7.155000000000655,disengaged
32.299603,0.09940401,29.497404,30.595575,35.9714,6.473997,31.950893,13.426049,19.009386,7.2517676,0.12657999,0.50674206,0.06601585,0.12416587,0.1883763,0.122360446,2.3543065,1.0983726,0.83985865,0.3200014,0.042286817,0.75831985,30.007814,0.4677358,17.637514,0.5176761,9.5576105,1.348543,0.8008014,15.419267,0.0303155,0.96168244,1.548219,0.80805475,8.079998,0.2704158,6.790664,1.7940803,34.953365,0.2542726,638.68036,0.30821323,1397.3436,0.14107503,-58.96789,-1.2190142,1765.4371,0.1314818,1082.4159,0.22687165,-68.49207,-0.90500635,2931.2185,0.074932925,1055.7538,0.309462,-75.501,-0.7739426,-23.225647,-0.30800608,36.111626,0.25646192,0.04744052,0.568645,-0.00986136,-1.7235736,0.050140664,0.6382552,34.254456,0.32229647,19.232069,0.43313733,11.795757,1.076809,0.9787638,12.052497,-8.453631,18.866941,0.037415963,0.015312079,0.014571425,5.2631583,3.6363637,0.20833333,0.075148,0.058000002,0.03487119,-39.371967,11,16-2,120,SPEAKER_00,1392.433333,1513.566667,1459.2459687500002,1479.00659375,2,1.7212499999998272,disengaged
