F0semitoneFrom27.5Hz_sma3nz_amean,F0semitoneFrom27.5Hz_sma3nz_stddevNorm,F0semitoneFrom27.5Hz_sma3nz_percentile20.0,F0semitoneFrom27.5Hz_sma3nz_percentile50.0,F0semitoneFrom27.5Hz_sma3nz_percentile80.0,F0semitoneFrom27.5Hz_sma3nz_pctlrange0-2,F0semitoneFrom27.5Hz_sma3nz_meanRisingSlope,F0semitoneFrom27.5Hz_sma3nz_stddevRisingSlope,F0semitoneFrom27.5Hz_sma3nz_meanFallingSlope,F0semitoneFrom27.5Hz_sma3nz_stddevFallingSlope,loudness_sma3_amean,loudness_sma3_stddevNorm,loudness_sma3_percentile20.0,loudness_sma3_percentile50.0,loudness_sma3_percentile80.0,loudness_sma3_pctlrange0-2,loudness_sma3_meanRisingSlope,loudness_sma3_stddevRisingSlope,loudness_sma3_meanFallingSlope,loudness_sma3_stddevFallingSlope,spectralFlux_sma3_amean,spectralFlux_sma3_stddevNorm,mfcc1_sma3_amean,mfcc1_sma3_stddevNorm,mfcc2_sma3_amean,mfcc2_sma3_stddevNorm,mfcc3_sma3_amean,mfcc3_sma3_stddevNorm,mfcc4_sma3_amean,mfcc4_sma3_stddevNorm,jitterLocal_sma3nz_amean,jitterLocal_sma3nz_stddevNorm,shimmerLocaldB_sma3nz_amean,shimmerLocaldB_sma3nz_stddevNorm,HNRdBACF_sma3nz_amean,HNRdBACF_sma3nz_stddevNorm,logRelF0-H1-H2_sma3nz_amean,logRelF0-H1-H2_sma3nz_stddevNorm,logRelF0-H1-A3_sma3nz_amean,logRelF0-H1-A3_sma3nz_stddevNorm,F1frequency_sma3nz_amean,F1frequency_sma3nz_stddevNorm,F1bandwidth_sma3nz_amean,F1bandwidth_sma3nz_stddevNorm,F1amplitudeLogRelF0_sma3nz_amean,F1amplitudeLogRelF0_sma3nz_stddevNorm,F2frequency_sma3nz_amean,F2frequency_sma3nz_stddevNorm,F2bandwidth_sma3nz_amean,F2bandwidth_sma3nz_stddevNorm,F2amplitudeLogRelF0_sma3nz_amean,F2amplitudeLogRelF0_sma3nz_stddevNorm,F3frequency_sma3nz_amean,F3frequency_sma3nz_stddevNorm,F3bandwidth_sma3nz_amean,F3bandwidth_sma3nz_stddevNorm,F3amplitudeLogRelF0_sma3nz_amean,F3amplitudeLogRelF0_sma3nz_stddevNorm,alphaRatioV_sma3nz_amean,alphaRatioV_sma3nz_stddevNorm,hammarbergIndexV_sma3nz_amean,hammarbergIndexV_sma3nz_stddevNorm,slopeV0-500_sma3nz_amean,slopeV0-500_sma3nz_stddevNorm,slopeV500-1500_sma3nz_amean,slopeV500-1500_sma3nz_stddevNorm,spectralFluxV_sma3nz_amean,spectralFluxV_sma3nz_stddevNorm,mfcc1V_sma3nz_amean,mfcc1V_sma3nz_stddevNorm,mfcc2V_sma3nz_amean,mfcc2V_sma3nz_stddevNorm,mfcc3V_sma3nz_amean,mfcc3V_sma3nz_stddevNorm,mfcc4V_sma3nz_amean,mfcc4V_sma3nz_stddevNorm,alphaRatioUV_sma3nz_amean,hammarbergIndexUV_sma3nz_amean,slopeUV0-500_sma3nz_amean,slopeUV500-1500_sma3nz_amean,spectralFluxUV_sma3nz_amean,loudnessPeaksPerSec,VoicedSegmentsPerSec,MeanVoicedSegmentLengthSec,StddevVoicedSegmentLengthSec,MeanUnvoicedSegmentLength,StddevUnvoicedSegmentLength,equivalentSoundLevel_dBp,participant,session,clip_id,speaker,engagement_start_time,engagement_end_time,speaker_start_time,speaker_end_time,num_segments,speech_duration,label
36.638947,0.05893248,34.43446,36.71051,38.678085,4.2436256,161.11827,213.16936,16.49573,8.501397,0.9467004,0.6541663,0.38715583,0.8246625,1.4140415,1.0268857,12.690416,5.7972183,6.4524546,4.582793,0.6392335,0.9233636,21.858885,0.8700476,13.601367,1.033996,2.4089499,6.6500688,-12.231833,-1.4411796,0.013800708,0.9034007,1.0597427,0.82548696,10.078177,0.33123165,8.90214,1.3520639,29.652525,0.4091963,743.7012,0.2498463,1350.8726,0.18162106,-76.7319,-1.1119603,1831.3813,0.14441991,1134.344,0.28948975,-81.97121,-0.92745125,2879.0115,0.09596384,1038.779,0.27161154,-86.053955,-0.84850633,-17.998608,-0.5719555,30.655144,0.354989,0.05099593,0.410603,-0.025530629,-0.6099748,0.821328,0.72646385,29.533857,0.3825527,12.108068,1.1770191,0.107455544,142.79243,-15.876037,-0.90721965,-5.5800967,11.763709,0.028130345,-0.002582786,0.19601741,4.0,2.4774776,0.26999998,0.18512893,0.126,0.103460126,-13.940925,9,4,0,SPEAKER_03,0.0,5.066667,0.03096875,5.066667,3,4.512573249999999,engaged
36.156868,0.056027427,34.175613,36.19589,38.199966,4.024353,65.95809,64.50478,19.094551,4.5249567,0.95721483,0.6476062,0.3879673,0.9151891,1.3958465,1.0078793,13.15449,6.2102847,10.357761,5.017186,0.6093007,0.8018573,26.636663,0.5501948,15.223073,0.7554909,6.5915546,1.9591179,-9.320765,-1.6025738,0.014089123,0.7468859,0.9244778,1.0767062,10.762639,0.2479438,8.678317,1.17264,32.61367,0.25402158,805.5485,0.20788977,1345.4326,0.13846382,-70.0099,-1.1003593,1895.3342,0.121298514,1128.6868,0.2171308,-77.21177,-0.8880189,2997.1,0.08074957,985.5376,0.29128796,-82.0476,-0.79624397,-20.332396,-0.3742544,33.207516,0.27176523,0.040908374,0.47209862,-0.024950095,-0.41287565,0.7106528,0.6648696,32.31877,0.29435688,12.993665,0.80555195,3.1927304,3.6140103,-12.571621,-0.98885226,-12.600613,18.59958,0.014481826,-0.0075638015,0.38410798,4.0,3.0769231,0.23166665,0.090261966,0.07333333,0.022852182,-12.9055,9,4,1,SPEAKER_03,5.1,7.866667,5.1,7.48971875,2,2.0184687500000003,disengaged
36.632805,0.08118941,36.04732,36.992004,38.698196,2.650875,8.672713,1.8596326,39.645336,0.0,0.8685043,0.60012174,0.29639,0.84878623,1.273812,0.97742206,21.490408,7.0299687,9.442233,3.4661062,0.63995373,0.93336445,28.071728,0.3244982,8.2480755,1.192202,-8.024572,-1.5028532,-27.830793,-0.37463003,0.013405531,0.77759737,1.2420582,0.92600155,8.616109,0.4350362,2.4039543,4.1077366,32.92105,0.24552308,762.7245,0.23182023,1279.8005,0.13144708,-42.93507,-1.7004377,1884.9175,0.11849763,992.0546,0.25994086,-57.524124,-1.0995374,2972.5764,0.07154964,938.07684,0.28118008,-63.273746,-0.9516772,-19.381027,-0.32644787,29.592033,0.221533,0.06923844,0.20470949,-0.03924047,-0.3045633,0.69656974,0.80282295,28.897947,0.29079673,8.540688,1.1215296,-7.780342,-1.5753577,-30.27532,-0.31294233,-15.124306,24.48998,0.06290654,-0.025246868,0.23277792,3.846154,3.0612247,0.26,0.11430952,0.074999996,0.005,-16.747995,9,4,2,SPEAKER_03,7.9,11.4,9.599093750000002,11.4,2,1.058406249999999,engaged
37.31772,0.060928833,36.01244,37.30361,38.752502,2.7400627,71.480545,64.47956,67.51317,66.81675,0.8103135,0.7281412,0.2772398,0.69201726,1.361051,1.0838112,9.598833,5.034997,10.633499,5.987477,0.5542395,0.79129046,23.29961,0.67924356,10.423879,1.5177771,-0.29858488,-63.12621,-11.141342,-1.2540888,0.032001335,1.4145879,1.3427303,0.71342707,8.97246,0.45174062,2.8828082,4.324335,25.671757,0.37288427,793.0409,0.23090309,1287.4011,0.1877345,-64.00021,-1.2307918,1865.6809,0.13150412,1083.6658,0.2719779,-71.44318,-0.9799511,2928.1458,0.08384482,936.1965,0.26442033,-76.15821,-0.8765783,-17.722872,-0.6145184,30.637108,0.3473472,0.040722683,0.423932,-0.022652207,-0.6665844,0.7013868,0.59024787,28.14014,0.37503922,7.8550014,1.9529084,-1.2265575,-15.841587,-16.06145,-0.7382603,-10.438135,19.614176,0.032018952,0.00015795339,0.15505368,3.448276,2.6431718,0.27666664,0.14794894,0.08166667,0.042589772,-15.071876,9,4,3,SPEAKER_03,11.433333,14.866667,11.433333,13.76721875,1,2.3338857500000003,disengaged
36.933594,0.07030784,34.983227,37.471786,38.808395,3.8251686,163.8948,173.12978,48.58795,85.747536,1.3085526,0.6095681,0.565817,1.2131417,1.9921441,1.4263271,19.34275,10.04523,12.481853,6.119847,0.94386876,0.7389067,26.467628,0.49583435,6.245104,2.3170977,-2.7172263,-4.70673,-11.763764,-0.8899574,0.018891746,1.2368952,1.1492008,0.84387106,9.080455,0.43263185,5.6942196,2.3328364,27.067911,0.40323523,833.7979,0.17928132,1225.9247,0.15272906,-54.717278,-1.3512062,1929.9592,0.1076752,1043.6155,0.31660563,-65.03648,-1.0212137,2983.093,0.07457585,949.1922,0.32922265,-70.585205,-0.89668924,-15.459506,-0.65879244,29.015923,0.33698675,0.050199766,0.39551657,-0.0216634,-0.70738137,1.0755781,0.6185788,29.275883,0.3283977,5.181661,2.7656143,-3.8901699,-3.2220201,-13.522628,-0.6691263,-11.112908,20.365717,0.042134427,-0.008210124,0.49988687,4.337051,2.8678305,0.2647826,0.20975906,0.07526316,0.06302618,-11.507271,9,4,5,SPEAKER_03,22.433333,36.4,22.54221875,31.992218750000006,5,8.083125000000003,disengaged
40.434364,0.07207416,37.43963,39.800808,43.40235,5.962723,26.394428,14.685602,48.84349,69.888535,0.6522581,0.75818914,0.24431078,0.53321546,0.96169996,0.71738917,11.082168,7.3304915,8.390431,7.4584055,0.26421118,0.93528926,18.665428,0.52492887,-7.094471,-1.501935,0.79633665,21.766556,-19.920925,-0.6584211,0.014329331,1.2049588,1.2392691,0.64867264,9.036368,0.4494316,11.917815,0.88643247,18.642603,0.5886897,685.28314,0.32237843,1358.5786,0.18236333,-32.701145,-1.9207726,1750.5603,0.1240857,1024.3059,0.33791488,-31.713453,-1.541425,2701.5825,0.08747871,1021.55347,0.35609677,-32.630466,-1.4855803,-11.541046,-0.6569473,18.934793,0.45281416,0.05843032,0.32031327,-0.021681758,-0.70868117,0.28356776,0.88545847,19.621706,0.4751454,-7.814339,-1.2832628,0.7060805,24.61616,-20.870024,-0.6113737,-8.108841,16.355362,0.040265303,-0.0043382524,0.10671291,4.105572,1.4880953,0.604,0.3894406,0.057499997,0.017853571,-22.500814,9,4,6,SPEAKER_04,36.433333,40.566667,37.13909375,40.566667,1,3.427573250000002,engaged
40.267548,0.04983604,37.439613,41.190514,41.711674,4.2720604,96.44244,68.215706,-2.7543228,27.300032,0.49553,0.86043733,0.08949471,0.41869473,0.8607375,0.7712428,9.929417,0.90422857,7.8922443,3.7356372,0.24268243,0.88133126,19.268423,0.39226714,9.646357,1.5446742,18.285975,0.76324487,-21.174524,-0.75881153,0.025089463,0.93494725,1.4862822,0.7358516,9.326418,0.30853018,17.264055,0.4938011,19.690313,0.5264559,708.185,0.27089593,1357.7303,0.14241621,-91.20207,-0.9086898,1839.1377,0.09199292,849.5051,0.44078016,-86.46931,-0.8722241,2795.5173,0.06954154,933.53174,0.3015114,-83.86402,-0.9193758,-15.806446,-0.46747133,21.320843,0.4435421,0.056805387,0.2692672,-0.023529788,-0.6480406,0.30151886,0.7093237,19.324528,0.37517366,2.5859466,5.4366765,16.07069,0.82992715,-23.491217,-0.624283,-16.776596,22.40953,0.06104687,-0.014035213,0.15637459,4.347826,3.6363635,0.175,0.17327723,0.08,0.05147815,-25.313894,9,4,7,SPEAKER_04,40.6,43.833333,40.6,41.76284375,1,1.1628437500000004,disengaged
41.845005,0.105797514,39.889915,40.75276,41.45485,1.5649338,123.42615,120.58602,805.39307,1032.3921,0.49637252,0.6692817,0.22032318,0.37512445,0.8575653,0.6372421,5.623221,2.9497683,4.2923512,2.4412556,0.26213178,1.2084876,23.166136,0.44639128,1.3298348,5.18339,-14.27574,-1.4643786,-37.56482,-0.37077206,0.034368232,1.3277032,1.0858309,0.8548902,9.667156,0.47200724,8.964328,1.0015377,30.23812,0.47625172,739.2752,0.3001478,1356.922,0.2653086,-68.3395,-1.3144686,1813.5297,0.15795216,1116.6321,0.23967317,-64.33034,-1.0917991,2909.5461,0.084517375,1052.1624,0.28353867,-69.576836,-0.9708062,-15.894668,-0.51352566,30.559128,0.23876776,0.0546962,0.44676098,-0.033764835,-0.4439608,0.30967993,1.1255714,25.756506,0.33207956,0.82715553,8.427812,-17.330046,-1.1487182,-41.578197,-0.27467698,-7.5905695,21.226055,0.04993901,-0.0031313088,0.10042303,3.1250002,2.5974026,0.2875,0.13935117,0.0775,0.039607447,-23.269594,9,4,9,SPEAKER_03,45.266667,47.833333,46.032218750000006,47.833333,3,1.6154892499999889,disengaged
39.87474,0.09203993,36.722733,39.35077,43.82773,7.1049957,49.324516,23.954163,26.598475,19.257944,0.56031877,0.76510054,0.18308477,0.45485103,0.83590144,0.65281665,6.9499073,2.6069684,5.016564,2.0453079,0.21537213,1.0145243,18.550945,0.8689992,5.1683536,2.8791924,0.8181702,25.726097,-24.404097,-0.6892616,0.016886713,1.2682636,0.92852694,0.8363139,10.802966,0.3400204,14.239093,0.79280317,27.855185,0.33507767,709.4371,0.25216332,1319.9945,0.16881843,-54.97348,-1.3817694,1826.3505,0.11906971,1008.79083,0.32730675,-61.62441,-1.0729653,2862.1274,0.077862285,928.69006,0.4100458,-63.2786,-1.0249997,-16.041647,-0.5033118,25.65885,0.38930422,0.072440356,0.29653746,-0.024990374,-0.719708,0.24936152,0.9169988,23.09734,0.46688694,3.1486082,4.7928777,-1.2512038,-17.516638,-29.005037,-0.52149385,-4.8347087,11.138735,0.04465164,-0.00042895798,0.06795337,3.3653848,2.9268293,0.2625,0.13881192,0.07777777,0.048253443,-23.539331,9,4,10,SPEAKER_03,47.866667,64.033333,47.866667,60.96659375,4,4.173051750000006,engaged
43.656975,0.073264696,41.090576,44.97958,46.30149,5.2109146,19.419899,4.886031,27.394964,18.808277,0.67973274,0.8702257,0.111418344,0.55239886,1.206903,1.0954846,8.270326,4.2365193,3.3088384,2.4435692,0.33759317,1.11384,19.69119,0.54094356,-11.755765,-1.3940791,-11.693415,-1.2285291,-15.221677,-0.83201045,0.032082453,1.1375529,1.1711836,0.7828001,7.88916,0.37961784,15.97214,0.37754932,28.440063,0.30454633,757.4591,0.31111804,1402.3951,0.18744795,-66.41178,-1.303411,1727.7338,0.11459048,1145.902,0.29394332,-59.5045,-1.2125661,2809.706,0.09025131,1014.55005,0.34733662,-67.15139,-1.0079559,-10.999763,-0.66433126,26.011478,0.25660968,0.070077375,0.27181792,-0.0017538362,-12.346516,0.43432227,0.9008152,22.35702,0.40754706,-15.745485,-1.0568036,-13.527792,-1.1438916,-18.448755,-0.61021084,-7.3988357,17.033165,0.05170155,0.004027018,0.06599271,2.7210886,2.8169014,0.265,0.16070157,0.07,0.015811387,-20.35087,9,4,10,SPEAKER_02,47.866667,64.033333,60.96659375,63.24471875,2,1.4849999999999994,engaged
36.9867,0.11316505,35.150833,36.7035,38.754204,3.6033707,201.17587,234.39763,-0.6529236,55.633144,1.016945,0.7284103,0.35473204,0.8872137,1.5488652,1.1941332,15.129566,12.628093,12.548012,6.77538,0.7934549,0.8672303,26.677687,0.60259384,12.5428705,1.1045684,1.0415611,12.507753,-6.9183817,-1.8649086,0.019739633,0.98458105,1.1990359,0.8913568,9.668612,0.39279014,7.549721,1.4673446,30.711939,0.39901704,770.2771,0.25890315,1384.234,0.20350242,-67.212845,-1.164105,1827.7817,0.12868793,1145.6178,0.25375256,-73.156006,-0.9529073,2923.8105,0.08320213,1049.8751,0.2852772,-78.80066,-0.8317992,-19.02471,-0.5537644,32.026783,0.36542383,0.052803032,0.44335204,-0.020439502,-0.8563452,0.93180346,0.74318343,29.76807,0.45754692,11.178415,1.1873715,-1.0921805,-11.8750725,-10.436773,-1.1088789,-14.643817,21.95512,0.039347526,-0.0045375344,0.3889786,4.187605,3.21489,0.2231579,0.21378917,0.089999996,0.062678315,-12.380114,9,4,13,SPEAKER_03,72.133333,79.666667,72.133333,79.666667,4,5.980834000000016,disengaged
36.86433,0.1723094,34.24211,34.827606,36.921333,2.679222,96.74893,51.74255,17.469585,8.750221,0.8380737,0.6303185,0.31167126,0.83085525,1.269825,0.9581537,10.545872,4.6213894,10.363524,4.6853194,0.5660965,0.78649855,24.040447,1.0301595,11.99806,1.0659271,1.2354997,11.608747,-7.0394936,-1.3616855,0.031444658,1.6198231,1.5462,0.809682,7.837711,0.578592,11.624355,0.7169461,30.498222,0.66102237,744.19165,0.2496078,1373.0034,0.22236684,-54.3117,-1.3429912,1799.6797,0.11649592,1129.6418,0.25540134,-62.182808,-0.9908666,2943.1853,0.08305123,975.58264,0.23503768,-68.64304,-0.83408374,-15.655715,-0.9353565,29.740479,0.55315405,0.047295764,0.40384,-0.014828638,-0.98896754,0.6516905,0.6357873,29.809582,0.64183855,10.788034,1.2344784,0.42771372,35.58958,-8.312921,-1.1383115,-8.076379,16.413734,0.030014526,-0.0031031056,0.30843875,3.960396,3.5897436,0.21714285,0.20281689,0.043333333,0.021343749,-17.178795,9,4,14,SPEAKER_03,79.7,102.466667,79.7,81.73971875000001,1,2.039718750000006,engaged
45.610832,0.06412371,44.68864,46.13988,47.44494,2.756298,87.95733,131.03075,70.91899,75.99064,0.48980677,0.662055,0.18503064,0.45068252,0.75404835,0.5690177,6.097884,5.5588436,4.7010007,4.248028,0.1806076,1.127512,17.83463,0.79281145,-4.9771256,-2.8066952,-17.915522,-0.8766313,-28.250738,-0.63441813,0.014588986,1.7798672,0.7697094,0.80728495,12.66496,0.4331587,15.337172,0.8129639,30.847677,0.23737855,856.94073,0.1861826,1226.3749,0.133649,-52.427887,-1.5516273,1906.1097,0.11131863,1121.6138,0.23192975,-62.670715,-1.0948032,2958.7585,0.0669332,953.9767,0.34313723,-69.18411,-0.9382246,-16.50573,-0.84057194,31.70218,0.30231735,0.08420289,0.38248685,-0.011306971,-1.8661534,0.21327178,0.98291075,22.338547,0.32482916,-5.573088,-2.672437,-22.717922,-0.55627024,-33.29612,-0.47389907,0.686111,9.982952,0.03148629,0.0086960895,0.071374446,3.0487804,2.4767802,0.30875,0.33772907,0.084285714,0.102240205,-23.786568,9,4,14,SPEAKER_02,79.7,102.466667,87.96659375,97.72034375,3,3.2906249999999915,engaged
44.318535,0.036206342,42.972816,44.05843,45.48443,2.511612,12.548109,4.324488,23.46553,14.13163,0.40674898,0.73423874,0.10135043,0.33638003,0.7114078,0.61005735,3.5485582,1.2777882,3.4844937,1.7470899,0.12842453,0.7584768,23.743898,0.36302355,0.092251286,171.97745,-24.483686,-0.72839695,-27.725538,-0.5300459,0.013167567,1.0093731,1.0834696,0.84598464,11.963559,0.19856353,10.747849,0.6151104,38.774612,0.2568504,834.02673,0.20367649,1376.6145,0.20858453,-60.259655,-1.4330225,1800.8203,0.14710669,1277.5305,0.27372253,-66.27161,-1.1154102,2957.1167,0.08306914,923.8098,0.31753775,-76.04626,-0.89151084,-12.87997,-0.5358984,32.85587,0.26261115,0.062540196,0.30440128,-0.008460355,-1.607338,0.15697415,0.59249514,26.302364,0.23968478,-4.3616953,-3.3895764,-31.627028,-0.42428857,-31.69124,-0.31209636,-13.83176,22.441679,0.04784362,-0.011027768,0.055369306,2.3255816,1.9138757,0.3875,0.32706076,0.14999999,0.09797959,-27.887941,9,4,15,SPEAKER_02,102.5,133.233333,102.71534375,111.72659375,3,2.1599999999999966,disengaged
38.45654,0.1542957,35.81686,37.27426,38.431637,2.6147766,124.3256,101.90432,39.203144,27.038708,1.0348828,0.54002607,0.5148737,0.9524401,1.5541404,1.0392668,16.72616,14.830988,13.746335,7.0278697,0.74911547,0.91359544,19.213623,1.1624614,13.4656105,1.0999241,-0.6242834,-17.625242,-5.3952627,-2.8422263,0.020385979,1.0081851,1.2680846,0.707718,8.584279,0.56602937,6.6162524,1.525531,26.186014,0.49965099,865.0235,0.22381966,1274.8212,0.19354932,-51.72556,-1.2941797,1920.4679,0.12638496,1104.8219,0.2637103,-55.355602,-1.0698986,2960.412,0.085173,1129.4818,0.23940237,-61.319088,-0.9207748,-13.9317875,-1.041556,26.20783,0.64452666,0.052110694,0.42809775,-0.016265705,-0.91555136,0.8710776,0.8036461,23.532202,0.8754042,10.1864805,1.3188653,-0.83552897,-14.115804,-9.318639,-1.4181231,-7.2406344,15.480944,0.029826846,0.0023703896,0.28074074,5.1612906,2.6666667,0.3075,0.13736357,0.06,0.02828427,-14.683076,9,4,16,SPEAKER_03,133.266667,139.133333,137.44409375,139.01346875000002,1,1.569375000000008,engaged
36.330658,0.09155154,34.424587,36.62445,38.899426,4.4748383,185.63727,212.27498,51.52067,72.07546,1.1039448,0.6904152,0.41799843,1.0090346,1.6267056,1.2087072,15.885031,10.917762,12.353055,6.219391,0.7934205,0.7737316,26.054367,0.5960632,9.032357,1.617235,-0.7171713,-21.554579,-9.113398,-1.4053384,0.01704992,1.173729,1.134379,0.81685454,9.310218,0.4363107,6.915806,1.7000268,28.927673,0.4232806,798.64404,0.21698898,1318.916,0.1773149,-61.92767,-1.2574698,1880.9331,0.11433132,1095.6962,0.28661725,-70.46272,-0.9789985,2959.5916,0.082416326,1005.5166,0.27067184,-75.86715,-0.8655494,-17.085266,-0.606405,30.165716,0.3412758,0.052423168,0.41510302,-0.020305865,-0.8484833,0.9190905,0.62734395,30.044249,0.3387625,7.983557,1.7801538,-2.227216,-6.795717,-11.886542,-0.9460008,-10.726231,19.033318,0.043148108,-0.004570536,0.42575762,3.6599762,3.2104638,0.22592592,0.18929224,0.07521739,0.05199244,-12.144673,9,4,17,SPEAKER_03,139.166667,150.366667,139.33409375000002,149.96534375000002,5,8.48812499999994,disengaged
37.036087,0.10018526,34.80357,36.570015,38.954166,4.1505966,246.08998,548.2862,48.83797,97.93813,1.0143911,0.6572838,0.4322958,0.8960146,1.5358324,1.1035366,13.913482,7.9319925,9.828423,5.128538,0.6803643,0.8369996,26.8314,0.566459,10.59966,1.3638682,-1.896011,-8.483695,-15.369289,-1.0943217,0.0197728,1.7845685,1.0476545,0.7799638,9.673548,0.37510228,8.950634,1.3090276,31.211472,0.36829332,781.87805,0.23026343,1327.1914,0.1847976,-50.488045,-1.4595212,1861.8958,0.13086891,1118.6151,0.3060987,-61.302597,-1.0479801,2951.0303,0.07987927,994.97046,0.28621587,-67.08773,-0.9101446,-17.77112,-0.5476679,31.293743,0.2974611,0.056759354,0.37247375,-0.023780247,-0.6417023,0.7809129,0.722068,30.144756,0.37517545,9.560849,1.5036857,-3.2384813,-5.076177,-18.336199,-0.85287905,-9.562401,18.139275,0.03569143,-0.0021057606,0.26088414,3.4988713,2.0739067,0.38145453,0.28948495,0.09104167,0.083447576,-13.968842,9,4,18,SPEAKER_03,150.4,233.633333,150.85971875,233.47971875,13,26.595,engaged
27.239285,0.34085974,17.81516,25.916477,39.680004,21.864843,151.528,0.0,-22.101288,106.66574,0.32923132,1.1985735,0.04871393,0.092841014,0.7074174,0.6587035,3.0058403,3.013775,1.6581755,0.5965778,0.11164101,1.4990566,11.557182,0.46988118,3.4897163,5.5382257,11.538758,1.1290349,4.158344,4.4952245,0.09467586,1.3363615,0.98747957,0.54213136,4.6089015,0.4902335,14.465681,2.293335,16.423956,0.8428938,927.8522,0.3343386,1232.5217,0.12484644,-147.10661,-0.51632065,1923.323,0.11525976,1114.2686,0.23578034,-140.50432,-0.55324054,2871.2446,0.09454282,1078.0214,0.30482218,-140.54018,-0.55256045,-17.046099,-0.47620848,25.9278,0.46273273,-0.026394418,-1.0856919,0.0037684687,4.968172,0.049677476,1.7456276,14.685872,0.21696657,12.80735,0.86909527,21.095417,0.34780443,10.881315,1.7682873,-8.1637125,15.556546,-0.0070654666,0.00019152742,0.15558636,1.8181818,2.8846154,0.10666667,0.054365024,0.16,0.15378556,-33.41899,9,4,18,SPEAKER_04,150.4,233.633333,205.95659375,207.15471875,2,1.1137500000000102,engaged
35.908207,0.1140254,35.11098,36.335262,38.04463,2.9336472,224.7866,198.90845,131.38583,130.4748,1.179596,0.59477264,0.5916854,1.0106167,1.7266545,1.1349691,18.817327,10.104255,11.136092,5.007318,1.00271,0.72085226,25.834534,0.6300343,13.868691,0.95389223,-3.641375,-3.6877744,-15.728378,-0.7153164,0.02587682,2.057172,1.065941,0.6567743,8.808441,0.39795718,3.487785,3.3466225,31.366486,0.32099548,775.02106,0.23397636,1328.7284,0.12695988,-76.59176,-1.1008445,1813.628,0.11826207,1131.9548,0.22060403,-82.31382,-0.924347,2924.711,0.07612635,945.75165,0.2855675,-88.12595,-0.81755286,-18.809137,-0.42576927,31.479118,0.28262115,0.06126473,0.32775655,-0.026982537,-0.38491276,1.2020938,0.5777408,30.712898,0.35882372,11.743737,1.0942097,-5.4546313,-2.4265134,-18.122444,-0.5598905,-9.644629,17.822592,0.050318968,-0.016086355,0.5944418,4.477612,3.4351146,0.18888889,0.09619938,0.091249995,0.0395087,-12.232122,9,4,19,SPEAKER_03,233.666667,237.133333,233.666667,237.133333,2,2.6904159999999706,disengaged
37.849594,0.112439476,34.69686,37.05393,39.837803,5.1409416,382.63052,650.72766,80.02713,114.83655,0.98069334,0.7534037,0.35273778,0.7357377,1.6475741,1.2948363,15.411339,9.2634735,11.282719,5.66339,0.69054526,0.9616922,20.50973,0.91123074,7.8297687,1.8191142,-3.802324,-3.7812061,-18.16862,-1.0419507,0.021101898,1.6247542,1.2157122,0.7808303,8.745593,0.51940614,6.5040684,1.8564795,25.581406,0.511697,787.27075,0.2124421,1297.4434,0.17848593,-68.130394,-1.2287688,1865.7146,0.13238692,1100.4718,0.30070063,-75.2966,-0.98296666,2919.0417,0.082421035,968.5033,0.30660328,-79.11175,-0.9028308,-14.738724,-0.7189215,27.521517,0.42003185,0.057164732,0.36522222,-0.020915754,-0.6993329,0.85811585,0.810189,25.525558,0.54498446,6.846995,2.0976973,-5.138571,-2.755201,-21.766048,-0.85467136,-4.698399,13.459172,0.048798256,-0.00195197,0.27513996,3.6206899,2.857143,0.24242423,0.19457848,0.0975862,0.08672807,-13.819173,9,4,20,SPEAKER_03,237.166667,258.2,237.166667,252.98721875,6,11.618676750000049,engaged
45.514893,0.085857406,42.593517,45.662712,48.960594,6.367077,111.725716,159.13828,42.209694,26.058023,0.67887515,0.8873393,0.19837122,0.5322763,1.0100265,0.8116552,7.1752577,7.4209824,6.3905263,6.9986305,0.33177307,1.1754874,18.365015,0.5032514,-10.291418,-1.5424857,-14.892101,-1.0381935,-31.281254,-0.47106504,0.026165847,1.0625057,1.1855478,0.66565484,9.144834,0.44510704,10.688037,1.0655088,23.97372,0.5014222,859.2021,0.20800953,1281.3412,0.16961785,-46.536953,-1.6132146,1871.2501,0.120804146,1093.2926,0.2317221,-52.458664,-1.2586107,2918.89,0.06895523,885.2117,0.31243116,-57.357,-1.0981269,-10.7659645,-0.90521467,25.462059,0.37809092,0.07501041,0.29082495,-0.011530694,-1.5561064,0.37556288,1.0930296,19.655375,0.4466012,-11.632153,-1.4323329,-16.035032,-0.93563765,-34.185806,-0.3876118,-4.7467794,17.264353,0.053357515,-0.0024092568,0.14332005,2.846975,1.7985612,0.45099998,0.52016246,0.09555555,0.08247708,-21.555649,9,4,21,SPEAKER_02,258.233333,282.566667,261.98159375,277.67534375,5,5.636250000000075,disengaged
38.220585,0.12421687,34.80281,37.45925,41.289593,6.486782,158.11867,192.07483,32.365746,28.584301,0.61959046,0.7592744,0.25050732,0.5190652,0.93709785,0.68659055,8.791444,6.8454947,6.704734,5.728113,0.29693672,1.2298179,20.182804,0.8779192,10.13566,1.2289674,-2.5165713,-6.2908077,-24.722347,-0.87655354,0.018668666,1.5061803,1.0059607,0.9254563,9.831143,0.42740652,8.845145,1.3635448,28.495386,0.4796622,744.39624,0.24287044,1349.6534,0.19566749,-62.438774,-1.3282695,1832.1372,0.138093,1139.4424,0.33728564,-69.96512,-1.0305777,2894.9224,0.07707491,921.84766,0.3880413,-72.512184,-0.9668984,-17.5154,-0.59726614,28.711515,0.42782742,0.062278014,0.36145782,-0.027041351,-0.66911083,0.35732752,1.0372957,25.119375,0.54379535,9.778636,1.3341593,-4.7933865,-3.4247787,-29.435892,-0.66356593,-6.062897,13.423909,0.04423178,-0.0018063884,0.11779016,2.6480837,2.3792863,0.30647057,0.29655752,0.10258064,0.05791917,-19.454147,9,4,22,SPEAKER_03,282.6,303.966667,283.15971875,303.966667,10,14.360698249999984,engaged
39.58386,0.0990259,37.25152,38.82371,44.01238,6.7608604,100.8539,146.2684,13.891819,5.2941136,0.39995638,0.7238605,0.1440365,0.3309334,0.63528776,0.49125126,5.7331486,2.8195689,4.0038743,2.3004744,0.1517197,0.88944596,20.442078,0.6576548,9.912952,1.2815127,5.633524,3.2475317,-27.690779,-0.5540914,0.018005323,0.804627,1.1288791,0.72879773,10.059865,0.34021974,15.748077,0.72874695,28.412207,0.41588923,748.5989,0.21148778,1354.6508,0.15224293,-71.22034,-1.1726304,1876.8602,0.112270385,984.3524,0.4014703,-77.23713,-0.9439164,2898.2292,0.062629625,916.01074,0.26592922,-78.42506,-0.919841,-17.018974,-0.41873115,26.443823,0.3484888,0.06827308,0.24538718,-0.024890682,-0.6327067,0.17528346,0.74941623,23.239185,0.465693,7.999699,1.7026327,3.547086,5.4518247,-29.316208,-0.5165955,-11.328529,18.423296,0.050751776,-0.016348552,0.09986748,3.97351,3.030303,0.22666666,0.13316657,0.0925,0.043517236,-27.527143,9,4,23,SPEAKER_03,304.0,309.066667,304.0,308.25284375,2,3.037843750000036,disengaged
36.536034,0.05155297,34.74266,36.603775,38.007828,3.2651672,129.05135,234.76106,31.195873,37.19691,0.43609753,0.7644529,0.08893858,0.37576437,0.73612475,0.64718616,5.330131,2.824646,4.60761,4.370523,0.14089876,0.989137,21.624336,0.65108025,9.232743,1.1040381,-1.5658566,-7.697476,-27.927235,-0.6145938,0.0128474105,1.3177664,0.9572862,1.160554,10.481411,0.2675125,3.2759054,3.1871443,29.818077,0.31737122,755.21985,0.1555536,1310.9457,0.14825106,-60.218002,-1.4904677,1929.5901,0.101051435,958.77576,0.33409002,-74.919945,-1.0329424,2955.438,0.06089661,893.3138,0.24659507,-76.390274,-0.9989035,-19.700006,-0.38405153,28.334429,0.36754668,0.06777593,0.31359124,-0.038737215,-0.41392255,0.17022373,0.7914023,25.955154,0.37647313,7.729573,1.277883,-2.199259,-5.9431005,-34.01483,-0.42685112,-11.602988,19.020847,0.044372246,-0.0119566005,0.06891062,3.4210527,2.1333334,0.32375,0.2835021,0.122499995,0.1192424,-26.683773,9,4,24,SPEAKER_03,309.1,314.966667,309.68721875,314.966667,3,3.81132324999993,engaged
36.75384,0.13344087,34.5951,35.758305,37.78558,3.1904793,360.0583,533.4587,15.033867,9.71856,0.75106996,0.82376474,0.21256548,0.5648797,1.235119,1.0225534,15.657885,8.732883,10.663184,6.990489,0.50487536,1.0225987,16.458889,1.3308177,11.146142,1.3828719,-0.9287355,-17.19702,-12.039617,-1.1272597,0.020607607,1.1095747,1.5118649,0.7246752,7.899487,0.49854776,9.420804,1.3627361,29.503809,0.48770767,747.8196,0.2611767,1383.9336,0.14954829,-92.4962,-0.99770343,1801.2155,0.13053185,1232.659,0.26601902,-94.92268,-0.8726841,2854.2026,0.08423552,1069.4412,0.30827326,-97.98846,-0.81623423,-13.635888,-0.91234595,27.179207,0.52969563,0.054025903,0.4293543,-0.019126669,-0.8515714,0.736125,0.7047706,25.58218,0.6729001,9.35561,1.8593991,-3.389988,-5.077869,-16.381693,-0.73510545,-2.8091066,8.699374,0.033976644,0.002105469,0.15788911,3.846154,2.631579,0.21947367,0.13880974,0.17666666,0.1330998,-17.75048,9,4,25,SPEAKER_03,315.0,324.4,315.0,324.4,5,7.290625000000034,disengaged
38.986053,0.11465954,35.418495,38.797226,42.025856,6.607361,177.45825,463.63162,157.61278,387.96457,0.5506972,0.9712854,0.10061237,0.41856351,0.87462825,0.7740159,10.171196,8.21877,7.540179,6.6583843,0.27277768,1.5478952,17.218353,1.129391,8.797282,1.3300341,-5.7575035,-2.1984682,-22.039131,-0.90967286,0.016481474,1.6720923,0.979962,1.0020919,10.591983,0.38787177,11.339401,1.0506519,31.623743,0.3946766,773.31476,0.20089582,1293.5372,0.18193358,-78.74999,-1.1487083,1888.3723,0.12775867,1064.9913,0.30967224,-85.877884,-0.9234147,2947.1497,0.07731209,959.77124,0.33254772,-88.91782,-0.8644878,-18.582945,-0.52408725,29.752691,0.36300325,0.06307259,0.35327548,-0.028918382,-0.66828495,0.3664159,1.2810936,26.076664,0.46270737,8.144349,1.4849049,-7.7924933,-1.6244925,-29.734169,-0.60744154,-1.8787155,9.080943,0.044899054,0.008415153,0.08991068,2.2857144,2.1253405,0.3021795,0.26103175,0.16666666,0.1477823,-18.810736,9,4,26,SPEAKER_03,324.433333,375.233333,324.433333,375.233333,17,36.75999999999988,engaged
47.33789,0.08975579,44.015755,46.671825,51.07704,7.061287,233.71062,463.46652,104.160995,133.66393,0.5872492,0.78412336,0.16068938,0.46720305,1.0547751,0.89408576,7.3255315,6.5253296,4.3876467,2.495995,0.23283857,0.91472054,8.183674,2.1878402,-7.9648314,-2.275074,-1.7144217,-8.288418,-30.360079,-0.55562586,0.02237307,0.8982541,1.2208937,0.560365,7.599196,0.71900576,13.078657,0.8888142,11.428709,1.1380631,848.08777,0.2462129,1199.173,0.2336604,-59.39204,-1.3381516,1890.7139,0.103769705,877.9281,0.34333277,-56.77419,-1.2095921,2856.9841,0.071578965,925.4525,0.32706872,-55.102745,-1.2443587,-8.008863,-1.6889553,15.868857,0.92439014,0.06855253,0.3659055,-0.012945589,-1.4491322,0.26844978,0.8030333,9.188091,1.769511,-11.153417,-1.6363704,-0.62692404,-21.229527,-32.726543,-0.49982274,-0.47989574,10.349147,0.05074656,-0.004959781,0.10550183,2.7139876,2.7484143,0.28153846,0.27185532,0.07363636,0.07486627,-26.770876,9,4,27,SPEAKER_03,375.266667,390.8,375.266667,390.65346875,7,4.806176749999963,disengaged
47.681896,0.07831213,44.592274,48.77768,50.38973,5.797455,65.32376,42.515343,24.297403,13.976918,0.49535614,0.5579726,0.23076694,0.4624697,0.71877676,0.4880098,4.161558,2.189925,3.5388792,2.4909794,0.17765641,0.8266929,12.061939,0.59910816,-13.093713,-1.0020891,-1.4617301,-8.897097,-26.336706,-0.492605,0.024295416,0.9017686,1.1674306,0.44470277,8.05255,0.66950154,9.162761,0.98246056,10.965881,1.034703,892.3601,0.2517016,1225.4808,0.21277136,-84.3271,-1.0090047,1891.2612,0.11243491,953.3763,0.31572387,-76.30814,-1.0189872,2885.2764,0.08652989,913.2293,0.2900554,-77.21495,-0.9973328,-8.81979,-0.89928484,17.98383,0.5373048,0.07558247,0.35900182,-0.011114865,-1.4980009,0.2072407,0.7163158,13.013472,0.54597795,-14.182881,-0.8443763,-1.9133917,-6.5180073,-29.40891,-0.39389622,-2.1952698,10.715621,0.04761578,-0.00798989,0.12519903,3.3742332,2.8391168,0.23555554,0.19073606,0.09666667,0.06324555,-28.880354,9,4,27,SPEAKER_02,375.266667,390.8,377.37284375,381.89534375000005,3,3.2737500000000637,disengaged
39.187366,0.12498997,35.603188,38.33986,42.98606,7.3828735,91.68709,110.32145,73.5577,113.32366,0.5895031,1.0306643,0.12220813,0.38995007,0.9657433,0.8435352,11.896658,9.39008,8.343502,6.885263,0.36395937,1.4622977,19.160553,0.95992035,8.881816,1.467178,-6.1614065,-2.2148478,-21.710749,-0.82194954,0.021887409,1.5424758,1.0888996,0.8131504,9.870613,0.42882073,11.190002,1.0245272,31.146112,0.3946466,783.22943,0.20662776,1313.266,0.18021959,-72.51593,-1.2095981,1897.7808,0.1287063,1077.0868,0.29791448,-79.74291,-0.95738846,2945.8767,0.078597344,995.54645,0.32374334,-83.282646,-0.88638973,-18.917479,-0.5173446,30.795458,0.33221427,0.06647746,0.3448138,-0.026377818,-0.6982883,0.46862197,1.2464564,26.466211,0.44720417,8.491736,1.5832044,-7.814444,-1.8043956,-26.876484,-0.62651837,-3.573976,10.741069,0.047045927,0.004924065,0.1214302,2.5942352,2.131439,0.31916666,0.24017642,0.14264368,0.21848722,-17.581089,9,4,28,SPEAKER_03,390.833333,457.566667,392.02034375000005,457.566667,19,45.11069825000004,engaged
41.31494,0.093678735,37.192413,42.336258,45.003746,7.8113327,14.9443245,2.9031658,110.78336,85.17545,0.5696717,0.70795417,0.24991016,0.5309229,0.8494095,0.59949934,9.384638,8.082985,15.972234,22.71922,0.21272756,0.9464877,27.64582,0.33458033,-3.9190907,-3.625254,-20.884794,-0.776308,-25.869944,-0.42376956,0.021262236,1.523963,0.93885446,0.9134053,10.150827,0.40334332,13.228548,0.7204287,38.307873,0.28398317,695.3278,0.2956314,1452.6708,0.11193829,-28.355864,-2.2326503,1734.2997,0.16089635,1212.3252,0.23659715,-34.49576,-1.4047322,2882.145,0.10106339,1095.2968,0.22346604,-46.210392,-0.96579754,-16.48048,-0.41731906,33.040447,0.24969271,0.07388141,0.26347867,-0.014725646,-1.3716185,0.2059146,0.7487584,28.69026,0.31628168,-6.93126,-1.8185333,-24.539701,-0.58922225,-28.455496,-0.31466687,-14.092561,24.26063,0.036323886,0.005814016,0.1690798,2.6666667,2.142857,0.41666666,0.37383896,0.049999997,0.03,-25.04024,9,4,28,SPEAKER_02,390.833333,457.566667,440.75534375,456.90471875,4,1.5187499999998408,engaged
39.83122,0.021403423,39.175423,40.145695,40.564316,1.3888931,7.2981744,6.9169455,11.812821,5.5463834,0.40686086,0.7061472,0.14796239,0.33594617,0.64542747,0.49746507,0.8368409,1.3390641,2.4439697,0.47977674,0.12388686,0.85332525,26.537916,0.20900431,5.5992303,1.3109658,-9.3897705,-1.1460904,-33.688656,-0.40186176,0.011947118,1.4144481,0.7427655,1.1827443,12.446277,0.21235037,10.272176,0.7768658,34.44733,0.16102274,766.5751,0.19575194,1477.3904,0.13339894,-69.830376,-1.276123,1774.5859,0.09293271,1295.5385,0.18058732,-75.7853,-1.01781,2955.4348,0.04532873,768.5087,0.25228843,-80.90631,-0.9119076,-20.049206,-0.19077222,32.12167,0.089067906,0.061884303,0.32948336,-0.02913444,-0.44214788,0.14955749,0.7446895,27.98365,0.09631163,3.4056873,2.1232848,-12.044082,-0.9458485,-40.703693,-0.21443594,-15.936508,27.230576,0.07012632,-0.008095182,0.07404742,2.0202022,2.1276596,0.325,0.044999998,0.125,0.085,-27.464067,9,4,29,SPEAKER_03,457.6,458.6,457.6,458.6,1,1.0,disengaged
42.710083,0.1228732,39.218838,43.900566,46.57183,7.352993,139.74355,159.55847,146.4239,218.26732,0.36490905,0.6341047,0.11532336,0.3757807,0.5751044,0.45978105,4.6555552,2.7686849,2.8101811,1.7815212,0.11873236,0.88825214,21.563639,0.4469945,0.73335284,15.185457,-13.680008,-0.90134615,-34.456764,-0.44784573,0.032846577,1.8841773,0.98286,0.90359294,10.95699,0.40736803,16.030798,0.81115186,30.798573,0.37420252,809.5053,0.17444196,1220.8088,0.17228591,-43.84574,-1.8158555,1929.6582,0.10016842,995.6831,0.34256333,-58.621273,-1.1286114,2950.8743,0.064996004,906.78864,0.31006622,-61.918835,-1.0407383,-19.538261,-0.34618494,30.758078,0.26385215,0.07533714,0.30159765,-0.027876014,-0.62808067,0.13958026,0.7578793,23.768837,0.33719668,-1.2859079,-8.208602,-15.455233,-0.7801365,-38.748592,-0.3325317,-11.617072,21.176498,0.051428836,-0.0024739306,0.035497755,2.7724664,2.5024064,0.31153846,0.22824904,0.07478261,0.061281223,-28.3372,9,4,30,SPEAKER_03,458.633333,472.733333,458.633333,472.49721875000006,5,10.472010750000152,engaged
42.246284,0.12770255,37.101902,42.014637,46.55839,9.45649,41.101463,8.492123,-10.544605,26.572529,1.4329517,0.557361,0.62526304,1.4282299,2.2107322,1.5854692,7.372749,3.3532917,8.330678,2.5005193,0.8454996,0.7641648,19.573664,0.69810283,-1.2881076,-9.380465,-11.985918,-1.6106527,-36.25523,-0.4310267,0.024883918,1.2556391,0.5398543,0.5324405,10.075789,0.20145766,9.463137,1.4010538,25.550877,0.56355995,793.568,0.2007495,1283.6571,0.15931274,-9.711803,-2.5456755,1908.1882,0.10664579,927.6653,0.37401322,-26.897076,-0.8258958,2935.228,0.06386176,1032.654,0.2978443,-30.838396,-0.66704786,-15.417974,-0.5779123,26.099018,0.34826484,0.079922974,0.20867828,-0.0349471,-0.61853594,0.91994756,0.68061036,20.680359,0.6328729,-2.3055263,-5.145745,-13.296765,-1.4689952,-37.353027,-0.40624425,-23.457954,33.72397,0.08155444,-0.026569165,0.1187915,2.142857,0.76335883,1.28,0.0,0.0,0.0,-13.946661,9,4,31,SPEAKER_03,472.766667,490.833333,473.39159375,478.97721875,2,1.4174999999999613,disengaged
44.08959,0.11293437,40.76313,45.5912,47.875504,7.1123734,157.45595,335.4086,42.612774,31.452242,0.4914957,0.8739471,0.18307537,0.3733944,0.7552548,0.57217944,6.2372937,4.119797,4.188567,4.283036,0.21750477,1.3997376,15.071967,0.93150866,-0.61406255,-25.844318,-6.0306377,-3.0944426,-29.111418,-0.68527603,0.023524087,1.6358932,1.0648233,0.62024206,9.98734,0.40428424,13.150785,0.9234494,22.281328,0.6657091,831.6836,0.20099463,1251.1703,0.20874368,-55.995773,-1.3882351,1904.6078,0.124148615,930.483,0.39934063,-61.295124,-1.1076268,2925.9202,0.07622422,955.6279,0.38200453,-63.741703,-1.040378,-13.31106,-0.68570626,24.526384,0.41618672,0.07757666,0.3341841,-0.01277548,-1.4099147,0.2354608,1.0750554,17.942131,0.62201834,-3.3734643,-4.635838,-8.060627,-2.3514354,-33.76503,-0.54363894,-4.686689,11.573419,0.048954904,0.0030998068,0.15491083,2.4054985,2.0761247,0.3727778,0.4423775,0.103333324,0.08259674,-23.597185,9,4,31,SPEAKER_02,472.766667,490.833333,477.17159375000006,490.50284375,6,8.741249999999923,disengaged
42.34763,0.1217228,39.38364,43.093266,46.19088,6.8072395,407.11423,693.5677,144.46913,74.067764,0.4536415,1.0365793,0.081088446,0.2778204,0.763008,0.6819196,7.3941693,4.6495767,6.7452803,3.586779,0.26656273,1.4422196,13.291289,1.0686343,2.7761762,5.360077,-8.674858,-1.834029,-22.31668,-0.9797837,0.027186569,1.1611955,1.1441435,0.752596,9.678814,0.4779502,11.095739,1.2832469,20.042866,0.6325274,837.4618,0.19569796,1268.9648,0.17359398,-94.29599,-0.9613972,1937.992,0.114962816,922.5888,0.4193995,-95.81919,-0.8496867,2916.5952,0.07113453,959.4841,0.2919513,-96.4397,-0.8355063,-11.279123,-1.1698995,24.449013,0.37524167,0.063369215,0.42499995,-0.015412715,-1.7079748,0.3438188,1.1698302,15.585635,0.77836674,1.8226563,8.440142,-5.754416,-3.217694,-29.14875,-0.68720144,-7.5051265,19.393806,0.038315915,0.0025519591,0.16445267,2.994012,3.6474164,0.15333332,0.08965985,0.14625,0.08499081,-21.583162,9,4,33,SPEAKER_02,494.466667,538.633333,523.54409375,530.8172187499999,5,3.3581249999997453,disengaged
36.463966,0.0718744,34.452892,37.125404,38.633602,4.18071,94.79024,104.58578,26.358892,14.870122,0.98507077,0.7040716,0.26295266,0.91402316,1.6061292,1.3431765,16.05376,8.698086,9.757753,6.2508693,0.6974304,0.9273558,25.176567,0.5057565,9.317499,1.3657217,-1.6138636,-7.817754,-12.651124,-0.89751655,0.024796974,1.7504201,1.2571568,0.7734853,8.86601,0.42452434,8.147059,1.4744084,27.83493,0.31733847,780.6819,0.21474198,1328.2588,0.17241113,-71.34075,-1.1584091,1870.7915,0.12854278,1095.6047,0.24611819,-75.748085,-0.9637484,2919.4348,0.08013053,987.75635,0.26533607,-80.18722,-0.8724763,-17.757076,-0.48902234,30.26628,0.29394546,0.04997494,0.37919313,-0.02288181,-0.6533802,0.8420553,0.7235605,29.284973,0.2936599,8.760245,1.6254724,-1.8729795,-7.038093,-14.99198,-0.7032463,-10.023584,17.172398,0.03931962,-0.0047730175,0.29449588,4.6875,3.1620553,0.219375,0.30899975,0.08785714,0.06919729,-13.201013,9,4,33,SPEAKER_03,494.466667,538.633333,532.2178437499999,538.633333,5,5.132989250000037,disengaged
36.333885,0.03540891,35.399384,36.089622,36.716476,1.3170929,20.472807,14.329599,11.902295,3.3854423,1.2343776,0.50803125,0.7113571,1.1132474,1.5269303,0.8155732,13.645651,6.945536,3.010064,8.501963,0.82002133,0.6701536,25.867527,0.49800086,7.5978374,1.8920598,-8.144882,-1.5007014,-14.663859,-0.47169146,0.019609831,1.1004145,0.9788843,0.591407,8.3536415,0.38440233,11.860803,0.9809361,30.83987,0.61517924,744.64636,0.23226021,1400.2822,0.129617,-35.084377,-1.9500389,1825.2626,0.13896854,1172.4447,0.22654632,-45.799465,-1.3262353,2921.8826,0.10129697,1153.4315,0.29185835,-54.22238,-1.0526985,-14.190015,-0.975432,31.01411,0.23052692,0.07449911,0.26110446,-0.020728307,-0.81246275,0.8839044,0.6001911,28.79794,0.38656172,8.549365,1.7230817,-7.963166,-1.3959023,-15.499681,-0.4382343,-8.428256,19.323643,0.07526461,-0.013590857,0.28310823,3.809524,3.0303032,0.27333334,0.1426729,0.06,0.01,-13.828634,9,4,34,SPEAKER_03,538.666667,539.733333,538.666667,539.733333,1,1.0666660000000547,engaged
36.864643,0.090402246,34.362083,36.153442,39.07511,4.713028,143.7993,135.29478,45.036667,45.560562,1.1018162,0.7077193,0.49772024,0.8756655,1.7358634,1.2381432,15.07262,8.793279,8.250215,3.7099214,0.76544446,0.84331393,24.429602,0.6897898,9.095849,1.9658761,-8.541622,-1.8445663,-8.588267,-1.5943453,0.023794452,1.1191598,1.2482772,0.75454545,8.600239,0.44833452,8.101836,1.4377376,30.972912,0.41461223,770.0747,0.26254854,1368.8236,0.17342643,-59.4846,-1.331318,1812.5991,0.14234504,1238.5782,0.2706172,-66.921745,-1.0551844,2919.8806,0.08773772,1038.7606,0.24366911,-73.86384,-0.8987043,-14.676913,-0.8276837,32.02756,0.31236145,0.056300264,0.3714992,-0.0185784,-0.9372023,0.926847,0.6895336,29.388124,0.44126177,8.611268,2.0454261,-10.420442,-1.4874161,-11.664996,-1.0741522,-4.818242,14.839338,0.034629922,0.0033538067,0.26629928,3.4074075,2.3880599,0.311875,0.19812304,0.09199999,0.051923018,-13.305123,9,4,35,SPEAKER_03,539.766667,547.166667,539.766667,547.15221875,2,6.761176750000118,disengaged
35.996788,0.036250066,34.712284,36.19127,36.91287,2.2005844,93.534035,86.81166,18.165726,16.843279,1.3684131,0.5074241,0.7837186,1.2240987,2.120156,1.3364375,12.618334,6.0974355,13.71112,4.005297,0.94991386,0.62012815,29.734056,0.4771633,2.2154543,6.472726,-10.42296,-1.4379919,-13.620515,-0.8023248,0.013581838,1.159615,1.0032839,0.74572784,9.348243,0.36827427,11.961849,0.8539721,35.1899,0.31227797,824.84064,0.20436019,1338.5033,0.15751114,-57.287975,-1.4594938,1909.6908,0.12561299,1195.2202,0.21804792,-66.11755,-1.109196,3024.1375,0.081158765,1058.0763,0.2541724,-74.13037,-0.9260971,-13.726862,-0.80987906,32.638855,0.2873612,0.06724935,0.26755184,-0.01927244,-0.7937838,1.0611926,0.489563,33.472404,0.3084785,3.739881,3.5743842,-10.604783,-1.4338348,-17.311296,-0.5621261,0.22716159,17.515705,0.040634226,0.0068698893,0.602664,4.4871798,1.986755,0.3733333,0.29488224,0.16,0.02,-12.390599,9,4,37,SPEAKER_03,548.2,550.3,548.2,550.3,2,1.5768749999997453,disengaged
36.19445,0.0669382,35.09317,36.375065,38.00786,2.914688,89.55066,129.37195,23.686247,7.057508,1.1618361,0.57212967,0.5522428,1.094076,1.673912,1.1216693,12.423878,4.840974,10.355128,6.297259,0.85183203,0.652215,33.21945,0.22283082,7.117458,1.9650425,-9.04097,-1.7570904,-15.15182,-0.8831638,0.025134714,2.2539043,1.031095,0.5613917,8.84789,0.380325,6.3457723,1.3368587,33.30108,0.27091545,799.97766,0.23824562,1342.7667,0.12408517,-32.01362,-1.771653,1863.5651,0.14487037,1178.4886,0.25227457,-43.89029,-1.1261559,2976.9407,0.09036951,1121.782,0.32120404,-52.829903,-0.86658007,-15.695116,-0.6778532,32.75468,0.24507916,0.06414998,0.28416494,-0.023205362,-0.694236,0.9262839,0.58180475,33.67671,0.22126763,6.602264,2.0996106,-10.416862,-1.4969876,-16.240538,-0.83526796,-17.509146,29.356659,0.06579725,-0.011056842,0.3016928,4.7808766,1.632653,0.545,0.36369628,0.06666666,0.051854495,-13.379802,9,4,38,SPEAKER_03,550.333333,553.966667,550.333333,552.8559687500001,1,2.522635750000063,engaged
37.10398,0.13428852,33.267174,35.637405,42.93305,9.6658745,108.76112,92.79788,85.4472,54.65962,0.46328306,0.96583086,0.13458903,0.29283032,0.6425952,0.50800616,7.041451,3.4823623,4.822454,3.1072197,0.21704149,1.457797,17.13107,0.9045946,0.17039904,85.54033,-0.3445989,-49.76911,-22.450989,-0.71872705,0.03226383,1.1248084,1.428663,0.7309647,6.4574194,0.5663265,5.940075,1.5637138,21.994583,0.46639374,762.4872,0.24203932,1389.0881,0.18695979,-62.829613,-1.3482147,1831.3916,0.13187058,1021.6159,0.2903649,-67.56818,-1.1454513,2849.6812,0.090393014,1015.41455,0.37674364,-71.48778,-1.0468205,-11.4357395,-0.7385589,20.511904,0.45740682,0.061838474,0.4133853,-0.017804518,-0.9809255,0.26762593,1.2756755,21.363152,0.57537776,-1.7923881,-8.4081335,-0.11081841,-158.1748,-25.813604,-0.6036403,-2.200317,8.095791,0.043967675,0.0020089995,0.10363524,2.7888446,3.265306,0.21249999,0.12567319,0.08571428,0.027701028,-26.220987,9,4,40,SPEAKER_03,555.833333,562.166667,555.833333,561.07409375,3,2.523885749999863,engaged
37.376995,0.18135324,34.406784,35.564663,37.77476,3.3679771,479.66364,714.13446,156.23695,263.43393,0.4588336,1.0028437,0.0914402,0.29048067,0.78747165,0.69603145,8.951109,7.547158,7.2320886,5.8271656,0.2946418,1.3848927,16.998041,1.3870227,16.004034,0.75674105,3.4064019,4.120735,-8.158611,-1.7727721,0.021936286,1.3256841,1.4635402,0.8172485,8.132728,0.58885264,5.704609,1.8486675,28.630484,0.51571923,769.34595,0.21796983,1320.9167,0.20456697,-98.40968,-0.8950319,1865.0648,0.115033254,1130.1396,0.25317,-101.34285,-0.7739244,2901.3472,0.07267514,998.48145,0.27801594,-102.35242,-0.7535939,-16.729538,-0.9120622,27.959393,0.6310209,0.048454244,0.4332271,-0.018272346,-1.0849587,0.41085336,1.1290326,24.995209,0.88374287,15.41354,0.8019432,4.7447476,3.0587287,-13.938347,-1.0018188,-6.331191,13.909746,0.02967204,0.007956751,0.116439566,3.4313726,3.5467982,0.15666667,0.15107025,0.1171875,0.13599712,-19.676111,9,4,41,SPEAKER_03,562.2,592.3,562.37346875,592.3,8,10.216531249999662,disengaged
34.416363,0.05952877,34.046505,34.79828,35.519543,1.4730377,120.714806,126.283226,33.934093,42.016712,0.1272783,0.980381,0.024540845,0.09085968,0.19902706,0.17448622,3.165757,2.189021,1.7955908,1.3526939,0.034048468,0.9956844,21.289064,0.6314757,14.249938,0.7157276,8.536016,1.4223796,-5.1857224,-2.5980637,0.023233479,1.150714,1.4692,0.6419255,8.5577135,0.30535355,4.2183614,1.7673616,28.33437,0.31301296,708.54596,0.28903532,1452.3638,0.14057061,-98.46403,-0.8937001,1787.5576,0.13561955,1176.0431,0.36128104,-102.95787,-0.7841655,2842.0994,0.087393075,1025.2723,0.29905605,-106.08261,-0.7364416,-18.963413,-0.45161265,30.488075,0.31719273,0.04264968,0.48743385,-0.013531224,-1.1384008,0.050115477,0.69998926,28.459797,0.3282814,13.625577,0.90472466,8.29501,1.8062757,-9.593422,-1.5482497,-10.96278,18.831766,0.026577668,0.0138778165,0.013198367,3.8720539,3.2312927,0.16684209,0.11743094,0.13,0.14798649,-39.832943,9,4,41,SPEAKER_04,562.2,592.3,569.56221875,580.9697187500001,6,5.9568749999998545,disengaged
23.82024,0.1602552,22.525301,22.705933,23.091356,0.5660553,0.5361912,0.0,0.0,0.0,0.07293965,1.0993115,0.022754839,0.040174607,0.09616143,0.07340659,1.1305535,0.62197614,1.4132671,0.6344484,0.0149326585,1.2440891,12.159921,1.2609735,12.627694,0.57275635,-0.00694957,-734.3293,-6.565965,-1.3728796,0.017060855,0.74486154,1.844833,0.6499946,4.03411,0.41689283,5.4612436,0.55512613,33.719894,0.1569576,619.27606,0.254783,1408.1359,0.10884861,-149.57388,-0.57971835,1736.8193,0.10722331,1322.6052,0.23135248,-155.17064,-0.4969136,2695.6567,0.0968861,1256.1685,0.2596191,-156.50221,-0.47713676,-18.708347,-0.3508321,28.619036,0.29958224,0.053764198,0.33983138,-0.02355637,-0.9132414,0.039345123,0.458389,31.518173,0.40082744,9.726058,0.5605358,-1.4790368,-3.4420092,-11.696382,-0.89604056,-6.2310653,12.223367,0.03207184,0.013416728,0.007469013,2.8037386,0.98039216,0.22,0.0,0.36499998,0.33499998,-44.73675,9,4,41,SPEAKER_00,562.2,592.3,580.9697187500001,583.6528437500001,3,1.0799999999999272,disengaged
36.58703,0.07563318,34.594894,36.54855,38.18551,3.5906143,106.28714,120.72466,21.839989,17.64302,0.9711169,0.73352605,0.37505183,0.80899155,1.4481808,1.0731289,16.575832,8.168837,13.116005,7.0349464,0.7381974,0.83466154,27.317242,0.6079435,12.286947,1.2645454,-2.9405375,-5.167626,-7.9394026,-1.7600154,0.020461874,1.1679267,1.2091846,0.74515206,8.911878,0.40912768,6.8726745,1.9515386,30.702522,0.48440415,779.56104,0.25496033,1347.3608,0.16354717,-50.726147,-1.3696047,1852.2129,0.14162771,1208.4882,0.24899071,-60.38078,-0.99484366,2935.3716,0.090108626,1117.9447,0.31883442,-66.46407,-0.854847,-18.029387,-0.58013016,33.802933,0.31011721,0.05319809,0.37811694,-0.018464584,-0.82519907,0.83926165,0.731928,31.190054,0.41771963,11.145468,1.3573847,-3.5442402,-4.397384,-10.917144,-1.0848992,-9.920218,19.735313,0.037757833,0.0032480406,0.29333678,4.3257,2.6923077,0.29714283,0.20630865,0.061666664,0.02813657,-13.524923,9,4,42,SPEAKER_03,592.333333,602.833333,592.333333,600.8315937500001,2,7.8738857499999995,engaged
36.24607,0.050132725,34.85246,36.035652,37.40647,2.5540123,64.923004,145.24785,18.205166,26.888945,0.31196126,0.89181834,0.039714575,0.24571455,0.5597776,0.52006304,5.1138325,2.5131705,4.222858,2.5211508,0.087238066,0.89805806,22.11643,0.7083098,5.496934,2.3426855,6.598633,2.009746,-9.968397,-1.6514634,0.014707042,1.0869365,1.2190942,0.8446103,9.817783,0.28639302,8.007963,1.4673074,26.427414,0.37536493,660.8127,0.26850855,1416.0337,0.17372897,-69.114784,-1.2667824,1767.6492,0.1266616,1106.1381,0.33622497,-76.47987,-1.0183963,2777.0227,0.08193194,1009.6287,0.33503094,-78.68225,-0.9718777,-15.935047,-0.5336817,25.3177,0.39804113,0.06540135,0.33778638,-0.020868987,-0.7379601,0.11599856,0.6244199,28.824368,0.3476226,3.5833473,3.8789122,7.0176654,2.0884705,-16.298548,-0.8932583,-6.2978883,14.565247,0.033321362,0.020740598,0.019297566,3.1278749,1.9426458,0.3538095,0.33202803,0.1485,0.16659157,-31.024057,9,4,43,SPEAKER_04,602.866667,666.833333,606.82221875,622.0603437500001,4,10.884375000000091,disengaged
36.564014,0.09145383,34.502518,36.30944,38.055912,3.5533943,346.88107,1001.36334,31.442675,23.198292,0.86254704,0.7165166,0.33117247,0.7424604,1.2625957,0.9314232,14.220646,7.3569765,9.186708,5.502996,0.6235019,0.893931,24.429325,0.82309616,12.853443,1.1951255,-3.2410612,-4.666928,-8.886662,-1.59541,0.023070002,2.4149463,1.2648623,0.76367754,8.902621,0.4091856,8.064781,1.4093801,31.97578,0.37958264,752.4758,0.2657337,1393.8074,0.17982177,-69.51391,-1.1815755,1812.0974,0.1505361,1212.4071,0.24082483,-75.44548,-0.9561778,2912.1118,0.09081202,1109.7698,0.3398152,-81.65014,-0.8326927,-17.70893,-0.6244407,32.94454,0.33207986,0.055387907,0.37476215,-0.019512558,-0.84780145,0.76111305,0.7338191,31.142475,0.43410486,11.17835,1.34833,-4.4963894,-3.4546318,-12.639767,-1.0222266,-5.7845564,14.024535,0.038269233,0.0013286337,0.25758147,3.76424,2.930949,0.23932202,0.21722332,0.09153846,0.07581314,-15.143952,9,4,43,SPEAKER_03,602.866667,666.833333,625.2665937500001,666.833333,7,20.202989249999973,disengaged
25.238668,0.10009999,23.107313,24.821642,27.611729,4.5044155,16.04312,11.2298155,40.899494,68.20677,0.30710286,0.7029789,0.117291674,0.27198467,0.48361242,0.36632073,4.716861,4.023055,2.4401612,0.96853685,0.08378194,0.91273683,29.331339,0.47772044,9.282766,0.9671003,12.4880495,1.3719063,-3.31566,-4.417636,0.01718818,1.3570023,1.0859975,0.767882,5.558955,0.4563114,3.5094085,1.6498562,28.231049,0.31387386,582.9988,0.3290857,1434.9644,0.14799011,-34.93032,-2.0679712,1658.9839,0.1572782,1110.3838,0.3472756,-46.570534,-1.4165783,2701.0066,0.11231331,1047.7576,0.2764883,-50.202187,-1.2775007,-17.113335,-0.40984017,25.794813,0.3276922,0.046659365,0.33865696,-0.023704886,-0.6695303,0.09683026,0.78706527,33.309692,0.26611736,8.149776,1.1032254,11.631423,1.581631,-6.655966,-2.0454595,-10.794046,18.322723,0.011622608,0.013595127,0.030287046,2.8350515,1.8421053,0.44285712,0.3336685,0.08,0.023904571,-31.870497,9,4,43,SPEAKER_01,602.866667,666.833333,617.4365937499999,653.8022187500001,3,3.8981250000001637,disengaged
43.99248,0.0944428,40.121407,44.387573,48.33146,8.2100525,106.36257,69.5701,66.62662,46.809887,0.89838654,0.7178125,0.26262206,0.76199853,1.5516349,1.2890129,4.8620367,2.7835808,5.2432003,0.8416874,0.42242208,0.7375371,16.7915,0.71449286,-7.313219,-2.0901585,-23.996847,-0.6124817,-31.658812,-0.48530248,0.027823478,0.8434417,1.2309469,0.6825178,7.7058964,0.48315832,6.6741033,1.2329586,26.47478,0.36714363,835.9695,0.24272406,1310.9237,0.16068837,-47.660786,-1.708765,1810.3558,0.12259912,1254.0729,0.30044076,-52.411057,-1.3352798,2858.3042,0.071303494,890.3388,0.38971874,-58.256836,-1.1496247,-8.401898,-0.90748423,25.738068,0.32936198,0.07504066,0.28488687,-0.012370932,-2.1002302,0.5090281,0.5761264,16.04592,0.73351574,-11.528187,-1.2674203,-26.719227,-0.5470806,-33.814827,-0.3581872,-13.871383,24.36752,0.061042894,-0.011714454,0.1244393,2.4096386,2.484472,0.315,0.37151712,0.13499999,0.005,-20.848427,9,4,43,SPEAKER_02,602.866667,666.833333,658.93221875,660.7378437500001,2,1.6706250000002,disengaged
36.81391,0.11116924,34.448296,36.06548,38.253986,3.8056908,79.45018,70.12838,78.870125,168.85976,1.039953,0.71617144,0.3958422,0.8981213,1.6594958,1.2636536,16.587519,10.604848,12.0746355,7.138484,0.77857965,0.8729491,25.483366,0.7367347,10.83896,1.4881253,-4.6747026,-3.6435955,-7.9322624,-1.8693199,0.020893358,1.5793219,1.2125425,0.7666789,9.1240225,0.38535854,7.8887873,1.485128,30.850395,0.4409811,749.45544,0.27716708,1381.9442,0.18045168,-54.61968,-1.389072,1814.7375,0.14228381,1246.1869,0.26392502,-63.49418,-1.0366628,2898.1392,0.093109556,1105.4253,0.27877572,-69.7775,-0.88837594,-17.27243,-0.67831546,33.12559,0.32114056,0.0559509,0.36889273,-0.017002912,-0.9853648,0.90741473,0.74955916,30.783054,0.43331215,10.256383,1.5577108,-4.831872,-3.6982758,-11.465636,-1.151474,-3.522923,13.400664,0.033342678,0.01133281,0.2977405,4.332553,2.3584907,0.3295,0.30437598,0.097333334,0.107422315,-13.380694,9,4,44,SPEAKER_03,666.866667,676.266667,666.866667,676.266667,3,8.556250000000205,engaged
36.88369,0.04307803,35.950916,36.936893,38.185112,2.2341957,27.350578,15.453531,13.429202,11.7259445,0.87707436,0.682231,0.3266888,0.77751076,1.4162443,1.0895555,15.092077,7.77598,7.989463,3.942894,0.7211016,0.7605438,30.107435,0.45866188,11.387229,1.1792743,1.824685,9.256489,-12.831687,-1.1791052,0.019460581,0.9942721,1.3285401,0.71980464,9.623802,0.32189077,6.0180345,1.9800329,30.571165,0.3778155,786.43555,0.2371651,1385.8289,0.18159546,-62.146873,-1.2162795,1881.1902,0.13929145,1185.37,0.22001684,-71.56978,-0.9311704,2952.875,0.08245021,1064.5635,0.2638462,-76.32621,-0.8321028,-19.94207,-0.4738468,35.94857,0.23959452,0.05371073,0.38804573,-0.023323923,-0.6211865,0.87422967,0.6078919,34.571968,0.27260616,9.130534,1.3636194,0.7008705,26.074965,-17.471247,-0.7151375,-14.302435,22.700928,0.035710096,-0.0069562728,0.26675653,3.846154,2.5139666,0.2988889,0.13025141,0.138,0.051536392,-14.234645,9,4,45,SPEAKER_03,676.3,685.9,676.3,680.5322187500001,2,3.658468750000111,disengaged
39.043537,0.10113732,36.423363,39.663612,41.260914,4.837551,65.70802,37.77352,27.242176,34.44289,0.30712682,0.8677111,0.08132843,0.2097248,0.5542755,0.4729471,5.4538426,1.975218,2.8911016,2.1474934,0.11954861,1.0514637,18.493534,0.9266339,10.186659,1.4590907,5.1447563,2.644023,-8.020657,-2.1384401,0.023341432,1.0623246,1.3667023,0.76088184,8.399472,0.42077506,13.966559,1.0018691,26.753283,0.41115826,717.7067,0.26794487,1356.862,0.16471368,-90.7885,-0.967212,1802.2546,0.10416499,1139.8799,0.36012843,-92.58593,-0.8489321,2797.4563,0.082623854,1042.8766,0.46883282,-94.52637,-0.8182652,-16.71194,-0.51093817,25.03984,0.44976205,0.050507773,0.49618885,-0.019954655,-0.8701014,0.16399707,0.8222934,24.220852,0.5164676,4.8011994,3.01392,3.5913172,4.1597557,-15.617363,-0.92463964,-12.0542345,18.723326,0.02303134,0.0037773629,0.051569536,3.4482758,4.032258,0.14466666,0.10098625,0.08333333,0.047702778,-29.953081,9,4,48,SPEAKER_04,690.366667,700.233333,695.97284375,700.233333,3,3.7879892500001233,engaged
44.25216,0.17959031,39.49049,41.31127,49.81026,10.319771,241.4847,165.3217,36.402435,13.469949,0.28970802,0.69726413,0.12766355,0.22795574,0.4433987,0.31573516,3.1959,0.97618467,3.2616282,2.2922843,0.1252299,0.88511395,12.946499,1.8998653,6.286507,2.4994214,15.39247,1.229123,-17.72621,-0.73145384,0.021383049,1.4681954,0.9700245,0.8522965,10.707224,0.590148,13.6332035,1.0260034,15.129197,1.1804663,872.0249,0.21489802,1268.2134,0.32931793,-86.78568,-0.86664635,1932.2819,0.129327,1134.8927,0.3404505,-79.75867,-0.90178955,2906.4849,0.0944894,1050.2887,0.50696236,-75.88282,-0.9625996,-14.339241,-1.3625286,22.173504,0.9482509,0.058987807,0.512265,-0.006079304,-3.71879,0.15020545,0.75363487,13.169002,1.7743381,7.6166506,2.0335705,18.604572,0.9402821,-21.588882,-0.5858917,-5.1247396,12.199317,0.04771715,0.0009961248,0.03822269,3.9215686,3.125,0.22333333,0.13597386,0.11,0.089999996,-27.70272,9,4,49,SPEAKER_04,700.266667,702.366667,700.266667,702.3515937500001,2,1.0386767500002634,disengaged
42.25179,0.11043946,39.07462,41.871334,44.86538,5.79076,66.75441,35.406178,252.06158,493.52847,0.5409357,0.7241971,0.1366548,0.5527764,0.88182473,0.74516994,7.3322024,2.9363935,4.1372805,2.015287,0.24194375,0.8367052,22.237024,0.52002126,3.0483785,3.8132718,-14.24491,-1.1586019,-29.487967,-0.64915675,0.018716998,1.3389871,1.020621,0.9738954,11.485774,0.32282698,12.128606,0.9218502,32.511707,0.344891,772.2657,0.1992667,1352.0466,0.1772065,-52.050625,-1.5177306,1832.4191,0.122650325,1077.9639,0.30305454,-61.254967,-1.0704845,2943.4993,0.06639764,924.4693,0.37171286,-67.06893,-0.93385744,-18.048588,-0.4941738,31.109322,0.2785941,0.069864735,0.3355236,-0.02693356,-0.6498433,0.29132414,0.67188627,24.703571,0.37629166,1.7204471,6.898177,-16.895697,-1.015826,-35.0965,-0.45834804,-10.209132,19.23773,0.050427236,0.0038177767,0.039184112,3.1930335,1.9033675,0.4146154,0.27858475,0.09916667,0.07398854,-22.369593,9,4,51,SPEAKER_03,710.8,731.566667,713.37096875,728.96346875,6,6.901875000000018,disengaged
30.65294,0.070828006,28.428415,31.228378,32.863407,4.434992,23.849909,9.643771,-0.5673434,18.00994,0.14897607,0.624258,0.063134305,0.12865195,0.23439866,0.17126435,2.7505155,1.414905,2.231305,0.97606546,0.045017403,0.7847116,22.913145,0.8649883,12.992514,0.79230267,2.6610718,4.8784876,-0.61821824,-21.849062,0.018600646,0.6021972,1.7024568,0.46954727,5.6648216,0.38726532,2.2325866,4.182228,32.105927,0.20945135,699.36774,0.29036427,1490.4996,0.17833766,-60.891865,-1.2813598,1755.8203,0.1316378,1308.3901,0.24862169,-72.21341,-0.97165966,2842.1072,0.07698768,1077.3243,0.19851084,-77.33645,-0.86848307,-18.221668,-0.50381416,30.5887,0.2861124,0.04335735,0.54767776,-0.014410318,-1.167704,0.056378547,0.62541467,31.22115,0.39465505,13.222507,0.7558905,1.419532,9.797588,-3.1325886,-4.6449537,-1.105104,8.505506,0.025661798,0.016704626,0.018258637,3.738318,2.9411764,0.24333334,0.21684606,0.07,0.037416574,-40.57683,9,4,51,SPEAKER_01,710.8,731.566667,727.44471875,728.5247187500001,1,1.0800000000001546,disengaged
42.273445,0.069108404,39.147167,43.531464,44.495663,5.3484955,70.6447,72.05701,11.19503,7.3975286,0.23743103,0.48210534,0.11639117,0.23881468,0.34668148,0.23029031,3.7151146,1.8370199,2.5669456,1.495436,0.09158969,0.7299237,21.720783,0.7024944,8.0155735,0.98923665,4.974224,3.1316147,-15.717773,-0.6653131,0.016254276,0.7218111,0.90828335,0.731251,12.318761,0.25240797,19.650202,0.317793,21.83114,0.68319255,863.81757,0.22507674,1416.9515,0.1765828,-64.412735,-0.99262047,1911.2755,0.11158522,1071.128,0.31179798,-64.08679,-0.9259664,2938.3547,0.07258596,1043.7408,0.24197587,-65.925606,-0.886466,-21.000132,-0.4240542,30.407997,0.35882357,0.07163619,0.25619796,-0.010235092,-1.2247375,0.09593046,0.6765134,23.610033,0.5460575,7.513395,1.0465459,5.480937,2.883872,-17.754347,-0.53355646,-11.241022,20.152493,0.055367388,-0.0015096737,0.07719258,4.9586782,2.5316458,0.315,0.18490988,0.06,0.033665016,-31.539036,9,4,51,SPEAKER_04,710.8,731.566667,728.96346875,731.39346875,1,2.4300000000000637,disengaged
36.703922,0.07465944,34.895546,36.98669,38.715424,3.8198776,88.59621,95.75817,91.05157,161.78067,1.2204396,0.5963038,0.58253515,1.1459982,1.7716697,1.1891346,18.32074,13.062028,10.498496,5.291639,0.9195761,0.7752383,27.557747,0.45017734,5.799711,2.547448,-4.2337685,-3.4776683,-13.469052,-0.980809,0.019112121,1.2587246,1.1222204,0.76714486,9.189385,0.39507648,7.32979,1.669826,28.316967,0.41410768,794.5314,0.22442977,1301.861,0.16652016,-58.92756,-1.3402106,1884.9012,0.13514152,1109.0499,0.21918045,-66.84437,-1.059867,2944.3257,0.09018297,1060.4758,0.3017322,-72.81222,-0.9225865,-15.95398,-0.71525854,31.452267,0.2722204,0.05679382,0.36462057,-0.021283869,-0.8388991,1.0688975,0.6364462,30.727133,0.29150018,5.1143217,3.068752,-5.688541,-2.4349263,-14.805962,-0.79050195,-11.921621,19.955317,0.043879922,-0.0056810877,0.44413233,3.812825,2.7972028,0.263125,0.19876868,0.0975,0.082474746,-12.030132,9,4,55,SPEAKER_03,755.6,762.766667,755.6,762.766667,5,5.782916999999998,disengaged
35.84979,0.13553116,32.650776,35.14946,37.481895,4.8311195,74.94235,109.60168,757.2734,1045.7719,0.9693014,0.81372356,0.42637426,0.6552613,1.4485474,1.0221732,10.328041,5.5381174,8.79273,3.6046033,0.6531875,0.86911196,26.334772,0.6912328,9.698382,1.9377809,-0.75550544,-26.268366,-6.8290067,-2.4581058,0.023040017,0.9505367,1.2215002,0.6952747,7.3481655,0.5884438,11.757176,0.97589904,31.05156,0.5193888,750.5756,0.24966702,1392.3685,0.1605144,-53.993626,-1.3962753,1832.714,0.11251855,1238.4888,0.28140637,-63.545166,-1.0597898,2922.2798,0.080860846,1139.6669,0.2966676,-68.1302,-0.949934,-15.860901,-0.95420104,30.398653,0.41140753,0.052373737,0.5104674,-0.015901178,-1.2772089,0.7790651,0.7685905,28.478848,0.60363114,10.671956,1.7029648,-0.64446723,-29.241377,-8.601936,-2.1217074,-9.96352,22.380764,0.03742718,-0.0012136705,0.2818449,2.8169017,3.3653848,0.2242857,0.11462451,0.07,0.030331502,-14.865261,9,4,56,SPEAKER_03,762.8,765.233333,762.8,764.9409687500001,1,2.1409687500001837,engaged
39.064137,0.1005345,35.734947,39.0561,41.880104,6.145157,117.2573,192.37843,74.834076,157.92937,0.615104,1.0274142,0.12971799,0.38547474,1.0244514,0.89473337,11.002487,7.6083865,7.5471506,6.519047,0.35649475,1.426107,25.136486,0.5647474,5.0758166,2.6136253,-8.784034,-1.8275521,-19.485167,-0.97377217,0.019772563,1.5781974,0.9967884,0.8236146,10.219952,0.37742153,9.925528,1.050418,33.724915,0.31875712,769.11957,0.2392768,1374.5045,0.1700832,-62.459618,-1.3155074,1835.7605,0.13154006,1218.0192,0.26612112,-69.112854,-1.0262253,2924.2324,0.080913976,1040.1017,0.30415457,-74.966736,-0.90095794,-17.512905,-0.55422664,32.384995,0.28697327,0.05978811,0.36223066,-0.022512723,-0.76192343,0.4269387,1.249852,29.551077,0.33334008,4.098968,3.1885805,-11.760481,-1.3417596,-25.2649,-0.6629635,-7.7154665,16.71901,0.03659623,0.006042736,0.13715634,2.294854,2.0557492,0.36067793,0.3278324,0.11272727,0.07633549,-16.816145,9,4,57,SPEAKER_03,765.266667,883.833333,765.6159687500001,883.833333,26,28.779864250000173,disengaged
39.663303,0.14232035,35.448753,37.826504,45.150345,9.7015915,113.500626,38.336235,78.85581,0.0,0.16352646,0.85033876,0.019700639,0.12509948,0.31139833,0.29169768,2.0786812,1.3220658,0.6040371,1.1495123,0.06881436,1.0541463,23.37744,0.61385316,4.2850494,2.1765537,-9.556951,-1.3945351,-11.527245,-1.5626493,0.063925736,1.4346416,1.5141219,0.7070785,7.9854803,0.44282976,11.094912,0.66111666,37.733856,0.23873271,772.2346,0.26034287,1413.3285,0.12375241,-109.3254,-0.822104,1808.9122,0.12524825,1232.2405,0.16947831,-113.36258,-0.7209669,2915.234,0.09551018,1047.6383,0.19120254,-118.22256,-0.6530066,-21.006744,-0.45017567,36.118206,0.14421041,0.081182376,0.3261483,-0.0231294,-0.72012264,0.11255762,0.5726247,32.79762,0.11524277,4.280434,2.4653714,-13.545685,-1.1157426,-23.615492,-0.45980495,-7.9358196,18.41467,0.029431166,0.015296986,0.01783813,3.539823,2.857143,0.17,0.14719601,0.16,0.07788881,-36.56157,9,4,57,SPEAKER_02,765.266667,883.833333,812.96721875,818.6709687500002,3,1.1475000000000364,disengaged
34.76291,0.13696839,31.017975,33.67821,39.18506,8.167084,144.89507,270.41968,108.96809,166.57501,0.18344152,1.0992035,0.034186643,0.120053865,0.25515962,0.22097297,3.4631305,2.926244,2.8737078,2.6003823,0.0653832,1.3126091,23.139187,0.65053004,10.7190895,1.1507591,2.0904577,6.719597,-4.0232153,-4.221843,0.030833503,1.5328796,1.6134434,0.6788857,7.7323327,0.42405206,6.3530703,1.4915067,31.289503,0.26609933,697.3572,0.28291276,1439.7083,0.16620761,-92.50506,-0.96502084,1769.0261,0.1299935,1184.6523,0.2684149,-99.00882,-0.8146361,2839.2898,0.08280941,1072.063,0.32280087,-103.09043,-0.7502831,-19.346428,-0.4330745,30.908178,0.27221647,0.050260164,0.47985655,-0.016931577,-1.0440645,0.08723207,0.98151726,29.656532,0.34341294,10.86092,1.1882726,1.2631752,12.620566,-9.58078,-1.8313253,-10.595911,20.249546,0.025460728,0.010719023,0.03529373,3.454086,3.3022864,0.16769229,0.13413467,0.12771428,0.10849847,-34.54536,9,4,57,SPEAKER_01,765.266667,883.833333,787.80659375,882.96471875,18,11.879999999999427,disengaged
38.531006,0.17184493,34.241837,38.098537,43.00525,8.763412,82.8142,58.915195,132.50218,82.58463,0.35845742,1.0430479,0.053155527,0.19648512,0.6298132,0.57665765,6.7410574,4.677123,3.8593364,4.6234484,0.17563713,1.7870656,15.316429,1.1606315,7.2626424,1.470357,-5.3309846,-2.4301918,-23.01142,-0.9970929,0.027536526,1.577523,1.154147,0.9192653,8.862022,0.47270247,7.4304814,1.9152213,27.557594,0.39888805,788.66516,0.19948456,1313.1254,0.1952057,-92.98335,-1.0275041,1952.8373,0.12474942,994.40784,0.37687433,-100.515884,-0.8351698,2933.571,0.06915171,998.1267,0.33609608,-100.84973,-0.8304045,-19.080404,-0.33538634,27.725647,0.2972631,0.0675357,0.28386447,-0.037200786,-0.4484207,0.25551683,1.3521326,23.55335,0.40974542,5.100602,2.1807044,-8.209804,-1.5961227,-37.422195,-0.47344458,-6.0352716,13.259656,0.04449169,0.0025396827,0.058682196,1.8789145,2.7310927,0.19653846,0.17197813,0.16608696,0.17407493,-24.777033,9,4,58,SPEAKER_03,883.866667,960.833333,887.9934687500001,960.833333,10,9.59236425000006,engaged
45.48725,0.07516907,44.41894,45.794724,46.20798,1.7890396,46.298714,51.32233,183.57507,88.799034,2.098659,0.5994144,0.48026693,2.5491621,3.2138064,2.7335396,16.473938,11.351441,5.0717087,8.245437,0.96296746,1.1300112,1.8091154,6.3486347,-18.772,-1.1847639,-11.836745,-1.6181134,-30.801231,-0.4647339,0.021749092,2.5196455,0.639554,1.3061703,11.514581,0.3398033,2.1317136,6.8001204,15.142132,0.45580626,915.5689,0.17817777,1052.928,0.1954673,-14.722156,-4.79778,1971.5604,0.089480124,754.35065,0.31183627,-24.976536,-2.476519,2911.505,0.053774282,806.34314,0.31095168,-27.314125,-2.179073,2.2728863,5.0218115,15.592452,0.4366357,0.051924553,0.28430137,-0.0015548482,-10.904614,1.01214,1.0613978,0.08351223,119.233345,-21.981565,-0.89507574,-14.4301195,-1.2282226,-34.129227,-0.35576305,-14.555363,21.73352,0.022876821,-0.014008685,0.17075425,2.1186442,2.232143,0.38599998,0.4884506,0.0525,0.034186985,-10.804782,9,4,58,SPEAKER_02,883.866667,960.833333,948.16971875,952.89471875,2,2.379374999999982,engaged
36.349346,0.07583165,34.892517,36.70204,38.173527,3.2810097,140.75165,192.21497,36.19357,44.472984,0.93862635,0.65040463,0.41035536,0.84426117,1.3969784,0.98662305,13.230417,7.7059293,9.992066,6.5326743,0.68588734,0.82923555,30.984331,0.37996823,14.352911,0.98110664,-2.4814124,-6.09906,-14.184131,-1.0254649,0.021231955,1.3586075,1.1581131,0.7185774,9.524013,0.3740322,7.19175,1.5671755,32.713387,0.33170748,773.556,0.23330337,1382.9736,0.16851938,-49.343918,-1.4012879,1873.22,0.13808638,1201.6788,0.23891877,-61.312298,-0.97022235,2966.7405,0.08370086,1062.33,0.26476866,-66.70703,-0.84803003,-20.240156,-0.452636,34.598133,0.24679083,0.05862136,0.3301634,-0.025191776,-0.55297005,0.763323,0.75608265,32.81979,0.29567504,13.990048,1.012166,-3.6107368,-4.0470037,-16.336164,-0.8515577,-16.044868,25.241207,0.04609739,-0.01042178,0.32766932,3.5797668,2.1875002,0.37035713,0.2722195,0.08571428,0.062379133,-14.167315,9,4,59,SPEAKER_03,960.866667,975.933333,960.866667,975.79409375,6,12.868676750000077,disengaged
37.0523,0.08282701,35.15623,37.220184,38.86317,3.7069397,157.2974,265.68982,89.82148,180.38841,1.0065401,0.7683933,0.29258114,0.83869815,1.6974396,1.4048584,15.768824,8.543286,10.764176,5.8055367,0.7601392,0.88477117,25.777729,0.6732435,7.942499,1.8864492,-6.4675636,-2.3669882,-12.682656,-1.0654408,0.022390135,1.5004604,1.1907507,0.7917767,9.038039,0.43884534,4.8838143,2.6407018,29.79237,0.43588978,779.0938,0.22780116,1326.3816,0.17289653,-71.883804,-1.1633109,1852.729,0.13549325,1174.0001,0.24557273,-78.21699,-0.95368713,2943.1853,0.07973985,1048.5559,0.2568251,-84.3251,-0.8347892,-17.40354,-0.63113105,33.72475,0.27804694,0.05765814,0.3368634,-0.02245351,-0.73750347,0.97309,0.6771455,31.484713,0.33615485,7.522863,2.0861647,-7.887872,-1.9176488,-16.849913,-0.7163045,-7.7425566,18.459438,0.04330057,0.0037595069,0.24974567,3.6170213,2.5641026,0.26833335,0.20587549,0.11186046,0.11718114,-13.197769,9,4,60,SPEAKER_03,975.966667,1035.866667,976.04721875,1003.63784375,11,18.815625000000068,engaged
39.551006,0.062281583,37.03012,40.09445,41.623474,4.5933533,40.345192,25.048122,28.941319,18.543943,0.88326144,0.66225713,0.31009725,0.9500785,1.2909528,0.9808556,10.73638,5.539045,10.66512,7.580796,0.4351947,0.99003303,23.809504,0.35721546,11.560673,0.8057233,-2.8260252,-3.4172115,-40.390686,-0.5885681,0.017397175,1.2405376,0.86292017,0.7987942,10.458842,0.39484867,13.749822,0.6630773,33.47487,0.3012285,740.65906,0.22932181,1471.6593,0.16067952,-44.388397,-1.6615572,1776.4802,0.13761364,1299.7354,0.28196472,-55.642235,-1.0048468,2846.6375,0.06823947,804.3726,0.31665927,-53.390987,-1.064683,-19.36077,-0.3663849,26.840094,0.24188271,0.06114287,0.37158117,-0.037184976,-0.45818424,0.51656365,0.8672398,23.83628,0.33683515,10.763997,0.9157603,-5.141493,-1.7264836,-48.76971,-0.3442606,-18.084667,27.073977,0.0075235195,0.004861247,0.103267424,2.6785715,2.8301888,0.29,0.14854853,0.043333333,0.012472191,-16.912485,9,4,60,SPEAKER_02,975.966667,1035.866667,1030.70534375,1031.83596875,1,1.1306249999997817,engaged
38.998924,0.11100105,33.099735,39.78192,42.950275,9.85054,90.56755,129.49976,44.853912,26.27691,0.29368275,0.77872974,0.10529246,0.20242465,0.5441369,0.4388444,4.782922,3.1833243,3.5366113,2.9282806,0.1061506,1.1648033,22.414354,0.7136196,7.5795145,1.3404043,-5.4715757,-2.5928257,-23.832966,-0.8042722,0.015087877,0.752349,0.96483696,0.7114817,9.911154,0.3275036,10.468822,0.81046057,32.011715,0.32375234,759.7335,0.24202293,1411.2561,0.18857943,-66.960724,-1.2255255,1850.7585,0.13892718,1215.2648,0.32015154,-75.82116,-0.9222991,2891.5486,0.07151261,993.37714,0.26943144,-77.412155,-0.8954548,-19.532206,-0.32190943,30.674143,0.31650162,0.065363504,0.2654642,-0.022081863,-0.5788242,0.13158327,1.0083071,29.079483,0.25967222,6.6973796,1.6024317,-6.55202,-2.3822386,-28.194672,-0.6676133,-7.082414,15.058751,0.05564969,0.00275412,0.044776555,3.196347,3.2710283,0.21428572,0.14598015,0.08,0.034641016,-30.262573,9,4,61,SPEAKER_03,1035.9,1048.0,1038.7715937500002,1048.0,4,2.2084062499998254,disengaged
30.268347,0.107191965,27.809912,30.206133,33.248024,5.4381123,30.478321,15.073414,208.09912,373.39093,0.30655932,0.7898395,0.09451174,0.2518182,0.48652154,0.3920098,4.070984,2.5041432,3.1219501,1.4343444,0.10542772,1.0574694,28.496935,0.39151627,5.964808,1.934843,0.84138757,21.675533,-1.8260409,-7.054189,0.01878473,1.4522215,1.6045395,0.83665127,5.761371,0.5503138,1.1278785,7.183775,24.876368,0.38372183,547.03595,0.36448523,1387.8468,0.17069304,-60.61957,-1.3358927,1547.1509,0.16226046,1124.7769,0.23356888,-64.28491,-1.2019727,2635.5242,0.09972872,1076.979,0.21376427,-73.83953,-0.96405476,-12.710896,-0.6555771,27.356117,0.26689568,0.040805314,0.52987975,-0.00845184,-1.5478544,0.13139354,0.908715,31.783054,0.26303902,4.7397738,2.2894762,-0.10171272,-196.22913,-3.3748417,-4.1480145,-11.584415,22.234875,0.025001125,0.0125219,0.03810257,3.3670034,3.0927837,0.22888888,0.15176329,0.085,0.045552168,-31.969053,9,4,61,SPEAKER_01,1035.9,1048.0,1041.35346875,1047.15846875,3,2.986875000000282,disengaged
38.64803,0.11091824,33.81735,38.738895,42.888485,9.071136,0.0,0.0,-0.24626033,0.0,0.34475088,0.9986731,0.016160691,0.22215511,0.7425256,0.7263649,1.7565544,2.3762035,2.2290227,0.7794676,0.13000765,1.2052448,19.045364,0.724732,3.6978838,1.7602578,-2.3984768,-3.8559217,-27.939314,-0.9273833,0.021292163,1.2304641,0.82738066,0.94691986,9.489375,0.4749272,7.071252,1.7796797,28.070454,0.45710367,851.6102,0.12806146,1390.16,0.3411444,-118.969345,-0.8008619,1941.8604,0.1331608,1033.5162,0.4750595,-124.77004,-0.6713965,3009.1504,0.050148793,889.64984,0.23428126,-125.00444,-0.67162627,-18.417404,-0.2549804,27.702805,0.2943139,0.07307011,0.19608565,-0.033216905,-0.6249245,0.20746289,0.68125314,25.954134,0.2928673,3.3721666,1.9193221,-7.8330765,-1.1754538,-46.097042,-0.44622132,-8.827839,16.633251,0.05542078,-0.0031549816,0.0809292,0.8064516,2.5641026,0.16,0.09899495,0.21,0.15513435,-27.261343,9,4,62,SPEAKER_03,1048.033333,1050.833333,1048.033333,1049.28471875,1,1.2513857499998267,engaged
37.352844,0.0914895,34.873093,37.63296,39.15183,4.278736,111.87748,69.10901,31.19063,28.868788,1.2629161,0.603085,0.5895467,1.1390319,1.8052715,1.2157248,17.201143,10.695983,12.235554,6.544458,0.9445207,0.7630968,28.971043,0.41216642,5.291797,3.0437021,-5.956418,-2.3997905,-16.753428,-0.8590993,0.026320392,1.4625691,1.1517947,0.74096525,9.003165,0.4275082,5.6389546,2.2343197,27.190523,0.44102165,796.39514,0.2129991,1292.4064,0.15698272,-47.72027,-1.449644,1873.889,0.12950224,1110.0513,0.26741678,-57.12758,-1.0811846,2953.035,0.082335606,992.72046,0.24993095,-62.86073,-0.93207264,-16.592579,-0.6752236,31.096958,0.29772264,0.059713475,0.32254216,-0.023444556,-0.67175686,1.0245308,0.6978957,30.570385,0.30018315,4.1347904,4.0055094,-6.766152,-2.0602362,-17.37125,-0.77008796,-15.283188,25.435177,0.05990815,-0.014428463,0.59874964,3.3742332,2.9411764,0.27105263,0.28029862,0.052352943,0.042222023,-11.762384,9,4,63,SPEAKER_03,1050.866667,1060.8,1051.37721875,1059.34221875,5,6.5306250000001,disengaged
42.836643,0.1319752,39.044453,41.31828,46.30315,7.2586975,101.39937,180.70596,406.31192,748.3919,0.7525324,0.7331237,0.2742186,0.61783594,1.1633254,0.88910687,8.134077,4.549092,6.4675474,2.6704075,0.3583735,0.9522934,14.358056,1.0484738,1.0054235,14.380838,-7.5525994,-1.8436733,-38.089333,-0.5164127,0.034455102,2.7966163,0.94016457,0.89889,10.487077,0.3726502,12.810059,0.88283277,23.793499,0.466991,825.84076,0.17721145,1248.4264,0.18238436,-60.272427,-1.4161155,1984.5328,0.10853477,935.36615,0.37693697,-68.101776,-1.061654,2946.0972,0.06402804,952.4352,0.384836,-66.67594,-1.0914004,-14.94992,-0.68027645,24.272318,0.44110152,0.06820628,0.3767743,-0.033868656,-0.60160863,0.44222823,0.7955939,18.09961,0.5664545,-0.7771921,-19.054958,-8.559422,-1.5491589,-44.584667,-0.3579336,-5.32672,13.3333,0.05233961,-0.008777932,0.108029194,2.571861,1.9877676,0.37307692,0.18044323,0.11,0.053349357,-21.080921,9,4,64,SPEAKER_03,1060.833333,1080.533333,1060.8440937500002,1080.533333,7,6.627989250000155,engaged
41.7477,0.11398277,38.9606,41.16403,44.609333,5.648731,157.2881,249.43295,93.70256,130.897,0.34989324,0.87438434,0.058067154,0.29047403,0.58316505,0.5250979,4.7827325,3.6539445,3.290962,2.1989481,0.14436597,1.2863436,21.113005,0.6750924,1.7175876,7.9699535,-13.3821335,-1.2168788,-21.188261,-0.84489715,0.024591306,1.6358868,1.1433271,0.91564125,10.12302,0.40214625,10.007018,1.0896802,32.812702,0.3169489,791.13556,0.22227852,1356.032,0.18252613,-84.43233,-1.0846609,1825.59,0.13420513,1147.7892,0.25692946,-85.4066,-0.9364317,2932.7058,0.07910037,991.8848,0.2850881,-91.58492,-0.82233286,-15.114952,-0.6079883,30.754223,0.30452067,0.057889123,0.39567056,-0.018067084,-1.0286673,0.19487245,1.0413158,26.231998,0.38388595,-0.8010414,-17.513227,-17.791222,-0.8976889,-28.741749,-0.5210034,-7.76032,18.301702,0.038203802,0.0070868037,0.04773051,2.6830633,2.634529,0.23893617,0.2100581,0.13634147,0.12673683,-28.35971,9,4,65,SPEAKER_03,1080.566667,1233.366667,1080.566667,1233.366667,20,17.90124999999921,disengaged
32.290936,0.1339691,29.347967,31.848577,33.849438,4.5014706,117.98391,240.06155,132.49236,222.93558,0.20414117,0.87613904,0.051960364,0.16456513,0.32463804,0.27267766,4.0751,1.9763335,2.4627411,1.9210701,0.07627374,1.1280257,28.61426,0.39827225,12.083431,0.8708456,3.037003,5.700487,-8.456849,-1.7454706,0.02343957,1.1316556,1.6581737,0.72489697,6.7877045,0.5453782,3.7761297,2.5083282,32.747906,0.26007336,649.76746,0.2872504,1435.7579,0.15318207,-78.162476,-1.1118066,1731.1176,0.13361366,1158.3578,0.24024111,-87.05152,-0.89876795,2818.8755,0.086512186,1091.6923,0.29489836,-92.239784,-0.8078453,-18.6823,-0.42948568,31.214705,0.26746073,0.049320083,0.40363887,-0.018032309,-0.95419335,0.0891567,1.0178877,32.02147,0.28568214,12.088429,0.88101023,2.9102974,6.645548,-10.459917,-1.4033155,-14.934124,25.697395,0.03389481,-0.0025039827,0.05001843,3.1724138,3.6161335,0.17,0.14078079,0.09333333,0.071190275,-33.991314,9,4,65,SPEAKER_01,1080.566667,1233.366667,1081.63409375,1230.0497187500002,20,14.512499999999818,disengaged
45.11292,0.07142673,42.50791,44.427734,47.955437,5.447525,109.39969,133.86227,44.20792,49.28693,0.79802996,1.3345733,0.09788482,0.38365373,1.166369,1.0684842,14.83889,15.690553,11.143624,12.165782,0.48439434,1.7874591,8.487372,1.6417981,-1.9956058,-6.4867916,-6.8903327,-2.6809108,-27.872242,-0.7209972,0.020566307,0.9393373,1.1120468,0.74791527,8.281057,0.5284245,12.575085,0.8767498,18.127827,0.84595174,814.14844,0.21289258,1226.2196,0.17192702,-96.75121,-0.94842803,1862.9675,0.10831887,927.15936,0.40357944,-89.525215,-0.9412407,2896.0684,0.07643286,865.3916,0.23696683,-90.684784,-0.9196468,-9.002749,-0.8957668,18.722618,0.5959005,0.063800134,0.38658938,-0.012191925,-1.2909635,0.7235565,1.4165313,10.590172,1.173533,-4.182396,-3.1473145,-9.342794,-2.2035575,-35.379093,-0.4663349,-4.3801384,11.904247,0.043540742,-0.0017605824,0.106667034,1.7142857,2.1153846,0.28363636,0.28750566,0.185,0.18672173,-17.254566,9,4,65,SPEAKER_02,1080.566667,1233.366667,1116.02534375,1217.6803437500002,6,5.265000000000327,disengaged
36.696674,0.083196074,34.729992,36.852325,38.197308,3.4673157,453.28662,978.2946,62.357624,87.45838,1.1990244,0.672006,0.5005335,1.0192993,1.90512,1.4045866,15.97681,8.23459,12.952681,7.6995397,0.8669147,0.8220033,27.212215,0.48711303,3.9691937,4.3495107,-12.023648,-1.2887211,-9.358234,-1.3871346,0.020633647,1.2010134,1.2185091,0.7000328,8.055293,0.4859263,2.873205,4.877077,26.163218,0.59170383,749.19464,0.27398884,1336.3154,0.1708406,-53.547897,-1.4515918,1781.5128,0.15266648,1206.0327,0.2413526,-59.83225,-1.1515495,2888.38,0.10015234,1084.7372,0.30312294,-68.14121,-0.94503963,-11.718782,-1.0227782,30.841393,0.27778062,0.058587395,0.34885737,-0.014479979,-1.1000012,1.006929,0.7142113,29.655937,0.3393057,3.1435254,5.5985947,-13.554622,-1.059556,-11.046822,-1.0794923,-9.206523,22.312769,0.039192166,0.0024550725,0.3418149,3.960396,2.739726,0.27909088,0.29455525,0.075789474,0.100069225,-13.286333,9,4,67,SPEAKER_03,1236.1,1247.133333,1236.1,1247.133333,5,8.097082999999884,disengaged
43.083702,0.12906097,39.516293,41.999382,46.65412,7.137829,74.25374,19.3267,801.8809,1078.5884,0.81895906,0.65062463,0.37407818,0.63357896,1.3522482,0.97817004,6.8880987,4.752487,8.936017,8.220027,0.46595705,0.8460373,20.85911,0.50760055,-5.8974724,-2.6338558,-22.478764,-0.6470275,-36.00898,-0.40089357,0.02463889,1.7354814,0.9706925,1.1369323,9.5137,0.4145463,7.7450347,1.5160664,32.959866,0.32920668,821.4747,0.17080855,1274.3185,0.15016153,-36.23159,-2.1052935,1834.2197,0.105258375,1029.4603,0.243744,-49.556316,-1.2326959,2978.8965,0.056560595,788.3015,0.29777893,-57.64736,-0.99011517,-14.75639,-0.5201971,28.846203,0.27600348,0.05972771,0.35796642,-0.029925376,-0.6083725,0.4848675,0.8085536,21.815683,0.4784569,-5.234457,-3.0260017,-24.036472,-0.591471,-39.50172,-0.3385881,-7.294602,18.829979,0.038885552,-0.008495898,0.24243023,3.4042554,3.097345,0.26142856,0.17602178,0.058000002,0.03310589,-19.994799,9,4,68,SPEAKER_03,1247.166667,1256.066667,1247.166667,1256.066667,5,2.3693750000004457,engaged
36.75896,0.114326485,34.448833,36.40905,38.322083,3.873249,76.13231,90.45805,44.969044,26.861366,0.935313,0.77976584,0.35215065,0.7660041,1.3247348,0.9725841,14.858592,8.832706,9.581032,4.485651,0.7022948,0.98761773,22.514751,0.9296825,9.591662,1.7599249,-5.942341,-2.7187622,-10.188903,-1.4339434,0.026317254,1.4149379,1.3109429,0.6103304,7.6526275,0.48100922,8.203984,1.3511422,33.5392,0.33653933,729.3956,0.26516506,1374.6656,0.15377001,-72.62337,-1.1908472,1774.4409,0.15081115,1181.6171,0.25471538,-77.29308,-0.9966329,2906.8896,0.08953222,1043.7327,0.22792484,-84.717606,-0.85068274,-15.508304,-0.68323165,30.64329,0.35203964,0.064205594,0.34597293,-0.018863572,-0.91898614,0.8519867,0.7927219,29.810448,0.44968054,9.270621,1.7092733,-7.528107,-2.159588,-14.711714,-0.8904598,-3.3030014,13.736317,0.03885085,0.0070387744,0.361056,3.211679,2.503682,0.27117646,0.22007705,0.115624994,0.08192746,-15.793217,9,4,69,SPEAKER_03,1256.1,1264.7,1256.1,1264.7,5,6.861875000000055,disengaged
36.465107,0.13152176,34.251713,35.78107,37.92937,3.677658,92.87755,26.494211,48.431683,36.516903,0.9249146,0.704161,0.4410586,0.73267084,1.1998882,0.7588296,16.319555,11.433593,9.360543,3.3886888,0.7129749,0.8979133,24.056778,0.8176787,11.576274,1.3551112,-6.7503133,-2.2744708,-8.0583935,-1.5494703,0.025637997,2.105531,1.4308397,0.73339194,7.549812,0.5510822,5.2029147,2.253879,28.005058,0.48917806,763.7204,0.25905955,1382.3007,0.15352485,-72.77781,-1.152262,1829.6779,0.14917453,1214.2792,0.24276324,-78.60085,-0.9585394,2921.6033,0.102828614,1077.288,0.22249924,-83.68833,-0.8464793,-15.096891,-0.9031497,31.053778,0.43654668,0.05773494,0.30572522,-0.01572761,-1.1273007,0.8723264,0.78191704,28.47438,0.56236553,9.7987385,1.6957415,-6.4463525,-2.397649,-11.015056,-0.9513142,-10.092299,20.522264,0.04927036,0.00021857093,0.32964697,3.2786887,3.6666667,0.18272728,0.11458152,0.08555555,0.062023487,-15.413266,9,4,70,SPEAKER_03,1264.733333,1268.166667,1264.733333,1268.166667,2,3.0620839999999134,engaged
36.789886,0.04310381,36.033035,36.91719,38.368595,2.3355598,34.42769,27.1654,23.011217,19.659243,0.79610807,0.7789609,0.22215205,0.6300103,1.3471711,1.1250191,18.082294,8.712508,9.890698,2.3977985,0.62771195,0.893135,27.381184,0.46248433,12.611848,0.97761464,-3.350612,-4.9341235,-9.546135,-1.3782681,0.015562963,0.7543311,1.6059676,0.67099756,8.880999,0.32666144,2.1171443,4.953709,28.983913,0.3127223,758.15094,0.29074675,1359.4861,0.1457466,-73.28158,-1.1524376,1801.0532,0.16382357,1179.5874,0.25961596,-76.55609,-0.9983534,2919.0654,0.082153656,1019.75,0.25309724,-85.27772,-0.82607245,-15.047149,-0.542116,32.66573,0.22599609,0.04895066,0.35834104,-0.020364631,-0.62121785,0.84374243,0.688852,30.962894,0.293997,8.591254,1.3031782,-6.8159294,-2.5068438,-14.518151,-0.825505,-18.160538,30.0688,0.039809816,-0.0064476137,0.20801327,4.895105,2.173913,0.32,0.3826225,0.12,0.049665544,-16.503054,9,4,71,SPEAKER_03,1268.2,1270.333333,1268.2,1270.333333,2,1.4414580000000115,disengaged
37.21123,0.042378858,36.086018,37.45458,38.46275,2.3767319,41.56143,27.561182,21.042791,10.556886,1.3184439,0.53145516,0.59538084,1.1360213,2.1386251,1.5432444,17.221054,11.865988,5.043159,7.029781,0.96754646,0.57013,32.694153,0.25221565,5.8432193,2.374671,-8.189112,-1.8627275,-16.134392,-0.5793643,0.025559893,1.3145182,1.2809347,0.7086174,8.982551,0.4591649,-0.027083773,-357.23822,23.9227,0.40415558,839.0194,0.16358401,1251.7974,0.17424905,-29.511198,-1.6224023,1919.7511,0.11650597,1098.469,0.2226474,-41.62698,-1.0372726,3005.5571,0.07289636,1063.9729,0.35751843,-49.537647,-0.8056452,-16.155375,-0.5632298,32.992634,0.24299797,0.05174742,0.29730347,-0.021496426,-0.5545832,1.0024308,0.5556323,31.66425,0.263777,5.3646097,2.7283502,-7.952554,-2.0197017,-15.626536,-0.6344149,-17.453484,37.501938,0.07135006,-0.025299482,0.4366814,5.504587,2.9126215,0.30666664,0.020548047,0.03,0.01,-11.542966,9,4,72,SPEAKER_03,1270.366667,1271.466667,1270.366667,1271.466667,1,1.099999999999909,engaged
44.894882,0.08378542,41.44923,44.295017,47.235725,5.786495,27.64186,0.0,12.080066,0.0,0.496999,0.52873576,0.26310053,0.5248926,0.7521146,0.48901406,2.7277942,1.3803421,4.4585986,2.3249643,0.2231737,1.0313586,17.693127,0.7145145,6.3272,0.86494035,-11.086102,-1.3368839,-42.397144,-0.4835978,0.021360103,1.4499656,0.8856185,1.3059301,12.338217,0.26841602,15.057302,0.26876584,25.442778,0.4294788,822.3697,0.15904352,1279.947,0.16997518,-82.81336,-1.0329587,1927.8717,0.12369796,1005.9018,0.3557078,-84.91269,-0.8862057,3026.587,0.054571357,669.4772,0.28130573,-85.545006,-0.873796,-18.438438,-0.54826397,25.923244,0.49568114,0.08474822,0.31736267,-0.029289678,-0.40766546,0.27570614,0.9493682,17.968245,0.5787456,5.8621383,0.95777506,-13.841134,-0.8919213,-50.357567,-0.31885293,-13.425828,20.94697,0.0431553,-0.011768423,0.12005139,4.0,2.1978023,0.305,0.074999996,0.13,0.099999994,-24.702429,9,4,74,SPEAKER_01,1272.766667,1287.9,1276.10159375,1277.1140937500002,1,1.0125000000002728,engaged
35.795414,0.08501497,34.468307,36.366676,37.848404,3.3800964,149.10254,180.10426,24.481766,17.790846,1.0448306,0.6526099,0.40034997,0.9523751,1.6359651,1.2356151,15.585724,8.508852,10.26863,5.8556614,0.71756095,0.75885886,27.390684,0.6877955,11.190427,1.2168024,-8.472282,-1.5930262,-14.942894,-0.98208976,0.022811504,1.8102088,1.1688637,0.69208586,8.835544,0.3930361,5.9005485,1.8475338,33.687374,0.32879582,760.1266,0.24505135,1375.1669,0.17662832,-57.62169,-1.392551,1816.8811,0.15514854,1214.8713,0.22609574,-66.17536,-1.0627337,2939.503,0.08872903,1067.7179,0.2619671,-73.84051,-0.8906145,-15.701274,-0.596557,32.914772,0.29603863,0.06312716,0.32709318,-0.023097606,-0.6569693,0.85860956,0.60964805,33.092438,0.359527,9.423518,1.4018767,-9.854967,-1.3778353,-18.929308,-0.648336,-7.0663195,16.327696,0.04138323,0.002196797,0.2522117,3.4459462,1.898305,0.39785713,0.3388674,0.11185185,0.08533321,-14.352283,9,4,75,SPEAKER_03,1287.933333,1307.6,1287.933333,1305.90284375,8,14.813885750000281,disengaged
40.46434,0.12161026,37.650547,40.72689,43.777752,6.127205,91.06745,74.26045,318.7008,519.9003,0.4944351,0.80902666,0.11221967,0.4281422,0.8311126,0.71889293,5.4849277,3.2306402,4.782702,4.2935863,0.20707291,1.1980547,14.274741,0.97318214,5.0777354,2.3695714,-12.136177,-1.106027,-34.89065,-0.53539485,0.029282281,2.6866536,0.91769856,0.8753195,10.003555,0.4544328,9.050256,1.4714221,28.448902,0.4127709,776.1699,0.19207112,1270.4198,0.16467321,-83.1268,-1.1471546,1886.461,0.119055666,955.92584,0.37981993,-87.83827,-0.9425677,2952.3633,0.068254456,861.36053,0.34632444,-89.70934,-0.9064878,-17.334076,-0.41536862,26.169996,0.31933174,0.070723385,0.29436755,-0.035964873,-0.54872674,0.2754525,0.91820955,19.636961,0.46893176,3.7838519,3.2732654,-15.959133,-0.80205786,-43.49938,-0.30648196,-6.3107405,13.554308,0.04760396,-0.0054267817,0.09151682,2.2203948,2.8099174,0.21411763,0.18730469,0.14642857,0.17036125,-24.139578,9,4,76,SPEAKER_03,1307.633333,1341.733333,1311.3365937500002,1341.733333,9,12.171739249998609,engaged
31.259167,0.10183985,26.757273,31.862522,34.260403,7.50313,35.367474,10.597801,306.4737,386.12143,0.21599126,0.5232819,0.10905477,0.21940187,0.32459396,0.21553919,2.018289,0.83897364,1.7957598,0.44253778,0.07228119,0.6563444,29.49112,0.41927764,11.172002,0.8047427,6.2331605,2.4147387,-16.190516,-0.68927383,0.015916241,0.74615186,1.4720995,0.8054467,6.700138,0.46210262,-2.1243134,-3.7396595,28.836544,0.21067435,651.7818,0.25599048,1433.5177,0.12903515,-54.39546,-1.3985571,1735.988,0.15499264,1164.4974,0.27922648,-64.61471,-1.0686876,2789.981,0.09902308,1055.685,0.34946576,-69.67913,-0.9474872,-18.548765,-0.3263364,29.414755,0.2765577,0.053808935,0.44471318,-0.025042536,-0.54298526,0.07740513,0.55931634,32.77534,0.29533437,12.208003,0.6349035,5.0580244,3.1270778,-16.195826,-0.6278987,-11.191816,18.279718,0.051425986,-0.0215662,0.065592766,4.166667,3.6231885,0.202,0.14048487,0.08333333,0.044969123,-35.718952,9,4,76,SPEAKER_01,1307.633333,1341.733333,1319.57159375,1322.5584687500002,2,1.4512500000003001,engaged
41.63636,0.15506615,36.004436,41.26158,46.839207,10.83477,178.61058,210.90463,134.88722,167.41922,0.39238697,0.8934486,0.0824895,0.30421144,0.6471366,0.56464714,4.5056453,2.6698508,2.8680313,1.8700305,0.15840945,1.2493933,20.8007,0.5700054,0.4415726,34.840927,-15.455955,-0.9324975,-29.13019,-0.6242476,0.028594691,1.619987,1.1409547,0.81577146,9.405483,0.47004893,9.599817,1.2391875,28.474972,0.39058763,811.2491,0.20856154,1303.3093,0.178345,-70.84448,-1.2651625,1886.1697,0.13371679,1109.94,0.32334313,-75.68756,-1.0217139,2928.4497,0.07510498,945.20465,0.33316636,-79.98127,-0.93133354,-13.970315,-0.5966385,27.73788,0.32817578,0.06189108,0.3390364,-0.023040416,-0.81010085,0.19442824,1.0244539,23.478151,0.40922502,-1.7281793,-9.32088,-17.539055,-0.8207787,-33.791306,-0.5178679,-8.97466,19.61465,0.047878787,-0.00541563,0.074936815,2.158693,2.4618993,0.27619046,0.22113293,0.120526314,0.08999846,-26.451445,9,4,77,SPEAKER_03,1341.766667,1390.8,1341.766667,1383.22409375,14,17.15742675000115,disengaged
31.936459,0.16959572,27.580215,29.684885,35.38046,7.8002434,76.34169,73.45021,386.79648,833.1949,0.13908775,0.83810383,0.04059718,0.10558339,0.22196397,0.18136679,2.182794,1.2129287,1.8873103,1.0853422,0.046228163,1.0365967,23.525215,0.55486494,12.794731,0.66890705,0.7317562,22.08423,-10.574526,-1.4525926,0.02487784,0.9802054,1.9033397,0.6769342,6.3394136,0.54536307,3.171949,2.7506146,32.320164,0.26466364,683.4919,0.31734988,1395.0754,0.14266706,-94.67251,-0.97273743,1772.6179,0.14887251,1161.7406,0.20118506,-103.165985,-0.7983747,2838.2266,0.104127266,1088.6738,0.29091096,-106.78665,-0.7416984,-19.532177,-0.33946112,30.926775,0.23595572,0.057405826,0.36430013,-0.02016871,-0.8158758,0.06412848,0.79180163,30.462336,0.23755692,13.743098,0.69958204,-0.49514386,-33.642944,-13.146399,-1.2768005,-9.856139,18.90035,0.04417065,-0.00026029907,0.025654772,3.8854806,3.7267082,0.13833332,0.09435453,0.108888894,0.08736188,-38.467163,9,4,77,SPEAKER_01,1341.766667,1390.8,1352.56221875,1390.8,8,4.909656249999671,disengaged
32.005325,0.15144087,28.839197,30.703815,35.526325,6.687128,208.38249,130.26741,87.771194,59.741947,0.15140535,0.7333086,0.06619611,0.13096821,0.2028557,0.13665959,2.1032782,0.840594,1.623335,0.9708168,0.04501984,1.0683366,16.629383,1.1637261,10.044729,0.9120523,2.9185824,4.912773,-5.780317,-2.0855737,0.05730108,1.48043,2.1869004,0.55121726,4.9495425,0.6014928,2.3600185,3.594356,27.442118,0.36420006,634.5188,0.34201527,1373.1343,0.171512,-99.11517,-0.9561918,1714.6385,0.14350569,1099.7555,0.3780987,-102.95896,-0.8402923,2758.0542,0.09398373,1039.7634,0.28964752,-106.24288,-0.7860412,-14.296732,-0.5803467,24.507736,0.39972305,0.06332081,0.35064197,-0.019387167,-0.9556062,0.06504096,0.8587849,24.835615,0.49981388,8.858287,1.0797879,2.2444823,6.8664966,-9.277058,-1.433614,-4.6231303,12.902749,0.046682708,-0.00011013631,0.021789944,3.98773,3.7500002,0.13166666,0.116678566,0.136,0.09035485,-39.94084,9,4,78,SPEAKER_01,1390.833333,1490.466667,1390.833333,1483.78221875,5,3.2751357500001177,engaged
39.385925,0.11116514,36.326653,39.39752,42.75941,6.4327583,67.3595,94.14206,151.81827,307.36102,0.5952449,0.9089932,0.1211922,0.48320746,0.9652006,0.8440084,8.828604,6.6442466,5.8732095,4.5470943,0.28189927,1.4690043,16.555264,0.9904983,5.394292,2.5814679,-9.326783,-1.5658861,-27.675783,-0.7338489,0.019407652,2.251443,0.87120205,0.9314919,10.4130335,0.42895952,8.958449,1.3987339,28.575344,0.45439348,777.4607,0.21804088,1298.4854,0.1877984,-77.13483,-1.190001,1885.301,0.1398244,1047.1444,0.36720097,-82.84283,-0.97877336,2934.3347,0.07806105,924.7976,0.37374246,-85.45914,-0.9253904,-15.845461,-0.54106224,27.184938,0.35245886,0.0651014,0.31657216,-0.028911924,-0.6427061,0.37849534,1.2108195,23.32514,0.47053126,4.5735254,3.2385626,-11.765343,-1.2725412,-35.49,-0.5271353,-3.363917,10.660119,0.043018375,0.0026961905,0.09024574,1.9550136,1.9153863,0.33835164,0.28216693,0.17678571,0.15026292,-20.507164,9,4,78,SPEAKER_03,1390.833333,1490.466667,1392.94409375,1490.4647187500002,41,47.58750000000032,engaged
44.719494,0.12868199,40.964798,44.468063,49.452595,8.487797,73.911026,43.911762,104.84837,77.376045,0.31687066,0.74260026,0.11339057,0.28744373,0.45319965,0.3398091,3.2635806,2.2167623,2.054736,1.004768,0.11385728,1.034772,22.277416,0.4187482,-1.773257,-8.05275,-16.532495,-0.83533114,-30.757162,-0.46376672,0.023574337,1.4918147,1.0690155,0.8156335,10.757181,0.39396235,12.167541,0.84274864,27.897991,0.34513298,815.0385,0.2290067,1306.817,0.22789687,-65.600624,-1.2719179,1881.0609,0.15400316,1081.6259,0.32635403,-67.2809,-1.0442868,2930.906,0.08243229,988.2529,0.2646397,-72.585205,-0.9201329,-14.043291,-0.58990896,29.562239,0.27379355,0.055663228,0.40086034,-0.016731782,-1.0416075,0.13761505,0.8958201,24.170578,0.31562728,-3.7153454,-3.5696294,-18.068516,-0.7601252,-34.611675,-0.37304968,-10.173321,21.626596,0.052321218,-0.0041176546,0.040372927,2.3346303,2.6143792,0.283,0.22163257,0.09294118,0.056648005,-30.35474,9,4,79,SPEAKER_03,1490.5,1519.7,1493.3165937500005,1518.3253437500002,6,7.728750000000446,disengaged
35.040604,0.09619558,33.74776,35.58632,36.5575,2.8097382,226.28596,94.54976,206.42686,263.2714,0.783969,0.6324081,0.3178977,0.68834746,1.3150887,0.9971911,10.110385,5.5774155,8.667838,3.9222853,0.481167,0.83719814,22.172602,0.68688,13.009946,0.69738215,-2.1206954,-6.134008,-14.879377,-1.1935995,0.019160254,1.2002121,1.3631016,0.8043143,8.358312,0.37281135,10.511039,0.7438516,34.039757,0.2280913,793.4223,0.22464904,1349.9119,0.16349898,-80.13611,-1.0681511,1898.9413,0.161441,1179.5349,0.309142,-83.39247,-0.9120636,2969.3386,0.082651004,1102.9784,0.30185765,-87.23983,-0.84021986,-14.808653,-0.4860247,29.126644,0.33545575,0.0698197,0.28681722,-0.021768685,-0.7762567,0.6455322,0.57662666,28.600931,0.39867273,11.731977,0.8131346,-6.718757,-1.7840347,-18.733002,-0.87992877,-9.765907,15.703383,0.049747117,-0.006561747,0.20712624,4.5454545,4.0268455,0.15666667,0.16397831,0.071666665,0.039334744,-18.550861,9,4,83,SPEAKER_03,1531.333333,1533.233333,1531.333333,1533.12471875,2,1.5551357500000904,disengaged
39.185223,0.15412256,34.98462,37.92039,43.448772,8.464153,168.11203,185.20946,253.25615,598.5497,0.8177221,0.83114165,0.20403865,0.66760427,1.3037388,1.0997002,13.11226,9.443533,8.124644,5.9177465,0.52978075,1.0687522,20.43547,0.8879582,5.657249,2.8409612,-10.115472,-1.5415206,-20.434437,-0.95254976,0.025815006,1.9113389,1.0883847,0.8083315,9.183761,0.43891433,8.491312,1.4220861,29.758953,0.44349357,808.1366,0.22937639,1314.098,0.19001473,-76.33465,-1.1591929,1872.7512,0.14260383,1133.8828,0.32685834,-80.9065,-0.9627959,2959.5928,0.08358617,1009.50525,0.31419167,-85.92178,-0.8636342,-14.244787,-0.69159406,30.04209,0.33325234,0.06412334,0.36345917,-0.021717252,-0.85764,0.68531054,0.83320004,26.697964,0.4708341,3.807572,4.3237066,-12.682353,-1.2546492,-25.30745,-0.7228026,-6.2594733,15.014023,0.04349918,-0.001471869,0.19534203,2.8120518,2.5316458,0.26090908,0.22517991,0.12518987,0.10012473,-16.071966,9,4,84,SPEAKER_03,1533.266667,1626.933333,1533.58034375,1626.78096875,30,34.86374999999816,engaged
44.85107,0.11992819,41.145554,44.87061,48.706738,7.561184,52.73842,33.11678,469.41953,867.7771,0.45178235,0.7312978,0.13983543,0.4222953,0.6568527,0.5170173,5.4438596,1.745371,3.0615003,1.3092817,0.18057367,0.8373536,14.199373,1.110911,0.9009896,15.324961,-15.340043,-0.95636356,-32.880352,-0.54418933,0.034420088,2.4780283,1.0583135,1.1139603,11.358587,0.37164512,14.505296,0.6796199,27.740314,0.36101016,816.2987,0.228037,1248.2477,0.21024863,-76.453896,-1.1453054,1891.0383,0.13866457,1036.3427,0.35452846,-77.22428,-0.9850721,2968.1902,0.076222084,901.6996,0.41612273,-81.50263,-0.8953279,-15.168176,-0.48295814,28.488699,0.2872799,0.07918629,0.34682563,-0.021977184,-0.93161225,0.23519734,0.5935781,20.506971,0.43218064,-2.5612981,-5.594327,-19.052927,-0.80375594,-40.729034,-0.3029301,-3.3538392,11.205957,0.055929795,-0.0011131319,0.058565915,3.183024,2.695418,0.253,0.14697279,0.11,0.07702813,-26.23434,9,4,84,SPEAKER_02,1533.266667,1626.933333,1552.66596875,1594.02659375,5,3.7800000000004275,engaged
33.626232,0.2402615,29.547873,31.425335,37.859215,8.311342,152.39166,65.578415,10.140157,150.05023,0.31285414,0.45211726,0.18889369,0.29870942,0.4763168,0.28742313,4.126416,1.7905618,1.0086554,0.97956973,0.12602141,0.6852578,21.424915,0.31687218,0.2562351,57.316254,-1.1094421,-25.608074,-28.053074,-0.4821789,0.09618132,0.994734,1.6214536,0.6774099,4.1540465,0.5026819,5.2388525,2.4157808,17.704782,0.47953454,687.58496,0.26013798,1366.4269,0.10495619,-106.24178,-0.9361435,1794.0171,0.08452825,812.6423,0.24523187,-100.84076,-0.9385177,2793.1045,0.061984263,988.2082,0.18247746,-101.85039,-0.9206675,-12.281086,-0.43567923,19.432602,0.39520514,0.06987113,0.3911237,-0.026887555,-0.4801225,0.11375106,0.607681,20.137875,0.2777648,-4.678049,-3.2300267,4.8182425,4.347045,-18.16991,-0.41315305,-10.8489275,24.653168,0.07323938,-0.03871402,0.14710093,3.809524,4.0404043,0.114999995,0.13720423,0.15333332,0.09843216,-33.903137,9,4,84,SPEAKER_01,1533.266667,1626.933333,1557.93096875,1561.52534375,3,1.0631249999999,engaged
38.041794,0.10895671,35.486465,38.021812,40.25696,4.7704964,154.73245,128.20168,836.3695,1353.0929,1.1477678,0.7224057,0.4602803,0.97862005,1.7422602,1.2819799,14.27148,7.5107975,11.966173,6.7233734,0.7853634,0.79644793,23.6991,0.6375531,7.7194586,2.2869458,-10.668309,-1.5214162,-15.153436,-1.4374588,0.015463743,1.3732567,1.2077973,1.0380294,9.529338,0.3387894,0.14123434,91.50676,26.329918,0.4888156,799.25604,0.20247176,1354.6947,0.2124978,-73.79583,-1.1561748,1884.7124,0.13942373,1224.1636,0.27611718,-80.6301,-0.9243877,2942.495,0.07995422,1043.4121,0.28531703,-85.78751,-0.827748,-14.25027,-0.7010307,30.797632,0.29596275,0.054245844,0.31539404,-0.022054564,-0.87481815,0.9848483,0.651159,28.187838,0.3583478,4.322315,3.9727943,-12.861129,-1.2218379,-19.46266,-0.9472778,-11.1844635,23.231058,0.048743114,-0.004375498,0.38434753,3.7037039,3.7815127,0.17333333,0.17625737,0.07111111,0.038135562,-13.551525,9,4,85,SPEAKER_03,1626.966667,1630.166667,1627.0172187500002,1630.166667,2,2.440698249999741,disengaged
35.62316,0.08690816,34.801716,35.768513,37.656033,2.8543167,65.90378,53.552967,47.92324,42.441055,1.0924476,0.57900774,0.54832405,0.9885359,1.5166833,0.9683593,16.594692,9.423345,9.879474,4.7957983,0.78279036,0.7767292,27.382957,0.57286626,6.703076,2.157806,-11.008143,-1.1613406,-14.532844,-0.81493783,0.028274598,2.0511522,1.186829,0.596859,8.092453,0.48559937,6.951893,1.4284425,33.126743,0.30046156,802.45856,0.23033103,1339.5568,0.15824464,-65.7333,-1.2810507,1867.9567,0.14867264,1257.2888,0.22542101,-73.95949,-0.99603283,2988.9683,0.09805244,1069.6503,0.22654206,-80.72855,-0.8596399,-13.864509,-0.6465302,32.937344,0.23059854,0.06747304,0.24166267,-0.019108254,-0.6375673,0.9229661,0.620954,32.83236,0.26788372,9.097162,1.4860679,-11.968132,-0.9234872,-15.953689,-0.6334861,-4.759189,15.658256,0.0454699,-0.0072538154,0.4380844,3.2388663,2.4539878,0.2875,0.19647413,0.10818182,0.09731095,-14.29793,9,4,86,SPEAKER_03,1630.2,1635.966667,1630.2,1635.96096875,3,4.950968749999902,engaged
36.398052,0.042086937,34.793617,36.27559,37.83561,3.0419922,64.51798,74.48517,7.5560975,5.2169213,1.1500052,0.45690465,0.71577334,1.1490022,1.5480032,0.83222985,11.449925,4.2323766,19.371824,15.376944,0.64293605,0.55325955,28.765965,0.3028912,12.404824,1.0974545,-3.1282065,-3.5683315,-15.164438,-0.917523,0.019331712,1.2612588,1.0934008,0.7070597,9.494068,0.3339259,5.426007,1.9674402,29.185808,0.4604684,836.5464,0.2015962,1344.601,0.14198877,-48.71041,-1.3477529,1843.8866,0.122269124,1286.6475,0.256657,-57.561134,-1.046436,2906.6328,0.073650606,937.28687,0.2627874,-64.37841,-0.87056035,-15.346238,-0.5177636,30.904583,0.25783944,0.05168115,0.44154733,-0.020316985,-0.67839855,0.6371808,0.58789057,28.951447,0.29323778,10.328769,1.3513936,-5.6098084,-1.8476593,-14.040208,-0.9174136,-20.448446,30.447317,0.07577532,-0.022847699,0.69948894,3.2,3.3613448,0.2375,0.17383541,0.07,0.0,-15.4480505,9,4,87,SPEAKER_03,1636.0,1637.5,1636.23096875,1637.5,1,1.2690312499998981,disengaged
36.21442,0.088538826,34.199707,36.826675,38.563118,4.363411,193.42653,189.68954,9.058258,42.942604,1.2182883,0.7142569,0.45246983,1.017299,1.9692043,1.5167345,20.09788,11.530427,10.189644,6.750167,0.92659086,0.8650644,24.0356,0.60537827,11.671955,1.5159085,-6.903883,-2.2789505,-11.7174425,-1.265853,0.030353898,2.5490668,1.0879515,0.7093214,8.478356,0.42744341,5.4560013,2.667528,28.927917,0.4493982,775.19275,0.24832243,1382.4857,0.1575125,-59.185234,-1.3296248,1849.1459,0.13522327,1224.4552,0.24409157,-68.324356,-1.0216991,2921.9087,0.10615808,1021.8208,0.278528,-73.08973,-0.91447663,-16.365221,-0.57458246,30.242067,0.31302097,0.060120605,0.3429677,-0.020468863,-0.75352925,1.0792227,0.7113772,27.334503,0.3890166,10.420079,1.7577914,-6.270502,-2.695872,-15.21117,-0.80540025,-8.750015,18.706478,0.061686628,-0.0066122585,0.50448203,3.2051284,2.6229508,0.2825,0.26961777,0.09142857,0.049114607,-12.5890045,9,4,88,SPEAKER_03,1637.533333,1645.666667,1637.533333,1645.5628437500002,3,3.1357607499999176,engaged
37.11274,0.09016797,35.027035,37.08946,38.578743,3.5517082,92.06628,103.403206,72.02424,128.52927,1.1245043,0.6333913,0.5012976,0.9980324,1.7157016,1.214404,17.360655,9.199349,10.974563,7.7165084,0.8684545,0.7821692,26.453346,0.60446984,5.803804,2.850091,-9.524884,-1.5911311,-14.65352,-0.8828342,0.024976091,1.2866931,1.2687552,0.6503007,8.086817,0.5058648,4.896171,2.4197993,29.574509,0.3883991,771.11816,0.25294083,1339.6393,0.1733893,-56.466103,-1.3686887,1839.116,0.1481812,1194.3711,0.25412592,-62.079086,-1.0958841,2943.6746,0.093092784,1066.8634,0.2686435,-69.62958,-0.9144006,-14.01658,-0.84121233,31.527802,0.27895382,0.061427817,0.3396094,-0.019534467,-1.0254965,0.98877305,0.6623657,30.25898,0.3868663,5.547818,2.945531,-9.455879,-1.5714602,-16.657503,-0.7037171,-6.4938498,18.716515,0.048141696,0.0031464158,0.4201013,3.448276,2.6591458,0.28787878,0.23163132,0.09083333,0.0776164,-13.424831,9,4,89,SPEAKER_03,1645.7,1660.7,1645.8328437500002,1660.7,7,12.48778124999967,disengaged
37.599407,0.07888145,36.463577,37.622448,38.61713,2.153553,66.35595,91.771484,20.22671,23.15176,1.0878398,0.6805313,0.41086572,0.9171076,1.9334483,1.5225825,13.659221,9.705364,10.390749,4.1349483,0.78888524,0.7710494,27.714853,0.48558488,12.236785,1.1940287,-5.9535847,-2.2671776,-16.081251,-0.74787474,0.019570883,0.85413635,1.2624178,0.72092706,9.277423,0.4355696,5.3085747,2.0535452,29.199198,0.33399692,795.5764,0.20594358,1279.6285,0.17144875,-57.70562,-1.2661736,1884.7333,0.12295039,1115.7645,0.2207607,-68.56623,-0.93182075,2954.2412,0.073820494,968.91296,0.20190838,-73.65216,-0.82586694,-18.854132,-0.41587976,33.080017,0.24094982,0.057372805,0.31148404,-0.024500623,-0.4855925,0.8979642,0.6850746,29.646086,0.33753762,11.545347,1.2980955,-5.3701124,-2.5483658,-17.189957,-0.5891484,-12.255849,23.40026,0.06671284,-0.014523479,0.36777866,4.1522493,3.180212,0.23777778,0.15061192,0.08,0.04760952,-11.989008,9,4,90,SPEAKER_03,1660.733333,1680.766667,1660.733333,1680.766667,3,2.9052090000006956,engaged
39.084072,0.11972724,36.023045,37.9932,42.03407,6.0110245,241.24684,668.8197,76.87944,119.88139,0.60728073,0.93574727,0.1497827,0.4200955,1.0409496,0.89116687,10.7556715,7.697783,7.866291,5.770305,0.3864987,1.2453512,21.36758,0.7284289,7.8829217,1.8872161,-6.3277526,-2.2079568,-17.259346,-1.0879447,0.024040613,1.2577626,1.2379299,0.7216101,9.1703,0.4767841,7.333745,1.5179869,26.62154,0.4603202,775.15796,0.25606665,1351.2942,0.17697075,-75.743195,-1.104502,1854.0393,0.15954666,1151.9735,0.2631436,-79.339554,-0.93228394,2910.385,0.09213213,1018.40845,0.29715973,-82.63889,-0.86436677,-17.162449,-0.53698236,29.96462,0.31931493,0.053145025,0.40683085,-0.020660542,-0.7784776,0.49013287,1.0565065,26.711252,0.36514312,7.7263646,1.8704488,-6.3968406,-2.2511475,-21.78723,-0.8460347,-4.791749,14.804612,0.036393665,0.007296216,0.13733393,2.9411764,2.5285974,0.27214286,0.27249756,0.1252941,0.117954,-18.279348,9,4,91,SPEAKER_03,1680.8,1734.266667,1680.8,1732.7897187500002,9,16.6703437499998,disengaged
31.362469,0.19673523,26.623625,28.60994,37.76836,11.144735,78.69415,85.68182,55.4718,61.743874,0.21697178,0.7274641,0.05743986,0.19181915,0.36325604,0.30581617,3.3448808,1.7141063,0.99235386,0.4294968,0.06889795,0.94441026,22.208115,0.68674195,10.979838,0.8196369,-5.2142224,-3.3501441,-17.948889,-0.792536,0.03238225,1.4646629,1.3488051,0.61141104,4.851882,0.7202246,3.0532444,3.214937,30.233265,0.29896972,688.0817,0.30245993,1403.7793,0.13936268,-69.61094,-1.2945685,1741.5537,0.17106558,1105.7291,0.21307294,-73.08794,-1.151601,2880.6616,0.09211356,1012.4994,0.25886208,-80.9173,-0.9673152,-15.78338,-0.49363962,30.063643,0.24295974,0.06340262,0.29409805,-0.020444546,-0.7434765,0.09139048,0.71684647,29.556252,0.26571086,9.4741955,1.0198474,-9.508138,-1.7191914,-22.2889,-0.58330196,-6.380212,12.919221,0.042834926,0.004077144,0.023462163,2.479339,2.2408965,0.29375,0.2455065,0.1325,0.12018215,-36.105167,9,4,91,SPEAKER_01,1680.8,1734.266667,1701.4022187500002,1730.03909375,5,3.6450000000004366,disengaged
41.84331,0.14031512,37.526573,39.137863,47.28246,9.755886,32.551052,23.931671,83.437096,31.938196,0.49465206,0.8035267,0.1009832,0.42758992,0.8386508,0.7376676,6.5881233,2.4294834,5.4514923,2.4495373,0.27618483,1.0175854,16.247847,0.7828665,5.476544,2.221218,-14.312508,-0.98632544,-35.859432,-0.46363878,0.028401112,1.352287,1.1379391,0.6794763,9.810066,0.3381734,8.607133,1.0491706,26.969093,0.50330555,805.54834,0.17523472,1290.849,0.19099422,-84.453575,-1.0955074,1957.2479,0.12392639,980.7767,0.35096297,-87.9708,-0.90416116,2993.7346,0.07728718,905.50775,0.32339302,-88.94369,-0.8867456,-18.170444,-0.33862397,28.502068,0.27561188,0.080154635,0.23503841,-0.035389036,-0.48869628,0.3904302,0.73217934,21.26193,0.34780097,5.035959,2.2316716,-14.478705,-0.9127755,-44.70506,-0.22897248,-5.1031976,16.621658,0.04693299,-0.006025454,0.0877037,3.3898306,2.3255816,0.26999998,0.1174734,0.13499999,0.06800735,-23.448385,9,4,92,SPEAKER_03,1734.3,1762.8,1747.0828437500002,1752.83721875,2,1.7887500000001637,engaged
39.89855,0.12149113,36.876633,39.706543,42.75274,5.8761063,75.34114,70.708786,130.42116,197.271,0.29073662,0.7436678,0.090423584,0.25631756,0.46314558,0.372722,4.3839636,2.6792672,2.5556679,1.6921341,0.0995131,0.9452902,23.77501,0.5330355,1.0603577,10.623859,-15.012226,-1.0190532,-25.918587,-0.5210295,0.028523559,1.8368728,1.2177866,0.75982535,8.961265,0.46023545,6.6636024,1.5072079,30.416985,0.33609593,783.1832,0.22614153,1362.6293,0.16205814,-74.231735,-1.1944176,1822.1621,0.14575326,1147.9642,0.2812808,-77.38626,-1.0159659,2929.3416,0.0807777,982.7939,0.29337004,-83.880615,-0.8807094,-14.5119915,-0.54291236,30.35836,0.2522065,0.054412365,0.3508523,-0.01990812,-0.83742183,0.12568529,0.7474703,28.106424,0.26188093,-0.46123478,-24.933622,-17.222267,-0.89312446,-28.841494,-0.4433338,-8.414508,18.484734,0.046881273,-0.0052859033,0.04168709,3.010949,2.7447393,0.24133332,0.18711376,0.11490566,0.10042594,-32.222923,9,4,93,SPEAKER_03,1762.833333,1844.733333,1765.76346875,1840.97534375,24,21.93750000000182,disengaged
38.11671,0.16158988,33.880604,36.44739,45.112183,11.231579,135.19608,86.95074,130.29057,81.20024,0.17838357,1.1105103,0.025628474,0.110574104,0.29590738,0.2702789,2.4373448,0.52750707,0.05097397,0.9279266,0.060459126,1.68696,18.088566,0.80674464,-1.7920585,-6.1665344,-16.158937,-0.75913996,-16.881739,-0.7977843,0.057884887,1.6590717,1.7353389,0.5058033,4.6684923,0.79424006,2.824972,4.7502813,21.56218,0.5309167,740.1439,0.26500148,1392.6268,0.12227945,-112.85076,-0.8616842,1722.8638,0.15039451,1240.9368,0.37156868,-107.90486,-0.8373746,2811.0698,0.105875485,984.5842,0.33535564,-113.02151,-0.7534447,-10.363488,-0.6201657,25.396055,0.33562827,0.050217975,0.34719595,-0.00993976,-2.0925672,0.103447,1.1210532,24.50028,0.40920213,-7.8202486,-1.2449608,-19.997025,-0.5292522,-23.158815,-0.6150383,-5.923945,16.102287,0.048907842,0.008395822,0.019129736,2.166065,2.9520295,0.1575,0.10449282,0.21333334,0.18226963,-36.877327,9,4,93,SPEAKER_02,1762.833333,1844.733333,1800.89721875,1841.46471875,4,2.7843749999999545,disengaged
34.066135,0.17358434,28.20995,32.87557,41.224,13.01405,58.3435,47.280582,34.0001,19.256346,0.22736377,1.3688552,0.046106976,0.13025537,0.3051022,0.25899523,4.2012315,2.0489488,2.0741954,2.752056,0.07492916,1.7648667,20.821169,0.76468456,10.296554,1.0102154,-0.23596828,-61.64635,-11.54434,-1.4408442,0.024207886,1.5094697,1.6271365,0.6636394,6.833888,0.5365894,4.7020144,2.8040802,28.196535,0.47470638,699.719,0.29936486,1395.9406,0.1830193,-95.01269,-0.97608805,1786.2682,0.14778642,1137.4576,0.3113215,-97.23585,-0.8674914,2809.094,0.09123402,1044.4932,0.31530076,-99.835236,-0.82324636,-14.706635,-0.58850724,26.954533,0.35236624,0.05910927,0.3565861,-0.015174166,-1.0877556,0.11159754,1.447649,26.810734,0.4250617,8.684478,1.2487551,-1.652337,-9.858696,-16.216211,-1.1196184,-8.338823,16.8173,0.04038985,0.004753832,0.026065288,1.7626321,2.9550827,0.1844,0.15735513,0.14304347,0.10238184,-29.395264,9,4,93,SPEAKER_01,1762.833333,1844.733333,1822.9359687500005,1837.36409375,12,8.521875000000591,disengaged
37.058983,0.10852703,34.61105,36.543114,38.527855,3.9168053,204.48912,191.46231,57.32077,102.33931,0.98262095,0.8142516,0.40911877,0.7946844,1.3893747,0.98025596,12.671619,9.9008465,11.568475,6.7221975,0.68931836,0.9343282,24.845478,0.7093001,9.3054285,1.7464494,-3.8024793,-3.6895819,-11.249365,-1.0488734,0.020680586,1.1209092,1.2040292,0.78458846,8.845927,0.39121795,8.727975,1.2538625,29.906982,0.43731704,756.6471,0.2645879,1390.0994,0.19173649,-77.150604,-1.0939174,1821.1514,0.14955164,1207.6809,0.28731433,-80.58997,-0.9385705,2903.4922,0.098721825,1038.803,0.27043495,-85.345535,-0.8484362,-17.021395,-0.72028923,31.2623,0.3954397,0.055407576,0.35639873,-0.020020526,-0.756033,0.8338088,0.7564281,29.817163,0.4488606,8.224516,2.15999,-2.9251785,-4.6836014,-12.6863785,-0.86530393,-8.673206,17.945736,0.044438154,-0.004325055,0.35893908,3.3492825,3.012048,0.2216,0.18483897,0.116842106,0.12004615,-14.636101,9,4,95,SPEAKER_03,1849.033333,1858.166667,1849.033333,1858.166667,3,8.373959000000468,disengaged
34.929817,0.09110466,34.1548,34.937973,37.446766,3.2919655,128.53499,100.051254,8.100061,5.8252997,0.8731236,0.68550605,0.3330182,0.710612,1.3440307,1.0110126,14.409458,7.067392,11.703986,9.031161,0.5944882,0.847858,29.13113,0.46053424,13.66454,1.1220971,-4.671316,-3.261881,-7.1842027,-2.1351755,0.027342953,1.908453,1.2547078,0.7524528,7.7339945,0.49314517,9.351573,0.93654346,32.632786,0.32275063,749.823,0.28049132,1436.9948,0.18429837,-64.8831,-1.2571299,1795.7545,0.15422161,1277.3586,0.27585825,-72.185326,-1.0106145,2920.318,0.08799835,1004.6688,0.25555137,-79.21998,-0.8640487,-16.775385,-0.6566087,33.70144,0.20849016,0.05282538,0.31711212,-0.014306895,-1.1041979,0.7097425,0.7170612,31.68032,0.31155363,13.321418,1.2681857,-6.5644083,-2.2846959,-8.5665455,-1.7219559,-14.117769,25.998295,0.04773558,-0.0071326285,0.30262476,5.0,2.0895524,0.34714285,0.24182132,0.111428574,0.079539485,-16.110329,9,4,96,SPEAKER_03,1858.2,1862.4,1858.2,1862.1872187500005,2,3.4134687500004475,engaged
34.530087,0.13266985,33.69391,35.135162,37.149254,3.4553452,198.64427,233.94052,36.507496,38.162468,0.7379342,0.61619955,0.3310213,0.6994474,1.1130607,0.7820394,10.217913,4.869237,7.484598,4.798494,0.51492095,0.84051627,27.099468,0.58851564,13.821934,1.0652828,1.5685477,10.424983,-8.51851,-1.9165355,0.023913337,1.5093908,1.3877654,0.6747795,8.467232,0.40686056,10.518182,0.92139167,32.92972,0.33204207,772.65295,0.25284776,1421.2153,0.16093668,-53.850517,-1.3921288,1858.8279,0.12714764,1269.6953,0.21544647,-64.39286,-1.022333,2907.8733,0.08796821,1095.2352,0.27449584,-69.01633,-0.9195726,-19.33234,-0.5416824,33.090652,0.3077684,0.062404197,0.3283003,-0.021964062,-0.7927115,0.61975485,0.6617645,32.364346,0.3442152,13.062553,1.1763073,0.064410344,255.55534,-13.196401,-1.0196891,-5.4476423,12.73915,0.038388025,0.012753003,0.16063325,3.7558687,2.415459,0.32,0.19473058,0.074,0.029393874,-17.234266,9,4,97,SPEAKER_03,1862.433333,1870.466667,1862.65971875,1864.80284375,1,2.1431250000000546,disengaged
36.56552,0.03889069,35.479958,36.668602,37.42215,1.9421921,80.75917,131.71547,14.127387,14.241435,1.0482769,0.68923223,0.4576578,0.836616,1.6940885,1.2364306,15.207961,7.117691,12.801715,9.235486,0.8264111,0.83125925,31.408396,0.3834024,8.878138,1.8764031,-9.3944845,-1.2350519,-14.286774,-0.99617994,0.017152373,1.4092842,1.2219414,0.74265265,9.327687,0.29374263,11.304485,0.9604413,37.432655,0.27201226,734.4872,0.25869375,1431.4901,0.153267,-53.729134,-1.4429693,1803.0697,0.1521974,1280.8134,0.20454742,-62.65451,-1.0560127,2939.6934,0.098202065,1167.6978,0.38616472,-70.580666,-0.8765368,-17.843065,-0.5312062,34.371162,0.25662625,0.076190315,0.25432944,-0.024137557,-0.61503214,0.9680548,0.70787615,34.23724,0.26620707,8.956134,1.8490416,-11.019328,-0.9831279,-16.746344,-0.83211917,-11.206236,21.676134,0.04443988,-0.0043263873,0.30087653,4.5307446,2.310231,0.33571428,0.2923724,0.08833333,0.096162476,-14.003575,9,4,98,SPEAKER_03,1870.5,1879.533333,1876.32846875,1879.533333,2,3.1036142499995094,engaged
35.518097,0.114233606,34.292534,35.810204,37.67074,3.3782043,335.683,479.7777,110.54862,136.24812,1.0197903,0.7807157,0.37652543,0.74594826,1.626695,1.2501696,17.773872,10.702833,8.841178,5.904312,0.72382575,0.8836105,23.698051,0.6981547,5.665646,3.3805883,-9.585356,-1.8112988,-9.45871,-1.2966751,0.022876194,1.1800513,1.1576723,0.6659345,7.2576966,0.45329714,5.3353715,2.1844568,26.050758,0.608528,750.6954,0.24140018,1355.8245,0.16768253,-78.869675,-1.1378828,1804.3043,0.1422983,1175.6143,0.21767096,-82.1697,-0.9992827,2895.1218,0.095104225,1039.1261,0.26962796,-87.58168,-0.8890025,-11.00023,-1.2824719,30.080952,0.29360926,0.060649283,0.29438323,-0.013090769,-1.3128946,0.92259866,0.69562876,28.111,0.42843172,5.257318,3.931621,-10.7645645,-1.4996969,-10.739997,-1.0464245,-8.2346945,19.506575,0.055761892,-0.0036151905,0.3012732,4.143126,2.4761906,0.25846153,0.17154709,0.13499999,0.11213831,-14.8676405,9,4,99,SPEAKER_03,1879.566667,1885.966667,1879.566667,1885.966667,3,5.319999999999709,disengaged
35.3009,0.042665698,34.286003,35.103745,36.394424,2.1084213,56.01716,68.70708,30.041983,34.25663,1.4338213,0.60172385,0.6002803,1.2910252,2.338111,1.7378306,18.486631,7.2460523,14.534775,3.9886265,0.97592735,0.7391825,31.804512,0.34822476,1.5847315,9.880685,-17.76578,-0.74668056,-15.523737,-0.7263736,0.015159614,0.79643446,1.0805043,0.5355294,7.3685493,0.41270056,3.0052674,3.3748047,29.94219,0.42827362,782.45575,0.22628696,1339.0851,0.1478651,-17.585175,-2.5903769,1814.2467,0.14367418,1269.0984,0.19116537,-31.066637,-1.3179218,2914.8103,0.08100926,1066.2032,0.3122419,-42.424362,-0.8889734,-9.289145,-1.1894535,31.709013,0.22961558,0.062735386,0.3014552,-0.016653541,-1.2029407,1.0579234,0.67786276,32.546017,0.3085755,0.5834102,26.614918,-18.413431,-0.68957835,-15.788978,-0.7082823,-8.522507,26.183172,0.039450128,-0.002607309,0.23189738,3.773585,2.5974026,0.35,0.27658632,0.03,0.01,-12.982448,9,4,100,SPEAKER_03,1886.0,1887.6,1886.0,1887.6,1,1.599999999999909,engaged
37.173138,0.06719266,34.87713,38.13835,38.971626,4.0944977,22.870966,17.924307,7.5871,9.601586,1.3029926,0.6174028,0.44073498,1.2955159,2.0931115,1.6523765,15.955227,6.775689,10.148114,4.3581853,0.82210785,0.7610863,27.21102,0.5932753,1.9707364,7.1676645,-13.274507,-1.003557,-8.7326145,-1.3640108,0.018496824,1.0512302,0.9771412,0.8162998,10.039612,0.38638854,4.3856397,2.3712082,29.130892,0.3426574,825.08014,0.1755503,1252.0258,0.16466591,-46.25784,-1.5833431,1889.5533,0.112857215,1099.9034,0.21487448,-58.3836,-1.1298838,2988.159,0.07705406,997.6466,0.2883194,-67.60342,-0.9092829,-15.873571,-0.68525386,33.51787,0.21791515,0.04895482,0.34600696,-0.019201988,-0.859773,0.96870804,0.61139995,32.657745,0.20230733,4.59439,2.951278,-11.217684,-1.0390027,-12.150004,-0.842054,2.2146285,18.557114,0.028884731,0.023490895,0.24324714,5.058366,0.7936508,1.025,0.125,0.205,0.085,-10.600483,9,4,101,SPEAKER_03,1887.633333,1897.0,1887.633333,1890.80721875,2,2.5832607499999085,disengaged
36.190834,0.053689487,34.221928,36.4031,37.855614,3.633686,121.30701,53.665295,11.989643,1.8226427,1.0749409,0.72624767,0.389677,0.8758807,1.5978539,1.2081769,16.481459,12.392335,8.748356,3.2526848,0.74709517,0.8875357,22.771582,0.6684456,10.581613,1.4276681,-8.6267805,-1.895696,-12.10935,-1.0195441,0.018731955,0.8535986,1.2467868,0.5935012,7.927433,0.35412124,5.61202,2.0377705,28.42441,0.4230128,760.99054,0.23441961,1315.0874,0.18214749,-66.10543,-1.2441763,1846.7379,0.14898491,1120.2749,0.247125,-71.3142,-1.0333904,2903.0676,0.09812704,1070.392,0.22036326,-76.831436,-0.9151742,-13.18064,-0.6412093,28.650442,0.33309057,0.06341644,0.31887013,-0.022542868,-0.61438966,0.9332419,0.7140501,28.322275,0.40094605,7.3110714,2.0269318,-9.75429,-1.6734376,-15.069498,-0.77093196,-8.829454,16.13463,0.05272743,-0.008210436,0.32992184,3.286385,3.3816426,0.20714284,0.1562703,0.08166667,0.050470013,-15.120662,9,4,103,SPEAKER_03,1900.9,1903.866667,1900.9,1903.3790937500005,2,2.141593750000993,disengaged
36.346664,0.09264724,34.511566,36.42055,38.205025,3.6934586,187.18546,256.38312,61.45642,95.84345,1.0357409,0.6439725,0.43873215,0.90966254,1.5831401,1.144408,14.36892,8.07129,11.041448,5.3616614,0.7625081,0.7772078,27.152775,0.6195248,11.864478,1.2161965,-6.289652,-2.3338811,-15.25668,-0.85231847,0.021462325,1.7585123,1.2176732,0.6817511,8.604479,0.42032364,6.5008965,1.6635643,31.299273,0.39350462,776.757,0.23922324,1332.0337,0.15888238,-57.73512,-1.3357452,1836.5791,0.14403367,1231.4167,0.28452146,-66.80584,-1.0077173,2932.0366,0.08837421,1049.5472,0.26710966,-73.51773,-0.8599176,-15.621485,-0.6825599,32.66094,0.3150317,0.05874487,0.33524117,-0.02163374,-0.7547261,0.85624695,0.6582089,31.214739,0.38325077,10.893663,1.3275077,-7.8637204,-1.7814637,-17.47444,-0.6636546,-9.697328,19.905085,0.051803738,-0.0023583155,0.40628296,3.7690458,2.903226,0.2586111,0.22874236,0.082499996,0.04656984,-13.746588,9,4,104,SPEAKER_03,1903.9,1920.666667,1903.9,1920.666667,8,12.480416999999989,engaged
36.600914,0.077411294,34.344063,37.076847,38.864845,4.5207825,136.7772,166.53885,39.324528,62.274395,1.1775082,0.6133467,0.54930246,1.0146215,1.8019958,1.2526933,17.323828,11.493822,11.337718,5.644681,0.8287111,0.7742615,29.241638,0.4353378,6.765181,2.145336,-8.788062,-1.4876081,-13.902338,-0.88446295,0.02064984,1.3798956,1.147401,0.7422795,8.884596,0.46471578,6.7012463,1.5730779,30.886599,0.33848754,800.77795,0.20769405,1316.9559,0.16280162,-52.52985,-1.4310521,1878.7605,0.12824503,1171.7206,0.2701199,-62.601128,-1.065558,2977.0588,0.08347604,1018.3295,0.26330328,-69.80936,-0.8985086,-15.290638,-0.6744559,32.067127,0.25889477,0.05764993,0.3154831,-0.022471292,-0.6790227,0.9365549,0.68515337,31.68495,0.25791723,5.7957644,2.5340958,-10.503611,-1.1948675,-15.983494,-0.72435135,-11.9052,24.151323,0.04473062,-0.0050477884,0.4361482,3.9641945,2.5740025,0.299,0.26869872,0.084375,0.055561762,-12.577172,9,4,105,SPEAKER_03,1920.7,1930.133333,1920.7,1930.133333,5,7.830208000000084,disengaged
36.906986,0.08777799,35.002254,36.742817,39.112843,4.110588,99.781395,102.95482,105.92079,327.50687,0.73953414,0.93274224,0.1664188,0.51611114,1.2531073,1.0866885,11.94971,7.7777143,9.139429,6.9731293,0.45512348,1.2551311,23.188673,0.6966804,9.384874,1.4804034,-6.452802,-2.0961487,-22.632614,-0.85409784,0.022688497,2.1907222,0.9751389,0.82747114,9.688919,0.4304417,7.1123533,1.5549204,31.88945,0.33955026,779.8949,0.2223528,1328.7175,0.1767678,-64.86337,-1.3295698,1863.3202,0.1364897,1134.9912,0.29881608,-74.08308,-1.0233824,2950.6162,0.07733006,959.186,0.32219258,-78.55337,-0.92848045,-17.175337,-0.5719879,31.163227,0.2837628,0.0646747,0.324657,-0.027118178,-0.6807197,0.5833224,1.0443952,29.33493,0.34887317,10.263006,1.3915657,-8.369172,-1.6940161,-26.68118,-0.73788834,-4.9623976,12.000322,0.043945543,0.0038527178,0.11809077,2.24595,1.6236163,0.43886364,0.29339868,0.17641026,0.20977996,-16.2728,9,4,106,SPEAKER_03,1930.166667,1984.0,1930.166667,1984.0,8,27.170832999997856,engaged
42.96578,0.11302414,38.522987,42.532597,48.070435,9.547447,54.026546,33.435795,78.37493,94.37875,1.0380794,0.51921964,0.6006327,1.0555146,1.4647115,0.8640788,8.652004,3.5442326,6.9385247,2.5698364,0.54869074,0.72894204,16.55617,0.43282565,-18.676682,-0.65091056,-27.08372,-0.4908669,-36.357803,-0.37067848,0.029267065,1.429136,0.8523062,0.6440987,8.828701,0.52982485,4.1796255,2.8412275,21.493963,0.42019814,837.2219,0.23033062,1324.8483,0.21270104,-46.922882,-1.9088215,1819.1653,0.11099609,1151.843,0.26760474,-51.4101,-1.5172873,2898.9575,0.06923669,800.3173,0.39620724,-56.223953,-1.3387343,-7.6465883,-1.103627,22.721478,0.2692918,0.07290075,0.29670754,-0.01739521,-0.9085414,0.62902695,0.61914057,15.706956,0.45006913,-20.421366,-0.56065094,-26.766668,-0.493187,-40.552242,-0.2518304,-3.0825105,24.445875,0.042971298,0.0034429447,0.28521416,3.0379748,1.1479592,0.66888887,0.376842,0.17999999,0.094633795,-19.289936,9,4,106,SPEAKER_02,1930.166667,1984.0,1954.52721875,1971.97596875,6,7.914374999999836,engaged
37.450554,0.09885597,34.888382,36.955215,39.489357,4.600975,245.80289,499.60178,75.33146,170.127,0.6353513,1.0334694,0.1049459,0.40180823,1.0846378,0.97969186,12.733774,8.754146,8.352485,7.166757,0.40323022,1.3406514,23.479002,0.714891,7.6231523,1.8037221,-10.284339,-1.5248423,-17.922272,-0.87461424,0.018870743,1.636915,1.1188613,0.7203843,9.120108,0.43518665,6.227001,1.8545201,31.833164,0.31938607,747.7555,0.24649374,1382.824,0.15181775,-76.89099,-1.1531727,1781.0967,0.14733705,1229.3442,0.28617358,-80.08508,-0.98774123,2908.8357,0.086651705,1031.0217,0.31415945,-87.29297,-0.84435433,-15.296863,-0.6195373,31.991344,0.27403507,0.059069887,0.3213608,-0.021794423,-0.709628,0.53588885,1.1061672,30.728638,0.30416903,6.3346786,2.2930784,-13.944125,-1.117194,-22.327145,-0.6415892,-5.400114,14.161158,0.039800894,0.007459711,0.121482745,2.4062936,2.273782,0.29163265,0.2893296,0.14833333,0.14698423,-16.666536,9,4,107,SPEAKER_03,1984.033333,2181.633333,1984.033333,2154.4959687500004,13,21.62513575000048,disengaged
19.925661,0.27486944,13.739567,21.40772,25.806538,12.066971,220.90215,148.77498,169.4456,125.56776,0.05754917,0.21119897,0.047721844,0.054211676,0.0679002,0.020178359,0.2905647,0.24150363,0.24522634,0.13295408,0.014692648,0.34085256,16.884634,0.44294918,33.415466,0.14804423,20.801065,0.4725662,13.190526,0.63170546,0.11990032,1.2504826,1.3088614,0.4721692,2.610468,1.0683353,56.69802,1.0285237,32.081257,0.27005982,958.3689,0.17504375,1332.5615,0.12689368,-43.416065,-0.88853025,2047.3959,0.08355502,1154.1951,0.23391517,-50.63225,-0.7210084,3038.2642,0.072647706,1008.51013,0.32288104,-48.56154,-0.77589387,-24.997454,-0.15903318,33.17384,0.17482631,-0.054065056,-0.20008983,0.010251834,0.5401514,0.014801723,0.33042103,17.11676,0.44336262,33.92648,0.14218634,21.4949,0.44955784,12.928913,0.6745655,-21.240532,31.5774,-0.043139808,0.0108992,0.016462717,4.4,2.8688524,0.31142855,0.52653664,0.03333333,0.0094280895,-49.62722,9,4,107,SPEAKER_00,1984.033333,2181.633333,2078.2040937500005,2090.23596875,3,2.5143749999997453,disengaged
39.099865,0.055191807,37.44735,38.794426,41.951008,4.5036583,11.458038,1.5300608,23.169987,11.980922,0.24830535,1.0228975,0.052927177,0.13709855,0.41252276,0.3595956,3.5564942,2.1174417,3.5462701,2.2875054,0.09724737,1.1911551,19.813484,0.58781976,4.7863092,3.010736,-0.39336598,-56.133812,-15.961661,-0.6820822,0.017220413,0.9840273,1.5088791,0.57809275,8.222795,0.34678116,8.040974,1.3515642,23.13594,0.5653607,781.4265,0.22556159,1359.5167,0.14791836,-64.876114,-1.2142302,1792.0054,0.12544006,1059.3053,0.23824297,-65.29541,-1.0688972,2881.9885,0.071935944,939.21246,0.3015868,-71.042496,-0.9198292,-9.515635,-1.2684145,25.868141,0.41642657,0.05592566,0.3210523,-0.0011767606,-12.733421,0.12402542,1.0024456,21.809038,0.5047084,1.646295,9.076799,-3.7706883,-6.411962,-19.258678,-0.56246513,-10.924532,19.441683,0.019428832,0.011994595,0.03149638,4.0,4.255319,0.17,0.16537836,0.044999998,0.021794494,-33.627296,9,4,107,SPEAKER_02,1984.033333,2181.633333,2127.1415937500005,2128.1540937500004,1,1.012499999999818,disengaged
38.619354,0.083614245,36.609177,38.90948,40.64703,4.0378532,73.693474,47.194695,401.97922,871.14355,0.5585654,0.70858353,0.156338,0.5480117,0.8472707,0.69093275,6.0406713,4.8788457,2.9783633,2.1435874,0.13825428,1.0793197,14.887536,0.9249177,8.6285095,1.3821107,-3.6439478,-4.0651727,-44.426857,-0.4904808,0.0096146455,1.8905554,0.65091944,1.1088091,12.11366,0.27209407,5.7635655,1.7981441,23.44724,0.5688723,784.0925,0.18676344,1290.7681,0.15684418,-54.405476,-1.5360101,1989.3486,0.1380713,950.3025,0.4866689,-63.57801,-1.1550022,2941.924,0.06734519,850.861,0.29477426,-61.89539,-1.1971078,-16.352194,-0.34686077,24.037226,0.33485246,0.06811454,0.25384822,-0.037989095,-0.37131625,0.16991778,0.88873595,20.428915,0.35939473,8.901124,1.3833122,-4.1457047,-3.7788231,-52.60328,-0.3098755,-1.7934633,7.8743014,0.045809295,-0.0017477808,0.037699737,1.9525802,1.5449438,0.4881818,0.44777873,0.16777778,0.12199981,-23.260242,9,4,108,SPEAKER_03,2181.666667,2197.133333,2183.52096875,2197.133333,3,7.182989250000446,engaged
31.931185,0.16175616,28.167784,30.070507,37.29766,9.129877,216.10153,189.79356,157.33017,229.62964,0.22969493,0.6281671,0.09339446,0.20253292,0.3613054,0.26791093,1.7825928,0.58072066,1.2099807,0.4080561,0.064051256,0.7282669,23.259264,0.39403394,1.0730649,10.277276,-0.71613747,-25.545235,-14.222658,-0.70453894,0.050651815,1.7777009,1.3828852,0.55417293,5.651631,0.43352523,1.572818,7.415972,20.734482,0.50836116,664.31415,0.35276315,1434.6624,0.17287388,-57.010372,-1.6477493,1758.3531,0.11385692,973.4917,0.26675767,-57.924747,-1.4575641,2770.1694,0.10608597,1114.8795,0.23752806,-60.605587,-1.364716,-13.238697,-0.41816375,21.22868,0.30201617,0.07464593,0.271623,-0.026236903,-0.4326913,0.07493134,0.5509666,26.40101,0.19032535,-0.881818,-12.084376,-0.86265236,-23.429615,-15.037801,-0.674122,-10.425929,16.369576,0.062165625,-0.004167577,0.036687873,2.6785715,1.8126888,0.39333332,0.39135092,0.117142856,0.061809447,-35.738804,9,4,108,SPEAKER_01,2181.666667,2197.133333,2186.6765937500004,2192.24534375,2,3.3749999999990905,engaged
39.913074,0.09662855,38.561707,40.603966,41.49499,2.9332848,58.246944,48.342014,61.85739,55.08429,0.41528165,0.78473556,0.07648756,0.36625695,0.69155043,0.6150629,5.209594,3.640662,2.5402908,1.3770982,0.10168179,1.1292673,11.841649,1.0981747,9.343513,1.2301272,-2.2966788,-4.070756,-38.63802,-0.5355752,0.015463003,2.0163016,0.7735281,0.9880195,11.355823,0.36616927,9.836108,1.166887,22.010103,0.51255167,770.2937,0.1968829,1245.4474,0.17539583,-81.790794,-1.1208549,2021.7852,0.12990831,876.86066,0.41884086,-86.107574,-0.92835134,2918.7383,0.05865311,832.5724,0.40525278,-82.98168,-0.98877996,-16.333694,-0.4018252,21.51542,0.39693496,0.056699824,0.31992614,-0.036880482,-0.3164544,0.14061092,0.85270715,16.763563,0.50355375,10.987252,1.1214881,-2.5070584,-3.7447941,-50.222866,-0.2900424,-3.757489,9.726368,0.040857375,-0.00033973623,0.028146064,1.7921147,2.0432694,0.31235293,0.19346772,0.17533332,0.12727223,-27.542576,9,4,110,SPEAKER_03,2199.466667,2214.4,2199.8222187500005,2213.76096875,7,8.386875000000146,engaged
42.816162,0.0983174,40.479107,42.500042,44.876312,4.3972054,48.642864,33.075954,81.72145,76.53068,0.39140752,0.7891131,0.100232154,0.3596697,0.5804453,0.48021314,4.984503,2.5352995,2.7048795,1.6855227,0.17442374,1.4757105,14.647277,1.2531545,5.866161,1.8726096,-11.099226,-1.3002254,-35.852825,-0.5770456,0.029627526,1.8772811,0.9707045,0.9661844,10.647264,0.38029847,12.138522,0.86964995,28.16237,0.4194071,780.88727,0.21249756,1280.7856,0.16481772,-80.3309,-1.1135873,1859.2085,0.1426262,1088.1414,0.36238965,-83.67317,-0.91533625,2943.2434,0.064697996,746.84393,0.32458037,-85.36149,-0.8767599,-15.491791,-0.51785666,27.619629,0.33832827,0.06357249,0.3732497,-0.026250608,-0.71788836,0.23713303,1.2158955,21.890146,0.46168503,4.4974976,2.612856,-14.848778,-0.9795072,-44.812046,-0.38188922,-0.9610839,7.8151503,0.048356608,0.0019655072,0.04390905,2.6506023,2.195122,0.3022222,0.12007199,0.118999995,0.121280655,-26.011238,9,4,111,SPEAKER_03,2214.433333,2318.1,2214.4697187500005,2317.1709687500006,5,4.168125000001055,disengaged
42.431046,0.09652877,39.517338,43.757862,45.773804,6.256466,127.27577,117.94249,80.295235,157.3421,0.37341544,0.7992211,0.09672419,0.2823268,0.66890323,0.572179,2.671259,1.458557,2.3228502,1.0663457,0.10623407,1.0541234,19.712973,0.769058,-3.4621267,-3.7189898,-17.10822,-1.1513611,-21.79388,-0.6579457,0.018522546,1.6699182,0.78190476,0.96264756,11.748661,0.3699568,10.430336,0.68948483,35.438194,0.24309653,713.0398,0.28217846,1400.7588,0.1609183,-91.32844,-1.0573435,1694.3893,0.13633567,1106.1641,0.2452453,-82.12564,-1.0483639,2877.499,0.0827611,937.1311,0.35852414,-92.400246,-0.8490397,-12.82892,-0.45125115,30.510674,0.27082974,0.059618868,0.29893458,-0.011229523,-1.3685867,0.13869241,0.7998758,26.283148,0.26780117,-7.507644,-1.7252802,-25.848877,-0.66743773,-25.721464,-0.47235408,-6.5060735,14.53276,0.03357508,-0.0049287276,0.05179234,2.2624435,2.2796352,0.27066666,0.19968197,0.16923076,0.11802617,-28.05175,9,4,111,SPEAKER_02,2214.433333,2318.1,2234.2303437500004,2248.9959687500004,7,6.648750000000291,disengaged
32.430267,0.13821559,28.148762,31.520683,36.69342,8.544659,47.1075,49.84879,105.914085,30.640574,0.15456857,0.9614538,0.025595363,0.09343989,0.2904585,0.26486313,3.6252344,1.9743198,2.637754,1.4980221,0.055971775,1.1130419,20.607424,0.7805658,10.754622,0.9739076,-1.311371,-11.221811,-11.668695,-1.1560875,0.015425639,0.7331627,1.6077775,0.7488865,6.4437,0.44378123,2.9366674,2.8764205,36.51517,0.2439742,712.53705,0.28948408,1496.4982,0.12702934,-120.924965,-0.77503115,1752.0603,0.15859772,1260.6301,0.20208961,-123.704895,-0.691362,2879.3442,0.11298416,1184.676,0.32424846,-127.5728,-0.63405895,-16.92305,-0.52829176,30.541151,0.32523665,0.06271437,0.33772737,-0.019114325,-0.8797944,0.09923311,0.58412147,31.48166,0.37466818,8.720894,1.3564725,-8.569755,-1.6552653,-18.910816,-0.6282965,-11.468671,20.138407,0.029419791,0.0054250704,0.026769329,4.1262136,3.2178218,0.12076923,0.05030087,0.15714285,0.13971545,-37.097294,9,4,111,SPEAKER_01,2214.433333,2318.1,2245.8740937500006,2286.0534687500003,9,4.134374999999636,disengaged
37.222202,0.117716365,35.9209,36.88623,39.865715,3.9448166,81.23994,54.77459,59.045147,79.13203,0.51884717,1.007566,0.062102474,0.37854242,0.8515693,0.7894668,7.1754823,7.327675,3.7438812,4.6814895,0.13333209,1.6747456,12.268762,1.2353976,9.981272,1.2402364,2.9122841,4.2074294,-38.964943,-0.58290315,0.015477323,2.9238706,0.63804793,1.1249938,11.01809,0.3712909,7.847213,1.5390922,23.574797,0.51712775,747.4073,0.23128217,1301.3956,0.18521866,-91.2427,-1.0627388,1965.3551,0.16022477,921.1107,0.5099358,-95.525024,-0.90576947,2896.1184,0.074059196,840.874,0.41342804,-93.405525,-0.9433809,-16.618687,-0.39186496,22.044245,0.3858825,0.079627275,0.2450167,-0.03803491,-0.3593172,0.19649793,1.3206114,19.657612,0.46473524,11.836631,1.1241337,4.2549934,3.1248362,-53.013405,-0.2828174,-3.2365358,8.84812,0.04103753,0.0014558604,0.043604422,1.1098355,1.4576142,0.39236844,0.28335798,0.2726316,0.25882006,-22.17672,9,4,112,SPEAKER_03,2318.133333,2348.566667,2319.78659375,2348.566667,3,26.14757324999937,engaged
40.12641,0.10164052,38.17907,40.305244,42.426666,4.2475967,733.7077,1256.6414,97.65625,134.14813,0.7208142,0.7828089,0.23757632,0.59445983,1.1139605,0.8763842,7.146403,6.687559,4.4872136,3.6741488,0.20816915,1.3438903,17.65431,0.8485433,7.3595886,1.8704062,-7.5758615,-2.0455604,-42.053802,-0.5467564,0.011360985,1.9354731,0.6391186,1.100445,12.1359215,0.335407,7.0204,1.4164557,24.957506,0.5624162,807.3987,0.2061951,1266.762,0.18561709,-52.32493,-1.5402269,1948.3369,0.1511633,1046.2803,0.4118031,-61.590164,-1.1269017,2952.3738,0.07152351,862.04333,0.42689797,-61.746872,-1.1153744,-14.018581,-0.56834865,24.207848,0.42255875,0.058720063,0.30918038,-0.03001754,-0.52140635,0.24212013,1.233752,20.960295,0.55229956,6.7433443,2.074495,-9.1697645,-1.7866257,-48.93102,-0.38338688,-4.9386773,12.268956,0.0406255,-0.0019891784,0.07912262,1.8168864,1.5,0.5190476,0.49902666,0.13894737,0.13086331,-20.656586,9,4,113,SPEAKER_03,2348.6,2390.366667,2348.6,2388.06284375,17,28.089093750001666,disengaged
38.169353,0.13080338,34.41246,38.38089,43.17577,8.7633095,147.7249,175.69109,863.3982,1177.4188,0.6781976,0.7893837,0.30060005,0.5108063,0.8987311,0.59813106,15.301266,5.3981977,6.871215,4.586611,0.4244877,1.1703826,25.490906,0.33878332,3.267237,3.303908,-9.808993,-1.8800447,-30.86635,-0.59413534,0.037809428,2.2232075,1.0564913,1.0211204,8.577057,0.6101017,8.34366,1.1980441,24.393646,0.50047654,772.01715,0.22569627,1308.493,0.18100333,-71.55222,-1.2377278,1861.6569,0.15729627,1002.6828,0.38800406,-74.307945,-1.0303869,2959.397,0.070939906,859.73346,0.47981945,-77.20965,-0.9695872,-13.848466,-0.5186723,25.88076,0.34647626,0.063404836,0.2961731,-0.02457106,-0.51325524,0.40745366,1.2564114,24.269325,0.3734643,4.195478,2.4603572,-6.915501,-2.7376928,-36.623287,-0.45631397,-11.732695,29.469301,0.058450155,-0.013302536,0.33697435,3.3333333,4.166667,0.15833333,0.14473155,0.072,0.069108605,-19.498873,9,4,114,SPEAKER_03,2390.4,2394.3,2391.6403437500003,2394.3,2,1.5121562499998618,engaged
37.63541,0.1876996,34.52207,34.941013,39.80813,5.2860565,2098.7852,1941.442,16.420227,14.557652,0.8768417,0.77223665,0.3421511,0.6139024,1.4748778,1.1327267,10.647684,5.9920483,7.0758805,2.5088737,0.49656203,1.0070406,16.248808,1.5195017,14.487096,0.89676946,-4.944653,-3.122715,-6.231395,-1.8327352,0.031384025,2.2856503,1.2678504,0.816405,7.823546,0.74096656,6.412445,1.6013032,27.484915,0.5623372,784.5298,0.26214683,1280.4017,0.22578779,-73.15751,-1.1546345,1788.0575,0.12710145,1197.4171,0.20482315,-78.818695,-0.9487388,2873.5635,0.0843462,1011.51135,0.19382787,-83.59184,-0.85041237,-12.377629,-1.1179122,28.593481,0.56484586,0.048353817,0.47758052,-0.012536085,-1.3553109,0.6832883,0.7632326,22.765274,0.940442,13.13711,1.1593189,-8.204814,-1.7174658,-10.495556,-0.9088908,-10.310832,19.067127,0.024246786,-0.0028469798,0.12753762,2.95858,4.2944784,0.15285714,0.09617162,0.08399999,0.045869377,-13.781408,9,4,115,SPEAKER_03,2394.333333,2396.033333,2394.333333,2396.033333,1,1.699999999999818,disengaged
34.57338,0.1319645,33.977356,35.894337,37.57119,3.593834,152.47913,172.23062,77.062996,93.49388,0.83669853,0.77443874,0.29537868,0.66714674,1.2724912,0.97711253,14.580155,10.58985,8.072626,4.972723,0.49982214,1.2284268,23.287794,0.72930574,12.109137,1.2555118,-5.7026396,-2.8880022,-20.488672,-1.063321,0.026905185,2.3017137,0.93861336,0.8150784,8.994185,0.4453113,4.311092,2.852467,30.080011,0.4342812,744.13055,0.22613172,1398.9495,0.16168275,-61.25814,-1.4007746,1812.542,0.1414369,1232.7635,0.22935511,-71.59343,-1.0613973,2911.3323,0.07752094,976.8973,0.32650322,-76.167076,-0.9562165,-16.005083,-0.6517989,30.450935,0.28016993,0.070726246,0.2684198,-0.025737653,-0.7028413,0.623686,1.0668852,29.645123,0.34082818,11.598012,1.3594774,-7.6953073,-2.2025883,-25.597841,-0.77156836,-6.214998,13.850127,0.0479504,0.00065435027,0.17887476,2.178218,2.191235,0.3231818,0.28528115,0.112272725,0.09110093,-17.162046,9,4,116,SPEAKER_03,2396.066667,2409.533333,2396.56784375,2409.533333,4,10.1136142499995,engaged
36.035854,0.043169077,35.99956,36.166023,36.47315,0.47358704,197.9557,194.90535,159.66081,113.6455,0.1765774,0.6033383,0.049549434,0.21668276,0.2724157,0.22286627,1.1535609,0.68975645,0.6768534,0.2169723,0.026872195,0.93615276,23.562712,0.55191606,14.881967,0.61253524,4.388976,1.4502224,-34.400803,-0.44342655,0.010080332,0.9639045,0.49878448,0.49281463,11.414515,0.2062513,10.117928,0.94016564,30.714928,0.21481965,639.72546,0.2441339,1461.4067,0.09442028,-75.8649,-1.165434,1738.1986,0.19171028,1312.6781,0.21663247,-77.78189,-0.9803341,2777.4087,0.052518718,632.199,0.27822736,-77.431465,-0.9809967,-21.932524,-0.2080062,28.457352,0.17844558,0.072953716,0.17975783,-0.028518906,-0.20895745,0.03691514,0.68782496,31.588642,0.08478856,16.954536,0.51085347,4.574322,1.3405087,-42.97366,-0.16028365,-7.572203,14.433904,0.039567888,0.011530861,0.0066178483,1.5625,1.6260163,0.42999998,0.03,0.16499999,0.114999995,-38.373287,9,4,117,SPEAKER_03,2409.566667,2411.433333,2409.566667,2411.14784375,2,1.2943017500001588,disengaged
37.018326,0.12418603,34.458755,37.389725,39.539665,5.0809097,216.90237,467.46933,140.33597,375.0776,0.5132701,0.84147865,0.14295587,0.41268855,0.8339163,0.6909604,8.265238,6.1566625,5.8495235,5.027936,0.21029021,1.3390914,20.538202,0.7674748,13.051189,0.96827924,-3.514131,-4.2080655,-27.856043,-0.75645566,0.02135797,2.1176422,1.0032063,0.9766769,9.892152,0.42424425,7.1088486,1.5326954,31.191671,0.3473396,739.648,0.23107404,1355.7163,0.17053135,-69.32418,-1.2661349,1864.3423,0.14124629,1094.3676,0.3283983,-77.676414,-0.98416835,2916.9275,0.07572374,936.15283,0.374963,-79.99173,-0.9353269,-18.82533,-0.43941048,28.561111,0.3443258,0.06453184,0.34514517,-0.033922214,-0.48689008,0.26834753,1.1370697,26.161884,0.3990126,12.8981285,1.0553811,-4.223516,-3.776443,-34.235897,-0.58027583,-7.561772,14.386456,0.036924385,-0.004463717,0.07180824,2.4649785,2.2509773,0.3042515,0.30425203,0.13152318,0.14587834,-22.06319,9,4,118,SPEAKER_03,2411.466667,2521.333333,2411.51909375,2521.333333,43,74.25861425000039,engaged
35.470543,0.08317148,34.39056,36.059788,37.35404,2.963478,543.4406,678.307,29.803566,24.027214,0.74606603,0.5368899,0.3379515,0.77827954,1.0557077,0.71775615,8.497217,4.1875415,9.127698,3.38632,0.51025033,0.7412614,30.416676,0.42695123,18.92308,0.74203676,3.2786257,4.3601203,-11.374797,-1.4256454,0.028780688,1.9190083,1.3354596,0.73391443,10.012208,0.3352946,12.417132,0.5758177,36.63981,0.26023668,701.8369,0.27067873,1481.031,0.12760977,-59.536694,-1.2665088,1792.3704,0.1529489,1257.651,0.18972827,-70.97222,-0.9252026,2870.378,0.08275847,1144.5515,0.42966807,-75.68299,-0.82816803,-23.987118,-0.4184095,35.78214,0.2575276,0.061811805,0.3083112,-0.025972022,-0.569011,0.593432,0.61594194,33.495354,0.26687437,19.15937,0.7137811,4.3312073,3.253792,-15.689744,-0.87134933,-15.314508,26.462107,0.03005608,-0.0031429196,0.2597554,4.2857146,2.9411764,0.255,0.093941465,0.0975,0.054025456,-16.38131,9,4,119,SPEAKER_03,2521.366667,2525.133333,2521.366667,2525.133333,2,2.112916000000041,disengaged
36.411644,0.080946594,34.729454,36.808655,38.262108,3.5326538,124.806206,136.40512,65.87878,129.41374,0.83529216,0.8156497,0.21554165,0.67897636,1.4162556,1.200714,14.525989,8.865865,9.762949,5.9712243,0.5783174,1.0001855,26.691294,0.55634373,11.54493,1.2150191,-3.5468185,-4.05989,-14.629289,-0.96667904,0.020393405,1.1346579,1.2476078,0.78381807,9.013803,0.41109306,5.164133,2.1183176,31.39349,0.34538028,770.61725,0.24360842,1359.1001,0.16487268,-65.44427,-1.2204394,1848.2346,0.1375583,1163.1594,0.22788744,-73.30107,-0.96223444,2935.9492,0.08647333,1061.4072,0.3107303,-78.96161,-0.84793794,-18.966398,-0.47903296,33.25158,0.28536925,0.055326607,0.41712186,-0.025197756,-0.56283796,0.7145264,0.82311225,31.772963,0.31256676,11.430648,1.2559096,-4.7047577,-2.9920466,-17.073181,-0.7371326,-9.825598,18.638018,0.03266163,0.0001610772,0.1681273,3.492746,2.4797845,0.29217392,0.26223052,0.10375,0.10051586,-15.008274,9,4,120,SPEAKER_03,2525.166667,2551.233333,2525.166667,2551.233333,12,18.62479100000155,engaged
37.05629,0.073350914,34.99221,37.027924,39.149544,4.1573334,130.79108,130.94518,26.375809,28.066708,0.939042,0.68941015,0.33177567,0.8486313,1.4908056,1.15903,16.450117,8.575502,10.887306,5.837496,0.651017,0.8709896,25.198183,0.5611382,11.096107,1.196145,-3.0912106,-4.5632486,-13.518295,-0.9960279,0.02295949,1.48974,1.2828975,0.7802662,9.201674,0.4027887,12.215394,0.8350184,33.080196,0.2876578,767.7703,0.23677857,1393.7517,0.15598853,-61.47467,-1.2493048,1831.8873,0.12828396,1163.3351,0.24104165,-69.10945,-0.971605,2927.1604,0.084084615,1033.058,0.2499643,-74.57289,-0.85789883,-17.844927,-0.5261436,30.98502,0.31957912,0.05914687,0.3560427,-0.023272322,-0.6552417,0.7763945,0.7355466,28.050255,0.4076968,11.177613,1.2638861,-4.48068,-3.2657692,-15.502784,-0.8802915,-10.16655,19.119534,0.04233138,-0.007448896,0.2449381,4.374241,2.9339855,0.25291666,0.2122985,0.07619047,0.08403378,-15.023972,9,4,121,SPEAKER_03,2551.266667,2563.033333,2551.266667,2560.00221875,2,8.246176750000814,disengaged
37.262634,0.083040394,35.278915,37.628517,39.789642,4.510727,145.84096,158.23625,53.01466,97.85213,1.1760617,0.67304224,0.48625827,1.0317256,1.8614872,1.3752289,17.317007,8.462069,10.925852,4.286428,0.88492477,0.78538895,26.91873,0.5919273,7.7572966,2.0599575,-8.908994,-1.6705757,-12.960268,-0.9309199,0.023890506,1.5228239,1.1396121,0.6940341,9.421898,0.397623,5.0101237,2.2392013,29.680147,0.4837081,807.031,0.2287928,1298.7948,0.17163718,-58.27037,-1.3702103,1864.6051,0.13464649,1211.9243,0.24311975,-67.988,-1.0343624,2951.0146,0.078335166,1020.20233,0.2723209,-75.03091,-0.8839019,-14.929585,-0.82510436,33.58478,0.26250166,0.05628903,0.34979394,-0.020184537,-0.8170929,1.0539751,0.6503532,30.634478,0.37258083,7.2432775,2.2294238,-9.994583,-1.379467,-15.956768,-0.67788655,-7.9736223,20.703423,0.04042547,0.0012935554,0.3556338,3.7339559,2.347418,0.317,0.24294236,0.0885,0.060520656,-12.1078615,9,4,122,SPEAKER_03,2563.066667,2576.1,2565.7734687500006,2575.8984687500006,4,8.589375000000473,engaged
38.524223,0.11297178,35.58465,37.83294,42.042652,6.458004,57.2543,43.420624,97.79072,126.22373,0.5117846,1.0222683,0.11443635,0.34086785,0.7908857,0.67644936,9.045527,7.8232203,6.091493,4.7783527,0.3229852,1.4042137,21.981487,0.6837866,12.027701,1.2200365,-4.7673492,-2.9959192,-21.750132,-0.67885786,0.024863593,1.6800866,1.1696863,0.8590449,9.542527,0.4241399,8.069176,1.3101724,31.959953,0.30334747,781.77716,0.21333219,1333.2223,0.15852952,-77.48767,-1.085229,1896.2612,0.13635057,1122.2688,0.2959369,-84.622765,-0.8885477,2955.6045,0.07637116,1045.2424,0.3038217,-88.85633,-0.81151557,-18.976341,-0.4867205,31.434572,0.27967995,0.06442333,0.34157494,-0.025416853,-0.6236316,0.42350003,1.1711109,27.26663,0.37560496,12.10389,1.197605,-6.7377157,-2.1474302,-26.007694,-0.52103156,-8.711842,17.91408,0.041711327,-0.0007409859,0.11275021,2.864364,2.7072759,0.24312499,0.18979326,0.105624996,0.090101935,-19.117556,9,4,123,SPEAKER_03,2576.133333,2596.933333,2576.45534375,2596.933333,10,11.8886142500005,disengaged
37.158714,0.15809664,32.78453,34.777534,41.470222,8.685692,75.67588,85.85866,63.750145,68.07377,0.24450573,0.97121704,0.06584953,0.17323238,0.38042265,0.3145731,3.2996078,2.2260547,2.5082781,1.4255913,0.09035355,1.5002235,19.659246,0.7891969,11.450774,1.1887596,-1.9864078,-8.071767,-19.890062,-0.806349,0.023417167,1.3150975,1.1090323,0.7329408,8.783161,0.37034005,7.4927897,1.1364971,29.979425,0.38950288,751.81854,0.23846684,1367.5421,0.16652097,-89.732445,-0.9946223,1845.5762,0.13592379,1152.9056,0.34327817,-93.06009,-0.8660451,2895.77,0.08941968,978.8905,0.35534167,-96.27185,-0.80681646,-18.151094,-0.48492143,29.721252,0.2933636,0.050657805,0.45925206,-0.021615723,-0.81244296,0.12798208,1.2420982,26.95809,0.33598575,10.969822,1.4128071,-3.4324734,-5.00977,-24.58991,-0.6682617,-5.912939,13.070044,0.034714583,0.0015646806,0.030445645,3.2094593,2.910959,0.20294116,0.11695975,0.11941176,0.07157641,-32.051,9,4,124,SPEAKER_03,2596.966667,2617.6,2596.966667,2617.57971875,6,5.931801749998613,engaged
44.219055,0.10550493,41.649273,44.44162,46.81453,5.1652565,82.513504,75.22227,255.54454,189.93764,1.1843898,0.8060816,0.22442913,0.9753081,2.4014137,2.1769845,8.78617,5.702724,10.387614,3.1445146,0.55022913,1.0640402,13.920049,0.97906804,-16.392153,-0.908918,-18.366356,-0.79074943,-20.486778,-0.6667542,0.02763733,1.7382774,0.92051685,1.1627702,10.959852,0.4184952,12.326629,0.64626795,26.285372,0.38227755,858.9294,0.320452,1313.5688,0.18248104,-72.07871,-1.3156779,1782.0089,0.12409402,1220.1737,0.39180365,-61.321438,-1.3931731,2875.2292,0.079089135,961.55286,0.3495325,-69.07897,-1.1700488,-10.214871,-0.5467824,22.4601,0.3690215,0.06105715,0.3836338,-0.01572124,-1.0802971,0.7316182,0.8105869,17.080833,0.51383525,-21.130085,-0.6712666,-25.424377,-0.37876144,-25.975904,-0.43607923,-2.998559,10.500813,0.05164212,-0.009588649,0.1413694,2.3696682,1.9417477,0.3575,0.23972641,0.13499999,0.13865423,-14.870247,9,4,124,SPEAKER_02,2596.966667,2617.6,2602.51034375,2606.49284375,2,2.1262499999998,engaged
31.99708,0.10462552,32.32576,32.869892,33.30185,0.9760895,10.723869,6.654795,-73.87651,68.60717,0.12428602,0.5861615,0.061919656,0.106515124,0.17887881,0.116959155,1.0788624,0.54182833,1.1545153,0.55446815,0.030774623,0.7448017,20.071316,1.0521605,18.731335,0.5648406,2.6316297,3.8760836,-17.423037,-0.4596194,0.017205535,0.77067405,1.3555412,0.761228,7.348924,0.28667217,3.7581556,2.072726,39.61216,0.14452316,685.0985,0.27787626,1445.2871,0.121541925,-88.453316,-1.0368646,1822.4299,0.16568519,1182.8934,0.1847698,-96.943275,-0.8423123,2892.6528,0.0834497,1157.7887,0.40102556,-101.4076,-0.76717263,-21.539997,-0.34845707,34.22989,0.2208077,0.056491174,0.27710998,-0.026026972,-0.4968986,0.04501621,0.4339704,33.251034,0.27011657,18.558987,0.46913785,0.28993824,39.7779,-20.134607,-0.3566512,-2.2441278,7.9276924,0.023136577,0.0061338013,0.011402472,4.0983605,2.5641026,0.22333333,0.19293062,0.107499994,0.08196798,-41.85528,9,4,124,SPEAKER_01,2596.966667,2617.6,2611.35284375,2612.5847187500003,1,1.2318750000004002,engaged
38.22811,0.11177253,33.16971,40.001865,42.37472,9.205013,25.80656,9.175175,9.487266,8.224918,0.21724069,0.8721074,0.059476532,0.15562153,0.34835196,0.28887543,2.9276633,1.5427617,3.4761112,3.2411926,0.074442774,1.0826797,24.30404,0.6045803,13.688371,0.9576037,-0.72288626,-14.250974,-23.643175,-0.7850007,0.013319269,0.8855532,0.9550706,0.87999386,10.754255,0.21692269,12.289112,0.41299126,36.42334,0.33325368,756.7127,0.22457911,1374.457,0.16157047,-64.019295,-1.2300339,1898.6844,0.14246905,1137.3778,0.36574954,-73.9864,-0.89637834,2918.0686,0.08753595,1076.1826,0.30210435,-76.10168,-0.856606,-21.917757,-0.41287744,33.42442,0.3887891,0.042605296,0.42101184,-0.025245441,-0.6024166,0.09099351,0.89575404,29.315521,0.38720557,14.015736,1.0154974,-1.6683164,-6.5596333,-28.162455,-0.6731613,-10.791067,19.4261,0.027819758,0.002441503,0.03047688,3.8251367,3.3707867,0.21499999,0.08558621,0.05142857,0.022315,-33.12211,9,4,125,SPEAKER_03,2617.633333,2621.3,2618.4909687500003,2621.3,3,1.8471562499989886,disengaged
36.26805,0.102373935,33.300304,36.281418,38.98839,5.6880875,169.63509,191.8209,58.946087,73.64895,0.55630034,1.0866655,0.11918704,0.31515667,0.9503014,0.83111435,13.918104,11.944088,7.4882827,5.645743,0.35571563,1.5584108,25.253649,0.59337217,7.2846246,2.0247426,-7.5886765,-2.0020964,-14.163098,-0.9066488,0.022378659,1.8805696,1.2133654,0.7483792,8.365866,0.4470497,6.6358733,1.645052,31.69236,0.340942,753.0988,0.2370578,1366.1006,0.15579845,-63.562435,-1.3025228,1815.0281,0.13997576,1163.4716,0.29633278,-70.05035,-1.0559945,2900.8232,0.083996445,1024.0548,0.26382145,-76.64761,-0.911639,-16.281826,-0.6039186,30.757492,0.29607695,0.056530528,0.35626432,-0.020046525,-0.86027825,0.42496946,1.3944656,30.429169,0.31478542,6.90162,2.1973042,-8.581504,-1.7709597,-16.540434,-0.72511977,-7.0225606,16.859684,0.03902343,0.0033698925,0.16398208,1.8691589,2.646086,0.269375,0.21214584,0.10146341,0.084811434,-17.549152,9,4,127,SPEAKER_03,2623.5,2656.566667,2624.02596875,2654.1309687500006,12,18.20812500000011,disengaged
