Accuracy,Precision,Recall,F1 Score
0.7333333333333333,0.7333333333333333,1.0,0.8461538461538461
