Actual,Prediction,Probability
1,1,0.75185466
0,1,0.57172954
0,1,0.56598085
1,1,0.6384958
1,1,0.6564326
1,1,0.6749935
1,1,0.6156841
1,1,0.8019831
1,1,0.7170048
1,1,0.7078626
1,1,0.69081646
1,1,0.7713254
0,1,0.6074111
1,1,0.96024585
0,1,0.70396143
