train_loss,val_loss
0.6831784496704737,0.6765872240066528
0.6635680918892225,0.6712984442710876
0.6449650079011917,0.6734284162521362
0.6344918012619019,0.6785457730293274
0.6186373320718607,0.6777010957400004
0.6057644461592039,0.6803921858469645
0.6197800040245056,0.683082381884257
0.6067596649130186,0.6807196537653605
0.6151452921330929,0.6790851553281149
0.5969472825527191,0.6875953276952108
0.5920660446087519,0.6942102313041687
0.5708915702998638,0.6905445059140524
