Accuracy,Precision,Recall,F1 Score
0.6021505376344086,0.65,0.5306122448979592,0.5842696629213483
