Accuracy,Precision,Recall,F1 Score
0.5333333333333333,0.5,0.5714285714285714,0.5333333333333333
