,precision,recall,f1-score,support
disengaged,0.5,0.2,0.2857142857142857,5.0
engaged,0.7777777777777778,0.9333333333333333,0.8484848484848485,15.0
accuracy,0.75,0.75,0.75,0.75
macro avg,0.6388888888888888,0.5666666666666667,0.5670995670995671,20.0
weighted avg,0.7083333333333333,0.75,0.7077922077922079,20.0
