,precision,recall,f1-score,support
disengaged,0.0,0.0,0.0,5.0
engaged,0.75,1.0,0.8571428571428571,15.0
accuracy,0.75,0.75,0.75,0.75
macro avg,0.375,0.5,0.42857142857142855,20.0
weighted avg,0.5625,0.75,0.6428571428571428,20.0
