Accuracy,Precision,Recall,F1 Score
0.6976744186046512,0.7435897435897436,0.90625,0.8169014084507042
