Accuracy,Precision,Recall,F1 Score
0.75,0.7777777777777778,0.9333333333333333,0.8484848484848485
