Actual,Prediction,Probability
1,1,0.9004763
1,1,0.9869092
1,1,0.9842817
0,1,0.56374335
0,1,0.82286143
1,1,0.5787673
1,1,0.8363152
1,1,0.84328604
1,1,0.9394528
1,0,0.3526849
1,1,0.89604783
1,1,0.986089
1,1,0.94746494
0,0,0.42001835
0,1,0.6397343
1,1,0.7379747
0,1,0.6353356
1,1,0.8128493
1,1,0.89388305
1,1,0.5647759
