Actual,Prediction,Probability
1,1,0.85518867
1,1,0.95838165
1,1,0.9796061
0,1,0.5854758
0,1,0.7403143
1,1,0.55234975
1,1,0.80161
1,1,0.7836672
1,1,0.9185605
1,1,0.65555507
1,1,0.82244545
1,1,0.98659724
1,1,0.84675986
0,1,0.56224245
0,1,0.7138553
1,1,0.8030815
0,1,0.6336694
1,1,0.7889897
1,1,0.88881713
1,1,0.5850325
