F0semitoneFrom27.5Hz_sma3nz_amean,F0semitoneFrom27.5Hz_sma3nz_stddevNorm,F0semitoneFrom27.5Hz_sma3nz_percentile20.0,F0semitoneFrom27.5Hz_sma3nz_percentile50.0,F0semitoneFrom27.5Hz_sma3nz_percentile80.0,F0semitoneFrom27.5Hz_sma3nz_pctlrange0-2,F0semitoneFrom27.5Hz_sma3nz_meanRisingSlope,F0semitoneFrom27.5Hz_sma3nz_stddevRisingSlope,F0semitoneFrom27.5Hz_sma3nz_meanFallingSlope,F0semitoneFrom27.5Hz_sma3nz_stddevFallingSlope,loudness_sma3_amean,loudness_sma3_stddevNorm,loudness_sma3_percentile20.0,loudness_sma3_percentile50.0,loudness_sma3_percentile80.0,loudness_sma3_pctlrange0-2,loudness_sma3_meanRisingSlope,loudness_sma3_stddevRisingSlope,loudness_sma3_meanFallingSlope,loudness_sma3_stddevFallingSlope,spectralFlux_sma3_amean,spectralFlux_sma3_stddevNorm,mfcc1_sma3_amean,mfcc1_sma3_stddevNorm,mfcc2_sma3_amean,mfcc2_sma3_stddevNorm,mfcc3_sma3_amean,mfcc3_sma3_stddevNorm,mfcc4_sma3_amean,mfcc4_sma3_stddevNorm,jitterLocal_sma3nz_amean,jitterLocal_sma3nz_stddevNorm,shimmerLocaldB_sma3nz_amean,shimmerLocaldB_sma3nz_stddevNorm,HNRdBACF_sma3nz_amean,HNRdBACF_sma3nz_stddevNorm,logRelF0-H1-H2_sma3nz_amean,logRelF0-H1-H2_sma3nz_stddevNorm,logRelF0-H1-A3_sma3nz_amean,logRelF0-H1-A3_sma3nz_stddevNorm,F1frequency_sma3nz_amean,F1frequency_sma3nz_stddevNorm,F1bandwidth_sma3nz_amean,F1bandwidth_sma3nz_stddevNorm,F1amplitudeLogRelF0_sma3nz_amean,F1amplitudeLogRelF0_sma3nz_stddevNorm,F2frequency_sma3nz_amean,F2frequency_sma3nz_stddevNorm,F2bandwidth_sma3nz_amean,F2bandwidth_sma3nz_stddevNorm,F2amplitudeLogRelF0_sma3nz_amean,F2amplitudeLogRelF0_sma3nz_stddevNorm,F3frequency_sma3nz_amean,F3frequency_sma3nz_stddevNorm,F3bandwidth_sma3nz_amean,F3bandwidth_sma3nz_stddevNorm,F3amplitudeLogRelF0_sma3nz_amean,F3amplitudeLogRelF0_sma3nz_stddevNorm,alphaRatioV_sma3nz_amean,alphaRatioV_sma3nz_stddevNorm,hammarbergIndexV_sma3nz_amean,hammarbergIndexV_sma3nz_stddevNorm,slopeV0-500_sma3nz_amean,slopeV0-500_sma3nz_stddevNorm,slopeV500-1500_sma3nz_amean,slopeV500-1500_sma3nz_stddevNorm,spectralFluxV_sma3nz_amean,spectralFluxV_sma3nz_stddevNorm,mfcc1V_sma3nz_amean,mfcc1V_sma3nz_stddevNorm,mfcc2V_sma3nz_amean,mfcc2V_sma3nz_stddevNorm,mfcc3V_sma3nz_amean,mfcc3V_sma3nz_stddevNorm,mfcc4V_sma3nz_amean,mfcc4V_sma3nz_stddevNorm,alphaRatioUV_sma3nz_amean,hammarbergIndexUV_sma3nz_amean,slopeUV0-500_sma3nz_amean,slopeUV500-1500_sma3nz_amean,spectralFluxUV_sma3nz_amean,loudnessPeaksPerSec,VoicedSegmentsPerSec,MeanVoicedSegmentLengthSec,StddevVoicedSegmentLengthSec,MeanUnvoicedSegmentLength,StddevUnvoicedSegmentLength,equivalentSoundLevel_dBp,participant,session,engagement_id,speaker,engagement_start_time,engagement_end_time,speaker_start_time,speaker_end_time,num_segments,speech_duration,merged_duration,label
36.00849,0.07445035,34.410942,36.39005,37.909576,3.4986343,88.48813,89.33074,54.642803,110.53391,0.28938872,0.7664091,0.06925945,0.264966,0.48353916,0.4142797,5.668506,3.1319456,3.2538846,1.9492502,0.13088618,1.0217621,25.577011,0.6314269,12.139529,0.9511725,-4.415526,-3.0847456,-11.683481,-1.3313082,0.020487908,1.3867614,1.183426,0.9113226,9.027106,0.36876714,10.660817,1.0702327,37.23565,0.25379598,750.22876,0.22047572,1343.1792,0.14834592,-91.75519,-0.99428314,1857.3264,0.118143834,1141.4353,0.25483364,-100.38191,-0.7886181,2975.8684,0.08241927,1045.8154,0.27532226,-104.098854,-0.73021823,-19.763603,-0.4365716,32.715805,0.31074256,0.07474324,0.2788186,-0.024293847,-0.6552439,0.18683581,0.7478664,33.531837,0.30326438,10.806535,1.0415442,-5.9342704,-2.474744,-18.339376,-0.7425988,-11.996019,21.368916,0.051974334,0.002280747,0.051370483,3.1390135,3.0120482,0.187,0.16911829,0.13777778,0.10601653,-29.323269,11,2,0,SPEAKER_01,0.0,10.6,0.85784375,10.6,4,6.7046562499999975,6.7046875,disengaged
42.07573,0.15624405,38.561554,38.858955,41.080647,2.5190926,21.004957,0.0,74.591095,51.158466,0.09243891,1.4835373,0.0058168555,0.016869154,0.19201505,0.18619819,1.8145715,1.5255462,1.749161,0.08560848,0.0314072,1.5561664,7.1238513,2.6939468,8.381029,1.1167445,-4.838507,-1.7718154,-8.351591,-2.3430805,0.017191406,1.0270855,1.2347995,0.94656765,9.877986,0.4299917,10.253602,0.7223918,37.166332,0.29239926,796.537,0.18693161,1326.646,0.10369224,-143.52356,-0.59055305,1865.6207,0.12768102,1343.8428,0.19057998,-141.77353,-0.5364853,2900.3286,0.092638865,1005.20135,0.22290576,-143.01715,-0.52002877,-19.631227,-0.66066223,32.498955,0.40575457,0.07464026,0.3812596,-0.014722467,-2.4413157,0.07813208,0.57181823,25.90546,0.66883296,9.496853,1.308045,-6.9036183,-1.5583951,-27.41257,-0.8105419,-2.5528536,12.161082,0.03127207,0.03287738,0.008448571,2.0,2.1276596,0.16,0.12,0.19,0.23338094,-37.70891,11,2,0,SPEAKER_00,0.0,10.6,2.0222187500000004,3.03471875,1,1.0124999999999997,1.0125,disengaged
36.812904,0.07813553,34.914047,36.803303,38.55485,3.6408043,207.53958,215.67827,138.53583,533.95593,0.29805687,0.7957745,0.07854718,0.25204068,0.48382068,0.4052735,5.5907607,3.8404293,3.4289832,1.9762512,0.14039616,1.0348841,23.704693,0.76968753,9.7218075,1.5645039,-6.027144,-2.7802348,-11.316513,-1.3430594,0.021624148,1.4477046,1.2467887,0.74322456,8.67191,0.44760484,10.348492,1.3485901,33.8407,0.34068525,773.9898,0.23191002,1371.4233,0.15921786,-77.80518,-1.1166242,1861.4451,0.12583053,1191.9447,0.2630385,-84.89844,-0.9046603,2960.3015,0.081116825,1038.0485,0.26237395,-89.474,-0.81884634,-18.923216,-0.6369961,33.321247,0.306563,0.069334306,0.29853293,-0.018396676,-1.060966,0.18756223,0.7849926,31.258167,0.3512298,9.744584,1.6203457,-5.937174,-3.0375242,-16.295898,-0.8790162,-6.799585,16.968515,0.04730791,0.012415424,0.043321725,3.465046,2.6179605,0.2482558,0.23176368,0.12240506,0.10651219,-27.42798,11,2,1,SPEAKER_01,10.633333,139.866667,10.633333,116.11409375,18,32.91826075,32.91825,engaged
41.334904,0.067535505,39.7817,41.14047,43.268066,3.4863663,45.743805,43.154305,23.478622,21.787266,0.17041765,0.8450822,0.0063061845,0.16907711,0.30175462,0.29544845,2.233632,1.6288917,1.5345187,0.8720089,0.04821226,1.0539784,16.250875,1.0696744,2.9347024,3.5124292,-8.6949005,-1.859477,-12.619943,-1.0568322,0.019155642,1.400081,0.9691027,0.6047093,10.533357,0.32783478,7.0879307,1.4690082,27.776518,0.39088702,833.73706,0.21070866,1338.0597,0.19215727,-97.039795,-0.93053967,1838.4161,0.118890956,1130.4788,0.31436846,-96.55513,-0.862861,2949.2356,0.06464191,932.9603,0.26818028,-102.34695,-0.7654767,-14.892883,-0.6232918,32.466,0.27897123,0.06189273,0.2705638,-0.010260642,-1.4769031,0.073669985,0.6268316,27.093632,0.3648733,1.150134,10.091606,-13.89394,-1.2997724,-19.709188,-0.5750207,-2.7119286,11.57901,0.036694396,0.027161513,0.008909374,2.979738,1.0791367,0.5511111,0.33414716,0.35555556,0.53152,-36.233467,11,2,1,SPEAKER_03,10.633333,139.866667,20.51721875,95.84721875,10,8.403750000000006,8.40375,engaged
40.766335,0.09575549,38.14036,40.41348,43.319477,5.1791153,185.04747,234.152,93.487724,141.66188,0.11791094,1.0459774,0.005958762,0.08266896,0.22384532,0.21788655,1.9233648,1.2352872,1.4584455,0.96654564,0.034684524,1.2142559,14.958706,1.2453413,4.2417493,2.4090872,-7.039384,-1.9704638,-9.328497,-1.5859396,0.022965815,1.3887095,1.2280827,0.6971822,9.5092535,0.4027863,10.548172,1.0731047,30.729336,0.39221075,787.0609,0.25190932,1353.8091,0.17867464,-119.418755,-0.7514528,1805.1067,0.11819153,1145.3892,0.31016827,-116.7411,-0.71341,2917.9097,0.0779444,973.7192,0.31541312,-121.12563,-0.64761627,-16.657028,-0.54544866,32.659172,0.27132994,0.07005625,0.30998382,-0.011006909,-1.4856411,0.06067523,0.7012557,28.354792,0.3742352,2.3041987,5.39166,-11.9287815,-1.2946997,-18.134798,-0.7563862,-4.6941504,15.291409,0.036722787,0.027218547,0.010122844,2.6044822,2.0656137,0.2267647,0.26404902,0.25870967,0.5467838,-38.59882,11,2,1,SPEAKER_00,10.633333,139.866667,34.962218750000005,132.83721875,28,16.520624999999974,16.520625,engaged
28.909832,0.09473353,27.223747,28.469393,30.69698,3.4732323,192.81044,218.18845,69.82734,78.87241,0.1750249,0.7942418,0.046400033,0.1488949,0.27416003,0.22775999,3.704381,2.1817746,1.9686793,1.359194,0.06247966,1.0535146,23.353472,0.82973194,16.10696,0.81787384,6.0611396,2.5536017,1.5454249,7.602614,0.024095478,1.2649076,1.4749932,0.77026135,5.9254985,0.41944197,4.332905,1.8953943,35.73897,0.23150773,556.0273,0.31569976,1381.3389,0.1396734,-85.19907,-1.0737635,1642.4913,0.13762178,1123.8528,0.23465316,-94.46965,-0.8754637,2755.7178,0.08599335,1103.0027,0.27192095,-100.46032,-0.77400833,-18.744572,-0.5121848,32.025467,0.2746979,0.051065374,0.42076787,-0.009616958,-1.7452954,0.086119935,0.78491133,32.76786,0.33923498,16.828917,0.7995312,6.7098074,2.6481264,-1.4364203,-8.542358,-7.7247148,16.508678,0.031143034,0.015124675,0.026097983,3.812317,2.810651,0.20263158,0.14735714,0.14529411,0.109658174,-35.652794,11,2,1,SPEAKER_05,10.633333,139.866667,62.09721875,137.73096875000002,9,6.834374999999973,6.834375,engaged
40.82464,0.08997337,39.21042,41.08549,42.053497,2.8430786,46.650406,55.952454,86.24545,84.85685,0.42752835,1.0605661,0.04936512,0.232047,0.84556985,0.79620475,6.669919,4.8348985,5.5238123,3.091736,0.1793448,1.2980092,14.511507,1.1166093,4.7943597,2.5713499,-10.714579,-1.3829964,-25.306915,-0.8807079,0.019162722,1.2528526,1.0469794,1.0196321,10.241579,0.3692686,7.4630785,1.3466647,28.971579,0.39465266,810.5837,0.19251223,1248.899,0.16186087,-90.935875,-1.0234935,1886.0173,0.10905121,1011.7725,0.35671932,-95.707466,-0.8628577,2957.1743,0.06524012,807.7545,0.4430567,-98.59235,-0.8145801,-17.129065,-0.5339573,27.124796,0.41265208,0.06930061,0.3184051,-0.030611333,-0.5882614,0.26235688,0.91493136,20.410742,0.61871463,2.0741918,6.3681917,-13.545346,-1.104925,-35.867733,-0.551315,-7.3776927,16.488142,0.053635437,0.00427362,0.059659712,2.628121,2.6455026,0.21649998,0.17103434,0.13428572,0.16395618,-24.539936,11,2,1,SPEAKER_02,10.633333,139.866667,71.88471875,138.86159375,10,7.627499999999998,7.6275,engaged
41.942616,0.032494463,41.01713,41.95085,42.81369,1.7965584,29.509197,23.00246,15.319378,12.739105,0.7313548,0.77681255,0.13585743,0.6868593,1.3372328,1.2013754,9.80498,4.6950574,7.6629024,2.3828602,0.3073292,0.9679987,14.854015,0.79623085,-2.6858325,-4.649086,-15.0884285,-0.81165224,-35.662716,-0.4579424,0.014916895,1.2981099,0.941706,0.8876767,10.900644,0.32540002,8.223902,1.2719686,27.376331,0.33759984,802.7674,0.18951215,1256.9592,0.14564353,-58.66474,-1.4955897,1865.4272,0.09718018,1007.7179,0.37928936,-66.546,-1.1366296,2923.3062,0.06150687,723.91376,0.30694178,-69.321945,-1.06522,-13.724401,-0.47842968,22.528488,0.37159514,0.06290125,0.24511842,-0.033396576,-0.37879223,0.40818867,0.7137037,15.380721,0.6036638,-5.8241696,-2.0459788,-16.533157,-0.6556484,-42.71901,-0.29194722,-12.99245,22.17293,0.06258603,-0.018622037,0.07195952,3.9106145,3.4482758,0.20333333,0.16829208,0.06666666,0.04229526,-21.924358,11,2,1,SPEAKER_04,10.633333,139.866667,84.08534375,85.89096875,1,1.805624999999992,1.805625,engaged
33.485214,0.07300243,31.388367,33.25569,35.007324,3.6189575,148.23975,160.65088,38.394615,37.482227,0.29003274,0.93129116,0.04608818,0.20223515,0.49478242,0.44869423,7.3367596,5.6002407,2.1764748,2.3333004,0.12883133,1.0388771,26.966965,0.7198306,10.1397915,1.0423307,-5.3873153,-2.1872659,-9.774114,-1.2816575,0.023592647,1.2720865,1.6606658,0.7666082,7.0846853,0.44804013,0.07821715,93.680244,32.00801,0.26910788,740.3906,0.29488918,1396.8796,0.1450849,-100.15577,-0.9194734,1781.6879,0.16878487,1338.7579,0.24964045,-104.449455,-0.7998101,2865.2683,0.097372666,1083.2767,0.24860184,-109.46656,-0.720094,-16.615623,-0.48162305,32.93216,0.2501671,0.06134374,0.3432664,-0.021508534,-0.7854007,0.19461788,0.6912324,36.422176,0.2583824,8.728637,1.0531402,-5.489961,-2.220436,-15.014979,-0.8673499,-9.186693,20.338234,0.048025414,0.004499684,0.049426854,3.0418253,2.7131784,0.1942857,0.13573684,0.15428571,0.14321384,-29.12488,11,2,2,SPEAKER_05,139.9,194.166667,141.44346875000002,144.59909375,3,2.6493749999999636,2.649375,disengaged
35.158672,0.075130574,32.44585,35.494427,37.074455,4.628605,33.79811,16.669924,11.122685,22.777779,0.03423272,0.88607806,0.0060437564,0.027661359,0.05595116,0.0499074,0.9042119,0.57089305,0.6528824,0.50934917,0.0071524596,1.258637,17.03919,0.99744046,12.490207,0.73795575,1.7434765,6.4125214,-3.0608313,-3.1764307,0.021264777,0.7404602,1.6501646,0.6900355,8.861575,0.3350997,12.201023,0.94428957,39.011353,0.16755936,704.3076,0.301269,1436.9592,0.16327596,-161.92519,-0.43381524,1815.024,0.11487395,1208.7662,0.21502538,-163.08969,-0.39763638,2924.4768,0.058583245,1054.6917,0.24305074,-164.67023,-0.37603357,-22.986637,-0.3972113,36.153427,0.24013962,0.062129185,0.33870658,-0.006702407,-2.0464242,0.013942969,0.6608169,32.178856,0.3357003,18.446869,0.56166196,4.603112,2.8365738,-8.683094,-1.2076936,-10.399558,20.80353,0.045721386,0.016792936,0.005417851,3.6553526,2.3809524,0.08222222,0.05159194,0.25636363,0.33320135,-54.47483,11,2,2,SPEAKER_00,139.9,194.166667,144.04221875000002,192.86159375000005,14,3.847500000000082,3.8475,disengaged
38.994648,0.08816408,36.07769,38.394997,41.78249,5.7047997,122.397545,231.69751,43.932976,78.22184,0.11111123,0.91815805,0.032388356,0.08047674,0.1747232,0.14233483,2.0697286,1.900105,1.7537955,1.9211899,0.031337757,1.2328467,25.789755,0.48216164,6.2688007,2.1142206,-5.1726904,-2.8859704,-9.571081,-1.4021173,0.019473078,0.90720344,1.4300245,0.67985725,9.193306,0.38855234,10.544879,1.0817298,33.300392,0.28385618,764.245,0.23405328,1410.6139,0.16049919,-90.593575,-0.9673204,1797.894,0.1104381,1161.1481,0.2566329,-93.08973,-0.8424001,2918.0728,0.07325584,978.64307,0.2884983,-98.90106,-0.7476039,-18.90016,-0.50734705,32.77413,0.26080686,0.06361903,0.31831396,-0.011000527,-1.283572,0.040403213,1.0447937,30.88629,0.25582615,5.0333037,2.7616951,-6.698356,-2.4355192,-13.493754,-1.015578,-12.658871,23.17844,0.05145036,0.0076915924,0.016524132,3.2258065,3.4772182,0.16965517,0.1612448,0.1037037,0.10609737,-41.559364,11,2,2,SPEAKER_03,139.9,194.166667,144.07596875000002,190.48221875,28,16.75687499999998,16.756875,disengaged
38.99453,0.0997346,35.647926,38.14143,42.693253,7.045326,106.577286,128.52713,58.89603,92.40144,0.105197564,1.0976187,0.016557029,0.0663862,0.15702215,0.14046513,1.7139503,1.1073182,1.0820318,0.82261366,0.031599555,1.5312058,18.185564,0.9802179,7.4325185,1.8558328,-5.3382626,-2.678864,-7.172437,-2.1862686,0.02312197,0.81401074,1.3528979,0.6398488,9.0480795,0.41194382,8.203671,1.1787852,30.414186,0.28497657,792.1604,0.22002383,1430.7299,0.18534076,-121.26667,-0.71668196,1842.944,0.11704081,1185.4458,0.19285855,-121.782875,-0.66205734,2937.2231,0.063987225,1000.9828,0.3145763,-125.29729,-0.61276186,-19.944595,-0.43842688,33.81608,0.22481105,0.06473327,0.37841958,-0.01080352,-1.3075075,0.04772604,1.1131722,29.788666,0.28669637,9.684536,1.4092306,-5.221025,-2.9841483,-13.623031,-1.2315376,-6.8196797,18.560253,0.043934163,0.01669871,0.017789194,1.9801981,2.7065527,0.1631579,0.13947468,0.218125,0.33930477,-41.083652,11,2,3,SPEAKER_03,194.2,329.3,195.34221875,321.02721875000003,10,7.087500000000091,7.0875,engaged
29.158258,0.10366148,27.095251,28.796127,30.636887,3.5416355,398.33603,859.6676,44.73985,45.81994,0.14350857,0.87678325,0.016199762,0.12226772,0.24181694,0.22561717,2.5905828,1.4301039,1.7803329,1.2422224,0.041861497,1.188948,19.777384,1.0759995,16.041218,0.6926264,8.160761,1.7603312,5.6529922,1.9117515,0.018927604,1.0651981,1.2489979,0.8208887,6.82668,0.38665465,3.948112,1.9263693,33.335457,0.24130087,530.1672,0.36706603,1373.2566,0.14465018,-98.76857,-0.9458334,1610.4523,0.14228661,1103.4951,0.31993875,-105.561134,-0.80308956,2708.0354,0.09666843,1103.0104,0.2483548,-110.83096,-0.72067076,-19.11359,-0.42847475,31.280748,0.31358534,0.044989426,0.50790036,-0.0076813945,-1.8330381,0.06722248,0.78643286,33.1017,0.37020215,17.402094,0.65503526,11.161599,1.5014958,6.766002,1.8025593,-5.5069246,13.911517,0.031128448,0.01957562,0.012010896,3.020962,2.1039605,0.2482353,0.23929393,0.219375,0.24914776,-37.698643,11,2,3,SPEAKER_05,194.2,329.3,198.66659375,329.3,13,16.237781250000154,16.2378125,engaged
39.41976,0.052399665,37.79342,38.633324,41.62921,3.8357925,29.503866,21.317379,56.07553,58.026978,0.36747077,0.9138514,0.066014715,0.25308475,0.6625849,0.5965702,4.0773892,2.2660866,4.705943,2.7528605,0.14442702,1.3880048,7.3935947,2.502119,4.236227,2.9169888,-5.5990086,-2.594591,-27.067595,-0.80176413,0.013259114,1.0025605,0.8923846,0.7734466,10.045482,0.3036066,8.730155,1.6236064,28.519972,0.3131234,707.0542,0.20983018,1414.7383,0.13194616,-111.18853,-0.8639711,1728.9635,0.12363519,1156.3851,0.33589557,-107.76671,-0.7965789,2840.4717,0.07207087,901.6674,0.53228015,-109.818565,-0.761166,-14.392696,-0.53417355,23.599344,0.371509,0.073350765,0.19134943,-0.028095637,-0.56261027,0.25769624,0.88683903,16.823195,0.5992003,5.2506576,2.060183,-11.413742,-1.4080396,-42.384434,-0.283905,1.0214727,8.386731,0.06765379,0.005362079,0.028459176,3.4013608,2.8169014,0.175,0.17211914,0.21,0.21954498,-26.238228,11,2,3,SPEAKER_04,194.2,329.3,218.46096875,219.94596875,1,1.4849999999999852,1.485,engaged
32.070126,0.1439807,27.657417,28.753544,36.734367,9.07695,59.516296,47.79249,78.197754,53.331074,0.07522559,1.2944075,0.0049822163,0.018346623,0.14043127,0.13544905,1.9568733,2.1841023,1.884744,1.2244626,0.022727786,1.4089186,6.6801248,3.3445761,6.3897214,1.810128,3.282733,2.2264261,1.3481624,7.628975,0.016269716,0.6412736,1.9580345,0.7895873,5.10831,0.8232957,8.871724,1.5913228,43.167152,0.36305332,659.13196,0.2661629,1367.4275,0.15319672,-163.54398,-0.4466489,1729.0858,0.13935493,1225.9547,0.24034683,-164.24724,-0.40462416,2879.3904,0.090679005,1087.0464,0.15446088,-166.2961,-0.3767797,-21.123156,-0.5592812,35.519077,0.360749,0.06704005,0.4389143,-0.014735805,-1.9183573,0.06051308,0.70511353,34.338276,0.47322464,15.8861685,0.6676108,-0.8249913,-9.699902,-10.749184,-1.2695479,-1.3058723,11.868899,0.032530658,0.03141418,0.0123895025,3.6585367,1.8867925,0.11,0.061644137,0.29749998,0.12356678,-42.253136,11,2,3,SPEAKER_00,194.2,329.3,228.24846875,314.27721875000003,4,1.6537499999999739,1.65375,engaged
38.328762,0.08726515,36.071323,38.17679,41.098255,5.026932,193.59804,239.56827,51.616257,66.55385,0.28779566,1.0004947,0.030796032,0.19212559,0.50208974,0.47129372,6.5479302,4.1334763,3.740611,3.9330845,0.0988612,1.4024945,16.280645,1.1105433,8.909363,1.1482685,-9.024683,-1.2523916,-24.697283,-0.9264064,0.017349826,1.5365919,1.072726,0.95864123,9.956308,0.40375304,8.206445,1.3142158,32.691837,0.28032875,741.8171,0.22176687,1345.0089,0.14460552,-86.96465,-1.0754863,1825.9855,0.13320528,1136.1073,0.26032016,-91.34988,-0.8912465,2916.7566,0.07315002,868.5303,0.44157985,-93.989876,-0.8458979,-19.383274,-0.35794082,29.782055,0.30054146,0.07700923,0.25344133,-0.031361107,-0.5562781,0.14550641,1.0558305,25.339903,0.41184488,9.457216,1.2114604,-11.245735,-1.0603563,-36.199993,-0.547466,-5.756374,14.46823,0.04375197,0.010550838,0.021198604,2.4390244,2.145046,0.28285715,0.17043762,0.17,0.24041629,-29.050327,11,2,3,SPEAKER_02,194.2,329.3,229.49721875,320.97659375,8,9.854999999999961,9.855,engaged
36.56941,0.086246505,34.853767,36.661625,38.43665,3.582882,165.72545,174.98407,94.923935,198.87073,0.3010593,0.72694963,0.09195112,0.27010295,0.4867364,0.39478528,5.4512806,3.4411316,3.2430038,1.8082955,0.14616473,0.9243387,28.034626,0.57776576,12.449609,1.1008393,-5.1042457,-3.0287523,-12.774063,-1.2613364,0.024287723,2.1280477,1.249279,0.76770043,8.895801,0.43290344,11.580819,1.2002654,36.87903,0.36421928,761.8537,0.2288469,1386.7754,0.17957354,-69.8396,-1.1894819,1867.451,0.12566225,1179.401,0.2370146,-79.46507,-0.9060994,2977.233,0.08162044,1052.6066,0.272948,-84.22574,-0.8140168,-21.674202,-0.5029321,35.009796,0.29170367,0.0752551,0.2590923,-0.02328392,-0.76283,0.18300396,0.7299018,33.761925,0.30316228,12.387243,1.1440257,-5.2436614,-3.135141,-17.697556,-0.7966655,-11.485159,20.880293,0.052124925,0.0055085756,0.053321756,3.5424356,2.8078818,0.2464035,0.20451109,0.10526315,0.088494346,-27.977386,11,2,3,SPEAKER_01,194.2,329.3,242.22096875000005,316.58909375,24,40.668749999999875,40.66875,engaged
29.211195,0.054596018,27.902624,28.656487,31.060873,3.158249,17.234032,6.488786,17.952875,6.3562927,0.17813298,0.78405845,0.008191078,0.17771204,0.30568153,0.29749045,2.9284322,2.002583,1.6694424,0.9957042,0.043774355,0.9440198,28.239882,0.53701717,12.113859,0.6093859,3.4352612,3.261416,1.9306793,5.6863494,0.013052165,1.113045,0.7429698,0.63014126,7.447922,0.30730674,2.1883707,2.0041401,33.925285,0.15295377,511.96143,0.3144763,1416.1248,0.11290474,-74.65913,-1.2694908,1568.5771,0.13434675,1089.7529,0.23100747,-84.58015,-1.0104042,2705.2498,0.09415808,1044.9801,0.27042222,-92.35058,-0.86353904,-18.163643,-0.35290048,30.268213,0.17068629,0.052361496,0.3913831,-0.011477058,-1.5020019,0.064346276,0.59474707,36.59175,0.21128142,11.98962,0.6024523,3.6311216,3.6531723,0.94397336,13.784092,-9.128264,19.07072,0.035652637,0.02184273,0.008464775,3.2258065,1.3422818,0.47,0.32999998,0.52,0.0,-37.270363,11,2,4,SPEAKER_05,329.333333,332.466667,329.333333,332.466667,2,1.5639590000000112,1.5639375,disengaged
0.0,0.0,0.0,0.0,0.0,0.0,0.0,0.0,0.0,0.0,0.017566198,0.8806652,0.007700978,0.009526015,0.023370171,0.015669193,-0.008469619,0.0,0.27363983,0.0,0.0012136123,1.4738518,9.081661,0.43266004,0.26747194,15.40574,-9.688928,-0.41303146,-7.174224,-1.0641639,0.0,0.0,0.0,0.0,0.0,0.0,0.0,0.0,0.0,0.0,0.0,0.0,0.0,0.0,-201.0,0.0,0.0,0.0,0.0,0.0,-201.0,0.0,0.0,0.0,0.0,0.0,-201.0,0.0,0.0,0.0,0.0,0.0,0.0,0.0,0.0,0.0,0.0,0.0,0.0,0.0,0.0,0.0,0.0,0.0,0.0,0.0,-7.452205,16.220041,0.055207945,0.010663269,0.001623705,0.0,0.0,0.0,0.0,0.17999999,0.0,-71.17187,11,2,4,SPEAKER_00,329.333333,332.466667,331.03409375,331.28721875,1,0.25312500000001137,0.253125,disengaged
28.170973,0.05514094,26.917118,28.09126,29.248657,2.3315392,133.73195,137.57178,19.917603,14.992876,0.14650622,0.79451287,0.03610654,0.13182089,0.23282398,0.19671744,2.963881,1.7065811,1.8119054,1.2300866,0.04066631,1.0294204,22.910501,0.9135562,13.699229,0.72958857,4.344714,2.7483525,4.188578,2.6721401,0.020839058,1.3202161,1.4243381,0.8715318,6.5919375,0.33847094,0.6753833,9.078261,34.489834,0.20849809,526.41296,0.33083045,1409.45,0.15316641,-89.385445,-1.0407443,1582.3914,0.13049737,1138.2324,0.20614746,-97.89992,-0.8553401,2702.0815,0.09311824,1123.9854,0.27043512,-104.73921,-0.74479574,-19.321064,-0.37071475,31.950853,0.2474876,0.048703317,0.47514546,-0.008824733,-1.7174166,0.05897238,0.7218307,36.104256,0.2778551,14.8926,0.61682785,6.482727,1.9556582,3.9607878,3.2667575,-4.411541,13.4529,0.03883741,0.019409131,0.0156811,3.783319,2.5929127,0.21333334,0.1799506,0.15166667,0.15908244,-38.586838,11,2,5,SPEAKER_05,332.5,422.066667,332.5,379.66784375,9,11.645968749999952,11.6459375,engaged
40.233177,0.004693396,40.012558,40.327007,40.382393,0.3698349,6.2555585,0.0,2.0920565,0.0,0.015723057,1.8314961,0.0048901,0.0056269905,0.007427802,0.0025377017,0.3543391,0.22933166,0.43285426,0.58669174,0.0025114545,3.2377326,1.453675,6.1995196,8.908138,0.72701293,4.6713815,0.99913776,7.2226467,1.1301954,0.023721173,0.5740666,1.628727,0.9381359,12.376987,0.13613652,30.305723,0.12513359,38.82155,0.0952868,759.0725,0.17019965,1445.1437,0.18749493,-196.86852,-0.12465532,1760.0924,0.098914206,1213.4341,0.23375343,-195.79153,-0.13875972,2918.8171,0.037815135,953.3435,0.08377426,-195.95038,-0.13435377,-25.014816,-0.29904887,36.955196,0.23835325,0.06442403,0.120418414,-0.014859964,-1.282394,0.03510346,0.52136654,28.730534,0.30614665,15.6946745,0.19772746,1.7291809,1.8666396,-9.604459,-0.9596728,-6.563142,16.310028,0.014144292,0.035509795,0.0013303051,1.5,0.25316456,0.12,0.0,1.9,1.67,-54.75459,11,2,5,SPEAKER_00,332.5,422.066667,334.37534375,420.79221875,6,4.016249999999957,4.01625,engaged
0.0,0.0,0.0,0.0,0.0,0.0,0.0,0.0,0.0,0.0,0.006005889,1.4628897,0.0038694155,0.004479757,0.005265867,0.0013964514,0.045320787,0.0,-1.0449892,0.0,0.00058627815,5.0470524,-6.04914,-0.8665656,3.900754,0.844027,1.4017448,2.399285,-0.024411686,-129.16412,0.0,0.0,0.0,0.0,0.0,0.0,0.0,0.0,0.0,0.0,0.0,0.0,0.0,0.0,-201.0,0.0,0.0,0.0,0.0,0.0,-201.0,0.0,0.0,0.0,0.0,0.0,-201.0,0.0,0.0,0.0,0.0,0.0,0.0,0.0,0.0,0.0,0.0,0.0,0.0,0.0,0.0,0.0,0.0,0.0,0.0,0.0,1.4646372,7.1091986,0.040518012,0.042306438,7.5422024e-05,0.7194245,0.0,0.0,0.0,1.3199999,0.0,-69.62894,11,2,5,SPEAKER_02,332.5,422.066667,339.16784375000003,356.34659375,2,1.400624999999991,1.400625,engaged
37.4824,0.06931802,35.78966,37.634644,39.029816,3.2401543,50.59003,46.296413,18.00816,10.463447,0.24116075,0.75782675,0.059172865,0.21271527,0.41670692,0.35753405,4.8641596,2.9968514,2.024088,1.176451,0.061432153,1.1208067,21.229849,0.75641584,8.541387,0.8337438,-8.716588,-1.1948776,-27.03477,-0.7685166,0.017914033,2.1421754,0.99279386,1.0799189,10.252284,0.37710392,3.957688,2.4767587,33.55422,0.24513468,757.43304,0.16872191,1296.6737,0.12961441,-80.11362,-1.1679626,1880.8843,0.117358565,1032.0188,0.21879038,-91.03234,-0.8920657,2954.7786,0.06363863,840.627,0.38480425,-93.84549,-0.84374464,-19.697245,-0.2857779,29.117233,0.266673,0.08204813,0.20217727,-0.034880582,-0.35847723,0.08979566,0.80376,28.64034,0.26432088,7.676099,0.92843276,-9.422684,-1.2167487,-38.26136,-0.42927828,-7.4476867,14.685924,0.05151467,-0.0006015463,0.015036764,2.5316458,2.3136249,0.26,0.13638182,0.15222222,0.12470212,-33.268147,11,2,5,SPEAKER_04,332.5,422.066667,350.49096875000004,356.31284375,2,3.9656249999999886,3.965625,engaged
36.205627,0.082502104,34.3407,36.009903,38.12828,3.7875824,216.0041,387.25687,156.57834,544.612,0.27531302,0.7889247,0.08334509,0.22479348,0.4573641,0.37401903,5.2133417,2.8954713,3.0351853,1.9509567,0.12237859,0.99443305,25.795406,0.72295684,10.020653,1.4507434,-9.105271,-1.701158,-10.974013,-1.4141183,0.024312563,1.9093654,1.3557738,0.7141008,8.080939,0.46948728,9.697305,1.1575516,36.790848,0.2950278,752.14484,0.2422225,1399.33,0.16423054,-78.03261,-1.1252156,1825.5337,0.13132043,1196.5321,0.24702203,-85.22211,-0.9074877,2959.0842,0.083204776,1030.7291,0.25056687,-90.96647,-0.8036696,-20.207207,-0.52769774,34.619404,0.2868307,0.076879635,0.24861632,-0.021646734,-0.79452753,0.1647417,0.74926466,33.82525,0.30847618,10.697677,1.4039288,-9.344551,-1.7193878,-16.67925,-0.8440637,-6.743403,17.365816,0.053871967,0.011140899,0.035510167,3.6221917,2.297794,0.28379998,0.26544973,0.1387234,0.14578645,-29.584995,11,2,5,SPEAKER_01,332.5,422.066667,365.07096875,422.066667,13,21.8281982499999,21.8281875,engaged
37.26903,0.081370965,34.86214,38.141796,39.06068,4.1985397,181.97899,136.23062,22.036375,21.480127,0.32141846,0.47771955,0.1757951,0.31923383,0.45779243,0.28199732,4.2882147,2.2922542,2.948604,1.1204062,0.167116,0.6675877,30.38045,0.39725888,12.761197,0.94770145,-8.077488,-1.2857547,-18.172962,-0.998578,0.053162675,1.6833081,1.2866834,0.58431095,8.299795,0.35650852,11.75412,0.8998412,38.339066,0.16234395,798.8015,0.19379959,1291.3319,0.16543894,-66.850174,-1.2468545,1899.0907,0.10087353,1052.9114,0.21016328,-76.8897,-0.9182298,3009.9512,0.07136223,1099.3146,0.42715102,-82.53239,-0.8147984,-21.214989,-0.29614797,34.06866,0.22925514,0.085020736,0.1817561,-0.031809427,-0.4903185,0.18656515,0.56932193,32.235,0.33472118,11.951216,1.0640541,-11.444584,-0.8869605,-21.313953,-0.8009902,-22.069628,32.30595,0.08689623,-0.025932942,0.15128775,3.773585,3.960396,0.1725,0.024874683,0.055,0.015,-29.262844,11,2,6,SPEAKER_01,422.1,423.233333,422.1,423.17159375,1,1.0715937499999768,1.0715625,disengaged
36.342876,0.08623745,34.6906,35.98401,38.055195,3.3645935,155.58855,279.34946,57.29259,98.341995,0.3046869,0.70224524,0.103794776,0.27397484,0.4905775,0.3867827,4.7112455,2.5342097,3.0357864,1.5902766,0.12902272,0.85944855,27.332083,0.6365782,8.882377,1.6945876,-8.741506,-1.8242211,-11.699253,-1.3431615,0.02040136,1.6423304,1.2049282,0.7236861,8.52249,0.41682026,8.9955,1.2189031,35.688362,0.3314062,758.7604,0.23630215,1385.0845,0.16742729,-69.844444,-1.2310282,1829.9001,0.12847705,1193.1647,0.25602543,-78.603065,-0.9597149,2955.5872,0.08120039,1049.6104,0.28729534,-85.12163,-0.8310846,-18.817171,-0.6041161,33.89029,0.29583186,0.07287606,0.24850084,-0.019563913,-0.9695313,0.16485347,0.6538483,33.870117,0.32568413,8.912159,1.7232196,-9.4260025,-1.773015,-16.362934,-0.84516126,-8.726056,18.914507,0.05041742,0.007294816,0.04418824,3.5614245,2.5440707,0.2684252,0.24609841,0.11846846,0.13822033,-29.525978,11,2,7,SPEAKER_01,423.266667,575.8,423.99846875,575.8,28,49.994656250000276,49.9946875,engaged
29.64721,0.202957,26.794384,28.370878,30.672771,3.8783875,210.33598,360.65665,81.5824,179.42062,0.13615945,0.7992139,0.029843919,0.12174053,0.22327082,0.1934269,2.8785155,1.8176576,1.732923,1.1664181,0.036797177,1.0617572,18.25446,1.2762886,14.706995,0.7737464,7.8682585,1.7378955,6.4497223,1.6237746,0.017435897,0.87543076,1.2644907,0.8594705,6.3148026,0.47633526,6.1201887,1.4314957,34.19734,0.26954684,565.94855,0.3961959,1399.6417,0.17148341,-100.038895,-0.91971374,1620.3177,0.15067965,1170.6057,0.25765952,-104.62939,-0.8029001,2720.0789,0.09639239,1141.023,0.34906754,-109.49908,-0.72065973,-17.736423,-0.67043555,30.400463,0.41544873,0.041525427,0.51585335,-0.0019228478,-7.570717,0.05424359,0.73036057,30.58312,0.565086,17.121199,0.63426393,10.570579,1.5018107,5.227715,2.1742818,-3.9646437,13.243849,0.033782717,0.025454551,0.01576071,3.1470428,2.7762659,0.1880392,0.16945148,0.155,0.17553632,-38.943993,11,2,7,SPEAKER_05,423.266667,575.8,476.8847187500001,567.55409375,17,18.444374999999866,18.444375,engaged
39.68434,0.08408744,36.683628,39.608406,42.52246,5.838833,49.52093,41.830193,41.982574,44.40101,0.13572754,1.241527,0.010779269,0.07711315,0.22095273,0.21017346,2.0571198,1.1695805,1.1599725,0.724212,0.03277976,1.4797246,18.244658,0.87728816,2.0808368,6.566272,-6.537253,-2.0268443,-9.782209,-1.509701,0.021852002,1.0267526,1.2320968,0.68742,8.688926,0.48868847,9.633133,1.1428291,27.789259,0.3909558,750.9811,0.27528843,1416.421,0.14868332,-112.85916,-0.8016551,1755.1433,0.13524455,1189.358,0.21783946,-106.74435,-0.7974446,2843.419,0.08900001,946.6759,0.28539246,-110.83919,-0.7335419,-15.054495,-0.63646406,28.2381,0.34051725,0.06808979,0.33525303,-0.009129019,-1.7943705,0.054576293,1.0414056,26.571564,0.33564192,-0.7857856,-20.312912,-10.219056,-1.4369226,-15.863758,-0.9740108,-7.999381,18.510426,0.04080205,0.018124662,0.008660428,2.1818182,2.4390244,0.204,0.21277687,0.17333333,0.25914386,-38.40426,11,2,7,SPEAKER_03,423.266667,575.8,479.73659375000005,566.6259687500001,11,8.268750000000637,8.26875,engaged
0.0,0.0,0.0,0.0,0.0,0.0,0.0,0.0,0.0,0.0,0.008405688,1.4320788,0.004831029,0.005479214,0.0063097,0.0014786711,0.25357565,0.17779583,0.21942379,0.0,0.00083240436,2.4005084,1.9570987,2.478633,7.993232,0.70850986,5.4678836,1.0063442,7.8702307,0.7541239,0.0,0.0,0.0,0.0,0.0,0.0,0.0,0.0,0.0,0.0,0.0,0.0,0.0,0.0,-201.0,0.0,0.0,0.0,0.0,0.0,-201.0,0.0,0.0,0.0,0.0,0.0,-201.0,0.0,0.0,0.0,0.0,0.0,0.0,0.0,0.0,0.0,0.0,0.0,0.0,0.0,0.0,0.0,0.0,0.0,0.0,0.0,-8.582334,17.928232,0.009913599,0.03398994,0.0008687788,0.84745765,0.0,0.0,0.0,1.12,0.0,-74.27492,11,2,7,SPEAKER_00,423.266667,575.8,504.61034375,505.80846875,1,1.1981249999999477,1.198125,engaged
38.81171,0.06929715,37.212578,38.271065,39.39504,2.1824608,-53.54423,59.937107,13.329509,8.37325,0.116045564,1.4963365,0.008002823,0.049011797,0.15917404,0.15117122,3.1658194,4.1749997,1.6407512,1.9343075,0.02989208,2.5031095,16.621572,1.0386989,4.3775954,1.4872018,-8.598713,-1.3941362,-10.94534,-1.6696712,0.013372995,1.0912513,0.9021899,1.1425478,11.192683,0.32307258,4.9504232,2.4697652,35.638397,0.21820796,728.7467,0.25297594,1360.2275,0.16852657,-123.69018,-0.7570959,1752.2621,0.13284731,1154.046,0.25621414,-125.06583,-0.6691569,2920.7656,0.07098536,899.42413,0.30070263,-129.7906,-0.60335636,-17.714329,-0.39821208,33.375195,0.23713234,0.070349716,0.2688564,-0.014540801,-1.3551791,0.05977797,1.7427506,30.065907,0.31413564,3.1311054,2.524269,-14.75945,-0.98233366,-23.916285,-0.77677727,-6.1021404,15.4873085,0.038132243,0.02061897,0.0069463747,1.5873016,1.7021277,0.24499999,0.16255768,0.30058822,0.23218831,-35.772823,11,2,7,SPEAKER_04,423.266667,575.8,517.62096875,550.42596875,7,9.466875000000073,9.466875,engaged
36.672203,0.043971665,35.330475,36.67323,37.270798,1.9403229,54.34496,72.30555,31.712074,29.462318,0.29864952,0.49046594,0.18466413,0.2871597,0.41016135,0.22549722,3.5825295,2.5084686,3.0868526,0.8546482,0.11577018,0.6159742,35.56793,0.3167504,13.46209,1.243041,-10.090086,-1.5386429,-15.456679,-0.75992507,0.018501997,1.6454778,0.9160608,0.73911387,10.399215,0.30263633,12.8543625,0.97265923,40.703773,0.2747217,721.9319,0.25031686,1426.9524,0.16815804,-54.664383,-1.3896557,1831.7642,0.13462584,1285.68,0.19915992,-69.02065,-0.92696863,2974.6758,0.07771196,1080.2261,0.24768063,-76.05182,-0.77940357,-22.85189,-0.56893307,40.964928,0.18530723,0.08111535,0.15616895,-0.020988004,-0.8670003,0.12833215,0.5618734,37.856052,0.19056892,15.562473,1.1019653,-8.586676,-1.9617518,-17.194836,-0.6038151,-11.844512,27.714674,0.06427672,-0.0005503674,0.056927856,5.185185,3.1007752,0.24749999,0.222977,0.07666666,0.023570225,-29.37089,11,2,8,SPEAKER_01,575.833333,577.2,575.833333,577.2,1,1.3666670000000067,1.3666875,disengaged
39.43963,0.1139278,36.27037,38.011368,41.7288,5.4584312,289.20795,65.55841,-29.445002,51.995716,0.30963665,0.7366054,0.08177523,0.25227383,0.49493343,0.41315818,3.5739777,1.5041034,1.8239937,1.9856321,0.110745564,0.9727148,16.96457,1.2625526,-0.39830953,-44.32674,-23.239882,-0.45063522,-18.194408,-0.793544,0.051675085,1.4416187,1.4628826,0.735654,5.1974487,0.94757944,8.946822,1.3705987,33.237137,0.46314013,743.1764,0.2766343,1418.7325,0.14763574,-64.71417,-1.3611012,1756.9799,0.13783182,1302.2496,0.1405363,-62.849346,-1.1742297,2825.3691,0.093393944,1136.9309,0.28884897,-72.17202,-0.9439817,-8.46684,-1.5176858,30.417202,0.45108226,0.07758505,0.29447588,-0.007957814,-2.6484041,0.15378655,0.7012759,25.023933,0.74354,-4.2898693,-3.697042,-23.136429,-0.520554,-25.098572,-0.41575125,-3.7708902,10.226314,0.05787893,0.006238248,0.025020206,2.5974026,5.555556,0.122499995,0.14497845,0.13,0.0,-31.29761,11,2,9,SPEAKER_01,577.233333,578.8,577.233333,578.0165937500001,1,0.7832607500000677,0.78325,engaged
0.0,0.0,0.0,0.0,0.0,0.0,0.0,0.0,0.0,0.0,0.19995959,0.18376552,0.16610709,0.19741231,0.2322489,0.066141814,0.0,0.0,-0.020133648,0.0,0.052801225,0.40751728,13.114533,0.73265487,26.438524,0.17728822,-26.231495,-0.1915361,-13.194135,-0.061864443,0.0,0.0,0.0,0.0,0.0,0.0,0.0,0.0,0.0,0.0,0.0,0.0,0.0,0.0,-201.0,0.0,0.0,0.0,0.0,0.0,-201.0,0.0,0.0,0.0,0.0,0.0,-201.0,0.0,0.0,0.0,0.0,0.0,0.0,0.0,0.0,0.0,0.0,0.0,0.0,0.0,0.0,0.0,0.0,0.0,0.0,0.0,-21.976261,30.512697,0.11699833,-0.016771391,0.0,0.0,0.0,0.0,0.0,0.0,0.0,-41.2287,11,2,10,SPEAKER_01,578.833333,579.4,579.3328437499999,579.4,1,0.06715625000003911,0.0671875,disengaged
37.444324,0.109408475,35.277203,38.128315,40.817303,5.5401,67.54798,49.10488,23.245424,20.653374,0.27073058,0.884674,0.05948766,0.18030918,0.51933336,0.4598457,5.120896,3.2987218,4.2490687,3.143674,0.12803467,0.9049192,23.269674,0.62409955,8.77204,1.5892397,-6.607228,-2.2975311,-12.663964,-1.162237,0.021774624,1.3587126,1.5540625,0.79462963,8.32753,0.47212198,10.003503,1.1945505,33.71703,0.31935096,749.42444,0.24793507,1340.2571,0.12032151,-76.41989,-1.1354103,1802.8545,0.1305216,1194.566,0.25801867,-84.2956,-0.89526045,2901.5469,0.089214295,981.7827,0.27549905,-89.68874,-0.7979516,-17.632864,-0.6637853,29.583603,0.40497094,0.06486094,0.31449816,-0.016135173,-1.1838386,0.17043503,0.6706238,27.268194,0.4454376,6.7395253,2.3059013,-9.851094,-1.5817645,-16.806566,-0.857238,-12.461137,22.124567,0.051046573,0.005751172,0.037649512,5.1282053,4.4444447,0.141,0.09954396,0.074999996,0.030822068,-28.401426,11,2,11,SPEAKER_01,579.433333,602.933333,579.433333,602.933333,6,2.3556250000001455,2.355625,engaged
41.5591,0.041508563,40.432755,41.220036,42.775578,2.342823,34.20923,33.03005,10.4477215,6.3736434,0.25086337,0.7849953,0.085159466,0.1912171,0.4197383,0.3345788,3.294044,1.4342334,2.2242522,1.0960519,0.06852632,0.84536785,24.297369,0.4950508,5.902322,1.7822067,-17.06993,-0.8509094,-26.46582,-0.6999087,0.015221601,1.1270531,0.9969085,0.8945455,12.094779,0.2847604,11.758436,0.6816563,38.786026,0.20614779,810.0936,0.18414707,1312.5714,0.16244343,-53.909424,-1.4121791,1835.911,0.10700539,1128.7516,0.25931475,-65.01531,-0.99754035,2963.0537,0.07476823,881.2054,0.31648794,-72.70308,-0.8371011,-20.757042,-0.3729904,35.17505,0.266883,0.065655015,0.25580552,-0.023975836,-0.6471475,0.07802145,0.65074086,27.885101,0.33253825,5.2505393,2.09658,-20.047432,-0.6832575,-31.408455,-0.5089793,-10.455255,19.456818,0.053827193,0.0062816828,0.035204798,4.188482,2.1276596,0.36624998,0.2950397,0.13,0.070710674,-32.701412,11,2,11,SPEAKER_02,579.433333,602.933333,583.0959687500001,599.65034375,5,3.8306250000000546,3.830625,engaged
27.839289,0.12672152,26.266083,27.847382,28.518398,2.2523155,69.18495,68.731255,29.390484,16.300852,0.13697365,1.0259295,0.008259919,0.09484186,0.24437895,0.23611903,3.2534344,1.9925876,1.6723036,0.81215835,0.03751315,1.1901267,17.24197,1.2989626,12.506455,0.7872195,0.29697,49.316994,1.8972266,6.958619,0.016450461,0.9368399,1.3686033,0.9023259,6.2446394,0.35672495,4.9860187,1.4360942,35.92988,0.22327818,546.897,0.34648696,1430.1836,0.13157001,-111.09949,-0.8538143,1578.3993,0.1428433,1140.4841,0.21959102,-115.667915,-0.7584379,2766.2505,0.080100626,1117.365,0.36174268,-122.37454,-0.65646863,-18.264658,-0.47004884,34.45315,0.2425342,0.03987062,0.507607,-0.0112098055,-1.4087772,0.06910683,0.6688763,35.11506,0.28388432,14.745376,0.7077809,0.3039371,59.382366,0.15567546,102.65933,-3.8185291,12.866986,0.029865613,0.022483693,0.010009335,2.417962,1.9163764,0.23727271,0.15673317,0.26454544,0.34102425,-38.982872,11,2,11,SPEAKER_05,579.433333,602.933333,586.0490937500001,593.59221875,2,5.804999999999836,5.805,engaged
0.0,0.0,0.0,0.0,0.0,0.0,0.0,0.0,0.0,0.0,0.0058031497,0.055112593,0.0055404925,0.0057970546,0.005987531,0.00044703856,0.01858873,0.0012531035,0.027278405,0.013053034,0.000118806434,0.20778126,-4.7070127,-0.36131316,1.0606986,2.2470434,3.8455198,0.51593316,3.544821,0.57409036,0.0,0.0,0.0,0.0,0.0,0.0,0.0,0.0,0.0,0.0,0.0,0.0,0.0,0.0,-201.0,0.0,0.0,0.0,0.0,0.0,-201.0,0.0,0.0,0.0,0.0,0.0,-201.0,0.0,0.0,0.0,0.0,0.0,0.0,0.0,0.0,0.0,0.0,0.0,0.0,0.0,0.0,0.0,0.0,0.0,0.0,0.0,-0.92796373,10.948799,0.025179788,0.048028294,0.000119417935,5.882353,0.0,0.0,0.0,0.11,0.0,-96.01822,11,2,11,SPEAKER_00,579.433333,602.933333,594.2165937500001,594.53721875,2,0.18562499999984539,0.185625,engaged
33.838318,0.10418645,29.360283,35.309563,37.07377,7.7134857,47.22257,0.0,2.679965,15.520984,0.18096665,0.8013807,0.038497657,0.16355251,0.30580303,0.26730537,4.982624,2.9573574,1.0395218,1.7677897,0.08501764,1.2620476,18.819,0.99314016,15.4471,0.8576782,-1.868073,-4.7119675,-3.9905097,-3.255447,0.018091004,0.5696227,1.1482145,0.744537,7.2281823,0.48974466,13.873757,0.98386806,37.981247,0.22437006,648.10175,0.2673261,1393.4368,0.14426456,-107.60629,-0.839407,1758.6843,0.13586536,1092.3582,0.21906622,-108.86078,-0.7347174,2840.9941,0.08232229,1183.9382,0.30335757,-112.75139,-0.67733157,-21.023653,-0.3713385,30.923988,0.34827492,0.07281126,0.34174886,-0.021638384,-0.8663414,0.107849896,0.67348117,29.635935,0.46537566,18.9362,0.5441124,-2.0086174,-4.58075,-6.894753,-1.9385272,-7.5585647,14.655122,0.033819698,0.0108919,0.029327845,4.895105,3.7313435,0.13399999,0.063118935,0.111999996,0.1355581,-33.529804,11,2,12,SPEAKER_01,602.966667,606.166667,602.966667,606.166667,5,1.4449999999998226,1.445,disengaged
36.732483,0.088051476,35.104214,36.719444,38.289974,3.1857605,90.35515,81.38496,86.861404,189.38762,0.22282617,0.9406695,0.037022058,0.1554206,0.3836241,0.34660205,4.9415293,3.2512999,2.5540614,1.7477536,0.09468412,1.1817758,16.712446,1.3538002,11.942263,1.1308386,-5.2544193,-3.2416885,-8.549879,-1.7386384,0.03413875,3.4585805,1.2741541,0.7852539,8.907168,0.4243032,11.449499,1.0635386,34.715572,0.28948534,740.7696,0.24231598,1400.6586,0.17110088,-93.76404,-0.9713396,1826.3176,0.12301221,1197.2777,0.25415367,-99.411415,-0.821011,2951.1174,0.07687035,1077.5177,0.35146412,-103.649345,-0.74985975,-20.879707,-0.52894497,33.985382,0.28849304,0.070225276,0.2774892,-0.01821838,-0.8500035,0.15029384,0.74802774,31.92718,0.3055909,11.185058,1.3805195,-4.180993,-4.5833163,-16.242622,-0.77136266,-1.7336943,8.67973,0.041898444,0.020726334,0.011302219,3.0707612,1.6129032,0.36249998,0.32871276,0.26,0.26233217,-30.387955,11,2,13,SPEAKER_01,606.2,635.033333,606.2,618.43221875,3,7.507218749999765,7.5071875,engaged
45.134026,0.10212034,42.28548,45.286087,45.38471,3.099228,103.21493,70.59123,293.2249,0.0,0.022134228,2.1073313,0.005380223,0.0061278036,0.012346772,0.0069665485,1.0628933,0.76241237,0.07500761,0.33207932,0.0050697764,2.7856934,3.5968733,2.7305295,5.928534,1.0982127,-0.23221217,-42.268433,3.3015344,3.6748002,0.028499594,0.6118639,1.6680377,0.8189451,5.5207806,1.1902605,10.301235,1.2226429,26.947193,0.37068284,852.1046,0.2451542,1187.7555,0.13817751,-188.91318,-0.23496091,1859.0747,0.17641754,1266.5624,0.179672,-187.4511,-0.23214467,2847.1785,0.1284481,1050.8807,0.43463674,-187.92384,-0.2237451,-10.682525,-0.7970058,30.420265,0.37490836,0.06570128,0.50815046,0.011664491,1.6136564,0.037442956,0.6835217,22.287296,0.5731587,-1.5772127,-6.063547,-18.755754,-0.7597311,-19.618546,-1.0588576,-5.5621176,15.704378,0.020818038,0.0338645,0.0017887672,1.5350877,0.8948546,0.082499996,0.085256964,0.81,0.500999,-50.824142,11,2,13,SPEAKER_03,606.2,635.033333,615.5634687500001,632.0503437500001,4,4.573124999999891,4.573125,engaged
38.64452,0.0738309,36.717426,38.465652,40.557686,3.8402596,79.864075,86.818954,30.945482,31.0268,0.24460809,0.97658134,0.029036697,0.17349327,0.45612776,0.42709106,4.1958494,2.6677501,2.5582104,1.8057528,0.06698254,1.2004927,16.361254,0.91202164,11.695958,1.1050441,-2.6253211,-5.8908224,-19.469873,-0.9676852,0.01283403,1.1903553,1.0739522,1.0254384,10.887479,0.32789776,10.884709,0.9805858,30.487936,0.33642444,738.073,0.19876544,1276.0393,0.14523411,-79.96382,-1.1360426,1857.7971,0.102364495,937.3238,0.33125198,-86.79878,-0.9160647,2911.602,0.060236547,779.64417,0.387877,-88.48292,-0.8823502,-19.897022,-0.36861616,28.242678,0.3218476,0.074969225,0.28121912,-0.03158696,-0.5096216,0.09920071,0.8597637,23.629412,0.42312315,12.111722,1.1635615,-1.8985387,-8.962828,-29.238281,-0.5300748,-6.0925875,13.729993,0.045821264,0.011745087,0.0068207807,2.6058633,2.152318,0.29692307,0.18040061,0.191,0.14631815,-30.768084,11,2,13,SPEAKER_02,606.2,635.033333,618.43221875,635.033333,6,6.155489250000187,6.1555,engaged
29.470034,0.06098235,28.077972,29.84919,30.34608,2.2681084,337.78882,319.10492,162.63206,77.38951,0.25603145,0.61997503,0.07671617,0.24027713,0.46007362,0.38335747,3.4887562,0.414831,1.1918164,0.0,0.085960425,0.71380085,22.031246,0.7210952,14.522712,0.8123612,5.080803,2.4978752,0.9261151,8.110108,0.067104965,1.2920408,1.5580424,0.5943315,4.224069,0.5205067,0.824512,10.578996,25.636623,0.19113092,481.49966,0.28034577,1417.0876,0.101021476,-69.49376,-1.2533469,1525.396,0.1412745,1023.72577,0.12211766,-77.902626,-1.0533587,2585.152,0.07155986,1139.5641,0.3226555,-84.920555,-0.90146816,-14.078816,-0.39918792,25.487148,0.31725278,0.06364145,0.22878554,-0.009963842,-1.0720501,0.12664594,0.3530379,28.822704,0.47904477,8.927694,1.107432,3.752625,3.5696037,-1.252602,-4.4776063,-17.891264,27.029764,0.061620932,0.002801682,0.031225234,1.6393442,3.5714285,0.17,0.13,0.089999996,0.02,-34.656204,11,2,14,SPEAKER_05,635.066667,635.733333,635.1047187500001,635.733333,1,0.6286142499999414,0.628625,disengaged
30.370665,0.22810481,26.65502,28.317024,31.591127,4.9361076,48.51402,34.332073,98.70693,15.492305,0.16561668,0.7733863,0.072414756,0.14381963,0.24593358,0.17351882,1.968919,0.7477463,1.8509916,1.8076786,0.048960127,1.3849239,17.462141,1.5973945,14.086917,0.8327605,10.898358,1.3035967,2.9753606,4.449299,0.01640225,0.9605115,1.1873325,0.80890423,7.048564,0.4057876,1.204448,8.671703,29.431454,0.35694703,547.41925,0.3581334,1309.8983,0.14853168,-86.79168,-1.0719935,1642.5352,0.1384625,1063.4668,0.24282715,-94.623375,-0.8656349,2709.1382,0.087446086,1092.2473,0.40032002,-98.97316,-0.78813845,-18.114971,-0.5497952,29.27752,0.38807696,0.05632814,0.4005637,-0.005733521,-2.700347,0.07127593,1.125111,32.40961,0.49635464,14.913638,0.7758418,12.2158575,1.2728839,1.2479209,11.564399,1.7075664,7.0637302,0.034897514,0.023801595,0.016306598,3.233831,2.7707808,0.20909089,0.158025,0.13181818,0.07778971,-34.503063,11,2,15,SPEAKER_05,635.766667,740.7,636.2859687499999,688.19346875,5,4.033124999999927,4.033125,engaged
38.55266,0.0825302,36.69364,38.343857,40.449375,3.7557335,181.96558,403.10858,32.303875,29.028645,0.27054268,0.8267615,0.069275044,0.21177757,0.46599564,0.3967206,5.2090793,3.28582,3.216678,2.1733608,0.08879325,1.1110152,20.622738,0.89319474,12.08635,0.9703837,-3.016364,-5.249957,-22.683756,-0.9166529,0.018868208,1.7891821,1.0693821,0.98104364,10.495664,0.39373773,12.84967,0.76647156,33.73165,0.31355864,733.7601,0.25311708,1359.53,0.1668852,-72.97249,-1.1768165,1839.3687,0.13242513,1144.6335,0.2882011,-79.20967,-0.9208903,2918.158,0.075215146,906.29944,0.32624057,-81.42717,-0.8793711,-20.893604,-0.44790158,31.999014,0.34603992,0.07493454,0.2809813,-0.02818873,-0.5708723,0.111906014,0.87210786,27.761545,0.43316755,12.285924,1.0246236,-3.9930801,-4.3339043,-29.196463,-0.66060483,-6.0736837,14.604065,0.0480921,0.0065425914,0.030483471,3.442266,2.139738,0.32714286,0.31651157,0.12955555,0.15148091,-30.567791,11,2,15,SPEAKER_02,635.766667,740.7,637.2647187499999,729.28409375,15,22.966875000000073,22.966875,engaged
38.30953,0.0,38.30953,38.30953,38.30953,0.0,0.0,0.0,0.0,0.0,0.10986571,0.71166444,0.036867943,0.0797404,0.1743925,0.13752456,0.04054176,0.0,0.0,0.0,0.1358695,0.9797026,16.49866,0.9005962,25.033894,0.3368313,3.2309203,2.644785,1.2616446,5.535859,0.0,0.0,0.0,0.0,4.730318,0.0,20.829645,0.0,26.67729,0.0,940.20685,0.0,1269.0001,0.0,-38.824074,0.0,1800.3677,0.0,1378.9031,0.0,-48.760044,0.0,2573.4565,0.0,1026.2936,0.0,-50.419792,0.0,-0.4399583,0.0,6.847271,0.0,0.032366663,0.0,0.041646823,0.0,0.0,0.0,-2.2612433,0.0,14.510291,0.0,-8.441967,0.0,16.075441,0.0,0.0,0.0,0.0,0.0,0.0,0.0,0.0,0.0,0.0,0.0,0.0,-32.578068,11,2,15,SPEAKER_00,635.766667,740.7,645.0947187500001,645.16221875,1,0.06749999999988177,0.0675,engaged
37.086357,0.08837448,35.214363,36.91669,38.720657,3.5062943,142.23062,139.83307,55.393112,79.60668,0.27030954,0.7383977,0.094030656,0.23081294,0.43217665,0.338146,4.55853,2.816845,2.6467319,1.6140118,0.109095275,1.0237284,24.09554,0.7866215,13.583914,0.9987794,-5.1209683,-3.1565666,-16.151344,-1.1395644,0.01949808,1.4654617,1.1447561,0.7935005,9.279462,0.42359895,10.217987,1.066164,34.878647,0.30337617,768.41705,0.21323076,1363.2961,0.1674993,-72.84976,-1.1713538,1862.183,0.119996466,1164.6382,0.29550657,-82.37585,-0.8998651,2954.6946,0.073697574,958.5471,0.3142427,-86.20318,-0.8272024,-20.43985,-0.5164581,32.53017,0.33035043,0.07411012,0.25095254,-0.025420219,-0.68435645,0.13787721,0.78999704,30.612053,0.4277475,12.905745,1.0876253,-5.808601,-2.8789666,-22.359266,-0.74627125,-9.417852,18.64517,0.051810455,0.005378037,0.04361667,3.3175356,2.6467595,0.25474358,0.24148963,0.11357142,0.11490411,-30.378122,11,2,15,SPEAKER_01,635.766667,740.7,644.03159375,740.7,20,29.55653124999958,29.5565625,engaged
36.23355,0.09971535,33.239277,36.530666,39.618027,6.37875,17.880768,5.8665204,27.373583,19.382921,0.23319316,0.8674569,0.056249794,0.16434525,0.45231017,0.39606038,2.6464055,0.7572408,3.8425856,2.7605717,0.072025195,1.0366048,20.871162,1.013781,6.911109,1.4993612,-6.072401,-3.1598582,-14.293685,-1.0466273,0.01695794,1.5479552,1.32646,0.86720186,9.0872,0.42662615,5.981691,1.5775759,28.37037,0.43236822,765.316,0.24648583,1403.0394,0.15511726,-91.08871,-0.99946356,1809.7721,0.1499155,1126.8359,0.29158473,-92.36689,-0.90142936,2915.4326,0.08106362,976.5243,0.31957284,-96.8807,-0.8208946,-13.911173,-0.72079724,28.793789,0.3594685,0.068819806,0.24446677,-0.022146115,-0.67685986,0.0932648,0.6911045,29.3257,0.36139837,5.5078645,2.1138482,-7.566362,-2.9160297,-20.668447,-0.70846,-7.076645,17.352448,0.062009133,-0.0020435895,0.043510832,3.265306,3.3333335,0.17125,0.1264355,0.14166667,0.10573814,-33.931126,11,2,15,SPEAKER_03,635.766667,740.7,664.31534375,715.95284375,6,2.4637500000001182,2.46375,engaged
40.65165,0.06419285,38.74656,40.420937,42.891136,4.144577,73.7167,63.533394,44.13025,14.349192,0.16386579,0.9087384,0.013659788,0.13655655,0.307807,0.29414722,5.63817,3.7013946,0.8146102,0.8493901,0.055698413,1.0242182,23.019024,0.60902005,10.357587,0.76590645,-6.4573197,-1.7017703,-29.101122,-0.7577753,0.012288839,0.80164194,0.95093477,1.1684154,11.273807,0.35952884,18.634382,0.5868227,38.665955,0.21903174,735.3234,0.16842571,1290.1011,0.16664569,-77.392815,-1.1136727,1855.2124,0.10250678,1070.7643,0.19625124,-89.467964,-0.8130689,2923.9587,0.06752908,718.2033,0.25355086,-90.007675,-0.80458397,-24.782955,-0.3658797,34.497726,0.28155473,0.08067468,0.26365805,-0.0346886,-0.5748841,0.08080716,0.72750205,28.772947,0.31864646,10.206441,0.89361054,-8.438977,-1.4894458,-41.543037,-0.38342035,-12.5688715,24.217382,0.045837916,0.01756395,0.010984314,2.857143,3.0,0.21666665,0.057927154,0.14,0.06,-35.6533,11,2,15,SPEAKER_04,635.766667,740.7,667.7240937500001,669.4622187500001,3,1.0631250000001273,1.063125,engaged
36.040157,0.01871386,35.563457,35.83048,36.519535,0.9560776,7.2200813,7.1563435,10.957438,4.2710667,0.21337289,0.50112706,0.105398774,0.23906827,0.3003546,0.19495583,3.587643,0.8870653,1.622147,1.3737196,0.08672887,0.7260378,24.625051,0.6523571,24.613483,0.31370983,3.726126,2.881631,-4.634898,-2.1376214,0.020522818,0.6979871,1.3007004,0.6431933,9.024699,0.29772183,21.911013,0.30030903,39.377098,0.24370939,696.6221,0.19438112,1465.4008,0.17674714,-52.43418,-1.2238623,1830.1584,0.09393609,1344.2188,0.3815962,-65.73098,-0.82471156,2908.6443,0.089613244,1200.7029,0.22222269,-69.343216,-0.75334233,-22.891493,-0.43695912,33.647175,0.37042516,0.0727929,0.29731792,-0.0129205445,-0.9278373,0.10575655,0.58348846,27.549614,0.54243076,23.77023,0.31628013,1.8056058,6.205177,-6.7685795,-1.4034338,-9.967293,15.141225,0.044191323,0.008577604,0.014055737,6.1538463,5.084746,0.15333332,0.07318166,0.04,0.02,-33.138557,11,2,16,SPEAKER_01,740.733333,741.4,740.733333,741.4,1,0.6666669999999613,0.6666875,disengaged
36.694363,0.106310375,35.133366,36.69924,38.88483,3.7514648,259.8314,256.13275,50.09662,58.658413,0.26940665,0.7780586,0.073509604,0.22798945,0.4369589,0.3634493,4.510484,2.3980317,3.1664686,1.8414832,0.11843444,0.9967563,25.745003,0.71659976,11.211838,1.2509362,-5.6660466,-2.99117,-12.192104,-1.4045944,0.02462243,2.440667,1.1845917,0.7735814,9.171267,0.42703414,10.531067,1.0289603,35.889908,0.307119,777.2422,0.23087062,1381.165,0.1839882,-75.55814,-1.1419413,1859.1718,0.120387025,1199.0935,0.23927876,-84.7063,-0.8960196,2979.4277,0.07597285,1037.321,0.283855,-89.80804,-0.8007648,-20.075129,-0.6027212,34.362675,0.3091887,0.07358316,0.2525332,-0.019769736,-0.9684291,0.15692487,0.75989175,32.98831,0.35001007,10.630491,1.3825456,-6.5054336,-2.8330183,-18.052088,-0.86909264,-8.694764,18.692026,0.05101982,0.009839439,0.034656428,3.7547367,2.3834198,0.2772464,0.21378498,0.1320635,0.15718919,-29.303528,11,2,17,SPEAKER_01,741.433333,815.233333,741.433333,815.233333,15,29.04749999999956,29.0475,engaged
37.573288,0.04965478,35.44376,38.378616,39.429783,3.986023,20.593723,10.828762,11.396262,0.0,0.10237611,0.7576654,0.03061874,0.076363035,0.18373613,0.15311739,2.1520052,0.2974103,0.45398715,0.7051577,0.0413964,0.88660884,29.08214,0.44320413,14.988247,0.61924493,5.228194,2.2767289,-3.6987066,-3.175881,0.01151363,0.70471036,1.2605622,0.900693,11.73461,0.2052515,13.765815,0.604279,37.2433,0.26576048,784.4142,0.26590145,1374.6984,0.0783075,-90.81013,-0.84807044,1899.6127,0.09388538,1283.1854,0.28340414,-95.65227,-0.72211754,2973.3857,0.07252023,1057.4187,0.18264374,-100.37482,-0.65368634,-28.622425,-0.29125452,41.19374,0.2186824,0.050520938,0.4857335,-0.0151505405,-0.99969673,0.0621714,0.6584819,35.457314,0.25885916,17.968369,0.41013888,6.9829664,2.0736592,-6.018873,-2.3337133,-17.845186,29.186975,0.03490271,0.006322378,0.016737184,4.255319,4.7619047,0.13,0.02,0.06,0.0,-36.67385,11,2,17,SPEAKER_00,741.433333,815.233333,768.92346875,786.35534375,3,0.48937500000010914,0.489375,engaged
38.186344,0.064392716,36.73479,38.085342,39.713207,2.9784164,148.38379,178.0338,25.407875,16.27983,0.3050978,0.960241,0.052184496,0.2052028,0.5896951,0.5375106,5.117779,3.8109634,2.4729378,1.620999,0.10663849,1.5013576,19.048199,0.9593764,10.777249,1.0546792,-9.460935,-1.4411377,-24.38415,-0.8775776,0.018762028,1.3275006,1.042528,0.98129624,9.909835,0.38632244,8.421233,1.4420506,34.301765,0.31590253,758.36346,0.19550261,1335.0593,0.1612972,-77.270935,-1.1898905,1857.1573,0.109459214,1096.0308,0.2392766,-86.65607,-0.9071928,2957.426,0.066923395,832.22766,0.40680513,-89.02492,-0.86377454,-20.126652,-0.37442297,31.093414,0.30734512,0.08219656,0.23341472,-0.031904105,-0.5394238,0.14974245,1.1947876,27.3318,0.3886965,9.498885,1.2430102,-11.191383,-1.3558218,-34.712273,-0.5042612,-5.991147,14.239,0.049054585,0.004415385,0.024148848,3.0075188,2.1464648,0.29941177,0.22477362,0.14647058,0.10954135,-28.48442,11,2,17,SPEAKER_02,741.433333,815.233333,758.8828437500001,786.33846875,8,7.998749999999973,7.99875,engaged
36.983437,0.13161102,34.805416,37.348347,40.123154,5.3177376,204.40477,347.3929,61.195885,35.12417,0.20434043,0.8908212,0.039497323,0.17084087,0.32076848,0.28127116,3.3008142,1.9139011,2.8498216,1.9497781,0.06851662,0.95049846,22.107418,0.7940432,10.809858,1.0334253,-5.3115516,-2.6324322,-13.067656,-1.2784369,0.031836953,1.6866235,1.2555792,0.8092362,8.607874,0.48038048,8.401928,1.3841817,34.956196,0.22123513,748.4734,0.2570722,1373.9906,0.1640958,-85.014626,-1.0482088,1814.194,0.11935892,1097.118,0.2230153,-91.52067,-0.85739344,2971.9495,0.07507487,927.7022,0.34322444,-97.5179,-0.75583905,-20.005692,-0.46773815,33.294735,0.32414904,0.07270486,0.29653865,-0.022270028,-0.6971499,0.09522021,0.6730908,29.519617,0.41538075,9.679364,1.229772,-7.691011,-2.0465474,-19.060446,-0.8282326,-9.793954,19.244205,0.04968872,0.007916089,0.021669712,3.6324787,3.4632034,0.17375,0.10582267,0.10714286,0.11157499,-33.998184,11,2,17,SPEAKER_03,741.433333,815.233333,766.93221875,775.40346875,5,4.6912499999998545,4.69125,engaged
28.891287,0.18532063,26.90559,27.933393,29.328184,2.422594,1402.0122,1532.9252,87.2659,80.12514,0.13015534,0.6872601,0.055751294,0.111555256,0.20170946,0.14595817,2.1988828,1.5083855,1.5266969,1.4865413,0.033002358,0.9575744,20.705547,1.2176126,17.077389,0.6210969,11.677391,1.1029383,8.365394,1.4442176,0.019556284,1.0495378,1.3800721,0.96343124,6.401723,0.49257776,-0.9697837,-6.375713,32.192432,0.26502877,548.84485,0.36144486,1310.4095,0.1768982,-85.15135,-1.0469363,1644.7563,0.129547,1077.627,0.283357,-96.405876,-0.8177537,2702.1946,0.07396642,1129.25,0.28716338,-100.86016,-0.7420501,-19.787674,-0.5631385,30.712471,0.4269276,0.04450538,0.4444686,-0.0030808984,-5.596125,0.04167928,0.7837935,32.33708,0.5335512,17.895233,0.47890267,15.969655,0.71335244,9.570667,1.3466532,-2.5917718,11.459407,0.033756997,0.018325808,0.020699522,3.9312043,3.7406485,0.152,0.1293677,0.11,0.06770979,-40.073402,11,2,17,SPEAKER_05,741.433333,815.233333,770.6784687500001,813.0347187500001,5,4.083750000000009,4.08375,engaged
37.706913,0.09389755,35.370773,37.6077,40.7954,5.4246254,133.82066,126.14163,43.98585,53.965553,0.3736979,0.44479525,0.232272,0.37134728,0.54184973,0.30957773,4.222208,2.098272,3.0042398,1.508455,0.14122747,0.5771706,33.114223,0.22468099,5.4501057,2.4916592,-13.314595,-1.1252906,-25.279137,-0.5826004,0.028724063,1.5736517,1.1715072,0.73270136,8.456415,0.41979885,7.3230667,1.3805169,35.71014,0.20771244,793.2707,0.20930842,1343.1665,0.20663698,-40.271507,-1.7696365,1904.0243,0.14551339,1116.1628,0.2603253,-54.75818,-1.1150783,3005.8093,0.08684525,1030.4727,0.26581165,-61.68502,-0.93226355,-18.364008,-0.46025553,32.220764,0.2266789,0.0823674,0.20899622,-0.027400639,-0.6145146,0.1504701,0.52813953,33.623554,0.20606954,5.3010793,2.6017835,-13.627509,-1.0754397,-26.72452,-0.5335736,-18.420519,29.171495,0.08853859,-0.018956859,0.106925964,4.2253523,2.5179856,0.3228571,0.29030594,0.076,0.018547237,-30.004934,11,2,18,SPEAKER_01,815.266667,818.933333,815.266667,818.933333,2,2.8566660000000184,2.8566875,disengaged
36.574795,0.061178017,35.108234,36.646896,38.199646,3.0914116,107.0691,100.51258,25.13569,27.225597,0.27387753,0.73658895,0.091144174,0.24216227,0.436678,0.34553382,4.741532,2.450496,2.7322402,1.5150836,0.12348304,0.94106495,28.287258,0.6024006,14.54199,0.9098557,-3.6246457,-4.1151056,-13.462935,-1.1561264,0.020168953,1.7727842,1.1956254,0.75880957,9.37387,0.37605116,11.660421,0.93588847,37.84403,0.27096716,768.9997,0.22720315,1362.2241,0.18470713,-66.240746,-1.2213572,1878.6954,0.12078587,1173.9321,0.2831966,-77.151726,-0.90363127,2987.0703,0.07508498,1049.395,0.27542192,-82.01306,-0.81032526,-23.219374,-0.42451245,35.838276,0.28279063,0.076996975,0.25893348,-0.023836708,-0.6400867,0.15557411,0.75011086,34.237926,0.3005969,14.108226,0.9505385,-3.8013904,-4.097468,-18.077097,-0.76773953,-11.798548,20.12328,0.050670013,0.0065627294,0.03282964,3.6323204,2.680566,0.2663889,0.19442439,0.11296296,0.08575654,-29.14122,11,2,19,SPEAKER_01,818.966667,843.166667,818.966667,843.166667,8,13.501249999999914,13.50125,engaged
38.79026,0.04482605,37.283882,38.715115,40.585205,3.301323,21.948654,4.9572935,6.606534,9.483932,0.23251924,0.5417623,0.11809522,0.20894141,0.33973452,0.2216393,3.042606,1.4065725,1.8014762,0.7971207,0.07474269,0.5782152,31.900236,0.22330166,1.8259546,8.897207,-7.647032,-1.8050925,-10.128903,-1.1373874,0.025061542,1.4373126,1.2307185,0.5653802,8.802844,0.37838343,8.237827,1.2755643,29.55322,0.28937268,798.9804,0.21077879,1390.2161,0.15342422,-28.890196,-1.6520358,1816.0294,0.11254205,1180.4862,0.310699,-38.391933,-1.1291714,2913.7617,0.077614985,976.56244,0.31381038,-47.652496,-0.85082716,-18.141012,-0.44199768,31.847311,0.31252885,0.05812635,0.34145385,-0.014433119,-0.9797738,0.074730806,0.5446251,31.858414,0.22891189,2.410255,6.8511086,-7.5135775,-1.8933493,-10.4013405,-1.0446663,-16.339176,30.126905,0.056828436,-0.010871046,0.053232737,4.5248866,1.4018693,0.65333337,0.29238483,0.055,0.024999999,-35.716396,11,2,19,SPEAKER_03,818.966667,843.166667,834.21284375,836.44034375,1,2.2274999999999636,2.2275,engaged
40.166035,0.07207614,37.8581,39.92304,41.811687,3.9535866,42.199627,47.997364,84.11607,76.88109,0.43669328,0.7379311,0.12591802,0.38978878,0.72771084,0.6017928,5.531078,3.4140973,2.6152282,1.6476469,0.13903442,1.0813007,16.946459,0.75246173,4.692539,2.2951672,-13.969764,-0.77452606,-35.997295,-0.6643112,0.023792429,2.8479102,0.7882481,0.7919607,10.247895,0.46201992,9.756696,1.3030493,30.10847,0.3710683,766.75037,0.23204069,1315.4874,0.16940089,-59.9152,-1.4888896,1874.5764,0.13217068,1086.3414,0.39361417,-67.07185,-1.1242547,2912.111,0.06692951,860.49304,0.40909111,-70.13263,-1.0500265,-16.336533,-0.43272284,26.125572,0.32434943,0.06446197,0.26649988,-0.03297971,-0.56536955,0.16710998,0.9622201,19.404278,0.5540255,4.139827,2.7155993,-14.868585,-0.7675685,-43.453087,-0.46235907,-9.769704,18.533314,0.055581875,-0.009395935,0.06663081,2.895323,2.2522523,0.32,0.2550294,0.103999995,0.06916647,-26.37572,11,2,19,SPEAKER_02,818.966667,843.166667,836.60909375,841.6884687500001,3,4.5056250000002365,4.505625,engaged
20.699432,0.0,20.699432,20.699432,20.699432,0.0,0.0,0.0,0.0,0.0,0.08011616,0.64652306,0.033039294,0.06819467,0.12785931,0.094820015,-0.68578506,0.0,1.6536148,0.0,0.03178703,0.62568605,30.53252,0.22191308,18.395544,0.22259429,7.8299985,0.9566406,-9.214236,-1.4884281,0.0,0.0,1.6505175,0.0,1.7830565,0.0,-9.229236,0.0,34.35504,0.0,824.1941,0.0,1956.408,0.0,-160.17003,-0.3398894,2026.3464,0.0,1427.8215,0.0,-163.4446,-0.306366,2913.5325,0.0,1447.827,0.0,-163.39186,-0.30689853,-31.568863,0.0,39.219803,0.0,0.075955525,0.0,-0.019416105,0.0,0.031141281,0.0,36.42651,0.0,22.997118,0.0,17.36953,0.0,-8.55253,0.0,-28.18967,37.142082,0.0702915,-0.02749545,0.05346944,0.0,0.0,0.0,0.0,0.06,0.0,-45.224857,11,2,20,SPEAKER_01,843.2,843.6,843.2,843.3759687500001,1,0.1759687500000382,0.1759375,disengaged
36.787216,0.09996584,34.944218,36.43583,38.26848,3.3242607,164.10577,208.34898,649.4396,1228.8496,0.27687013,0.7328997,0.08586694,0.22371909,0.46153447,0.3756675,4.194392,2.3789244,3.1031225,1.5503907,0.12761901,0.86063,24.803753,0.7979771,15.300989,0.9572283,-4.4469056,-4.103635,-13.520902,-1.1769483,0.023778003,1.6277864,1.2343618,0.7618553,8.70884,0.45601758,10.253969,1.2436947,34.64923,0.3739446,783.2552,0.22090118,1376.6796,0.1721671,-67.77756,-1.186774,1879.6216,0.11574766,1181.5569,0.25019985,-78.38665,-0.89754796,2987.7065,0.06733865,1019.18494,0.27140722,-82.38324,-0.8133117,-21.15707,-0.58003926,34.186058,0.3544142,0.07056317,0.30812037,-0.020840894,-0.86177427,0.16410027,0.6494117,30.95241,0.45787328,15.070165,0.9655564,-2.9828415,-6.3364987,-18.591253,-0.7577053,-8.933811,18.337654,0.054572254,0.008253971,0.03463789,3.8732398,2.83353,0.24624999,0.16494475,0.090909086,0.07873484,-28.741121,11,2,21,SPEAKER_01,843.633333,873.0,843.86534375,856.3022187500001,5,8.538750000000164,8.53875,engaged
30.307665,0.28707823,27.295269,27.773167,29.055504,1.7602348,-4.63326,0.0,47.33228,0.0,0.21048091,0.62027824,0.103749394,0.17564441,0.29461855,0.19086915,2.2570426,1.2729001,1.6258917,1.1694998,0.048275415,0.7954199,17.333464,1.8260304,13.394491,0.91938895,-3.3514984,-3.7743979,1.5274371,7.6769643,0.014504583,0.79040426,1.0753944,0.9327979,5.6632752,0.6231484,0.6978595,7.977288,31.702225,0.6154175,513.2552,0.29240614,1388.0427,0.162785,-77.223,-1.2020326,1478.3787,0.12585975,1120.0796,0.18019389,-84.59401,-1.024812,2686.904,0.08101114,1075.7527,0.21215004,-93.16274,-0.8320518,-11.193065,-1.1555905,30.35706,0.4968137,0.04231386,0.35658124,-0.003624198,-4.7903495,0.065858714,0.5690866,34.61247,0.6540766,12.01722,1.1344223,-8.114504,-1.2443329,0.4582255,28.159887,6.039842,-0.5337988,0.040766966,0.019251667,0.022164913,4.458599,2.631579,0.235,0.17528547,0.125,0.058523495,-37.42716,11,2,21,SPEAKER_05,843.633333,873.0,854.68221875,856.26846875,1,1.5862500000000637,1.58625,engaged
37.23928,0.039029278,35.88703,37.091717,38.429398,2.542366,76.945984,146.4058,22.41483,15.404425,0.073406585,1.2114879,0.008243647,0.047398534,0.11695298,0.10870933,2.5105417,3.2556129,0.6181821,1.2762452,0.016464306,2.1424563,20.935303,0.8252607,8.317419,0.9142925,-1.8473439,-4.7494426,-3.5732293,-3.1692553,0.016591087,0.969922,1.1017646,1.1015978,11.116845,0.24888712,8.66035,1.3602476,36.558952,0.19138865,703.4088,0.2751966,1437.1682,0.1514746,-125.63518,-0.69816166,1733.6365,0.11951303,1176.9668,0.19733833,-125.47699,-0.64260364,2910.8594,0.07049133,983.46277,0.27944204,-130.68338,-0.5730761,-21.691286,-0.32232562,36.695755,0.2139989,0.06703696,0.2471661,-0.00964956,-1.3790005,0.029685186,1.5828424,34.268444,0.23703359,9.717123,0.82352585,-2.2146463,-4.814384,-9.929881,-1.2690427,-8.110216,18.143095,0.039586622,0.01834659,0.005768908,1.9032514,2.2310758,0.19107144,0.09442833,0.25538462,0.121219166,-42.51688,11,2,21,SPEAKER_04,843.633333,873.0,856.3022187500001,871.75971875,4,12.622500000000173,12.6225,engaged
31.420115,0.1076419,27.96209,32.229675,33.99004,6.0279503,55.393066,14.800382,42.887753,15.924813,0.12751186,0.7205121,0.030488644,0.115848325,0.2290366,0.19854796,2.6478763,1.7558544,1.1462382,0.8258102,0.041817535,0.7403686,29.210987,0.47066048,12.77895,0.8492056,11.779834,0.844188,9.041929,0.78762275,0.022884075,1.642684,1.1900659,1.0182922,6.188107,0.46525985,9.552019,1.2486216,33.665257,0.31242615,482.95865,0.28489265,1362.9889,0.11797774,-106.60955,-0.86536926,1568.256,0.07105229,1100.8015,0.17090976,-114.666504,-0.71521646,2660.099,0.09489197,1015.77264,0.18063237,-118.30576,-0.6658357,-22.00543,-0.39076653,33.668266,0.28421643,0.040114705,0.51014125,-0.0051850206,-1.3744109,0.05762737,0.5575799,35.245403,0.19656038,14.508264,0.82039255,13.092823,0.7050051,9.531702,0.8186502,-14.784138,24.774574,0.04306761,0.001606809,0.03216249,3.3707867,3.5714288,0.13,0.02828427,0.13,0.021602469,-41.391335,11,2,22,SPEAKER_05,873.033333,875.466667,874.56096875,875.466667,1,0.9056982500000004,0.9056875,disengaged
31.33719,0.01131434,31.12693,31.521713,31.583454,0.4565239,0.0,0.0,-0.12568355,0.0,0.05646899,0.40032026,0.035434686,0.052197292,0.08178012,0.046345435,1.4129301,0.0,-0.70302373,0.0,0.018602824,0.468157,35.94443,0.17088675,26.658829,0.18594626,19.546896,0.18582693,13.678344,0.24345843,0.03376932,0.5686726,2.6907454,0.7119553,9.388727,0.08259713,22.149998,0.1520324,48.9684,0.0543886,726.0922,0.31143412,1359.1757,0.05648074,-21.44157,-0.61328,1814.674,0.082229175,1153.8236,0.09381017,-43.913853,-0.043029245,2936.9849,0.045452774,1072.3257,0.09189768,-52.92208,-0.027133496,-29.828436,-0.19857769,41.296597,0.16096023,0.01536775,0.60549986,0.00073001604,9.709619,0.023979494,0.28167766,37.021088,0.16558877,25.692314,0.24615192,19.532063,0.23607318,12.484459,0.27511555,0.0,0.0,0.0,0.0,0.0,7.142857,12.5,0.07,0.0,0.0,0.0,-46.33474,11,2,23,SPEAKER_05,875.5,964.166667,875.5,875.65784375,1,0.15784374999998363,0.1578125,engaged
37.11763,0.09004422,33.805,35.954487,40.60259,6.7975883,98.34749,122.58868,27.77373,19.518421,0.3560648,0.63876003,0.18946865,0.29967517,0.51441836,0.3249497,5.5338497,3.3660278,3.7695568,1.6715219,0.12549032,0.82238764,28.886894,0.4163649,7.405126,1.7746439,-4.726817,-3.1833868,-17.79048,-0.8087724,0.019635761,1.523661,0.99397373,0.7678864,9.2399025,0.3431521,8.364919,1.0741093,33.006084,0.24944909,705.0957,0.2319486,1413.9133,0.15056299,-36.13799,-1.757594,1779.5763,0.11357366,1149.0333,0.2481408,-47.629436,-1.1398393,2870.987,0.07591262,968.1313,0.40394968,-53.100365,-0.9823386,-18.544035,-0.43096647,29.078285,0.27427375,0.068215884,0.30300435,-0.020710943,-0.82889044,0.1376559,0.7564238,30.07014,0.3514007,5.3245745,2.4043639,-5.4984,-2.8722308,-20.368979,-0.66843724,-16.5929,26.803709,0.04895339,-0.00952812,0.060692094,3.8834953,2.310231,0.36857143,0.3469223,0.053333335,0.019720268,-29.287588,11,2,23,SPEAKER_03,875.5,964.166667,875.92784375,880.0959687500001,2,3.1050000000002456,3.105,engaged
36.524776,0.032313667,35.44156,36.231388,37.61635,2.1747894,29.998215,33.999756,18.573854,5.515369,0.10501199,0.9898072,0.022471622,0.064664006,0.17729431,0.15482269,2.3349807,1.7389163,1.1632403,0.84004396,0.02164519,1.3175099,18.575802,1.057614,8.299047,1.1741728,-3.5895545,-3.12502,-9.438853,-1.6061617,0.015959386,0.9964408,1.0511621,1.0005667,10.119115,0.34203717,-1.8477147,-7.265077,32.17103,0.4200993,693.03033,0.21436156,1390.0504,0.15465705,-114.909035,-0.8038366,1724.8595,0.107724324,1223.8318,0.25130117,-120.871635,-0.67984766,2887.9033,0.075538605,880.27374,0.21252285,-125.783714,-0.61153585,-19.920588,-0.33481035,34.84689,0.22503483,0.06557761,0.2922216,-0.018712752,-0.7904874,0.038786642,0.85237247,33.833694,0.2533525,8.506617,1.1273657,-8.279571,-1.3820534,-19.0729,-0.7442938,-6.4904766,15.506442,0.035840172,0.012563278,0.0067544547,2.96846,2.2471912,0.19583334,0.077293634,0.19357143,0.18317077,-42.308582,11,2,23,SPEAKER_04,875.5,964.166667,885.20909375,890.8959687500001,3,5.400000000000091,5.4,engaged
36.659283,0.09372857,35.128277,36.498096,38.272533,3.1442566,159.14003,235.60461,75.79774,137.60033,0.26677242,0.7488874,0.07835587,0.23525025,0.44353572,0.36517984,4.636833,2.6989279,2.7711887,1.4680552,0.104655914,1.0124457,23.392006,0.8645236,11.414256,1.1706467,-7.5633802,-2.0621252,-14.045539,-1.2608063,0.019301921,1.9454592,1.1381779,0.821208,9.071577,0.45423895,9.393069,1.24238,35.921608,0.3033914,756.02435,0.22772172,1372.0365,0.17546917,-77.11631,-1.1534522,1842.6024,0.120113134,1186.5842,0.27333817,-86.41652,-0.89666027,2970.5999,0.075386256,993.7581,0.31461883,-91.086426,-0.8114551,-20.023281,-0.5366176,33.52791,0.3225092,0.07511209,0.26372293,-0.022541603,-0.7855727,0.1422417,0.74528205,32.24314,0.3800235,11.239381,1.2215534,-8.155543,-2.0914323,-21.032146,-0.74631965,-6.8992834,15.639144,0.049923223,0.008507574,0.028959109,3.2694767,2.3279612,0.27747253,0.21298812,0.145,0.16233997,-30.323532,11,2,23,SPEAKER_01,875.5,964.166667,891.4697187500001,964.166667,21,39.166323249999664,39.1663125,engaged
39.096153,0.03345354,37.85749,39.340275,40.45694,2.5994492,51.575806,0.0,18.992424,15.162076,0.07046698,1.9952133,0.0056172665,0.017472276,0.06962607,0.0640088,3.2117074,1.9973394,0.8030357,0.8093644,0.03227261,2.658066,2.5588768,6.3341775,6.6641626,0.99842614,-2.1871295,-3.0286028,-7.4286294,-2.3439453,0.016188476,0.28191817,2.0184913,0.64526856,6.4231877,0.42260346,9.291283,0.7411148,31.2209,0.092671454,654.4093,0.27717638,1465.2474,0.21464424,-181.34886,-0.3084702,1714.3651,0.177138,1213.232,0.121237665,-174.68806,-0.3325654,2842.719,0.07104378,779.86865,0.23671322,-174.3553,-0.33836523,-16.230297,-0.32976764,21.94493,0.29591265,0.069453076,0.25006637,-0.038454223,-0.44315857,0.1702276,0.7884765,20.948502,0.4111559,9.512068,0.69707596,-5.7679768,-0.8261271,-43.36488,-0.4334312,-3.346651,12.916197,0.037944965,0.021977713,0.0075060087,2.34375,1.6260163,0.085,0.005,0.505,0.325,-37.880997,11,2,23,SPEAKER_02,875.5,964.166667,929.86034375,959.59409375,7,1.2993750000000546,1.299375,engaged
32.28887,0.08821689,32.643646,33.038128,33.615974,0.9723282,106.628975,0.0,-15.644039,0.0,0.19891378,0.6070041,0.075819045,0.19986495,0.32560474,0.24978569,1.7320237,1.6734278,2.448368,0.22030747,0.078544125,0.6143189,35.21731,0.17818128,8.710593,1.0845014,1.4669075,5.727096,-19.39504,-0.66293734,0.01914428,0.63404626,1.2797297,0.42941225,7.144636,0.3610557,11.8684,0.42437685,39.17757,0.24623816,814.25287,0.17571545,1301.0981,0.18211174,-80.937836,-1.1572458,2026.718,0.09246949,1044.1891,0.20362693,-91.75526,-0.8901426,3113.4653,0.06671389,1128.1027,0.18153735,-93.95037,-0.85287064,-24.434252,-0.1859946,34.64306,0.203151,0.077714115,0.12329028,-0.0357131,-0.22271588,0.10295187,0.38382465,38.692593,0.086599246,10.271569,1.1319182,-1.9358575,-2.3562841,-24.122889,-0.39617312,-23.931072,32.2701,0.06986713,-0.027449783,0.06743803,2.2727273,2.5641026,0.22999999,0.0,0.12,0.0,-36.20606,11,2,24,SPEAKER_01,964.2,965.1,964.2,964.65659375,1,0.45659374999991087,0.4565625,disengaged
36.046234,0.038964946,34.281727,36.2686,37.55131,3.2695847,25.844439,8.579336,36.399395,37.755108,0.27811128,0.65424305,0.11234641,0.25676358,0.3246382,0.21229178,3.929247,1.9619304,-0.27170938,1.0252484,0.1251695,0.58774173,35.063263,0.16583839,17.700397,0.8616904,1.9309156,10.69354,-10.760879,-0.9949183,0.022294413,0.8446658,1.5751288,0.9199729,9.487021,0.38240862,16.064539,0.6123278,40.686146,0.16030292,785.73975,0.25765446,1431.5975,0.10846525,-47.761463,-1.1188121,1940.9923,0.101539284,1180.1602,0.12614201,-63.903847,-0.679507,3048.9587,0.07236221,1004.79114,0.21319896,-68.36352,-0.5938543,-29.250439,-0.30768186,41.89596,0.18208495,0.06906917,0.21470445,-0.019105708,-0.4418826,0.11796029,0.533156,36.70099,0.12496737,22.655703,0.46212023,7.4453797,2.0295765,-9.924632,-1.0278388,-23.565443,33.111755,0.080676265,-0.011699735,0.08396811,3.6363635,4.0816326,0.21,0.049999997,0.02,0.0,-29.318172,11,2,25,SPEAKER_01,965.133333,965.7,965.133333,965.7,1,0.5666670000000522,0.5666875,engaged
36.42749,0.05339914,34.555897,36.35395,38.292576,3.736679,0.0,0.0,-0.26622567,0.0,0.14134032,1.238818,0.006404996,0.05820471,0.3447981,0.3383931,2.4668589,1.3786527,2.2787569,1.4984081,0.06107763,1.4951547,9.017981,2.4857523,3.0796528,3.7140846,-12.022296,-1.1323886,-3.2547662,-4.057232,0.021375488,0.7369779,0.9138077,0.3768351,7.327912,0.29912487,9.891055,0.7474361,44.296146,0.1621065,708.25226,0.22387151,1325.9618,0.14196207,-162.36548,-0.45807782,1718.4565,0.13504925,1140.1494,0.29001158,-159.30003,-0.44921696,2922.0435,0.09383629,1032.0431,0.1830435,-163.06578,-0.39766032,-17.484076,-0.46590516,34.055878,0.32226032,0.07333647,0.25189763,-0.024075136,-1.0677971,0.18757926,0.49789044,35.86252,0.4435226,9.810811,0.8101709,-9.863643,-0.838745,-20.133646,-0.53902,0.38763872,12.100736,0.04073373,0.02784862,0.024463663,1.9417477,1.0204082,0.22999999,0.0,0.35999998,0.21,-34.846375,11,2,26,SPEAKER_01,965.733333,966.866667,965.733333,966.866667,2,1.0489589999998543,1.0489375,disengaged
36.07784,0.110526465,34.43633,35.737938,37.536247,3.0999184,409.6775,459.3024,68.59746,131.38358,0.27002373,0.78441757,0.08390531,0.2258079,0.44370145,0.35979614,4.776511,2.6784935,3.1821308,2.3228014,0.11017149,0.9575924,25.365738,0.700843,9.615275,1.6681046,-7.438948,-2.2526572,-9.146599,-1.7005847,0.021110402,1.4841261,1.2655239,0.77065367,8.190773,0.4630712,9.241532,1.2337527,34.783333,0.36739108,755.1344,0.23798695,1380.143,0.1610543,-72.74594,-1.1810701,1830.5712,0.12731606,1202.0509,0.24673922,-80.58495,-0.94315714,2935.6206,0.0793674,1051.8242,0.26337594,-86.313484,-0.8311751,-18.512491,-0.6743528,32.979305,0.3412164,0.06861503,0.2900054,-0.015428368,-1.1916463,0.14326285,0.74774456,31.95109,0.3828381,9.201644,1.7964611,-7.859778,-2.2510388,-13.993291,-1.0181488,-8.849995,19.258205,0.04419423,0.010403759,0.03611414,3.2513182,2.9929578,0.22127451,0.18439445,0.10244445,0.10829292,-30.64253,11,2,27,SPEAKER_01,966.9,1119.866667,966.9,1096.51784375,19,34.15596874999994,34.1559375,engaged
37.454865,0.066263676,35.53712,36.7632,38.989136,3.452015,59.193764,109.040016,32.08289,35.35729,0.1450425,1.09963,0.011217718,0.08964401,0.2520696,0.24085188,2.5546029,1.5590177,1.5817053,0.90282613,0.031912778,1.7006251,15.184731,1.4049654,10.372049,0.8484495,-3.2984028,-3.813611,-11.515152,-1.6852107,0.012347624,0.9585647,0.9556808,1.1966236,11.245436,0.24259026,1.8866407,5.9421268,34.631756,0.27062544,771.01154,0.1699017,1315.8627,0.15985692,-114.23503,-0.81896186,1859.7831,0.09908115,1136.1827,0.24644843,-121.81883,-0.66933316,2975.374,0.065940455,914.0716,0.3199886,-125.087135,-0.6239362,-21.556,-0.32562697,34.26992,0.269805,0.066414185,0.35144255,-0.026982516,-0.6026019,0.058771033,1.1830484,32.39631,0.32984585,10.262016,0.7236997,-8.044945,-1.7160648,-26.8827,-0.57712203,-4.845629,14.557168,0.034668203,0.020695306,0.008272748,2.8382215,1.7110267,0.265,0.20742467,0.29944444,0.21541877,-36.127617,11,2,27,SPEAKER_04,966.9,1119.866667,979.81034375,1101.9009687500002,8,10.580625000000282,10.580625,engaged
40.27521,0.062126122,38.16659,39.51126,42.55574,4.3891487,74.8811,103.98145,19.397694,15.414046,0.3552687,0.81883866,0.10701927,0.21836042,0.6284778,0.52145857,2.3236659,1.5076572,3.839946,1.9482472,0.09908436,1.0688199,18.232544,0.92202514,10.378596,1.1231614,-7.942288,-1.5846939,-30.586264,-0.749288,0.011627991,1.0313969,0.75388384,0.99418765,12.334678,0.20492068,14.468948,0.6838829,33.213764,0.38876066,773.0857,0.20296876,1314.4501,0.1604464,-56.177948,-1.4088314,1890.4724,0.13240342,1124.9121,0.30631748,-68.69335,-0.96445,2953.7932,0.074975684,860.69183,0.31766015,-69.56549,-0.94484717,-21.698492,-0.4498883,31.632069,0.3458718,0.07573298,0.21772788,-0.028098073,-0.6010199,0.12348314,0.8819481,25.371796,0.36868304,11.279529,1.0448155,-8.698675,-1.2552593,-38.306355,-0.48500293,-0.45566875,7.601103,0.041277,0.011061233,0.018702267,2.4875622,1.5306123,0.50666666,0.3655437,0.0925,0.061390147,-28.936625,11,2,27,SPEAKER_02,966.9,1119.866667,990.34034375,995.8584687500002,3,2.0249999999999773,2.025,engaged
37.04707,0.043508533,35.074455,37.408737,38.514927,3.4404716,37.53683,32.026257,18.697008,2.6021707,0.06945449,0.91718817,0.00694785,0.054451376,0.1262486,0.119300745,1.6421505,0.9240215,1.3812327,0.5643854,0.019100428,1.0687946,15.061191,1.0682123,7.204616,1.02623,4.5961013,2.8863006,-9.799559,-1.4422742,0.021620417,0.78434795,2.5275223,0.54331994,8.400602,0.24974203,9.534117,0.8309335,33.193924,0.1825713,705.1206,0.18745111,1443.1572,0.17837171,-126.31286,-0.68585956,1728.9049,0.118794195,1136.0391,0.16053945,-123.826675,-0.6467157,2833.8098,0.07416744,933.767,0.16803546,-126.836655,-0.6076248,-18.329342,-0.2590765,28.05156,0.17335583,0.06776985,0.26947695,-0.012687016,-0.8774105,0.031111147,0.4893557,28.244423,0.30225903,10.511258,0.5260277,-0.22309169,-58.18341,-23.0081,-0.485491,-4.5497346,12.697079,0.033131227,0.023811214,0.011272476,5.555556,2.9126215,0.14666666,0.14429906,0.13,0.11202678,-46.49579,11,2,27,SPEAKER_00,966.9,1119.866667,1067.1722187500002,1102.0359687500002,5,1.0968749999999545,1.096875,engaged
28.486628,0.07516852,27.076164,28.61898,29.799183,2.7230186,180.22328,278.87592,26.42871,21.456589,0.15049425,0.7394779,0.048202097,0.13024513,0.2348456,0.1866435,2.6064458,1.2227825,1.7510587,1.178207,0.038328536,1.0026634,21.01587,1.0963205,15.35375,0.78703463,7.4276056,1.7852097,3.3805623,3.7811449,0.013692765,1.0167844,1.2127092,0.88011724,6.777039,0.3561359,0.2750168,23.386465,34.64679,0.24876726,586.4959,0.32405806,1429.1919,0.17579347,-84.6602,-1.0654281,1658.9988,0.13722007,1133.642,0.26651618,-93.60592,-0.87777096,2788.4204,0.094035886,1139.5347,0.2881317,-100.87296,-0.75507295,-19.162243,-0.5017633,31.838257,0.32859585,0.0452481,0.5279137,-0.008925477,-2.022044,0.053052004,0.74422073,34.77592,0.33082992,16.170452,0.6820801,7.5596967,1.8738036,3.2242463,4.1478887,-1.8572081,10.466714,0.03498314,0.022974486,0.015949583,3.2663317,2.528445,0.22999999,0.17751056,0.1425,0.1367068,-38.820168,11,2,27,SPEAKER_05,966.9,1119.866667,1026.46971875,1119.866667,10,7.975698250000278,7.9756875,engaged
37.862198,0.06842659,35.717533,38.07688,39.49553,3.777996,157.5357,266.1152,34.11144,39.407978,0.10023884,1.0328815,0.0052232402,0.08325557,0.18307447,0.17785123,2.4290075,2.13538,1.4935062,1.4253052,0.029798256,1.3103935,17.161322,1.196443,10.575963,1.0215316,-1.1693256,-11.637369,-9.141713,-1.6345435,0.015702333,1.1156833,1.10267,0.825632,10.41944,0.26850104,13.417357,0.68559885,39.462555,0.24341695,744.8446,0.225638,1433.6476,0.18262233,-107.986534,-0.8390173,1865.7281,0.1053923,1200.3159,0.25706586,-112.90289,-0.71183354,2978.9534,0.06643343,1043.182,0.30795473,-116.535995,-0.66015136,-23.743227,-0.37001628,37.964016,0.24681151,0.07189268,0.2625107,-0.020036288,-0.72099173,0.053047173,0.76584935,34.443474,0.24971719,14.130803,0.8491698,-1.4877026,-11.870054,-17.89162,-0.7896582,-2.2674115,10.938527,0.03821377,0.033507027,0.0033681341,2.0954597,1.1709602,0.45,0.46976587,0.34818178,0.6757059,-40.122055,11,2,27,SPEAKER_03,966.9,1119.866667,1073.0615937500002,1119.02909375,7,8.606250000000045,8.60625,engaged
0.0,0.0,0.0,0.0,0.0,0.0,0.0,0.0,0.0,0.0,0.051421266,0.48740408,0.025438579,0.053358275,0.077403955,0.05196538,0.0,0.0,-0.0110911345,0.0,0.0024571554,0.4062401,-20.654202,-0.4172268,24.050043,0.12127651,-8.187602,-0.3108141,2.8504143,0.36858612,0.0,0.0,0.0,0.0,0.0,0.0,0.0,0.0,0.0,0.0,0.0,0.0,0.0,0.0,-201.0,0.0,0.0,0.0,0.0,0.0,-201.0,0.0,0.0,0.0,0.0,0.0,-201.0,0.0,0.0,0.0,0.0,0.0,0.0,0.0,0.0,0.0,0.0,0.0,0.0,0.0,0.0,0.0,0.0,0.0,0.0,0.0,15.702281,-16.422295,0.03443978,0.0328391,0.0,0.0,0.0,0.0,0.0,0.0,0.0,-58.544533,11,2,28,SPEAKER_05,1119.9,1121.3,1119.9,1119.97409375,1,0.07409374999997453,0.0740625,disengaged
38.49262,0.007534932,38.16022,38.552975,38.789307,0.62908554,0.0,0.0,-0.083962336,0.0,0.12423584,0.7122249,0.008709379,0.14780775,0.17847762,0.16976824,1.9371543,0.54370934,1.3921473,1.4992607,0.035067447,0.995351,9.9229355,1.7147365,11.411577,0.48777446,-3.9951766,-0.88305336,-17.14118,-0.77615863,0.03399393,0.62981886,2.7194805,0.67992675,8.620176,0.20879954,4.048593,0.93579364,35.082718,0.109743625,727.0194,0.14479889,1238.3103,0.07117822,-106.229095,-0.79298973,1890.9789,0.059673496,1000.3741,0.090089716,-113.65077,-0.64204764,2893.395,0.04299864,1145.7366,0.2008634,-115.118866,-0.6215338,-17.420029,-0.36724898,26.626522,0.34965348,0.0749564,0.10584444,-0.02496684,-0.66641945,0.059044722,0.65910697,26.348557,0.40386114,7.4465714,0.66127115,-5.166086,-0.94444364,-33.13732,-0.16760156,-6.6515465,15.007749,0.04912049,0.01755266,0.01940058,9.090909,5.882353,0.08,0.0,0.03,0.01,-42.40687,11,2,28,SPEAKER_03,1119.9,1121.3,1120.7334687500002,1120.96971875,1,0.23624999999992724,0.23625,disengaged
39.368626,0.02810109,38.216988,39.084698,40.64379,2.4268036,0.21536313,0.0,0.0,0.0,0.41824514,0.62923163,0.1378476,0.38606206,0.7074302,0.5695826,9.140975,1.0144958,0.8987057,1.43256,0.11710686,0.73713946,8.456229,1.9386735,2.6223557,4.2451396,-14.875013,-0.6972614,-33.092903,-0.7613526,0.012343849,0.5242893,0.6377178,0.8537347,10.218119,0.19412234,-2.7490816,-0.55664396,25.371729,0.14051263,793.2702,0.18753152,1259.8196,0.23573405,-110.38941,-0.8961649,1887.7156,0.18053713,961.729,0.41186044,-110.94139,-0.81430036,2922.2974,0.095482394,702.44257,0.1251298,-114.40785,-0.7618161,-11.25676,-0.26398176,20.411283,0.2444861,0.06326538,0.27117828,-0.031308826,-0.19353259,0.19058624,0.33341283,17.64078,0.27826273,-2.4742694,-2.9226725,-11.038451,-0.7056739,-51.10485,-0.13113737,-1.6852231,9.47755,0.04680735,0.0005829702,0.056751076,6.25,3.7037039,0.12,0.0,0.13,0.0,-30.4162,11,2,28,SPEAKER_02,1119.9,1121.3,1120.96971875,1121.3,1,0.33028124999987085,0.3303125,disengaged
37.89842,0.08706466,36.025433,37.175564,40.980976,4.9555435,75.11531,49.032776,22.61239,15.066654,0.30076087,0.65949374,0.08989729,0.27994668,0.52180105,0.43190378,2.321406,0.0,-0.59989935,1.6332015,0.079608664,0.59977114,29.308556,0.40734315,5.0512357,1.4333386,-12.1217165,-0.63645846,-29.665174,-0.6339822,0.021847313,1.0058573,0.89194554,1.371075,9.957712,0.35801995,2.0467043,5.3015146,30.504034,0.30293587,684.35645,0.28900093,1500.7789,0.18941195,-43.171124,-1.6718855,1649.3248,0.19172154,1356.3223,0.20044331,-57.06767,-1.1322873,2745.1274,0.12683555,960.2857,0.4274486,-63.040146,-0.9840929,-17.439503,-0.34726894,30.676819,0.27874815,0.075492196,0.19234787,-0.023757478,-0.60374427,0.09670437,0.46402243,31.173695,0.32660782,3.2400508,2.2969592,-14.576156,-0.39695945,-35.837357,-0.45659387,-12.842642,24.378666,0.039699364,0.008409578,0.018127592,1.4705882,3.2258065,0.24499999,0.13499999,0.099999994,0.0,-32.944275,11,2,29,SPEAKER_02,1121.333333,1167.3,1121.333333,1126.99409375,2,0.6995107499997175,0.6995,engaged
30.998644,0.2658483,27.128937,28.57139,31.339863,4.210926,97.50661,56.05263,134.9065,171.8006,0.121136054,0.7678425,0.03165098,0.10543496,0.20564172,0.17399074,2.4130504,1.1136165,1.4591929,0.7193981,0.030325804,1.0275658,16.382671,1.5736481,16.082268,0.6271015,7.4633923,1.8899851,7.163287,1.3843651,0.030533122,1.8693135,1.5881052,0.8640575,6.6639705,0.43443236,4.2965198,1.5469269,33.591652,0.34606498,612.81335,0.3691484,1355.7363,0.19741529,-107.91669,-0.85939056,1744.116,0.12570643,1099.8236,0.3082139,-109.725136,-0.76153284,2836.4326,0.085631445,1170.77,0.33738518,-113.83053,-0.697002,-17.383738,-0.710889,28.545248,0.46970582,0.04564403,0.5218643,-0.0012931929,-14.653646,0.046370264,0.7202014,28.37448,0.71779674,16.736946,0.6773542,12.4417,1.1893092,8.047603,1.3443191,-5.18134,14.404985,0.038437046,0.019460509,0.014016911,5.1344748,2.9850748,0.16416666,0.100121446,0.14999999,0.090737715,-40.147514,11,2,29,SPEAKER_05,1121.333333,1167.3,1121.64471875,1130.9090937500002,4,4.1006250000007185,4.100625,engaged
37.857292,0.057836235,35.985195,37.465275,39.97994,3.9947433,26.210377,19.736423,18.758509,12.335757,0.18567933,0.9789533,0.015069345,0.12505877,0.3496725,0.33460316,1.9043642,1.581775,1.2385945,1.3314787,0.05004168,1.4767888,23.885492,0.6900319,11.240387,0.7297941,-7.4709067,-1.5334274,-22.109922,-1.1044203,0.013093299,2.1429532,0.6984905,0.9926448,11.728588,0.28000695,6.3181562,1.7322458,37.219944,0.20769727,791.4203,0.17010696,1308.7473,0.15872045,-81.16537,-1.1268115,1904.4528,0.1029612,1159.7408,0.22064887,-94.64781,-0.82441527,3007.064,0.062601365,817.8189,0.36283314,-96.498116,-0.79586214,-23.734291,-0.22962601,35.69292,0.21925403,0.06748892,0.34271413,-0.031407338,-0.5120497,0.07514398,1.0888627,33.221695,0.22393668,13.377987,0.6183892,-8.815882,-1.4537411,-36.53639,-0.48427388,-7.6595893,18.486074,0.029409658,0.021800008,0.006492522,1.759134,1.2345679,0.51,0.273252,0.31375,0.25913015,-33.26529,11,2,29,SPEAKER_04,1121.333333,1167.3,1132.64721875,1143.59909375,2,7.408125000000155,7.408125,engaged
35.352673,0.03302659,34.39596,34.96729,36.45317,2.057209,1.8118287,0.0,12.127471,0.0,0.11534909,0.97476566,0.035765026,0.07321396,0.19648674,0.16072172,3.8887777,2.9641945,1.214526,0.0,0.035225157,1.3959813,27.803501,0.2769388,11.213139,0.528995,12.34567,0.9833126,3.4902415,4.519565,0.018107746,0.6092716,1.174774,0.8064583,10.333107,0.20868604,-6.064479,-1.0360192,18.27664,0.39997697,766.4552,0.28600317,1427.0199,0.09782326,-41.619537,-1.2933798,1810.6788,0.11918353,1263.0713,0.18347208,-50.011093,-0.9244522,2850.4941,0.10675038,1578.4843,0.5263269,-54.47039,-0.8212236,-23.101986,-0.14464022,33.521862,0.121146925,0.00924308,3.05318,-0.007217449,-2.080914,0.045381434,1.1619447,31.154963,0.11693487,9.625731,0.5572751,11.296608,1.132501,-0.52557826,-29.786959,-24.696396,32.103157,-0.018835705,0.0107160425,0.0067839245,2.0408163,2.3809524,0.37,0.0,0.03,0.0,-39.474182,11,2,30,SPEAKER_02,1167.333333,1169.733333,1169.23221875,1169.733333,1,0.5011142500000005,0.501125,disengaged
35.034008,0.06561646,33.831745,34.94098,36.703056,2.8713112,59.57697,96.564415,28.684364,23.524958,0.28737622,0.66979986,0.091385566,0.27205476,0.45696372,0.36557814,5.0778575,3.3606417,2.872621,1.5280572,0.08614591,0.8664313,23.361237,0.7513553,13.704781,0.86099464,-2.95505,-4.503822,-23.603413,-0.82992226,0.018174183,1.3911475,0.99153566,0.9069462,9.926858,0.27324414,1.6754154,6.7491565,33.728558,0.29191047,739.02203,0.2181372,1368.8776,0.13696864,-58.49407,-1.4697706,1877.5547,0.115004,1152.7676,0.22290304,-73.186516,-1.0078791,2957.398,0.066582814,934.167,0.34592035,-76.37495,-0.93876845,-22.42835,-0.28050604,33.869637,0.2280259,0.0700947,0.26265594,-0.0323016,-0.5019055,0.10310839,0.65787166,30.955826,0.29401693,13.921558,0.78097075,-4.3846507,-2.9920757,-31.526577,-0.49300236,-4.817697,12.992854,0.031798407,0.012073432,0.028647332,3.4666667,1.6260164,0.445,0.34495166,0.12714286,0.08083745,-30.788721,11,2,31,SPEAKER_02,1169.766667,1174.8,1169.766667,1174.8,2,3.767707999999857,3.76775,engaged
36.04877,0.049174186,35.073833,36.611057,37.347656,2.2738228,67.069725,0.0,17.352737,0.0,0.22585875,0.915557,0.04815595,0.1570138,0.42542914,0.3772732,4.4123354,2.649872,2.750903,1.0805374,0.0937381,1.19177,22.26377,0.4894786,11.203488,1.30746,-4.0644536,-3.2240813,-19.544264,-0.96115625,0.025503954,1.0487173,1.3948766,0.68836737,8.811359,0.46513093,4.384383,2.2927606,32.251358,0.17955191,797.241,0.18067949,1312.1562,0.20948108,-86.64416,-1.0778384,1975.5133,0.073857546,1076.713,0.21365114,-101.95704,-0.77403384,2965.1094,0.046571862,880.0665,0.2722544,-102.15537,-0.7730067,-21.250385,-0.37095463,30.396963,0.2999242,0.068354934,0.25488338,-0.030014385,-0.41118783,0.13061494,0.866613,23.62885,0.54251933,17.529888,0.87143755,-2.758959,-4.6197405,-26.640537,-0.78145367,-6.637354,21.941973,0.036986597,-0.002234712,0.055356577,3.7500002,1.3333334,0.41,0.0,0.09333333,0.06342099,-31.948187,11,2,32,SPEAKER_02,1174.833333,1176.0,1174.833333,1175.64471875,1,0.8113857499999995,0.811375,disengaged
29.28702,0.07194284,27.21497,29.59913,30.877716,3.6627464,150.72829,193.3109,23.781948,17.847143,0.18385525,0.66235757,0.079771504,0.1639515,0.28539982,0.20562832,2.7384799,1.97043,1.9465309,1.4657761,0.051761534,0.9646506,22.774343,1.1396631,14.345544,1.0150281,4.963589,2.6946025,8.148179,1.3410323,0.019251755,1.2259911,1.1619116,0.86443263,6.990133,0.35589793,4.3727393,1.3286287,37.180267,0.20439386,566.3859,0.35089248,1373.9584,0.14839533,-77.81898,-1.1209124,1630.8362,0.14962623,1090.1743,0.19769923,-87.16215,-0.9143908,2778.1975,0.085006155,1095.7375,0.30247614,-95.93627,-0.7606367,-17.732891,-0.5830566,33.740902,0.3124633,0.046667248,0.48815832,-0.0049353056,-3.4027123,0.06617268,0.74070996,36.359715,0.3844407,13.851965,0.88338214,5.130133,2.8838024,6.9281387,1.687111,-1.5650954,11.542983,0.038882982,0.019975316,0.026594512,3.5906644,3.2608695,0.18833333,0.18436828,0.12357142,0.059833955,-36.78852,11,2,33,SPEAKER_05,1176.033333,1209.8,1178.19284375,1188.8409687500002,3,5.585624999999936,5.585625,engaged
42.957783,0.11265951,38.42475,42.91703,48.16382,9.739067,19.844078,3.0202258,46.391438,0.0,0.39310607,0.75213665,0.07518472,0.3896122,0.65695,0.5817653,8.611198,3.3188498,1.1222837,1.8317982,0.18241662,0.9283311,21.109629,0.44395936,-7.3045197,-1.965717,-23.084824,-0.69961655,-27.277504,-0.6489075,0.029811049,1.3023838,1.2018794,1.033576,8.05458,0.43466917,6.019491,2.2193944,30.829561,0.2315642,876.5892,0.13270605,1214.2249,0.14195213,-49.88139,-1.6588292,1843.0828,0.08616733,1157.9658,0.26984134,-62.331795,-1.1762803,2924.3848,0.060645398,813.2682,0.3946682,-69.469406,-0.9927991,-8.719623,-1.0631844,27.712776,0.26979682,0.07934634,0.2715769,-0.010644486,-2.230998,0.24031617,0.6837759,21.804132,0.322556,-12.599538,-1.006432,-28.60104,-0.510546,-31.863047,-0.5270344,-13.358254,23.280527,0.061669208,-0.004294887,0.03190284,3.125,2.4793391,0.29999998,0.061644137,0.08333333,0.03091206,-29.017862,11,2,33,SPEAKER_04,1176.033333,1209.8,1192.80659375,1199.97846875,3,1.2993749999998272,1.299375,engaged
37.219982,0.109275624,35.156345,36.553528,40.687416,5.5310707,181.06743,189.01588,37.91202,34.769257,0.22415084,0.8599923,0.0383279,0.18046974,0.3954137,0.3570858,3.8750455,2.1442802,2.576023,1.7735296,0.09304151,1.2852722,19.893517,0.716694,5.369138,3.021143,-10.641409,-1.4788493,-6.341373,-2.2366996,0.033299517,1.0406476,1.5263758,0.6361775,7.010461,0.5522391,9.935417,1.189643,28.748756,0.45845157,776.64075,0.2254366,1423.6351,0.181854,-110.11608,-0.8306682,1802.6143,0.12859978,1173.7709,0.25891873,-110.71285,-0.7672055,2891.767,0.08406077,1014.7947,0.254765,-115.380936,-0.69448495,-16.093567,-0.79796606,30.709408,0.3537101,0.07584561,0.27105343,-0.0092805065,-2.116244,0.15801348,0.8575896,27.995539,0.34686086,6.9129934,2.3478487,-10.059342,-1.6989752,-11.964787,-1.126244,-6.919968,18.29156,0.048258536,0.013354933,0.023794869,3.0172415,2.4017467,0.20454545,0.13316862,0.23222221,0.18054101,-32.174976,11,2,33,SPEAKER_01,1176.033333,1209.8,1199.97846875,1209.8,7,4.657781249998834,4.6578125,engaged
36.868027,0.08677623,35.326565,36.21937,37.904995,2.5784302,135.4223,170.85005,35.54641,9.394835,0.30860156,0.6037288,0.1167597,0.30387306,0.456796,0.34003627,4.955872,2.3107862,2.1782627,1.1693865,0.124589406,0.85347116,25.42146,0.9073489,14.68185,0.9153529,-10.647204,-1.3871422,-13.905707,-0.95686144,0.014309423,0.92074555,0.9036329,0.5763898,9.373046,0.36444217,14.846916,0.65810925,40.824707,0.25835064,692.5784,0.25901037,1462.0071,0.12900767,-65.199905,-1.2976618,1766.4413,0.13354181,1279.7783,0.2510774,-74.46415,-0.95071715,2912.523,0.08383432,1192.6663,0.49340144,-80.59661,-0.8343621,-20.903475,-0.4971807,36.011696,0.32292736,0.09192419,0.17969628,-0.020148942,-0.7382513,0.15634538,0.66217047,35.518772,0.33426955,12.266811,1.0203984,-8.53806,-1.7107471,-18.400301,-0.63898546,-2.4363165,8.226103,0.05499867,0.007927233,0.023457158,3.846154,2.1929824,0.32799998,0.26248047,0.13,0.081547536,-30.055878,11,2,34,SPEAKER_01,1209.833333,1212.9,1209.833333,1212.9,2,2.357917000000043,2.3579375,disengaged
36.539722,0.090020426,34.787827,36.76879,38.298073,3.5102463,87.48904,65.90486,149.44386,229.27853,0.2922285,0.6793577,0.106770776,0.24924195,0.46130168,0.3545309,4.655272,2.4394913,3.2621388,1.6085304,0.14276955,0.8534227,29.078585,0.6208703,13.502657,1.1445576,-7.601988,-2.3294308,-15.05255,-0.9766268,0.030517435,2.4287968,1.2458477,0.6866085,8.435176,0.45791435,9.188973,1.6989123,36.40288,0.44948232,786.1366,0.20638788,1382.7532,0.1795199,-62.824863,-1.2463663,1859.9551,0.12677011,1189.2323,0.2792371,-73.47682,-0.9322029,2997.3489,0.077654004,1007.77936,0.25892842,-79.45746,-0.805876,-21.511763,-0.57244956,36.286217,0.3049534,0.07237738,0.26304471,-0.022481501,-0.85493636,0.17579739,0.69552344,34.57003,0.32045045,12.31762,1.2919761,-7.190768,-2.5010762,-19.594786,-0.63247895,-11.19799,21.06451,0.052142955,0.003632048,0.048284907,4.192355,3.1172073,0.23200001,0.21382236,0.085263155,0.06746292,-28.53463,11,2,35,SPEAKER_01,1212.933333,1243.666667,1212.933333,1243.666667,6,8.120834000000514,8.1208125,engaged
39.061913,0.07324069,38.371353,38.887676,41.898926,3.5275726,130.73944,147.21994,112.25584,180.60942,0.042154003,1.7584326,0.0046836883,0.0057705557,0.07041021,0.06572652,1.9107151,1.3545061,0.28982663,0.7203587,0.011922268,1.8802406,4.2553306,3.7576482,3.9882507,1.9751079,-0.20521377,-37.76076,-3.4489594,-3.4214153,0.029027311,1.3266599,1.3571577,0.61536986,8.198417,0.4691284,16.06205,0.63896155,33.421738,0.372964,661.7598,0.26482385,1506.3584,0.16434251,-169.79967,-0.39935148,1705.8557,0.09757867,1162.6958,0.30177522,-162.96857,-0.43381888,2834.2178,0.057515062,1056.9275,0.41611317,-164.70416,-0.40982,-19.626863,-0.37812763,31.594435,0.27458462,0.07111529,0.23166087,-0.018955303,-0.87182087,0.046491005,0.53036433,29.082281,0.25454837,2.0983522,6.356789,-2.2667255,-5.624092,-17.704973,-0.65328676,-2.3048193,12.410956,0.029554201,0.03834296,0.0016598415,2.1008403,0.86956525,0.22999999,0.14,0.885,0.375,-46.70783,11,2,35,SPEAKER_00,1212.933333,1243.666667,1224.17721875,1243.0940937500002,5,2.396250000000464,2.39625,engaged
35.943985,0.12701954,35.118332,36.538715,38.55654,3.4382095,9.769155,8.449494,30.188173,18.12046,0.21578087,0.9131236,0.03868146,0.17011465,0.4088238,0.37014234,3.421496,2.509519,2.7389712,2.4848607,0.056478087,1.1256704,22.567366,0.74170476,17.51031,0.6509305,-1.0492284,-14.257421,-22.606985,-0.98450774,0.010520733,1.2770576,0.85948366,1.176245,11.160408,0.28364873,13.139993,0.5880861,40.4749,0.24389721,741.23456,0.21276003,1341.1986,0.17338279,-81.72349,-1.1275969,1915.384,0.096505865,1195.3854,0.31261295,-95.61152,-0.82189596,2978.2388,0.06237039,914.16425,0.34392717,-96.824165,-0.802822,-25.188858,-0.32788298,35.86084,0.28790507,0.08064042,0.25160095,-0.032092948,-0.47608766,0.07737953,0.87304986,30.737274,0.3811437,19.49732,0.5938031,-2.9688647,-5.4167547,-32.805183,-0.5679946,-11.441033,19.826445,0.037754368,0.003934139,0.023319297,2.6627219,1.8018018,0.34,0.2525866,0.16571428,0.0998366,-33.293396,11,2,35,SPEAKER_02,1212.933333,1243.666667,1229.9147187500002,1234.58909375,2,3.3918749999998,3.391875,engaged
0.0,0.0,0.0,0.0,0.0,0.0,0.0,0.0,0.0,0.0,0.0100262035,0.13437799,0.008846635,0.009359672,0.011213518,0.0023668827,0.0,0.0,-0.0006953299,0.0,0.0002535077,0.28919652,3.6375659,0.40738973,10.721351,0.29734138,-0.6989012,-2.162293,-2.875218,-1.590308,0.0,0.0,0.0,0.0,0.0,0.0,0.0,0.0,0.0,0.0,0.0,0.0,0.0,0.0,-201.0,0.0,0.0,0.0,0.0,0.0,-201.0,0.0,0.0,0.0,0.0,0.0,-201.0,0.0,0.0,0.0,0.0,0.0,0.0,0.0,0.0,0.0,0.0,0.0,0.0,0.0,0.0,0.0,0.0,0.0,0.0,0.0,-4.533791,11.357179,0.09381352,0.017716412,0.0,0.0,0.0,0.0,0.0,0.0,0.0,-88.00584,11,2,35,SPEAKER_03,1212.933333,1243.666667,1243.0940937500002,1243.16159375,1,0.06749999999988177,0.0675,engaged
37.699314,0.11286917,35.56024,36.74391,37.88051,2.3202667,174.22284,158.17801,20.61638,14.389628,0.23753834,1.0024421,0.017895916,0.16132288,0.40091434,0.38301843,3.4948606,1.5022143,2.1699703,0.9880394,0.09223068,1.1350482,12.491908,1.9151275,13.478401,0.767944,-2.7544153,-4.6966023,-12.047113,-1.3232762,0.021877097,1.3669014,1.3521681,0.9448723,9.233115,0.46210817,12.826345,0.99947137,35.57974,0.3050264,717.2948,0.26572257,1345.7078,0.16079865,-106.62137,-0.8729299,1847.3885,0.109124675,1206.0568,0.24423559,-112.654305,-0.71437824,2887.476,0.06693494,1058.7363,0.24849764,-114.13054,-0.6923573,-21.621168,-0.6536185,29.737595,0.5259094,0.0814698,0.26557106,-0.022967989,-0.9072887,0.16043624,0.63199025,26.583265,0.7328285,15.75871,0.7805907,-0.8319987,-19.201168,-21.397186,-0.74767107,-2.7231824,10.032878,0.04827969,0.015597889,0.023660285,2.6717558,2.7237356,0.17857143,0.16383167,0.18833333,0.10478814,-29.136698,11,2,36,SPEAKER_01,1243.7,1247.466667,1243.7,1247.3297187500002,3,2.6340937500001473,2.6340625,disengaged
38.41679,0.019867627,37.5547,38.38918,39.173267,1.6185684,6.586647,0.0,14.642525,0.0,0.1759189,0.775646,0.058129277,0.12219349,0.25365406,0.19552478,4.5593915,3.4359772,-0.78543234,1.0571685,0.07116575,1.4352232,2.7637198,10.188178,20.785429,0.2530057,-10.1893425,-1.0100486,-5.959102,-3.1793342,0.027500309,1.1921232,1.2679499,0.66028315,10.822117,0.26602098,16.01806,0.17829546,35.8088,0.18477969,640.65784,0.16949713,1420.2297,0.090916954,-102.44073,-0.85817903,1673.965,0.086540155,1357.5736,0.25430524,-102.39844,-0.74269104,2742.3442,0.07266243,949.888,0.2062313,-103.54253,-0.7246259,-20.33445,-0.5937277,31.30656,0.52525574,0.06121521,0.29567245,-0.019652033,-1.0211127,0.12744628,0.9126175,24.409704,0.79739445,19.16395,0.15260802,-4.0312405,-1.7236965,-20.62027,-0.74446285,11.725498,-8.263049,0.03138678,0.027480688,0.0027611682,5.4054055,3.2258065,0.17999999,0.0,0.11,0.0,-32.69272,11,2,37,SPEAKER_01,1247.5,1248.233333,1247.85284375,1248.233333,1,0.38048924999998235,0.3805,engaged
37.42117,0.02285035,36.59261,37.33335,38.30189,1.7092819,0.0,0.0,-0.16017294,0.0,0.24418715,0.47656336,0.0935542,0.2885589,0.33489528,0.24134108,1.8023955,0.69995356,1.2627943,0.0,0.073268756,0.95773494,18.58628,1.5215852,14.373697,0.31492314,-5.055188,-3.711076,-11.885207,-1.1759293,0.00845964,0.32818893,0.96741736,1.1103668,11.310547,0.18901774,9.487673,1.2284504,38.315987,0.07336843,707.24774,0.23429471,1243.1362,0.18912598,-79.364876,-1.1344588,1826.616,0.14804049,1111.1605,0.17037936,-82.04134,-0.84079266,2918.5132,0.08119011,1071.4221,0.3037244,-87.153915,-0.7587247,-18.37879,-0.52890587,32.29884,0.3720741,0.063141584,0.2726526,-0.01594926,-1.1526902,0.11001175,0.6513796,28.921896,0.6833473,11.749723,0.25972873,-10.00153,-0.69359684,-16.146074,-0.81086296,9.831158,-6.1333237,0.061653927,0.015190748,0.0043915776,3.5714285,4.5454545,0.14999999,0.0,0.049999997,0.0,-32.37896,11,2,38,SPEAKER_01,1248.266667,1248.966667,1248.266667,1248.5615937500002,1,0.29492675000005875,0.2949375,disengaged
36.641575,0.081493884,34.811058,36.79102,38.1599,3.3488426,165.43228,165.12007,44.22075,51.828854,0.2554312,0.73830545,0.081627056,0.2240799,0.41825944,0.33663237,4.118889,2.3049242,2.8307056,1.4334413,0.10755665,0.9537056,24.56897,0.8065336,13.099173,1.0523778,-3.8395598,-4.303001,-11.55339,-1.252147,0.020101557,1.6877396,1.1558758,0.7593279,9.2406,0.4083781,9.700952,1.211405,35.059513,0.2980746,776.37146,0.22836111,1361.1351,0.19351953,-77.42379,-1.1103945,1877.6133,0.12725276,1155.1938,0.25827858,-86.69394,-0.8713853,2979.6462,0.077230416,1027.4272,0.2759832,-91.37901,-0.7858377,-20.495584,-0.57058924,33.931034,0.3324415,0.06742324,0.3176724,-0.020193223,-0.8303819,0.14360079,0.70927954,33.08405,0.37201774,12.35048,1.1748573,-4.149353,-4.1715918,-17.275858,-0.6880869,-7.550952,17.25229,0.04456596,0.01205193,0.031755216,3.5943518,2.5128868,0.2597436,0.19503437,0.13057142,0.11573227,-30.319693,11,2,39,SPEAKER_01,1249.0,1266.333333,1249.11846875,1266.333333,5,15.59486425,15.594875,engaged
0.0,0.0,0.0,0.0,0.0,0.0,0.0,0.0,0.0,0.0,0.052641284,0.28672564,0.041761026,0.053385597,0.06519884,0.023437813,0.6153934,0.0,-0.12974672,0.36030805,0.0041466015,0.8239897,-11.386234,-0.82028335,27.121561,0.38139552,-18.769981,-0.17806493,14.335063,0.5590636,0.0,0.0,0.0,0.0,0.0,0.0,0.0,0.0,0.0,0.0,0.0,0.0,0.0,0.0,-201.0,0.0,0.0,0.0,0.0,0.0,-201.0,0.0,0.0,0.0,0.0,0.0,-201.0,0.0,0.0,0.0,0.0,0.0,0.0,0.0,0.0,0.0,0.0,0.0,0.0,0.0,0.0,0.0,0.0,0.0,0.0,0.0,-4.574714,7.959715,0.043810472,0.017587138,0.005350369,5.263158,0.0,0.0,0.0,0.13,0.0,-58.41749,11,2,40,SPEAKER_01,1266.366667,1267.0,1266.366667,1266.5672187500002,1,0.2005517500001588,0.2005625,disengaged
37.519085,0.099466145,36.15773,37.532837,39.465855,3.3081245,193.59853,391.25946,256.0847,751.90924,0.18223672,1.0061036,0.010393634,0.1223394,0.34701252,0.3366189,3.8696826,2.6221604,2.2769427,1.8607093,0.057140175,1.3974788,15.572661,1.3033965,10.684509,1.073645,-2.7993188,-4.7240415,-14.476874,-1.3363129,0.020506851,2.1259139,1.0148543,1.028427,10.367,0.3883861,11.649591,1.2481109,35.419346,0.34601867,712.68066,0.24544778,1376.275,0.16201761,-111.08607,-0.83346975,1814.4348,0.12479703,1144.9921,0.26193157,-113.78119,-0.7266567,2917.8506,0.071451426,948.7762,0.35168815,-116.86221,-0.6814692,-21.107182,-0.40802574,33.098843,0.28457582,0.07822479,0.25459692,-0.025616571,-0.6579624,0.09569662,0.93177867,29.445122,0.36616197,12.001786,1.0244193,-4.3380246,-3.6197417,-26.555773,-0.65509015,-4.88241,14.286382,0.04546549,0.014525011,0.017173085,2.5245712,2.006173,0.24374999,0.20132822,0.23592234,0.25587252,-33.236794,11,2,41,SPEAKER_02,1267.033333,1394.7,1268.62596875,1386.5653437500002,18,51.90749999999957,51.9075,engaged
37.077457,0.08507967,35.14349,37.05603,39.51055,4.3670616,206.73065,295.1229,35.492138,33.30489,0.28497425,0.8305372,0.08913636,0.24187458,0.43703505,0.3478987,5.1139035,3.6493976,2.6950037,1.9244894,0.115924515,1.2252359,26.29805,0.6406517,10.484621,1.4177551,-6.1486015,-2.7241907,-13.8200655,-1.219559,0.01942887,2.2042434,1.0364255,0.84548515,9.9835825,0.39206704,10.274623,1.1533734,36.08982,0.31581685,759.471,0.2446998,1388.3875,0.1555042,-70.978516,-1.1766975,1830.959,0.12969466,1205.5769,0.2506521,-78.48823,-0.9364412,2956.0596,0.07973244,1016.1143,0.27354273,-84.17906,-0.8253433,-21.017439,-0.5515316,35.33598,0.29491693,0.0644517,0.29919687,-0.020855032,-0.81979865,0.14756744,1.0240873,32.71131,0.32722366,10.883392,1.3960398,-7.1063347,-2.5338197,-19.200682,-0.779473,-9.454822,19.589083,0.039964795,0.010821487,0.032433756,2.2553518,2.1064727,0.33272728,0.2888564,0.12769231,0.11991368,-28.479567,11,2,41,SPEAKER_01,1267.033333,1394.7,1282.98659375,1393.8553437500002,10,26.173125000000255,26.173125,engaged
0.0,0.0,0.0,0.0,0.0,0.0,0.0,0.0,0.0,0.0,0.005303599,0.14648849,0.0050914316,0.005442176,0.0059512584,0.0008598268,0.0069354195,0.0,-0.05318335,0.0,9.139716e-05,0.30724567,-8.478497,-0.23111957,0.3868173,5.1545353,-2.0733688,-1.150894,0.5724629,6.8094945,0.0,0.0,0.0,0.0,0.0,0.0,0.0,0.0,0.0,0.0,0.0,0.0,0.0,0.0,-201.0,0.0,0.0,0.0,0.0,0.0,-201.0,0.0,0.0,0.0,0.0,0.0,-201.0,0.0,0.0,0.0,0.0,0.0,0.0,0.0,0.0,0.0,0.0,0.0,0.0,0.0,0.0,0.0,0.0,0.0,0.0,0.0,-0.34312773,10.979431,0.02355298,0.043392204,9.72626e-05,7.142857,0.0,0.0,0.0,0.08,0.0,-97.476524,11,2,41,SPEAKER_00,1267.033333,1394.7,1358.63721875,1361.13471875,2,0.15187499999979082,0.151875,engaged
36.709354,0.09565919,34.95529,36.78677,38.210762,3.2554703,156.0792,155.49467,70.382835,126.48999,0.3007565,0.6771422,0.107628256,0.26959535,0.46290463,0.35527638,4.6560764,2.7532187,2.656757,1.5092101,0.13194849,0.85633576,27.092615,0.6329858,13.703198,1.0497365,-3.199676,-5.282769,-15.178546,-1.1033307,0.023925468,1.8062485,1.2209444,0.7817766,9.169693,0.40381896,8.735099,1.3089138,34.232475,0.36775666,798.8506,0.20092112,1333.4927,0.1724677,-58.96961,-1.3049575,1915.6548,0.11073781,1102.775,0.25050482,-71.0012,-0.9471321,3012.1333,0.0693157,993.26,0.29634237,-75.22271,-0.85666764,-21.634802,-0.5171969,34.247284,0.30779433,0.07182545,0.25550732,-0.02390348,-0.71394825,0.15695585,0.70537657,32.227,0.35055232,14.421224,1.0216688,-2.3821447,-7.2964644,-19.274202,-0.7758826,-9.210511,18.90288,0.048252363,0.0061775693,0.04687594,3.1607263,2.091768,0.35999998,0.22119907,0.11037037,0.097997785,-28.837807,11,2,43,SPEAKER_01,1395.4,1418.233333,1395.49221875,1417.0753437500002,13,14.883750000000191,14.88375,engaged
38.15059,0.03929193,36.538036,37.523273,40.008347,3.4703102,-14.974764,0.0,28.506937,0.0,0.39772117,0.6621017,0.10119649,0.34740147,0.68467444,0.583478,7.0522666,2.15508,3.6428456,0.7993388,0.13260794,0.912666,13.135573,1.2122216,0.039187003,339.24655,-14.265817,-0.34769744,-21.276363,-0.8726598,0.018913954,0.4123074,1.2765768,0.6566244,6.687957,0.50271034,-4.731447,-0.8389604,20.57546,0.23741649,669.2422,0.106275275,1347.4177,0.06977226,-51.79801,-1.5384117,1750.0121,0.07632567,1246.7302,0.09949358,-62.520405,-1.0471077,2682.9504,0.05734928,1098.5862,0.098371394,-66.25894,-0.9612109,-9.33208,-0.84612393,19.834002,0.64909035,0.054205623,0.5041313,-0.011379006,-1.1052403,0.18194911,0.71341205,14.913523,1.0968845,2.0895386,7.060487,-12.406049,-0.43740794,-21.510248,-0.70741767,-1.1702341,10.552238,0.03439319,0.012348816,0.03664117,6.451613,8.0,0.085,0.005,0.04,0.0,-30.338898,11,2,43,SPEAKER_02,1395.4,1418.233333,1416.7715937500002,1417.26096875,3,0.32062499999938154,0.320625,engaged
33.756844,0.07158925,32.4457,34.269802,35.81026,3.3645592,-85.41407,0.0,22.94942,0.0,0.18273965,1.2212553,0.006732465,0.0937329,0.408427,0.40169454,1.5211476,1.0977467,1.8022577,0.0,0.06862152,1.319766,27.899565,0.5437982,11.414831,1.20007,-0.5015402,-34.801193,-0.599384,-26.182138,0.039837595,1.5693703,0.89051884,0.47726613,6.8449926,0.35696974,7.3868237,1.3344824,36.779327,0.20418036,691.40234,0.22758472,1360.4548,0.12149022,-93.855064,-0.9811216,1732.1718,0.12629747,1151.8275,0.2164483,-100.40188,-0.8234827,2912.1255,0.06969473,894.1231,0.16357641,-106.765594,-0.72042364,-22.859852,-0.31288704,36.076622,0.13551539,0.04858447,0.23553285,-0.022882782,-0.24931858,0.106881194,0.86570626,39.21225,0.10205565,9.644625,1.5258007,-8.850301,-2.2897713,-12.508764,-0.6466743,-19.143038,27.943544,0.0051507335,0.012932558,0.038551472,2.0408163,4.5454545,0.114999995,0.035,0.085,0.065,-33.387062,11,2,44,SPEAKER_01,1418.266667,1419.1,1418.4928437500002,1418.9990937500002,1,0.506249999999909,0.50625,disengaged
36.76717,0.08011548,34.968082,36.75464,38.263775,3.2956924,124.02213,289.03574,29.68244,34.943764,0.2860384,0.7492962,0.08889837,0.24298231,0.4768478,0.38794944,4.780014,2.4898827,2.9731681,1.5826247,0.12177714,0.87759256,25.586763,0.6769744,12.49489,1.2203934,-4.716366,-3.4255319,-13.7167,-1.2961508,0.021661583,1.7597823,1.2769881,0.7749382,9.091758,0.3854018,7.920481,1.4494286,33.60105,0.35064644,780.35284,0.21424071,1357.801,0.17716612,-67.75068,-1.2104326,1876.0941,0.12396204,1149.8787,0.2828933,-77.65288,-0.9283965,2970.3594,0.076126456,992.8884,0.30324283,-82.08339,-0.8395291,-20.619057,-0.52917093,33.097847,0.32715067,0.07024125,0.297888,-0.022675285,-0.7636553,0.15330024,0.6789098,31.72649,0.35784826,11.711659,1.2878963,-4.5271664,-3.617417,-19.166882,-0.8209737,-10.112401,19.588997,0.04625888,0.0065053217,0.038963646,3.5844157,2.7618554,0.25188679,0.19887474,0.10697675,0.09646145,-29.187696,11,2,45,SPEAKER_01,1419.133333,1485.7,1419.97784375,1485.7,9,19.2652812500005,19.2653125,engaged
36.70416,0.024784258,36.11228,36.664,37.601746,1.4894638,0.0,0.0,-0.14388828,0.0,0.21293968,0.62400943,0.07037239,0.2306267,0.34715065,0.27677828,3.267415,3.402534,3.5664296,1.5164142,0.079984665,0.9243319,28.299456,0.48482576,10.765437,0.6386322,3.5490632,4.3882484,-18.226097,-0.5474293,0.02141187,0.68977636,0.9686052,0.5235839,8.449579,0.3957648,15.136711,0.31024337,41.68382,0.09666263,777.5448,0.24854088,1403.7466,0.10847866,-84.07089,-1.0492247,1905.4617,0.115661025,1280.8824,0.23970273,-90.64024,-0.8785638,3067.1538,0.10370085,1072.6908,0.09961068,-96.59858,-0.7758699,-21.192728,-0.19321173,39.07194,0.1247383,0.09139147,0.17041528,-0.023469768,-0.3139601,0.116231635,0.75604206,38.80875,0.08312166,7.2039127,0.9385983,-8.282717,-1.1219414,-19.602121,-0.35432878,-16.56174,22.04841,0.06347289,-0.030667674,0.058389377,2.777778,3.2258065,0.19,0.0,0.099999994,0.0,-34.445217,11,2,45,SPEAKER_02,1419.133333,1485.7,1438.64159375,1439.0128437500002,1,0.3712500000001455,0.37125,engaged
47.826164,0.14654388,42.85851,52.32396,52.95198,10.093472,245.97087,0.0,-87.44806,0.0,0.03318436,1.41188,0.004865722,0.0070719086,0.06992492,0.0650592,1.15482,0.53680694,0.7166168,0.3967016,0.0072985524,1.6679981,9.531153,1.0629704,2.5680883,3.582517,0.30216932,47.48879,-0.28558332,-60.65335,0.11363595,1.3234979,1.7287474,0.22295605,5.9768953,0.2474723,16.072578,0.76297176,24.084455,0.3444753,857.1986,0.2446619,1286.9214,0.16069593,-182.13986,-0.28705052,1831.7241,0.116151445,1197.7515,0.24956667,-178.23787,-0.29246324,2929.3955,0.08498693,1013.81085,0.16356051,-178.9994,-0.27923584,-6.70164,-0.8511512,26.567905,0.39566997,0.045490727,0.1736683,-0.007427945,-2.1027787,0.024640236,0.5596506,24.376015,0.32964686,-12.427783,-0.39055583,-20.776016,-1.001674,-20.229944,-0.5539336,-10.783269,21.32576,0.013327037,0.026566185,0.0049913544,2.3952096,1.2345679,0.08,0.06,0.47,0.39631638,-55.184654,11,2,45,SPEAKER_00,1419.133333,1485.7,1448.6822187500002,1451.2134687500002,2,1.6875,1.6875,engaged
44.844307,0.013550611,44.271423,44.681286,45.325714,1.0542908,8.745738,0.0,12.262313,0.0,0.01624481,1.8880246,0.0040339404,0.0049145482,0.008867992,0.0048340517,0.61052847,1.0033937,1.1090848,0.8371903,0.0031225374,2.9053845,-1.1721067,-6.780055,4.3984723,1.3705672,6.1078672,1.42137,0.754631,11.337637,0.022617983,0.39094082,2.0272195,0.49832654,9.269439,0.19864967,15.614119,0.5049069,3.7178535,2.1794925,901.69745,0.17544776,1463.8981,0.162462,-189.06764,-0.22350538,1839.1545,0.040974014,702.91254,0.3272566,-187.62175,-0.24000865,2910.7866,0.049033895,701.0453,0.18797725,-187.50879,-0.2422414,-12.8674345,-0.35515893,17.89873,0.2908672,0.068332486,0.21665956,-0.0059063477,-1.6631262,0.03047178,0.39974257,20.409422,0.25608534,-5.2198896,-0.9048112,20.78867,0.4350945,-17.507416,-0.47260132,-2.5500638,11.602078,0.025891682,0.0387629,0.0008787429,1.1406845,0.3875969,0.19,0.0,1.18,1.09,-58.247227,11,2,45,SPEAKER_03,1419.133333,1485.7,1450.6565937500002,1455.55034375,3,2.6493749999997362,2.649375,engaged
38.868885,0.0804172,36.04733,38.630234,41.493065,5.445736,30.04169,18.33132,49.77906,58.791332,0.19656414,1.04701,0.017716415,0.12370417,0.3521521,0.3344357,3.5972946,2.2668278,2.371224,1.7923853,0.05733534,1.3584516,24.482393,0.6686433,10.417576,1.0305886,-7.006336,-2.1827204,-13.017321,-1.503521,0.011876519,1.0577081,0.7893284,1.33799,11.968851,0.2434716,6.871247,2.6497772,36.07211,0.52512246,762.35834,0.2226393,1401.6338,0.18891846,-82.803955,-1.043824,1795.1898,0.13587913,1208.7426,0.22311379,-88.16027,-0.8522346,2951.7603,0.07417622,958.4405,0.3344061,-95.12297,-0.73668694,-21.062883,-0.46701184,36.6213,0.28122598,0.059251826,0.42549306,-0.01778671,-1.0386571,0.07586375,1.0757911,31.895409,0.3503811,10.656622,1.046391,-10.74604,-1.5555925,-19.626007,-0.99058145,-9.943097,21.113403,0.04308072,0.017528018,0.020968808,3.298969,2.0876827,0.309,0.277973,0.148,0.0804736,-33.296154,11,2,45,SPEAKER_04,1419.133333,1485.7,1469.28659375,1476.8128437500002,3,4.8599999999999,4.86,engaged
38.146973,0.005882853,37.948814,38.112316,38.345787,0.39697266,9.248988,0.0,1.3697624,8.042766,0.34100872,0.56359166,0.12337209,0.37439242,0.51854724,0.39517516,-1.2604804,4.4464846,3.9204175,0.0,0.14683338,0.490943,29.690407,0.40432626,4.8117313,1.6970655,-21.478813,-0.48715925,-22.343302,-0.49794576,0.007594104,0.6194913,1.0262117,1.0018319,10.178644,0.18384765,6.6153193,1.4957936,38.918877,0.16237138,670.61707,0.31151092,1444.0171,0.10001877,-19.498432,-2.6960633,1736.3912,0.19985929,1258.9276,0.0915586,-36.613388,-0.8747105,2847.4978,0.13777623,1316.1272,0.26769593,-46.44828,-0.6355246,-14.143781,-0.41857663,33.16757,0.17746401,0.08707464,0.18270363,-0.017401382,-0.76099193,0.14533864,0.46515435,34.051765,0.17499147,3.3343775,2.3333855,-25.089771,-0.29413676,-25.833906,-0.31463793,-7.519504,25.972647,0.084034525,0.0059542377,0.0,4.3478265,5.555556,0.16,0.0,0.0,0.0,-30.37092,11,2,46,SPEAKER_01,1485.733333,1487.366667,1485.733333,1487.1234687500005,2,0.24263575000054516,0.242625,disengaged
37.037643,0.11523494,35.32668,36.36223,37.855503,2.5288239,130.32243,189.84482,32.679974,17.421492,0.21739437,0.8699834,0.054413367,0.1632703,0.35238475,0.29797137,4.6883025,2.7133694,2.6316838,1.415075,0.10503707,1.1262553,19.353113,1.1718657,11.264507,1.3920265,-9.308422,-1.7336,-7.615077,-1.7541236,0.027264006,1.1518836,1.4347533,0.67010295,7.3824897,0.4934171,10.637542,0.97248286,38.99996,0.28921556,688.6998,0.2301204,1441.0361,0.12765858,-103.3057,-0.8845172,1788.6105,0.118366726,1235.8058,0.24687973,-106.9558,-0.7524685,2937.466,0.07920011,1190.5295,0.3291666,-111.9222,-0.6773886,-21.078579,-0.5049211,34.08346,0.30799636,0.08005765,0.2094084,-0.021230407,-0.7343747,0.1699071,0.71164477,32.967285,0.34754616,13.375747,1.1636069,-7.535073,-2.2674391,-15.321829,-0.6645767,-1.8367245,13.23775,0.05179395,0.019649075,0.02297914,3.939394,2.7777777,0.19,0.16213848,0.16749999,0.19734171,-32.03593,11,2,47,SPEAKER_01,1487.4,1491.7,1487.74784375,1491.7,3,3.310906250000471,3.3109375,engaged
34.953743,0.014448105,34.44093,34.853344,35.42034,0.9794121,48.432896,48.726784,15.96346,3.4571688,0.23227564,0.81383055,0.026026132,0.20692666,0.36087057,0.33484444,4.1534114,0.5916466,5.2790413,3.1063879,0.08864101,0.8290946,32.495754,0.5130996,6.7155213,1.5023718,-13.103089,-0.8549908,-11.592959,-1.2342793,0.011357056,0.5557089,0.8428867,0.2511882,8.958432,0.1453114,3.6779218,1.824778,38.66919,0.13676564,783.6361,0.1801111,1285.9012,0.10497792,-75.148346,-1.2176554,1849.9781,0.11028485,1028.1594,0.22797121,-87.11561,-0.9275517,3041.1777,0.054336466,961.44415,0.27312657,-95.82861,-0.7757231,-20.539278,-0.30597913,35.069324,0.24850436,0.075801514,0.24027984,-0.022511732,-0.48097432,0.118520506,0.60394007,40.563488,0.13667493,4.8502917,2.6017978,-14.643209,-0.7562262,-16.235874,-0.71262765,-8.886332,22.058104,0.039189674,0.020854983,0.0148948645,3.3898306,3.9215686,0.155,0.005,0.14999999,0.0,-33.438354,11,2,48,SPEAKER_01,1491.733333,1493.3,1491.733333,1493.3,3,0.6047919999994065,0.6048125,disengaged
36.542484,0.057884097,35.347736,36.748253,37.97367,2.6259346,159.83643,232.02979,11.887061,20.44508,0.2603449,0.76269853,0.07107407,0.21145901,0.4342125,0.36313844,4.662284,3.1957579,3.5686605,1.8086534,0.115801364,0.87538505,27.174917,0.60327303,11.219889,1.1581714,-4.596525,-3.6605225,-11.278673,-1.278298,0.017204316,1.2464892,1.3000506,0.7877606,8.543828,0.40688196,7.0071354,1.5592095,33.826866,0.29212186,805.255,0.19253078,1339.243,0.15955558,-84.427475,-1.0237498,1872.2584,0.12376036,1196.239,0.26373288,-92.63922,-0.8303147,2995.3691,0.07493024,992.7911,0.21428649,-97.89411,-0.7408774,-19.474293,-0.6067394,34.114803,0.316723,0.06637664,0.33000362,-0.018062318,-1.0192616,0.15908256,0.6285332,33.685856,0.30115408,9.712144,1.3935457,-6.7392464,-2.6261208,-16.863789,-0.73748726,-13.9801035,22.966906,0.047468927,0.0021007485,0.04303489,4.259259,3.364486,0.1811111,0.15347417,0.106874995,0.086220555,-29.753395,11,2,49,SPEAKER_01,1493.333333,1510.533333,1493.333333,1509.83721875,4,5.41701074999969,5.417,engaged
0.0,0.0,0.0,0.0,0.0,0.0,0.0,0.0,0.0,0.0,0.036450177,0.9132632,0.010180223,0.018976891,0.064323954,0.05414373,0.0,0.0,-0.0067193476,0.0,0.011299084,1.192579,20.278452,0.53709775,9.8182955,0.32811663,8.727285,0.54889137,-0.058329456,-118.50364,0.0,0.0,0.0,0.0,0.0,0.0,0.0,0.0,0.0,0.0,0.0,0.0,0.0,0.0,-201.0,0.0,0.0,0.0,0.0,0.0,-201.0,0.0,0.0,0.0,0.0,0.0,-201.0,0.0,0.0,0.0,0.0,0.0,0.0,0.0,0.0,0.0,0.0,0.0,0.0,0.0,0.0,0.0,0.0,0.0,0.0,0.0,-19.104654,29.120499,0.06283661,-0.00026072635,0.018488772,0.0,0.0,0.0,0.0,0.089999996,0.0,-52.730633,11,2,50,SPEAKER_01,1510.566667,1511.5,1511.33909375,1511.5,1,0.16090624999992542,0.1609375,disengaged
35.791203,0.11633068,34.83652,36.13897,38.00917,3.1726494,191.58339,188.98346,52.671295,44.306103,0.31481263,0.5779888,0.1466551,0.29910988,0.46885577,0.32220066,4.2350383,2.600834,2.7718241,1.2992476,0.12271437,0.7519367,28.90267,0.62436247,13.159545,0.9742949,-7.4636817,-1.9912521,-16.49725,-1.0351969,0.019807506,1.6648221,1.0898762,0.77875584,9.207026,0.414035,8.503913,1.445251,37.593212,0.27773345,761.5398,0.23348027,1389.7653,0.17022902,-51.17938,-1.5104756,1846.9144,0.1257056,1244.3433,0.2805774,-65.133995,-1.0094105,2973.3916,0.077771895,1042.1763,0.2812404,-70.88589,-0.8760522,-20.519514,-0.48879704,33.725796,0.3244124,0.07770325,0.22837156,-0.02414771,-0.65006226,0.14439769,0.6118977,33.985153,0.36350024,12.735024,1.0087789,-7.4533305,-2.1348314,-21.16731,-0.6763237,-9.778765,18.003866,0.056042098,0.0047612567,0.040034693,3.7671232,2.2962112,0.33549997,0.23489305,0.078,0.043772135,-29.688534,11,2,51,SPEAKER_01,1511.533333,1523.2,1511.94659375,1523.2,5,8.772781250000662,8.7728125,engaged
36.18307,0.05987895,35.36807,36.088154,37.569542,2.2014732,135.17871,83.93522,10.013541,6.7720194,0.2569795,0.71641475,0.07805417,0.20799606,0.41790596,0.3398518,4.6067333,1.7518122,2.4508386,0.9630979,0.11718649,0.80395013,30.203018,0.43437374,11.481323,0.8278651,-4.688913,-2.6615703,-10.280962,-1.4837252,0.016618589,0.9125648,1.4955367,0.5866766,8.06153,0.4281154,6.8169003,1.9823517,35.59505,0.30787045,744.2244,0.22221237,1377.6133,0.13229728,-71.51355,-1.145275,1854.3883,0.12325959,1060.6552,0.2565263,-76.868965,-0.9613151,3016.63,0.07931865,1026.0643,0.22082172,-83.39608,-0.83892065,-20.872799,-0.40108454,31.677668,0.2970033,0.06964968,0.34257364,-0.026464812,-0.496333,0.1554477,0.5751761,33.186245,0.3288686,10.174906,0.96159273,-5.293201,-2.4955695,-17.02548,-0.6615458,-16.165417,27.696909,0.036713272,-0.0017300524,0.038712643,4.8192773,3.726708,0.17999999,0.13140269,0.12666667,0.044969123,-30.907764,11,2,52,SPEAKER_01,1523.233333,1525.366667,1523.233333,1525.366667,2,1.6777090000000499,1.6776875,disengaged
36.915184,0.05945371,35.479313,36.465855,39.05001,3.5706978,128.7836,115.38694,16.245575,10.2837,0.20540224,0.9778173,0.044182274,0.15119138,0.31452078,0.2703385,3.8457208,1.6073684,2.9965856,1.8994042,0.091807224,1.1325542,15.125443,1.3704616,9.044628,1.5765705,-2.686122,-5.6271906,-5.779591,-2.4444568,0.023809077,1.3870885,1.4770004,0.74766266,8.938433,0.38571602,9.013464,1.2669867,30.123423,0.38530934,734.78156,0.24518487,1386.7384,0.13315451,-117.78815,-0.75541157,1827.5271,0.1323367,1160.6598,0.25400227,-120.858315,-0.6647597,2881.481,0.09418711,1036.3156,0.20224412,-122.74393,-0.636729,-19.145462,-0.6682041,29.939548,0.45378247,0.056040484,0.39656696,-0.015628027,-1.3615022,0.1466234,0.653629,27.080072,0.51995224,10.623097,1.3782752,-0.5323859,-31.780565,-12.942688,-1.1031402,-4.280122,12.345651,0.038525905,0.010603063,0.043328233,4.482759,3.1690142,0.14,0.12780192,0.17625,0.12579124,-30.429325,11,2,53,SPEAKER_01,1525.4,1544.866667,1525.4,1544.866667,5,2.912292000000207,2.91225,engaged
38.254105,0.06238764,36.58998,37.71764,39.611652,3.0216713,102.73193,216.16687,318.29178,744.4821,0.26254013,0.83742255,0.050515756,0.21714875,0.45482904,0.40431327,5.105147,2.8373113,2.4721444,1.361916,0.065778665,1.0571082,20.377348,0.79884887,10.468706,1.07637,-4.8298645,-3.0890691,-22.532618,-0.87400454,0.013430166,1.488503,0.82366383,0.9433437,11.296698,0.28844345,6.462751,1.8086137,34.26743,0.25142142,751.0539,0.18116693,1321.0125,0.14832819,-73.64491,-1.2174872,1849.8309,0.111071676,1097.8547,0.23580138,-84.618576,-0.90536267,2941.7363,0.06393699,868.2451,0.31109145,-88.22039,-0.838335,-20.705275,-0.40885141,31.145048,0.308933,0.0716594,0.3057799,-0.029391682,-0.49506903,0.088763386,0.7997644,27.719933,0.38087112,11.133865,1.0902369,-8.209126,-1.8909613,-31.441744,-0.48413685,-6.7871823,14.790091,0.03160094,0.009196229,0.017496686,2.98103,2.3224044,0.2835294,0.25831902,0.16461538,0.18345468,-32.1663,11,2,53,SPEAKER_02,1525.4,1544.866667,1527.23534375,1538.4403437500002,4,7.391249999999673,7.39125,engaged
0.0,0.0,0.0,0.0,0.0,0.0,0.0,0.0,0.0,0.0,0.022581812,1.0533767,0.005451369,0.008094012,0.05134578,0.04589441,0.00035050325,0.0,0.29325935,0.0,0.0008148383,1.2048018,-12.092487,-0.7614724,15.363118,0.53617406,-2.6915333,-1.6441586,10.781488,0.8131749,0.0,0.0,0.0,0.0,0.0,0.0,0.0,0.0,0.0,0.0,0.0,0.0,0.0,0.0,-201.0,0.0,0.0,0.0,0.0,0.0,-201.0,0.0,0.0,0.0,0.0,0.0,-201.0,0.0,0.0,0.0,0.0,0.0,0.0,0.0,0.0,0.0,0.0,0.0,0.0,0.0,0.0,0.0,0.0,0.0,0.0,0.0,1.4084162,4.2481995,0.0225989,0.035249375,0.0010058675,0.0,0.0,0.0,0.0,0.22999999,0.0,-62.749832,11,2,53,SPEAKER_03,1525.4,1544.866667,1542.28784375,1542.59159375,1,0.303749999999809,0.30375,engaged
36.100746,0.07325898,34.85286,35.851448,36.944546,2.0916862,724.5286,718.20483,21.850744,37.018986,0.22501694,0.709941,0.07982689,0.20535225,0.36238402,0.28255713,4.283103,1.8107367,3.460016,2.2805297,0.09711868,0.88667023,24.930714,0.7022102,12.095088,1.1107552,-2.2550213,-6.5816174,-7.7223654,-1.7797905,0.020318173,1.3099757,1.438168,0.7073634,7.844826,0.41602972,11.22355,1.0630786,35.89955,0.2745321,758.4203,0.22960289,1387.2065,0.17739013,-83.13732,-1.0354675,1837.7792,0.120907165,1176.5297,0.27896315,-90.01528,-0.8481563,2939.0415,0.0846567,1064.3291,0.2546383,-94.91215,-0.76606256,-20.112549,-0.5643031,31.753208,0.32738224,0.06886861,0.3264039,-0.015601746,-1.1484193,0.12907977,0.6617597,32.556503,0.33983922,11.480706,1.2683597,-2.157673,-7.1038,-13.116895,-0.9418845,-9.869335,18.431519,0.037055794,0.009431128,0.040876992,4.954955,3.8990824,0.15588234,0.17653725,0.089999996,0.048989795,-33.077885,11,2,54,SPEAKER_01,1544.9,1550.3,1544.9,1550.3,5,4.4549999999997,4.455,disengaged
36.510036,0.07437888,35.084595,36.488026,37.66157,2.5769768,348.2864,426.22488,61.164375,113.01132,0.31337768,0.6602154,0.115342215,0.28428695,0.5029862,0.387644,5.6636844,3.5236888,2.699368,1.5304583,0.13596742,0.76639163,26.878681,0.66134053,12.895479,1.0412458,-3.7601779,-4.794161,-13.804581,-0.9861767,0.021871712,1.483672,1.2656952,0.7267286,8.37945,0.45487937,9.0234995,1.3787065,33.76328,0.30271205,764.6657,0.24501146,1408.1608,0.24895269,-64.126236,-1.2570523,1846.2,0.11888954,1153.0857,0.30191505,-74.42891,-0.95098406,2959.2979,0.07930277,1064.8284,0.25829005,-80.48064,-0.8290741,-20.396486,-0.50535464,32.73596,0.29135743,0.0715363,0.2816751,-0.020588625,-0.7962894,0.17250991,0.57405823,31.92241,0.3287818,11.099788,1.2771791,-5.549244,-3.2491677,-16.852291,-0.7586161,-12.251363,21.006256,0.05952106,-0.0037710727,0.048252925,3.7249284,3.5190618,0.19999999,0.16031219,0.064166665,0.044620313,-28.13108,11,2,55,SPEAKER_01,1550.333333,1569.366667,1550.333333,1569.366667,4,3.508333999999877,3.5083125,engaged
40.226067,0.082471296,37.09796,40.96484,43.410294,6.312332,22.932106,0.49458218,20.32451,14.304353,0.18545634,0.52107364,0.08011835,0.21617194,0.271181,0.19106263,2.395236,2.10876,1.4560893,1.070381,0.05722439,1.1336963,30.625648,0.4057898,10.915311,0.9753369,-4.566985,-4.2346735,-18.087444,-1.0472182,0.011050736,1.4603645,0.53300303,0.9865886,13.698292,0.27844706,18.712921,0.405118,45.23245,0.14342509,770.29236,0.20713072,1349.163,0.13400504,-76.01404,-1.1060905,1865.2286,0.11870213,1213.6064,0.20736806,-86.15026,-0.82299876,3036.9668,0.047264867,1028.0912,0.26286095,-93.914536,-0.69606394,-26.50552,-0.25316674,42.32011,0.12411723,0.068123676,0.2627459,-0.015894582,-1.0668184,0.062084362,1.0051532,37.110786,0.14811149,10.089949,0.98947686,-12.277863,-1.4654418,-26.367971,-0.6442493,-15.132222,22.48588,0.050911,0.004477935,0.055848215,4.2735043,2.7027028,0.25,0.21181753,0.09666667,0.088065624,-33.96581,11,2,55,SPEAKER_00,1550.333333,1569.366667,1551.43409375,1557.5597187500002,2,1.1812499999998636,1.18125,engaged
37.08878,0.042961825,35.573174,36.597446,38.979958,3.406784,10.004188,0.91420174,1.5257411,9.765294,0.41028967,0.49901414,0.2246815,0.3960573,0.626405,0.4017235,4.274691,1.9161717,6.403342,3.442907,0.17667568,0.50802934,35.717552,0.16681074,4.0330667,3.2850718,-10.198512,-1.6168776,-16.189867,-0.76547635,0.016281428,0.8777767,1.5641112,0.5908614,8.232069,0.37231702,5.6670194,2.0258918,32.54288,0.27823478,775.4151,0.19747546,1293.8234,0.11817033,-20.21028,-1.7199631,1883.6376,0.12869273,1171.8871,0.24092442,-34.968426,-0.8329166,2981.0647,0.072426274,1141.2635,0.171176,-43.404713,-0.6219517,-16.170383,-0.63486916,31.378723,0.28628296,0.07802607,0.21073563,-0.019679673,-0.95602685,0.18476899,0.49529865,35.300457,0.16127545,2.3266864,5.3503246,-12.059626,-1.2993824,-17.406992,-0.7155931,-15.2196245,32.155468,0.092393495,-0.005691618,0.1677785,5.555556,3.0303032,0.305,0.015,0.0,0.0,-28.594227,11,2,56,SPEAKER_01,1569.4,1570.133333,1569.4,1570.133333,1,0.7333329999999023,0.7333125,disengaged
36.28054,0.07628435,34.666637,35.829227,37.437958,2.7713203,130.10878,245.78778,88.87737,131.57878,0.24854402,0.7391911,0.081135854,0.22413102,0.38392735,0.30279148,4.600667,2.6161985,2.7234347,1.5920559,0.09867035,0.92622095,23.85999,0.8757263,9.375003,1.7047163,-7.2523603,-2.2467458,-9.200904,-1.5043294,0.019674607,1.3616918,1.2525283,0.7976376,8.4185095,0.46548483,10.429641,1.1686594,36.33605,0.3566472,743.16595,0.24383508,1392.8766,0.17060608,-74.977844,-1.1576948,1822.6735,0.13047223,1199.5974,0.2930176,-83.398605,-0.9171443,2942.3262,0.08503486,1064.093,0.25767618,-89.46475,-0.8046888,-19.987495,-0.6115295,34.235176,0.31971812,0.07097493,0.28697246,-0.01608505,-1.1032103,0.13203847,0.67658144,33.739563,0.33206585,10.049985,1.6370993,-7.2948427,-2.3688195,-14.549111,-0.8113111,-3.903797,13.204303,0.048224494,0.012960238,0.028292414,3.5276074,2.4634335,0.2659375,0.21463425,0.11242424,0.120152175,-31.13421,11,2,57,SPEAKER_01,1570.166667,1625.7,1570.166667,1625.68409375,7,13.059926749999704,13.0599375,engaged
37.086643,0.0809913,34.836983,37.04949,39.362827,4.5258446,98.69625,105.81965,23.68833,24.60046,0.2803425,0.9622954,0.028930396,0.20901042,0.48318505,0.45425466,5.05522,2.6017618,3.3423615,1.8492486,0.10983028,1.0719678,23.844896,0.780608,11.654087,0.9735829,-1.5223238,-8.457585,-8.341638,-1.9439012,0.026484717,2.0387545,1.1688432,0.94769275,9.913978,0.33136734,11.148553,0.9206551,35.81302,0.22474447,743.96234,0.23965628,1375.7944,0.1779924,-83.52721,-1.0476861,1805.0209,0.11614735,1115.3907,0.2534528,-89.04526,-0.8707437,2938.1707,0.07014624,980.8701,0.28124514,-95.32741,-0.76346445,-20.655552,-0.46140668,33.710995,0.2951109,0.0667068,0.28468612,-0.021577526,-0.77417827,0.15902819,0.7334762,32.69728,0.28240952,11.443075,1.1177242,-2.7960575,-5.313353,-15.176071,-1.0116937,-7.442995,17.551987,0.034278363,0.01967889,0.016578833,3.4293554,2.2130015,0.28875,0.25386694,0.143125,0.15057053,-28.190886,11,2,57,SPEAKER_03,1570.166667,1625.7,1586.0615937500002,1607.7459687500002,15,7.306874999999309,7.306875,engaged
37.223667,0.10684108,35.332115,36.192375,38.116093,2.7839775,663.4379,917.63885,43.293762,32.566906,0.12217275,0.9372799,0.020486243,0.08075356,0.2448348,0.22434855,2.853038,1.5082564,1.5994949,0.89795345,0.038391493,1.3600214,10.351458,2.2843416,14.530312,0.50038916,-7.3549,-1.2780242,-17.00727,-1.1076148,0.026909051,1.0108174,1.7982748,0.97681034,8.123513,0.46179992,0.84883416,13.141508,33.09917,0.2188952,762.97864,0.16063868,1293.2836,0.08959295,-131.15385,-0.68654704,1932.3893,0.08395417,1189.6638,0.18754995,-140.0474,-0.539418,2986.3198,0.05962274,880.71893,0.29532936,-140.23186,-0.5379734,-22.19257,-0.3176033,32.42644,0.28476924,0.068088636,0.33372492,-0.037099697,-0.4489971,0.075354196,0.70003486,30.49705,0.41321078,16.697664,0.33560923,-6.2301683,-1.8546326,-32.324448,-0.4736829,-4.742837,12.00669,0.047981173,-0.0012938952,0.01797455,3.255814,2.3809526,0.146,0.09645724,0.21,0.25865033,-38.72993,11,2,57,SPEAKER_04,1570.166667,1625.7,1589.4534687500002,1622.2247187500002,4,2.1600000000005366,2.16,engaged
36.966286,0.08208025,35.722256,37.117428,38.88185,3.1595955,175.34029,246.36339,85.37793,123.149185,0.21575879,0.84696734,0.040618494,0.18264051,0.38482985,0.34421134,3.6357014,2.4330175,2.3172314,1.1017705,0.07766957,1.0491787,25.651443,0.62356365,12.630272,0.7388572,-3.1096132,-4.167472,-14.422295,-1.2607698,0.02587262,1.7651687,1.2149571,0.9211523,9.936359,0.3771238,11.223247,0.98594886,37.80576,0.22430854,742.5485,0.23689021,1413.6361,0.2160359,-91.42598,-0.97762394,1828.9741,0.13334005,1216.795,0.25430098,-98.94301,-0.7906225,2959.5496,0.08091129,1002.5598,0.288609,-102.979744,-0.7290044,-22.24622,-0.35134602,35.842087,0.23976153,0.07508109,0.27533525,-0.024944982,-0.63216364,0.109557435,0.7339199,33.71613,0.27704868,13.159153,0.7230585,-5.6938863,-2.525716,-22.245478,-0.77271384,-11.687823,20.972775,0.04807166,0.0028476603,0.030827053,3.1446543,2.7848103,0.20818181,0.17124243,0.16647059,0.15605208,-31.843697,11,2,57,SPEAKER_02,1570.166667,1625.7,1600.08471875,1620.2334687500002,15,7.964999999999918,7.965,engaged
36.10048,0.03726868,34.626705,36.06081,37.31102,2.6843147,17.17814,13.210723,16.337563,7.288911,0.19259536,0.67824495,0.07048133,0.18031023,0.30267358,0.23219225,4.7908883,2.9950674,0.94814885,1.7444841,0.071398325,0.9331963,14.554178,1.1773816,13.885034,1.322982,-0.5393794,-23.417213,-1.7788523,-9.101353,0.021531574,0.8472191,1.3269976,0.80892414,7.421019,0.5042623,14.391454,0.7172934,32.702423,0.49388123,713.45135,0.2076638,1318.7036,0.16186862,-100.74462,-0.8904748,1894.136,0.07227271,1009.8101,0.2887864,-106.1697,-0.77672094,2946.8132,0.08361535,1169.7352,0.2630067,-109.518555,-0.7258042,-17.220406,-0.8308516,25.311893,0.5199848,0.073309235,0.3312141,-0.0139117725,-1.4465061,0.11250114,0.58834004,23.300968,0.5690935,12.402764,1.6900413,2.8476634,5.325935,-6.689359,-2.3138106,-7.98903,14.04144,0.044872902,0.009468648,0.019134955,5.050505,3.2258065,0.16,0.043204937,0.13,0.02828427,-35.764244,11,2,58,SPEAKER_01,1625.733333,1627.333333,1626.3253437500002,1627.333333,1,1.0079892499998095,1.008,disengaged
37.922413,0.009662688,37.461926,37.960697,38.283413,0.8214874,12.803339,1.0793592,10.568476,4.719591,0.29260272,1.0134424,0.018202838,0.22372706,0.61002034,0.5918175,4.0918026,2.0567925,3.6019876,2.7243297,0.10231319,1.3094288,5.790579,3.5033925,8.967949,0.91148496,-8.277328,-0.9000498,-22.710617,-0.84743655,0.0077981814,0.47722974,0.9660659,0.62863034,9.730112,0.17945877,-7.378615,-0.5447739,25.652498,0.2520746,791.7078,0.0452051,1198.1063,0.0906338,-106.167175,-0.9398897,1939.8527,0.028566336,821.0009,0.14329709,-119.39245,-0.71912265,3069.3296,0.031250022,674.5134,0.21787147,-120.90669,-0.6972913,-18.558012,-0.18435325,24.418362,0.21834785,0.07934193,0.13856202,-0.037975814,-0.22630414,0.22844172,0.563818,19.275879,0.27048147,8.710946,0.94908553,-13.056908,-0.41582805,-39.065655,-0.42663693,4.7597437,0.85686094,0.04448118,0.020820826,0.00657628,2.0408163,2.3255816,0.19,0.0,0.22,0.0,-29.818201,11,2,59,SPEAKER_01,1627.366667,1627.866667,1627.366667,1627.866667,1,0.5,0.5,engaged
39.238228,0.025535664,38.227,39.476017,40.210373,1.9833717,20.707664,7.6026435,24.256134,0.0,0.25877038,0.7939119,0.02494605,0.27012852,0.46881133,0.44386527,0.6251894,0.4082626,1.8186171,0.0,0.05680811,0.89606476,30.912983,0.33285236,2.869014,1.843599,-23.506744,-0.20790938,-29.175343,-0.5419535,0.0064765066,0.344168,0.35673475,0.5452624,11.686691,0.2524618,-3.4374404,-1.6939925,36.485126,0.122414246,748.4165,0.21238069,1275.4843,0.13406523,-79.805855,-1.1817892,1779.5902,0.12720157,1069.4928,0.14129342,-88.59658,-0.8901877,3047.1963,0.040578462,828.2868,0.27990112,-95.98809,-0.77014685,-18.98949,-0.19118871,36.69477,0.07645606,0.06758224,0.11696064,-0.036962952,-0.15684551,0.095005356,0.37810814,36.46095,0.09650732,5.8855686,0.7502506,-25.649393,-0.18460575,-42.363834,-0.13849439,-12.596921,28.246744,0.05199164,-0.005535349,0.017175129,2.7027028,3.125,0.19999999,0.0,0.099999994,0.0,-32.12984,11,2,60,SPEAKER_01,1627.9,1628.666667,1627.9,1628.2828437500002,1,0.38284375000012005,0.3828125,disengaged
35.44827,0.027062483,34.962612,35.44815,36.275547,1.3129349,-7.0122313,19.768888,23.044092,3.0698776,0.30906507,0.5791098,0.18025915,0.32372025,0.46262813,0.28236896,3.65955,0.98372865,-2.1556835,3.1938484,0.12188844,0.758268,30.431734,0.41648862,4.459366,3.6470912,-5.5740166,-3.3090148,-12.980403,-0.956635,0.027695209,0.8383973,1.2793887,0.9739228,8.190197,0.53197867,17.99264,0.63960654,38.13549,0.23825544,705.89233,0.21932472,1447.0767,0.08185011,-74.1403,-1.1552807,1816.8558,0.1067749,1254.5815,0.2187664,-80.60371,-0.9010888,2920.9675,0.08394497,1071.1353,0.19098158,-85.21956,-0.81776494,-21.211712,-0.3920961,33.514362,0.3106293,0.079681806,0.10835898,-0.015932506,-0.662593,0.1575285,0.5828636,35.574596,0.1174258,10.930155,1.5411226,0.94256926,17.461973,-14.709886,-0.65017474,-3.807182,15.426342,0.04470496,0.022498924,0.026132517,3.2786884,3.9215686,0.17,0.13,0.065,0.044999998,-30.498737,11,2,61,SPEAKER_01,1628.7,1629.366667,1628.7384687500005,1629.366667,1,0.6281982499995138,0.6281875,engaged
36.49157,0.028589167,36.31361,36.6277,37.07779,0.7641792,39.23747,7.936223,16.388079,20.548351,0.41220987,0.50407547,0.19820118,0.403169,0.64962244,0.45142126,2.617723,0.9582648,3.8350506,0.24646294,0.123342216,0.55279565,24.990026,0.447364,15.323295,0.6514451,-10.283223,-0.65269065,-35.389275,-0.44218197,0.022264367,0.97952384,0.7913226,0.4329555,10.536603,0.13402279,-11.179642,-0.38128987,26.488148,0.30386907,767.70337,0.08456497,1200.3126,0.109871306,4.482036,2.2448933,1960.5349,0.056609754,929.031,0.1475377,-29.467329,-0.3798358,3093.3503,0.02127126,797.78345,0.1957545,-33.327988,-0.23163392,-24.534275,-0.060083516,31.927443,0.09140486,0.071897976,0.19679521,-0.041026775,-0.1522051,0.14284742,0.43990052,28.974087,0.17503035,11.426838,0.3767822,-9.316584,-0.7205803,-41.376568,-0.16097955,0.0,0.0,0.0,0.0,0.0,4.255319,2.5000002,0.39,0.0,0.0,0.0,-27.51188,11,2,63,SPEAKER_01,1630.533333,1631.666667,1630.8309687500002,1631.32034375,1,0.4893749999996544,0.489375,engaged
36.91902,0.05108658,35.03627,37.13953,38.901978,3.8657074,34.311073,23.693882,31.445562,13.04552,0.21607785,0.7773835,0.070804805,0.17543267,0.3464425,0.2756377,4.295758,2.9549663,4.0596304,2.006802,0.10324813,0.99821824,18.231195,1.0949352,16.195642,0.80311966,-2.1855748,-7.8773055,-9.54638,-1.3912578,0.01931183,1.0717653,1.3742049,0.64773583,9.107925,0.3691896,10.773892,1.3006699,31.789183,0.31319204,745.97516,0.25232396,1420.2961,0.18624635,-95.61895,-0.9310291,1871.8192,0.13482709,1117.191,0.27024832,-98.901215,-0.80170697,2986.5178,0.084661916,1095.9084,0.31263432,-102.00561,-0.74776727,-21.784853,-0.51222575,33.67972,0.26854903,0.06081309,0.35858065,-0.01871575,-0.8290656,0.15244463,0.67598855,29.214972,0.33477136,16.233866,0.87136894,0.67272365,30.164484,-14.024901,-0.91087234,-5.408585,13.573397,0.032849994,0.0068430444,0.03503193,4.9751244,2.5510206,0.22799999,0.15118201,0.1775,0.13273564,-31.249138,11,2,64,SPEAKER_01,1631.7,1634.7,1632.6703437500005,1634.7,1,2.0296562499995616,2.0296875,disengaged
40.992413,0.15650503,36.406326,38.935562,46.518223,10.1118965,73.95304,61.96651,38.657967,42.47057,0.51366043,0.9151257,0.14903347,0.36326346,0.7261859,0.57715243,10.867365,8.618504,6.349287,5.88827,0.2558163,1.4482919,20.17774,0.7257017,10.047931,1.2554668,-3.8152053,-3.5309756,-28.971079,-0.73969924,0.017289985,1.096807,1.2677002,0.97787005,10.873538,0.44138044,11.603131,1.0166532,28.806883,0.3846135,788.4559,0.19967532,1260.5173,0.15424998,-58.640053,-1.3197439,1908.2119,0.106630854,1032.8839,0.2619951,-69.555984,-0.92286783,2978.0225,0.08014043,872.76416,0.3161124,-71.06887,-0.8837076,-20.183598,-0.42447704,29.318851,0.3746283,0.06564255,0.38073277,-0.02969587,-0.54472125,0.28171855,1.2949775,23.733355,0.54368263,10.26794,1.3172495,-4.3334675,-3.1922975,-31.675173,-0.64770365,-8.1505375,13.587396,0.04869063,-0.003759394,0.11822384,3.1347964,3.1948884,0.236,0.13937001,0.089999996,0.060553007,-18.296633,11,2,65,SPEAKER_01,1634.733333,1651.266667,1634.733333,1651.0472187500002,6,3.2020107500011363,3.202,engaged
40.595413,0.16894598,35.74128,37.57663,46.635597,10.894318,294.05908,334.09964,41.74715,50.950863,0.30417585,1.0670459,0.043761827,0.22966029,0.4797846,0.4360228,5.6728077,4.4435077,3.689888,2.5442667,0.14937319,2.179735,15.227564,0.87699246,16.20311,0.7937594,-2.9216456,-4.589873,-28.82012,-0.79194707,0.02273776,2.1659777,0.85569704,0.78903306,11.689592,0.3072078,9.713188,1.0903195,23.368921,0.4767033,801.0098,0.21286415,1314.9679,0.16224803,-88.51792,-0.98042476,1952.3765,0.13058169,1151.0706,0.28413764,-96.26633,-0.7669381,2925.2341,0.08336212,873.2372,0.3871444,-93.429344,-0.8139404,-21.097445,-0.381957,28.167381,0.36820087,0.07510151,0.34421402,-0.0272559,-0.5804934,0.18987119,1.7748799,19.39739,0.58585334,19.035597,0.7134722,-2.9328163,-4.8707294,-39.37407,-0.48915455,-9.58823,18.155012,0.039174773,0.0051515233,0.020754907,1.9493177,2.173913,0.29,0.19460917,0.14999999,0.13396065,-23.724531,11,2,65,SPEAKER_02,1634.733333,1651.266667,1638.76221875,1651.0303437500002,8,5.146874999999682,5.146875,engaged
36.53315,0.05012753,35.73231,36.57283,38.104916,2.3726044,50.171013,58.61178,16.080921,15.5175295,0.2850115,0.51196223,0.14263375,0.29702866,0.40862027,0.2659865,2.541008,1.854666,3.9056733,2.2826946,0.08080296,0.72294056,28.563848,0.32935083,17.057299,0.5156076,-2.447663,-5.409173,-28.79596,-0.7278555,0.018750427,1.4501102,0.9747623,1.0184814,10.8136425,0.29127377,7.106177,1.6531199,33.74107,0.2495523,697.1237,0.23095307,1359.5089,0.11495216,-34.815292,-1.8975576,1830.9769,0.13488576,1276.5814,0.2701966,-53.367744,-0.9555967,2871.374,0.08525613,960.9236,0.28991497,-54.63853,-0.9356624,-22.945898,-0.35256687,33.04355,0.26356202,0.07824055,0.2850944,-0.03229504,-0.58026993,0.08347033,0.7302215,29.468342,0.2935996,16.156479,0.5273487,-3.2178204,-4.2229986,-31.928099,-0.62378,-19.630005,28.771229,0.064021416,-0.010668019,0.06501694,3.1847136,2.6490066,0.32,0.08276473,0.037499998,0.004330127,-31.648806,11,2,67,SPEAKER_01,1652.1,1655.033333,1652.3128437500002,1655.033333,3,1.5898642499998914,1.589875,engaged
38.76059,0.009931915,38.34846,38.775665,39.08022,0.7317581,0.0,0.0,-0.10622441,0.0,0.12303409,0.6914046,0.057547648,0.085174955,0.20232439,0.14477675,2.741901,0.7175623,2.7532578,0.0,0.0728028,1.0611252,12.938204,1.9685693,19.626913,0.30939868,-6.7776756,-1.5605457,0.018869437,451.56592,0.013250916,0.38123906,1.7908057,0.6001572,11.047612,0.21823496,19.524027,0.26033553,42.215027,0.15647195,725.20404,0.26012263,1411.5585,0.090604626,-111.41166,-0.72412115,1875.9861,0.09742454,1301.8369,0.22193903,-114.00018,-0.61973685,2870.3245,0.14237095,1116.5103,0.16442737,-115.61095,-0.5969727,-22.899347,-0.63156533,34.986443,0.5473214,0.051452022,0.24577971,-0.015402816,-1.1671982,0.12987837,0.58735204,28.034706,0.65302414,18.803291,0.49828377,-1.8471019,-3.3405266,-5.4641495,-1.799181,7.161252,-5.5613356,0.032769438,0.01860936,0.0028636893,4.0,5.263158,0.099999994,0.0,0.07,0.0,-33.8513,11,2,68,SPEAKER_01,1655.066667,1656.0,1655.066667,1655.33346875,1,0.26680175000001327,0.2668125,disengaged
34.94799,0.040917188,34.187534,34.73955,36.260674,2.0731392,9.810724,3.196928,18.053751,2.0924485,0.24376816,0.6768225,0.11687422,0.2049339,0.41922924,0.30235502,2.3975115,1.7438076,2.8499558,1.0368216,0.07038155,0.85399973,32.152393,0.2385231,9.269292,1.8962281,0.40745905,36.645035,-11.250433,-1.1132886,0.011365648,0.8726895,0.9103642,0.8161263,9.440345,0.35404927,13.970711,0.77436924,33.569286,0.3355848,706.4402,0.2832579,1371.0619,0.20658885,-56.855423,-1.4699843,1878.8516,0.098930955,1155.8447,0.34462482,-68.06969,-1.0761006,2908.3967,0.060172822,1147.9083,0.18061778,-71.801735,-0.98414356,-21.809305,-0.4971354,31.998037,0.3465232,0.062445644,0.21136129,-0.017697904,-0.67081565,0.09027777,0.67704386,35.340004,0.11746564,6.668833,2.9208944,1.2855825,12.1878,-15.573569,-0.6431045,-18.432367,33.0848,0.04205545,0.0031194908,0.034566976,4.0,2.857143,0.255,0.035,0.074999996,0.055,-33.939217,11,2,69,SPEAKER_01,1656.033333,1656.833333,1656.033333,1656.8015937500002,1,0.7682607500000813,0.76825,engaged
37.349094,0.038881883,35.968235,37.00472,38.667103,2.6988678,70.675156,64.571014,12.735057,5.5651774,0.27992132,0.6538143,0.11534207,0.25134557,0.4394575,0.32411543,4.8061,2.6056817,2.638074,1.007216,0.13535923,0.92815626,23.273397,0.80603504,20.49433,0.59592646,-0.64937735,-17.549774,-8.67752,-1.9899836,0.019156996,1.0178921,1.179862,0.87854874,9.865456,0.39674705,14.429805,0.67137694,35.089443,0.22517371,737.1156,0.22953667,1424.3586,0.14422388,-60.883034,-1.1631106,1830.8643,0.12460513,1203.7009,0.23795956,-71.64284,-0.81587976,2919.3984,0.09194983,1041.2893,0.29215977,-73.891525,-0.7711716,-23.94664,-0.42520902,34.265434,0.30595148,0.06852297,0.2900865,-0.019906037,-0.8559214,0.1662841,0.7512697,28.966719,0.43385163,19.961487,0.6297081,-0.29907686,-40.09385,-12.875306,-1.3121551,-5.66081,11.460804,0.049713526,0.005087971,0.02528942,3.2051284,3.3333333,0.23200001,0.13717142,0.07333333,0.06182412,-25.803913,11,2,70,SPEAKER_01,1656.866667,1658.866667,1657.2909687500005,1658.866667,1,1.5756982499995047,1.5756875,disengaged
36.396336,0.08277404,34.84037,36.1951,38.017635,3.1772652,183.60832,339.3785,45.350796,65.1457,0.27361128,0.6793551,0.09836898,0.25206473,0.43037164,0.33200267,3.902943,2.2574692,2.970297,1.6114156,0.10998555,0.87191445,26.452963,0.69012886,11.596242,1.2704741,-5.9627028,-2.7535543,-12.958592,-1.1533527,0.020688504,1.4543871,1.1900287,0.7518423,8.980699,0.39075023,9.517458,1.2016711,36.049103,0.30893153,755.3887,0.2398891,1378.4271,0.1811805,-70.30594,-1.2047384,1849.3873,0.1363148,1151.9713,0.26699314,-79.12162,-0.93519,2967.0444,0.0839677,1048.9337,0.28867328,-84.4945,-0.8275895,-20.098087,-0.5474519,33.501015,0.31451342,0.07719044,0.22587469,-0.020603219,-0.80146146,0.14039859,0.6620204,33.479122,0.34485918,11.747388,1.2765905,-6.039481,-2.8150797,-18.031992,-0.68196076,-8.322741,18.119532,0.051299956,0.009908282,0.034748808,3.6348617,2.4006622,0.28672412,0.24454315,0.12235294,0.098251134,-30.606422,11,2,71,SPEAKER_01,1658.9,1698.2,1658.9,1698.0103437500002,9,24.226593750000575,24.2265625,engaged
39.343544,0.08061695,36.96823,38.96474,40.55535,3.58712,21.218964,25.039762,157.05162,212.40005,0.25051278,0.7411988,0.056768514,0.22822914,0.42617416,0.36940566,5.569883,1.808067,2.6757977,0.72667474,0.103080064,0.9239937,24.201351,0.5272301,4.6923523,2.720935,-7.757655,-1.4776461,-22.82897,-0.6870031,0.023857094,1.9535352,1.3421543,0.62573636,8.110252,0.38478565,9.986082,0.97075737,32.924488,0.26776782,727.34937,0.20029819,1361.7708,0.15305284,-68.449425,-1.2281946,1810.6484,0.1305626,1130.699,0.2511067,-73.64212,-0.98543924,2898.28,0.09071974,913.89026,0.27927294,-77.82254,-0.90462434,-17.358992,-0.48535627,27.892948,0.345,0.07585594,0.24910456,-0.02645547,-0.5749368,0.13097046,0.7117243,26.966331,0.41065082,5.358568,2.277646,-7.6723275,-1.5602341,-29.339457,-0.45602766,-10.593583,19.259562,0.056491055,0.0026998494,0.014829869,3.7974684,2.6666667,0.265,0.06726812,0.0875,0.06759253,-32.81335,11,2,72,SPEAKER_01,1698.233333,1701.766667,1700.1703437500005,1701.766667,1,1.5963232499996138,1.5963125,disengaged
36.540527,0.030096987,35.562737,36.81346,37.504627,1.9418907,33.378254,17.858894,14.2797785,6.676026,0.2423846,0.8081295,0.08074209,0.19617772,0.3539623,0.2732202,4.068581,3.6700916,3.1941879,0.9138573,0.11039258,0.8539859,27.524225,0.5551145,9.700564,1.2634171,-4.611023,-3.9836273,-9.590337,-1.0794237,0.025960648,1.0998286,1.2494242,0.70821613,7.9148836,0.3918294,6.91726,1.6220899,32.207954,0.26135203,800.2183,0.18257485,1311.1176,0.1379314,-79.099976,-1.02687,1878.5688,0.10958907,1048.0173,0.19405752,-87.70202,-0.8288989,3006.493,0.06715403,955.00977,0.2631246,-93.17148,-0.731366,-19.329659,-0.5213862,33.40866,0.3001796,0.064306445,0.22819583,-0.016761819,-0.63676333,0.14789636,0.61417925,32.93476,0.28538498,8.856149,1.4945631,-7.1457324,-2.6716506,-13.052641,-0.7671046,-12.23355,21.79257,0.056625463,0.0008847147,0.037753906,3.8759692,5.6910567,0.10714286,0.09691148,0.064,0.025768196,-32.256653,11,2,73,SPEAKER_01,1701.8,1703.1,1701.8,1703.1,1,1.2999999999999545,1.3,engaged
38.704193,0.013633735,38.17606,38.552254,39.28697,1.1109085,1.2207031,0.0,9.173831,0.0,0.3882279,0.5432331,0.19187242,0.3787233,0.63603586,0.44416344,2.7705505,1.0054008,5.256848,0.43823588,0.20375769,0.541462,36.627583,0.074504554,13.676995,0.59560287,-1.6365417,-5.419055,-21.399609,-0.4153985,0.009223898,0.8682596,0.8083885,0.75924855,11.24405,0.26968527,11.042002,0.632518,41.938084,0.15334667,832.41656,0.0962859,1157.074,0.10633458,-31.709934,-1.4647461,1989.5254,0.06657971,894.2172,0.21323572,-50.311687,-0.8374961,3140.181,0.042023726,825.31287,0.2878279,-60.673817,-0.63150936,-25.328556,-0.23560843,34.13525,0.22055691,0.061193295,0.2459693,-0.041570835,-0.13853055,0.21651956,0.3754867,38.009964,0.029935233,12.00967,0.63300014,-3.2601805,-2.5823452,-25.561094,-0.31789497,-22.383955,29.45193,0.08438968,-0.02774252,0.055400886,9.67742,4.5454545,0.19,0.0,0.0,0.0,-23.411707,11,2,74,SPEAKER_01,1703.133333,1718.366667,1703.133333,1707.66284375,2,0.3276357500001268,0.327625,disengaged
36.354954,0.040106136,35.15269,36.75937,37.61164,2.45895,0.0,0.0,-0.19663648,0.0,0.25155437,0.33993456,0.18030933,0.28119516,0.31647593,0.1361666,1.5456293,0.36358202,0.84753036,1.2408084,0.05290078,0.3619157,33.291805,0.12637982,-2.5153427,-2.8745594,-26.140749,-0.28214422,-16.676142,-0.59312284,0.015236067,1.0547768,0.9782799,0.39459577,7.322134,0.44314757,1.1085352,8.993113,30.917397,0.107995026,681.80206,0.23815057,1512.3174,0.19736771,-4.6536555,-0.9615857,1554.6909,0.123351485,1233.5577,0.22919515,-14.946872,-0.48558292,2810.1067,0.10960517,972.0412,0.26732254,-38.14412,-0.110622965,-7.2677817,-0.31493756,32.470924,0.07411126,0.053738944,0.15163858,8.487297e-05,195.77635,0.060944084,0.1933985,34.229294,0.10937625,-2.0185049,-3.817688,-26.61483,-0.29656762,-16.758312,-0.636204,0.0,0.0,0.0,0.0,0.0,6.25,3.7037039,0.26,0.0,0.0,0.0,-38.587593,11,2,74,SPEAKER_02,1703.133333,1718.366667,1703.98409375,1704.6253437500002,2,0.3374999999998636,0.3375,disengaged
40.116177,0.08647798,37.026665,40.048492,44.067554,7.0408897,88.95304,49.289505,32.98251,33.05084,0.18234475,1.2523232,0.0070704203,0.080813274,0.3501938,0.34312338,4.5925474,4.813201,3.4264827,2.4069123,0.07121613,1.4946017,14.89377,1.152327,6.679299,1.9174784,-3.8849447,-2.9731207,-9.131343,-1.5099607,0.023717782,1.7119347,1.3159277,0.80675834,9.967368,0.39088526,7.69744,1.303104,27.053684,0.39322504,802.8438,0.23560132,1345.6963,0.15575102,-112.70251,-0.79109985,1840.3422,0.12422482,1120.9027,0.2666909,-110.877426,-0.75129956,2915.7415,0.077120304,967.5378,0.29756308,-114.79295,-0.69241035,-17.173174,-0.601,30.050203,0.33562005,0.06746628,0.2870237,-0.012318339,-1.7552768,0.12646739,0.9446257,26.315987,0.353853,3.3974185,4.555559,-6.8270006,-2.0274549,-17.12421,-0.75047714,-5.987609,15.208857,0.03531183,0.025702776,0.01248034,2.7377522,2.3222063,0.21312499,0.1923447,0.22,0.25606918,-33.477196,11,2,74,SPEAKER_03,1703.133333,1718.366667,1704.6253437500002,1715.3072187500002,6,6.952500000000555,6.9525,disengaged
38.20329,0.09945508,36.685402,38.009586,40.47574,3.7903366,373.28192,767.0112,74.10132,49.520725,0.21791011,0.9485585,0.035939634,0.14411956,0.39047712,0.3545375,4.1052904,2.7704115,2.4289906,1.5848107,0.06546799,1.560101,15.733729,1.2636222,10.492067,1.0652164,-5.267596,-2.8302076,-19.155746,-1.1603469,0.01985747,2.9436407,0.9839364,1.1389618,10.607723,0.39895567,8.6203575,1.4991474,35.124386,0.30109352,727.96436,0.22083816,1371.1267,0.16529354,-104.93309,-0.89725477,1820.4568,0.12116864,1127.8578,0.24802022,-109.09266,-0.76456183,2927.4817,0.0679288,920.4849,0.36602986,-111.94795,-0.7173771,-20.561537,-0.46810362,31.278688,0.3413561,0.07315242,0.3347952,-0.028756013,-0.71107024,0.10574946,1.1638573,27.195831,0.44048223,8.7776985,1.2456905,-8.735411,-1.7084202,-32.80386,-0.6080959,-6.992085,15.55921,0.039080895,0.005638062,0.020054372,2.7522936,2.609363,0.19264705,0.17877539,0.17484848,0.12830175,-31.794107,11,2,75,SPEAKER_02,1718.4,1768.666667,1725.93846875,1761.0384687500002,9,13.095000000000937,13.095,engaged
0.0,0.0,0.0,0.0,0.0,0.0,0.0,0.0,0.0,0.0,0.032412577,1.397414,0.0051305504,0.0065867933,0.07374438,0.06861383,0.8630501,0.60626817,1.1251281,0.0,0.014108486,1.7021027,8.056833,1.860758,7.2745304,0.6964128,-2.0249805,-2.8909616,-2.282799,-4.900693,0.0,0.0,0.0,0.0,0.0,0.0,0.0,0.0,0.0,0.0,0.0,0.0,0.0,0.0,-201.0,0.0,0.0,0.0,0.0,0.0,-201.0,0.0,0.0,0.0,0.0,0.0,-201.0,0.0,0.0,0.0,0.0,0.0,0.0,0.0,0.0,0.0,0.0,0.0,0.0,0.0,0.0,0.0,0.0,0.0,0.0,0.0,-10.878871,22.173424,0.038401805,0.022330988,0.018308785,3.7037039,0.0,0.0,0.0,0.21,0.0,-51.976364,11,2,75,SPEAKER_00,1718.4,1768.666667,1730.5115937500002,1730.7984687500002,1,0.2868750000000091,0.286875,engaged
36.65956,0.10919364,34.91218,37.320633,39.377357,4.4651756,196.9587,287.05972,82.28238,119.802895,0.30864456,0.79765356,0.09587146,0.2424792,0.50541866,0.4095472,4.5668144,3.0652997,3.4503121,2.9778879,0.13557774,1.0605527,26.975008,0.58165026,11.20854,1.3681486,-4.4376335,-3.726314,-12.026893,-1.3625644,0.023478853,1.6214067,1.192271,0.80339193,9.088988,0.4568392,9.375521,1.1004831,34.468132,0.3196228,787.76355,0.2397079,1354.3131,0.16953364,-67.83186,-1.1997033,1876.5153,0.12505983,1140.439,0.24751808,-75.834335,-0.9436366,2991.4314,0.08271008,1041.7118,0.2698793,-81.59953,-0.8293323,-20.236094,-0.5589297,32.728397,0.32045963,0.06968517,0.2770849,-0.019285765,-0.93994117,0.16244662,0.8711952,32.23219,0.28560737,10.213113,1.5222899,-5.5676293,-2.9625173,-16.594828,-0.934276,-11.6266985,21.237705,0.052531913,0.0052048913,0.063784994,2.994484,2.857143,0.24666665,0.20824665,0.090624996,0.06932431,-27.054764,11,2,75,SPEAKER_01,1718.4,1768.666667,1746.4078437500002,1768.666667,11,12.707573249999086,12.7075625,engaged
36.254986,0.07613616,35.283962,35.78911,38.66198,3.3780174,150.93771,114.62137,29.3191,17.672297,0.32046518,0.6841137,0.10497938,0.27091175,0.5578016,0.4528222,4.700248,1.3431951,3.981147,2.9499807,0.12723453,0.7421798,32.23098,0.25023594,7.116439,2.328283,-10.949077,-1.5149592,-9.719466,-1.3941313,0.035595972,2.256836,1.5319587,0.7809928,8.344203,0.40182596,5.2289014,2.3361015,33.668297,0.3452296,656.07495,0.2719958,1376.7178,0.15294528,-57.050583,-1.3405706,1734.6442,0.14703867,1102.7075,0.21487688,-63.120773,-1.0549381,2910.6453,0.10672117,1022.5481,0.22251986,-72.53472,-0.84874374,-16.557251,-0.7328637,30.693892,0.2789134,0.065243006,0.2609918,-0.01577543,-1.2435308,0.14685446,0.6296277,33.562893,0.20105253,7.141356,2.3392823,-11.044725,-1.487589,-11.410825,-1.2162677,-17.479298,29.472448,0.058164343,0.0025933185,0.056593113,4.9180326,4.310345,0.172,0.09826494,0.06666666,0.028674418,-30.608028,11,2,76,SPEAKER_01,1768.7,1769.933333,1768.7,1769.933333,1,1.2333329999999023,1.2333125,disengaged
36.480377,0.058105197,35.175823,36.163334,38.303474,3.1276512,187.06256,195.19443,88.73491,186.96568,0.30892032,0.67290246,0.10146588,0.275367,0.5269797,0.4255138,4.7797894,2.165723,3.0825753,1.3663145,0.11771799,0.7880612,28.367058,0.56967276,9.036341,1.715288,-11.057677,-1.4403424,-11.826073,-1.3064803,0.017670926,1.5845982,1.0876385,0.763097,9.047342,0.36249095,6.0915213,1.8865926,34.101124,0.32936877,748.4673,0.26359728,1355.209,0.1627382,-60.93041,-1.3389723,1809.13,0.13776612,1200.9779,0.25196436,-68.34232,-1.051642,2941.3853,0.09068454,1100.3003,0.3683107,-77.28785,-0.85910875,-16.264164,-0.7285371,32.542896,0.31472582,0.07213323,0.23819777,-0.015258174,-1.1533374,0.14643808,0.6009413,33.08652,0.31380317,7.2329283,2.1721344,-11.982621,-1.4280766,-16.213093,-0.7564024,-10.159457,20.739697,0.053656083,0.006116155,0.032121863,3.912363,3.0015798,0.24105263,0.1868547,0.09571428,0.060084973,-30.154482,11,2,77,SPEAKER_01,1769.966667,1780.366667,1769.966667,1780.366667,4,6.400624999999991,6.400625,engaged
36.982635,0.074661754,34.990917,37.074394,39.93994,4.949024,82.41367,96.40307,27.124847,8.45291,0.18768802,0.8110993,0.039353296,0.14875963,0.35069123,0.31133795,3.7138894,2.2829933,3.2580206,1.332498,0.10000212,1.0466143,19.601604,1.2603047,17.209614,0.46359798,-3.0659344,-4.1088967,-10.666126,-1.5430168,0.021441227,0.808443,1.3997762,0.7038753,8.701225,0.3711513,12.434301,0.75110394,38.14464,0.26105666,771.96606,0.21054816,1480.2799,0.1369292,-92.747986,-0.92169416,1810.6044,0.14887941,1305.207,0.22659704,-99.609726,-0.7629424,2938.2656,0.07829884,1076.0052,0.38777635,-102.79709,-0.7123154,-25.374313,-0.33318275,39.477646,0.16414036,0.079085775,0.26054978,-0.02185584,-0.7049087,0.16847818,0.54899037,34.53005,0.3125794,18.724512,0.41476303,-0.5956123,-23.620058,-21.572601,-0.5215945,-7.5421786,18.194185,0.043590356,0.01641657,0.009800544,3.2967033,2.3255816,0.24499999,0.035,0.145,0.065,-30.667606,11,2,78,SPEAKER_01,1780.4,1783.3,1780.4,1782.79034375,4,0.9222187499995016,0.9221875,disengaged
28.54427,0.19468845,25.185389,28.232277,28.763233,3.5778446,397.98764,300.30588,229.49,165.57574,0.27449906,0.40089607,0.1687885,0.2806616,0.39675996,0.22797146,1.5746914,0.88030136,1.4695097,0.27428037,0.06776536,0.57618994,16.605597,1.5315956,-5.905641,-1.8884032,-11.247197,-0.34710163,-13.068178,-0.6494198,0.029836558,0.8008157,2.3957887,0.4947742,1.8877537,0.791658,-0.88899577,-6.7901177,22.298073,0.38015303,758.43396,0.12597458,1301.0038,0.118603,-112.355255,-0.7711521,1671.354,0.06450981,1112.026,0.41740128,-111.56287,-0.7594182,2847.6985,0.0696159,640.45953,0.312047,-118.13446,-0.6623895,-6.148475,-0.96968156,20.4732,0.4013046,0.07435258,0.2436871,-0.011177839,-0.8613231,0.08976732,0.445094,22.670847,0.6014066,-8.389085,-1.3288103,-11.193827,-0.33752435,-17.710852,-0.40206245,1.4534863,10.1882305,0.070623524,-0.0027985768,0.05937834,6.1224494,9.090909,0.037499998,0.024874683,0.0475,0.029474566,-39.310604,11,2,78,SPEAKER_02,1780.4,1783.3,1782.79034375,1783.3,1,0.5096562500000346,0.5096875,disengaged
38.157124,0.044012196,36.934334,38.080666,39.8401,2.9057655,92.22647,135.08165,63.97286,118.97602,0.38471243,0.60432315,0.19830462,0.3209766,0.6571585,0.45885387,4.6807656,2.5727165,3.8795805,2.5422294,0.16499825,0.73414934,27.74061,0.42187715,11.66636,1.0782989,-9.756735,-1.5356803,-18.872366,-0.8834569,0.024449935,1.1001836,1.2318189,0.81650114,9.448059,0.41362008,5.6869683,1.9237531,30.139355,0.336738,797.09686,0.18260807,1323.0157,0.18531322,-42.21703,-1.5228101,1888.8818,0.13306013,1173.1711,0.28471437,-55.500362,-1.0118437,2985.5786,0.072000384,965.94226,0.32972035,-60.848705,-0.87705183,-17.138802,-0.64186686,34.033184,0.23514403,0.060236316,0.26435938,-0.020120993,-0.95572066,0.17834836,0.65639967,29.954592,0.28601035,10.8621025,1.203577,-10.459413,-1.5304943,-21.522501,-0.76279557,-10.345699,19.914154,0.052785713,0.0036225882,0.095426306,4.30622,2.955665,0.28,0.4336281,0.057499997,0.03269174,-26.062517,11,2,79,SPEAKER_01,1783.333333,1786.933333,1783.333333,1786.3678437500002,3,2.1063857500007543,2.106375,engaged
37.56283,0.053233203,35.68465,37.557255,39.33087,3.6462212,67.0935,68.418816,22.101711,17.456964,0.2634439,0.7614586,0.07974303,0.22229177,0.43828547,0.35854244,4.7390857,3.1571405,3.0278037,1.3019352,0.110178016,0.89180917,28.009205,0.49162763,9.929924,1.3168372,-4.9418674,-3.6164951,-12.738643,-1.138871,0.017491763,0.8710718,1.1495506,0.75415736,9.608255,0.3699602,10.796713,1.0701741,35.233524,0.28789058,765.51605,0.21832302,1376.9891,0.14302176,-64.40418,-1.2242162,1839.8401,0.11093347,1133.8583,0.20940606,-73.49497,-0.95380694,2986.2766,0.06631015,993.173,0.26598233,-80.640785,-0.81174296,-21.240139,-0.5102604,34.880287,0.27511096,0.06542544,0.30782452,-0.0202325,-0.8006629,0.13766846,0.70416474,32.442432,0.28843018,9.884186,1.3660249,-5.518756,-3.494663,-17.115881,-0.7479621,-11.48712,21.18184,0.05085538,0.007373578,0.02962475,3.7089872,2.4425287,0.2982353,0.28149253,0.09625,0.063035205,-29.354265,11,2,80,SPEAKER_01,1786.966667,1797.166667,1787.4647187500002,1796.0372187500002,2,7.019999999999982,7.02,disengaged
35.3431,0.02899874,34.345776,35.06919,36.72591,2.3801346,40.42075,0.0,17.694475,0.0,0.13971794,0.8594693,0.053079315,0.12232309,0.16189787,0.10881855,1.865281,0.48652732,-8.211563,6.5164647,0.04541854,1.667909,-0.5342563,-40.16568,11.552824,0.4326515,11.329224,0.9844409,-5.7346206,-2.4597907,0.023064168,0.21184349,1.2242262,0.3640578,7.9949856,0.27667046,0.9679189,3.481326,14.841232,0.5641813,964.98975,0.1873688,1286.5562,0.10024562,-127.62114,-0.6639989,1921.2684,0.06310983,998.48364,0.3433764,-128.74002,-0.6472618,2962.5278,0.05966302,1098.2311,0.17043255,-129.95341,-0.63016367,-9.689052,-0.9796047,14.895342,0.6334835,0.04209655,0.4825242,-0.012158161,-1.1604226,0.042893123,1.4778715,11.432176,1.3319412,8.815353,0.4774325,14.751776,0.9589397,-2.8445811,-3.147153,5.425631,-0.6270477,0.02042569,0.014158276,0.013047114,4.0816326,4.5454545,0.08,0.04,0.25,0.0,-38.44696,11,2,80,SPEAKER_02,1786.966667,1797.166667,1796.0372187500002,1797.166667,2,0.5050732500003505,0.5050625,disengaged
39.517933,0.05794898,36.453953,40.67464,41.06813,4.6141777,62.327606,35.022583,22.031633,11.390542,0.35462153,0.9086877,0.055823483,0.17185396,0.80329883,0.7474753,3.7533824,2.1592023,1.9650917,0.9949892,0.08697751,0.95535165,13.118917,1.3894875,5.498744,2.322035,-0.42747825,-27.732767,-21.896881,-1.3630115,0.017368037,0.84573364,1.1844656,0.97617614,11.501156,0.29530904,13.47227,0.51692086,29.692396,0.1919973,833.53876,0.19360276,1292.0598,0.13818151,-88.54792,-0.94635886,1961.1046,0.085852765,1030.6803,0.38738194,-89.93036,-0.86370057,2955.8337,0.055287894,1011.7044,0.29088086,-91.46586,-0.84279877,-19.458437,-0.6517528,27.051212,0.5936298,0.06505675,0.25707716,-0.026879,-0.68795234,0.11359034,0.7709253,20.248636,0.8019886,7.9756017,1.5978593,-1.8085089,-7.3754497,-28.244118,-0.9715781,-1.8349993,10.959089,0.052096665,0.011760761,0.02955799,3.0769231,5.084746,0.11666667,0.028674418,0.095,0.005,-28.024122,11,2,82,SPEAKER_02,1798.3,1799.366667,1798.5853437500002,1799.366667,2,0.6631982500000504,0.6631875,disengaged
39.21246,0.094984256,38.18541,39.125298,40.44516,2.2597504,359.01584,157.64017,25.140026,0.302495,0.45937297,0.61983675,0.14230752,0.44390208,0.756644,0.6143365,6.6976814,2.3830397,3.0893686,2.0207992,0.13690583,0.8320458,14.600503,1.2603514,2.4586859,4.7533674,-14.416781,-0.78015774,-34.530365,-0.44098517,0.013567773,1.5540066,0.8929506,0.93761617,9.978357,0.47772357,5.2582173,1.6535468,29.404541,0.30989933,803.2586,0.1676971,1317.6769,0.183862,-53.86694,-1.5726658,1872.5627,0.117793016,1003.7079,0.23024534,-62.457687,-1.1729918,2961.234,0.061531063,817.0776,0.24553949,-67.54151,-1.039726,-13.982508,-0.65156156,24.454111,0.39114624,0.07377973,0.18059781,-0.031479895,-0.462101,0.16058144,0.6637722,19.62402,0.58483356,0.09121497,127.86365,-15.754023,-0.71352357,-40.598137,-0.2685206,-3.9917603,11.029841,0.0691116,-0.010830325,0.05966644,3.8167942,3.5019457,0.20555554,0.16152819,0.08833333,0.044127338,-28.696692,11,2,83,SPEAKER_02,1799.4,1802.033333,1799.4,1802.033333,1,2.6333329999999933,2.6333125,engaged
37.992035,0.10448193,35.39988,36.372154,38.626705,3.2268257,22.646252,4.2721353,27.03751,0.0,0.21531932,1.217852,0.02077086,0.12628347,0.369709,0.34893817,3.7022827,0.94522315,1.65097,2.5531363,0.08961304,1.3589414,19.72015,0.84760034,11.19101,1.5997174,2.705048,6.567135,-8.850636,-2.1144364,0.020414533,1.1674999,1.332923,1.1839472,9.583739,0.41920286,9.333977,1.1948125,31.443241,0.26792666,877.7628,0.22544627,1434.5109,0.16659622,-87.825005,-0.9318778,1939.3818,0.11586905,1275.008,0.2029758,-94.26658,-0.7845522,3014.2278,0.0789908,1064.2758,0.29306936,-96.60369,-0.7480111,-23.600304,-0.570798,35.282654,0.37575063,0.06002849,0.57696897,-0.008727615,-2.0896492,0.12596256,1.0534865,27.101986,0.40714952,13.983637,1.4950308,3.6364622,5.8941293,-11.68808,-1.903521,-4.8666716,13.7758465,0.04119224,0.023343686,0.020098517,2.259887,2.3391814,0.275,0.18980253,0.1325,0.13790849,-32.228058,11,2,84,SPEAKER_02,1802.066667,1806.066667,1802.066667,1806.066667,5,1.7893750000000637,1.789375,disengaged
35.97051,0.03822019,34.722084,36.05983,36.725464,2.0033798,86.69337,99.551476,11.88879,10.260938,0.22555321,0.7891656,0.06312675,0.17008768,0.40844893,0.3453222,5.0601044,2.6530263,3.1357965,2.4931993,0.08267541,1.0939404,23.829775,0.7649509,12.120745,1.1109475,0.85350657,13.687172,-7.711003,-1.7729585,0.022506814,0.94631344,1.1661787,0.81420577,9.287156,0.33816865,6.365788,1.3095137,33.487823,0.23214145,677.53937,0.29281864,1537.5027,0.15557393,-99.0693,-0.8776722,1727.7463,0.13847075,1188.821,0.21861324,-101.82148,-0.7870591,2895.6099,0.067007236,982.9583,0.31162685,-107.54296,-0.698116,-21.222517,-0.39401865,35.939526,0.1984542,0.06667638,0.32437557,-0.017018644,-0.6527614,0.120484516,0.8124449,34.246418,0.26129505,12.656741,1.1222907,1.9418623,6.8666396,-12.232409,-0.9956211,-8.743871,18.435781,0.0399182,0.007353071,0.035426795,4.56621,3.286385,0.16714284,0.14498417,0.16399999,0.11074294,-32.301903,11,2,85,SPEAKER_02,1806.1,1838.8,1806.1,1812.1190937500005,4,2.205343750000111,2.2053125,engaged
36.58568,0.06937792,34.94982,36.70667,38.71753,3.7677078,200.68309,276.82565,29.514814,43.525764,0.27147815,0.6942204,0.095418654,0.23198882,0.43485948,0.33944082,4.8629527,3.3906972,2.486793,1.3041971,0.11107038,0.9411016,26.713697,0.65190893,12.476845,1.100942,-3.8539026,-4.210957,-13.874458,-1.1927936,0.022816995,2.1971304,1.2208661,0.8050301,9.405872,0.38249782,9.337115,1.1920629,34.420525,0.31312028,780.5999,0.22556593,1352.5393,0.16111816,-65.14722,-1.2298261,1884.9802,0.123790994,1142.8656,0.28659597,-75.92234,-0.91604453,2983.5034,0.08350858,1006.9101,0.32405457,-80.15062,-0.8316535,-21.404453,-0.45383686,33.64353,0.2846918,0.06861211,0.29152375,-0.022036754,-0.718894,0.13457568,0.7922997,32.710037,0.30228072,12.20144,1.1217637,-3.6008165,-4.6997366,-18.059162,-0.8157462,-9.108921,17.540442,0.04957953,0.0045011635,0.043238886,3.5671103,2.9126215,0.24499999,0.18597715,0.09631579,0.09085619,-29.90716,11,2,85,SPEAKER_01,1806.1,1838.8,1811.22471875,1838.8,14,16.55590624999809,16.5559375,engaged
38.582172,0.07770219,34.928226,40.579426,41.17981,6.251583,223.35739,89.1285,15.657951,9.191431,0.13831826,0.598103,0.065499246,0.12279951,0.20922324,0.143724,2.7716444,1.3874179,1.6607136,1.3385346,0.04815164,0.8333854,25.024828,0.49484405,4.958477,2.448024,-7.3352776,-1.7277718,-4.3193974,-4.492859,0.02535584,0.85877293,2.2458577,0.7816751,9.595184,0.43794316,11.073306,0.6271966,37.84825,0.25543547,716.655,0.22201242,1410.6018,0.14973544,-106.01968,-0.7492714,1690.9557,0.09719405,1422.9988,0.32839447,-103.45953,-0.71658033,2781.311,0.0784873,1097.9706,0.23837903,-110.61928,-0.6168227,-16.79988,-0.62933964,32.541943,0.32090607,0.0515636,0.3142385,-0.004214765,-5.9839287,0.05664409,0.70053285,29.103619,0.3756137,2.4199505,4.3773217,-11.975713,-1.1057463,-13.890368,-1.4532671,-9.35443,23.845201,0.050079186,0.013611709,0.03397396,6.8493156,7.462687,0.066,0.06468385,0.07333333,0.018856179,-39.86858,11,2,85,SPEAKER_04,1806.1,1838.8,1814.26221875,1833.9047187500005,4,0.7425000000000637,0.7425,engaged
33.157166,0.027592817,32.405094,32.77509,34.078247,1.6731529,0.0,0.0,-0.12629053,0.0,0.10327894,0.5523308,0.04386483,0.11222223,0.1389069,0.095042065,0.5228376,0.6590804,1.2881061,0.5638341,0.040030025,0.9216896,35.52761,0.33525994,29.429571,0.13344651,12.6631365,0.44969404,-5.5814195,-2.0924895,0.01909349,0.7105644,1.3193893,0.7056129,10.025418,0.13553756,16.759623,0.30741245,54.30516,0.063132904,783.7549,0.31032664,1483.9232,0.12162453,-77.01543,-1.0867428,2003.7115,0.12519924,1256.1177,0.09191312,-95.24251,-0.7423053,3128.916,0.091539904,1168.5343,0.14883088,-96.45657,-0.7246994,-35.739788,-0.041674603,48.281063,0.04327173,0.08378929,0.14152889,-0.026978835,-0.20351486,0.054505754,0.8814283,42.884678,0.045183152,31.688759,0.09766925,9.295348,0.30500865,-13.48209,-0.3981788,-30.116545,38.596287,0.051544044,-0.0037271634,0.031266663,5.1282053,2.9411764,0.22,0.0,0.099999994,0.0,-38.780197,11,2,86,SPEAKER_01,1838.833333,1839.8,1838.833333,1839.23721875,1,0.4038857499999722,0.403875,disengaged
36.159607,0.1050389,34.869225,36.16623,37.872314,3.00309,245.31258,285.8508,27.455381,21.948448,0.27481353,0.69892716,0.095919386,0.23427562,0.44039518,0.3444758,3.8469596,2.237357,3.0737126,1.44177,0.12108223,0.7894084,26.445898,0.73682606,14.885573,0.9887328,-4.5212812,-3.89756,-14.417207,-1.0647699,0.025736792,2.2231734,1.2467062,0.7176363,8.417503,0.44876987,8.723198,1.3095232,35.57817,0.31355017,765.497,0.24313706,1389.5768,0.1818749,-66.089096,-1.2357529,1869.2886,0.1251465,1165.318,0.2543844,-75.22153,-0.9323844,2977.2935,0.076479666,1054.8068,0.274921,-80.05805,-0.83171576,-21.648241,-0.5323282,34.12542,0.32870632,0.07702496,0.25764415,-0.022003772,-0.73024666,0.15237693,0.58469784,32.55692,0.40027502,14.309905,1.014223,-4.1448216,-4.4179907,-19.361715,-0.676794,-10.38978,19.571697,0.058088265,0.005354537,0.03865738,4.307334,3.055229,0.23153846,0.2068573,0.07875,0.062136438,-29.356243,11,2,87,SPEAKER_01,1839.833333,1850.2,1840.2497187500005,1850.2,4,8.60028125000008,8.6003125,engaged
38.140675,0.05882237,36.228443,37.845894,40.24798,4.019535,21.087902,10.044983,114.01723,295.39896,0.12306683,1.007862,0.015206339,0.09316239,0.20617025,0.19096391,2.059624,1.4110811,1.2637271,1.1188554,0.027721532,1.3899602,21.77757,0.8318476,8.737323,0.78936946,-4.293222,-2.6412947,-14.184755,-1.1976075,0.012731767,1.0964679,0.8278914,1.1248138,11.3893585,0.2979297,7.5692635,2.148958,36.752384,0.2925547,742.2418,0.20948353,1349.3097,0.15574417,-89.95468,-1.0001099,1808.2445,0.09588441,1138.7563,0.197207,-97.633644,-0.7992541,2961.7834,0.05837416,889.50745,0.21849605,-102.6001,-0.72304386,-22.4393,-0.30157766,35.38667,0.2130736,0.064646825,0.26907542,-0.021386156,-0.705003,0.040072236,1.048712,32.36704,0.265426,9.993049,0.70558804,-6.018887,-2.160464,-22.44465,-0.7096973,-6.1316247,15.132961,0.037891764,0.018526232,0.007855561,2.5345623,2.0857475,0.28666666,0.11185309,0.17166665,0.20273821,-37.16222,11,2,89,SPEAKER_04,1850.866667,1894.266667,1851.15096875,1860.55034375,2,8.690624999999955,8.690625,engaged
36.310265,0.08542118,34.719013,35.881107,37.933918,3.2149048,127.21545,164.91873,51.238735,70.79875,0.2939713,0.7106622,0.096832335,0.25732318,0.47956052,0.3827282,4.8817487,3.2183836,3.3614898,2.0366414,0.119229734,0.93550384,23.41165,0.88013977,10.500133,1.4080975,-7.801408,-2.0343528,-12.63792,-1.3036993,0.019248141,1.6290269,1.1071025,0.7315256,8.942372,0.39394492,10.291075,1.1220449,35.9345,0.32216573,755.47076,0.23617004,1384.8198,0.15569474,-73.841034,-1.1890548,1834.9596,0.13102378,1178.7557,0.2614481,-81.53516,-0.9480297,2960.3486,0.0824345,1053.0889,0.29388863,-87.31474,-0.83553135,-19.526068,-0.5696389,33.126812,0.3263338,0.07917805,0.24327968,-0.019870827,-0.85308814,0.1527719,0.7105064,32.478508,0.34438547,10.462879,1.4737656,-8.818183,-1.8165656,-18.053986,-0.7865088,-5.107841,13.756181,0.05685926,0.007966944,0.046990417,3.621439,2.4201355,0.2744,0.24247192,0.12291667,0.114126354,-30.034712,11,2,89,SPEAKER_01,1850.866667,1894.266667,1865.35971875,1893.6759687500005,12,20.7224999999994,20.7225,engaged
0.0,0.0,0.0,0.0,0.0,0.0,0.0,0.0,0.0,0.0,0.020395214,1.6556796,0.0031965915,0.005235484,0.027388658,0.024192067,-0.011605925,0.0,0.61078477,0.0,0.0026807045,1.9883868,-2.5010052,-2.9984927,-1.572001,-5.6023507,-5.618517,-1.9130474,1.8689996,1.5854475,0.0,0.0,0.0,0.0,0.0,0.0,0.0,0.0,0.0,0.0,0.0,0.0,0.0,0.0,-201.0,0.0,0.0,0.0,0.0,0.0,-201.0,0.0,0.0,0.0,0.0,0.0,-201.0,0.0,0.0,0.0,0.0,0.0,0.0,0.0,0.0,0.0,0.0,0.0,0.0,0.0,0.0,0.0,0.0,0.0,0.0,0.0,2.4365644,11.344975,0.039353147,0.044810396,0.003082304,0.0,0.0,0.0,0.0,0.22999999,0.0,-62.32115,11,2,89,SPEAKER_00,1850.866667,1894.266667,1887.39846875,1887.70221875,1,0.3037500000000364,0.30375,engaged
36.025845,0.0827607,33.586735,35.66296,37.152496,3.5657616,35.516014,22.71317,33.242443,28.183893,0.3492513,0.90337235,0.09383091,0.2715145,0.5774618,0.48363087,5.492825,4.2977896,4.4102573,4.4462266,0.1291084,1.1754675,27.25212,0.53637,5.8990493,2.625286,-8.70154,-1.5669476,-11.106427,-1.3493079,0.014804244,1.0950692,1.0980685,0.95651096,9.499532,0.36744672,9.421734,1.1033802,35.601757,0.2774066,797.2486,0.21067186,1407.6586,0.2662133,-66.6044,-1.271342,1827.3848,0.10586525,1251.8599,0.23690954,-77.34012,-0.9768413,2946.3513,0.06887531,1017.0435,0.28101423,-83.36375,-0.858892,-17.714214,-0.5891996,33.07994,0.3073793,0.0717081,0.24048416,-0.014855382,-1.0544375,0.16337825,0.87160194,33.01002,0.29857674,6.4216223,2.4576843,-8.828494,-1.6810274,-15.41063,-0.94418395,-6.185751,15.520373,0.053757526,0.014330264,0.04804134,3.880597,2.7355623,0.25,0.31706992,0.10875,0.08908388,-26.490597,11,2,90,SPEAKER_01,1894.3,1907.6,1895.26221875,1907.6,4,3.3602812500005257,3.3603125,disengaged
39.15418,0.105538145,36.41915,38.62844,40.95789,4.5387383,221.2153,351.7985,39.740833,24.044376,0.36458087,0.8660633,0.07766123,0.2480684,0.6458501,0.5681889,6.0947824,3.7761912,4.003639,2.558918,0.13328522,1.0866777,21.51616,0.740716,7.950833,1.4199888,-9.54844,-1.3258973,-31.801325,-0.6180271,0.015686376,1.5363762,0.88783413,0.98630744,10.834143,0.3718372,6.014397,1.6989487,31.928898,0.2823545,800.39545,0.16518386,1306.556,0.16415703,-64.70662,-1.3452172,1896.706,0.10790592,1122.2251,0.268351,-78.26107,-0.9391788,2975.5918,0.05618488,814.59705,0.30983508,-80.15715,-0.90366083,-20.631468,-0.32812488,31.408031,0.28458315,0.07943476,0.23505068,-0.031520866,-0.45115936,0.16554372,0.84845334,28.181305,0.35597122,7.715957,1.3473569,-11.265642,-1.1200422,-39.622192,-0.4146933,-7.600287,15.481146,0.05881835,0.0011252011,0.05718164,3.0354133,2.7303755,0.25125,0.21557699,0.11615385,0.07927929,-26.427368,11,2,90,SPEAKER_02,1894.3,1907.6,1895.5153437500005,1902.9740937500003,5,5.939999999998918,5.94,disengaged
36.18296,0.107572556,34.48827,35.826283,37.845715,3.3574448,277.86963,344.79294,241.40175,380.63025,0.25667644,0.76360106,0.07819008,0.21218574,0.44081202,0.36262193,4.289962,2.5141623,3.0239305,1.7971383,0.10562775,1.0046846,20.31413,1.077877,8.810729,1.739039,-11.202012,-1.6439294,-9.383555,-1.7456833,0.028407339,2.0263042,1.2693413,0.6830503,7.5178695,0.5167633,11.457457,0.9580239,36.126156,0.28385752,742.29694,0.24756165,1392.5465,0.16062348,-82.12928,-1.1128243,1797.1691,0.13323157,1211.1149,0.26096845,-88.389114,-0.90989655,2938.02,0.077705055,1063.5732,0.2908521,-93.63867,-0.80899024,-17.149965,-0.70318854,32.749084,0.34134263,0.081326984,0.2290694,-0.015247047,-1.2477707,0.15356052,0.6841997,31.339306,0.4254381,9.226622,1.7526809,-10.445153,-1.8693869,-16.87726,-0.7731646,-2.2737093,13.283326,0.049383894,0.02098,0.021139473,3.991597,2.8541226,0.21518518,0.17852007,0.14,0.14478825,-31.55556,11,2,91,SPEAKER_01,1907.633333,1918.533333,1907.633333,1918.533333,4,9.53312500000061,9.533125,engaged
35.05366,0.030131362,34.119614,35.214733,35.90851,1.7888947,26.904379,12.951361,14.698252,6.9418178,0.25599942,0.79234314,0.0948397,0.1903919,0.39870426,0.30386457,4.860366,2.0364704,2.9857054,1.3719723,0.10248258,0.9130336,22.810787,0.7377962,8.379465,2.254168,-13.619626,-1.277717,-4.4749484,-2.9598682,0.023098815,1.4237065,1.3295932,0.531873,6.9721785,0.421575,10.715853,1.0207477,34.28526,0.359899,754.70557,0.28351143,1403.5895,0.1756341,-71.885796,-1.2719234,1804.7922,0.12265815,1334.3772,0.27208877,-81.909874,-0.9702892,2926.644,0.08557042,1131.7797,0.30651948,-87.54036,-0.86057717,-14.083436,-1.0182159,32.28216,0.26609257,0.07549445,0.23462224,-0.0034009025,-5.4472837,0.13178006,0.73944694,27.537775,0.43113658,9.906563,2.101261,-12.837138,-1.414249,-7.2931714,-1.7579609,-6.748091,20.522835,0.06466662,0.009208303,0.050572366,4.651163,3.6144578,0.175,0.12379418,0.122499995,0.084372684,-33.245617,11,2,92,SPEAKER_01,1918.566667,1920.3,1918.566667,1920.3,1,1.7333329999999023,1.733375,disengaged
36.702812,0.088696145,34.616455,36.448544,38.530403,3.913948,80.72547,62.386047,-4.4352274,17.354357,0.2552423,0.7212919,0.08580576,0.2215128,0.39275414,0.30694836,4.3079486,2.029351,3.3818898,1.5153505,0.11461694,0.84724003,24.800783,0.812703,14.537025,0.9173752,-2.9321725,-5.1821103,-9.661007,-1.4307766,0.0190057,1.1227276,1.3054878,0.74468774,9.311994,0.3998963,10.755462,1.0643044,36.957214,0.31546277,765.3517,0.25062343,1388.5315,0.17409624,-69.13127,-1.1477394,1848.1027,0.1320568,1207.8873,0.20988567,-77.72136,-0.89202106,2977.2576,0.078600235,1098.0967,0.32954043,-83.418144,-0.78681654,-21.85331,-0.5144502,35.44452,0.33650935,0.06902695,0.31865257,-0.018073749,-0.88350034,0.14405978,0.6470083,32.036144,0.40166882,14.533595,0.89282906,-3.4355452,-4.5364757,-14.597315,-0.80993205,-7.415492,15.926481,0.044275507,0.0134275695,0.03324495,4.7832584,3.0120482,0.23149998,0.16347095,0.0765,0.066277824,-29.789894,11,2,93,SPEAKER_01,1920.333333,2152.366667,1920.333333,1931.5097187500005,5,6.704510750000736,6.7045,engaged
37.378597,0.08852232,35.93264,37.30909,38.941124,3.008484,207.16267,344.72095,65.627464,102.230576,0.27457878,0.8694223,0.047486216,0.2124219,0.4774258,0.4299396,5.4167643,3.2932565,3.4554658,2.3025596,0.10195432,1.1718153,20.696783,0.925223,12.54112,0.9240803,-2.7726107,-5.355144,-19.074665,-1.0018283,0.022234188,2.5510345,1.0548177,0.93414456,10.223156,0.37819424,12.160594,0.95993364,35.391533,0.25896594,727.6785,0.24539529,1378.1265,0.16637374,-88.64919,-1.0294026,1836.6843,0.12832692,1158.7546,0.27925244,-94.674774,-0.84042054,2933.1582,0.07324675,940.5,0.35133696,-97.55926,-0.7923076,-21.405312,-0.39437538,33.173378,0.2816727,0.07960173,0.27163443,-0.028866468,-0.49104077,0.14276527,0.88295674,30.007147,0.36763203,12.486621,0.9829839,-3.6510565,-4.520198,-27.686811,-0.59921026,-7.6072693,16.639057,0.047921725,0.0062111993,0.03485859,3.0854676,2.3258207,0.2576991,0.2552112,0.16606796,0.18666352,-29.107702,11,2,93,SPEAKER_02,1920.333333,2152.366667,1929.23159375,2152.366667,70,97.24757325000405,97.2475625,engaged
29.442217,0.06074951,28.191513,29.215506,30.264694,2.0731812,94.41807,122.61825,17.813509,11.54228,0.15888216,0.8354788,0.026444182,0.13385464,0.25634274,0.22989856,3.4083776,1.8851502,2.0439193,1.2919413,0.04897986,1.1529307,22.792175,0.8072758,17.879822,0.5282004,11.962372,1.2084123,-6.006979,-2.4558833,0.014849528,0.94575554,1.4011767,0.8090688,7.0567455,0.36426756,-4.079096,-2.0115678,29.036852,0.268557,596.7838,0.30884472,1379.2423,0.12804265,-82.98825,-1.0936775,1684.5902,0.15847538,1229.1365,0.3141642,-95.054306,-0.8398472,2786.017,0.08468143,997.87195,0.2922239,-98.1291,-0.7879597,-21.765686,-0.3182239,31.228039,0.27640307,0.04814121,0.4500971,-0.027992358,-0.5377547,0.07237345,0.83225155,32.83378,0.33469754,20.323555,0.37138447,12.818803,1.3029573,-13.032422,-0.8931748,-8.941462,17.901445,0.0232105,0.012130984,0.012517129,3.6918137,2.588997,0.22812499,0.15488781,0.136875,0.14145312,-36.22579,11,2,93,SPEAKER_05,1920.333333,2152.366667,1941.53346875,1951.54034375,5,6.243749999998499,6.24375,engaged
36.764286,0.091861136,34.448948,36.5658,38.924976,4.4760284,80.642334,111.92515,37.608307,28.564686,0.27952868,0.8539481,0.067228585,0.22490266,0.47549978,0.4082712,5.196481,2.8068836,3.0372615,1.8753017,0.09902776,0.9935087,23.080826,0.78297865,13.64066,0.76914763,1.5347986,9.553185,-16.369059,-0.9631558,0.019339401,1.3902261,1.154144,0.93668145,9.955208,0.35269105,7.9496255,1.4495564,32.59787,0.3174376,720.5216,0.24919498,1341.6742,0.15364799,-78.5413,-1.0915114,1843.3302,0.12482758,1080.7695,0.31792745,-87.0082,-0.8692221,2916.2983,0.07281424,951.43915,0.2891439,-90.379875,-0.807876,-21.572107,-0.37552673,32.77231,0.28793633,0.070207775,0.2582367,-0.026850421,-0.52763283,0.1318491,0.74317986,30.633816,0.34652066,13.981753,0.7705192,1.9255034,8.209929,-20.166471,-0.71664,-7.909084,16.274769,0.05426816,0.0010399583,0.032018773,3.3013206,2.7710843,0.23304348,0.20637523,0.114651166,0.1460702,-29.44527,11,2,93,SPEAKER_03,1920.333333,2152.366667,1956.51846875,2149.02846875,27,16.672499999999218,16.6725,engaged
38.9827,0.09594808,35.893353,39.343338,41.968056,6.074703,45.111725,48.67297,20.29728,9.538198,0.13893938,0.9586601,0.011346659,0.105531484,0.25552058,0.24417393,2.776063,1.7812845,1.4659445,1.159557,0.029020613,1.3777388,15.974288,1.2617027,8.447919,1.0736634,-6.040892,-2.0378864,-18.348434,-1.1236972,0.0141752055,1.8494132,0.9079184,1.1297144,11.716389,0.34427693,10.861714,1.3243344,35.23755,0.28979707,735.0461,0.19189633,1305.4735,0.1641874,-100.72003,-0.93279094,1839.4819,0.11543982,1118.6868,0.27934578,-106.50258,-0.76597404,2918.4116,0.07311971,863.5112,0.34851003,-109.17297,-0.72359914,-20.52454,-0.46740377,31.916069,0.28807402,0.064347826,0.3099602,-0.026415117,-0.7442835,0.046101876,0.9873089,28.494047,0.37199795,7.78248,1.2074528,-9.547586,-1.3941883,-31.215597,-0.5564358,-4.4186187,13.491734,0.03947815,0.01763138,0.008010347,2.7161863,2.167871,0.24538462,0.15476775,0.18439023,0.15154566,-37.721848,11,2,93,SPEAKER_04,1920.333333,2152.366667,2015.41221875,2146.91909375,13,18.056249999998727,18.05625,engaged
38.92949,0.101061806,35.96032,39.417286,41.633816,5.6734962,88.570625,105.08205,60.994453,89.79524,0.23767744,0.92880625,0.05506456,0.17399469,0.390151,0.33508644,5.0515757,3.4204311,3.1596305,2.9204125,0.09563161,1.2149324,22.502956,0.74827534,9.245487,1.2792282,-5.76448,-2.6454527,-15.43163,-1.2798662,0.031721707,1.8418534,1.3221917,0.8694326,9.744621,0.38757542,10.020115,0.9354206,34.740093,0.26992413,777.9259,0.19819523,1304.6769,0.1613473,-76.85996,-1.1024443,1865.152,0.10647676,1072.2196,0.26428926,-83.3405,-0.8857447,2958.6646,0.06853799,956.49054,0.30762175,-88.35522,-0.7977701,-20.17245,-0.42864516,32.406788,0.29269665,0.06336042,0.35354,-0.023983046,-0.794009,0.12512997,1.0033077,29.180235,0.39009136,7.653565,1.5434971,-7.340277,-2.1983643,-22.766264,-0.78687733,-9.954546,20.118313,0.043343298,0.008286785,0.031882968,3.514377,3.542673,0.1840909,0.15355363,0.08399999,0.082909584,-31.140768,11,2,94,SPEAKER_02,2152.4,2167.133333,2152.4,2167.133333,3,6.2789580000007845,6.2789375,disengaged
37.120014,0.088101394,35.7417,37.27769,38.82736,3.085659,183.22357,404.2699,65.31822,112.05109,0.24088801,1.0409967,0.010650255,0.16013294,0.44175744,0.4311072,5.310511,3.5813038,2.7682083,1.8696492,0.08442718,1.3189027,19.577663,0.92325693,10.095669,1.2240943,-3.648829,-3.8441167,-16.28413,-1.1950041,0.022042401,2.3972197,1.0121217,1.0398903,10.232592,0.374643,10.7993,1.0911118,36.049675,0.26065117,738.00653,0.23548579,1382.4531,0.15649307,-103.49994,-0.90484065,1835.357,0.12338878,1177.8303,0.26332885,-108.86232,-0.76397634,2943.1235,0.07197593,957.00574,0.31989205,-111.87779,-0.7171255,-21.206068,-0.42819187,33.14231,0.27692124,0.079105206,0.26638597,-0.027622532,-0.59402543,0.13406548,0.9042083,30.44482,0.3240515,10.953627,1.2855372,-5.8160152,-2.6811469,-27.614834,-0.6253502,-7.732569,17.26513,0.044302378,0.011126218,0.027299926,2.3737593,2.031115,0.25382978,0.22085473,0.23204546,0.2808597,-30.058102,11,2,95,SPEAKER_02,2167.166667,2267.433333,2167.166667,2246.97096875,23,46.358051749999504,46.3580625,engaged
35.63023,0.025247106,34.836018,35.838493,36.2999,1.4638824,22.390308,15.145907,15.295506,10.764783,0.18730588,1.0455581,0.01379795,0.12107492,0.35547066,0.34167272,4.1823807,2.6567128,1.8674681,1.6465025,0.06612281,1.1573447,24.372896,0.6764496,17.007368,0.6237137,4.7717514,2.959656,-7.7966037,-1.7000852,0.013795595,1.0638549,1.293549,0.9959758,10.7124195,0.27647176,5.9468164,1.6491922,36.472195,0.1856062,742.3601,0.23027118,1395.1879,0.14556721,-102.24697,-0.85610646,1838.2185,0.11937378,1143.7838,0.22868386,-109.9434,-0.71089816,2964.4265,0.07714601,1020.8283,0.37073863,-114.386826,-0.6450634,-25.342268,-0.34050432,37.588264,0.23763666,0.0668418,0.31675902,-0.023297198,-0.64887595,0.10389544,0.71218354,35.553707,0.21725978,18.988571,0.5605888,2.279519,7.165196,-12.883445,-0.9339258,-12.315,21.201082,0.044062376,0.010284399,0.022538926,3.2258065,2.5641026,0.20142856,0.08790068,0.19166666,0.22199224,-32.70262,11,2,95,SPEAKER_03,2167.166667,2267.433333,2172.85596875,2217.13596875,3,2.8012500000004366,2.80125,engaged
36.396828,0.08989205,34.77868,36.3998,38.628082,3.8494034,166.39877,129.03049,99.54523,222.91876,0.26152435,0.73872364,0.071628414,0.24777943,0.42933962,0.3577112,3.9545763,2.3589952,2.869755,1.4309546,0.107646376,0.95857865,21.948362,0.9114371,11.842278,1.1201289,-3.583751,-4.303179,-16.454573,-1.039107,0.022727218,1.9560533,1.1989189,0.7781431,9.088511,0.4308057,10.660286,1.2452538,35.493313,0.31223184,766.9651,0.22613803,1354.8075,0.16295302,-79.21991,-1.1235887,1874.1475,0.11920408,1127.515,0.30159315,-87.723145,-0.88215727,2966.0225,0.0741953,984.72675,0.30466506,-91.165924,-0.8181738,-21.075027,-0.45093566,32.170044,0.31155497,0.07551264,0.26170322,-0.026133377,-0.6219542,0.14622302,0.6817624,31.104507,0.3689631,12.618889,1.0763274,-3.6842108,-4.6238546,-23.181412,-0.6316668,-5.865054,14.313717,0.0518429,0.0106893955,0.03236896,3.606311,2.790347,0.2254054,0.19185571,0.12781249,0.13197382,-30.132647,11,2,95,SPEAKER_01,2167.166667,2267.433333,2248.32096875,2267.433333,9,13.324239250000119,13.32425,engaged
37.126858,0.048744537,35.55033,36.906082,39.30416,3.75383,31.57004,14.77173,17.435919,8.406595,0.36992985,0.5604467,0.14593783,0.30747497,0.6282293,0.4822915,2.4912722,3.4110556,4.83647,0.7131705,0.18005362,0.6291586,33.713814,0.24959631,13.188265,0.8539349,-3.3839025,-3.9940076,-16.641518,-0.67726195,0.01972273,1.0486678,1.2513745,0.7415194,9.82641,0.37380075,11.077408,0.5183684,34.76358,0.22928661,858.9689,0.15836266,1271.9144,0.15356192,-22.445444,-1.2885865,1951.2147,0.095774986,1106.8005,0.31051692,-40.946472,-0.5749771,3054.83,0.06849592,928.51416,0.24668913,-47.19569,-0.4222759,-22.13164,-0.37404248,34.66098,0.26657286,0.060877215,0.31036985,-0.025246566,-0.5564878,0.19296664,0.5847579,33.643562,0.2401911,13.460499,0.8695108,-3.5023673,-3.9716377,-16.841528,-0.6937943,-21.610353,33.10018,0.048055887,-0.0023030313,0.029100636,4.166667,1.5151516,0.64,0.0,0.0,0.0,-24.640364,11,2,96,SPEAKER_01,2267.466667,2268.2,2267.466667,2268.2,1,0.7333329999996749,0.733375,disengaged
36.278275,0.07749588,34.204777,36.25235,38.189022,3.9842453,102.3991,105.2945,56.77477,47.21637,0.21668294,0.77118814,0.06422743,0.19433582,0.3259553,0.26172787,3.1342938,1.5631522,1.943903,0.78560084,0.097043864,0.9070502,24.242046,0.8337079,13.299031,1.0944235,-7.697722,-2.0766766,-11.164131,-1.4441727,0.029357241,1.2068608,1.3808266,0.6759512,8.098251,0.42517278,12.1137495,0.88898724,38.720154,0.26716092,791.5288,0.2073699,1362.9792,0.17521676,-89.6192,-1.0039368,1892.2507,0.12070177,1177.1703,0.22020914,-97.66676,-0.8024408,3002.1343,0.07547197,1081.4967,0.27078527,-101.965904,-0.7329576,-20.875454,-0.53586733,35.899525,0.27098697,0.07320453,0.2446554,-0.020920467,-0.81471485,0.13044786,0.6520509,33.537113,0.31649914,14.383714,1.0630863,-7.6589108,-2.129186,-17.482353,-0.8107185,-9.216113,20.322107,0.05045023,0.009838502,0.049438003,2.7586207,2.7906978,0.21083334,0.14250487,0.13818182,0.14633821,-32.40331,11,2,97,SPEAKER_01,2268.233333,2279.7,2268.233333,2279.7,5,4.362291999999343,4.3623125,engaged
38.53407,0.026247,37.935486,38.205734,39.3841,1.448616,34.50435,40.58459,11.944795,10.784019,0.28388563,0.573376,0.11386386,0.2687366,0.45244184,0.338578,3.2106075,2.4048126,2.516245,0.87220776,0.064735115,0.7987833,20.795544,0.7213741,17.016417,0.69341606,-3.0264351,-4.4864035,-37.527588,-0.5427739,0.010353287,1.1380876,0.76267105,1.2250863,11.453783,0.30685422,6.6405344,1.1709672,31.525957,0.34373042,767.46826,0.14766836,1256.3687,0.17058177,-47.112293,-1.5808069,1950.3995,0.107601196,1020.57837,0.2279373,-67.47654,-0.9085892,2989.279,0.052704014,715.1449,0.3617412,-65.3352,-0.9548052,-20.495375,-0.3258491,27.729847,0.35176194,0.07657979,0.19724047,-0.039401352,-0.27061847,0.076154456,0.6513004,26.15888,0.3807846,17.180813,0.6914768,-4.222996,-2.872528,-44.37355,-0.37039515,-5.771084,13.580523,0.058892123,0.00027711297,0.018275546,3.6649215,2.1621623,0.36499998,0.145,0.099999994,0.070710674,-32.86069,11,2,97,SPEAKER_02,2268.233333,2279.7,2271.69284375,2273.61659375,1,1.9237499999999272,1.92375,engaged
35.98533,0.025697127,35.339996,35.743694,36.6103,1.2703018,12.921947,9.684061,15.057899,3.4921398,0.19653033,0.84675944,0.037988167,0.17085595,0.30660087,0.2686127,4.038536,2.3520837,1.5611116,1.225538,0.076773144,1.0091794,16.301939,1.2337923,10.197314,1.549159,-11.702792,-1.0868174,-4.0898557,-3.0337734,0.019714562,0.9476282,1.3172249,0.61162764,7.4077387,0.385435,13.027802,1.0251814,34.785156,0.40550694,711.1036,0.31918505,1353.0903,0.13240762,-107.197266,-0.86729825,1751.1973,0.14629391,1191.0969,0.1310371,-109.96927,-0.75637597,2896.4583,0.09889026,1108.713,0.21110483,-115.202644,-0.67468727,-13.890666,-0.8764751,31.235092,0.25733206,0.0756148,0.3141511,-0.009480761,-2.2143114,0.12884395,0.5715503,29.067558,0.4097082,5.754097,3.2757514,-15.058259,-0.86486024,-10.270328,-1.2400429,-5.1283817,15.060149,0.040981777,0.022436598,0.017199472,4.1322317,4.347826,0.108,0.05418487,0.102,0.08399999,-34.834003,11,2,98,SPEAKER_01,2279.733333,2281.5,2279.733333,2281.5,2,1.2266669999999067,1.2266875,disengaged
35.453003,0.087265335,33.384693,36.13129,37.64969,4.2649956,146.24446,171.05304,53.46468,60.89865,0.281259,0.67547244,0.11304045,0.2419439,0.43308264,0.3200422,4.1839266,2.665568,3.0580103,1.557042,0.12483294,0.8464831,32.13829,0.39160767,12.72781,1.0130166,-5.1071486,-3.1067944,-14.657545,-0.96724075,0.02464062,1.5435934,1.1910973,0.66807175,8.3488245,0.39267054,7.795806,1.670033,37.30744,0.25138155,718.7495,0.2537042,1393.9553,0.13906221,-56.33692,-1.3889226,1808.4739,0.1372906,1188.5552,0.2151697,-69.08411,-0.974499,2922.8884,0.08295902,1042.6112,0.21997796,-74.89384,-0.85395336,-21.713625,-0.44364333,35.030254,0.263505,0.07595756,0.25521067,-0.022482336,-0.6408444,0.13884984,0.69425946,35.536285,0.25810447,11.679942,1.0953635,-4.7493067,-3.2197893,-18.735062,-0.6381065,-17.533829,28.83237,0.06408834,-0.004186224,0.08764603,3.896104,2.631579,0.28399998,0.1873606,0.076,0.06264184,-29.603308,11,2,99,SPEAKER_01,2281.533333,2289.633333,2281.533333,2288.39909375,3,3.8620107500000813,3.862,engaged
32.938072,0.3318651,28.346142,28.444345,29.442772,1.0966301,7.0157313,0.0,299.1736,0.0,0.17511891,0.5144848,0.10780173,0.14329322,0.25711828,0.14931655,3.5611155,2.581668,1.5245686,0.85417026,0.049144495,0.96691436,7.2450256,4.425384,20.33733,0.4563654,-5.2329683,-1.9162033,-4.70172,-2.6533709,0.023116305,0.50690067,1.4516202,0.46138006,2.7067602,1.7858667,-1.1114836,-2.7353666,30.266954,0.4128935,609.4997,0.33862746,1407.8984,0.071519986,-119.962715,-0.7591079,1532.6613,0.18135583,1221.9551,0.16295634,-114.633026,-0.7524599,2709.2554,0.064645685,1055.7631,0.16506341,-116.44306,-0.66367316,-10.723508,-0.9869603,26.47136,0.5799336,0.054660864,0.33736563,-0.008498182,-1.8666891,0.083561786,0.5979543,28.369663,0.81754833,14.659909,0.5373918,-7.767752,-0.88003784,-12.15671,-1.057161,6.9724784,-2.5120013,0.03364314,0.01211669,0.01182983,5.6603775,6.382979,0.06666666,0.03681787,0.07,0.037416574,-39.689003,11,2,99,SPEAKER_05,2281.533333,2289.633333,2282.5097187500005,2283.0497187500005,1,0.5399999999999636,0.54,engaged
36.447197,0.08686238,34.616257,36.448505,38.630104,4.0138474,152.29086,155.27454,38.38405,36.581932,0.2886902,0.7070009,0.100492194,0.25230038,0.4591597,0.3586675,4.513698,2.2605226,3.0731223,1.6176071,0.121450976,0.8518779,27.454386,0.59333736,11.8490925,1.2993513,-6.5147114,-2.4354877,-16.91852,-0.9208161,0.023246141,2.2315917,1.1773437,0.770798,8.829776,0.4201963,11.8034315,0.9579901,36.816376,0.28727916,750.909,0.23786016,1368.9218,0.1540783,-64.812004,-1.2942922,1859.0106,0.12520581,1157.4349,0.2734692,-75.03134,-0.96508133,2949.9763,0.076195374,1030.0298,0.2765847,-79.55799,-0.8721361,-20.237598,-0.50653124,33.19058,0.29720455,0.08244309,0.22957085,-0.022486063,-0.76096916,0.14816988,0.68899524,32.646317,0.29681918,10.524218,1.480848,-7.3182955,-2.2739422,-21.464018,-0.63788426,-12.349201,21.15755,0.062797755,-2.3488781e-05,0.050598063,3.5025709,2.8028352,0.25091952,0.21257931,0.096052624,0.069302514,-29.887705,11,2,100,SPEAKER_01,2289.666667,2405.8,2289.7322187500004,2376.30096875,20,31.13437499999918,31.134375,disengaged
29.745104,0.089286394,27.442703,29.134789,32.095314,4.652611,103.23606,156.56216,30.359575,24.264137,0.16279078,0.824306,0.04628012,0.14106487,0.24739891,0.2011188,3.3076837,2.1484246,2.038432,1.3044249,0.049955755,1.1572348,23.466957,0.9014192,15.480909,0.7362465,6.7568574,2.0995007,-1.3508943,-9.259854,0.021910468,1.4157094,1.4244517,0.8436072,6.915732,0.36346596,2.5740366,2.5929108,36.57176,0.20282656,554.8204,0.33859494,1399.8704,0.14767532,-77.61412,-1.1614399,1629.0657,0.14963661,1115.9404,0.262178,-87.305405,-0.9294079,2772.4285,0.08824226,1097.5221,0.29479516,-94.76243,-0.7966357,-20.135935,-0.38259673,32.570076,0.26385635,0.05587187,0.40458953,-0.012738552,-1.2742451,0.06797007,0.9028207,34.722427,0.2984069,17.398987,0.6629627,7.0985327,2.2168524,-2.4362335,-5.778021,-4.2130184,12.168351,0.042698506,0.014645926,0.018368969,3.6823938,2.4305558,0.2547619,0.19370127,0.14947368,0.11085665,-36.293133,11,2,100,SPEAKER_05,2289.666667,2405.8,2327.5322187500005,2405.5790937500005,10,8.707500000000891,8.7075,disengaged
38.67548,0.06205722,36.975166,38.447384,40.494404,3.5192375,136.69505,277.415,29.71518,53.85064,0.35271484,0.82060874,0.07641746,0.29703426,0.60818803,0.5317706,4.674351,2.5689435,2.6741555,1.43145,0.09490132,1.1035248,18.426962,0.7482323,6.0453067,2.2714574,-9.227846,-1.6302646,-32.691505,-0.63297945,0.013659732,1.4523697,0.8844893,0.9453525,10.765967,0.35439134,4.651759,2.1823108,29.59718,0.32126075,792.6487,0.18896681,1295.4241,0.17786416,-63.45721,-1.3983672,1886.8904,0.12147646,1018.1312,0.3265761,-72.584015,-1.0664988,2950.6687,0.06677877,816.63074,0.46944916,-75.749756,-0.9933684,-16.852358,-0.48742107,27.087742,0.30912286,0.07696268,0.22502483,-0.033261605,-0.4824661,0.12059801,0.87324566,22.602018,0.4311835,4.5953817,3.0489948,-11.2998,-1.3370976,-39.957314,-0.4396184,-8.376483,16.801653,0.0559853,-0.0025595562,0.030545587,2.5095472,2.188184,0.3175,0.23664054,0.123684205,0.09490774,-29.465288,11,2,100,SPEAKER_02,2289.666667,2405.8,2334.8728437500004,2385.22784375,10,18.343124999999873,18.343125,disengaged
