F0semitoneFrom27.5Hz_sma3nz_amean,F0semitoneFrom27.5Hz_sma3nz_stddevNorm,F0semitoneFrom27.5Hz_sma3nz_percentile20.0,F0semitoneFrom27.5Hz_sma3nz_percentile50.0,F0semitoneFrom27.5Hz_sma3nz_percentile80.0,F0semitoneFrom27.5Hz_sma3nz_pctlrange0-2,F0semitoneFrom27.5Hz_sma3nz_meanRisingSlope,F0semitoneFrom27.5Hz_sma3nz_stddevRisingSlope,F0semitoneFrom27.5Hz_sma3nz_meanFallingSlope,F0semitoneFrom27.5Hz_sma3nz_stddevFallingSlope,loudness_sma3_amean,loudness_sma3_stddevNorm,loudness_sma3_percentile20.0,loudness_sma3_percentile50.0,loudness_sma3_percentile80.0,loudness_sma3_pctlrange0-2,loudness_sma3_meanRisingSlope,loudness_sma3_stddevRisingSlope,loudness_sma3_meanFallingSlope,loudness_sma3_stddevFallingSlope,spectralFlux_sma3_amean,spectralFlux_sma3_stddevNorm,mfcc1_sma3_amean,mfcc1_sma3_stddevNorm,mfcc2_sma3_amean,mfcc2_sma3_stddevNorm,mfcc3_sma3_amean,mfcc3_sma3_stddevNorm,mfcc4_sma3_amean,mfcc4_sma3_stddevNorm,jitterLocal_sma3nz_amean,jitterLocal_sma3nz_stddevNorm,shimmerLocaldB_sma3nz_amean,shimmerLocaldB_sma3nz_stddevNorm,HNRdBACF_sma3nz_amean,HNRdBACF_sma3nz_stddevNorm,logRelF0-H1-H2_sma3nz_amean,logRelF0-H1-H2_sma3nz_stddevNorm,logRelF0-H1-A3_sma3nz_amean,logRelF0-H1-A3_sma3nz_stddevNorm,F1frequency_sma3nz_amean,F1frequency_sma3nz_stddevNorm,F1bandwidth_sma3nz_amean,F1bandwidth_sma3nz_stddevNorm,F1amplitudeLogRelF0_sma3nz_amean,F1amplitudeLogRelF0_sma3nz_stddevNorm,F2frequency_sma3nz_amean,F2frequency_sma3nz_stddevNorm,F2bandwidth_sma3nz_amean,F2bandwidth_sma3nz_stddevNorm,F2amplitudeLogRelF0_sma3nz_amean,F2amplitudeLogRelF0_sma3nz_stddevNorm,F3frequency_sma3nz_amean,F3frequency_sma3nz_stddevNorm,F3bandwidth_sma3nz_amean,F3bandwidth_sma3nz_stddevNorm,F3amplitudeLogRelF0_sma3nz_amean,F3amplitudeLogRelF0_sma3nz_stddevNorm,alphaRatioV_sma3nz_amean,alphaRatioV_sma3nz_stddevNorm,hammarbergIndexV_sma3nz_amean,hammarbergIndexV_sma3nz_stddevNorm,slopeV0-500_sma3nz_amean,slopeV0-500_sma3nz_stddevNorm,slopeV500-1500_sma3nz_amean,slopeV500-1500_sma3nz_stddevNorm,spectralFluxV_sma3nz_amean,spectralFluxV_sma3nz_stddevNorm,mfcc1V_sma3nz_amean,mfcc1V_sma3nz_stddevNorm,mfcc2V_sma3nz_amean,mfcc2V_sma3nz_stddevNorm,mfcc3V_sma3nz_amean,mfcc3V_sma3nz_stddevNorm,mfcc4V_sma3nz_amean,mfcc4V_sma3nz_stddevNorm,alphaRatioUV_sma3nz_amean,hammarbergIndexUV_sma3nz_amean,slopeUV0-500_sma3nz_amean,slopeUV500-1500_sma3nz_amean,spectralFluxUV_sma3nz_amean,loudnessPeaksPerSec,VoicedSegmentsPerSec,MeanVoicedSegmentLengthSec,StddevVoicedSegmentLengthSec,MeanUnvoicedSegmentLength,StddevUnvoicedSegmentLength,equivalentSoundLevel_dBp,participant,session,clip_id,speaker,engagement_start_time,engagement_end_time,speaker_start_time,speaker_end_time,num_segments,speech_duration,label
36.00849,0.07445035,34.410942,36.39005,37.909576,3.4986343,88.48813,89.33074,54.642803,110.53391,0.28938872,0.7664091,0.06925945,0.264966,0.48353916,0.4142797,5.668506,3.1319456,3.2538846,1.9492502,0.13088618,1.0217621,25.577011,0.6314269,12.139529,0.9511725,-4.415526,-3.0847456,-11.683481,-1.3313082,0.020487908,1.3867614,1.183426,0.9113226,9.027106,0.36876714,10.660817,1.0702327,37.23565,0.25379598,750.22876,0.22047572,1343.1792,0.14834592,-91.75519,-0.99428314,1857.3264,0.118143834,1141.4353,0.25483364,-100.38191,-0.7886181,2975.8684,0.08241927,1045.8154,0.27532226,-104.098854,-0.73021823,-19.763603,-0.4365716,32.715805,0.31074256,0.07474324,0.2788186,-0.024293847,-0.6552439,0.18683581,0.7478664,33.531837,0.30326438,10.806535,1.0415442,-5.9342704,-2.474744,-18.339376,-0.7425988,-11.996019,21.368916,0.051974334,0.002280747,0.051370483,3.1390135,3.0120482,0.187,0.16911829,0.13777778,0.10601653,-29.323269,11,2,0,SPEAKER_01,0.0,10.6,0.85784375,10.6,4,6.7046562499999975,disengaged
42.07573,0.15624405,38.561554,38.858955,41.080647,2.5190926,21.004957,0.0,74.591095,51.158466,0.09243891,1.4835373,0.0058168555,0.016869154,0.19201505,0.18619819,1.8145715,1.5255462,1.749161,0.08560848,0.0314072,1.5561664,7.1238513,2.6939468,8.381029,1.1167445,-4.838507,-1.7718154,-8.351591,-2.3430805,0.017191406,1.0270855,1.2347995,0.94656765,9.877986,0.4299917,10.253602,0.7223918,37.166332,0.29239926,796.537,0.18693161,1326.646,0.10369224,-143.52356,-0.59055305,1865.6207,0.12768102,1343.8428,0.19057998,-141.77353,-0.5364853,2900.3286,0.092638865,1005.20135,0.22290576,-143.01715,-0.52002877,-19.631227,-0.66066223,32.498955,0.40575457,0.07464026,0.3812596,-0.014722467,-2.4413157,0.07813208,0.57181823,25.90546,0.66883296,9.496853,1.308045,-6.9036183,-1.5583951,-27.41257,-0.8105419,-2.5528536,12.161082,0.03127207,0.03287738,0.008448571,2.0,2.1276596,0.16,0.12,0.19,0.23338094,-37.70891,11,2,0,SPEAKER_00,0.0,10.6,2.0222187500000004,3.03471875,1,1.0124999999999997,disengaged
36.814957,0.07817144,34.911633,36.806145,38.55683,3.6451988,193.42229,215.81021,139.36885,533.7688,0.2983543,0.79455173,0.078727186,0.2518934,0.48446554,0.40573835,5.541565,3.614052,3.4348037,1.9893708,0.14077042,1.033903,23.762394,0.7681541,9.747364,1.5646704,-6.034279,-2.781586,-11.359237,-1.3433521,0.021572443,1.4588076,1.2448925,0.74666375,8.638014,0.45122463,10.27166,1.3607227,33.81,0.3421934,773.2812,0.23699784,1370.592,0.16161087,-76.734924,-1.1312422,1858.0283,0.126558,1180.4835,0.25411892,-84.03869,-0.91200364,2957.857,0.08169956,1029.393,0.26247248,-88.71527,-0.8235504,-18.929804,-0.6375062,33.33726,0.30634156,0.06937784,0.29849294,-0.018181967,-1.0774446,0.18685284,0.7879271,31.27458,0.35229304,9.794905,1.620826,-5.9831085,-3.0129437,-16.201271,-0.8890477,-6.675183,16.788605,0.047013305,0.01240767,0.043920092,3.4703197,2.5609756,0.25571427,0.23900232,0.12088607,0.10682046,-27.421377,11,2,1,SPEAKER_01,10.633333,139.866667,10.633333,111.03471875,16,32.867635750000005,engaged
41.33146,0.0675036,39.778984,41.139275,43.230804,3.4518204,45.757446,43.151684,23.48254,21.78445,0.17029712,0.84654766,0.0062829945,0.16907711,0.29910132,0.29281834,2.2174554,1.6707993,1.5064597,0.8756718,0.048027158,1.0521265,16.174414,1.0719864,2.9221182,3.534507,-8.645922,-1.8712406,-12.5881,-1.058404,0.01938402,1.395263,0.9805719,0.5893439,10.5242405,0.3293493,7.0640564,1.4702524,27.75024,0.39183366,839.59625,0.20310573,1349.4067,0.19335733,-96.25622,-0.9376298,1827.3124,0.11808136,1136.3901,0.312455,-96.221664,-0.8663511,2940.5554,0.058665257,946.5652,0.36037344,-102.094406,-0.767308,-14.861999,-0.6256587,32.469444,0.27875313,0.061368164,0.27553895,-0.010275952,-1.4766487,0.07345638,0.6228172,27.066843,0.36339593,1.0995122,10.571447,-13.9841175,-1.2871472,-19.750053,-0.57516026,-2.7092922,11.413119,0.03660235,0.027473101,0.00860449,2.8673835,0.9615385,0.6225,0.39622435,0.39749998,0.54953957,-36.23105,11,2,1,SPEAKER_03,10.633333,139.866667,20.51721875,95.84721875,9,8.386875000000007,engaged
40.741673,0.09488127,38.09392,40.299374,43.267696,5.1737747,159.90506,201.66573,84.99311,135.72546,0.11822308,1.0451097,0.0059290016,0.083559364,0.22416177,0.21823277,1.9585255,1.3063215,1.4688004,0.9578052,0.034736313,1.1882792,15.008996,1.2420459,4.2730613,2.398383,-7.0583377,-1.9676193,-9.485324,-1.558871,0.026685465,1.7189038,1.2309254,0.7403694,9.533172,0.4020776,10.229296,1.1077384,30.793745,0.39262822,794.72485,0.23477252,1359.5503,0.19514772,-118.30348,-0.75795436,1804.155,0.11659249,1154.7241,0.33084455,-116.816765,-0.71314514,2932.7922,0.07939189,966.30963,0.31949583,-121.2583,-0.64664537,-16.812405,-0.5332324,32.813126,0.26583296,0.070110194,0.31094873,-0.011578871,-1.4074016,0.06095391,0.6720745,28.633495,0.35891244,2.1640565,5.6882153,-12.103824,-1.271526,-18.46026,-0.74835354,-4.6559258,15.249577,0.03725719,0.02740847,0.00997948,2.6155717,2.013423,0.23242423,0.265376,0.267,0.5470232,-38.580395,11,2,1,SPEAKER_00,10.633333,139.866667,34.962218750000005,132.83721875,26,16.45312499999997,engaged
29.158037,0.110922664,27.238163,28.51338,30.857983,3.6198196,147.39859,173.85728,134.14783,162.95511,0.17587005,0.79198074,0.046906665,0.14887302,0.27515173,0.22824506,3.7215452,2.1580293,1.9619569,1.3284743,0.06356035,1.06755,23.402975,0.826259,16.086893,0.8158137,6.0056415,2.5720372,1.5267357,7.691255,0.022153473,1.0904372,1.5232671,0.7706559,5.909402,0.41996676,4.6623535,1.8828797,35.76251,0.22784841,546.2321,0.31249672,1391.3137,0.1460568,-84.48212,-1.0745885,1625.3572,0.1343159,1128.777,0.23384602,-93.00768,-0.8793901,2741.8628,0.08767332,1102.6384,0.25699368,-99.11101,-0.77517897,-18.672876,-0.50775987,31.903461,0.27683964,0.050504044,0.42621586,-0.009558356,-1.7893187,0.08807953,0.8092157,32.60254,0.3406946,16.804964,0.79321057,6.6098523,2.643862,-1.4140048,-8.584268,-7.595185,16.39673,0.03152835,0.0152279455,0.024655858,3.8291605,3.1203566,0.18428572,0.1281209,0.13882352,0.08407856,-35.633488,11,2,1,SPEAKER_05,10.633333,139.866667,62.09721875,137.73096875000002,7,6.800624999999975,engaged
40.82464,0.08997337,39.21042,41.08549,42.053497,2.8430786,46.650406,55.952454,86.24545,84.85685,0.42752835,1.0605661,0.04936512,0.232047,0.84556985,0.79620475,6.669919,4.8348985,5.5238123,3.091736,0.1793448,1.2980092,14.511507,1.1166093,4.7943597,2.5713499,-10.714579,-1.3829964,-25.306915,-0.8807079,0.019162722,1.2528526,1.0469794,1.0196321,10.241579,0.3692686,7.4630785,1.3466647,28.971579,0.39465266,810.5837,0.19251223,1248.899,0.16186087,-90.935875,-1.0234935,1886.0173,0.10905121,1011.7725,0.35671932,-95.707466,-0.8628577,2957.1743,0.06524012,807.7545,0.4430567,-98.59235,-0.8145801,-17.129065,-0.5339573,27.124796,0.41265208,0.06930061,0.3184051,-0.030611333,-0.5882614,0.26235688,0.91493136,20.410742,0.61871463,2.0741918,6.3681917,-13.545346,-1.104925,-35.867733,-0.551315,-7.3776927,16.488142,0.053635437,0.00427362,0.059659712,2.628121,2.6455026,0.21649998,0.17103434,0.13428572,0.16395618,-24.539936,11,2,1,SPEAKER_02,10.633333,139.866667,71.88471875,138.86159375,10,7.627499999999998,engaged
41.942616,0.032494463,41.01713,41.95085,42.81369,1.7965584,29.509197,23.00246,15.319378,12.739105,0.7313548,0.77681255,0.13585743,0.6868593,1.3372328,1.2013754,9.80498,4.6950574,7.6629024,2.3828602,0.3073292,0.9679987,14.854015,0.79623085,-2.6858325,-4.649086,-15.0884285,-0.81165224,-35.662716,-0.4579424,0.014916895,1.2981099,0.941706,0.8876767,10.900644,0.32540002,8.223902,1.2719686,27.376331,0.33759984,802.7674,0.18951215,1256.9592,0.14564353,-58.66474,-1.4955897,1865.4272,0.09718018,1007.7179,0.37928936,-66.546,-1.1366296,2923.3062,0.06150687,723.91376,0.30694178,-69.321945,-1.06522,-13.724401,-0.47842968,22.528488,0.37159514,0.06290125,0.24511842,-0.033396576,-0.37879223,0.40818867,0.7137037,15.380721,0.6036638,-5.8241696,-2.0459788,-16.533157,-0.6556484,-42.71901,-0.29194722,-12.99245,22.17293,0.06258603,-0.018622037,0.07195952,3.9106145,3.4482758,0.20333333,0.16829208,0.06666666,0.04229526,-21.924358,11,2,1,SPEAKER_04,10.633333,139.866667,84.08534375,85.89096875,1,1.805624999999992,engaged
33.485214,0.07300243,31.388367,33.25569,35.007324,3.6189575,148.23975,160.65088,38.394615,37.482227,0.29003274,0.93129116,0.04608818,0.20223515,0.49478242,0.44869423,7.3367596,5.6002407,2.1764748,2.3333004,0.12883133,1.0388771,26.966965,0.7198306,10.1397915,1.0423307,-5.3873153,-2.1872659,-9.774114,-1.2816575,0.023592647,1.2720865,1.6606658,0.7666082,7.0846853,0.44804013,0.07821715,93.680244,32.00801,0.26910788,740.3906,0.29488918,1396.8796,0.1450849,-100.15577,-0.9194734,1781.6879,0.16878487,1338.7579,0.24964045,-104.449455,-0.7998101,2865.2683,0.097372666,1083.2767,0.24860184,-109.46656,-0.720094,-16.615623,-0.48162305,32.93216,0.2501671,0.06134374,0.3432664,-0.021508534,-0.7854007,0.19461788,0.6912324,36.422176,0.2583824,8.728637,1.0531402,-5.489961,-2.220436,-15.014979,-0.8673499,-9.186693,20.338234,0.048025414,0.004499684,0.049426854,3.0418253,2.7131784,0.1942857,0.13573684,0.15428571,0.14321384,-29.12488,11,2,2,SPEAKER_05,139.9,194.166667,141.44346875000002,144.59909375,3,2.6493749999999636,disengaged
35.016556,0.07487327,32.079433,35.319195,36.986145,4.9067116,30.58577,12.711367,13.044872,22.992779,0.033392143,0.89737886,0.0059961365,0.028228084,0.05486761,0.048871472,0.8288283,0.45020932,0.64610195,0.5044701,0.0068691913,1.2981771,17.04102,0.992702,12.358722,0.7502467,1.4357363,7.6819963,-2.9773157,-3.2653396,0.019943768,0.62352735,1.5315229,0.66035265,8.44096,0.43802533,11.99422,0.9519068,39.207478,0.13751914,710.80035,0.33251423,1458.9027,0.15392478,-160.2112,-0.44970912,1796.7997,0.13643298,1314.4844,0.28843883,-161.76698,-0.40836695,2880.0542,0.08569288,1056.8551,0.19469823,-163.4651,-0.38513786,-22.876936,-0.41292676,36.84492,0.20372154,0.063669816,0.31463927,-0.0065713217,-1.9749043,0.014345414,0.6158877,33.013332,0.28356263,17.70016,0.6281292,3.6749454,3.9178066,-9.215947,-1.1076934,-10.401764,20.694975,0.04563469,0.016969139,0.004732348,3.9787798,2.419355,0.08333333,0.049888767,0.25,0.31582505,-54.45483,11,2,2,SPEAKER_00,139.9,194.166667,144.26159375,192.86159375000005,12,3.7800000000000864,disengaged
38.962204,0.08895072,36.079834,38.33882,41.732067,5.652233,73.27261,121.28564,52.104527,90.82014,0.11104816,0.9203834,0.03163989,0.07940789,0.17383528,0.14219539,2.093018,1.9241338,1.809636,1.97531,0.03138044,1.2267219,25.770187,0.48296097,6.2731824,2.1234581,-5.1499176,-2.894862,-9.589511,-1.4024891,0.021033408,1.1401513,1.3828582,0.6752459,9.177477,0.38882408,10.184462,1.1352768,33.26763,0.2932798,760.2242,0.22413222,1415.5438,0.15260226,-90.8766,-0.9603934,1797.3334,0.10302721,1137.325,0.2161163,-92.83282,-0.8456842,2915.2268,0.06978056,979.1779,0.30517247,-98.7125,-0.7502965,-19.01612,-0.5055384,32.875107,0.2587276,0.06432244,0.3247908,-0.011069148,-1.2509104,0.040473495,1.0338583,30.99634,0.25322676,5.084697,2.7670372,-6.673194,-2.4405675,-13.520806,-1.0198873,-12.490755,23.016207,0.051231384,0.007750935,0.016475508,3.1119092,3.3633635,0.17446429,0.16239193,0.10163636,0.105240226,-41.55345,11,2,2,SPEAKER_03,139.9,194.166667,144.07596875000002,190.48221875,27,16.723124999999953,disengaged
39.003704,0.099651285,35.65279,38.147514,42.670395,7.017605,106.577286,128.52713,58.682457,92.41497,0.10532793,1.096501,0.016413717,0.066749044,0.15712403,0.14071031,1.7133533,1.107873,1.0855995,0.8203044,0.0316268,1.5308132,18.159992,0.9827453,7.3870983,1.8716309,-5.36228,-2.669795,-7.2058845,-2.173569,0.023041049,0.8163164,1.3514779,0.6397011,9.0125885,0.4190482,8.11638,1.2055354,30.374146,0.28590402,790.40204,0.22261617,1431.0585,0.18497303,-121.025566,-0.71828127,1842.0729,0.11723103,1185.1802,0.19243261,-121.387566,-0.66484684,2937.4646,0.06388756,1001.3392,0.31392017,-124.929886,-0.61496747,-19.888487,-0.44192755,33.799,0.22467107,0.064645834,0.37912425,-0.010710449,-1.3259696,0.04763147,1.1142721,29.739584,0.2882595,9.609587,1.4250991,-5.3261895,-2.9426033,-13.601914,-1.231695,-6.744451,18.425156,0.043982,0.01672622,0.017807499,1.9830029,2.7104137,0.16368422,0.13902707,0.216875,0.33499473,-41.07752,11,2,3,SPEAKER_03,194.2,329.3,195.34221875,321.02721875000003,9,7.070625000000092,engaged
29.158258,0.10366148,27.095251,28.796127,30.636887,3.5416355,398.33603,859.6676,44.73985,45.81994,0.14350857,0.87678325,0.016199762,0.12226772,0.24181694,0.22561717,2.5905828,1.4301039,1.7803329,1.2422224,0.041861497,1.188948,19.777384,1.0759995,16.041218,0.6926264,8.160761,1.7603312,5.6529922,1.9117515,0.018927604,1.0651981,1.2489979,0.8208887,6.82668,0.38665465,3.948112,1.9263693,33.335457,0.24130087,530.1672,0.36706603,1373.2566,0.14465018,-98.76857,-0.9458334,1610.4523,0.14228661,1103.4951,0.31993875,-105.561134,-0.80308956,2708.0354,0.09666843,1103.0104,0.2483548,-110.83096,-0.72067076,-19.11359,-0.42847475,31.280748,0.31358534,0.044989426,0.50790036,-0.0076813945,-1.8330381,0.06722248,0.78643286,33.1017,0.37020215,17.402094,0.65503526,11.161599,1.5014958,6.766002,1.8025593,-5.5069246,13.911517,0.031128448,0.01957562,0.012010896,3.020962,2.1039605,0.2482353,0.23929393,0.219375,0.24914776,-37.698643,11,2,3,SPEAKER_05,194.2,329.3,198.66659375,329.3,13,16.237781250000154,engaged
39.41976,0.052399665,37.79342,38.633324,41.62921,3.8357925,29.503866,21.317379,56.07553,58.026978,0.36747077,0.9138514,0.066014715,0.25308475,0.6625849,0.5965702,4.0773892,2.2660866,4.705943,2.7528605,0.14442702,1.3880048,7.3935947,2.502119,4.236227,2.9169888,-5.5990086,-2.594591,-27.067595,-0.80176413,0.013259114,1.0025605,0.8923846,0.7734466,10.045482,0.3036066,8.730155,1.6236064,28.519972,0.3131234,707.0542,0.20983018,1414.7383,0.13194616,-111.18853,-0.8639711,1728.9635,0.12363519,1156.3851,0.33589557,-107.76671,-0.7965789,2840.4717,0.07207087,901.6674,0.53228015,-109.818565,-0.761166,-14.392696,-0.53417355,23.599344,0.371509,0.073350765,0.19134943,-0.028095637,-0.56261027,0.25769624,0.88683903,16.823195,0.5992003,5.2506576,2.060183,-11.413742,-1.4080396,-42.384434,-0.283905,1.0214727,8.386731,0.06765379,0.005362079,0.028459176,3.4013608,2.8169014,0.175,0.17211914,0.21,0.21954498,-26.238228,11,2,3,SPEAKER_04,194.2,329.3,218.46096875,219.94596875,1,1.4849999999999852,engaged
32.070126,0.1439807,27.657417,28.753544,36.734367,9.07695,59.516296,47.79249,78.197754,53.331074,0.07611503,1.2882001,0.004975004,0.013537392,0.14132641,0.1363514,1.9068997,2.195599,1.884744,1.2244626,0.022992397,1.4030659,6.3245544,3.5471823,6.193993,1.8757104,3.0772896,2.3465598,0.9703232,10.316955,0.016269716,0.6412736,1.9580345,0.7895873,5.10831,0.8232957,8.871724,1.5913228,43.167152,0.36305332,659.13196,0.2661629,1367.4275,0.15319672,-162.80472,-0.45190597,1729.0858,0.13935493,1225.9547,0.24034683,-163.54045,-0.40905344,2879.3904,0.090679005,1087.0464,0.15446088,-165.62872,-0.3807898,-21.123156,-0.5592812,35.519077,0.360749,0.06704005,0.4389143,-0.014735805,-1.9183573,0.06051308,0.70511353,34.338276,0.47322464,15.8861685,0.6676108,-0.8249913,-9.699902,-10.749184,-1.2695479,-1.5725632,12.194486,0.03209077,0.031714905,0.012367822,3.726708,1.923077,0.11,0.061644137,0.29,0.12708265,-42.173576,11,2,3,SPEAKER_00,194.2,329.3,228.24846875,313.77096875,3,1.6199999999999761,engaged
38.328762,0.08726515,36.071323,38.17679,41.098255,5.026932,193.59804,239.56827,51.616257,66.55385,0.28779566,1.0004947,0.030796032,0.19212559,0.50208974,0.47129372,6.5479302,4.1334763,3.740611,3.9330845,0.0988612,1.4024945,16.280645,1.1105433,8.909363,1.1482685,-9.024683,-1.2523916,-24.697283,-0.9264064,0.017349826,1.5365919,1.072726,0.95864123,9.956308,0.40375304,8.206445,1.3142158,32.691837,0.28032875,741.8171,0.22176687,1345.0089,0.14460552,-86.96465,-1.0754863,1825.9855,0.13320528,1136.1073,0.26032016,-91.34988,-0.8912465,2916.7566,0.07315002,868.5303,0.44157985,-93.989876,-0.8458979,-19.383274,-0.35794082,29.782055,0.30054146,0.07700923,0.25344133,-0.031361107,-0.5562781,0.14550641,1.0558305,25.339903,0.41184488,9.457216,1.2114604,-11.245735,-1.0603563,-36.199993,-0.547466,-5.756374,14.46823,0.04375197,0.010550838,0.021198604,2.4390244,2.145046,0.28285715,0.17043762,0.17,0.24041629,-29.050327,11,2,3,SPEAKER_02,194.2,329.3,229.49721875,320.97659375,8,9.854999999999961,engaged
36.566727,0.08465582,34.824097,36.667004,38.409706,3.5856094,148.89114,166.39337,68.293274,160.1033,0.30143806,0.72655785,0.09285682,0.27112067,0.4851231,0.39226627,5.3229923,3.3179874,3.251828,1.9090959,0.14695568,0.9245149,28.037548,0.5780773,12.405595,1.1077359,-5.112303,-3.0268734,-12.813542,-1.2595965,0.024269862,1.8272566,1.3098812,0.7992696,8.8707075,0.43732673,11.791314,0.9777211,37.39432,0.28460634,767.72034,0.2284178,1371.1877,0.16942833,-69.20646,-1.1909317,1870.067,0.12287396,1181.969,0.24850115,-78.953316,-0.9054138,2975.9976,0.07972264,1047.6512,0.25634322,-83.75031,-0.8116427,-21.654675,-0.50672656,34.98581,0.29477045,0.07533852,0.26347086,-0.023171632,-0.779216,0.18288556,0.7303669,33.65454,0.31261736,12.47247,1.1383238,-5.198935,-3.1569471,-17.5809,-0.80961865,-11.349038,20.757303,0.0516974,0.005376666,0.05494294,3.5221677,2.8853269,0.24094017,0.20004694,0.098299995,0.08908485,-27.97206,11,2,3,SPEAKER_01,194.2,329.3,244.09409375,312.42096875000004,21,40.61812499999999,engaged
29.211195,0.054596018,27.902624,28.656487,31.060873,3.158249,17.234032,6.488786,17.952875,6.3562927,0.17813298,0.78405845,0.008191078,0.17771204,0.30568153,0.29749045,2.9284322,2.002583,1.6694424,0.9957042,0.043774355,0.9440198,28.239882,0.53701717,12.113859,0.6093859,3.4352612,3.261416,1.9306793,5.6863494,0.013052165,1.113045,0.7429698,0.63014126,7.447922,0.30730674,2.1883707,2.0041401,33.925285,0.15295377,511.96143,0.3144763,1416.1248,0.11290474,-74.65913,-1.2694908,1568.5771,0.13434675,1089.7529,0.23100747,-84.58015,-1.0104042,2705.2498,0.09415808,1044.9801,0.27042222,-92.35058,-0.86353904,-18.163643,-0.35290048,30.268213,0.17068629,0.052361496,0.3913831,-0.011477058,-1.5020019,0.064346276,0.59474707,36.59175,0.21128142,11.98962,0.6024523,3.6311216,3.6531723,0.94397336,13.784092,-9.128264,19.07072,0.035652637,0.02184273,0.008464775,3.2258065,1.3422818,0.47,0.32999998,0.52,0.0,-37.270363,11,2,4,SPEAKER_05,329.333333,332.466667,329.333333,332.466667,2,1.5639590000000112,disengaged
28.174717,0.053564787,26.927362,28.104574,29.263407,2.3360443,176.39214,292.70245,19.892231,15.041532,0.14661305,0.7937906,0.037194137,0.13227919,0.23363736,0.19644323,2.8376372,1.5579184,1.8061527,1.1976514,0.040720485,1.0251225,23.042292,0.90893084,13.641467,0.73748004,4.294322,2.802695,4.226549,2.6607285,0.017340848,0.93391,1.4830135,0.86093366,6.5713983,0.34231734,0.6125528,10.111632,34.208237,0.21995828,543.3628,0.35933512,1403.8767,0.14733124,-88.68824,-1.041918,1604.3854,0.14410472,1146.8817,0.22951257,-97.27248,-0.85868895,2711.137,0.09625161,1126.281,0.27379963,-103.91856,-0.75067145,-19.357433,-0.37028655,32.0692,0.2472265,0.04881659,0.4549286,-0.008615645,-1.7514669,0.05889319,0.72367,36.222366,0.27527636,14.905342,0.61314875,6.500077,1.9406294,4.047884,3.1922963,-4.286665,13.283203,0.039268166,0.019670893,0.015667621,3.6206899,2.5996535,0.21466666,0.18238667,0.16071428,0.18384637,-38.575638,11,2,5,SPEAKER_05,332.5,422.066667,332.5,379.66784375,8,11.612218749999954,engaged
40.233177,0.004693396,40.012558,40.327007,40.382393,0.3698349,6.2555585,0.0,2.0920565,0.0,0.015723057,1.8314961,0.0048901,0.0056269905,0.007427802,0.0025377017,0.3543391,0.22933166,0.43285426,0.58669174,0.0025114545,3.2377326,1.453675,6.1995196,8.908138,0.72701293,4.6713815,0.99913776,7.2226467,1.1301954,0.023721173,0.5740666,1.628727,0.9381359,12.376987,0.13613652,30.305723,0.12513359,38.82155,0.0952868,759.0725,0.17019965,1445.1437,0.18749493,-196.86852,-0.12465532,1760.0924,0.098914206,1213.4341,0.23375343,-195.79153,-0.13875972,2918.8171,0.037815135,953.3435,0.08377426,-195.95038,-0.13435377,-25.014816,-0.29904887,36.955196,0.23835325,0.06442403,0.120418414,-0.014859964,-1.282394,0.03510346,0.52136654,28.730534,0.30614665,15.6946745,0.19772746,1.7291809,1.8666396,-9.604459,-0.9596728,-6.563142,16.310028,0.014144292,0.035509795,0.0013303051,1.5,0.25316456,0.12,0.0,1.9,1.67,-54.75459,11,2,5,SPEAKER_00,332.5,422.066667,334.37534375,420.79221875,6,4.016249999999957,engaged
0.0,0.0,0.0,0.0,0.0,0.0,0.0,0.0,0.0,0.0,0.0044427835,0.16218626,0.0038677405,0.004423799,0.005169623,0.0013018826,0.018730184,0.008362923,0.025126843,0.011920607,7.451258e-05,0.37371936,-6.936115,-0.23819503,3.541785,0.7358597,1.2893225,2.587036,-0.04313514,-74.04005,0.0,0.0,0.0,0.0,0.0,0.0,0.0,0.0,0.0,0.0,0.0,0.0,0.0,0.0,-201.0,0.0,0.0,0.0,0.0,0.0,-201.0,0.0,0.0,0.0,0.0,0.0,-201.0,0.0,0.0,0.0,0.0,0.0,0.0,0.0,0.0,0.0,0.0,0.0,0.0,0.0,0.0,0.0,0.0,0.0,0.0,0.0,1.424816,7.1775427,0.040463448,0.042242754,7.6055716e-05,8.888888,0.0,0.0,0.0,1.29,0.0,-99.8702,11,2,5,SPEAKER_02,332.5,422.066667,339.16784375000003,340.53471875,1,1.3668749999999932,engaged
37.4824,0.06931802,35.78966,37.634644,39.029816,3.2401543,50.59003,46.296413,18.00816,10.463447,0.24116075,0.75782675,0.059172865,0.21271527,0.41670692,0.35753405,4.8641596,2.9968514,2.024088,1.176451,0.061432153,1.1208067,21.229849,0.75641584,8.541387,0.8337438,-8.716588,-1.1948776,-27.03477,-0.7685166,0.017914033,2.1421754,0.99279386,1.0799189,10.252284,0.37710392,3.957688,2.4767587,33.55422,0.24513468,757.43304,0.16872191,1296.6737,0.12961441,-80.11362,-1.1679626,1880.8843,0.117358565,1032.0188,0.21879038,-91.03234,-0.8920657,2954.7786,0.06363863,840.627,0.38480425,-93.84549,-0.84374464,-19.697245,-0.2857779,29.117233,0.266673,0.08204813,0.20217727,-0.034880582,-0.35847723,0.08979566,0.80376,28.64034,0.26432088,7.676099,0.92843276,-9.422684,-1.2167487,-38.26136,-0.42927828,-7.4476867,14.685924,0.05151467,-0.0006015463,0.015036764,2.5316458,2.3136249,0.26,0.13638182,0.15222222,0.12470212,-33.268147,11,2,5,SPEAKER_04,332.5,422.066667,350.49096875000004,356.31284375,2,3.9656249999999886,engaged
36.206406,0.0825192,34.341892,36.009995,38.128693,3.7868004,215.89363,387.26477,156.60197,544.6061,0.27541584,0.78878427,0.08277998,0.22490826,0.45966652,0.37688655,5.2170124,2.88825,3.0253189,1.9493744,0.1222896,0.9961186,25.757126,0.72532964,9.987677,1.4572673,-9.131814,-1.6964946,-10.976553,-1.4142017,0.024384286,1.9056373,1.3573515,0.71360976,8.086075,0.46860522,9.685093,1.1601636,36.81287,0.29296026,750.84985,0.24273221,1398.3729,0.16498052,-77.9419,-1.1265353,1827.5803,0.13097297,1193.562,0.24161078,-85.233864,-0.90763175,2961.726,0.083632864,1031.5892,0.2508209,-91.0059,-0.8032742,-20.214098,-0.5271171,34.6378,0.2856758,0.07698903,0.24807382,-0.02164759,-0.79384196,0.16465648,0.7498683,33.82738,0.30823046,10.7008,1.4032973,-9.358454,-1.7168118,-16.68762,-0.8426493,-6.6460867,17.282187,0.05407837,0.011303938,0.03533038,3.6238534,2.2988505,0.2836,0.2653583,0.1387234,0.14565504,-29.583073,11,2,5,SPEAKER_01,332.5,422.066667,365.07096875,422.066667,12,21.81132324999993,engaged
37.26903,0.081370965,34.86214,38.141796,39.06068,4.1985397,181.97899,136.23062,22.036375,21.480127,0.32141846,0.47771955,0.1757951,0.31923383,0.45779243,0.28199732,4.2882147,2.2922542,2.948604,1.1204062,0.167116,0.6675877,30.38045,0.39725888,12.761197,0.94770145,-8.077488,-1.2857547,-18.172962,-0.998578,0.053162675,1.6833081,1.2866834,0.58431095,8.299795,0.35650852,11.75412,0.8998412,38.339066,0.16234395,798.8015,0.19379959,1291.3319,0.16543894,-66.850174,-1.2468545,1899.0907,0.10087353,1052.9114,0.21016328,-76.8897,-0.9182298,3009.9512,0.07136223,1099.3146,0.42715102,-82.53239,-0.8147984,-21.214989,-0.29614797,34.06866,0.22925514,0.085020736,0.1817561,-0.031809427,-0.4903185,0.18656515,0.56932193,32.235,0.33472118,11.951216,1.0640541,-11.444584,-0.8869605,-21.313953,-0.8009902,-22.069628,32.30595,0.08689623,-0.025932942,0.15128775,3.773585,3.960396,0.1725,0.024874683,0.055,0.015,-29.262844,11,2,6,SPEAKER_01,422.1,423.233333,422.1,423.17159375,1,1.0715937499999768,disengaged
36.35484,0.08650598,34.690918,35.984894,38.058315,3.3673973,129.27507,194.63739,57.32697,98.36134,0.30483615,0.7017667,0.10359887,0.27400213,0.4902029,0.38660404,4.759261,2.5748,3.0177908,1.6098708,0.12890066,0.85955346,27.331886,0.6359606,8.87622,1.6966426,-8.754004,-1.8223463,-11.709034,-1.3396051,0.020748056,1.7643983,1.2234203,0.733051,8.491637,0.42163906,8.942936,1.2326502,35.560577,0.33347192,757.2596,0.23533727,1385.1621,0.16103284,-69.341995,-1.2351071,1830.7539,0.12908937,1190.2323,0.24829106,-78.0146,-0.9641437,2953.5664,0.08141997,1059.0931,0.293217,-84.51476,-0.8350252,-18.754911,-0.60636735,33.813698,0.29838052,0.07280214,0.24842738,-0.01946731,-0.9788877,0.16419789,0.65766686,33.759743,0.33106226,8.897135,1.723481,-9.440273,-1.7673068,-16.284052,-0.85038275,-8.751137,18.934305,0.050598197,0.0072186603,0.0438958,3.5428343,2.5050101,0.27368,0.24751738,0.11702702,0.13342066,-29.524244,11,2,7,SPEAKER_01,423.266667,575.8,423.99846875,575.8,27,49.97778125000019,engaged
29.605778,0.20010461,26.809263,28.354778,30.655107,3.8458443,146.62166,207.88042,105.38767,252.61325,0.13634618,0.79898113,0.028718468,0.12228444,0.22229561,0.19357714,2.7032402,1.5240326,1.7087157,1.28802,0.036936175,1.0642658,18.293062,1.2735168,14.7527,0.7681747,7.8482614,1.744089,6.3763604,1.6314727,0.018108279,0.91507775,1.2698514,0.89900374,6.387693,0.4638564,6.071644,1.4462705,33.78512,0.2779698,564.4475,0.37685594,1391.1642,0.16920303,-100.33244,-0.9198411,1625.4657,0.14672355,1175.7883,0.27716085,-105.88513,-0.7927237,2711.7021,0.09676296,1144.106,0.313612,-110.26568,-0.7182408,-17.863647,-0.65135396,30.573967,0.40333328,0.04107734,0.5328771,-0.0021353744,-6.7807193,0.054558955,0.72769797,30.892515,0.5430279,17.101095,0.63662153,10.585654,1.5073726,5.293811,2.1530714,-4.10328,13.348961,0.03446186,0.024828497,0.016111052,3.152174,2.780807,0.18549019,0.17036656,0.16,0.20151466,-38.936516,11,2,7,SPEAKER_05,423.266667,575.8,476.8847187500001,567.55409375,16,18.410624999999868,engaged
39.683193,0.084087156,36.69622,39.62643,42.463493,5.767273,44.45113,45.742855,38.66963,39.215824,0.13673855,1.2368475,0.010683666,0.07819077,0.22430319,0.21361952,2.2836215,1.4813709,1.1754276,0.7180964,0.03260833,1.4767056,18.194366,0.88130945,2.009743,6.714241,-6.6336884,-2.0036938,-9.890381,-1.4981322,0.021734508,1.1436503,1.2138835,0.7662377,8.641251,0.51025134,9.458709,1.1634053,28.053915,0.3925427,755.9276,0.2485164,1409.5952,0.17967033,-109.64556,-0.8291608,1780.4984,0.11090327,1157.9061,0.23005302,-106.45596,-0.7970679,2867.3665,0.069814816,968.53546,0.34020302,-110.55718,-0.73313487,-14.917762,-0.6514351,28.153133,0.3433926,0.06769398,0.35021433,-0.008811125,-1.8768013,0.054571886,1.0425364,26.499731,0.33677953,-0.967133,-16.548244,-10.551339,-1.3928078,-15.885715,-0.9707309,-7.9887996,18.383121,0.04060807,0.01820422,0.007983558,2.208589,2.4721878,0.2025,0.16946608,0.16272728,0.25472233,-38.356274,11,2,7,SPEAKER_03,423.266667,575.8,479.73659375000005,566.6259687500001,7,8.16750000000053,engaged
0.0,0.0,0.0,0.0,0.0,0.0,0.0,0.0,0.0,0.0,0.008405688,1.4320788,0.004831029,0.005479214,0.0063097,0.0014786711,0.25357565,0.17779583,0.21942379,0.0,0.00083240436,2.4005084,1.9570987,2.478633,7.993232,0.70850986,5.4678836,1.0063442,7.8702307,0.7541239,0.0,0.0,0.0,0.0,0.0,0.0,0.0,0.0,0.0,0.0,0.0,0.0,0.0,0.0,-201.0,0.0,0.0,0.0,0.0,0.0,-201.0,0.0,0.0,0.0,0.0,0.0,-201.0,0.0,0.0,0.0,0.0,0.0,0.0,0.0,0.0,0.0,0.0,0.0,0.0,0.0,0.0,0.0,0.0,0.0,0.0,0.0,-8.582334,17.928232,0.009913599,0.03398994,0.0008687788,0.84745765,0.0,0.0,0.0,1.12,0.0,-74.27492,11,2,7,SPEAKER_00,423.266667,575.8,504.61034375,505.80846875,1,1.1981249999999477,engaged
38.81171,0.06929715,37.212578,38.271065,39.39504,2.1824608,-53.54423,59.937107,13.329509,8.37325,0.116045564,1.4963365,0.008002823,0.049011797,0.15917404,0.15117122,3.1658194,4.1749997,1.6407512,1.9343075,0.02989208,2.5031095,16.621572,1.0386989,4.3775954,1.4872018,-8.598713,-1.3941362,-10.94534,-1.6696712,0.013372995,1.0912513,0.9021899,1.1425478,11.192683,0.32307258,4.9504232,2.4697652,35.638397,0.21820796,728.7467,0.25297594,1360.2275,0.16852657,-123.69018,-0.7570959,1752.2621,0.13284731,1154.046,0.25621414,-125.06583,-0.6691569,2920.7656,0.07098536,899.42413,0.30070263,-129.7906,-0.60335636,-17.714329,-0.39821208,33.375195,0.23713234,0.070349716,0.2688564,-0.014540801,-1.3551791,0.05977797,1.7427506,30.065907,0.31413564,3.1311054,2.524269,-14.75945,-0.98233366,-23.916285,-0.77677727,-6.1021404,15.4873085,0.038132243,0.02061897,0.0069463747,1.5873016,1.7021277,0.24499999,0.16255768,0.30058822,0.23218831,-35.772823,11,2,7,SPEAKER_04,423.266667,575.8,517.62096875,550.42596875,7,9.466875000000073,engaged
36.672203,0.043971665,35.330475,36.67323,37.270798,1.9403229,54.34496,72.30555,31.712074,29.462318,0.29864952,0.49046594,0.18466413,0.2871597,0.41016135,0.22549722,3.5825295,2.5084686,3.0868526,0.8546482,0.11577018,0.6159742,35.56793,0.3167504,13.46209,1.243041,-10.090086,-1.5386429,-15.456679,-0.75992507,0.018501997,1.6454778,0.9160608,0.73911387,10.399215,0.30263633,12.8543625,0.97265923,40.703773,0.2747217,721.9319,0.25031686,1426.9524,0.16815804,-54.664383,-1.3896557,1831.7642,0.13462584,1285.68,0.19915992,-69.02065,-0.92696863,2974.6758,0.07771196,1080.2261,0.24768063,-76.05182,-0.77940357,-22.85189,-0.56893307,40.964928,0.18530723,0.08111535,0.15616895,-0.020988004,-0.8670003,0.12833215,0.5618734,37.856052,0.19056892,15.562473,1.1019653,-8.586676,-1.9617518,-17.194836,-0.6038151,-11.844512,27.714674,0.06427672,-0.0005503674,0.056927856,5.185185,3.1007752,0.24749999,0.222977,0.07666666,0.023570225,-29.37089,11,2,8,SPEAKER_01,575.833333,577.2,575.833333,577.2,1,1.3666670000000067,disengaged
37.444324,0.109408475,35.277203,38.128315,40.817303,5.5401,67.54798,49.10488,23.245424,20.653374,0.27073058,0.884674,0.05948766,0.18030918,0.51933336,0.4598457,5.120896,3.2987218,4.2490687,3.143674,0.12803467,0.9049192,23.269674,0.62409955,8.77204,1.5892397,-6.607228,-2.2975311,-12.663964,-1.162237,0.021774624,1.3587126,1.5540625,0.79462963,8.32753,0.47212198,10.003503,1.1945505,33.71703,0.31935096,749.42444,0.24793507,1340.2571,0.12032151,-76.41989,-1.1354103,1802.8545,0.1305216,1194.566,0.25801867,-84.2956,-0.89526045,2901.5469,0.089214295,981.7827,0.27549905,-89.68874,-0.7979516,-17.632864,-0.6637853,29.583603,0.40497094,0.06486094,0.31449816,-0.016135173,-1.1838386,0.17043503,0.6706238,27.268194,0.4454376,6.7395253,2.3059013,-9.851094,-1.5817645,-16.806566,-0.857238,-12.461137,22.124567,0.051046573,0.005751172,0.037649512,5.1282053,4.4444447,0.141,0.09954396,0.074999996,0.030822068,-28.401426,11,2,11,SPEAKER_01,579.433333,602.933333,579.433333,602.933333,6,2.3556250000001455,engaged
41.5591,0.041508563,40.432755,41.220036,42.775578,2.342823,34.20923,33.03005,10.4477215,6.3736434,0.25086337,0.7849953,0.085159466,0.1912171,0.4197383,0.3345788,3.294044,1.4342334,2.2242522,1.0960519,0.06852632,0.84536785,24.297369,0.4950508,5.902322,1.7822067,-17.06993,-0.8509094,-26.46582,-0.6999087,0.015221601,1.1270531,0.9969085,0.8945455,12.094779,0.2847604,11.758436,0.6816563,38.786026,0.20614779,810.0936,0.18414707,1312.5714,0.16244343,-53.909424,-1.4121791,1835.911,0.10700539,1128.7516,0.25931475,-65.01531,-0.99754035,2963.0537,0.07476823,881.2054,0.31648794,-72.70308,-0.8371011,-20.757042,-0.3729904,35.17505,0.266883,0.065655015,0.25580552,-0.023975836,-0.6471475,0.07802145,0.65074086,27.885101,0.33253825,5.2505393,2.09658,-20.047432,-0.6832575,-31.408455,-0.5089793,-10.455255,19.456818,0.053827193,0.0062816828,0.035204798,4.188482,2.1276596,0.36624998,0.2950397,0.13,0.070710674,-32.701412,11,2,11,SPEAKER_02,579.433333,602.933333,583.0959687500001,599.65034375,5,3.8306250000000546,engaged
27.839289,0.12672152,26.266083,27.847382,28.518398,2.2523155,69.18495,68.731255,29.390484,16.300852,0.13697365,1.0259295,0.008259919,0.09484186,0.24437895,0.23611903,3.2534344,1.9925876,1.6723036,0.81215835,0.03751315,1.1901267,17.24197,1.2989626,12.506455,0.7872195,0.29697,49.316994,1.8972266,6.958619,0.016450461,0.9368399,1.3686033,0.9023259,6.2446394,0.35672495,4.9860187,1.4360942,35.92988,0.22327818,546.897,0.34648696,1430.1836,0.13157001,-111.09949,-0.8538143,1578.3993,0.1428433,1140.4841,0.21959102,-115.667915,-0.7584379,2766.2505,0.080100626,1117.365,0.36174268,-122.37454,-0.65646863,-18.264658,-0.47004884,34.45315,0.2425342,0.03987062,0.507607,-0.0112098055,-1.4087772,0.06910683,0.6688763,35.11506,0.28388432,14.745376,0.7077809,0.3039371,59.382366,0.15567546,102.65933,-3.8185291,12.866986,0.029865613,0.022483693,0.010009335,2.417962,1.9163764,0.23727271,0.15673317,0.26454544,0.34102425,-38.982872,11,2,11,SPEAKER_05,579.433333,602.933333,586.0490937500001,593.59221875,2,5.804999999999836,engaged
33.838318,0.10418645,29.360283,35.309563,37.07377,7.7134857,47.22257,0.0,2.679965,15.520984,0.18096665,0.8013807,0.038497657,0.16355251,0.30580303,0.26730537,4.982624,2.9573574,1.0395218,1.7677897,0.08501764,1.2620476,18.819,0.99314016,15.4471,0.8576782,-1.868073,-4.7119675,-3.9905097,-3.255447,0.018091004,0.5696227,1.1482145,0.744537,7.2281823,0.48974466,13.873757,0.98386806,37.981247,0.22437006,648.10175,0.2673261,1393.4368,0.14426456,-107.60629,-0.839407,1758.6843,0.13586536,1092.3582,0.21906622,-108.86078,-0.7347174,2840.9941,0.08232229,1183.9382,0.30335757,-112.75139,-0.67733157,-21.023653,-0.3713385,30.923988,0.34827492,0.07281126,0.34174886,-0.021638384,-0.8663414,0.107849896,0.67348117,29.635935,0.46537566,18.9362,0.5441124,-2.0086174,-4.58075,-6.894753,-1.9385272,-7.5585647,14.655122,0.033819698,0.0108919,0.029327845,4.895105,3.7313435,0.13399999,0.063118935,0.111999996,0.1355581,-33.529804,11,2,12,SPEAKER_01,602.966667,606.166667,602.966667,606.166667,5,1.4449999999998226,disengaged
36.732483,0.088051476,35.104214,36.719444,38.289974,3.1857605,90.35515,81.38496,86.861404,189.38762,0.22282617,0.9406695,0.037022058,0.1554206,0.3836241,0.34660205,4.9415293,3.2512999,2.5540614,1.7477536,0.09468412,1.1817758,16.712446,1.3538002,11.942263,1.1308386,-5.2544193,-3.2416885,-8.549879,-1.7386384,0.03413875,3.4585805,1.2741541,0.7852539,8.907168,0.4243032,11.449499,1.0635386,34.715572,0.28948534,740.7696,0.24231598,1400.6586,0.17110088,-93.76404,-0.9713396,1826.3176,0.12301221,1197.2777,0.25415367,-99.411415,-0.821011,2951.1174,0.07687035,1077.5177,0.35146412,-103.649345,-0.74985975,-20.879707,-0.52894497,33.985382,0.28849304,0.070225276,0.2774892,-0.01821838,-0.8500035,0.15029384,0.74802774,31.92718,0.3055909,11.185058,1.3805195,-4.180993,-4.5833163,-16.242622,-0.77136266,-1.7336943,8.67973,0.041898444,0.020726334,0.011302219,3.0707612,1.6129032,0.36249998,0.32871276,0.26,0.26233217,-30.387955,11,2,13,SPEAKER_01,606.2,635.033333,606.2,618.43221875,3,7.507218749999765,engaged
45.134026,0.10212034,42.28548,45.286087,45.38471,3.099228,103.21493,70.59123,293.2249,0.0,0.022134228,2.1073313,0.005380223,0.0061278036,0.012346772,0.0069665485,1.0628933,0.76241237,0.07500761,0.33207932,0.0050697764,2.7856934,3.5968733,2.7305295,5.928534,1.0982127,-0.23221217,-42.268433,3.3015344,3.6748002,0.028499594,0.6118639,1.6680377,0.8189451,5.5207806,1.1902605,10.301235,1.2226429,26.947193,0.37068284,852.1046,0.2451542,1187.7555,0.13817751,-188.91318,-0.23496091,1859.0747,0.17641754,1266.5624,0.179672,-187.4511,-0.23214467,2847.1785,0.1284481,1050.8807,0.43463674,-187.92384,-0.2237451,-10.682525,-0.7970058,30.420265,0.37490836,0.06570128,0.50815046,0.011664491,1.6136564,0.037442956,0.6835217,22.287296,0.5731587,-1.5772127,-6.063547,-18.755754,-0.7597311,-19.618546,-1.0588576,-5.5621176,15.704378,0.020818038,0.0338645,0.0017887672,1.5350877,0.8948546,0.082499996,0.085256964,0.81,0.500999,-50.824142,11,2,13,SPEAKER_03,606.2,635.033333,615.5634687500001,632.0503437500001,4,4.573124999999891,engaged
38.64808,0.07388555,36.71793,38.45822,40.554703,3.836773,85.607376,91.250206,23.779175,28.643286,0.2451745,0.9738645,0.030064207,0.17127803,0.46094102,0.43087682,4.2483735,2.659842,2.5801678,1.8201858,0.06755343,1.204819,16.435759,0.9076756,11.791317,1.0942844,-2.53195,-6.1082854,-19.424692,-0.97083044,0.012708964,1.1528774,1.0437764,1.0373826,10.884285,0.32754606,10.903276,0.9798008,30.53779,0.33483312,734.0607,0.20237073,1272.1198,0.14197616,-79.82657,-1.1374935,1862.7378,0.10071778,915.8502,0.32552812,-86.3325,-0.9164921,2925.4275,0.05891438,768.9863,0.36318296,-87.932434,-0.88421744,-19.869757,-0.37139973,28.220215,0.32639468,0.074866414,0.28237838,-0.03150768,-0.512989,0.09954361,0.868271,23.59555,0.42759904,12.152391,1.1554018,-1.8183825,-9.314135,-29.073414,-0.5353749,-6.1411734,13.766786,0.045198325,0.011833736,0.006827791,2.6143792,2.1594684,0.2976923,0.18107176,0.188,0.14620532,-30.753927,11,2,13,SPEAKER_02,606.2,635.033333,618.43221875,635.033333,5,6.13861425000016,engaged
29.577778,0.16842633,26.62249,28.03317,30.003395,3.3809052,16.857029,9.452711,72.14822,82.46819,0.1658928,0.7748261,0.07237393,0.14422838,0.24398935,0.17161542,1.9098399,0.7154852,1.9043088,1.8473513,0.048718583,1.395308,17.470108,1.5940638,14.25931,0.8194184,10.721173,1.340641,2.7853415,4.7724137,0.016646907,1.0006028,1.1899365,0.7507529,7.299221,0.32966006,1.2695826,8.28104,30.923264,0.2943987,552.7918,0.39831254,1324.4396,0.1348774,-87.99644,-1.0562646,1658.1469,0.14237188,1061.7706,0.26932517,-97.092896,-0.85206926,2765.4226,0.08430029,1081.484,0.3587667,-102.123405,-0.76894844,-19.25142,-0.3696639,30.509155,0.26244736,0.057655938,0.3891739,-0.0065525416,-2.093116,0.07225638,1.1222049,34.29026,0.31989434,14.766383,0.79886293,12.52159,1.245767,1.1839824,12.120979,2.4670873,6.1980042,0.033141438,0.023546161,0.015817255,3.25,2.278481,0.2511111,0.1446409,0.16777778,0.083769225,-34.481655,11,2,15,SPEAKER_05,635.766667,740.7,636.2859687499999,688.19346875,4,4.016250000000127,engaged
38.533497,0.08279312,36.67865,38.327847,40.44281,3.7641602,173.0766,402.8728,33.121315,32.084923,0.27016306,0.8291295,0.06892058,0.21098667,0.4660062,0.3970856,5.1210384,3.2833066,3.1371872,2.0645468,0.08806083,1.1191324,20.588701,0.8962597,12.079081,0.9707448,-3.0660222,-5.1654916,-22.711067,-0.91761786,0.020596249,2.1850548,1.0799088,0.9729504,10.4551,0.39831334,12.817128,0.7697,33.723064,0.3127862,730.28925,0.24785398,1355.4294,0.16314138,-71.83272,-1.1962519,1835.9908,0.12934321,1150.9558,0.3025504,-78.275154,-0.93047726,2912.4126,0.07411304,899.52277,0.32371292,-80.631134,-0.88577574,-20.899954,-0.44664797,31.994068,0.34578,0.07476801,0.27905607,-0.028226195,-0.5731572,0.11154142,0.8766926,27.787443,0.433442,12.2992735,1.0212748,-3.9513476,-4.376347,-29.178326,-0.6619044,-5.71744,14.179726,0.047376335,0.0075102765,0.027288307,3.3595114,2.055094,0.3429787,0.32304347,0.12822221,0.15035203,-30.570404,11,2,15,SPEAKER_02,635.766667,740.7,637.2647187499999,729.28409375,14,22.933125000000246,engaged
37.0459,0.08684078,35.223774,36.90858,38.759624,3.5358505,154.033,134.06728,45.76823,70.65761,0.2708724,0.73657537,0.09469669,0.23051278,0.4321922,0.3374955,4.4979773,2.7359262,2.6709495,1.6645477,0.10916956,1.018869,24.10953,0.78595686,13.579633,0.99752504,-5.120603,-3.153375,-16.2127,-1.1371195,0.020837082,1.5501114,1.1566308,0.8046426,9.294819,0.41808984,10.269351,1.0620557,35.023323,0.29853868,763.43256,0.21405156,1360.0071,0.16377687,-72.661354,-1.1770736,1862.0342,0.12235168,1157.8462,0.29037556,-82.06477,-0.90357465,2953.8274,0.074454784,966.45337,0.3238666,-85.98243,-0.8291001,-20.450413,-0.51527685,32.553654,0.32781163,0.07414441,0.24750319,-0.02546969,-0.67845976,0.13806869,0.783586,30.672966,0.4210708,12.78268,1.0922178,-5.846629,-2.8562257,-22.512491,-0.738952,-9.460212,18.587801,0.051782124,0.005223409,0.042609394,3.3254158,2.687075,0.25088608,0.23796174,0.11140845,0.1137615,-30.367857,11,2,15,SPEAKER_01,635.766667,740.7,644.03159375,740.7,17,29.489031249999925,engaged
36.23355,0.09971535,33.239277,36.530666,39.618027,6.37875,17.880768,5.8665204,27.373583,19.382921,0.23319316,0.8674569,0.056249794,0.16434525,0.45231017,0.39606038,2.6464055,0.7572408,3.8425856,2.7605717,0.072025195,1.0366048,20.871162,1.013781,6.911109,1.4993612,-6.072401,-3.1598582,-14.293685,-1.0466273,0.01695794,1.5479552,1.32646,0.86720186,9.0872,0.42662615,5.981691,1.5775759,28.37037,0.43236822,765.316,0.24648583,1403.0394,0.15511726,-91.08871,-0.99946356,1809.7721,0.1499155,1126.8359,0.29158473,-92.36689,-0.90142936,2915.4326,0.08106362,976.5243,0.31957284,-96.8807,-0.8208946,-13.911173,-0.72079724,28.793789,0.3594685,0.068819806,0.24446677,-0.022146115,-0.67685986,0.0932648,0.6911045,29.3257,0.36139837,5.5078645,2.1138482,-7.566362,-2.9160297,-20.668447,-0.70846,-7.076645,17.352448,0.062009133,-0.0020435895,0.043510832,3.265306,3.3333335,0.17125,0.1264355,0.14166667,0.10573814,-33.931126,11,2,15,SPEAKER_03,635.766667,740.7,664.31534375,715.95284375,6,2.4637500000001182,engaged
40.64641,0.06414164,38.680794,40.443253,42.825977,4.1451836,95.0913,91.29202,43.90122,12.30122,0.16105682,0.9173025,0.014375905,0.12904415,0.2995944,0.2852185,3.405431,1.3397563,0.7605262,0.82774144,0.053075936,1.0456132,23.154877,0.60640085,10.839166,0.71534705,-6.3098965,-1.7995102,-29.53953,-0.754401,0.013876317,0.99690515,1.0306088,1.3072952,11.107867,0.38635385,19.310995,0.5356178,39.112507,0.21312371,755.2825,0.1694841,1246.1302,0.14677314,-72.732895,-1.157961,1898.5101,0.08290782,1085.2878,0.25408706,-88.710785,-0.8019635,2952.2104,0.06971176,791.59546,0.5203389,-88.44882,-0.80835587,-25.05001,-0.35161,34.59596,0.28112003,0.07919578,0.31603283,-0.035169695,-0.60242194,0.07779987,0.70525634,28.744133,0.32514915,10.757064,0.8207209,-8.243726,-1.5889564,-42.003296,-0.3845764,-12.250813,23.84685,0.048377816,0.01882611,0.0077847117,1.9417477,3.0927837,0.21333334,0.053124588,0.13499999,0.065,-35.63521,11,2,15,SPEAKER_04,635.766667,740.7,667.97721875,669.4622187500001,2,1.0462500000001,engaged
36.63616,0.10372801,35.0808,36.67642,38.863117,3.782318,263.81876,302.50317,53.000145,71.92417,0.26961368,0.77679944,0.07452725,0.22903606,0.43596223,0.361435,4.485581,2.4107075,3.1826189,1.8386338,0.11822361,0.99159455,25.779787,0.71558934,11.239544,1.2484622,-5.675795,-2.9877238,-12.236391,-1.4045955,0.024401085,2.5172334,1.1748499,0.77993673,9.198868,0.42090437,10.615889,1.0175973,35.992283,0.3048037,774.76526,0.2360503,1381.0979,0.1732262,-75.98222,-1.1390278,1855.2704,0.12255631,1202.2936,0.24179608,-84.93161,-0.8952432,2965.4897,0.07724376,1048.8766,0.30043706,-90.06928,-0.8001518,-20.136623,-0.5964869,34.44392,0.3031022,0.07353615,0.25390533,-0.019761398,-0.96091014,0.15660676,0.75475466,33.13726,0.33960432,10.664652,1.3791814,-6.4988675,-2.838491,-18.123392,-0.8662422,-8.666695,18.688074,0.0513524,0.009661246,0.035195835,3.7586207,2.4550483,0.26830986,0.2039814,0.13655737,0.15838204,-29.299013,11,2,17,SPEAKER_01,741.433333,815.233333,741.433333,815.233333,14,29.01374999999973,engaged
38.18182,0.061725527,36.734474,38.08166,39.71587,2.9813957,123.60937,161.93956,21.363245,17.496891,0.3052285,0.9608543,0.05273564,0.20318836,0.58649814,0.5337625,5.2481475,3.8420112,2.536259,1.8458974,0.10686941,1.501995,19.037035,0.966956,10.82244,1.0606756,-9.433004,-1.4499205,-24.4498,-0.87240654,0.017321222,1.2122089,1.0146316,0.9704833,10.001053,0.37585047,8.486306,1.434703,34.622303,0.30681744,750.194,0.20331433,1333.9421,0.14204708,-78.6839,-1.1728706,1837.0879,0.112637065,1118.4445,0.26435757,-87.29299,-0.9066526,2934.2773,0.070155144,829.59674,0.3360322,-90.12076,-0.85523164,-20.04221,-0.38573012,31.035788,0.31435204,0.08143328,0.23747818,-0.03157194,-0.5422304,0.14807723,1.2087287,27.319912,0.39862913,9.347062,1.2747153,-11.170233,-1.3627471,-34.400845,-0.50337577,-6.41502,14.627385,0.05045643,0.0031017456,0.030019827,3.0112925,2.1491783,0.29647058,0.22103876,0.14882353,0.10548947,-28.47899,11,2,17,SPEAKER_02,741.433333,815.233333,758.8828437500001,786.33846875,7,7.981874999999945,engaged
36.983437,0.13161102,34.805416,37.348347,40.123154,5.3177376,204.40477,347.3929,61.195885,35.12417,0.20434043,0.8908212,0.039497323,0.17084087,0.32076848,0.28127116,3.3008142,1.9139011,2.8498216,1.9497781,0.06851662,0.95049846,22.107418,0.7940432,10.809858,1.0334253,-5.3115516,-2.6324322,-13.067656,-1.2784369,0.031836953,1.6866235,1.2555792,0.8092362,8.607874,0.48038048,8.401928,1.3841817,34.956196,0.22123513,748.4734,0.2570722,1373.9906,0.1640958,-85.014626,-1.0482088,1814.194,0.11935892,1097.118,0.2230153,-91.52067,-0.85739344,2971.9495,0.07507487,927.7022,0.34322444,-97.5179,-0.75583905,-20.005692,-0.46773815,33.294735,0.32414904,0.07270486,0.29653865,-0.022270028,-0.6971499,0.09522021,0.6730908,29.519617,0.41538075,9.679364,1.229772,-7.691011,-2.0465474,-19.060446,-0.8282326,-9.793954,19.244205,0.04968872,0.007916089,0.021669712,3.6324787,3.4632034,0.17375,0.10582267,0.10714286,0.11157499,-33.998184,11,2,17,SPEAKER_03,741.433333,815.233333,766.93221875,775.40346875,5,4.6912499999998545,engaged
28.891287,0.18532063,26.90559,27.933393,29.328184,2.422594,1402.0122,1532.9252,87.2659,80.12514,0.13015534,0.6872601,0.055751294,0.111555256,0.20170946,0.14595817,2.1988828,1.5083855,1.5266969,1.4865413,0.033002358,0.9575744,20.705547,1.2176126,17.077389,0.6210969,11.677391,1.1029383,8.365394,1.4442176,0.019556284,1.0495378,1.3800721,0.96343124,6.401723,0.49257776,-0.9697837,-6.375713,32.192432,0.26502877,548.84485,0.36144486,1310.4095,0.1768982,-85.15135,-1.0469363,1644.7563,0.129547,1077.627,0.283357,-96.405876,-0.8177537,2702.1946,0.07396642,1129.25,0.28716338,-100.86016,-0.7420501,-19.787674,-0.5631385,30.712471,0.4269276,0.04450538,0.4444686,-0.0030808984,-5.596125,0.04167928,0.7837935,32.33708,0.5335512,17.895233,0.47890267,15.969655,0.71335244,9.570667,1.3466532,-2.5917718,11.459407,0.033756997,0.018325808,0.020699522,3.9312043,3.7406485,0.152,0.1293677,0.11,0.06770979,-40.073402,11,2,17,SPEAKER_05,741.433333,815.233333,770.6784687500001,813.0347187500001,5,4.083750000000009,engaged
37.706913,0.09389755,35.370773,37.6077,40.7954,5.4246254,133.82066,126.14163,43.98585,53.965553,0.3736979,0.44479525,0.232272,0.37134728,0.54184973,0.30957773,4.222208,2.098272,3.0042398,1.508455,0.14122747,0.5771706,33.114223,0.22468099,5.4501057,2.4916592,-13.314595,-1.1252906,-25.279137,-0.5826004,0.028724063,1.5736517,1.1715072,0.73270136,8.456415,0.41979885,7.3230667,1.3805169,35.71014,0.20771244,793.2707,0.20930842,1343.1665,0.20663698,-40.271507,-1.7696365,1904.0243,0.14551339,1116.1628,0.2603253,-54.75818,-1.1150783,3005.8093,0.08684525,1030.4727,0.26581165,-61.68502,-0.93226355,-18.364008,-0.46025553,32.220764,0.2266789,0.0823674,0.20899622,-0.027400639,-0.6145146,0.1504701,0.52813953,33.623554,0.20606954,5.3010793,2.6017835,-13.627509,-1.0754397,-26.72452,-0.5335736,-18.420519,29.171495,0.08853859,-0.018956859,0.106925964,4.2253523,2.5179856,0.3228571,0.29030594,0.076,0.018547237,-30.004934,11,2,18,SPEAKER_01,815.266667,818.933333,815.266667,818.933333,2,2.8566660000000184,disengaged
36.65894,0.05530561,35.19644,36.630352,38.19884,3.0023994,98.09626,95.13005,21.001154,24.440187,0.27394435,0.73510814,0.09054054,0.24114065,0.43354547,0.34300494,4.606166,2.3483162,2.8291845,1.5748297,0.12335307,0.92467374,28.3382,0.60122377,14.544223,0.9152092,-3.623497,-4.122745,-13.596886,-1.1457895,0.019819358,1.5868462,1.2384145,0.7929884,9.381635,0.37581488,11.743772,0.9286606,37.838264,0.27199018,765.241,0.23856434,1377.2698,0.21459626,-66.15261,-1.2252877,1878.33,0.11950143,1188.9242,0.28756833,-77.28826,-0.90119636,2976.8882,0.076913774,1062.934,0.28790602,-82.1675,-0.8078877,-23.327477,-0.41565192,35.992992,0.27215466,0.07696048,0.25709176,-0.023830678,-0.64480937,0.1549312,0.73726785,34.373737,0.285679,14.210096,0.96031314,-3.7401369,-4.1747737,-18.10239,-0.7734205,-11.576666,19.614016,0.0511106,0.0057166456,0.033674154,3.7861917,2.6099925,0.2742857,0.19256592,0.11692307,0.10556694,-29.135397,11,2,19,SPEAKER_01,818.966667,843.166667,818.966667,843.166667,7,13.484374999999886,engaged
38.79026,0.04482605,37.283882,38.715115,40.585205,3.301323,21.948654,4.9572935,6.606534,9.483932,0.23251924,0.5417623,0.11809522,0.20894141,0.33973452,0.2216393,3.042606,1.4065725,1.8014762,0.7971207,0.07474269,0.5782152,31.900236,0.22330166,1.8259546,8.897207,-7.647032,-1.8050925,-10.128903,-1.1373874,0.025061542,1.4373126,1.2307185,0.5653802,8.802844,0.37838343,8.237827,1.2755643,29.55322,0.28937268,798.9804,0.21077879,1390.2161,0.15342422,-28.890196,-1.6520358,1816.0294,0.11254205,1180.4862,0.310699,-38.391933,-1.1291714,2913.7617,0.077614985,976.56244,0.31381038,-47.652496,-0.85082716,-18.141012,-0.44199768,31.847311,0.31252885,0.05812635,0.34145385,-0.014433119,-0.9797738,0.074730806,0.5446251,31.858414,0.22891189,2.410255,6.8511086,-7.5135775,-1.8933493,-10.4013405,-1.0446663,-16.339176,30.126905,0.056828436,-0.010871046,0.053232737,4.5248866,1.4018693,0.65333337,0.29238483,0.055,0.024999999,-35.716396,11,2,19,SPEAKER_03,818.966667,843.166667,834.21284375,836.44034375,1,2.2274999999999636,engaged
40.18131,0.07182694,37.90373,39.924984,41.81205,3.9083214,42.31163,47.980366,84.11607,76.88109,0.43949637,0.7315116,0.1306073,0.39407212,0.7278633,0.597256,5.531078,3.4140973,2.508742,1.6795782,0.1399631,1.0746704,17.031822,0.7480993,4.732798,2.2827606,-13.920151,-0.7828841,-36.22498,-0.6577649,0.023846095,2.8459325,0.78930455,0.7918174,10.275201,0.4590655,9.74615,1.3062831,30.088219,0.37169152,768.2626,0.22922477,1313.918,0.16846688,-58.81011,-1.5078048,1876.9275,0.13023238,1085.8137,0.3943136,-66.26141,-1.1336309,2913.564,0.06638254,860.4157,0.40974772,-69.325325,-1.0580282,-16.333113,-0.433454,26.102097,0.3247234,0.06440877,0.26670337,-0.032998297,-0.5658166,0.16731167,0.9622757,19.347416,0.5539306,4.1159387,2.7334757,-14.861657,-0.7690459,-43.525425,-0.46130463,-9.715119,18.434267,0.055934977,-0.009448236,0.06523163,2.9147983,2.2727273,0.31899998,0.25567362,0.11333333,0.06666666,-26.346605,11,2,19,SPEAKER_02,818.966667,843.166667,836.60909375,841.6884687500001,2,4.471875000000182,engaged
36.787216,0.09996584,34.944218,36.43583,38.26848,3.3242607,164.10577,208.34898,649.4396,1228.8496,0.2777053,0.73022646,0.08675049,0.2242831,0.46276337,0.37601286,4.2047615,2.3783996,3.1031225,1.5503907,0.1280613,0.8571979,24.936064,0.790118,15.325099,0.9572886,-4.408323,-4.1437125,-13.620572,-1.1637901,0.023778003,1.6277864,1.2343618,0.7618553,8.70884,0.45601758,10.253969,1.2436947,34.64923,0.3739446,783.2552,0.22090118,1376.6796,0.1721671,-67.2742,-1.1916863,1879.6216,0.11574766,1181.5569,0.25019985,-77.9503,-0.8992771,2987.7065,0.06733865,1019.18494,0.27140722,-81.96162,-0.81437284,-21.15707,-0.58003926,34.186058,0.3544142,0.07056317,0.30812037,-0.020840894,-0.86177427,0.16410027,0.6494117,30.95241,0.45787328,15.070165,0.9655564,-2.9828415,-6.3364987,-18.591253,-0.7577053,-9.081275,18.586237,0.054947145,0.008010369,0.03508164,3.886926,2.843602,0.24624999,0.16494475,0.08954545,0.07865213,-28.725805,11,2,21,SPEAKER_01,843.633333,873.0,843.86534375,853.8047187500001,4,8.50500000000011,engaged
30.307665,0.28707823,27.295269,27.773167,29.055504,1.7602348,-4.63326,0.0,47.33228,0.0,0.21048091,0.62027824,0.103749394,0.17564441,0.29461855,0.19086915,2.2570426,1.2729001,1.6258917,1.1694998,0.048275415,0.7954199,17.333464,1.8260304,13.394491,0.91938895,-3.3514984,-3.7743979,1.5274371,7.6769643,0.014504583,0.79040426,1.0753944,0.9327979,5.6632752,0.6231484,0.6978595,7.977288,31.702225,0.6154175,513.2552,0.29240614,1388.0427,0.162785,-77.223,-1.2020326,1478.3787,0.12585975,1120.0796,0.18019389,-84.59401,-1.024812,2686.904,0.08101114,1075.7527,0.21215004,-93.16274,-0.8320518,-11.193065,-1.1555905,30.35706,0.4968137,0.04231386,0.35658124,-0.003624198,-4.7903495,0.065858714,0.5690866,34.61247,0.6540766,12.01722,1.1344223,-8.114504,-1.2443329,0.4582255,28.159887,6.039842,-0.5337988,0.040766966,0.019251667,0.022164913,4.458599,2.631579,0.235,0.17528547,0.125,0.058523495,-37.42716,11,2,21,SPEAKER_05,843.633333,873.0,854.68221875,856.26846875,1,1.5862500000000637,engaged
37.23928,0.039029278,35.88703,37.091717,38.429398,2.542366,76.945984,146.4058,22.41483,15.404425,0.073406585,1.2114879,0.008243647,0.047398534,0.11695298,0.10870933,2.5105417,3.2556129,0.6181821,1.2762452,0.016464306,2.1424563,20.935303,0.8252607,8.317419,0.9142925,-1.8473439,-4.7494426,-3.5732293,-3.1692553,0.016591087,0.969922,1.1017646,1.1015978,11.116845,0.24888712,8.66035,1.3602476,36.558952,0.19138865,703.4088,0.2751966,1437.1682,0.1514746,-125.63518,-0.69816166,1733.6365,0.11951303,1176.9668,0.19733833,-125.47699,-0.64260364,2910.8594,0.07049133,983.46277,0.27944204,-130.68338,-0.5730761,-21.691286,-0.32232562,36.695755,0.2139989,0.06703696,0.2471661,-0.00964956,-1.3790005,0.029685186,1.5828424,34.268444,0.23703359,9.717123,0.82352585,-2.2146463,-4.814384,-9.929881,-1.2690427,-8.110216,18.143095,0.039586622,0.01834659,0.005768908,1.9032514,2.2310758,0.19107144,0.09442833,0.25538462,0.121219166,-42.51688,11,2,21,SPEAKER_04,843.633333,873.0,856.3022187500001,871.75971875,4,12.622500000000173,engaged
37.11763,0.09004422,33.805,35.954487,40.60259,6.7975883,98.34749,122.58868,27.77373,19.518421,0.3560648,0.63876003,0.18946865,0.29967517,0.51441836,0.3249497,5.5338497,3.3660278,3.7695568,1.6715219,0.12549032,0.82238764,28.886894,0.4163649,7.405126,1.7746439,-4.726817,-3.1833868,-17.79048,-0.8087724,0.019635761,1.523661,0.99397373,0.7678864,9.2399025,0.3431521,8.364919,1.0741093,33.006084,0.24944909,705.0957,0.2319486,1413.9133,0.15056299,-36.13799,-1.757594,1779.5763,0.11357366,1149.0333,0.2481408,-47.629436,-1.1398393,2870.987,0.07591262,968.1313,0.40394968,-53.100365,-0.9823386,-18.544035,-0.43096647,29.078285,0.27427375,0.068215884,0.30300435,-0.020710943,-0.82889044,0.1376559,0.7564238,30.07014,0.3514007,5.3245745,2.4043639,-5.4984,-2.8722308,-20.368979,-0.66843724,-16.5929,26.803709,0.04895339,-0.00952812,0.060692094,3.8834953,2.310231,0.36857143,0.3469223,0.053333335,0.019720268,-29.287588,11,2,23,SPEAKER_03,875.5,964.166667,875.92784375,880.0959687500001,2,3.1050000000002456,engaged
36.524776,0.032313667,35.44156,36.231388,37.61635,2.1747894,29.998215,33.999756,18.573854,5.515369,0.10501199,0.9898072,0.022471622,0.064664006,0.17729431,0.15482269,2.3349807,1.7389163,1.1632403,0.84004396,0.02164519,1.3175099,18.575802,1.057614,8.299047,1.1741728,-3.5895545,-3.12502,-9.438853,-1.6061617,0.015959386,0.9964408,1.0511621,1.0005667,10.119115,0.34203717,-1.8477147,-7.265077,32.17103,0.4200993,693.03033,0.21436156,1390.0504,0.15465705,-114.909035,-0.8038366,1724.8595,0.107724324,1223.8318,0.25130117,-120.871635,-0.67984766,2887.9033,0.075538605,880.27374,0.21252285,-125.783714,-0.61153585,-19.920588,-0.33481035,34.84689,0.22503483,0.06557761,0.2922216,-0.018712752,-0.7904874,0.038786642,0.85237247,33.833694,0.2533525,8.506617,1.1273657,-8.279571,-1.3820534,-19.0729,-0.7442938,-6.4904766,15.506442,0.035840172,0.012563278,0.0067544547,2.96846,2.2471912,0.19583334,0.077293634,0.19357143,0.18317077,-42.308582,11,2,23,SPEAKER_04,875.5,964.166667,885.20909375,890.8959687500001,3,5.400000000000091,engaged
36.659283,0.09372857,35.128277,36.498096,38.272533,3.1442566,159.14003,235.60461,75.79774,137.60033,0.26677242,0.7488874,0.07835587,0.23525025,0.44353572,0.36517984,4.636833,2.6989279,2.7711887,1.4680552,0.104655914,1.0124457,23.392006,0.8645236,11.414256,1.1706467,-7.5633802,-2.0621252,-14.045539,-1.2608063,0.019301921,1.9454592,1.1381779,0.821208,9.071577,0.45423895,9.393069,1.24238,35.921608,0.3033914,756.02435,0.22772172,1372.0365,0.17546917,-77.11631,-1.1534522,1842.6024,0.120113134,1186.5842,0.27333817,-86.41652,-0.89666027,2970.5999,0.075386256,993.7581,0.31461883,-91.086426,-0.8114551,-20.023281,-0.5366176,33.52791,0.3225092,0.07511209,0.26372293,-0.022541603,-0.7855727,0.1422417,0.74528205,32.24314,0.3800235,11.239381,1.2215534,-8.155543,-2.0914323,-21.032146,-0.74631965,-6.8992834,15.639144,0.049923223,0.008507574,0.028959109,3.2694767,2.3279612,0.27747253,0.21298812,0.145,0.16233997,-30.323532,11,2,23,SPEAKER_01,875.5,964.166667,891.4697187500001,964.166667,21,39.166323249999664,engaged
39.096153,0.03345354,37.85749,39.340275,40.45694,2.5994492,51.575806,0.0,18.992424,15.162076,0.0746433,1.9324608,0.0056107356,0.021218214,0.07148048,0.06586975,3.2084377,2.0018969,0.8605713,0.79038095,0.03441502,2.562316,2.3531308,7.1488285,6.5703025,1.0297638,-2.317855,-2.88212,-8.134356,-2.202008,0.016188476,0.28191817,2.0184913,0.64526856,6.4231877,0.42260346,9.291283,0.7411148,31.2209,0.092671454,654.4093,0.27717638,1465.2474,0.21464424,-179.89322,-0.32080144,1714.3651,0.177138,1213.232,0.121237665,-172.85767,-0.34509155,2842.719,0.07104378,779.86865,0.23671322,-172.50177,-0.3511783,-16.230297,-0.32976764,21.94493,0.29591265,0.069453076,0.25006637,-0.038454223,-0.44315857,0.1702276,0.7884765,20.948502,0.4111559,9.512068,0.69707596,-5.7679768,-0.8261271,-43.36488,-0.4334312,-3.0801141,12.796921,0.039962705,0.021940153,0.0081425905,2.5000002,1.7391305,0.085,0.005,0.465,0.285,-37.600708,11,2,23,SPEAKER_02,875.5,964.166667,929.86034375,959.59409375,4,1.2150000000000318,engaged
36.42749,0.05339914,34.555897,36.35395,38.292576,3.736679,0.0,0.0,-0.26622567,0.0,0.14134032,1.238818,0.006404996,0.05820471,0.3447981,0.3383931,2.4668589,1.3786527,2.2787569,1.4984081,0.06107763,1.4951547,9.017981,2.4857523,3.0796528,3.7140846,-12.022296,-1.1323886,-3.2547662,-4.057232,0.021375488,0.7369779,0.9138077,0.3768351,7.327912,0.29912487,9.891055,0.7474361,44.296146,0.1621065,708.25226,0.22387151,1325.9618,0.14196207,-162.36548,-0.45807782,1718.4565,0.13504925,1140.1494,0.29001158,-159.30003,-0.44921696,2922.0435,0.09383629,1032.0431,0.1830435,-163.06578,-0.39766032,-17.484076,-0.46590516,34.055878,0.32226032,0.07333647,0.25189763,-0.024075136,-1.0677971,0.18757926,0.49789044,35.86252,0.4435226,9.810811,0.8101709,-9.863643,-0.838745,-20.133646,-0.53902,0.38763872,12.100736,0.04073373,0.02784862,0.024463663,1.9417477,1.0204082,0.22999999,0.0,0.35999998,0.21,-34.846375,11,2,26,SPEAKER_01,965.733333,966.866667,965.733333,966.866667,2,1.0489589999998543,disengaged
36.12334,0.10763176,34.46068,35.75096,37.539852,3.079174,367.7386,435.42,64.72855,126.71791,0.27022716,0.7839637,0.08426859,0.22622186,0.4455645,0.3612959,4.721521,2.6251333,3.2680118,2.6909251,0.11033776,0.95796084,25.352392,0.7012685,9.544024,1.6768758,-7.436727,-2.2550473,-9.143795,-1.7007602,0.021660281,1.8492146,1.2493256,0.76405585,8.259583,0.4540005,9.290944,1.2239362,34.843052,0.366399,761.9785,0.23901357,1383.482,0.16599835,-74.11378,-1.1684797,1837.833,0.12618166,1211.9648,0.24397554,-82.053894,-0.93297225,2944.041,0.08076251,1048.1534,0.2647908,-87.53048,-0.8270967,-18.547113,-0.66966295,33.027054,0.33915946,0.06842929,0.2888294,-0.01536375,-1.186651,0.14402555,0.7452117,32.009148,0.37968022,9.125168,1.8057028,-7.8029294,-2.269607,-14.016327,-1.0120779,-8.916303,19.447737,0.04410294,0.010218138,0.037076004,3.2239156,2.8193834,0.23364584,0.18600582,0.11,0.119028635,-30.63999,11,2,27,SPEAKER_01,966.9,1119.866667,966.9,1096.51784375,18,34.13909375000014,engaged
37.39394,0.06558971,35.53478,36.709393,38.967102,3.4323235,26.836433,22.072138,25.800615,27.005327,0.14487116,1.1012508,0.011019678,0.08825308,0.253115,0.24209532,2.3643577,1.1455184,1.6336187,0.99927396,0.031097915,1.667222,15.184514,1.3994397,10.368195,0.8510833,-3.3575108,-3.7435153,-11.520113,-1.6833252,0.013165475,1.081618,0.88367283,1.0727007,11.181293,0.25409788,1.6079736,6.8362727,34.385765,0.2723622,766.08984,0.16668211,1308.4722,0.14929795,-113.30338,-0.8206647,1853.4215,0.10010242,1138.3956,0.24812764,-121.09153,-0.6721053,2973.033,0.062385175,873.788,0.2885247,-124.40273,-0.6258469,-21.389713,-0.34247074,34.016476,0.28614488,0.06612862,0.3503451,-0.02626529,-0.62007135,0.056318115,1.1615187,32.03636,0.35046723,10.34411,0.7235501,-7.9961076,-1.7196784,-26.477198,-0.5963307,-4.8737755,14.5319195,0.035217818,0.020390201,0.008727587,2.843602,1.8095238,0.25105262,0.20784344,0.266,0.21638854,-36.134403,11,2,27,SPEAKER_04,966.9,1119.866667,979.96221875,1101.9009687500002,7,10.563750000000141,engaged
40.27521,0.062126122,38.16659,39.51126,42.55574,4.3891487,74.8811,103.98145,19.397694,15.414046,0.3552687,0.81883866,0.10701927,0.21836042,0.6284778,0.52145857,2.3236659,1.5076572,3.839946,1.9482472,0.09908436,1.0688199,18.232544,0.92202514,10.378596,1.1231614,-7.942288,-1.5846939,-30.586264,-0.749288,0.011627991,1.0313969,0.75388384,0.99418765,12.334678,0.20492068,14.468948,0.6838829,33.213764,0.38876066,773.0857,0.20296876,1314.4501,0.1604464,-56.177948,-1.4088314,1890.4724,0.13240342,1124.9121,0.30631748,-68.69335,-0.96445,2953.7932,0.074975684,860.69183,0.31766015,-69.56549,-0.94484717,-21.698492,-0.4498883,31.632069,0.3458718,0.07573298,0.21772788,-0.028098073,-0.6010199,0.12348314,0.8819481,25.371796,0.36868304,11.279529,1.0448155,-8.698675,-1.2552593,-38.306355,-0.48500293,-0.45566875,7.601103,0.041277,0.011061233,0.018702267,2.4875622,1.5306123,0.50666666,0.3655437,0.0925,0.061390147,-28.936625,11,2,27,SPEAKER_02,966.9,1119.866667,990.34034375,995.8584687500002,3,2.0249999999999773,engaged
37.04707,0.043508533,35.074455,37.408737,38.514927,3.4404716,37.53683,32.026257,18.697008,2.6021707,0.06945449,0.91718817,0.00694785,0.054451376,0.1262486,0.119300745,1.6421505,0.9240215,1.3812327,0.5643854,0.019100428,1.0687946,15.061191,1.0682123,7.204616,1.02623,4.5961013,2.8863006,-9.799559,-1.4422742,0.021620417,0.78434795,2.5275223,0.54331994,8.400602,0.24974203,9.534117,0.8309335,33.193924,0.1825713,705.1206,0.18745111,1443.1572,0.17837171,-126.31286,-0.68585956,1728.9049,0.118794195,1136.0391,0.16053945,-123.826675,-0.6467157,2833.8098,0.07416744,933.767,0.16803546,-126.836655,-0.6076248,-18.329342,-0.2590765,28.05156,0.17335583,0.06776985,0.26947695,-0.012687016,-0.8774105,0.031111147,0.4893557,28.244423,0.30225903,10.511258,0.5260277,-0.22309169,-58.18341,-23.0081,-0.485491,-4.5497346,12.697079,0.033131227,0.023811214,0.011272476,5.555556,2.9126215,0.14666666,0.14429906,0.13,0.11202678,-46.49579,11,2,27,SPEAKER_00,966.9,1119.866667,1067.1722187500002,1102.0359687500002,5,1.0968749999999545,engaged
28.478296,0.07476556,27.076324,28.55895,29.768583,2.6922588,201.28226,289.98083,5.6042023,15.902099,0.1511956,0.73527217,0.049583383,0.13163246,0.23760015,0.18801677,2.570544,1.1585679,1.760552,1.1881375,0.038467746,0.99338317,21.08862,1.0912973,15.371731,0.787884,7.4016147,1.7962297,3.3769507,3.796959,0.014643539,1.0222013,1.2493463,0.89703894,6.8058143,0.35095707,0.19135347,33.22607,34.840252,0.24345055,581.28644,0.31648964,1418.6465,0.15271133,-85.33578,-1.0598489,1655.4121,0.13765733,1127.6262,0.27492228,-93.885216,-0.87834066,2793.446,0.09285937,1121.1777,0.31420034,-101.45322,-0.7505533,-19.154789,-0.5026423,31.90869,0.32754573,0.04557836,0.532239,-0.009063272,-1.9728836,0.05305074,0.7405631,34.86532,0.32436565,16.107729,0.68345207,7.4099693,1.9041235,3.1777983,4.1981726,-2.1128426,10.651643,0.03475638,0.022460025,0.016600588,3.2786887,2.5380712,0.22799999,0.17724559,0.13090909,0.1329357,-38.803665,11,2,27,SPEAKER_05,966.9,1119.866667,1026.46971875,1119.866667,9,7.941948250000451,engaged
37.862198,0.06842659,35.717533,38.07688,39.49553,3.777996,157.5357,266.1152,34.11144,39.407978,0.10023884,1.0328815,0.0052232402,0.08325557,0.18307447,0.17785123,2.4290075,2.13538,1.4935062,1.4253052,0.029798256,1.3103935,17.161322,1.196443,10.575963,1.0215316,-1.1693256,-11.637369,-9.141713,-1.6345435,0.015702333,1.1156833,1.10267,0.825632,10.41944,0.26850104,13.417357,0.68559885,39.462555,0.24341695,744.8446,0.225638,1433.6476,0.18262233,-107.986534,-0.8390173,1865.7281,0.1053923,1200.3159,0.25706586,-112.90289,-0.71183354,2978.9534,0.06643343,1043.182,0.30795473,-116.535995,-0.66015136,-23.743227,-0.37001628,37.964016,0.24681151,0.07189268,0.2625107,-0.020036288,-0.72099173,0.053047173,0.76584935,34.443474,0.24971719,14.130803,0.8491698,-1.4877026,-11.870054,-17.89162,-0.7896582,-2.2674115,10.938527,0.03821377,0.033507027,0.0033681341,2.0954597,1.1709602,0.45,0.46976587,0.34818178,0.6757059,-40.122055,11,2,27,SPEAKER_03,966.9,1119.866667,1073.0615937500002,1119.02909375,7,8.606250000000045,engaged
30.998644,0.2658483,27.128937,28.57139,31.339863,4.210926,97.50661,56.05263,134.9065,171.8006,0.121136054,0.7678425,0.03165098,0.10543496,0.20564172,0.17399074,2.4130504,1.1136165,1.4591929,0.7193981,0.030325804,1.0275658,16.382671,1.5736481,16.082268,0.6271015,7.4633923,1.8899851,7.163287,1.3843651,0.030533122,1.8693135,1.5881052,0.8640575,6.6639705,0.43443236,4.2965198,1.5469269,33.591652,0.34606498,612.81335,0.3691484,1355.7363,0.19741529,-107.91669,-0.85939056,1744.116,0.12570643,1099.8236,0.3082139,-109.725136,-0.76153284,2836.4326,0.085631445,1170.77,0.33738518,-113.83053,-0.697002,-17.383738,-0.710889,28.545248,0.46970582,0.04564403,0.5218643,-0.0012931929,-14.653646,0.046370264,0.7202014,28.37448,0.71779674,16.736946,0.6773542,12.4417,1.1893092,8.047603,1.3443191,-5.18134,14.404985,0.038437046,0.019460509,0.014016911,5.1344748,2.9850748,0.16416666,0.100121446,0.14999999,0.090737715,-40.147514,11,2,29,SPEAKER_05,1121.333333,1167.3,1121.64471875,1130.9090937500002,4,4.1006250000007185,engaged
37.857292,0.057836235,35.985195,37.465275,39.97994,3.9947433,26.210377,19.736423,18.758509,12.335757,0.18567933,0.9789533,0.015069345,0.12505877,0.3496725,0.33460316,1.9043642,1.581775,1.2385945,1.3314787,0.05004168,1.4767888,23.885492,0.6900319,11.240387,0.7297941,-7.4709067,-1.5334274,-22.109922,-1.1044203,0.013093299,2.1429532,0.6984905,0.9926448,11.728588,0.28000695,6.3181562,1.7322458,37.219944,0.20769727,791.4203,0.17010696,1308.7473,0.15872045,-81.16537,-1.1268115,1904.4528,0.1029612,1159.7408,0.22064887,-94.64781,-0.82441527,3007.064,0.062601365,817.8189,0.36283314,-96.498116,-0.79586214,-23.734291,-0.22962601,35.69292,0.21925403,0.06748892,0.34271413,-0.031407338,-0.5120497,0.07514398,1.0888627,33.221695,0.22393668,13.377987,0.6183892,-8.815882,-1.4537411,-36.53639,-0.48427388,-7.6595893,18.486074,0.029409658,0.021800008,0.006492522,1.759134,1.2345679,0.51,0.273252,0.31375,0.25913015,-33.26529,11,2,29,SPEAKER_04,1121.333333,1167.3,1132.64721875,1143.59909375,2,7.408125000000155,engaged
35.034008,0.06561646,33.831745,34.94098,36.703056,2.8713112,59.57697,96.564415,28.684364,23.524958,0.28737622,0.66979986,0.091385566,0.27205476,0.45696372,0.36557814,5.0778575,3.3606417,2.872621,1.5280572,0.08614591,0.8664313,23.361237,0.7513553,13.704781,0.86099464,-2.95505,-4.503822,-23.603413,-0.82992226,0.018174183,1.3911475,0.99153566,0.9069462,9.926858,0.27324414,1.6754154,6.7491565,33.728558,0.29191047,739.02203,0.2181372,1368.8776,0.13696864,-58.49407,-1.4697706,1877.5547,0.115004,1152.7676,0.22290304,-73.186516,-1.0078791,2957.398,0.066582814,934.167,0.34592035,-76.37495,-0.93876845,-22.42835,-0.28050604,33.869637,0.2280259,0.0700947,0.26265594,-0.0323016,-0.5019055,0.10310839,0.65787166,30.955826,0.29401693,13.921558,0.78097075,-4.3846507,-2.9920757,-31.526577,-0.49300236,-4.817697,12.992854,0.031798407,0.012073432,0.028647332,3.4666667,1.6260164,0.445,0.34495166,0.12714286,0.08083745,-30.788721,11,2,31,SPEAKER_02,1169.766667,1174.8,1169.766667,1174.8,2,3.767707999999857,engaged
29.28702,0.07194284,27.21497,29.59913,30.877716,3.6627464,150.72829,193.3109,23.781948,17.847143,0.18385525,0.66235757,0.079771504,0.1639515,0.28539982,0.20562832,2.7384799,1.97043,1.9465309,1.4657761,0.051761534,0.9646506,22.774343,1.1396631,14.345544,1.0150281,4.963589,2.6946025,8.148179,1.3410323,0.019251755,1.2259911,1.1619116,0.86443263,6.990133,0.35589793,4.3727393,1.3286287,37.180267,0.20439386,566.3859,0.35089248,1373.9584,0.14839533,-77.81898,-1.1209124,1630.8362,0.14962623,1090.1743,0.19769923,-87.16215,-0.9143908,2778.1975,0.085006155,1095.7375,0.30247614,-95.93627,-0.7606367,-17.732891,-0.5830566,33.740902,0.3124633,0.046667248,0.48815832,-0.0049353056,-3.4027123,0.06617268,0.74070996,36.359715,0.3844407,13.851965,0.88338214,5.130133,2.8838024,6.9281387,1.687111,-1.5650954,11.542983,0.038882982,0.019975316,0.026594512,3.5906644,3.2608695,0.18833333,0.18436828,0.12357142,0.059833955,-36.78852,11,2,33,SPEAKER_05,1176.033333,1209.8,1178.19284375,1188.8409687500002,3,5.585624999999936,engaged
42.957783,0.11265951,38.42475,42.91703,48.16382,9.739067,19.844078,3.0202258,46.391438,0.0,0.39310607,0.75213665,0.07518472,0.3896122,0.65695,0.5817653,8.611198,3.3188498,1.1222837,1.8317982,0.18241662,0.9283311,21.109629,0.44395936,-7.3045197,-1.965717,-23.084824,-0.69961655,-27.277504,-0.6489075,0.029811049,1.3023838,1.2018794,1.033576,8.05458,0.43466917,6.019491,2.2193944,30.829561,0.2315642,876.5892,0.13270605,1214.2249,0.14195213,-49.88139,-1.6588292,1843.0828,0.08616733,1157.9658,0.26984134,-62.331795,-1.1762803,2924.3848,0.060645398,813.2682,0.3946682,-69.469406,-0.9927991,-8.719623,-1.0631844,27.712776,0.26979682,0.07934634,0.2715769,-0.010644486,-2.230998,0.24031617,0.6837759,21.804132,0.322556,-12.599538,-1.006432,-28.60104,-0.510546,-31.863047,-0.5270344,-13.358254,23.280527,0.061669208,-0.004294887,0.03190284,3.125,2.4793391,0.29999998,0.061644137,0.08333333,0.03091206,-29.017862,11,2,33,SPEAKER_04,1176.033333,1209.8,1192.80659375,1199.97846875,3,1.2993749999998272,engaged
37.219982,0.109275624,35.156345,36.553528,40.687416,5.5310707,181.06743,189.01588,37.91202,34.769257,0.22415084,0.8599923,0.0383279,0.18046974,0.3954137,0.3570858,3.8750455,2.1442802,2.576023,1.7735296,0.09304151,1.2852722,19.893517,0.716694,5.369138,3.021143,-10.641409,-1.4788493,-6.341373,-2.2366996,0.033299517,1.0406476,1.5263758,0.6361775,7.010461,0.5522391,9.935417,1.189643,28.748756,0.45845157,776.64075,0.2254366,1423.6351,0.181854,-110.11608,-0.8306682,1802.6143,0.12859978,1173.7709,0.25891873,-110.71285,-0.7672055,2891.767,0.08406077,1014.7947,0.254765,-115.380936,-0.69448495,-16.093567,-0.79796606,30.709408,0.3537101,0.07584561,0.27105343,-0.0092805065,-2.116244,0.15801348,0.8575896,27.995539,0.34686086,6.9129934,2.3478487,-10.059342,-1.6989752,-11.964787,-1.126244,-6.919968,18.29156,0.048258536,0.013354933,0.023794869,3.0172415,2.4017467,0.20454545,0.13316862,0.23222221,0.18054101,-32.174976,11,2,33,SPEAKER_01,1176.033333,1209.8,1199.97846875,1209.8,7,4.657781249998834,engaged
36.868027,0.08677623,35.326565,36.21937,37.904995,2.5784302,135.4223,170.85005,35.54641,9.394835,0.30860156,0.6037288,0.1167597,0.30387306,0.456796,0.34003627,4.955872,2.3107862,2.1782627,1.1693865,0.124589406,0.85347116,25.42146,0.9073489,14.68185,0.9153529,-10.647204,-1.3871422,-13.905707,-0.95686144,0.014309423,0.92074555,0.9036329,0.5763898,9.373046,0.36444217,14.846916,0.65810925,40.824707,0.25835064,692.5784,0.25901037,1462.0071,0.12900767,-65.199905,-1.2976618,1766.4413,0.13354181,1279.7783,0.2510774,-74.46415,-0.95071715,2912.523,0.08383432,1192.6663,0.49340144,-80.59661,-0.8343621,-20.903475,-0.4971807,36.011696,0.32292736,0.09192419,0.17969628,-0.020148942,-0.7382513,0.15634538,0.66217047,35.518772,0.33426955,12.266811,1.0203984,-8.53806,-1.7107471,-18.400301,-0.63898546,-2.4363165,8.226103,0.05499867,0.007927233,0.023457158,3.846154,2.1929824,0.32799998,0.26248047,0.13,0.081547536,-30.055878,11,2,34,SPEAKER_01,1209.833333,1212.9,1209.833333,1212.9,2,2.357917000000043,disengaged
36.539722,0.090020426,34.787827,36.76879,38.298073,3.5102463,87.48904,65.90486,149.44386,229.27853,0.29322392,0.67699486,0.107309155,0.25151208,0.4620009,0.35469174,4.667028,2.4389138,3.2621388,1.6085304,0.14324974,0.85135597,29.045937,0.622847,13.480111,1.1489415,-7.6443577,-2.3212373,-15.033471,-0.9801884,0.030517435,2.4287968,1.2458477,0.6866085,8.435176,0.45791435,9.188973,1.6989123,36.40288,0.44948232,786.1366,0.20638788,1382.7532,0.1795199,-62.26545,-1.252139,1859.9551,0.12677011,1189.2323,0.2792371,-72.99681,-0.9339442,2997.3489,0.077654004,1007.77936,0.25892842,-79.0011,-0.8065402,-21.511763,-0.57244956,36.286217,0.3049534,0.07237738,0.26304471,-0.022481501,-0.85493636,0.17579739,0.69552344,34.57003,0.32045045,12.31762,1.2919761,-7.190768,-2.5010762,-19.594786,-0.63247895,-11.243003,21.156294,0.052478533,0.0036604118,0.048761297,4.2131352,3.1289113,0.23200001,0.21382236,0.083684206,0.0648245,-28.513475,11,2,35,SPEAKER_01,1212.933333,1243.666667,1212.933333,1224.4134687500002,4,8.0882607500007,engaged
39.426933,0.058174554,38.371353,39.409317,41.768524,3.397171,429.43723,535.9418,95.48118,69.13628,0.04180142,1.7786186,0.0047443095,0.005758594,0.06587595,0.061131638,1.9491848,1.3852178,0.2938947,0.74639493,0.011626823,1.9164853,4.1792035,3.7646914,3.9287636,2.0533512,-0.1785569,-44.931213,-3.356508,-3.5252788,0.030168345,0.86056626,1.456393,0.5684717,8.33715,0.40363663,15.262829,0.6754022,32.2956,0.38730305,639.87305,0.24745715,1413.7892,0.1177212,-166.06093,-0.43391484,1722.5095,0.0931561,1052.0385,0.19020872,-159.51974,-0.46230054,2820.219,0.056327276,991.1881,0.36234793,-161.27449,-0.4383433,-19.706186,-0.4057258,31.238916,0.31493995,0.07292064,0.2516253,-0.019504836,-0.8792072,0.044530034,0.55426496,28.44792,0.318278,2.1952436,6.166549,-1.8766434,-6.5246477,-18.27862,-0.62871474,-1.8267709,11.850385,0.029792663,0.039527014,0.0012868408,2.1186442,0.86580086,0.255,0.155,1.76,0.0,-46.717308,11,2,35,SPEAKER_00,1212.933333,1243.666667,1224.17721875,1243.0940937500002,4,2.3793750000004366,engaged
35.943985,0.12701954,35.118332,36.538715,38.55654,3.4382095,9.769155,8.449494,30.188173,18.12046,0.21578087,0.9131236,0.03868146,0.17011465,0.4088238,0.37014234,3.421496,2.509519,2.7389712,2.4848607,0.056478087,1.1256704,22.567366,0.74170476,17.51031,0.6509305,-1.0492284,-14.257421,-22.606985,-0.98450774,0.010520733,1.2770576,0.85948366,1.176245,11.160408,0.28364873,13.139993,0.5880861,40.4749,0.24389721,741.23456,0.21276003,1341.1986,0.17338279,-81.72349,-1.1275969,1915.384,0.096505865,1195.3854,0.31261295,-95.61152,-0.82189596,2978.2388,0.06237039,914.16425,0.34392717,-96.824165,-0.802822,-25.188858,-0.32788298,35.86084,0.28790507,0.08064042,0.25160095,-0.032092948,-0.47608766,0.07737953,0.87304986,30.737274,0.3811437,19.49732,0.5938031,-2.9688647,-5.4167547,-32.805183,-0.5679946,-11.441033,19.826445,0.037754368,0.003934139,0.023319297,2.6627219,1.8018018,0.34,0.2525866,0.16571428,0.0998366,-33.293396,11,2,35,SPEAKER_02,1212.933333,1243.666667,1229.9147187500002,1234.58909375,2,3.3918749999998,engaged
37.699314,0.11286917,35.56024,36.74391,37.88051,2.3202667,174.22284,158.17801,20.61638,14.389628,0.23753834,1.0024421,0.017895916,0.16132288,0.40091434,0.38301843,3.4948606,1.5022143,2.1699703,0.9880394,0.09223068,1.1350482,12.491908,1.9151275,13.478401,0.767944,-2.7544153,-4.6966023,-12.047113,-1.3232762,0.021877097,1.3669014,1.3521681,0.9448723,9.233115,0.46210817,12.826345,0.99947137,35.57974,0.3050264,717.2948,0.26572257,1345.7078,0.16079865,-106.62137,-0.8729299,1847.3885,0.109124675,1206.0568,0.24423559,-112.654305,-0.71437824,2887.476,0.06693494,1058.7363,0.24849764,-114.13054,-0.6923573,-21.621168,-0.6536185,29.737595,0.5259094,0.0814698,0.26557106,-0.022967989,-0.9072887,0.16043624,0.63199025,26.583265,0.7328285,15.75871,0.7805907,-0.8319987,-19.201168,-21.397186,-0.74767107,-2.7231824,10.032878,0.04827969,0.015597889,0.023660285,2.6717558,2.7237356,0.17857143,0.16383167,0.18833333,0.10478814,-29.136698,11,2,36,SPEAKER_01,1243.7,1247.466667,1243.7,1247.3297187500002,3,2.6340937500001473,disengaged
36.641575,0.081493884,34.811058,36.79102,38.1599,3.3488426,165.43228,165.12007,44.22075,51.828854,0.2554312,0.73830545,0.081627056,0.2240799,0.41825944,0.33663237,4.118889,2.3049242,2.8307056,1.4334413,0.10755665,0.9537056,24.56897,0.8065336,13.099173,1.0523778,-3.8395598,-4.303001,-11.55339,-1.252147,0.020101557,1.6877396,1.1558758,0.7593279,9.2406,0.4083781,9.700952,1.211405,35.059513,0.2980746,776.37146,0.22836111,1361.1351,0.19351953,-77.42379,-1.1103945,1877.6133,0.12725276,1155.1938,0.25827858,-86.69394,-0.8713853,2979.6462,0.077230416,1027.4272,0.2759832,-91.37901,-0.7858377,-20.495584,-0.57058924,33.931034,0.3324415,0.06742324,0.3176724,-0.020193223,-0.8303819,0.14360079,0.70927954,33.08405,0.37201774,12.35048,1.1748573,-4.149353,-4.1715918,-17.275858,-0.6880869,-7.550952,17.25229,0.04456596,0.01205193,0.031755216,3.5943518,2.5128868,0.2597436,0.19503437,0.13057142,0.11573227,-30.319693,11,2,39,SPEAKER_01,1249.0,1266.333333,1249.11846875,1266.333333,5,15.59486425,engaged
37.528797,0.10261879,36.152782,37.519054,39.473186,3.320404,129.58887,139.35005,148.2928,450.5895,0.18241401,1.0045314,0.01030681,0.12292091,0.3462566,0.3359498,3.8997033,2.7057424,2.2763782,1.8670837,0.05681573,1.3939815,15.590014,1.3016285,10.686849,1.0745944,-2.8047817,-4.7116756,-14.518623,-1.3337504,0.01950916,2.200085,1.0195957,1.0159703,10.379229,0.38695917,11.395857,1.2218282,35.311302,0.3531114,718.09,0.244851,1369.6372,0.15766636,-110.67237,-0.8375205,1818.0302,0.12695858,1151.5083,0.27108446,-113.86338,-0.72489876,2921.8245,0.07581671,948.1162,0.3515398,-116.796165,-0.6812154,-21.10741,-0.40936434,33.1016,0.28570974,0.07812191,0.25815308,-0.025566636,-0.65822965,0.0951524,0.93753886,29.446428,0.36716864,11.973713,1.0246476,-4.285685,-3.6580374,-26.573715,-0.6555842,-4.9142423,14.281584,0.045392927,0.0143093495,0.017050397,2.5467877,2.0084975,0.24336538,0.20165949,0.2353398,0.2493324,-33.23177,11,2,41,SPEAKER_02,1267.033333,1394.7,1268.62596875,1385.75534375,15,51.83999999999946,engaged
37.077457,0.08507967,35.14349,37.05603,39.51055,4.3670616,206.73065,295.1229,35.492138,33.30489,0.28497425,0.8305372,0.08913636,0.24187458,0.43703505,0.3478987,5.1139035,3.6493976,2.6950037,1.9244894,0.115924515,1.2252359,26.29805,0.6406517,10.484621,1.4177551,-6.1486015,-2.7241907,-13.8200655,-1.219559,0.01942887,2.2042434,1.0364255,0.84548515,9.9835825,0.39206704,10.274623,1.1533734,36.08982,0.31581685,759.471,0.2446998,1388.3875,0.1555042,-70.978516,-1.1766975,1830.959,0.12969466,1205.5769,0.2506521,-78.48823,-0.9364412,2956.0596,0.07973244,1016.1143,0.27354273,-84.17906,-0.8253433,-21.017439,-0.5515316,35.33598,0.29491693,0.0644517,0.29919687,-0.020855032,-0.81979865,0.14756744,1.0240873,32.71131,0.32722366,10.883392,1.3960398,-7.1063347,-2.5338197,-19.200682,-0.779473,-9.454822,19.589083,0.039964795,0.010821487,0.032433756,2.2553518,2.1064727,0.33272728,0.2888564,0.12769231,0.11991368,-28.479567,11,2,41,SPEAKER_01,1267.033333,1394.7,1282.98659375,1393.8553437500002,10,26.173125000000255,engaged
36.709354,0.09565919,34.95529,36.78677,38.210762,3.2554703,156.0792,155.49467,70.382835,126.48999,0.3007565,0.6771422,0.107628256,0.26959535,0.46290463,0.35527638,4.6560764,2.7532187,2.656757,1.5092101,0.13194849,0.85633576,27.092615,0.6329858,13.703198,1.0497365,-3.199676,-5.282769,-15.178546,-1.1033307,0.023925468,1.8062485,1.2209444,0.7817766,9.169693,0.40381896,8.735099,1.3089138,34.232475,0.36775666,798.8506,0.20092112,1333.4927,0.1724677,-58.96961,-1.3049575,1915.6548,0.11073781,1102.775,0.25050482,-71.0012,-0.9471321,3012.1333,0.0693157,993.26,0.29634237,-75.22271,-0.85666764,-21.634802,-0.5171969,34.247284,0.30779433,0.07182545,0.25550732,-0.02390348,-0.71394825,0.15695585,0.70537657,32.227,0.35055232,14.421224,1.0216688,-2.3821447,-7.2964644,-19.274202,-0.7758826,-9.210511,18.90288,0.048252363,0.0061775693,0.04687594,3.1607263,2.091768,0.35999998,0.22119907,0.11037037,0.097997785,-28.837807,11,2,43,SPEAKER_01,1395.4,1418.233333,1395.49221875,1417.0753437500002,13,14.883750000000191,engaged
36.75888,0.081232645,34.958813,36.758663,38.27722,3.318409,132.97298,296.9042,29.616587,35.37489,0.28643385,0.74873894,0.08990719,0.24280624,0.4732529,0.3833457,4.719638,2.5348637,3.0484858,1.7451466,0.122408636,0.8769791,25.589424,0.6765369,12.456409,1.2224851,-4.7607217,-3.3933265,-13.730584,-1.2939684,0.020549895,1.6657546,1.2588531,0.7985852,9.092137,0.38664982,7.9639144,1.4544209,33.702183,0.34999123,780.29926,0.21649122,1354.3914,0.17472978,-67.61097,-1.2129158,1876.935,0.122243494,1141.4702,0.2873962,-77.500374,-0.9288678,2976.7708,0.07592472,990.46674,0.3043422,-82.100784,-0.83750695,-20.61947,-0.5303662,33.07511,0.32865113,0.07037729,0.2938435,-0.022622343,-0.766703,0.15396988,0.67886156,31.677547,0.35940096,11.673951,1.2887788,-4.537171,-3.6177058,-19.184832,-0.8195372,-10.120301,19.686857,0.04592981,0.006625447,0.039686725,3.5881436,2.8169014,0.24685185,0.19172534,0.102,0.09530303,-29.183212,11,2,45,SPEAKER_01,1419.133333,1485.7,1419.97784375,1485.7,8,19.248406250000244,engaged
47.826164,0.14654388,42.85851,52.32396,52.95198,10.093472,245.97087,0.0,-87.44806,0.0,0.03318436,1.41188,0.004865722,0.0070719086,0.06992492,0.0650592,1.15482,0.53680694,0.7166168,0.3967016,0.0072985524,1.6679981,9.531153,1.0629704,2.5680883,3.582517,0.30216932,47.48879,-0.28558332,-60.65335,0.11363595,1.3234979,1.7287474,0.22295605,5.9768953,0.2474723,16.072578,0.76297176,24.084455,0.3444753,857.1986,0.2446619,1286.9214,0.16069593,-182.13986,-0.28705052,1831.7241,0.116151445,1197.7515,0.24956667,-178.23787,-0.29246324,2929.3955,0.08498693,1013.81085,0.16356051,-178.9994,-0.27923584,-6.70164,-0.8511512,26.567905,0.39566997,0.045490727,0.1736683,-0.007427945,-2.1027787,0.024640236,0.5596506,24.376015,0.32964686,-12.427783,-0.39055583,-20.776016,-1.001674,-20.229944,-0.5539336,-10.783269,21.32576,0.013327037,0.026566185,0.0049913544,2.3952096,1.2345679,0.08,0.06,0.47,0.39631638,-55.184654,11,2,45,SPEAKER_00,1419.133333,1485.7,1448.6822187500002,1451.2134687500002,2,1.6875,engaged
44.844307,0.013550611,44.271423,44.681286,45.325714,1.0542908,8.745738,0.0,12.262313,0.0,0.01624481,1.8880246,0.0040339404,0.0049145482,0.008867992,0.0048340517,0.61052847,1.0033937,1.1090848,0.8371903,0.0031225374,2.9053845,-1.1721067,-6.780055,4.3984723,1.3705672,6.1078672,1.42137,0.754631,11.337637,0.022617983,0.39094082,2.0272195,0.49832654,9.269439,0.19864967,15.614119,0.5049069,3.7178535,2.1794925,901.69745,0.17544776,1463.8981,0.162462,-189.06764,-0.22350538,1839.1545,0.040974014,702.91254,0.3272566,-187.62175,-0.24000865,2910.7866,0.049033895,701.0453,0.18797725,-187.50879,-0.2422414,-12.8674345,-0.35515893,17.89873,0.2908672,0.068332486,0.21665956,-0.0059063477,-1.6631262,0.03047178,0.39974257,20.409422,0.25608534,-5.2198896,-0.9048112,20.78867,0.4350945,-17.507416,-0.47260132,-2.5500638,11.602078,0.025891682,0.0387629,0.0008787429,1.1406845,0.3875969,0.19,0.0,1.18,1.09,-58.247227,11,2,45,SPEAKER_03,1419.133333,1485.7,1450.6565937500002,1455.55034375,3,2.6493749999997362,engaged
38.868885,0.0804172,36.04733,38.630234,41.493065,5.445736,30.04169,18.33132,49.77906,58.791332,0.19656414,1.04701,0.017716415,0.12370417,0.3521521,0.3344357,3.5972946,2.2668278,2.371224,1.7923853,0.05733534,1.3584516,24.482393,0.6686433,10.417576,1.0305886,-7.006336,-2.1827204,-13.017321,-1.503521,0.011876519,1.0577081,0.7893284,1.33799,11.968851,0.2434716,6.871247,2.6497772,36.07211,0.52512246,762.35834,0.2226393,1401.6338,0.18891846,-82.803955,-1.043824,1795.1898,0.13587913,1208.7426,0.22311379,-88.16027,-0.8522346,2951.7603,0.07417622,958.4405,0.3344061,-95.12297,-0.73668694,-21.062883,-0.46701184,36.6213,0.28122598,0.059251826,0.42549306,-0.01778671,-1.0386571,0.07586375,1.0757911,31.895409,0.3503811,10.656622,1.046391,-10.74604,-1.5555925,-19.626007,-0.99058145,-9.943097,21.113403,0.04308072,0.017528018,0.020968808,3.298969,2.0876827,0.309,0.277973,0.148,0.0804736,-33.296154,11,2,45,SPEAKER_04,1419.133333,1485.7,1469.28659375,1476.8128437500002,3,4.8599999999999,engaged
37.10944,0.1123739,35.33865,36.367886,37.857517,2.5188675,141.31163,185.42763,32.679974,17.421492,0.21720909,0.87194276,0.05415555,0.1627996,0.35268897,0.2985334,4.6699934,2.7148564,2.6316838,1.415075,0.105109,1.1270804,19.293272,1.1762022,11.231623,1.3972522,-9.340636,-1.7291125,-7.597635,-1.7613263,0.02692884,1.1595117,1.4268659,0.67204773,7.426461,0.48591056,10.738907,0.9614852,38.932674,0.2896836,688.2268,0.23153603,1441.1387,0.12860274,-103.693,-0.8803621,1788.331,0.12130052,1236.1058,0.26275757,-107.25141,-0.74992394,2937.1765,0.0810271,1190.7937,0.33025178,-112.21783,-0.675001,-21.000448,-0.5057561,34.008728,0.30812702,0.080073096,0.20993607,-0.021216633,-0.7368498,0.17007698,0.712791,32.923096,0.3485185,13.297898,1.1710527,-7.6704383,-2.221053,-15.37496,-0.6625072,-1.8367245,13.23775,0.05179395,0.019649075,0.02297914,3.9513679,2.7863777,0.18888889,0.16244277,0.16749999,0.19734171,-32.03504,11,2,47,SPEAKER_01,1487.4,1491.7,1487.74784375,1491.24096875,2,3.3075000000003456,engaged
36.542484,0.057884097,35.347736,36.748253,37.97367,2.6259346,159.83643,232.02979,11.887061,20.44508,0.2603449,0.76269853,0.07107407,0.21145901,0.4342125,0.36313844,4.662284,3.1957579,3.5686605,1.8086534,0.115801364,0.87538505,27.174917,0.60327303,11.219889,1.1581714,-4.596525,-3.6605225,-11.278673,-1.278298,0.017204316,1.2464892,1.3000506,0.7877606,8.543828,0.40688196,7.0071354,1.5592095,33.826866,0.29212186,805.255,0.19253078,1339.243,0.15955558,-84.427475,-1.0237498,1872.2584,0.12376036,1196.239,0.26373288,-92.63922,-0.8303147,2995.3691,0.07493024,992.7911,0.21428649,-97.89411,-0.7408774,-19.474293,-0.6067394,34.114803,0.316723,0.06637664,0.33000362,-0.018062318,-1.0192616,0.15908256,0.6285332,33.685856,0.30115408,9.712144,1.3935457,-6.7392464,-2.6261208,-16.863789,-0.73748726,-13.9801035,22.966906,0.047468927,0.0021007485,0.04303489,4.259259,3.364486,0.1811111,0.15347417,0.106874995,0.086220555,-29.753395,11,2,49,SPEAKER_01,1493.333333,1510.533333,1493.333333,1509.83721875,4,5.41701074999969,engaged
35.791203,0.11633068,34.83652,36.13897,38.00917,3.1726494,191.58339,188.98346,52.671295,44.306103,0.31481263,0.5779888,0.1466551,0.29910988,0.46885577,0.32220066,4.2350383,2.600834,2.7718241,1.2992476,0.12271437,0.7519367,28.90267,0.62436247,13.159545,0.9742949,-7.4636817,-1.9912521,-16.49725,-1.0351969,0.019807506,1.6648221,1.0898762,0.77875584,9.207026,0.414035,8.503913,1.445251,37.593212,0.27773345,761.5398,0.23348027,1389.7653,0.17022902,-51.17938,-1.5104756,1846.9144,0.1257056,1244.3433,0.2805774,-65.133995,-1.0094105,2973.3916,0.077771895,1042.1763,0.2812404,-70.88589,-0.8760522,-20.519514,-0.48879704,33.725796,0.3244124,0.07770325,0.22837156,-0.02414771,-0.65006226,0.14439769,0.6118977,33.985153,0.36350024,12.735024,1.0087789,-7.4533305,-2.1348314,-21.16731,-0.6763237,-9.778765,18.003866,0.056042098,0.0047612567,0.040034693,3.7671232,2.2962112,0.33549997,0.23489305,0.078,0.043772135,-29.688534,11,2,51,SPEAKER_01,1511.533333,1523.2,1511.94659375,1523.2,5,8.772781250000662,engaged
36.18307,0.05987895,35.36807,36.088154,37.569542,2.2014732,135.17871,83.93522,10.013541,6.7720194,0.2569795,0.71641475,0.07805417,0.20799606,0.41790596,0.3398518,4.6067333,1.7518122,2.4508386,0.9630979,0.11718649,0.80395013,30.203018,0.43437374,11.481323,0.8278651,-4.688913,-2.6615703,-10.280962,-1.4837252,0.016618589,0.9125648,1.4955367,0.5866766,8.06153,0.4281154,6.8169003,1.9823517,35.59505,0.30787045,744.2244,0.22221237,1377.6133,0.13229728,-71.51355,-1.145275,1854.3883,0.12325959,1060.6552,0.2565263,-76.868965,-0.9613151,3016.63,0.07931865,1026.0643,0.22082172,-83.39608,-0.83892065,-20.872799,-0.40108454,31.677668,0.2970033,0.06964968,0.34257364,-0.026464812,-0.496333,0.1554477,0.5751761,33.186245,0.3288686,10.174906,0.96159273,-5.293201,-2.4955695,-17.02548,-0.6615458,-16.165417,27.696909,0.036713272,-0.0017300524,0.038712643,4.8192773,3.726708,0.17999999,0.13140269,0.12666667,0.044969123,-30.907764,11,2,52,SPEAKER_01,1523.233333,1525.366667,1523.233333,1525.366667,2,1.6777090000000499,disengaged
36.915184,0.05945371,35.479313,36.465855,39.05001,3.5706978,128.7836,115.38694,16.245575,10.2837,0.20540224,0.9778173,0.044182274,0.15119138,0.31452078,0.2703385,3.8457208,1.6073684,2.9965856,1.8994042,0.091807224,1.1325542,15.125443,1.3704616,9.044628,1.5765705,-2.686122,-5.6271906,-5.779591,-2.4444568,0.023809077,1.3870885,1.4770004,0.74766266,8.938433,0.38571602,9.013464,1.2669867,30.123423,0.38530934,734.78156,0.24518487,1386.7384,0.13315451,-117.78815,-0.75541157,1827.5271,0.1323367,1160.6598,0.25400227,-120.858315,-0.6647597,2881.481,0.09418711,1036.3156,0.20224412,-122.74393,-0.636729,-19.145462,-0.6682041,29.939548,0.45378247,0.056040484,0.39656696,-0.015628027,-1.3615022,0.1466234,0.653629,27.080072,0.51995224,10.623097,1.3782752,-0.5323859,-31.780565,-12.942688,-1.1031402,-4.280122,12.345651,0.038525905,0.010603063,0.043328233,4.482759,3.1690142,0.14,0.12780192,0.17625,0.12579124,-30.429325,11,2,53,SPEAKER_01,1525.4,1544.866667,1525.4,1544.866667,5,2.912292000000207,engaged
38.254105,0.06238764,36.58998,37.71764,39.611652,3.0216713,102.73193,216.16687,318.29178,744.4821,0.26254013,0.83742255,0.050515756,0.21714875,0.45482904,0.40431327,5.105147,2.8373113,2.4721444,1.361916,0.065778665,1.0571082,20.377348,0.79884887,10.468706,1.07637,-4.8298645,-3.0890691,-22.532618,-0.87400454,0.013430166,1.488503,0.82366383,0.9433437,11.296698,0.28844345,6.462751,1.8086137,34.26743,0.25142142,751.0539,0.18116693,1321.0125,0.14832819,-73.64491,-1.2174872,1849.8309,0.111071676,1097.8547,0.23580138,-84.618576,-0.90536267,2941.7363,0.06393699,868.2451,0.31109145,-88.22039,-0.838335,-20.705275,-0.40885141,31.145048,0.308933,0.0716594,0.3057799,-0.029391682,-0.49506903,0.088763386,0.7997644,27.719933,0.38087112,11.133865,1.0902369,-8.209126,-1.8909613,-31.441744,-0.48413685,-6.7871823,14.790091,0.03160094,0.009196229,0.017496686,2.98103,2.3224044,0.2835294,0.25831902,0.16461538,0.18345468,-32.1663,11,2,53,SPEAKER_02,1525.4,1544.866667,1527.23534375,1538.4403437500002,4,7.391249999999673,engaged
36.07307,0.06915348,34.85286,35.872784,37.019043,2.1661835,717.92523,709.6537,38.48538,65.31886,0.22326204,0.711296,0.07842738,0.20186485,0.36175895,0.28333157,4.1998734,1.7887901,3.4227037,2.3173199,0.09352445,0.8781262,24.87376,0.7034616,11.943018,1.1320179,-2.269663,-6.5791783,-7.6861606,-1.7739769,0.0210629,1.2584462,1.451758,0.76809454,7.941102,0.40059057,11.234561,1.0588436,36.127235,0.2698919,764.73865,0.22078334,1364.538,0.1600367,-82.24048,-1.0469489,1850.0527,0.104801096,1159.7,0.27507013,-90.3921,-0.84501785,2961.5938,0.075904496,1042.3019,0.27938256,-95.016426,-0.7680024,-20.402103,-0.5462147,32.114273,0.3227546,0.06973739,0.30955836,-0.016002875,-1.0782399,0.1255616,0.65154856,32.93086,0.32507327,11.568302,1.2372694,-2.0480025,-7.3693275,-13.353955,-0.91460663,-9.214171,17.618425,0.036404196,0.010835982,0.036279142,4.9886622,3.448276,0.17866667,0.20777765,0.09857142,0.049404614,-33.198723,11,2,54,SPEAKER_01,1544.9,1550.3,1544.9,1550.3,4,4.4212500000001,disengaged
36.510036,0.07437888,35.084595,36.488026,37.66157,2.5769768,348.2864,426.22488,61.164375,113.01132,0.31420317,0.65759754,0.11544147,0.2844331,0.50331175,0.38787028,5.6636844,3.5236888,2.6968846,1.5309637,0.13634838,0.7635821,26.890896,0.66195035,12.905667,1.0417944,-3.7981129,-4.749611,-13.867968,-0.97941804,0.021871712,1.483672,1.2656952,0.7267286,8.37945,0.45487937,9.0234995,1.3787065,33.76328,0.30271205,764.6657,0.24501146,1408.1608,0.24895269,-64.126236,-1.2570523,1846.2,0.11888954,1153.0857,0.30191505,-74.42891,-0.95098406,2959.2979,0.07930277,1064.8284,0.25829005,-80.48064,-0.8290741,-20.396486,-0.50535464,32.73596,0.29135743,0.0715363,0.2816751,-0.020588625,-0.7962894,0.17250991,0.57405823,31.92241,0.3287818,11.099788,1.2771791,-5.549244,-3.2491677,-16.852291,-0.7586161,-12.251363,21.006256,0.05952106,-0.0037710727,0.048252925,3.7356322,3.5190618,0.19999999,0.16031219,0.064166665,0.044620313,-28.118618,11,2,55,SPEAKER_01,1550.333333,1569.366667,1550.333333,1568.8322187500005,3,3.497010750000072,engaged
40.226067,0.082471296,37.09796,40.96484,43.410294,6.312332,22.932106,0.49458218,20.32451,14.304353,0.18545634,0.52107364,0.08011835,0.21617194,0.271181,0.19106263,2.395236,2.10876,1.4560893,1.070381,0.05722439,1.1336963,30.625648,0.4057898,10.915311,0.9753369,-4.566985,-4.2346735,-18.087444,-1.0472182,0.011050736,1.4603645,0.53300303,0.9865886,13.698292,0.27844706,18.712921,0.405118,45.23245,0.14342509,770.29236,0.20713072,1349.163,0.13400504,-76.01404,-1.1060905,1865.2286,0.11870213,1213.6064,0.20736806,-86.15026,-0.82299876,3036.9668,0.047264867,1028.0912,0.26286095,-93.914536,-0.69606394,-26.50552,-0.25316674,42.32011,0.12411723,0.068123676,0.2627459,-0.015894582,-1.0668184,0.062084362,1.0051532,37.110786,0.14811149,10.089949,0.98947686,-12.277863,-1.4654418,-26.367971,-0.6442493,-15.132222,22.48588,0.050911,0.004477935,0.055848215,4.2735043,2.7027028,0.25,0.21181753,0.09666667,0.088065624,-33.96581,11,2,55,SPEAKER_00,1550.333333,1569.366667,1551.43409375,1557.5597187500002,2,1.1812499999998636,engaged
36.28054,0.07628435,34.666637,35.829227,37.437958,2.7713203,130.10878,245.78778,88.87737,131.57878,0.2491536,0.7366969,0.08167812,0.22624034,0.38450518,0.30282706,4.6550746,2.6173027,2.7235887,1.5918441,0.098958515,0.92301565,23.889486,0.87580657,9.349119,1.7106223,-7.270538,-2.242518,-9.2005825,-1.5053129,0.019674607,1.3616918,1.2525283,0.7976376,8.4185095,0.46548483,10.429641,1.1686594,36.33605,0.3566472,743.16595,0.24383508,1392.8766,0.17060608,-74.66305,-1.1609585,1822.6735,0.13047223,1199.5974,0.2930176,-83.12638,-0.9186883,2942.3262,0.08503486,1064.093,0.25767618,-89.206566,-0.80570364,-19.987495,-0.6115295,34.235176,0.31971812,0.07097493,0.28697246,-0.01608505,-1.1032103,0.13203847,0.67658144,33.739563,0.33206585,10.049985,1.6370993,-7.2948427,-2.3688195,-14.549111,-0.8113111,-3.8740463,13.193139,0.04831092,0.012988208,0.02848552,3.535742,2.4691358,0.2659375,0.21463425,0.11151515,0.11768271,-31.124096,11,2,57,SPEAKER_01,1570.166667,1625.7,1570.166667,1625.68409375,6,13.02617674999965,engaged
37.115047,0.0813244,34.83808,37.070194,39.45605,4.6179695,99.013054,105.57236,23.881487,24.542532,0.27955717,0.96855366,0.026201658,0.20688447,0.4860916,0.45988995,4.776047,2.511144,3.240441,1.8080848,0.10916749,1.0838174,23.748055,0.7876378,11.573542,0.9858889,-1.5029519,-8.599847,-8.104257,-1.993564,0.02566086,2.084087,1.1825315,0.96985894,10.021042,0.31951213,11.35886,0.8988592,35.934635,0.22464477,751.6014,0.24254932,1372.6382,0.1806609,-85.550156,-1.0274476,1816.9056,0.11733992,1116.0023,0.2631191,-90.63482,-0.8620543,2952.0178,0.07135164,982.97504,0.28410834,-96.81976,-0.7577275,-20.814861,-0.45243457,33.96424,0.28683385,0.06696235,0.28029808,-0.021907281,-0.7312365,0.1605921,0.7281059,33.019897,0.2658169,11.43634,1.1250179,-2.8100295,-5.3492417,-15.158518,-1.0081159,-7.2520185,17.352596,0.033921074,0.02027104,0.015187397,3.3057852,2.0833335,0.30333334,0.25556907,0.15666667,0.15199415,-28.179394,11,2,57,SPEAKER_03,1570.166667,1625.7,1586.0615937500002,1607.7459687500002,14,7.273124999999027,engaged
37.223667,0.10684108,35.332115,36.192375,38.116093,2.7839775,663.4379,917.63885,43.293762,32.566906,0.12368773,0.9299038,0.020614957,0.08166858,0.24501203,0.22439708,2.7545846,1.52646,1.5994949,0.89795345,0.039080888,1.3424104,10.878436,2.165289,14.465312,0.50602597,-7.225652,-1.3061799,-17.299288,-1.092255,0.026909051,1.0108174,1.7982748,0.97681034,8.123513,0.46179992,0.84883416,13.141508,33.09917,0.2188952,762.97864,0.16063868,1293.2836,0.08959295,-129.77075,-0.69651365,1932.3893,0.08395417,1189.6638,0.18754995,-138.86385,-0.5457891,2986.3198,0.05962274,880.71893,0.29532936,-139.0519,-0.544319,-22.19257,-0.3176033,32.42644,0.28476924,0.068088636,0.33372492,-0.037099697,-0.4489971,0.075354196,0.70003486,30.49705,0.41321078,16.697664,0.33560923,-6.2301683,-1.8546326,-32.324448,-0.4736829,-4.819218,12.100979,0.048303377,-0.0022182767,0.018525183,3.3175356,2.4271846,0.146,0.09645724,0.20333333,0.26138517,-38.648808,11,2,57,SPEAKER_04,1570.166667,1625.7,1589.4534687500002,1621.9715937500002,3,2.1262500000002547,engaged
37.14557,0.075452305,35.77578,37.20873,38.879375,3.1035957,201.74747,391.7502,44.627834,33.841137,0.21617016,0.84703445,0.041212514,0.18277338,0.38648826,0.34527576,3.7414112,2.4792228,2.2344713,1.0779473,0.07765919,1.0482796,25.764292,0.62008446,12.571337,0.73910356,-3.1813924,-4.06698,-14.465963,-1.257095,0.022506703,1.3729047,1.1915563,0.9553686,9.980494,0.37007025,11.311773,0.9866758,37.807056,0.22522707,733.19324,0.24450606,1377.4791,0.13890578,-92.13349,-0.97418237,1826.5532,0.13691695,1244.5066,0.27553532,-98.06178,-0.7956885,2952.4504,0.08320365,1016.9366,0.30470756,-102.45776,-0.72852826,-22.341146,-0.34219903,36.06093,0.23242137,0.07482975,0.25824243,-0.025059186,-0.6175535,0.10837148,0.722144,33.89122,0.26497343,13.116401,0.71984535,-5.8460536,-2.4506245,-22.275076,-0.77151525,-11.2905035,20.501587,0.047876988,0.0039303075,0.03167992,3.172589,2.3047376,0.2572222,0.19352879,0.16411763,0.15904342,-31.814808,11,2,57,SPEAKER_02,1570.166667,1625.7,1600.08471875,1618.1747187500002,12,7.897499999999809,engaged
36.10048,0.03726868,34.626705,36.06081,37.31102,2.6843147,17.17814,13.210723,16.337563,7.288911,0.19259536,0.67824495,0.07048133,0.18031023,0.30267358,0.23219225,4.7908883,2.9950674,0.94814885,1.7444841,0.071398325,0.9331963,14.554178,1.1773816,13.885034,1.322982,-0.5393794,-23.417213,-1.7788523,-9.101353,0.021531574,0.8472191,1.3269976,0.80892414,7.421019,0.5042623,14.391454,0.7172934,32.702423,0.49388123,713.45135,0.2076638,1318.7036,0.16186862,-100.74462,-0.8904748,1894.136,0.07227271,1009.8101,0.2887864,-106.1697,-0.77672094,2946.8132,0.08361535,1169.7352,0.2630067,-109.518555,-0.7258042,-17.220406,-0.8308516,25.311893,0.5199848,0.073309235,0.3312141,-0.0139117725,-1.4465061,0.11250114,0.58834004,23.300968,0.5690935,12.402764,1.6900413,2.8476634,5.325935,-6.689359,-2.3138106,-7.98903,14.04144,0.044872902,0.009468648,0.019134955,5.050505,3.2258065,0.16,0.043204937,0.13,0.02828427,-35.764244,11,2,58,SPEAKER_01,1625.733333,1627.333333,1626.3253437500002,1627.333333,1,1.0079892499998095,disengaged
36.91902,0.05108658,35.03627,37.13953,38.901978,3.8657074,34.311073,23.693882,31.445562,13.04552,0.21607785,0.7773835,0.070804805,0.17543267,0.3464425,0.2756377,4.295758,2.9549663,4.0596304,2.006802,0.10324813,0.99821824,18.231195,1.0949352,16.195642,0.80311966,-2.1855748,-7.8773055,-9.54638,-1.3912578,0.01931183,1.0717653,1.3742049,0.64773583,9.107925,0.3691896,10.773892,1.3006699,31.789183,0.31319204,745.97516,0.25232396,1420.2961,0.18624635,-95.61895,-0.9310291,1871.8192,0.13482709,1117.191,0.27024832,-98.901215,-0.80170697,2986.5178,0.084661916,1095.9084,0.31263432,-102.00561,-0.74776727,-21.784853,-0.51222575,33.67972,0.26854903,0.06081309,0.35858065,-0.01871575,-0.8290656,0.15244463,0.67598855,29.214972,0.33477136,16.233866,0.87136894,0.67272365,30.164484,-14.024901,-0.91087234,-5.408585,13.573397,0.032849994,0.0068430444,0.03503193,4.9751244,2.5510206,0.22799999,0.15118201,0.1775,0.13273564,-31.249138,11,2,64,SPEAKER_01,1631.7,1634.7,1632.6703437500005,1634.7,1,2.0296562499995616,disengaged
40.880093,0.15735474,36.353703,38.762554,46.212708,9.859005,73.54606,61.779606,35.30556,35.879894,0.5125631,0.9193785,0.15101632,0.3757069,0.72130996,0.57029366,10.246232,8.133202,6.014037,5.191522,0.24298777,1.4388134,20.158642,0.72606266,9.684226,1.3077463,-3.7128086,-3.7170603,-29.085554,-0.7336418,0.02002684,1.1286576,1.2209042,0.9065733,10.89216,0.42941558,11.290579,1.0330553,28.585186,0.4038934,800.8732,0.23338638,1286.2089,0.16342059,-60.668537,-1.2783922,1941.4788,0.122429185,1060.8942,0.27125308,-70.73559,-0.91294277,2990.7764,0.08390184,903.6565,0.35305515,-71.83558,-0.88735336,-20.180752,-0.41442326,29.241814,0.36969832,0.06552151,0.38584793,-0.029751675,-0.5015903,0.27900586,1.3053017,23.984415,0.5272935,9.829301,1.3882364,-4.1188426,-3.426115,-31.840889,-0.6326691,-8.008498,13.129692,0.048110288,-0.0039682677,0.12586297,3.1746032,2.9126215,0.2588889,0.25457785,0.09333333,0.05821416,-18.323063,11,2,65,SPEAKER_01,1634.733333,1651.266667,1634.733333,1650.99659375,4,3.1682607500010818,engaged
40.551243,0.17180236,35.740284,37.563976,46.1571,10.416817,109.964195,115.2538,-32.084515,41.485714,0.29788578,1.0781269,0.04345432,0.21612577,0.46183583,0.4183815,5.2379956,4.38438,2.5820253,2.81917,0.132182,2.1241128,15.179325,0.8857649,16.459724,0.78368926,-2.5884256,-5.144778,-28.806396,-0.79965496,0.015912069,1.1095456,0.89735585,0.93743277,11.807344,0.29591298,9.495588,1.1234787,23.67737,0.4565471,819.84393,0.20030476,1348.3895,0.16988812,-90.87977,-0.94079155,1978.5468,0.11933604,1148.9946,0.25199836,-97.23795,-0.7603002,2961.4734,0.07386182,920.93115,0.37416777,-94.62859,-0.80115384,-20.956049,-0.39161652,28.033018,0.37065622,0.073165014,0.32327825,-0.026945136,-0.56092787,0.17299992,1.8306125,19.256838,0.6038644,19.280169,0.71349496,-2.7014763,-5.3221707,-39.0417,-0.48460147,-9.766618,18.297848,0.03929516,0.005532653,0.026196204,1.7821783,2.2132797,0.28272727,0.1976724,0.1490909,0.13647874,-23.872778,11,2,65,SPEAKER_02,1634.733333,1651.266667,1639.5553437500002,1649.03909375,5,5.0625,engaged
36.53315,0.05012753,35.73231,36.57283,38.104916,2.3726044,50.171013,58.61178,16.080921,15.5175295,0.2850115,0.51196223,0.14263375,0.29702866,0.40862027,0.2659865,2.541008,1.854666,3.9056733,2.2826946,0.08080296,0.72294056,28.563848,0.32935083,17.057299,0.5156076,-2.447663,-5.409173,-28.79596,-0.7278555,0.018750427,1.4501102,0.9747623,1.0184814,10.8136425,0.29127377,7.106177,1.6531199,33.74107,0.2495523,697.1237,0.23095307,1359.5089,0.11495216,-34.815292,-1.8975576,1830.9769,0.13488576,1276.5814,0.2701966,-53.367744,-0.9555967,2871.374,0.08525613,960.9236,0.28991497,-54.63853,-0.9356624,-22.945898,-0.35256687,33.04355,0.26356202,0.07824055,0.2850944,-0.03229504,-0.58026993,0.08347033,0.7302215,29.468342,0.2935996,16.156479,0.5273487,-3.2178204,-4.2229986,-31.928099,-0.62378,-19.630005,28.771229,0.064021416,-0.010668019,0.06501694,3.1847136,2.6490066,0.32,0.08276473,0.037499998,0.004330127,-31.648806,11,2,67,SPEAKER_01,1652.1,1655.033333,1652.3128437500002,1655.033333,3,1.5898642499998914,engaged
37.349094,0.038881883,35.968235,37.00472,38.667103,2.6988678,70.675156,64.571014,12.735057,5.5651774,0.27992132,0.6538143,0.11534207,0.25134557,0.4394575,0.32411543,4.8061,2.6056817,2.638074,1.007216,0.13535923,0.92815626,23.273397,0.80603504,20.49433,0.59592646,-0.64937735,-17.549774,-8.67752,-1.9899836,0.019156996,1.0178921,1.179862,0.87854874,9.865456,0.39674705,14.429805,0.67137694,35.089443,0.22517371,737.1156,0.22953667,1424.3586,0.14422388,-60.883034,-1.1631106,1830.8643,0.12460513,1203.7009,0.23795956,-71.64284,-0.81587976,2919.3984,0.09194983,1041.2893,0.29215977,-73.891525,-0.7711716,-23.94664,-0.42520902,34.265434,0.30595148,0.06852297,0.2900865,-0.019906037,-0.8559214,0.1662841,0.7512697,28.966719,0.43385163,19.961487,0.6297081,-0.29907686,-40.09385,-12.875306,-1.3121551,-5.66081,11.460804,0.049713526,0.005087971,0.02528942,3.2051284,3.3333333,0.23200001,0.13717142,0.07333333,0.06182412,-25.803913,11,2,70,SPEAKER_01,1656.866667,1658.866667,1657.2909687500005,1658.866667,1,1.5756982499995047,disengaged
36.396336,0.08277404,34.84037,36.1951,38.017635,3.1772652,183.60832,339.3785,45.350796,65.1457,0.27361128,0.6793551,0.09836898,0.25206473,0.43037164,0.33200267,3.902943,2.2574692,2.970297,1.6114156,0.10998555,0.87191445,26.452963,0.69012886,11.596242,1.2704741,-5.9627028,-2.7535543,-12.958592,-1.1533527,0.020688504,1.4543871,1.1900287,0.7518423,8.980699,0.39075023,9.517458,1.2016711,36.049103,0.30893153,755.3887,0.2398891,1378.4271,0.1811805,-70.30594,-1.2047384,1849.3873,0.1363148,1151.9713,0.26699314,-79.12162,-0.93519,2967.0444,0.0839677,1048.9337,0.28867328,-84.4945,-0.8275895,-20.098087,-0.5474519,33.501015,0.31451342,0.07719044,0.22587469,-0.020603219,-0.80146146,0.14039859,0.6620204,33.479122,0.34485918,11.747388,1.2765905,-6.039481,-2.8150797,-18.031992,-0.68196076,-8.322741,18.119532,0.051299956,0.009908282,0.034748808,3.6348617,2.4006622,0.28672412,0.24454315,0.12235294,0.098251134,-30.606422,11,2,71,SPEAKER_01,1658.9,1698.2,1658.9,1698.0103437500002,9,24.226593750000575,engaged
39.343544,0.08061695,36.96823,38.96474,40.55535,3.58712,21.218964,25.039762,157.05162,212.40005,0.25051278,0.7411988,0.056768514,0.22822914,0.42617416,0.36940566,5.569883,1.808067,2.6757977,0.72667474,0.103080064,0.9239937,24.201351,0.5272301,4.6923523,2.720935,-7.757655,-1.4776461,-22.82897,-0.6870031,0.023857094,1.9535352,1.3421543,0.62573636,8.110252,0.38478565,9.986082,0.97075737,32.924488,0.26776782,727.34937,0.20029819,1361.7708,0.15305284,-68.449425,-1.2281946,1810.6484,0.1305626,1130.699,0.2511067,-73.64212,-0.98543924,2898.28,0.09071974,913.89026,0.27927294,-77.82254,-0.90462434,-17.358992,-0.48535627,27.892948,0.345,0.07585594,0.24910456,-0.02645547,-0.5749368,0.13097046,0.7117243,26.966331,0.41065082,5.358568,2.277646,-7.6723275,-1.5602341,-29.339457,-0.45602766,-10.593583,19.259562,0.056491055,0.0026998494,0.014829869,3.7974684,2.6666667,0.265,0.06726812,0.0875,0.06759253,-32.81335,11,2,72,SPEAKER_01,1698.233333,1701.766667,1700.1703437500005,1701.766667,1,1.5963232499996138,disengaged
36.540527,0.030096987,35.562737,36.81346,37.504627,1.9418907,33.378254,17.858894,14.2797785,6.676026,0.2423846,0.8081295,0.08074209,0.19617772,0.3539623,0.2732202,4.068581,3.6700916,3.1941879,0.9138573,0.11039258,0.8539859,27.524225,0.5551145,9.700564,1.2634171,-4.611023,-3.9836273,-9.590337,-1.0794237,0.025960648,1.0998286,1.2494242,0.70821613,7.9148836,0.3918294,6.91726,1.6220899,32.207954,0.26135203,800.2183,0.18257485,1311.1176,0.1379314,-79.099976,-1.02687,1878.5688,0.10958907,1048.0173,0.19405752,-87.70202,-0.8288989,3006.493,0.06715403,955.00977,0.2631246,-93.17148,-0.731366,-19.329659,-0.5213862,33.40866,0.3001796,0.064306445,0.22819583,-0.016761819,-0.63676333,0.14789636,0.61417925,32.93476,0.28538498,8.856149,1.4945631,-7.1457324,-2.6716506,-13.052641,-0.7671046,-12.23355,21.79257,0.056625463,0.0008847147,0.037753906,3.8759692,5.6910567,0.10714286,0.09691148,0.064,0.025768196,-32.256653,11,2,73,SPEAKER_01,1701.8,1703.1,1701.8,1703.1,1,1.2999999999999545,engaged
40.116177,0.08647798,37.026665,40.048492,44.067554,7.0408897,88.95304,49.289505,32.98251,33.05084,0.18234475,1.2523232,0.0070704203,0.080813274,0.3501938,0.34312338,4.5925474,4.813201,3.4264827,2.4069123,0.07121613,1.4946017,14.89377,1.152327,6.679299,1.9174784,-3.8849447,-2.9731207,-9.131343,-1.5099607,0.023717782,1.7119347,1.3159277,0.80675834,9.967368,0.39088526,7.69744,1.303104,27.053684,0.39322504,802.8438,0.23560132,1345.6963,0.15575102,-112.70251,-0.79109985,1840.3422,0.12422482,1120.9027,0.2666909,-110.877426,-0.75129956,2915.7415,0.077120304,967.5378,0.29756308,-114.79295,-0.69241035,-17.173174,-0.601,30.050203,0.33562005,0.06746628,0.2870237,-0.012318339,-1.7552768,0.12646739,0.9446257,26.315987,0.353853,3.3974185,4.555559,-6.8270006,-2.0274549,-17.12421,-0.75047714,-5.987609,15.208857,0.03531183,0.025702776,0.01248034,2.7377522,2.3222063,0.21312499,0.1923447,0.22,0.25606918,-33.477196,11,2,74,SPEAKER_03,1703.133333,1718.366667,1704.6253437500002,1715.3072187500002,6,6.952500000000555,disengaged
38.20329,0.09945508,36.685402,38.009586,40.47574,3.7903366,373.28192,767.0112,74.10132,49.520725,0.21814288,0.94782716,0.035809975,0.14430094,0.3907154,0.35490543,4.1081276,2.7675114,2.4161649,1.5854874,0.0655652,1.5585415,15.791443,1.2563756,10.500941,1.0647653,-5.288188,-2.8189328,-19.167953,-1.1605223,0.01985747,2.9436407,0.9839364,1.1389618,10.607723,0.39895567,8.6203575,1.4991474,35.124386,0.30109352,727.96436,0.22083816,1371.1267,0.16529354,-104.77377,-0.8985872,1820.4568,0.12116864,1127.8578,0.24802022,-108.95104,-0.7654282,2927.4817,0.0679288,920.4849,0.36602986,-111.81105,-0.71812767,-20.561537,-0.46810362,31.278688,0.3413561,0.07315242,0.3347952,-0.028756013,-0.71107024,0.10574946,1.1638573,27.195831,0.44048223,8.7776985,1.2456905,-8.735411,-1.7084202,-32.80386,-0.6080959,-7.0581203,15.642449,0.0391328,0.0055728504,0.020100009,2.7565086,2.6133745,0.19264705,0.17877539,0.17424242,0.1279922,-31.787493,11,2,75,SPEAKER_02,1718.4,1768.666667,1725.93846875,1761.0384687500002,8,13.078125000000682,engaged
36.76618,0.10367839,34.95401,37.379448,39.37496,4.420952,208.88042,279.08453,72.317955,129.11084,0.30881795,0.79653406,0.09733737,0.24398845,0.50464684,0.40730947,4.5584836,3.1911738,3.565384,3.3231304,0.1342792,1.0311396,26.968935,0.58092356,11.203019,1.3757237,-4.4365478,-3.7450283,-12.1729145,-1.3492988,0.022917468,1.7308437,1.1896617,0.8355226,9.037541,0.46193695,9.490996,1.0936745,34.48631,0.3179574,799.75006,0.24294521,1356.5095,0.18998486,-67.27497,-1.2107692,1877.6923,0.12813796,1163.5953,0.29328388,-75.12919,-0.9492536,2996.6458,0.08515482,1042.043,0.24407673,-80.87421,-0.834654,-20.03677,-0.5726068,32.550453,0.330056,0.06926342,0.28383836,-0.01918357,-0.94076246,0.16403954,0.86225826,31.877817,0.3102045,10.197307,1.5247617,-5.552186,-2.9977345,-16.578232,-0.93766063,-11.750105,21.145092,0.052974198,0.0054606367,0.051512636,2.9968455,2.8526149,0.24805555,0.20067692,0.08558823,0.07129851,-27.049469,11,2,75,SPEAKER_01,1718.4,1768.666667,1746.4078437500002,1768.666667,10,12.690698249999286,engaged
36.254986,0.07613616,35.283962,35.78911,38.66198,3.3780174,150.93771,114.62137,29.3191,17.672297,0.32046518,0.6841137,0.10497938,0.27091175,0.5578016,0.4528222,4.700248,1.3431951,3.981147,2.9499807,0.12723453,0.7421798,32.23098,0.25023594,7.116439,2.328283,-10.949077,-1.5149592,-9.719466,-1.3941313,0.035595972,2.256836,1.5319587,0.7809928,8.344203,0.40182596,5.2289014,2.3361015,33.668297,0.3452296,656.07495,0.2719958,1376.7178,0.15294528,-57.050583,-1.3405706,1734.6442,0.14703867,1102.7075,0.21487688,-63.120773,-1.0549381,2910.6453,0.10672117,1022.5481,0.22251986,-72.53472,-0.84874374,-16.557251,-0.7328637,30.693892,0.2789134,0.065243006,0.2609918,-0.01577543,-1.2435308,0.14685446,0.6296277,33.562893,0.20105253,7.141356,2.3392823,-11.044725,-1.487589,-11.410825,-1.2162677,-17.479298,29.472448,0.058164343,0.0025933185,0.056593113,4.9180326,4.310345,0.172,0.09826494,0.06666666,0.028674418,-30.608028,11,2,76,SPEAKER_01,1768.7,1769.933333,1768.7,1769.933333,1,1.2333329999999023,disengaged
36.480377,0.058105197,35.175823,36.163334,38.303474,3.1276512,187.06256,195.19443,88.73491,186.96568,0.30892032,0.67290246,0.10146588,0.275367,0.5269797,0.4255138,4.7797894,2.165723,3.0825753,1.3663145,0.11771799,0.7880612,28.367058,0.56967276,9.036341,1.715288,-11.057677,-1.4403424,-11.826073,-1.3064803,0.017670926,1.5845982,1.0876385,0.763097,9.047342,0.36249095,6.0915213,1.8865926,34.101124,0.32936877,748.4673,0.26359728,1355.209,0.1627382,-60.93041,-1.3389723,1809.13,0.13776612,1200.9779,0.25196436,-68.34232,-1.051642,2941.3853,0.09068454,1100.3003,0.3683107,-77.28785,-0.85910875,-16.264164,-0.7285371,32.542896,0.31472582,0.07213323,0.23819777,-0.015258174,-1.1533374,0.14643808,0.6009413,33.08652,0.31380317,7.2329283,2.1721344,-11.982621,-1.4280766,-16.213093,-0.7564024,-10.159457,20.739697,0.053656083,0.006116155,0.032121863,3.912363,3.0015798,0.24105263,0.1868547,0.09571428,0.060084973,-30.154482,11,2,77,SPEAKER_01,1769.966667,1780.366667,1769.966667,1780.366667,4,6.400624999999991,engaged
38.157124,0.044012196,36.934334,38.080666,39.8401,2.9057655,92.22647,135.08165,63.97286,118.97602,0.38471243,0.60432315,0.19830462,0.3209766,0.6571585,0.45885387,4.6807656,2.5727165,3.8795805,2.5422294,0.16499825,0.73414934,27.74061,0.42187715,11.66636,1.0782989,-9.756735,-1.5356803,-18.872366,-0.8834569,0.024449935,1.1001836,1.2318189,0.81650114,9.448059,0.41362008,5.6869683,1.9237531,30.139355,0.336738,797.09686,0.18260807,1323.0157,0.18531322,-42.21703,-1.5228101,1888.8818,0.13306013,1173.1711,0.28471437,-55.500362,-1.0118437,2985.5786,0.072000384,965.94226,0.32972035,-60.848705,-0.87705183,-17.138802,-0.64186686,34.033184,0.23514403,0.060236316,0.26435938,-0.020120993,-0.95572066,0.17834836,0.65639967,29.954592,0.28601035,10.8621025,1.203577,-10.459413,-1.5304943,-21.522501,-0.76279557,-10.345699,19.914154,0.052785713,0.0036225882,0.095426306,4.30622,2.955665,0.28,0.4336281,0.057499997,0.03269174,-26.062517,11,2,79,SPEAKER_01,1783.333333,1786.933333,1783.333333,1786.3678437500002,3,2.1063857500007543,engaged
37.56283,0.053233203,35.68465,37.557255,39.33087,3.6462212,67.0935,68.418816,22.101711,17.456964,0.2634439,0.7614586,0.07974303,0.22229177,0.43828547,0.35854244,4.7390857,3.1571405,3.0278037,1.3019352,0.110178016,0.89180917,28.009205,0.49162763,9.929924,1.3168372,-4.9418674,-3.6164951,-12.738643,-1.138871,0.017491763,0.8710718,1.1495506,0.75415736,9.608255,0.3699602,10.796713,1.0701741,35.233524,0.28789058,765.51605,0.21832302,1376.9891,0.14302176,-64.40418,-1.2242162,1839.8401,0.11093347,1133.8583,0.20940606,-73.49497,-0.95380694,2986.2766,0.06631015,993.173,0.26598233,-80.640785,-0.81174296,-21.240139,-0.5102604,34.880287,0.27511096,0.06542544,0.30782452,-0.0202325,-0.8006629,0.13766846,0.70416474,32.442432,0.28843018,9.884186,1.3660249,-5.518756,-3.494663,-17.115881,-0.7479621,-11.48712,21.18184,0.05085538,0.007373578,0.02962475,3.7089872,2.4425287,0.2982353,0.28149253,0.09625,0.063035205,-29.354265,11,2,80,SPEAKER_01,1786.966667,1797.166667,1787.4647187500002,1796.0372187500002,2,7.019999999999982,disengaged
39.21246,0.094984256,38.18541,39.125298,40.44516,2.2597504,359.01584,157.64017,25.140026,0.302495,0.45937297,0.61983675,0.14230752,0.44390208,0.756644,0.6143365,6.6976814,2.3830397,3.0893686,2.0207992,0.13690583,0.8320458,14.600503,1.2603514,2.4586859,4.7533674,-14.416781,-0.78015774,-34.530365,-0.44098517,0.013567773,1.5540066,0.8929506,0.93761617,9.978357,0.47772357,5.2582173,1.6535468,29.404541,0.30989933,803.2586,0.1676971,1317.6769,0.183862,-53.86694,-1.5726658,1872.5627,0.117793016,1003.7079,0.23024534,-62.457687,-1.1729918,2961.234,0.061531063,817.0776,0.24553949,-67.54151,-1.039726,-13.982508,-0.65156156,24.454111,0.39114624,0.07377973,0.18059781,-0.031479895,-0.462101,0.16058144,0.6637722,19.62402,0.58483356,0.09121497,127.86365,-15.754023,-0.71352357,-40.598137,-0.2685206,-3.9917603,11.029841,0.0691116,-0.010830325,0.05966644,3.8167942,3.5019457,0.20555554,0.16152819,0.08833333,0.044127338,-28.696692,11,2,83,SPEAKER_02,1799.4,1802.033333,1799.4,1802.033333,1,2.6333329999999933,engaged
37.992035,0.10448193,35.39988,36.372154,38.626705,3.2268257,22.646252,4.2721353,27.03751,0.0,0.21531932,1.217852,0.02077086,0.12628347,0.369709,0.34893817,3.7022827,0.94522315,1.65097,2.5531363,0.08961304,1.3589414,19.72015,0.84760034,11.19101,1.5997174,2.705048,6.567135,-8.850636,-2.1144364,0.020414533,1.1674999,1.332923,1.1839472,9.583739,0.41920286,9.333977,1.1948125,31.443241,0.26792666,877.7628,0.22544627,1434.5109,0.16659622,-87.825005,-0.9318778,1939.3818,0.11586905,1275.008,0.2029758,-94.26658,-0.7845522,3014.2278,0.0789908,1064.2758,0.29306936,-96.60369,-0.7480111,-23.600304,-0.570798,35.282654,0.37575063,0.06002849,0.57696897,-0.008727615,-2.0896492,0.12596256,1.0534865,27.101986,0.40714952,13.983637,1.4950308,3.6364622,5.8941293,-11.68808,-1.903521,-4.8666716,13.7758465,0.04119224,0.023343686,0.020098517,2.259887,2.3391814,0.275,0.18980253,0.1325,0.13790849,-32.228058,11,2,84,SPEAKER_02,1802.066667,1806.066667,1802.066667,1806.066667,5,1.7893750000000637,disengaged
35.996002,0.038098764,34.882046,36.06851,36.729176,1.8471298,84.06026,98.55615,14.91258,10.825936,0.22692513,0.78547466,0.0625748,0.17334688,0.41392037,0.35134557,5.0601044,2.6530263,3.1389046,2.492719,0.08307758,1.0924935,23.764383,0.7699186,12.069517,1.1198967,0.727776,16.040161,-7.766439,-1.7671704,0.022328185,0.9774787,1.1484982,0.85838926,9.245966,0.34075248,6.635218,1.2256726,33.45125,0.23413952,675.23157,0.29554436,1543.7985,0.1540789,-99.92234,-0.8704368,1727.2196,0.13968432,1191.2673,0.21943848,-102.380646,-0.78443706,2892.4885,0.06710418,988.93243,0.30923083,-108.05984,-0.696315,-21.169537,-0.39772668,35.790993,0.19821598,0.067159966,0.31966025,-0.016855257,-0.66006935,0.12193568,0.8039832,34.10866,0.26256445,12.565905,1.1382043,2.1150582,6.319439,-12.289178,-0.9984069,-8.743871,18.435781,0.0399182,0.007353071,0.035426795,4.6082954,3.3175356,0.16428572,0.1476344,0.16399999,0.11074294,-32.263058,11,2,85,SPEAKER_02,1806.1,1838.8,1806.1,1811.22471875,3,2.188468749999629,engaged
36.58568,0.06937792,34.94982,36.70667,38.71753,3.7677078,200.68309,276.82565,29.514814,43.525764,0.27147815,0.6942204,0.095418654,0.23198882,0.43485948,0.33944082,4.8629527,3.3906972,2.486793,1.3041971,0.11107038,0.9411016,26.713697,0.65190893,12.476845,1.100942,-3.8539026,-4.210957,-13.874458,-1.1927936,0.022816995,2.1971304,1.2208661,0.8050301,9.405872,0.38249782,9.337115,1.1920629,34.420525,0.31312028,780.5999,0.22556593,1352.5393,0.16111816,-65.14722,-1.2298261,1884.9802,0.123790994,1142.8656,0.28659597,-75.92234,-0.91604453,2983.5034,0.08350858,1006.9101,0.32405457,-80.15062,-0.8316535,-21.404453,-0.45383686,33.64353,0.2846918,0.06861211,0.29152375,-0.022036754,-0.718894,0.13457568,0.7922997,32.710037,0.30228072,12.20144,1.1217637,-3.6008165,-4.6997366,-18.059162,-0.8157462,-9.108921,17.540442,0.04957953,0.0045011635,0.043238886,3.5671103,2.9126215,0.24499999,0.18597715,0.09631579,0.09085619,-29.90716,11,2,85,SPEAKER_01,1806.1,1838.8,1811.22471875,1838.8,14,16.55590624999809,engaged
36.159607,0.1050389,34.869225,36.16623,37.872314,3.00309,245.31258,285.8508,27.455381,21.948448,0.27481353,0.69892716,0.095919386,0.23427562,0.44039518,0.3444758,3.8469596,2.237357,3.0737126,1.44177,0.12108223,0.7894084,26.445898,0.73682606,14.885573,0.9887328,-4.5212812,-3.89756,-14.417207,-1.0647699,0.025736792,2.2231734,1.2467062,0.7176363,8.417503,0.44876987,8.723198,1.3095232,35.57817,0.31355017,765.497,0.24313706,1389.5768,0.1818749,-66.089096,-1.2357529,1869.2886,0.1251465,1165.318,0.2543844,-75.22153,-0.9323844,2977.2935,0.076479666,1054.8068,0.274921,-80.05805,-0.83171576,-21.648241,-0.5323282,34.12542,0.32870632,0.07702496,0.25764415,-0.022003772,-0.73024666,0.15237693,0.58469784,32.55692,0.40027502,14.309905,1.014223,-4.1448216,-4.4179907,-19.361715,-0.676794,-10.38978,19.571697,0.058088265,0.005354537,0.03865738,4.307334,3.055229,0.23153846,0.2068573,0.07875,0.062136438,-29.356243,11,2,87,SPEAKER_01,1839.833333,1850.2,1840.2497187500005,1850.2,4,8.60028125000008,engaged
38.140675,0.05882237,36.228443,37.845894,40.24798,4.019535,21.087902,10.044983,114.01723,295.39896,0.12306683,1.007862,0.015206339,0.09316239,0.20617025,0.19096391,2.059624,1.4110811,1.2637271,1.1188554,0.027721532,1.3899602,21.77757,0.8318476,8.737323,0.78936946,-4.293222,-2.6412947,-14.184755,-1.1976075,0.012731767,1.0964679,0.8278914,1.1248138,11.3893585,0.2979297,7.5692635,2.148958,36.752384,0.2925547,742.2418,0.20948353,1349.3097,0.15574417,-89.95468,-1.0001099,1808.2445,0.09588441,1138.7563,0.197207,-97.633644,-0.7992541,2961.7834,0.05837416,889.50745,0.21849605,-102.6001,-0.72304386,-22.4393,-0.30157766,35.38667,0.2130736,0.064646825,0.26907542,-0.021386156,-0.705003,0.040072236,1.048712,32.36704,0.265426,9.993049,0.70558804,-6.018887,-2.160464,-22.44465,-0.7096973,-6.1316247,15.132961,0.037891764,0.018526232,0.007855561,2.5345623,2.0857475,0.28666666,0.11185309,0.17166665,0.20273821,-37.16222,11,2,89,SPEAKER_04,1850.866667,1894.266667,1851.15096875,1860.55034375,2,8.690624999999955,engaged
36.310265,0.08542118,34.719013,35.881107,37.933918,3.2149048,127.21545,164.91873,51.238735,70.79875,0.2939713,0.7106622,0.096832335,0.25732318,0.47956052,0.3827282,4.8817487,3.2183836,3.3614898,2.0366414,0.119229734,0.93550384,23.41165,0.88013977,10.500133,1.4080975,-7.801408,-2.0343528,-12.63792,-1.3036993,0.019248141,1.6290269,1.1071025,0.7315256,8.942372,0.39394492,10.291075,1.1220449,35.9345,0.32216573,755.47076,0.23617004,1384.8198,0.15569474,-73.841034,-1.1890548,1834.9596,0.13102378,1178.7557,0.2614481,-81.53516,-0.9480297,2960.3486,0.0824345,1053.0889,0.29388863,-87.31474,-0.83553135,-19.526068,-0.5696389,33.126812,0.3263338,0.07917805,0.24327968,-0.019870827,-0.85308814,0.1527719,0.7105064,32.478508,0.34438547,10.462879,1.4737656,-8.818183,-1.8165656,-18.053986,-0.7865088,-5.107841,13.756181,0.05685926,0.007966944,0.046990417,3.621439,2.4201355,0.2744,0.24247192,0.12291667,0.114126354,-30.034712,11,2,89,SPEAKER_01,1850.866667,1894.266667,1865.35971875,1893.6759687500005,12,20.7224999999994,engaged
36.00184,0.08162282,33.570522,35.667526,37.1494,3.5788765,34.10343,20.246454,39.320827,37.83131,0.3522287,0.89894265,0.096219994,0.2704625,0.58799106,0.49177107,5.5437317,4.2349358,4.1155276,3.6180565,0.12900735,1.1789999,27.729776,0.52018213,5.817078,2.706781,-8.795825,-1.5468777,-11.109799,-1.3521122,0.017067328,1.444945,1.0618062,0.91519725,9.611538,0.35373515,9.273509,1.1308773,35.593243,0.27637666,791.44696,0.24058798,1339.543,0.14886743,-66.843994,-1.2671844,1847.3226,0.12623921,1206.8514,0.29183945,-78.316444,-0.9665289,2961.5662,0.085490435,1013.53973,0.27617523,-83.89176,-0.8567506,-17.881527,-0.5852671,33.113743,0.3045029,0.07215515,0.25511345,-0.015353902,-1.039641,0.16197178,0.86809206,33.37414,0.28464976,6.4858713,2.4558096,-8.8377285,-1.677614,-15.617702,-0.92740744,-6.339722,16.119076,0.051321935,0.013356726,0.058462024,3.9274926,2.7692308,0.24555555,0.3221839,0.12285714,0.091606975,-26.443937,11,2,90,SPEAKER_01,1894.3,1907.6,1895.26221875,1907.6,3,3.3265312500000164,disengaged
39.14256,0.10562133,36.384563,38.618965,40.942467,4.5579033,221.28036,351.7926,39.74083,24.044378,0.365723,0.8630973,0.07828373,0.24878179,0.64674926,0.56846553,6.4259872,3.8549438,3.8236835,2.5251346,0.13362032,1.0847869,21.581541,0.73925877,7.9645815,1.4180518,-9.529563,-1.3323796,-31.877798,-0.6165733,0.01574158,1.5283954,0.9002381,1.0271693,10.819517,0.37282872,6.027171,1.6940203,31.993626,0.28340724,795.11786,0.17339832,1309.825,0.16335756,-64.19278,-1.3552163,1891.9708,0.11012314,1121.5054,0.2607937,-77.74579,-0.94200593,2973.3977,0.05666877,815.62573,0.30671358,-79.70949,-0.90519035,-20.649351,-0.32813266,31.4376,0.28460732,0.07948215,0.23327257,-0.031496048,-0.4515895,0.1652407,0.849965,28.217287,0.35619396,7.744045,1.3432943,-11.2085905,-1.1293983,-39.56775,-0.4157241,-7.5402484,15.388403,0.058807965,0.0010757158,0.05783667,3.0456853,2.7350428,0.25187498,0.2151807,0.11461538,0.08015517,-26.412697,11,2,90,SPEAKER_02,1894.3,1907.6,1895.5153437500005,1902.9740937500003,4,5.923124999999345,disengaged
36.18296,0.107572556,34.48827,35.826283,37.845715,3.3574448,277.86963,344.79294,241.40175,380.63025,0.25667644,0.76360106,0.07819008,0.21218574,0.44081202,0.36262193,4.289962,2.5141623,3.0239305,1.7971383,0.10562775,1.0046846,20.31413,1.077877,8.810729,1.739039,-11.202012,-1.6439294,-9.383555,-1.7456833,0.028407339,2.0263042,1.2693413,0.6830503,7.5178695,0.5167633,11.457457,0.9580239,36.126156,0.28385752,742.29694,0.24756165,1392.5465,0.16062348,-82.12928,-1.1128243,1797.1691,0.13323157,1211.1149,0.26096845,-88.389114,-0.90989655,2938.02,0.077705055,1063.5732,0.2908521,-93.63867,-0.80899024,-17.149965,-0.70318854,32.749084,0.34134263,0.081326984,0.2290694,-0.015247047,-1.2477707,0.15356052,0.6841997,31.339306,0.4254381,9.226622,1.7526809,-10.445153,-1.8693869,-16.87726,-0.7731646,-2.2737093,13.283326,0.049383894,0.02098,0.021139473,3.991597,2.8541226,0.21518518,0.17852007,0.14,0.14478825,-31.55556,11,2,91,SPEAKER_01,1907.633333,1918.533333,1907.633333,1918.533333,4,9.53312500000061,engaged
35.05366,0.030131362,34.119614,35.214733,35.90851,1.7888947,26.904379,12.951361,14.698252,6.9418178,0.25599942,0.79234314,0.0948397,0.1903919,0.39870426,0.30386457,4.860366,2.0364704,2.9857054,1.3719723,0.10248258,0.9130336,22.810787,0.7377962,8.379465,2.254168,-13.619626,-1.277717,-4.4749484,-2.9598682,0.023098815,1.4237065,1.3295932,0.531873,6.9721785,0.421575,10.715853,1.0207477,34.28526,0.359899,754.70557,0.28351143,1403.5895,0.1756341,-71.885796,-1.2719234,1804.7922,0.12265815,1334.3772,0.27208877,-81.909874,-0.9702892,2926.644,0.08557042,1131.7797,0.30651948,-87.54036,-0.86057717,-14.083436,-1.0182159,32.28216,0.26609257,0.07549445,0.23462224,-0.0034009025,-5.4472837,0.13178006,0.73944694,27.537775,0.43113658,9.906563,2.101261,-12.837138,-1.414249,-7.2931714,-1.7579609,-6.748091,20.522835,0.06466662,0.009208303,0.050572366,4.651163,3.6144578,0.175,0.12379418,0.122499995,0.084372684,-33.245617,11,2,92,SPEAKER_01,1918.566667,1920.3,1918.566667,1920.3,1,1.7333329999999023,disengaged
36.702812,0.088696145,34.616455,36.448544,38.530403,3.913948,80.72547,62.386047,-4.4352274,17.354357,0.2552423,0.7212919,0.08580576,0.2215128,0.39275414,0.30694836,4.3079486,2.029351,3.3818898,1.5153505,0.11461694,0.84724003,24.800783,0.812703,14.537025,0.9173752,-2.9321725,-5.1821103,-9.661007,-1.4307766,0.0190057,1.1227276,1.3054878,0.74468774,9.311994,0.3998963,10.755462,1.0643044,36.957214,0.31546277,765.3517,0.25062343,1388.5315,0.17409624,-69.13127,-1.1477394,1848.1027,0.1320568,1207.8873,0.20988567,-77.72136,-0.89202106,2977.2576,0.078600235,1098.0967,0.32954043,-83.418144,-0.78681654,-21.85331,-0.5144502,35.44452,0.33650935,0.06902695,0.31865257,-0.018073749,-0.88350034,0.14405978,0.6470083,32.036144,0.40166882,14.533595,0.89282906,-3.4355452,-4.5364757,-14.597315,-0.80993205,-7.415492,15.926481,0.044275507,0.0134275695,0.03324495,4.7832584,3.0120482,0.23149998,0.16347095,0.0765,0.066277824,-29.789894,11,2,93,SPEAKER_01,1920.333333,2152.366667,1920.333333,1931.5097187500005,5,6.704510750000736,engaged
37.37471,0.08545836,35.95225,37.311768,38.932335,2.9800835,196.83896,362.61185,62.145428,104.696785,0.2751579,0.8678003,0.048382446,0.21432826,0.47981563,0.4314332,5.4188004,3.1429474,3.4186716,2.2630517,0.10214932,1.1670986,20.71623,0.922738,12.519351,0.9257698,-2.8102489,-5.2799344,-19.113644,-0.9997,0.020627752,2.2168095,1.0616655,0.94757485,10.2729225,0.37020534,12.175722,0.9740591,35.49209,0.26765838,727.7104,0.2401124,1382.873,0.16800375,-88.70205,-1.0262225,1840.2712,0.1246972,1159.9045,0.27821746,-94.985176,-0.8379621,2941.6577,0.073119186,946.13434,0.3630655,-97.89004,-0.7895278,-21.468323,-0.38665482,33.247974,0.27460593,0.07979611,0.2702419,-0.028872272,-0.49112213,0.14323369,0.8783654,30.13038,0.35493794,12.449848,0.98677635,-3.691054,-4.4614496,-27.708605,-0.5981863,-7.5547366,16.551056,0.048245866,0.005904725,0.03496523,3.1030927,2.3313391,0.25637168,0.25507435,0.16857143,0.18470432,-29.097717,11,2,93,SPEAKER_02,1920.333333,2152.366667,1929.23159375,2152.366667,59,97.01132325000299,engaged
29.474474,0.061865274,28.1995,29.21022,30.295073,2.0955734,92.79406,125.37448,17.016115,9.019047,0.1595783,0.83118474,0.026534611,0.13496494,0.25677317,0.23023856,3.4481776,1.9153378,2.021021,1.2244517,0.049231965,1.1245162,22.929413,0.80133736,17.919565,0.5265754,11.984344,1.2068563,-6.2045283,-2.3848023,0.014874076,0.9086446,1.3733586,0.8356366,7.0081587,0.3689523,-3.9719505,-2.0531158,28.823442,0.2719968,576.9964,0.28678173,1385.1901,0.12859514,-80.41049,-1.1325527,1682.4144,0.15185429,1186.0566,0.2724422,-93.33561,-0.85034555,2761.17,0.08760551,1025.769,0.36573187,-96.1339,-0.80229455,-21.648912,-0.33140537,31.12384,0.2870498,0.047723405,0.45372608,-0.02783362,-0.5425062,0.07215939,0.8065999,32.75637,0.33597633,20.140322,0.38746977,12.768695,1.3000032,-13.108132,-0.8894865,-8.917389,17.999002,0.02251219,0.012825916,0.011688567,3.7096775,2.4390244,0.24733333,0.1446129,0.13312499,0.13918148,-36.204796,11,2,93,SPEAKER_05,1920.333333,2152.366667,1941.53346875,1951.54034375,4,6.209999999998672,engaged
36.78212,0.09391196,34.466904,36.568626,38.948597,4.4816933,57.216675,69.67848,36.496937,28.786417,0.2800076,0.85331917,0.06723711,0.22517085,0.47669017,0.40945306,4.987168,2.536052,2.972287,1.8249538,0.09891797,0.9935757,23.085833,0.78392935,13.682666,0.7689149,1.6060334,9.141468,-16.328129,-0.9648884,0.019524354,1.3619229,1.1278375,0.93925935,10.031135,0.3361146,7.826345,1.4707574,32.597275,0.3230303,724.26855,0.25261682,1359.2864,0.17217983,-78.788536,-1.0908912,1847.1289,0.129997,1088.5846,0.31725654,-87.44013,-0.8659748,2905.3223,0.08316809,982.1455,0.3133811,-90.793785,-0.80554795,-21.593079,-0.37365928,32.7904,0.28798312,0.07023796,0.25290477,-0.026981194,-0.5296991,0.1318354,0.7424126,30.67886,0.34505776,14.057683,0.7689093,2.0256448,7.820156,-20.1318,-0.71603876,-7.9426775,16.34944,0.054462377,0.0009817114,0.03262649,3.254973,2.7223232,0.23622222,0.20765662,0.11488371,0.14618196,-29.430147,11,2,93,SPEAKER_03,1920.333333,2152.366667,1956.51846875,2149.02846875,24,16.60499999999911,engaged
39.028225,0.10043462,35.885086,39.335426,41.966026,6.0809402,183.52916,378.0384,31.376007,29.099716,0.13904256,0.95772696,0.011634301,0.10367867,0.25554553,0.24391122,2.7076173,1.7595751,1.4934111,1.19476,0.029218037,1.3953345,16.029898,1.2574755,8.483147,1.0733113,-5.9958906,-2.050389,-18.356787,-1.122414,0.014959979,1.9112706,0.9438754,1.129001,11.693044,0.34236732,10.686199,1.3426331,35.020737,0.30000407,741.989,0.19025554,1288.5236,0.15883055,-99.52057,-0.9420884,1850.1412,0.114800744,1096.3301,0.25494355,-105.55773,-0.77161044,2934.7002,0.07084553,847.6332,0.35747787,-108.27161,-0.72961986,-20.359604,-0.48590773,31.693197,0.30642065,0.06421115,0.30703536,-0.026401982,-0.7432507,0.046259545,1.0111692,28.290972,0.3960095,7.8656845,1.1899382,-9.466729,-1.4058489,-31.121857,-0.5560671,-4.5207872,13.592378,0.03916983,0.01788413,0.0076785595,2.7746947,2.1146355,0.2544737,0.16649161,0.19205128,0.15385939,-37.71703,11,2,93,SPEAKER_04,1920.333333,2152.366667,2015.41221875,2146.91909375,12,18.0393749999987,engaged
38.92949,0.101061806,35.96032,39.417286,41.633816,5.6734962,88.570625,105.08205,60.994453,89.79524,0.23767744,0.92880625,0.05506456,0.17399469,0.390151,0.33508644,5.0515757,3.4204311,3.1596305,2.9204125,0.09563161,1.2149324,22.502956,0.74827534,9.245487,1.2792282,-5.76448,-2.6454527,-15.43163,-1.2798662,0.031721707,1.8418534,1.3221917,0.8694326,9.744621,0.38757542,10.020115,0.9354206,34.740093,0.26992413,777.9259,0.19819523,1304.6769,0.1613473,-76.85996,-1.1024443,1865.152,0.10647676,1072.2196,0.26428926,-83.3405,-0.8857447,2958.6646,0.06853799,956.49054,0.30762175,-88.35522,-0.7977701,-20.17245,-0.42864516,32.406788,0.29269665,0.06336042,0.35354,-0.023983046,-0.794009,0.12512997,1.0033077,29.180235,0.39009136,7.653565,1.5434971,-7.340277,-2.1983643,-22.766264,-0.78687733,-9.954546,20.118313,0.043343298,0.008286785,0.031882968,3.514377,3.542673,0.1840909,0.15355363,0.08399999,0.082909584,-31.140768,11,2,94,SPEAKER_02,2152.4,2167.133333,2152.4,2167.133333,3,6.2789580000007845,disengaged
37.082306,0.09084334,35.733612,37.279938,38.817173,3.083561,223.23483,439.7774,77.963486,140.02132,0.24138385,1.0392296,0.010579574,0.16184305,0.44077206,0.43019247,5.34819,3.607724,2.729867,1.8755771,0.08445848,1.3128088,19.60213,0.92286086,10.097239,1.2241733,-3.6808236,-3.8069282,-16.328026,-1.1936665,0.024136186,2.6049988,1.0214701,1.0234374,10.203663,0.37912443,10.7326765,1.1042126,35.94941,0.260822,739.35834,0.23545279,1387.4026,0.1692446,-103.06876,-0.9089443,1836.1134,0.12284702,1177.67,0.27116254,-108.2343,-0.76827306,2942.9324,0.071518086,956.415,0.31170553,-111.26759,-0.721072,-21.225002,-0.42733786,33.14279,0.27730986,0.07900436,0.26629195,-0.027686827,-0.59380245,0.13395625,0.89908004,30.454327,0.32353097,10.987708,1.2805259,-5.7900543,-2.6924002,-27.60281,-0.62607336,-7.645017,17.184666,0.044275496,0.011321127,0.026780872,2.3799222,2.036395,0.25468084,0.23680812,0.23488373,0.2819729,-30.046856,11,2,95,SPEAKER_02,2167.166667,2267.433333,2167.166667,2246.97096875,19,46.23992674999863,engaged
35.625435,0.025392,34.812172,35.83473,36.311237,1.4990654,22.390308,15.120003,17.883764,11.120546,0.1883204,1.0417298,0.013740134,0.12113649,0.36016232,0.3464222,4.1823807,2.6567128,1.8460622,1.6535249,0.06634151,1.1570517,24.38073,0.6788771,17.0144,0.6263142,4.723524,2.998201,-7.8854003,-1.6816561,0.013774854,1.0746969,1.2962325,1.0003456,10.682107,0.27807006,5.7690907,1.6918694,36.389626,0.18623468,740.38727,0.23109818,1393.1799,0.14616223,-102.746,-0.85335064,1835.0046,0.11939579,1140.6747,0.22968808,-110.37227,-0.7092931,2962.1155,0.07741583,1017.15533,0.37288535,-114.80272,-0.64370376,-25.237707,-0.34230262,37.42709,0.23731947,0.06681371,0.31898564,-0.023448557,-0.6464306,0.10455537,0.7103393,35.49773,0.21841846,18.845486,0.5647645,2.2154346,7.4165707,-13.001676,-0.9280003,-12.315,21.201082,0.044062376,0.010284399,0.022538926,3.2490976,2.5830257,0.19857143,0.08659075,0.19166666,0.22199224,-32.6717,11,2,95,SPEAKER_03,2167.166667,2267.433333,2172.85596875,2176.8047187500006,2,2.7843750000010914,engaged
36.396828,0.08989205,34.77868,36.3998,38.628082,3.8494034,166.39877,129.03049,99.54523,222.91876,0.26152435,0.73872364,0.071628414,0.24777943,0.42933962,0.3577112,3.9545763,2.3589952,2.869755,1.4309546,0.107646376,0.95857865,21.948362,0.9114371,11.842278,1.1201289,-3.583751,-4.303179,-16.454573,-1.039107,0.022727218,1.9560533,1.1989189,0.7781431,9.088511,0.4308057,10.660286,1.2452538,35.493313,0.31223184,766.9651,0.22613803,1354.8075,0.16295302,-79.21991,-1.1235887,1874.1475,0.11920408,1127.515,0.30159315,-87.723145,-0.88215727,2966.0225,0.0741953,984.72675,0.30466506,-91.165924,-0.8181738,-21.075027,-0.45093566,32.170044,0.31155497,0.07551264,0.26170322,-0.026133377,-0.6219542,0.14622302,0.6817624,31.104507,0.3689631,12.618889,1.0763274,-3.6842108,-4.6238546,-23.181412,-0.6316668,-5.865054,14.313717,0.0518429,0.0106893955,0.03236896,3.606311,2.790347,0.2254054,0.19185571,0.12781249,0.13197382,-30.132647,11,2,95,SPEAKER_01,2167.166667,2267.433333,2248.32096875,2267.433333,9,13.324239250000119,engaged
36.35798,0.07335211,34.23075,36.277676,38.288055,4.0573044,130.44867,124.30455,54.46783,53.407616,0.21658522,0.77259326,0.06405966,0.19303799,0.3222942,0.25823456,3.146116,1.6592716,1.986849,0.69713193,0.09756195,0.903703,24.369349,0.8350885,13.283486,1.0932782,-7.818727,-2.027526,-10.866316,-1.5123951,0.03069623,1.0411167,1.3300618,0.60931885,7.9052105,0.4456364,10.950501,1.0629581,38.23039,0.2808678,803.29095,0.22240292,1378.0447,0.19400126,-87.74378,-1.0016135,1885.4994,0.13250913,1186.5615,0.23365596,-95.18038,-0.8278655,3016.6882,0.07923663,1066.8226,0.33213192,-100.22874,-0.74220467,-20.972832,-0.5315404,36.248634,0.2577748,0.07236182,0.23164879,-0.020407684,-0.84697133,0.13047145,0.6295018,33.65894,0.31883934,14.6028,1.0573691,-7.9646034,-2.0676475,-17.004362,-0.85981584,-8.5970545,19.514584,0.048471693,0.010523544,0.047463425,2.5404158,2.5700936,0.23454545,0.15023397,0.13454545,0.15143938,-32.383465,11,2,97,SPEAKER_01,2268.233333,2279.7,2268.233333,2279.7,4,4.345416999999543,engaged
38.53407,0.026247,37.935486,38.205734,39.3841,1.448616,34.50435,40.58459,11.944795,10.784019,0.28388563,0.573376,0.11386386,0.2687366,0.45244184,0.338578,3.2106075,2.4048126,2.516245,0.87220776,0.064735115,0.7987833,20.795544,0.7213741,17.016417,0.69341606,-3.0264351,-4.4864035,-37.527588,-0.5427739,0.010353287,1.1380876,0.76267105,1.2250863,11.453783,0.30685422,6.6405344,1.1709672,31.525957,0.34373042,767.46826,0.14766836,1256.3687,0.17058177,-47.112293,-1.5808069,1950.3995,0.107601196,1020.57837,0.2279373,-67.47654,-0.9085892,2989.279,0.052704014,715.1449,0.3617412,-65.3352,-0.9548052,-20.495375,-0.3258491,27.729847,0.35176194,0.07657979,0.19724047,-0.039401352,-0.27061847,0.076154456,0.6513004,26.15888,0.3807846,17.180813,0.6914768,-4.222996,-2.872528,-44.37355,-0.37039515,-5.771084,13.580523,0.058892123,0.00027711297,0.018275546,3.6649215,2.1621623,0.36499998,0.145,0.099999994,0.070710674,-32.86069,11,2,97,SPEAKER_02,2268.233333,2279.7,2271.69284375,2273.61659375,1,1.9237499999999272,engaged
35.98533,0.025697127,35.339996,35.743694,36.6103,1.2703018,12.921947,9.684061,15.057899,3.4921398,0.19653033,0.84675944,0.037988167,0.17085595,0.30660087,0.2686127,4.038536,2.3520837,1.5611116,1.225538,0.076773144,1.0091794,16.301939,1.2337923,10.197314,1.549159,-11.702792,-1.0868174,-4.0898557,-3.0337734,0.019714562,0.9476282,1.3172249,0.61162764,7.4077387,0.385435,13.027802,1.0251814,34.785156,0.40550694,711.1036,0.31918505,1353.0903,0.13240762,-107.197266,-0.86729825,1751.1973,0.14629391,1191.0969,0.1310371,-109.96927,-0.75637597,2896.4583,0.09889026,1108.713,0.21110483,-115.202644,-0.67468727,-13.890666,-0.8764751,31.235092,0.25733206,0.0756148,0.3141511,-0.009480761,-2.2143114,0.12884395,0.5715503,29.067558,0.4097082,5.754097,3.2757514,-15.058259,-0.86486024,-10.270328,-1.2400429,-5.1283817,15.060149,0.040981777,0.022436598,0.017199472,4.1322317,4.347826,0.108,0.05418487,0.102,0.08399999,-34.834003,11,2,98,SPEAKER_01,2279.733333,2281.5,2279.733333,2281.5,2,1.2266669999999067,disengaged
35.453003,0.087265335,33.384693,36.13129,37.64969,4.2649956,146.24446,171.05304,53.46468,60.89865,0.281259,0.67547244,0.11304045,0.2419439,0.43308264,0.3200422,4.1839266,2.665568,3.0580103,1.557042,0.12483294,0.8464831,32.13829,0.39160767,12.72781,1.0130166,-5.1071486,-3.1067944,-14.657545,-0.96724075,0.02464062,1.5435934,1.1910973,0.66807175,8.3488245,0.39267054,7.795806,1.670033,37.30744,0.25138155,718.7495,0.2537042,1393.9553,0.13906221,-56.33692,-1.3889226,1808.4739,0.1372906,1188.5552,0.2151697,-69.08411,-0.974499,2922.8884,0.08295902,1042.6112,0.21997796,-74.89384,-0.85395336,-21.713625,-0.44364333,35.030254,0.263505,0.07595756,0.25521067,-0.022482336,-0.6408444,0.13884984,0.69425946,35.536285,0.25810447,11.679942,1.0953635,-4.7493067,-3.2197893,-18.735062,-0.6381065,-17.533829,28.83237,0.06408834,-0.004186224,0.08764603,3.896104,2.631579,0.28399998,0.1873606,0.076,0.06264184,-29.603308,11,2,99,SPEAKER_01,2281.533333,2289.633333,2281.533333,2288.39909375,3,3.8620107500000813,engaged
36.448147,0.08687042,34.618423,36.448772,38.6303,4.011875,152.29086,155.27454,38.12418,36.59184,0.2888733,0.7065966,0.10080464,0.2524656,0.45929784,0.3584932,4.5203567,2.2603796,3.0731223,1.6176071,0.121519044,0.8516215,27.449245,0.5937018,11.8513775,1.2996875,-6.5328445,-2.4282916,-16.935787,-0.91985995,0.023249945,2.2317774,1.1776679,0.77069515,8.829962,0.42027992,11.791737,0.9580055,36.81609,0.28734422,750.827,0.23788244,1369.1394,0.15390252,-64.84352,-1.2936339,1858.9272,0.1252209,1157.5947,0.27342233,-75.056984,-0.9647195,2949.9626,0.0762121,1029.9884,0.27664742,-79.58303,-0.8718261,-20.244003,-0.5062584,33.19307,0.2972263,0.08244886,0.22958119,-0.022499189,-0.7601854,0.14822038,0.68872136,32.64781,0.29686305,10.535104,1.4788254,-7.313082,-2.275812,-21.469076,-0.6377759,-12.349201,21.15755,0.062797755,-2.3488781e-05,0.050598063,3.5059505,2.8037384,0.2508046,0.21262574,0.096052624,0.069302514,-29.883617,11,2,100,SPEAKER_01,2289.666667,2405.8,2289.7322187500004,2375.8115937500006,18,31.10062499999958,disengaged
29.745104,0.089286394,27.442703,29.134789,32.095314,4.652611,103.23606,156.56216,30.359575,24.264137,0.16279078,0.824306,0.04628012,0.14106487,0.24739891,0.2011188,3.3076837,2.1484246,2.038432,1.3044249,0.049955755,1.1572348,23.466957,0.9014192,15.480909,0.7362465,6.7568574,2.0995007,-1.3508943,-9.259854,0.021910468,1.4157094,1.4244517,0.8436072,6.915732,0.36346596,2.5740366,2.5929108,36.57176,0.20282656,554.8204,0.33859494,1399.8704,0.14767532,-77.61412,-1.1614399,1629.0657,0.14963661,1115.9404,0.262178,-87.305405,-0.9294079,2772.4285,0.08824226,1097.5221,0.29479516,-94.76243,-0.7966357,-20.135935,-0.38259673,32.570076,0.26385635,0.05587187,0.40458953,-0.012738552,-1.2742451,0.06797007,0.9028207,34.722427,0.2984069,17.398987,0.6629627,7.0985327,2.2168524,-2.4362335,-5.778021,-4.2130184,12.168351,0.042698506,0.014645926,0.018368969,3.6823938,2.4305558,0.2547619,0.19370127,0.14947368,0.11085665,-36.293133,11,2,100,SPEAKER_05,2289.666667,2405.8,2327.5322187500005,2405.5790937500005,10,8.707500000000891,disengaged
38.673717,0.06207225,36.975166,38.44588,40.490753,3.5155869,137.06299,277.3414,29.838058,53.840797,0.35331407,0.81972736,0.075932235,0.29906753,0.60883707,0.53290486,4.755784,2.4887128,2.6573935,1.4621552,0.09478873,1.1050904,18.402437,0.7487703,6.020469,2.2837222,-9.279002,-1.621448,-32.772026,-0.6296999,0.014067168,1.5093123,0.8780729,0.95640105,10.769492,0.35535955,4.655262,2.1845477,29.572859,0.3193018,797.8313,0.18198882,1291.0352,0.18181454,-62.830326,-1.4060413,1902.5205,0.11893754,1010.6276,0.3148644,-72.53365,-1.0635358,2957.6104,0.06794611,819.8243,0.4412918,-75.47635,-0.995055,-16.840326,-0.49047086,27.076796,0.31158656,0.07713908,0.22245769,-0.03320576,-0.48845148,0.120247714,0.8764924,22.567793,0.43476668,4.567027,3.0759337,-11.314546,-1.3384738,-39.916508,-0.44185463,-8.336814,16.76477,0.05631825,-0.002623195,0.030512666,2.5150356,2.1929824,0.3175,0.23628107,0.12567568,0.09494068,-29.455935,11,2,100,SPEAKER_02,2289.666667,2405.8,2334.8728437500004,2385.22784375,9,18.309375000000273,disengaged
