,precision,recall,f1-score,support
disengaged,0.7777777777777778,0.5833333333333334,0.6666666666666666,12.0
engaged,0.8,0.9090909090909091,0.851063829787234,22.0
accuracy,0.7941176470588235,0.7941176470588235,0.7941176470588235,0.7941176470588235
macro avg,0.788888888888889,0.7462121212121212,0.7588652482269503,34.0
weighted avg,0.7921568627450981,0.7941176470588235,0.785982478097622,34.0
