Accuracy,Precision,Recall,F1 Score
0.7352941176470589,0.782608695652174,0.8181818181818182,0.8
