Accuracy,Precision,Recall,F1 Score
0.6976744186046512,0.7027027027027027,0.9285714285714286,0.8
