Accuracy,Precision,Recall,F1 Score
0.7941176470588235,0.8,0.9090909090909091,0.851063829787234
