F0semitoneFrom27.5Hz_sma3nz_amean,F0semitoneFrom27.5Hz_sma3nz_stddevNorm,F0semitoneFrom27.5Hz_sma3nz_percentile20.0,F0semitoneFrom27.5Hz_sma3nz_percentile50.0,F0semitoneFrom27.5Hz_sma3nz_percentile80.0,F0semitoneFrom27.5Hz_sma3nz_pctlrange0-2,F0semitoneFrom27.5Hz_sma3nz_meanRisingSlope,F0semitoneFrom27.5Hz_sma3nz_stddevRisingSlope,F0semitoneFrom27.5Hz_sma3nz_meanFallingSlope,F0semitoneFrom27.5Hz_sma3nz_stddevFallingSlope,loudness_sma3_amean,loudness_sma3_stddevNorm,loudness_sma3_percentile20.0,loudness_sma3_percentile50.0,loudness_sma3_percentile80.0,loudness_sma3_pctlrange0-2,loudness_sma3_meanRisingSlope,loudness_sma3_stddevRisingSlope,loudness_sma3_meanFallingSlope,loudness_sma3_stddevFallingSlope,spectralFlux_sma3_amean,spectralFlux_sma3_stddevNorm,mfcc1_sma3_amean,mfcc1_sma3_stddevNorm,mfcc2_sma3_amean,mfcc2_sma3_stddevNorm,mfcc3_sma3_amean,mfcc3_sma3_stddevNorm,mfcc4_sma3_amean,mfcc4_sma3_stddevNorm,jitterLocal_sma3nz_amean,jitterLocal_sma3nz_stddevNorm,shimmerLocaldB_sma3nz_amean,shimmerLocaldB_sma3nz_stddevNorm,HNRdBACF_sma3nz_amean,HNRdBACF_sma3nz_stddevNorm,logRelF0-H1-H2_sma3nz_amean,logRelF0-H1-H2_sma3nz_stddevNorm,logRelF0-H1-A3_sma3nz_amean,logRelF0-H1-A3_sma3nz_stddevNorm,F1frequency_sma3nz_amean,F1frequency_sma3nz_stddevNorm,F1bandwidth_sma3nz_amean,F1bandwidth_sma3nz_stddevNorm,F1amplitudeLogRelF0_sma3nz_amean,F1amplitudeLogRelF0_sma3nz_stddevNorm,F2frequency_sma3nz_amean,F2frequency_sma3nz_stddevNorm,F2bandwidth_sma3nz_amean,F2bandwidth_sma3nz_stddevNorm,F2amplitudeLogRelF0_sma3nz_amean,F2amplitudeLogRelF0_sma3nz_stddevNorm,F3frequency_sma3nz_amean,F3frequency_sma3nz_stddevNorm,F3bandwidth_sma3nz_amean,F3bandwidth_sma3nz_stddevNorm,F3amplitudeLogRelF0_sma3nz_amean,F3amplitudeLogRelF0_sma3nz_stddevNorm,alphaRatioV_sma3nz_amean,alphaRatioV_sma3nz_stddevNorm,hammarbergIndexV_sma3nz_amean,hammarbergIndexV_sma3nz_stddevNorm,slopeV0-500_sma3nz_amean,slopeV0-500_sma3nz_stddevNorm,slopeV500-1500_sma3nz_amean,slopeV500-1500_sma3nz_stddevNorm,spectralFluxV_sma3nz_amean,spectralFluxV_sma3nz_stddevNorm,mfcc1V_sma3nz_amean,mfcc1V_sma3nz_stddevNorm,mfcc2V_sma3nz_amean,mfcc2V_sma3nz_stddevNorm,mfcc3V_sma3nz_amean,mfcc3V_sma3nz_stddevNorm,mfcc4V_sma3nz_amean,mfcc4V_sma3nz_stddevNorm,alphaRatioUV_sma3nz_amean,hammarbergIndexUV_sma3nz_amean,slopeUV0-500_sma3nz_amean,slopeUV500-1500_sma3nz_amean,spectralFluxUV_sma3nz_amean,loudnessPeaksPerSec,VoicedSegmentsPerSec,MeanVoicedSegmentLengthSec,StddevVoicedSegmentLengthSec,MeanUnvoicedSegmentLength,StddevUnvoicedSegmentLength,equivalentSoundLevel_dBp,participant,session,engagement_id,speaker,engagement_start_time,engagement_end_time,speaker_start_time,speaker_end_time,num_segments,speech_duration,merged_duration,label
38.934265,0.11463979,35.730247,38.14164,42.62891,6.8986626,104.66055,155.02538,54.25382,79.604416,0.50904995,0.52228856,0.29742113,0.45673376,0.68679285,0.38937172,5.4072366,3.2358341,4.1606092,3.8125317,0.21301642,0.91686213,24.64302,0.36960876,3.6494145,2.4922338,-10.607375,-1.2454051,-17.833006,-0.8767085,0.019852214,1.4467394,1.0486112,0.65972316,9.043452,0.43359736,9.994154,0.99677205,29.086296,0.3591292,780.6838,0.20082562,1351.8779,0.17545663,-75.56895,-1.159673,1819.8868,0.12839599,1109.8059,0.2996016,-81.78943,-0.94852954,2891.0903,0.07492364,884.6536,0.32969105,-85.96554,-0.866628,-15.900191,-0.48622832,28.854422,0.24302907,0.053895738,0.3739508,-0.023717891,-0.60728633,0.25352675,0.75392985,27.421114,0.26842058,4.5545974,2.1085553,-9.995069,-1.4598147,-23.727396,-0.60920984,-8.840817,20.129244,0.030928968,-0.007772526,0.13200657,2.8236916,2.9737206,0.21860465,0.23117073,0.10475,0.085117206,-25.346909,11,15,0,SPEAKER_00,0.0,27.833333,0.92534375,27.833333,9,14.538614250000004,14.538625,disengaged
34.714428,0.09340182,34.290825,35.16895,35.90072,1.6098938,418.2679,507.74377,68.215965,63.853664,0.42268854,0.46483868,0.24451602,0.3831223,0.6316156,0.38709956,5.0013566,2.628492,2.8195837,1.2389197,0.16139263,0.78549176,25.63124,0.2956551,4.636088,2.408912,-10.605325,-1.166648,-9.129745,-1.125792,0.020080479,1.4780142,1.1824453,0.43654343,6.753957,0.5166926,8.53653,1.1692375,31.74248,0.27266863,796.0104,0.20862158,1390.4432,0.13381776,-94.12065,-0.9834422,1808.3832,0.11556383,1170.8575,0.24681748,-98.29898,-0.86384577,2948.1252,0.073051564,902.0695,0.30577183,-103.51805,-0.77482617,-13.148113,-0.6691695,27.770878,0.23225927,0.048359968,0.3571911,-0.015838336,-0.9153999,0.1935375,0.59245294,28.774008,0.21052055,5.7928762,2.1214957,-12.002719,-1.118147,-13.796936,-0.6340608,-9.305685,22.133816,0.022158552,-0.0043567615,0.1169397,3.8567495,3.6619718,0.14384614,0.10845335,0.12727273,0.09649219,-28.807486,11,15,1,SPEAKER_00,27.866667,31.833333,27.866667,31.833333,2,3.6460410000000003,3.6460625,engaged
37.03369,0.03318099,36.12528,36.874966,37.89079,1.7655106,78.59484,121.786606,17.00743,9.7592945,0.422567,0.47962043,0.23579594,0.37214765,0.6321053,0.39630935,4.9030833,2.992298,3.0316927,1.6522148,0.18880016,0.81662095,25.504648,0.3366241,6.966509,1.2526237,-10.212276,-1.0543964,-14.918207,-0.8595286,0.020929255,0.89116997,1.2174555,0.5599048,7.4188037,0.41897395,2.7346861,4.048624,27.614883,0.27288648,788.18994,0.17560597,1344.0746,0.1423542,-81.52325,-1.1029998,1809.4177,0.11834222,1096.6901,0.26043832,-87.215294,-0.92340285,2919.5928,0.073623665,873.21545,0.3168094,-92.18127,-0.83374196,-17.11526,-0.39577085,28.486109,0.24803492,0.054283496,0.35119078,-0.025986906,-0.50550544,0.24893135,0.6459673,28.187016,0.21576728,7.2843986,1.3134975,-10.305051,-1.1698081,-18.965734,-0.6497871,-11.149486,21.207018,0.034877114,-0.012919482,0.07919566,4.1522493,2.8169014,0.21875,0.11439378,0.11625,0.07227335,-27.257404,11,15,2,SPEAKER_00,31.866667,35.9,31.866667,35.9,3,2.902707999999997,2.90275,disengaged
41.02085,0.113292046,37.285385,40.619225,44.883106,7.597721,84.54327,102.653046,75.943886,168.2336,0.686532,0.7955985,0.25760692,0.5028,1.0475374,0.7899305,10.80629,8.015194,5.189229,2.92092,0.34326005,1.1424919,22.323992,0.45069477,0.7703255,16.629675,-17.061386,-0.9716034,-24.064579,-0.6646085,0.02511889,1.8903728,1.0994788,0.7156991,9.236634,0.40934512,6.513149,1.448455,30.76802,0.40655914,814.624,0.1801895,1304.3859,0.17411378,-75.83807,-1.2157801,1820.4211,0.107233845,1119.2455,0.31852597,-81.98273,-1.0009834,2925.5586,0.06992852,817.6656,0.34177867,-88.20355,-0.8776545,-13.564142,-0.5641625,27.43399,0.2593907,0.05953081,0.36695194,-0.025448168,-0.6963761,0.41515937,0.9722571,24.506966,0.3557723,-1.0396903,-13.470856,-20.62567,-0.8493205,-27.861767,-0.5433229,-9.653029,19.884037,0.039563645,-0.01607383,0.21391265,2.3593469,2.4271846,0.26225,0.18787612,0.13945946,0.10603279,-21.254625,11,15,3,SPEAKER_00,35.933333,89.033333,35.933333,87.00471875000001,9,16.545135750000007,16.545125,engaged
33.2919,0.15703864,29.469656,30.64272,36.010437,6.540781,60.820873,8.427063,19.3277,14.34547,0.34851435,0.8351694,0.13247368,0.28521857,0.4638528,0.33137912,8.239422,11.273342,1.7419399,1.4363862,0.16291387,1.5841831,25.82728,0.44618165,13.283361,0.82680464,-4.200092,-3.4357295,-16.57718,-1.0504069,0.016535867,0.8232737,1.4779378,0.72635585,7.292609,0.40662718,5.6591334,1.4640883,32.22992,0.28805023,771.85767,0.19596826,1411.1371,0.1409031,-101.74185,-0.9186424,1892.7463,0.09595703,1205.9296,0.24487005,-111.780624,-0.74734396,2941.8247,0.059131168,975.41626,0.39232132,-113.047516,-0.7268927,-21.156927,-0.3772365,32.29293,0.2132594,0.05327419,0.3731516,-0.031812616,-0.42577007,0.2562991,1.2834164,33.060883,0.25496134,14.454005,0.8613172,-2.2451231,-7.7119613,-21.433228,-0.88277054,-13.036667,21.847996,0.021916244,-0.01709844,0.06672318,1.984127,2.0242915,0.24599999,0.12908912,0.18833333,0.17101818,-25.642431,11,15,3,SPEAKER_01,35.933333,89.033333,54.19971875,69.97784375,3,2.53125,2.53125,engaged
39.416157,0.08524079,36.614838,39.472,42.235992,5.621155,51.234997,43.04821,143.77406,160.7307,0.54728425,0.61968374,0.21550152,0.49813813,0.80385005,0.5883485,4.716664,1.7988139,3.4248416,2.0266616,0.22317937,0.9668969,25.994293,0.31880152,2.1283832,4.9549975,-13.491283,-1.0292383,-24.963083,-0.61432683,0.025733942,2.9318244,0.88245934,0.8440907,10.093208,0.39447075,2.8684723,3.3575685,31.456886,0.20587194,829.08514,0.16035298,1267.909,0.18949725,-77.12176,-1.1928873,1895.5135,0.11471265,1112.6683,0.3066945,-85.68487,-0.946295,2989.2463,0.0702955,879.9431,0.3053869,-91.04528,-0.84497833,-15.860225,-0.48736483,31.3593,0.21411297,0.05647128,0.319366,-0.030126126,-0.5659886,0.2879666,0.7655402,28.994408,0.22373292,2.218276,5.3430877,-17.482006,-0.8507465,-30.02415,-0.44330478,-8.388511,20.958712,0.022714462,-0.016107306,0.1042879,3.025478,1.76565,0.3618182,0.26256835,0.16833334,0.11119302,-24.485836,11,15,4,SPEAKER_00,89.066667,99.833333,91.08846875,99.833333,4,6.2979892500000005,6.298,disengaged
36.400597,0.1428683,35.411995,37.877396,40.026066,4.614071,160.82373,171.05736,95.417595,148.74506,0.43317518,0.7909843,0.14578342,0.29463246,0.73639727,0.59061384,3.8419113,2.4793184,3.164107,2.8210387,0.13786305,1.1332613,25.233248,0.39476168,6.8922157,1.4576591,-9.605944,-1.1360033,-19.255213,-0.80663353,0.0221957,2.0492678,1.0253054,0.70148253,8.806791,0.4294056,2.7401855,3.3240287,30.512543,0.6787049,783.98395,0.16459772,1292.3794,0.15069962,-85.57984,-1.1197978,1868.7432,0.109743476,1097.7108,0.24979573,-94.69679,-0.8925891,2962.7717,0.06558339,881.0788,0.38332728,-99.0637,-0.817244,-18.409105,-0.35258818,30.058435,0.22017372,0.050746895,0.506764,-0.030921116,-0.47153446,0.18520375,0.91827965,30.19564,0.22060917,7.3786364,1.5440099,-12.805405,-0.8745615,-27.560524,-0.45462552,-9.750864,19.550734,0.021888258,-0.0060171555,0.07246305,1.9448947,1.8003274,0.32454544,0.14760904,0.2109091,0.23948637,-26.354023,11,15,5,SPEAKER_00,99.866667,117.066667,99.866667,108.04784375,2,6.189926749999984,6.1899375,engaged
30.360771,0.16434294,26.471848,29.300999,31.741491,5.269644,44.405697,33.160168,80.48067,32.51324,0.12750234,0.3565276,0.08955425,0.12206563,0.14628291,0.05672866,1.7470119,2.2079616,0.8912132,0.49930072,0.029354665,0.81602836,25.193684,0.25370976,10.489779,0.8097172,-5.846478,-1.7723739,-18.035856,-0.58523285,0.031216228,1.6834364,1.1496335,0.5471008,3.772863,0.7570316,7.293731,1.0978655,32.622566,0.22379175,810.3674,0.22885484,1315.2844,0.21449964,-138.48227,-0.64587903,1875.2649,0.1715193,1136.7151,0.35026768,-143.07843,-0.5740579,2965.6025,0.10060281,1017.57745,0.30142874,-145.20638,-0.54385215,-13.519036,-0.37178215,29.340498,0.15969744,0.03297667,0.35358927,-0.02619103,-0.48271176,0.029368928,0.56593466,29.576914,0.1381094,10.346256,0.7209525,-6.990792,-1.8674457,-21.952572,-0.4449895,-11.721751,22.238352,0.0250623,-0.018636817,0.029712247,3.9473684,2.6755853,0.105,0.081086375,0.22,0.19487888,-46.944775,11,15,5,SPEAKER_02,99.866667,117.066667,111.10221875,116.83971875,2,3.054374999999993,3.054375,engaged
37.088593,0.09555393,34.677628,37.65049,40.258965,5.581337,26.863083,0.0,-27.110348,0.0,0.40787214,0.2809209,0.3042529,0.4117136,0.50059915,0.19634625,2.0791764,1.6896268,2.4315407,1.2155674,0.20311034,0.3439665,33.474968,0.13869274,17.832258,0.393318,7.6630106,1.5811263,-15.981964,-0.6275659,0.022787157,0.9008613,1.2603152,0.63042045,10.300533,0.32469591,11.606807,0.5404316,32.616417,0.120430656,821.4538,0.139471,1254.5142,0.1933064,-29.066578,-1.1919311,1937.9005,0.0608665,1063.9833,0.18038626,-47.046196,-0.64364254,3003.4358,0.042761017,705.5605,0.2517518,-48.13837,-0.6231136,-26.193474,-0.13308248,36.523556,0.14756519,0.033109058,0.56028557,-0.02846664,-0.37211603,0.2213521,0.24661599,34.485718,0.1076721,18.124563,0.39698145,6.394891,1.8908063,-17.33422,-0.5611765,-21.291409,27.704193,0.008243586,-0.01146454,0.09114358,3.9473684,1.4084507,0.66999996,0.0,0.02,0.0,-25.550535,11,15,6,SPEAKER_00,117.1,120.5,119.72534375,120.5,1,0.7746562500000067,0.7746875,disengaged
36.73863,0.106998146,34.715267,36.826523,38.52013,3.804863,209.19696,235.19951,85.04637,177.92336,0.41729006,0.4218895,0.26307154,0.37041476,0.55939543,0.2963239,4.038472,2.5395217,2.8422394,1.6369185,0.17150469,0.74084574,25.251059,0.40280145,4.516209,2.2890189,-12.586364,-0.89227426,-10.386903,-1.0993509,0.021586463,1.1800914,1.1986166,0.5462202,7.8424067,0.45179307,7.4494042,1.3509004,32.086174,0.2682684,789.5649,0.21649395,1350.6633,0.16223481,-96.627174,-0.94490933,1828.0942,0.12704407,1115.612,0.19890112,-99.852,-0.8331969,2950.8477,0.090475164,982.7088,0.29522118,-104.75641,-0.74973464,-16.381361,-0.5496713,30.555609,0.2650993,0.05962146,0.30249655,-0.019744202,-0.6721282,0.23443776,0.5498845,30.3424,0.22671388,6.978182,1.532226,-11.832341,-1.0700686,-15.021754,-0.7329691,-7.9130206,19.047148,0.03688862,-0.0046816524,0.08747967,3.5897436,2.7941177,0.19578947,0.16907848,0.14888889,0.12071035,-27.323345,11,15,7,SPEAKER_00,120.533333,142.4,122.56034375,142.4,7,13.663406250000051,13.6634375,engaged
35.547268,0.091246665,34.51428,35.818497,37.78383,3.2695503,279.46036,323.75964,44.988823,50.82293,0.41307354,0.4099173,0.26142007,0.38753533,0.56253237,0.3011123,3.6056883,1.4499364,3.081144,2.4404538,0.15442552,0.66530377,26.66354,0.3300416,2.7225423,3.8701727,-13.96534,-0.7550402,-8.812946,-1.2399268,0.023334255,1.7368338,1.1450372,0.51118296,7.182992,0.45470628,5.5421305,1.6843132,30.710855,0.42685097,794.25867,0.21525808,1375.4855,0.15257795,-70.20882,-1.2393181,1804.3998,0.130124,1165.8632,0.23705402,-75.49113,-1.0412654,2942.2734,0.09191181,1006.43665,0.2769362,-82.76006,-0.89195573,-13.942452,-0.59295,28.22274,0.26680323,0.060349304,0.28300846,-0.01521067,-0.9407958,0.18768725,0.53986776,30.013252,0.21237367,4.0923734,2.5797126,-14.0423,-0.8169951,-11.598146,-0.9015863,-8.685124,20.126892,0.039855,-0.0032650467,0.07974332,4.3874173,2.7454245,0.2439394,0.17713098,0.11642858,0.11289104,-29.392021,11,15,8,SPEAKER_00,142.433333,154.7,142.433333,154.7,2,12.097916999999995,12.0979375,disengaged
36.18464,0.08026504,34.777237,36.73921,38.0432,3.2659645,456.60684,480.6127,40.007935,39.848503,0.3536071,0.4721624,0.207957,0.3200947,0.47224346,0.26428646,3.2687938,2.6734424,2.4423752,1.2083311,0.120230235,0.9623308,25.146791,0.3391223,3.4658997,2.4275284,-11.81292,-0.7840846,-11.471217,-1.1376172,0.020313406,1.3746262,1.1316324,0.5916733,7.917924,0.44994086,2.0362113,4.5903807,30.265263,0.2600363,779.3444,0.19478339,1343.1554,0.16030297,-89.38816,-1.0342793,1792.1411,0.11422461,1131.9017,0.2249243,-95.19298,-0.870791,2915.8264,0.083930485,936.7332,0.33230272,-100.93964,-0.7750278,-15.939019,-0.38973287,29.531544,0.21372667,0.05694407,0.31665158,-0.022570798,-0.5732565,0.15457824,0.8480993,29.123564,0.20596707,5.926787,1.3992218,-13.050278,-0.7588009,-16.341558,-0.78827965,-8.974433,20.27612,0.038290314,-0.0067398306,0.07299517,2.679426,2.8846154,0.196,0.15856859,0.13928571,0.10819718,-30.53211,11,15,9,SPEAKER_00,154.733333,170.433333,154.733333,170.433333,7,10.468749999999972,10.46875,engaged
37.411243,0.12928842,33.370766,37.69021,42.69037,9.319603,496.08737,522.0056,53.599842,42.61847,0.45420775,0.43851674,0.31610972,0.4134009,0.56044364,0.24433392,4.7866364,2.0882418,3.235314,2.7620232,0.20488703,0.8620952,19.973783,0.43086997,4.500345,1.5738984,-9.789767,-0.65964276,-17.136826,-0.7439339,0.032232884,1.0701566,1.3993386,0.5463899,6.5182714,0.5217736,9.50802,0.66583264,31.451508,0.23758905,858.6472,0.16799526,1272.0349,0.12212283,-111.99845,-0.81385267,1939.648,0.095954776,1163.1095,0.2547798,-116.25651,-0.7167496,2913.4077,0.061742872,1047.427,0.3944276,-118.47339,-0.68588394,-14.956368,-0.2851241,26.946321,0.21744676,0.05606903,0.37763864,-0.023147518,-0.4580558,0.28952587,0.73169225,24.604065,0.29927397,5.9592185,0.9403218,-11.214797,-0.57355535,-21.303951,-0.70735943,-10.53963,19.925514,0.04013941,-0.013900331,0.13585056,4.0462427,3.5714288,0.12333333,0.060461186,0.13333333,0.11264496,-28.512512,11,15,10,SPEAKER_00,170.466667,172.766667,170.466667,172.766667,2,1.7431250000000205,1.743125,disengaged
36.356865,0.05608329,34.55392,36.244873,38.144466,3.5905457,142.48544,150.83968,18.746492,15.882439,0.4819153,0.40795618,0.29631516,0.4573106,0.6694094,0.37309423,3.595011,2.121511,2.871086,1.2820367,0.187183,0.61818165,26.59665,0.2917371,7.794147,1.1563799,-11.6041975,-1.0051645,-14.358489,-0.76895654,0.020370636,1.3785274,1.1073695,0.6012857,7.969569,0.47539526,7.879439,1.2780498,31.718725,0.52615905,805.6636,0.1819983,1355.3192,0.14330956,-73.174355,-1.1790383,1846.1788,0.11281489,1156.5916,0.21501322,-80.562935,-0.95511246,2943.2612,0.082159154,1001.56793,0.3195132,-86.02296,-0.8510038,-17.202717,-0.46763328,30.25722,0.23649411,0.062522694,0.26745147,-0.02294602,-0.59697676,0.21043625,0.5247458,29.23133,0.21719497,9.14935,1.0006171,-10.899393,-1.145401,-16.418266,-0.6286524,-10.820479,22.387333,0.04917609,-0.012928262,0.14220192,3.448276,3.0723488,0.21354839,0.14818358,0.101428576,0.087248184,-26.875513,11,15,11,SPEAKER_00,172.8,184.433333,173.28659375,184.433333,4,10.167989249999948,10.168,engaged
40.026207,0.038096413,38.39415,40.28137,41.244617,2.8504677,31.212282,0.0,1.6501637,14.201607,0.66534454,0.5846635,0.3232363,0.5395316,1.1304966,0.80726033,3.633723,1.5285811,6.723116,1.8050654,0.24946296,0.71298057,20.62241,0.38779238,-5.282174,-1.2792236,-20.77611,-0.617976,-24.840708,-0.64979875,0.01339716,1.1473005,0.7800038,0.6561805,10.072315,0.32526907,1.4722228,2.684853,31.954105,0.15906952,890.7299,0.076234825,1192.3424,0.121139176,-85.056625,-1.1201094,1800.0873,0.064887434,1074.7643,0.21615067,-93.44672,-0.93556195,2970.519,0.03519296,693.46783,0.27416533,-101.50391,-0.79301405,-11.059249,-0.76378477,29.039724,0.22394492,0.061475653,0.25641042,-0.021761265,-0.74727285,0.3343684,0.48011997,24.296251,0.2252672,-5.971185,-1.169686,-28.394232,-0.38432166,-34.199776,-0.39407384,-7.542784,17.50172,0.04315281,-0.013011829,0.15298425,3.6036036,2.8301888,0.19666666,0.10338708,0.13666667,0.13695092,-23.737764,11,15,12,SPEAKER_00,184.466667,187.333333,184.466667,185.95971875,2,1.121801750000003,1.1218125,disengaged
37.69679,0.10882171,34.42046,37.728477,40.82733,6.406872,123.37526,135.18637,77.46131,104.524124,0.542673,0.70933616,0.23845702,0.41291928,0.7748833,0.53642625,6.5565934,3.9883704,4.563245,3.408209,0.20696767,1.0699815,23.079288,0.3835905,2.7189507,4.371329,-13.06931,-0.91931057,-18.808805,-1.009216,0.02285967,1.9781624,0.9267521,0.73315406,9.220004,0.41854143,7.025905,1.3053182,30.078869,0.4084202,796.0155,0.18999246,1325.137,0.15179285,-71.37554,-1.2566386,1824.6158,0.10843475,1088.1876,0.26374677,-78.57555,-1.0090538,2933.6536,0.07160174,819.6432,0.39864105,-83.365234,-0.91419417,-15.765209,-0.5063159,27.655378,0.25367367,0.06516371,0.2853283,-0.02693155,-0.60001546,0.258707,0.8955003,25.407848,0.30963254,4.0306168,3.072203,-13.199882,-0.97736996,-26.810175,-0.6222571,-7.7387857,20.03802,0.035033453,-0.003172545,0.10215612,2.5983148,2.60747,0.25216216,0.21968202,0.1136111,0.10290644,-24.442808,11,15,13,SPEAKER_00,187.366667,207.133333,188.20409375,207.133333,7,14.254864250000054,14.254875,engaged
36.56301,0.11756639,34.822964,35.957607,37.15917,2.3362045,136.44363,141.7665,139.92899,225.51338,0.35488886,0.4573428,0.2066973,0.31734717,0.48189148,0.27519417,4.318369,2.4630651,3.0185044,1.6029255,0.13085203,0.78714705,24.784515,0.4336247,2.7291715,3.4898608,-10.889123,-1.0736723,-8.166285,-1.352616,0.017036133,0.88344985,1.207148,0.5484745,7.738444,0.36401123,7.6370573,1.6033013,31.358646,0.30494127,766.63965,0.22270605,1396.7406,0.16683073,-92.41086,-0.99136907,1787.2268,0.12412147,1198.0743,0.2677161,-94.789986,-0.88151854,2895.531,0.08919654,978.8808,0.24621114,-100.395485,-0.78404313,-16.029806,-0.46599293,28.500734,0.26663303,0.0625555,0.31963173,-0.016449405,-0.8486484,0.1779593,0.5923798,30.4648,0.21219829,4.123373,2.3693914,-10.284607,-1.250227,-12.755606,-0.794222,-7.3554983,18.594124,0.031001102,-0.0008581476,0.06206589,4.878049,2.7692308,0.205,0.15330614,0.14235294,0.13888334,-31.27346,11,15,14,SPEAKER_00,207.166667,218.8,207.166667,218.8,5,6.5708330000000785,6.570875,disengaged
37.28458,0.03468901,36.999752,37.136097,37.973103,0.9733505,54.29438,46.766647,1.7958276,1.8127546,0.32415864,0.61817044,0.19932705,0.27921048,0.35997236,0.1606453,6.390244,4.518545,1.57568,0.48877424,0.087086834,1.4171071,34.44605,0.11998129,6.520173,0.92392325,-6.5735745,-1.2029608,-14.900303,-0.7740378,0.009739586,0.77244854,0.7694563,0.7492714,10.965084,0.25385007,8.70407,0.6844932,37.511353,0.114574775,752.6175,0.14210464,1267.0444,0.12717848,-24.183577,-2.0886014,1774.828,0.063708805,889.28296,0.19151615,-38.997963,-1.1660305,3023.365,0.06840984,783.5762,0.4945263,-50.446774,-0.8326471,-20.574123,-0.21880099,29.983988,0.1267452,0.0607125,0.28672898,-0.031444363,-0.3707233,0.09131581,1.4424434,35.157654,0.10128061,7.1018596,0.84883165,-6.842079,-1.2074889,-16.662329,-0.66808146,-15.160782,27.743097,0.037105337,-0.022609072,0.10254553,0.952381,2.0202022,0.445,0.415,0.07,0.0,-29.697857,11,15,15,SPEAKER_00,218.833333,225.233333,218.833333,225.09284375,4,1.0620107499999847,1.062,engaged
30.682034,0.016428778,30.264172,30.715221,31.067158,0.80298615,0.0,0.0,-0.20786309,0.0,0.21685387,0.33725393,0.15405513,0.18175966,0.30437708,0.15032195,0.4904176,0.0,1.8842013,0.0,0.057656407,0.47350597,35.628212,0.057561833,10.362865,0.24073413,0.38994312,8.894192,1.7361078,4.7750587,0.012808956,0.41062227,0.9236466,0.34472558,5.6882596,0.12867016,14.585293,0.18744281,38.47209,0.089242965,881.9732,0.014463557,1231.7338,0.07258495,-15.997689,-0.27859023,1853.0391,0.02502815,940.3989,0.058294144,-28.292095,-0.09391051,3004.6292,0.010894189,767.7047,0.05500781,-38.519875,-0.117234334,-20.379232,-0.056949396,34.953804,0.071786955,0.025349949,0.5267401,-0.026166432,-0.29186037,0.0850852,0.09614295,36.48252,0.064205505,12.080534,0.13519636,1.2237152,3.3650525,-2.8457053,-2.9250486,0.0,0.0,0.0,0.0,0.0,0.0,12.5,0.07,0.0,0.0,0.0,-37.159515,11,15,15,SPEAKER_01,218.833333,225.233333,218.89971875,219.08534375,2,0.15187499999998977,0.151875,engaged
41.800026,0.12981251,39.623043,41.64007,44.096123,4.4730797,101.87608,53.470284,163.56207,60.917843,0.97138345,0.6752362,0.29982728,0.93451446,1.4941242,1.1942968,14.227693,11.362815,6.300942,3.0540094,0.67846507,1.2173046,15.483095,0.36401471,2.8101172,2.6274986,-11.605036,-0.91856086,-43.60184,-0.42700332,0.045015506,1.3058242,1.2558485,0.55295414,8.097563,0.5824005,12.706376,1.097043,26.246162,0.3994116,780.8646,0.24936429,1355.2523,0.1404834,-91.74986,-1.0808765,1841.3927,0.13812818,1195.2443,0.2013512,-90.28363,-0.9361963,2843.9094,0.061888423,834.6087,0.34652334,-90.298645,-0.93627006,-16.31366,-0.26666242,24.985434,0.20646453,0.06500938,0.2900719,-0.041240416,-0.33639523,0.8119418,1.0321752,15.780902,0.39335242,1.7830776,2.7520893,-16.178389,-0.5631733,-52.15847,-0.30881718,-10.05573,16.437218,0.046279896,-0.02089495,0.42428532,4.316547,3.0303032,0.1925,0.13827057,0.1175,0.08317903,-16.085558,11,15,17,SPEAKER_00,226.0,230.966667,227.57346875,228.97409375,1,1.4006250000000193,1.400625,engaged
43.314438,0.036095608,41.883255,43.559586,44.69114,2.8078842,0.0,0.0,-0.47841185,0.0,1.2477534,0.46985945,0.6450456,1.2818158,1.812112,1.1670663,16.941034,0.0,-0.31199074,10.057208,1.225964,0.6790372,16.474607,0.16919293,0.8981195,5.5922647,-7.725161,-1.2412834,-56.080544,-0.16931224,0.024206208,0.50316495,0.9529058,0.7925619,8.126063,0.2631379,22.178818,0.22787632,33.826218,0.101278126,572.06036,0.16384414,1408.0365,0.109994255,-148.77177,-0.55749345,1629.1904,0.09106376,1444.682,0.2463507,-113.58724,-0.7381787,2616.671,0.046515044,866.67267,0.14580439,-116.14808,-0.69529843,-17.678339,-0.066479094,27.07854,0.14112867,0.0810699,0.26183662,-0.03671277,-0.10033276,1.6708727,0.36600813,14.715673,0.2216486,-1.4707849,-3.5720303,-17.001352,-0.39968437,-57.674213,-0.17696604,-16.481806,22.486813,0.083915226,-0.048141915,1.3707733,3.846154,4.7619047,0.089999996,0.0,0.044999998,0.015,-14.56088,11,15,17,SPEAKER_01,226.0,230.966667,228.97409375,229.24409375,1,0.2699999999999818,0.27,engaged
38.267273,0.13332254,34.7295,39.64734,42.420097,7.6905975,219.14723,319.21826,74.70699,63.244858,0.49269858,0.87132114,0.20506233,0.3612474,0.63931763,0.4342553,7.826347,5.0317264,6.043081,8.076208,0.24327719,1.6936408,25.751469,0.33316788,1.5258194,6.910728,-7.407317,-2.0539083,-15.368291,-0.796676,0.025370775,1.8242848,0.9999465,0.7170109,8.704163,0.527945,9.7574005,0.9048753,30.61277,0.25493473,777.72473,0.19333044,1358.9226,0.1513709,-91.85649,-0.97804415,1825.8036,0.10648773,1059.1049,0.2347781,-95.01237,-0.8674735,2907.4084,0.07565504,869.2551,0.32153097,-99.63693,-0.7911409,-16.40508,-0.513984,28.463741,0.2441969,0.054124415,0.35960594,-0.023378368,-0.5697269,0.2928563,1.3820364,28.55855,0.28240153,3.4642239,3.2494233,-6.0547223,-3.0296812,-19.044731,-0.6505283,-10.7452345,21.179632,0.033730764,-0.014310638,0.17401923,2.5553663,2.9209623,0.19470589,0.14568773,0.13499999,0.1402676,-23.771482,11,15,18,SPEAKER_01,231.0,289.3,231.92721875,265.35659375,9,5.889374999999831,5.889375,disengaged
39.10127,0.11358981,35.600143,38.15591,42.406643,6.8064995,115.85481,135.64508,225.42696,683.8914,0.7409279,0.7741678,0.32351625,0.5647698,1.0051419,0.6816256,8.003082,5.267056,4.732057,3.6047235,0.2886867,1.1960311,24.059599,0.44587934,2.6534538,4.0467973,-13.313016,-0.95091593,-31.846783,-0.58595455,0.015025706,1.4457153,0.82046205,0.80907476,10.173926,0.38604915,6.3319044,1.7451601,29.239779,0.33483186,805.98694,0.18259247,1313.2676,0.16923946,-46.19678,-1.7450289,1882.7863,0.11312608,1091.5411,0.2818659,-57.330696,-1.2196214,2950.4355,0.06762331,838.32477,0.33640525,-61.44889,-1.1086637,-17.141483,-0.4319418,27.363539,0.2915656,0.06049431,0.35950914,-0.03210124,-0.47467315,0.33078244,1.1227937,24.067188,0.47802952,3.358774,3.3738341,-14.154006,-0.9172966,-35.523705,-0.4870751,-12.443477,22.656197,0.043381367,-0.02199811,0.12943015,1.9859065,1.6077172,0.48599997,0.6708263,0.1252174,0.08806467,-20.947325,11,15,18,SPEAKER_00,231.0,289.3,233.98596875,289.3,9,15.624031249999945,15.6240625,disengaged
36.219425,0.069313556,34.08185,36.39757,38.20308,4.121231,63.553963,67.43612,25.123133,14.097775,0.4545425,0.5645153,0.21838745,0.40283203,0.6778356,0.45944813,6.795066,4.382434,3.7221506,2.2547648,0.14997692,0.959073,27.942133,0.27246997,7.56373,1.186955,-3.0268466,-3.1730247,-21.507061,-0.9170501,0.016736997,1.4543574,0.83634734,0.8019814,9.961124,0.32829523,3.7089088,1.8010237,30.501268,0.2740369,787.0535,0.14569421,1291.1744,0.17600292,-57.727596,-1.4527197,1848.1858,0.08451292,1015.53284,0.21990429,-72.118515,-1.031483,2958.6736,0.05517316,708.7782,0.39831957,-75.459595,-0.96095985,-19.546856,-0.28508782,28.702585,0.23803511,0.054786444,0.39655098,-0.03628053,-0.3252609,0.18352187,0.82387745,30.19782,0.19945288,9.3547125,0.92286605,-3.3793364,-2.9364986,-30.094566,-0.49159527,-10.480233,21.07787,0.009816565,-0.00795449,0.061752584,3.8062286,1.7452006,0.412,0.2921917,0.12727273,0.113705434,-27.396997,11,15,19,SPEAKER_00,289.333333,301.933333,289.333333,301.26659375,6,5.790760750000118,5.79075,engaged
36.00279,0.10082092,34.143726,35.639774,38.506245,4.3625183,328.94348,451.16693,100.26555,91.630875,0.54976773,0.5259641,0.29028192,0.5214073,0.78038454,0.49010262,3.082542,1.6159242,1.5460824,1.0216651,0.1669239,0.8603044,24.936085,0.37342536,6.8299327,1.2143667,-15.745112,-0.5476155,-16.693945,-0.9523025,0.02418045,1.8466605,0.88349336,0.679693,8.405462,0.42667076,2.1344767,6.0037637,28.605366,0.5135121,761.44135,0.19837134,1313.4537,0.1490466,-51.085194,-1.6486543,1828.801,0.11809925,1080.7355,0.26119936,-63.378494,-1.1537321,2933.752,0.079008706,883.5319,0.32188314,-69.25357,-1.0111337,-16.850002,-0.3842544,28.578238,0.19192852,0.056324854,0.29945883,-0.028580606,-0.55982345,0.19813086,0.76291656,27.369291,0.27999574,7.01188,1.1749309,-15.57141,-0.5492489,-21.44674,-0.66435295,-8.853186,21.021458,0.03137057,-0.0059853485,0.07165501,1.5673982,1.8987342,0.39333332,0.82080585,0.11333333,0.11182824,-24.655495,11,15,20,SPEAKER_00,301.966667,309.6,302.04284375000003,309.13034375,3,6.395624999999939,6.395625,disengaged
36.611656,0.049451105,35.437244,36.164806,37.202187,1.7649422,30.063194,8.492463,10.093192,17.040419,0.3209844,0.49170673,0.16535047,0.3147891,0.43372726,0.2683768,5.817628,2.9678574,1.0471337,1.6892036,0.12458281,0.9619609,24.692482,0.35654533,6.1474495,1.7549721,-11.281559,-0.97965765,-3.1185825,-4.5158873,0.022446519,0.72322655,1.3013438,0.51246405,6.8357115,0.49493757,3.7251358,3.0450344,31.528568,0.28546673,645.93976,0.29883575,1444.9417,0.12360762,-95.09485,-0.93132406,1667.0927,0.1671593,1173.8744,0.14680216,-90.00816,-0.8970403,2799.3018,0.12023014,996.24915,0.2036819,-96.751884,-0.7808995,-16.789488,-0.3812979,29.208616,0.2173869,0.0540762,0.4358239,-0.019432478,-0.6323394,0.1697769,0.7595631,28.400656,0.25425142,8.452295,1.2898011,-10.746771,-1.1547858,-10.960542,-1.050883,-7.1289225,20.964542,0.010288321,0.0031134805,0.0459329,3.6764705,4.6153846,0.12333333,0.07866949,0.105,0.049749367,-31.540161,11,15,21,SPEAKER_00,309.633333,311.133333,309.75471875,311.133333,1,1.3786142499999983,1.378625,engaged
36.008083,0.113263816,33.944496,36.11858,40.064438,6.1199417,68.959564,6.6576977,64.39597,57.94776,0.33140668,0.53924364,0.18340282,0.26246327,0.47247994,0.2890771,3.6715531,0.86043835,2.2518053,1.5123233,0.13954322,1.1078539,21.57041,0.4994315,3.4422233,3.5495062,-16.45329,-0.908757,-0.333436,-37.908382,0.037505697,3.3133938,1.3556184,0.61906457,7.125571,0.50049156,5.124026,1.8039926,28.050592,0.34956336,823.94666,0.14143239,1482.3323,0.17069985,-113.91639,-0.8014991,1754.1062,0.13221344,1222.9795,0.1868521,-116.7655,-0.74783444,2936.3188,0.07643411,893.0352,0.23756249,-122.78726,-0.65144116,-13.643282,-0.98366517,33.17785,0.15942316,0.048161924,0.3091586,-0.008566452,-2.156651,0.24968553,0.7040568,29.419607,0.23444176,6.2123847,2.477726,-14.963804,-1.2959328,-10.128303,-1.079994,-6.0701194,18.644526,0.021824341,0.0024796263,0.052844573,1.8518518,3.1847136,0.136,0.062482,0.195,0.2524381,-27.94529,11,15,22,SPEAKER_00,311.166667,312.966667,311.166667,312.966667,2,1.631249999999966,1.63125,disengaged
37.580902,0.06927526,35.75578,37.547405,39.317318,3.5615387,85.19799,119.820786,71.668335,168.0393,0.42607337,0.5691761,0.2102558,0.3757616,0.62737936,0.41712356,6.5658674,5.2201056,3.5732043,2.441766,0.16178283,0.91430944,28.008148,0.30881333,2.2596242,4.1284924,-12.804637,-0.82430273,-13.793409,-1.191963,0.019645115,1.68482,1.072071,0.7418047,9.095221,0.4148425,5.8138866,1.5923582,32.07849,0.2677756,800.6987,0.18859291,1328.3408,0.15585475,-72.98344,-1.2133968,1813.7971,0.11350331,1158.757,0.27963436,-80.47805,-0.9846775,2940.7603,0.076727465,887.32477,0.37658465,-86.985825,-0.8606578,-15.336648,-0.5903879,29.741928,0.26429173,0.057285335,0.3644004,-0.02348646,-0.67680776,0.20076263,0.75009483,31.080156,0.1965492,3.5065365,2.8187459,-13.371693,-0.8579435,-19.83818,-0.75923777,-8.185271,20.226635,0.031627685,-0.005325691,0.082493454,3.2359083,2.4159665,0.27086955,0.16486919,0.13380952,0.105671376,-27.725174,11,15,23,SPEAKER_00,313.0,353.366667,313.0,336.06284375,4,9.596593750000011,9.5965625,engaged
36.01999,0.050739285,34.759876,35.841553,36.965485,2.2056084,120.305176,120.84506,5.438915,4.8029647,0.39156958,0.44092977,0.23566674,0.3394781,0.5431548,0.30748802,4.7417808,2.7384908,1.9115394,1.2193234,0.14603552,0.6658988,26.691372,0.4061091,5.9614305,1.5746874,-13.455803,-0.92800653,-10.017031,-1.3054874,0.017866086,0.96073836,1.1241653,0.5646893,7.960368,0.41325787,9.086008,1.3315328,33.523308,0.21476685,721.89905,0.26622987,1357.8328,0.1309417,-83.38484,-1.097098,1773.7872,0.13819619,1115.8788,0.1983111,-86.91055,-0.9337707,2880.9436,0.08790755,1101.1165,0.20477855,-92.71289,-0.8295806,-16.755363,-0.52226496,29.873768,0.20949292,0.06700194,0.2683322,-0.020128353,-0.67917705,0.19280104,0.49608737,31.611994,0.18106528,6.334357,1.6665066,-11.746865,-1.1648496,-14.517877,-0.78050685,-9.250408,20.517998,0.030723061,-0.0067690983,0.07286849,3.4632034,3.539823,0.16875,0.13195051,0.10428572,0.06863092,-29.037119,11,15,24,SPEAKER_00,353.4,356.866667,353.51159375000003,356.31284375,2,2.328749999999957,2.32875,disengaged
35.679688,0.022751043,35.15488,35.697567,36.430187,1.2753067,9.202766,1.217201,26.020918,0.0,0.39477524,0.31608456,0.27054083,0.3928813,0.46573275,0.19519192,5.1714582,2.0016084,1.8662125,0.0,0.15167524,0.5705523,30.792446,0.17984201,2.9687846,3.8160307,-5.742316,-1.9961721,-4.481536,-2.2874343,0.025585333,0.73628974,1.0734582,0.9537488,7.77702,0.4188475,15.011053,0.67897874,33.318443,0.27583885,650.51215,0.2600109,1495.4253,0.16866936,-88.035385,-0.9665268,1674.8594,0.12388636,1130.5835,0.23789898,-81.377335,-0.93376,2787.5369,0.07845926,1044.4558,0.25333267,-87.680885,-0.8207607,-17.19712,-0.38806397,28.085672,0.39100516,0.053194474,0.32265535,-0.017405411,-0.7549211,0.17553122,0.5030126,32.794655,0.15075651,5.9212523,1.9922237,-2.7113428,-3.2104993,-8.651039,-1.0608355,-9.145986,19.134432,0.027893431,-0.001497104,0.12897632,2.2222223,5.0000005,0.125,0.105,0.055,0.024999999,-30.282051,11,15,25,SPEAKER_00,356.9,357.366667,356.9,357.366667,1,0.4666670000000295,0.466625,engaged
36.599346,0.08082263,34.92904,36.738102,38.02333,3.0942917,113.04326,113.608696,18.992018,10.039514,0.39085248,0.43279448,0.24238098,0.36127418,0.54009736,0.29771638,4.3786874,2.6538599,2.8321471,1.4435983,0.16186711,0.7194916,28.060965,0.38378617,5.762041,1.6993114,-12.68963,-0.94011074,-8.9056835,-1.4650674,0.026457002,2.632254,1.17956,0.561072,8.118872,0.40519053,7.7732525,1.3477625,33.366642,0.30146903,778.2302,0.21482578,1405.1859,0.16643426,-73.71751,-1.1728865,1790.0234,0.12145969,1172.101,0.23436481,-79.295334,-0.973809,2940.1794,0.082204044,992.761,0.27965185,-86.506905,-0.8354532,-16.70295,-0.5099612,31.142506,0.24638103,0.057879496,0.3348601,-0.018397434,-0.77876675,0.19865026,0.5834955,32.25571,0.20324133,6.791951,1.4998362,-11.952144,-1.0558506,-13.754343,-0.8149793,-8.475084,20.515594,0.031150622,-0.0007387992,0.082837634,3.8167942,3.1669865,0.20727271,0.13025087,0.11038461,0.11322139,-28.259619,11,15,26,SPEAKER_00,357.4,369.4,357.4,369.4,4,10.498125000000016,10.498125,disengaged
38.11641,0.07435592,36.091766,37.794987,39.96756,3.8757935,99.69049,243.05629,132.6013,357.45728,0.4077659,0.67163515,0.1625742,0.3288756,0.6487926,0.48621842,5.8012004,3.704488,3.6104367,2.4876153,0.14815028,1.0524502,25.81191,0.39067423,0.67715776,13.58735,-14.226647,-0.75047904,-17.43282,-1.0639117,0.016871069,1.458293,0.9564328,0.82016313,9.6589985,0.37908366,3.193926,2.8068175,32.683777,0.350571,774.9113,0.17035265,1336.4551,0.15739831,-84.56856,-1.1114751,1792.0048,0.102398485,1112.0468,0.25383145,-91.893394,-0.90452397,2935.608,0.0719367,847.09784,0.36911026,-97.94686,-0.8011661,-17.102402,-0.39448017,30.05928,0.2274003,0.056852363,0.39059994,-0.028874706,-0.5273991,0.19633088,0.8044664,30.073862,0.23190737,2.9295623,3.1934872,-16.010836,-0.72889555,-26.131025,-0.605747,-7.423883,19.520737,0.020867364,-0.004547652,0.07350079,2.942841,2.4652874,0.23816091,0.20778814,0.15409638,0.113435246,-27.269499,11,15,27,SPEAKER_00,369.433333,435.466667,369.433333,435.466667,14,35.354583999999704,35.3545625,engaged
40.302773,0.053454455,38.63603,39.61717,41.94149,3.305462,144.7151,323.5786,38.467148,39.42537,0.35939592,0.81890464,0.121737145,0.22592987,0.63419515,0.512458,7.424207,7.930451,5.1699343,9.624531,0.105486676,1.7544111,22.621918,0.41202238,-3.9717891,-2.3963728,-11.777978,-0.63202816,-2.8794801,-5.469371,0.012033457,1.127894,0.8226901,1.0057709,11.311758,0.36431155,7.5800548,1.3871355,28.34422,0.5309474,779.8956,0.19529647,1380.4683,0.15546727,-117.50704,-0.7805215,1788.9207,0.103948236,1109.3721,0.24367262,-114.753494,-0.7528071,2899.0854,0.079198,936.235,0.27266973,-120.132195,-0.6751932,-16.146742,-0.45104268,27.456085,0.33536217,0.05663795,0.36689913,-0.018185588,-0.9335849,0.17247984,1.3277994,28.646528,0.2364168,-0.8266883,-11.67641,-12.726485,-0.68098193,-14.674684,-0.9134077,-4.3402896,16.169395,0.018862393,0.010251254,0.041390657,1.5873016,1.9607844,0.23727271,0.19353604,0.27899998,0.18261708,-27.798508,11,15,28,SPEAKER_00,435.5,444.933333,435.5,444.933333,3,5.687082999999916,5.6870625,disengaged
37.24457,0.110168576,34.545765,37.414185,39.87186,5.3260956,82.97831,99.32826,163.94632,386.65765,0.36162668,0.77576274,0.12716714,0.27067223,0.5606173,0.4334502,4.336003,2.653405,2.878452,2.4267201,0.10138064,1.3692437,21.778027,0.53443396,1.3290514,7.5865393,-12.430205,-0.7072483,-11.613832,-1.6691275,0.0187811,2.54361,0.8182562,0.860984,9.874471,0.38688794,4.770301,1.9172555,30.705208,0.29583424,770.3748,0.17038652,1325.0833,0.13915873,-94.46973,-1.023012,1807.9763,0.10342984,1053.1115,0.23859705,-99.32087,-0.87260795,2922.1626,0.07675246,883.30975,0.34676716,-104.63166,-0.78517735,-16.980146,-0.35805514,28.301891,0.2157736,0.057762697,0.40973586,-0.025484653,-0.60699344,0.1534949,1.0659575,27.695137,0.2680828,4.0408697,2.4152694,-13.096861,-0.7548671,-22.454817,-0.7863102,-4.7744756,16.171036,0.019057237,0.0027070206,0.03528019,2.1122847,1.8952062,0.28676468,0.28839028,0.22727272,0.18126279,-27.718466,11,15,29,SPEAKER_00,444.966667,472.233333,444.966667,472.233333,7,18.002291000000184,18.0023125,engaged
40.604046,0.017343322,40.07827,40.807846,41.19667,1.1184006,17.717075,0.0,-31.622042,0.0,0.28870547,0.42196807,0.16411076,0.27024743,0.39040604,0.22629528,3.4531784,2.8667512,1.9574746,0.9435925,0.06523387,0.84246665,10.691539,1.1103768,0.9305997,11.629987,-9.6273365,-0.9371476,-8.828095,-1.736366,0.012412539,0.9439254,0.8681258,1.0932701,11.740952,0.23739535,8.99917,0.089104615,28.893776,0.11330927,774.63934,0.2148073,1204.3795,0.06830738,-178.76688,-0.33008865,1881.9672,0.12803964,1371.8049,0.22264414,-177.84651,-0.30839583,2767.2026,0.07325917,716.3169,0.3222973,-177.90858,-0.3079978,-16.556479,-0.5877172,24.17074,0.49727175,0.045330286,0.31852102,-0.023002049,-0.5355645,0.12606886,0.3912838,16.940485,0.7147043,12.8457985,0.2035651,-5.5003524,-1.2660708,-37.105885,-0.25942066,-3.0764196,12.975399,0.027667742,0.0035102877,0.058016445,4.3956046,1.1627908,0.11,0.0,0.35999998,0.089999996,-36.33887,11,15,30,SPEAKER_00,472.266667,473.433333,472.266667,473.18909375,1,0.9224267499999996,0.9224375,disengaged
36.31533,0.05043979,34.978416,35.938923,37.74457,2.7661552,104.42557,118.57841,75.157074,183.51657,0.38076758,0.7091564,0.14177419,0.30402082,0.5838811,0.4421069,4.376176,3.8653789,2.9181795,2.0032759,0.10895638,1.1125522,23.254114,0.5451514,1.9121004,5.3694434,-9.310216,-1.0784593,-9.961424,-1.7754079,0.013521292,1.1973091,0.8710241,0.8909816,9.446584,0.3977379,2.9815288,2.5855699,28.756706,0.6163522,780.2928,0.18284617,1295.6636,0.14073983,-85.79271,-1.0889957,1793.0868,0.093905024,1056.179,0.24497479,-92.326706,-0.9177686,2944.0947,0.073264785,800.279,0.4151141,-97.85139,-0.82159007,-16.220312,-0.43043378,28.04537,0.25413448,0.05679052,0.44528848,-0.020658644,-0.98484254,0.14956208,0.8751938,29.328695,0.25668693,4.87981,2.0316482,-9.832181,-1.1965495,-18.392761,-0.93403673,-4.0282626,15.107045,0.015830915,0.006387185,0.047775883,2.5052192,2.098636,0.27899998,0.22438581,0.18631577,0.16531341,-28.785885,11,15,31,SPEAKER_00,473.466667,488.333333,474.10034375,488.333333,4,9.59236425000006,9.592375,engaged
37.485985,0.029129146,36.222298,37.70141,38.48587,2.2635727,26.935616,4.143715,13.667522,0.76118803,0.36825463,0.2750849,0.2968394,0.33452028,0.46514067,0.16830128,4.790757,2.9744833,0.10177326,2.0449402,0.13829316,0.60867643,22.244373,0.5173687,9.318537,1.1632679,-13.227415,-0.5882684,-7.20827,-1.6834408,0.02249994,1.1965115,1.1207076,0.42419598,9.156533,0.24061273,10.587322,0.60840726,34.694996,0.17757457,743.07434,0.190065,1336.6183,0.1549276,-97.437126,-0.8963422,1753.3472,0.11092086,1240.3652,0.26385307,-98.29931,-0.7895179,2831.4375,0.07400409,1003.49854,0.31161243,-103.0784,-0.71706814,-17.458467,-0.31004065,31.917221,0.20930173,0.054217193,0.33370477,-0.018022284,-0.7032457,0.15711367,0.5900433,28.753593,0.3118699,12.25664,0.7819951,-10.958355,-0.6369998,-12.775568,-0.95843565,-7.2942176,18.84227,0.02523556,-0.003500371,0.10126685,6.097561,3.9473684,0.14333333,0.06649979,0.089999996,0.050990194,-31.493206,11,15,32,SPEAKER_00,488.366667,489.2,488.366667,489.2,1,0.8333329999999819,0.833375,disengaged
34.354183,0.09755306,33.369324,35.505814,36.03772,2.668396,14.39906,0.0,-46.224552,42.657524,0.3955364,0.4105369,0.27107918,0.37439334,0.47374764,0.20266846,4.1359425,4.183016,2.7484233,1.9831223,0.16510804,0.5243011,30.411137,0.22483774,8.739602,0.9443052,-9.883633,-1.0336294,-9.640338,-1.000586,0.026145179,1.3583009,1.314379,0.58846676,7.434737,0.3593018,12.721637,1.0857012,34.129044,0.5641447,726.0284,0.24838726,1512.0088,0.21442568,-34.55088,-1.8376939,1719.5149,0.12518412,1263.2545,0.21722409,-44.867027,-1.2418566,2848.1763,0.10552302,1054.6006,0.24615473,-54.969418,-0.93796366,-16.981325,-0.47164148,33.33043,0.13546842,0.071748555,0.20096102,-0.01102091,-1.3363346,0.17877193,0.48585266,31.442137,0.15601368,9.097054,0.9669815,-10.405359,-1.081636,-9.58959,-1.0140041,-15.405927,30.59374,0.057451174,-0.00040700912,0.10008719,3.529412,3.7500002,0.22,0.043204937,0.03,0.01,-29.324015,11,15,33,SPEAKER_00,489.233333,490.1,489.233333,490.1,1,0.8666670000000067,0.8666875,engaged
36.296364,0.04527201,34.779858,36.027534,38.020935,3.2410774,31.646658,30.98419,11.675786,6.3060384,0.3430535,0.39302552,0.21040526,0.34220996,0.4517207,0.24131545,2.325728,1.1903023,1.6672829,0.9388533,0.10927195,0.6345996,25.694769,0.44926614,8.281984,1.4209247,-10.491258,-0.9580006,-9.414337,-1.4798588,0.0188849,1.1458158,1.03354,0.5526483,8.85986,0.3856318,8.904284,0.9837868,34.384716,0.21926475,776.6943,0.19902872,1384.8392,0.15492633,-74.56458,-1.1772227,1842.2346,0.11269739,1222.7114,0.27644208,-82.80573,-0.9426999,2953.4373,0.0724137,940.0908,0.24801359,-87.435394,-0.85671043,-18.81405,-0.40663004,30.63638,0.21648984,0.06411419,0.23029919,-0.021606289,-0.55837893,0.14046875,0.4366502,31.565735,0.24466863,11.713879,0.9489284,-8.801206,-1.2230918,-16.401968,-0.63066787,-6.1191034,16.635176,0.02163848,0.0073286556,0.044953767,3.426124,1.7316017,0.385,0.20223749,0.19571428,0.17409825,-30.799269,11,15,34,SPEAKER_00,490.133333,494.866667,490.133333,494.866667,2,4.682709000000102,4.6826875,disengaged
35.916077,0.13075264,33.858337,36.130383,40.024837,6.1665,243.12602,17.53099,28.798683,15.11843,0.33754036,0.5875916,0.1453765,0.28848574,0.49128732,0.34591082,4.5973525,1.7527552,2.799183,2.2323174,0.1583801,0.9757392,24.946115,0.4164703,-0.13491812,-87.20532,-12.764156,-0.9359444,-5.7955794,-2.329712,0.036312543,1.8228865,1.3761625,0.44078824,7.429485,0.49018142,9.252527,1.013693,33.316036,0.3070694,790.8743,0.23809662,1381.4587,0.14588133,-115.05907,-0.7900395,1801.4917,0.10438886,1159.7456,0.2418593,-115.71468,-0.7291999,2964.926,0.071953125,951.05975,0.33684537,-120.39364,-0.6600684,-17.688988,-0.41248482,30.234486,0.22404538,0.065253995,0.24346115,-0.021508014,-0.72977406,0.25325254,0.5942109,30.332022,0.23174724,6.4659634,1.4970108,-10.366868,-1.4173031,-14.693948,-0.723582,-5.0938635,17.994434,0.020649822,0.004906963,0.06311696,3.3175356,3.4146342,0.13,0.0512696,0.24499999,0.30319136,-28.667599,11,15,35,SPEAKER_00,494.9,497.433333,494.9,497.433333,2,2.1283330000001115,2.1283125,engaged
35.722538,0.07155308,34.415325,35.265553,37.864365,3.4490395,411.28275,0.0,12.767134,8.64342,0.34949154,0.39189476,0.22318882,0.33346084,0.45326307,0.23007426,4.408788,1.4448702,1.5278369,0.61638594,0.12235153,0.6907913,29.461035,0.32462913,6.114538,1.570502,-14.186883,-0.745373,-6.0919495,-1.751309,0.03145652,1.6036903,1.2547181,0.71447694,8.434444,0.43017843,6.8509593,1.4696813,34.574703,0.35001966,821.3357,0.1553159,1300.8743,0.11478381,-71.68028,-1.2252382,1881.4731,0.09162135,1025.738,0.24205194,-80.01723,-0.9906858,3038.0347,0.0766696,1001.165,0.25926697,-87.13336,-0.8562216,-17.260511,-0.4451706,28.949663,0.26580665,0.060969356,0.29313034,-0.02164798,-0.38352296,0.14211334,0.5915772,32.942333,0.19637965,5.990201,1.7710617,-11.934066,-0.8712585,-10.455297,-0.74245006,-11.358722,23.416073,0.04636752,-0.006127456,0.08679929,3.4883723,2.3952096,0.275,0.17909494,0.122499995,0.07495832,-30.455578,11,15,36,SPEAKER_00,497.466667,499.2,497.466667,499.2,1,1.733333000000016,1.733375,disengaged
37.863026,0.093587935,34.692673,37.372375,40.989937,6.297264,190.91759,245.2801,91.33923,161.44249,0.32475224,0.6975914,0.13447955,0.2638213,0.47010967,0.33563012,4.2600074,3.2842133,1.7241112,1.1607342,0.09737419,1.1993971,26.39188,0.32368335,3.3380992,3.0149884,-8.787709,-1.3446516,-14.848503,-1.3649715,0.01260643,1.3862804,0.7912283,0.9562408,11.001843,0.37265423,7.21027,1.4064698,30.661766,0.44962,786.52655,0.17070606,1323.0775,0.16390751,-99.88634,-0.9325503,1827.0187,0.10641334,1085.4977,0.23519592,-105.91878,-0.78987956,2933.2515,0.06468688,786.7149,0.40181664,-109.141846,-0.7395404,-19.996082,-0.29402855,30.793953,0.2241074,0.05403799,0.37154907,-0.026641022,-0.5471347,0.13623093,1.0202665,29.855259,0.2438224,8.135288,1.0384171,-8.304914,-1.6928052,-26.02211,-0.65132666,-9.171433,21.505375,0.027416348,-0.0039487835,0.05151231,1.9557824,1.9206146,0.2757778,0.31219998,0.25794873,0.3699631,-28.475004,11,15,37,SPEAKER_00,499.233333,534.533333,499.233333,534.533333,14,23.53812499999981,23.538125,engaged
39.30849,0.059666473,36.18212,39.947876,41.477707,5.2955856,9.0185995,2.9383457,19.145006,6.728082,0.45332667,0.38955352,0.2953434,0.45179096,0.59988356,0.30454016,2.986562,0.8552684,0.50386834,0.74805874,0.11169681,0.8312961,27.050888,0.3317786,7.804159,1.1695557,-4.6584578,-2.9603467,-24.16826,-0.7686051,0.0073301643,1.0977364,0.5365447,0.6747685,12.300408,0.30146098,13.797703,0.70351243,32.512592,0.35610995,786.71735,0.13770954,1273.0195,0.099511646,-21.693682,-1.8211857,1867.4807,0.0772571,1004.1972,0.23537168,-35.710846,-0.9552084,2980.1675,0.06110764,663.9111,0.35908297,-41.915768,-0.7692066,-21.292593,-0.21304157,29.796255,0.19833188,0.041852325,0.29514983,-0.03290698,-0.37253994,0.12048649,0.78913486,29.584122,0.12323315,7.6346827,1.2015556,-5.6366777,-2.480163,-26.67971,-0.6635379,-6.5905957,12.808372,0.0208139,0.0031978604,0.034640767,2.9126215,1.0204082,0.93,0.0,0.03,0.0,-26.91204,11,15,38,SPEAKER_00,534.566667,535.8,534.566667,535.8,2,1.0477079999998296,1.04775,disengaged
38.061455,0.095942095,35.38141,38.599262,40.971176,5.5897675,213.19057,323.0243,40.48378,44.93178,0.34682068,0.38842568,0.23060386,0.33327335,0.46649593,0.23589207,3.4220684,2.6228955,2.6748085,1.6358637,0.11044886,0.78195184,27.32575,0.3019282,5.9287553,1.7138717,-9.56678,-0.8694903,-14.016363,-1.1770859,0.017311478,2.1360824,0.98287296,0.83587456,10.765873,0.35997298,11.143299,0.7434381,33.856445,0.3004151,790.7118,0.19178852,1377.7789,0.192751,-63.54888,-1.2719231,1813.891,0.10259533,1152.9158,0.22334895,-72.40659,-0.9792105,2932.8054,0.06677908,919.1642,0.48825228,-77.06845,-0.8827482,-20.15635,-0.27266106,33.096878,0.18338345,0.059876133,0.3714509,-0.019596431,-0.5413033,0.13005275,0.6740203,30.843603,0.19197012,9.902485,0.7181163,-8.322622,-1.0533813,-19.803282,-0.7419635,-5.4314632,19.081581,0.028120378,0.0053916364,0.055033166,3.8356166,2.2284124,0.32625,0.2728524,0.11571428,0.11197667,-29.272379,11,15,39,SPEAKER_00,535.833333,541.133333,535.833333,541.133333,4,3.663124999999809,3.663125,engaged
37.10053,0.087675594,34.726257,36.021286,41.162144,6.4358864,304.58582,323.31808,60.10144,76.179504,0.41050065,0.38399786,0.2714429,0.36883298,0.5684452,0.29700232,3.9720578,1.948618,2.1140254,0.94632775,0.13551344,0.7163669,23.340519,0.47824323,7.2645197,1.5647981,-15.904203,-0.68177086,-15.228159,-1.009004,0.018939449,1.1135975,1.2279823,0.7612667,8.247804,0.5358251,8.737534,1.1022841,33.789944,0.30117133,775.85345,0.20433415,1315.509,0.13214844,-76.79804,-1.1170821,1849.5457,0.13159114,1102.4137,0.2460922,-81.10405,-0.9582283,2940.202,0.092638016,1044.9359,0.36035272,-87.27893,-0.8401412,-15.9597,-0.5906018,28.925909,0.27482787,0.056037884,0.4200852,-0.023798253,-0.7546774,0.163624,0.5980235,28.562855,0.21206035,7.4238586,1.6247618,-15.726755,-0.72666705,-18.629896,-0.80528456,-7.626135,17.038948,0.037401494,-0.008468464,0.082409516,4.0214477,4.0871935,0.154,0.1239247,0.08,0.09470602,-29.873125,11,15,40,SPEAKER_00,541.166667,546.3,541.166667,544.90784375,1,3.7411767500000224,3.7411875,disengaged
39.459213,0.10545011,36.560265,39.368896,42.407646,5.8473816,101.22585,144.35501,25.160467,18.621117,0.3467154,0.4364291,0.22225018,0.3145016,0.46409693,0.24184676,3.8489769,2.156005,2.2402914,1.430669,0.12171093,0.926029,29.2201,0.27971038,7.1568456,1.4152136,-11.237791,-0.945452,-15.988187,-0.7337748,0.030811654,1.9792199,1.0476513,0.66874737,9.383443,0.47034758,8.9702,1.1802187,32.748627,0.28794482,786.2165,0.16879413,1277.518,0.14219706,-47.382603,-1.4479967,1820.0919,0.10198599,1050.0922,0.2278238,-58.870678,-1.023365,2964.7363,0.0756917,854.8176,0.36677608,-65.774,-0.85705125,-19.259485,-0.3372058,31.667692,0.23372437,0.05111783,0.45795962,-0.021101663,-0.55170083,0.133203,0.90805674,30.504467,0.22139882,8.511121,1.1302314,-11.611679,-0.9454166,-18.059187,-0.6194663,-11.5006,22.383642,0.03744442,-0.0080315685,0.07333785,3.8095238,2.3076923,0.35166666,0.34597287,0.072,0.051536396,-30.015625,11,15,41,SPEAKER_00,546.333333,552.733333,546.333333,552.733333,3,5.269374999999968,5.269375,engaged
40.076317,0.01653523,39.45178,39.937176,40.885826,1.4340477,24.35868,11.56388,4.3913865,7.2050843,0.19648883,0.31448177,0.13132899,0.18301019,0.25672248,0.1253935,2.0010588,1.6462048,1.9828154,1.577512,0.039982308,0.66993326,28.1019,0.1748584,-0.004511895,-1705.1697,-5.4810452,-1.0018239,-7.5428405,-1.3142866,0.022483328,0.7727969,1.0071998,0.70907325,9.807318,0.27827087,7.5658903,0.36775103,29.45681,0.20476857,856.98175,0.100824125,1140.1243,0.15060669,-80.5659,-0.99438035,1864.2589,0.0790261,1025.3843,0.2969797,-88.49865,-0.80832106,2996.216,0.06886678,734.938,0.21392915,-94.06003,-0.7253177,-18.817518,-0.23176475,32.514767,0.16655047,0.018501887,0.9153117,-0.015430344,-0.58338475,0.046300758,0.4487992,31.136917,0.10828596,5.3032846,0.9189006,-1.8421402,-1.5928055,-12.702762,-0.69441015,-8.920156,22.42897,0.009476033,0.0014847743,0.03814632,5.0000005,3.846154,0.16499999,0.015,0.046666663,0.024944384,-38.765194,11,15,42,SPEAKER_00,552.766667,556.466667,552.766667,556.466667,2,0.6118750000000546,0.611875,disengaged
37.872704,0.11497375,34.859833,36.938847,39.80665,4.9468155,59.103035,49.932484,16.815357,11.570029,0.38219386,0.55510485,0.16782679,0.3689076,0.5649125,0.39708573,3.0400257,3.011865,2.1373186,1.3730167,0.091183305,1.0028443,26.833483,0.33669174,6.0749216,1.6139492,-13.758099,-0.82862633,-21.837486,-1.0248181,0.016543118,3.3352144,0.72568226,0.88937414,11.1007595,0.3405832,4.193408,3.0380352,32.047577,0.277825,791.18176,0.1925997,1317.4945,0.1809073,-63.946568,-1.3483227,1838.8005,0.11442621,1250.2277,0.30036923,-76.00187,-0.9771941,2937.6536,0.07536696,874.3446,0.37663594,-79.576904,-0.90215766,-19.1217,-0.29955387,32.161755,0.20096558,0.055125754,0.39763874,-0.029367134,-0.60005486,0.10770204,0.91804445,30.048264,0.21390478,9.492269,0.8399964,-14.03521,-0.88753116,-29.854717,-0.68537843,-8.0543165,20.742758,0.016342986,0.0008324798,0.048735738,2.1344717,2.0386267,0.34526318,0.32225138,0.12526315,0.0632762,-27.64377,11,15,43,SPEAKER_00,556.5,597.333333,556.5,597.11909375,8,9.383468749999793,9.3834375,engaged
36.385284,0.09591082,34.76563,36.600723,38.407135,3.6415062,161.0722,168.29651,44.031277,37.117718,0.44296604,0.49764162,0.30065462,0.40193057,0.55641276,0.25575814,4.857752,5.9180775,2.0751708,1.4603373,0.20532827,1.3106804,30.270887,0.23351799,7.593455,1.1388568,-11.070273,-0.9504076,-14.77579,-0.71924233,0.032830235,1.6198299,1.2673804,0.5495242,6.996527,0.49654177,6.930267,1.3512586,32.14552,0.5330028,801.4362,0.20008546,1362.5701,0.16046448,-50.12898,-1.4907575,1849.0039,0.12064587,1151.5255,0.24814904,-59.343403,-1.1074036,2965.0706,0.08735418,996.7048,0.32928216,-65.71763,-0.955004,-17.63386,-0.3513957,30.332176,0.22875439,0.06561535,0.30646586,-0.024063807,-0.54895484,0.20236364,0.73061615,31.126965,0.20116329,8.429768,1.0545174,-11.504735,-0.95857537,-15.797807,-0.64583856,-14.497471,25.470583,0.052898426,-0.01754193,0.23491098,1.9607843,2.5387871,0.30666664,0.18835545,0.074374996,0.06224636,-26.434368,11,15,44,SPEAKER_00,597.366667,606.566667,598.7053437500001,606.566667,3,7.152573249999932,7.1525625,disengaged
39.03724,0.12821265,36.73594,38.69196,43.122395,6.3864555,280.70316,352.51465,118.4304,145.45947,0.4517475,0.8474078,0.20133054,0.32681453,0.5902536,0.38892305,7.4301367,7.1044555,3.311126,3.796132,0.23401661,1.6013026,25.632118,0.3363062,4.029192,2.3803282,-12.538213,-0.84669495,-16.378483,-0.88148654,0.028917277,1.6355125,1.1798322,0.6839073,8.95363,0.45276332,10.016774,1.0350566,31.61954,0.35318947,767.1285,0.20789914,1326.7892,0.16492893,-74.57506,-1.1595718,1791.8652,0.105421595,1073.0095,0.25203168,-80.336655,-0.9551343,2939.2559,0.07364418,864.1437,0.3016618,-86.30082,-0.84259194,-18.356373,-0.37850034,30.295467,0.21663749,0.06513923,0.3516311,-0.0261592,-0.58874625,0.273721,1.26279,27.4575,0.29258734,5.723007,1.6871921,-13.412315,-0.8546646,-21.932703,-0.5431346,-10.009232,22.356285,0.033102337,-0.007905345,0.1490632,2.6143792,3.0303032,0.21695651,0.13372375,0.10649999,0.07650326,-23.094751,11,15,45,SPEAKER_00,606.6,657.433333,606.6,657.433333,8,7.667082999999934,7.6670625,engaged
33.48019,0.048564974,31.834042,33.622086,35.239754,3.4057121,0.46033922,0.0,0.0,0.0,0.31004757,0.19114766,0.25919786,0.338074,0.35706347,0.09786561,0.8954212,0.0,-2.1576138,0.0,0.11555318,0.3409166,32.148792,0.08092947,-6.8374696,-0.76883715,-33.287582,-0.16608348,-20.913437,-0.35019535,0.1134722,0.4975853,1.7063478,0.32267454,1.6255805,1.0998498,-1.667316,-3.859957,33.962124,0.2193252,928.7828,0.0525052,1128.3962,0.09275668,15.999573,0.2445835,1806.562,0.025311857,1068.427,0.12089418,-5.720013,-1.5005279,2991.667,0.008589909,704.4602,0.17244893,-19.542942,-0.41519198,-7.348893,-0.4755011,31.821917,0.04539605,0.07216987,0.18600948,-0.020524485,-0.6195057,0.14517342,0.11233647,30.885899,0.06952817,-8.904697,-0.6219836,-36.676567,-0.0796718,-23.971157,-0.21528688,0.0,0.0,0.0,0.0,0.0,7.142857,11.111112,0.08,0.0,0.0,0.0,-36.728886,11,15,45,SPEAKER_01,606.6,657.433333,654.78096875,654.9834687499999,2,0.15187499999979082,0.151875,engaged
35.29843,0.029535048,34.31694,35.335922,36.28804,1.9710999,8.545002,5.4275594,12.957287,3.5025773,0.3443367,0.4640343,0.17639071,0.32218048,0.44842434,0.27203363,2.7178617,1.0577927,2.7202573,1.8305691,0.12035358,0.75271946,25.191708,0.31719542,-2.210369,-2.7023852,-14.9287195,-0.5224385,-15.000784,-0.6627058,0.016907359,0.6738964,1.2589709,0.33031675,5.79045,0.54749036,1.8504703,4.489419,30.035564,0.18938091,709.4003,0.2555423,1462.8965,0.18351713,-83.33209,-1.1944041,1676.1558,0.15904431,1310.3176,0.18518578,-88.656815,-0.98491037,2763.8352,0.12149507,950.3273,0.20813575,-94.83348,-0.8677823,-14.031978,-0.27618778,26.893341,0.22683442,0.05431216,0.27366635,-0.025091695,-0.2623734,0.17727682,0.4586268,30.382032,0.18066466,-0.14746898,-36.168316,-18.391207,-0.4213173,-20.63702,-0.3473248,-5.9777546,19.112701,0.023849307,-0.005826446,0.05173341,4.347826,1.5625,0.38,0.0,0.114999995,0.055,-32.4738,11,15,46,SPEAKER_00,657.466667,659.533333,657.466667,658.29096875,2,0.7061767500000542,0.7061875,disengaged
35.867504,0.08507509,34.648464,36.0361,37.561577,2.9131126,250.23964,372.95828,89.74192,171.21812,0.35390234,0.46147355,0.21289743,0.31353816,0.49203056,0.27913314,3.5243092,2.0421817,2.8176956,1.4372594,0.13027814,0.74981445,28.23263,0.35033745,3.489962,3.075802,-14.967213,-0.8259054,-7.8263803,-1.6477517,0.022383695,1.5332881,1.1581868,0.529125,7.583035,0.4627219,6.2809753,1.6922058,32.67199,0.52391815,770.8172,0.23746262,1404.7985,0.14816909,-70.04445,-1.2342733,1788.391,0.13146687,1204.5361,0.23171706,-75.62609,-1.0226988,2931.7034,0.08727309,1030.8145,0.32748345,-83.25916,-0.8698354,-14.9993725,-0.62297547,30.76336,0.23095286,0.062503,0.2809921,-0.01621595,-0.95095146,0.1609903,0.6068452,32.16508,0.2092751,5.353125,2.013193,-14.573747,-0.9018552,-12.253346,-0.98390526,-7.61912,20.603453,0.034657866,-0.00045132276,0.06339144,4.433498,3.069307,0.21806452,0.1808478,0.09607142,0.07541975,-30.352617,11,15,47,SPEAKER_00,659.566667,670.833333,659.79284375,670.833333,4,10.16298925000001,10.163,engaged
38.7614,0.09605542,35.795216,38.07484,42.40959,6.614376,43.304943,55.387966,39.950813,60.735447,0.4241267,0.7562246,0.17498504,0.35342154,0.606074,0.43108892,5.4807844,3.0610282,2.7451613,1.9255469,0.13836762,1.1835489,25.700686,0.41144875,2.3478055,4.371449,-15.017075,-0.7852427,-16.638885,-1.0735785,0.0154304635,1.6597186,0.82060844,0.8711072,10.401057,0.37460437,5.551128,1.6383693,31.754904,0.47548664,792.96405,0.18548761,1327.4374,0.15812095,-74.91867,-1.2019162,1802.2092,0.108385295,1123.1025,0.2474845,-82.638336,-0.9722291,2947.675,0.07398668,807.99646,0.3895276,-89.27082,-0.8484729,-16.25215,-0.44700876,30.11729,0.25137132,0.056114934,0.38654646,-0.022087552,-0.7766702,0.17932282,0.9644271,29.464384,0.26362038,3.22029,3.4957023,-16.337658,-0.80632776,-24.64039,-0.61618197,-7.983465,20.096931,0.018500093,-0.0016267438,0.0594272,2.1012418,2.250958,0.28638297,0.26937616,0.15357143,0.12561886,-26.867899,11,15,48,SPEAKER_00,670.866667,709.6,670.866667,707.21159375,17,20.954926750000368,20.9549375,disengaged
36.57834,0.11298088,33.500202,35.664154,41.3825,7.8822975,30.23088,34.351604,36.04482,15.594244,0.3901097,0.7061002,0.15271819,0.2878347,0.62614924,0.47343105,2.3052273,1.8113406,1.9205172,0.7902081,0.09916443,0.9332429,26.19929,0.4222072,2.8294008,3.7752962,-5.6967983,-2.2011962,-7.746624,-2.1729865,0.011064143,1.6603794,0.7362653,0.82296425,10.264182,0.35649437,8.345215,0.6867185,31.717445,0.21238379,794.1227,0.21408637,1356.4358,0.14964145,-79.04805,-1.1180693,1787.728,0.11304589,1190.7219,0.24444656,-84.58504,-0.95956165,2876.769,0.07215475,939.24646,0.34201738,-90.49681,-0.8480991,-15.304452,-0.57653075,29.466984,0.22736035,0.044860914,0.35525376,-0.011077736,-1.3309743,0.12915981,0.7570878,30.637743,0.2604553,2.5589511,4.6969295,-6.3249354,-2.2645633,-13.737689,-1.245596,-10.052208,20.127695,0.021907689,0.006892171,0.050656497,1.7064848,2.0833335,0.305,0.22328979,0.13142857,0.06642473,-29.528694,11,15,48,SPEAKER_01,670.866667,709.6,697.2890937500001,709.6,2,2.9452812499999936,2.9453125,disengaged
42.51455,0.0259251,41.599373,42.385242,43.315315,1.7159424,142.35442,111.51445,3.1886265,32.718666,0.58113736,0.48377904,0.30179474,0.5390245,0.86158305,0.55978835,10.356548,5.137016,3.0293462,2.9597955,0.4124908,0.74725944,25.037046,0.18149619,5.8997235,0.9560758,-7.050737,-1.0719242,-25.718206,-0.398349,0.027826697,0.71139836,1.6584553,0.7984823,9.794352,0.2920975,14.547327,0.3930246,27.485209,0.15577617,855.90015,0.06795683,1249.3964,0.18109947,-102.67541,-0.79880327,1959.3833,0.04155454,946.3343,0.2361583,-109.338715,-0.68615025,3026.3523,0.022469578,678.69543,0.31760487,-111.040596,-0.66406274,-22.501171,-0.18434286,31.357756,0.1915398,0.07443901,0.123900175,-0.034511447,-0.32672825,0.5892103,0.49678528,24.420433,0.19041969,8.331402,0.74751186,-7.882242,-0.93052155,-30.321379,-0.3022755,-16.021763,21.660992,0.07513378,-0.036518577,0.30577728,5.357143,5.882353,0.08333333,0.032998316,0.06666666,0.044969123,-22.584984,11,15,50,SPEAKER_01,713.866667,716.9,715.2778437500001,715.8515937500001,1,0.5737500000000182,0.57375,disengaged
38.66752,0.070630364,36.198654,39.072414,40.961544,4.76289,177.41847,253.60475,33.146908,25.4795,0.4107658,0.5409297,0.19281888,0.40777183,0.55763376,0.36481488,6.6572995,7.4206824,3.5875754,1.2031909,0.21449192,0.89414144,30.650618,0.20581278,4.9378543,1.8318921,-3.6925042,-3.922862,-13.006622,-0.93787956,0.02236801,1.0682745,1.0800383,0.6190535,9.538117,0.304934,11.531658,0.807549,33.83426,0.22781625,755.7071,0.22474536,1365.9286,0.13529342,-82.61205,-1.0378664,1826.0311,0.10701846,1221.4418,0.34130064,-88.81549,-0.8600917,2915.8464,0.079733685,942.814,0.31802323,-94.28695,-0.7716524,-19.053938,-0.34588146,32.12948,0.2666183,0.054439906,0.36913326,-0.02149996,-0.5472572,0.23756818,0.80691534,31.980103,0.19553919,7.1654325,1.2477858,-2.506451,-6.770708,-16.203705,-0.7092139,-11.7292385,24.744158,0.037100237,-0.009530141,0.16340509,3.5842295,2.621723,0.24285714,0.30746496,0.13666667,0.050221726,-26.457571,11,15,51,SPEAKER_01,716.933333,722.433333,717.06659375,722.433333,7,2.8017392499996276,2.80175,engaged
41.35222,0.0059416075,41.132324,41.406963,41.57968,0.44735718,0.11520449,0.0,0.0,0.0,0.5433533,0.16940357,0.42451203,0.57889575,0.63093966,0.20642763,3.208581,1.3843989,3.8138964,1.8217304,0.27543265,0.5060594,31.339016,0.10526937,8.133678,0.36891845,-11.102367,-0.39319968,-20.090237,-0.2010233,0.012293709,0.10230194,0.67751473,0.59044755,10.930257,0.18494822,5.58512,0.22494532,33.30353,0.050695457,920.3472,0.036856975,1200.8986,0.06877846,-43.675327,-1.0168536,1910.126,0.017864628,1133.0101,0.03826502,-59.47088,-0.67138106,3107.9724,0.008890098,775.4723,0.1135399,-67.270706,-0.5511582,-23.886627,-0.14555179,40.98942,0.027019512,0.03679903,0.19011445,-0.024249118,-0.13391866,0.41147032,0.23601921,34.783806,0.021590004,10.08998,0.3709606,-10.303083,-0.6031955,-18.064003,-0.26071268,-19.20573,40.504135,0.034768064,-0.01007809,0.30507573,14.285714,14.285714,0.049999997,0.0,0.0,0.0,-22.83101,11,15,51,SPEAKER_00,716.933333,722.433333,722.1628437500001,722.41596875,2,0.1518750000000182,0.151875,engaged
33.229324,0.14471735,27.726677,35.996605,37.66093,9.934254,172.95259,117.30333,37.011692,23.79674,0.4594887,0.12245678,0.3973582,0.47573003,0.51212776,0.11476955,1.9264406,0.5567114,1.471948,0.2929316,0.28795913,0.37969592,32.203228,0.12125608,8.687828,0.5564382,-1.7800422,-3.5502658,-16.758152,-0.3890562,0.09600319,0.84564173,1.6167318,0.5373208,2.8651266,0.9962721,7.3835287,2.0899796,31.527,0.25467676,776.6063,0.25625616,1460.1664,0.19353077,-69.84219,-1.1881089,1839.8792,0.12587473,1217.2,0.1325834,-68.50498,-0.99963164,3070.728,0.071519025,1059.8636,0.19478945,-74.10696,-0.88544214,-21.179018,-0.0836261,36.12335,0.059525896,0.079068065,0.09011684,-0.012525681,-0.5909824,0.2809522,0.37281367,33.417603,0.1256085,8.769447,0.6187532,-1.6183311,-4.7465444,-13.99167,-0.2596345,-20.634783,31.552149,0.090462476,-0.015115859,0.3554978,6.451613,7.692308,0.085,0.055,0.024999999,0.005,-26.277786,11,15,52,SPEAKER_01,722.466667,737.8,722.466667,722.78721875,1,0.32055174999993596,0.3205625,disengaged
37.275696,0.0846032,34.910084,36.61908,39.064026,4.153942,215.45436,377.03223,32.37997,44.74701,0.49777922,0.5768538,0.27476266,0.43245536,0.68102264,0.40625998,5.2223387,4.1311374,3.027418,2.3642304,0.18603392,1.000363,26.958994,0.3913092,5.008301,2.2600873,-10.976923,-1.0742725,-16.635271,-0.91249096,0.017697506,1.3390212,1.0888606,0.5410027,8.2242985,0.4102186,4.379036,2.581992,28.175795,0.52276653,784.51965,0.21679355,1319.1467,0.18936136,-42.85458,-1.687167,1870.5009,0.14453737,1111.7744,0.2944909,-53.883373,-1.1715229,2924.016,0.0912818,1006.7236,0.29231933,-60.10859,-1.0029955,-14.603955,-0.6328785,27.928696,0.2878026,0.05961676,0.33364725,-0.019154934,-0.740055,0.20111586,0.8906589,28.613289,0.33926517,5.601787,1.9870982,-11.169714,-1.0941813,-19.486305,-0.71382874,-9.128812,20.27247,0.036022022,-0.00465492,0.122105815,2.7732465,2.1294022,0.3796154,0.40634844,0.08090909,0.04888847,-26.835772,11,15,52,SPEAKER_00,722.466667,737.8,722.78721875,737.8,5,12.279031250000116,12.2790625,disengaged
36.636356,0.07184173,35.503548,36.852257,38.303707,2.8001595,211.16206,395.58572,33.614456,38.478333,0.3756074,0.7348342,0.17098862,0.28670543,0.590964,0.4199754,6.0699944,5.741585,2.4362051,2.4799294,0.1472976,1.1098794,28.062847,0.28402445,2.0471582,4.840525,-12.767951,-0.9575165,-8.914768,-1.8293438,0.01830868,1.3207923,1.1368848,0.6024781,8.097013,0.41775692,3.6909604,2.8337758,29.538641,0.33966213,754.08026,0.21611561,1403.0063,0.1581667,-79.72342,-1.1233948,1753.0721,0.12040424,1136.7441,0.2170081,-82.02964,-0.9983289,2902.4885,0.084318586,924.36523,0.37711844,-89.057785,-0.86399895,-14.534113,-0.56499803,28.239017,0.25820705,0.047935385,0.4223859,-0.017740224,-0.8609172,0.18937716,0.943803,29.729473,0.24685016,3.5865982,2.9059644,-13.517202,-1.0069966,-13.937922,-1.1408001,-9.50254,23.629282,0.0205964,-0.0008079357,0.06541477,2.5125628,2.658228,0.23761906,0.17565942,0.13105263,0.11479477,-28.34937,11,15,53,SPEAKER_00,737.833333,748.866667,737.833333,748.866667,5,7.978958999999804,7.9789375,engaged
41.181896,0.07399311,39.82954,42.0014,43.43478,3.6052399,60.114037,29.44803,10.819237,0.0,0.84115255,0.44990176,0.40529636,0.8704953,1.1909097,0.7856134,13.818034,13.395988,1.877195,3.3085566,0.35587478,0.5619786,23.141138,0.34219494,-0.9688547,-15.206231,-3.7704866,-2.9436529,-25.018137,-0.45146075,0.015521121,2.1910295,0.8848137,0.64969707,11.263016,0.2938127,8.305516,0.9270093,23.053644,0.549803,874.3561,0.14261074,1253.4807,0.13442494,-20.747755,-1.075086,1932.8617,0.085138015,1045.6255,0.2930021,-31.387238,-0.66412467,2959.3342,0.056985028,837.20233,0.2919119,-34.57481,-0.59552234,-17.106014,-0.45092398,27.74365,0.33160034,0.06143293,0.23892304,-0.01816255,-0.5428568,0.35180438,0.5633933,23.54661,0.342572,-0.07757334,-180.93634,-3.6411855,-3.1660388,-26.279957,-0.41479,-14.635384,24.95302,0.053848654,-0.012016544,0.15829399,3.2258065,2.2988505,0.415,0.305,0.0,0.0,-20.537754,11,15,54,SPEAKER_00,748.9,750.533333,748.9,750.533333,2,0.9414580000000115,0.9414375,disengaged
36.13622,0.0828067,34.783768,36.197742,38.48328,3.6995125,297.34854,437.401,25.105915,15.878914,0.3786752,0.43771383,0.23546168,0.34721017,0.522303,0.2868413,3.6963952,2.3952754,2.8586135,1.7783841,0.13930795,0.7774479,27.473354,0.3336012,5.937778,1.8989749,-12.790311,-0.97364265,-11.694396,-1.2045641,0.020233463,1.5241501,1.0780182,0.58202565,8.392999,0.41507542,5.3087516,2.0102246,32.293457,0.3040495,789.17346,0.21024452,1383.3632,0.16182168,-67.91162,-1.2463186,1802.9603,0.12963733,1187.9165,0.25224945,-75.009445,-1.0132391,2942.5457,0.08500069,964.5029,0.29205963,-81.78233,-0.8756798,-15.308955,-0.5720947,30.246119,0.24300647,0.060905505,0.3113255,-0.018293522,-0.76931196,0.16321453,0.6851396,30.521759,0.21565153,6.967861,1.5795658,-13.123308,-0.99452555,-16.03283,-0.85094416,-10.063437,21.237846,0.041479986,-0.003451703,0.0860931,4.2643924,3.140614,0.21522728,0.20633698,0.104705885,0.093752965,-29.227419,11,15,55,SPEAKER_00,750.566667,771.533333,750.566667,771.533333,12,14.0816659999997,14.0816875,engaged
33.842594,0.120730266,33.686226,34.79739,35.848537,2.1623116,195.95813,12.399277,65.81065,36.51022,0.3467568,0.41352236,0.21626168,0.31062198,0.48167628,0.2654146,3.0160937,1.481486,2.478828,2.094274,0.112487786,0.71833545,22.551807,0.5389354,5.7211633,1.9089676,-18.507992,-0.5901137,-5.2871056,-2.6587315,0.043736074,1.9860318,1.36011,0.5642984,6.197917,0.56579506,7.3603716,1.175978,35.47829,0.30788574,809.0187,0.17352048,1390.1721,0.15246189,-98.30139,-0.9552763,1867.6842,0.10170315,1238.198,0.29494816,-104.35292,-0.81874204,2968.128,0.08154172,1061.4348,0.2475557,-109.87654,-0.73120105,-17.938314,-0.44145438,29.684317,0.2548561,0.06062075,0.3383322,-0.021101663,-0.74925864,0.15913731,0.49125898,30.796164,0.27480948,10.127302,1.0675925,-14.763714,-0.807237,-13.002966,-0.90689164,-5.9364448,16.982746,0.033884592,-0.004854134,0.07093766,2.7972028,4.347826,0.111666664,0.10106378,0.1475,0.109857865,-31.626514,11,15,56,SPEAKER_00,771.566667,773.1,771.566667,773.00721875,1,1.4405517499999405,1.4405625,disengaged
37.8478,0.09503483,36.647125,37.175148,38.796375,2.14925,28.776848,3.7739868,207.13837,267.73367,0.3624002,0.45429593,0.21195447,0.3151769,0.50957453,0.29762006,3.8049169,2.1631138,3.074064,1.2473046,0.15331852,0.68606794,31.466177,0.2251947,3.4984694,2.5228505,-13.333381,-0.83222044,-12.034251,-0.98205507,0.01809657,0.8546652,1.1356547,0.54216814,8.259898,0.3917117,4.905548,2.3388677,31.460356,0.28722277,751.3002,0.22986628,1378.9666,0.19573367,-65.401245,-1.2548153,1791.6312,0.13354832,1161.8259,0.25332937,-70.45744,-1.0316542,2925.8345,0.0911383,1010.9346,0.24355286,-78.33493,-0.865086,-17.541588,-0.41665167,30.235016,0.23855095,0.0560136,0.42139152,-0.021626607,-0.6110144,0.18251164,0.5918655,32.40877,0.19483535,3.98856,2.3153646,-13.279504,-0.91803855,-15.087269,-0.74322677,-12.695491,26.326984,0.037989534,-0.009658154,0.07489931,4.580153,2.745098,0.26142856,0.21047081,0.095,0.041129876,-28.384943,11,15,57,SPEAKER_00,773.133333,776.166667,773.5303437500002,776.166667,1,2.636323249999805,2.6363125,engaged
40.710533,0.27132508,33.106514,35.457157,56.216785,23.110271,932.2803,0.0,15.594827,11.819613,0.24780329,0.3867358,0.17430826,0.19468373,0.3606579,0.18634965,0.7045493,0.5391063,0.97210133,0.0,0.081923135,0.9451067,23.054344,0.51819885,9.326498,0.65435416,-16.789494,-0.7913205,-0.56973314,-20.885899,0.0283078,0.6208795,1.3839347,0.5871494,6.1908417,0.51325166,21.895788,0.35854664,37.964687,0.27271926,786.8404,0.21895063,1347.9779,0.1359834,-91.00926,-1.0255286,1791.9456,0.12993884,1205.7898,0.2063608,-91.31259,-0.8402856,2913.1086,0.09483963,941.04126,0.24441792,-97.53483,-0.74736226,-22.892693,-0.29815763,34.886864,0.14870144,0.057843775,0.40800247,-0.0151344985,-0.6407995,0.13108538,0.60289556,30.071878,0.3225427,12.907947,0.37080133,-9.335428,-1.3593671,-7.6733017,-1.2462329,-11.910025,24.9542,0.03112243,0.0006347084,0.03413734,2.5000002,5.714286,0.099999994,0.06,0.055,0.015,-32.074398,11,15,58,SPEAKER_00,776.2,785.866667,776.2,776.6184687500001,1,0.41846875000010186,0.4184375,disengaged
36.68398,0.021433221,36.071228,36.648,37.072414,1.0011864,66.02061,59.550488,21.19964,12.538711,0.51274663,0.47705895,0.28442806,0.4976238,0.71700585,0.4325778,7.694917,1.9452721,3.919162,2.8917382,0.1966967,0.5814246,32.532497,0.14351468,2.458656,3.1490884,-8.531285,-1.1106601,-6.335244,-1.6876318,0.01479949,0.90173775,1.2665305,0.8910043,9.412823,0.3000544,0.53447807,22.802608,27.807884,0.1958477,719.4498,0.15085499,1348.1458,0.14738666,-21.04549,-1.6942033,1734.422,0.057596844,949.2599,0.22585955,-33.224133,-0.9797979,2905.4026,0.050190683,800.6557,0.3421155,-45.78764,-0.6535145,-17.428457,-0.237556,30.75879,0.15067595,0.059627,0.27327093,-0.028786046,-0.36401007,0.20872808,0.5348943,33.06923,0.121966496,2.0877779,3.75939,-8.498864,-1.1588742,-7.990971,-1.2162554,-15.889372,31.102146,0.031044636,-0.016156092,0.22537838,4.5454545,3.6585367,0.24666665,0.097410925,0.0,0.0,-26.388536,11,15,58,SPEAKER_01,776.2,785.866667,784.97159375,785.866667,1,0.8950732499999958,0.8950625,disengaged
34.972755,0.027844982,33.9129,35.04583,35.801113,1.8882141,10.692486,7.5591035,14.828544,8.004242,0.26656145,0.55728525,0.143353,0.2191875,0.39823055,0.25487757,2.6443236,1.116824,2.2946315,1.709594,0.0791198,0.80830604,23.96179,0.5640727,7.668167,1.1924374,-7.1217,-1.4780145,1.6442943,5.3906894,0.016563907,0.785529,1.0387207,0.5919505,8.22769,0.41683844,5.988976,1.7210997,28.265905,0.59555095,739.7636,0.27220863,1365.4318,0.13447699,-73.1454,-1.150234,1770.7449,0.13643748,1132.8474,0.16048011,-80.09026,-0.9737018,2903.6943,0.08311638,1029.5626,0.41861314,-87.89145,-0.82616895,-17.706036,-0.31919506,32.516094,0.24188991,0.039685205,0.43910068,-0.011892183,-0.9762535,0.10780924,0.5195212,31.858644,0.27167955,10.852605,0.71399057,-4.6162653,-2.4165769,-1.4648112,-4.982919,-4.8550572,16.002155,0.017732251,0.014104046,0.02959843,3.3557048,2.0833335,0.32333332,0.2595295,0.13333333,0.046427958,-31.956984,11,15,59,SPEAKER_01,785.9,818.5,785.9,787.4015937500001,1,1.5015937500000973,1.5015625,engaged
35.84552,0.06473568,34.706444,35.859394,37.284576,2.5781326,239.68044,364.5255,34.96082,48.248474,0.34917256,0.451268,0.2101516,0.32523343,0.47604427,0.26589268,3.5473928,1.6970892,2.6145196,1.7611784,0.12433214,0.7170989,27.179586,0.3530295,3.0914125,3.535598,-14.337625,-0.7442257,-6.977649,-1.7815149,0.019999474,1.6313652,1.1428009,0.58208525,7.7843423,0.40675616,7.351447,1.434909,33.544617,0.35669327,768.7,0.2213375,1395.3394,0.16569477,-80.95156,-1.1131958,1783.9542,0.12273998,1193.4558,0.26011306,-84.90846,-0.95947224,2921.581,0.089733034,1034.1122,0.30078694,-92.05217,-0.8276688,-15.679295,-0.523611,30.245512,0.24342543,0.06306597,0.31860486,-0.015453239,-0.9128863,0.15775673,0.5489048,31.434067,0.20584296,5.6294084,1.9411697,-14.174906,-0.82694995,-11.650254,-1.0028471,-7.5724845,18.967468,0.03253687,-0.0016901548,0.06452265,3.5872633,2.5485437,0.24492063,0.1860182,0.1375862,0.1248352,-30.921007,11,15,59,SPEAKER_00,785.9,818.5,788.73471875,818.5,9,24.820906250000235,24.8209375,engaged
38.167408,0.07587463,36.785934,38.61093,40.293686,3.5077515,26.64273,12.52987,62.820057,51.324768,0.34175456,0.450865,0.19161849,0.34466326,0.48423576,0.29261726,4.1120806,1.1666285,0.92043895,1.0283121,0.118284896,0.8420911,29.070036,0.23248164,-0.017564831,-564.0425,-12.860068,-0.71719164,-7.9297223,-1.891829,0.033125527,1.4146055,1.2704519,0.5095886,8.562536,0.37301028,7.438757,1.313484,31.679514,0.2470026,795.22095,0.15133584,1359.8331,0.15138027,-60.612938,-1.3143317,1764.5905,0.0754493,1138.2545,0.23710266,-68.30983,-1.0681126,2928.4006,0.07324436,928.0639,0.38252437,-76.57504,-0.89061725,-15.557428,-0.48911434,29.377483,0.2690198,0.06049801,0.37555477,-0.016410347,-0.89763707,0.14680226,0.6895287,30.896063,0.18191387,1.5339125,6.4553576,-12.35151,-0.7661633,-13.80246,-0.88612866,-7.0551243,22.525702,0.020623371,0.0035516035,0.03865995,3.9473684,2.7210886,0.265,0.17613915,0.155,0.085,-30.955133,11,15,60,SPEAKER_00,818.533333,825.366667,818.533333,820.52721875,2,1.5382607499999494,1.53825,disengaged
38.41098,0.05560818,36.820305,38.050724,40.552658,3.7323532,25.287132,22.88996,44.534676,28.13852,0.4055144,0.68376803,0.16651744,0.32205483,0.60982805,0.44331062,3.7405913,2.2825584,3.188107,2.6574917,0.13522632,0.88008714,28.781546,0.21801005,-5.387911,-1.7839731,-11.965813,-0.6490311,-8.680823,-1.54864,0.01935691,0.811333,1.1896712,0.42080554,7.844635,0.33415806,1.8518851,5.060161,26.603786,0.39577788,712.331,0.22518137,1340.912,0.16245201,-66.96649,-1.2839385,1703.7645,0.098901585,1108.4249,0.23649393,-69.57443,-1.0820117,2808.7102,0.08894547,927.65326,0.27455035,-76.89775,-0.92431754,-14.137375,-0.43073845,27.245901,0.24828944,0.044660654,0.53629756,-0.021718962,-0.72026294,0.17070772,0.74516004,30.83826,0.17541629,-3.5679388,-2.9383233,-13.16602,-0.665229,-12.242549,-1.1474134,-7.7814364,19.672096,0.010496205,-0.0010188173,0.057643726,3.2,4.166667,0.16399999,0.107814655,0.09333333,0.020548046,-29.706167,11,15,60,SPEAKER_01,818.533333,825.366667,822.65346875,825.366667,3,1.2619482500001595,1.2619375,disengaged
40.164413,0.07689086,36.795536,39.56367,43.33018,6.534645,26.21647,16.93635,53.19612,64.312195,0.428041,0.41186514,0.28741977,0.41910237,0.5420571,0.25463733,2.786033,2.5237236,2.9379478,1.8625591,0.11949787,0.75576776,27.207685,0.18601236,6.6259036,1.603845,-4.4803133,-1.8154919,-11.692954,-1.0115075,0.016292222,1.3858068,0.71774626,0.7646307,11.782618,0.39400515,8.4100275,0.9293385,24.729988,0.25843883,858.04895,0.18991119,1338.9557,0.17089054,-44.148445,-1.2831819,1861.7305,0.10131985,1137.3347,0.18357655,-51.92872,-0.9786148,2957.7524,0.06508178,895.71405,0.26987332,-56.075153,-0.87343204,-21.834484,-0.31465828,33.652855,0.22810797,0.043764107,0.51457566,-0.013848051,-0.72042733,0.1221106,0.74677694,27.792156,0.17347221,7.3599443,1.4384602,-3.8289778,-2.0283954,-13.079697,-0.9084681,-10.025165,21.767841,0.022030668,-0.013227968,0.11093881,2.0491803,1.6806724,0.5175,0.31641546,0.07333333,0.06847546,-25.345448,11,15,61,SPEAKER_01,825.4,837.333333,825.4,831.09096875,4,2.4509687500000155,2.4509375,engaged
39.01225,0.117786944,35.84717,37.80747,43.90119,8.05402,277.6118,221.23744,91.185776,117.69567,0.39545846,0.51345766,0.24480027,0.35912192,0.47344851,0.22864825,3.8910813,2.0495636,2.3567798,1.6916322,0.12865327,1.2428664,27.928883,0.19446434,1.9816915,4.7727118,-13.0568905,-0.6646209,-9.566501,-1.5854739,0.020648327,2.0960782,0.9424744,0.65053254,9.669696,0.4232967,7.074369,1.2559973,27.632679,0.33001137,813.9741,0.19496946,1283.5468,0.15679505,-35.369503,-1.6810654,1785.738,0.098693036,1064.5995,0.21542113,-43.963634,-1.1914114,2939.807,0.08317211,845.91815,0.37582508,-53.658016,-0.9133426,-16.371002,-0.42962492,29.457308,0.22845495,0.044973876,0.56661856,-0.011651427,-1.28821,0.12677181,1.297906,28.395012,0.16425821,2.8327303,3.222527,-13.14908,-0.6729408,-11.0345955,-1.3329717,-6.050049,22.847593,0.020003516,0.010240103,0.12382985,2.542373,1.7241379,0.505,0.6695458,0.08,0.05049752,-29.015789,11,15,61,SPEAKER_00,825.4,837.333333,830.0278437500001,837.333333,8,3.5592392500000187,3.55925,engaged
38.185562,0.11461543,35.288044,38.348595,41.584946,6.2969017,249.60608,339.10352,93.37229,171.16008,0.4626278,0.5733399,0.25092885,0.39331084,0.63332045,0.3823916,5.3838553,3.3610053,3.5102425,3.0198748,0.19413334,0.9260296,25.916225,0.33592507,1.2622578,9.438586,-12.866314,-0.9753864,-14.770781,-1.0762929,0.025884422,1.9101721,1.1269704,0.6045473,8.327909,0.46120882,7.2564454,1.5095643,30.789257,0.41949254,800.1329,0.21826953,1352.3574,0.15883172,-73.1645,-1.193187,1824.1559,0.12312832,1125.0634,0.25685963,-77.10812,-1.0141712,2953.8938,0.08799072,965.51984,0.3508138,-83.36951,-0.88665247,-15.135008,-0.5637923,28.626745,0.27047715,0.054435574,0.36801678,-0.019425329,-0.78148854,0.22772162,0.81715477,28.280077,0.26904225,1.5511354,8.144453,-13.737107,-0.98555475,-19.293665,-0.7635478,-10.183725,20.833288,0.031754714,-0.008455959,0.12564737,3.488372,3.2404408,0.2028,0.18560214,0.09282609,0.08316205,-26.137846,11,15,62,SPEAKER_00,837.366667,867.166667,837.366667,866.91659375,8,15.49305174999995,15.4930625,disengaged
38.759365,0.090037785,36.83084,38.445637,41.967293,5.1364517,148.39899,145.5486,57.543842,43.319157,0.33916673,0.60564977,0.19576389,0.27825218,0.46393192,0.26816803,3.3227339,2.5385842,2.0847359,1.2741185,0.122298725,1.3463047,25.122066,0.24066581,-1.1653334,-6.164588,-10.31923,-0.9402953,-19.881796,-0.6465002,0.035221256,1.5478103,1.3866104,0.4522124,6.734352,0.46474013,8.503292,1.2102036,28.493036,0.25875098,816.4614,0.19340539,1339.5825,0.17542036,-65.5425,-1.32855,1807.5472,0.107458934,1154.0698,0.3071153,-69.89221,-1.123264,2883.4126,0.06568992,850.3728,0.38234714,-74.90529,-1.0066639,-14.77881,-0.29961,26.574116,0.20998769,0.05984569,0.39202523,-0.021304855,-0.5630819,0.14188373,1.3127791,26.488976,0.16581073,-1.3460863,-5.534736,-10.833877,-0.9951121,-23.098263,-0.53642625,-10.444908,22.05492,0.03521887,-0.009826559,0.076621294,2.5222552,2.8400598,0.24157894,0.20954242,0.095,0.091606036,-29.015368,11,15,62,SPEAKER_01,837.366667,867.166667,850.90221875,861.17909375,4,6.750000000000227,6.75,disengaged
35.14778,0.10665293,33.043247,35.692856,37.177017,4.13377,100.61512,112.186,26.141539,20.409822,0.25713614,0.5750747,0.14309874,0.2094227,0.3516196,0.20852086,2.4366436,1.5180976,2.2119877,1.6090158,0.078937605,0.9946833,25.555164,0.3237637,2.6891594,2.8770013,-11.30007,-0.74069124,-11.755431,-0.9407153,0.015732514,0.7951164,1.161279,0.51395124,6.934989,0.44692013,5.763469,1.9529941,29.724787,0.25523135,785.1828,0.20233482,1342.3018,0.15326686,-119.28556,-0.780875,1770.3287,0.11257431,1167.8618,0.21297254,-120.7647,-0.7129549,2869.881,0.08181193,914.9219,0.40104783,-124.36025,-0.66055197,-14.674393,-0.4056165,29.29269,0.187833,0.051369563,0.35129154,-0.016316457,-0.9259938,0.112148255,0.84178406,28.905008,0.19702275,3.6376238,2.23632,-12.886526,-0.7826272,-16.192505,-0.7005325,-10.406884,22.46738,0.023818756,-0.010051634,0.05153666,3.4,2.8282828,0.14571428,0.13118766,0.20153846,0.12924908,-35.161827,11,15,63,SPEAKER_00,867.2,873.233333,867.37221875,873.233333,3,5.017364250000014,5.017375,engaged
39.867275,0.07764284,36.99379,39.241848,43.714073,6.7202835,132.72914,123.960846,7.280004,10.522296,0.80725354,0.5912184,0.38417104,0.68525076,1.141197,0.75702596,5.652219,4.3691974,4.830311,4.635992,0.29045647,0.71419114,25.998745,0.2879768,-5.619797,-2.0631964,-21.772633,-0.7415188,-15.731916,-0.5765122,0.017742075,1.076826,1.1923641,0.5904763,7.2201653,0.5582926,-1.4949992,-5.832477,27.260355,0.3654671,838.7653,0.17713962,1360.0765,0.14289111,-35.336815,-2.078306,1796.58,0.11219397,1198.6686,0.22198832,-43.619617,-1.5038863,2915.9827,0.06311258,924.94434,0.28379962,-53.56388,-1.126408,-7.4962,-1.2543851,27.247469,0.23121712,0.060006756,0.35413334,-0.017858211,-0.79354966,0.30841097,0.5614855,27.658157,0.20490834,-6.8076444,-1.8014429,-25.11331,-0.61375004,-16.19807,-0.56089616,-8.860336,20.911478,0.049319673,-0.0060619875,0.25817528,2.3391814,2.967359,0.272,0.28343606,0.06285714,0.031036515,-20.949905,11,15,64,SPEAKER_00,873.266667,876.933333,873.266667,876.933333,2,3.4304160000000365,3.4304375,disengaged
36.38496,0.048363846,35.12555,36.0176,37.78201,2.6564598,100.43364,123.20273,29.62065,28.790628,0.44867396,0.37740827,0.2843922,0.43934262,0.58952016,0.30512795,3.9751782,2.0801961,2.3547485,0.8211993,0.16572769,0.596173,26.985611,0.26007345,3.3462002,2.706602,-11.662106,-1.0122405,-11.196163,-0.96237034,0.023335822,1.4177111,1.224434,0.5875404,6.938338,0.5082388,4.581062,2.2734814,29.008905,0.2776137,776.5365,0.20939295,1369.9434,0.16390242,-67.336205,-1.2564641,1804.6854,0.11967461,1170.5533,0.28132138,-73.78578,-1.0269507,2901.976,0.08415321,1013.3056,0.30671957,-80.11077,-0.8949237,-13.698391,-0.5613578,27.532726,0.22347127,0.05412561,0.32158974,-0.018361123,-0.7987242,0.1838024,0.4975061,29.095308,0.19988494,3.950793,2.4491823,-11.930504,-1.0921005,-13.001065,-0.7793034,-10.420789,21.875782,0.036857087,-0.009504711,0.12739855,4.1474657,3.7151701,0.17999999,0.15370426,0.074090905,0.05210645,-29.789642,11,15,65,SPEAKER_00,876.966667,889.966667,876.966667,889.966667,6,6.519999999999982,6.52,engaged
38.80114,0.07274033,36.45832,39.663536,40.770927,4.312607,174.53833,157.44568,32.86724,29.823545,0.4972517,0.40097755,0.28317824,0.51000774,0.67300415,0.3898259,3.3971806,0.7773815,2.6336899,1.4694158,0.14288424,0.7130463,19.94865,0.33327496,3.5221179,2.3662987,-13.455913,-0.777083,-16.379065,-0.7511321,0.030980352,2.1752646,0.8517689,0.53908736,8.730763,0.38134775,-0.055619597,-108.032135,22.086628,0.37137517,872.84,0.10423651,1195.7539,0.25105876,-63.264797,-1.3212484,1945.316,0.06575832,979.74664,0.23951752,-74.55177,-1.0074782,2998.6897,0.05425499,840.67206,0.52001023,-77.57651,-0.9437793,-14.308421,-0.39999714,26.147135,0.2026498,0.04700781,0.33425215,-0.021869877,-0.51464564,0.16287792,0.6534289,21.3554,0.3365626,5.61114,1.304827,-16.601105,-0.59418756,-19.173796,-0.6055564,-8.9363985,17.647234,0.027566992,-0.0070438334,0.102713004,2.7027028,2.777778,0.24799998,0.20536794,0.09199999,0.069397405,-27.426292,11,15,66,SPEAKER_00,890.0,893.0,890.0,893.0,3,1.8693749999997635,1.869375,disengaged
35.64102,0.099389724,34.356636,35.87047,37.797424,3.4407883,187.4584,114.051765,0.13668187,14.703215,0.44101626,0.47940853,0.26297632,0.4026682,0.58949023,0.32651392,3.3895721,1.4207187,2.1876261,2.100777,0.16445114,0.84496135,28.484577,0.22011146,0.63407755,16.413086,-8.565299,-1.4044178,-16.376205,-0.9877553,0.026628826,1.529753,1.0732619,0.6080205,8.50548,0.37074584,10.68489,0.8831193,32.92361,0.24441637,776.71515,0.19486599,1355.1011,0.16609325,-61.96999,-1.4203806,1792.5768,0.10509851,1120.7395,0.2479647,-71.38108,-1.0837829,2889.3098,0.063393414,957.93054,0.48715195,-76.83331,-0.962736,-16.339607,-0.45760745,29.139807,0.26882073,0.06639889,0.22840011,-0.02024393,-0.85086966,0.17845419,0.7297593,30.337738,0.18939616,3.391972,3.0028555,-8.705829,-1.4899386,-20.258295,-0.7376203,-9.857199,20.340607,0.04167726,-0.009145235,0.14406927,3.726708,3.2051284,0.212,0.13760814,0.08,0.038470767,-28.116413,11,15,67,SPEAKER_00,893.033333,896.8,893.033333,896.4140937500001,2,1.6257607500002678,1.62575,engaged
38.55865,0.07676942,35.841206,37.596592,42.145943,6.304737,60.032444,39.030697,7.961678,13.014368,0.43486726,0.5881229,0.22499025,0.3735489,0.61787367,0.39288342,4.314224,3.0689983,3.482856,2.040701,0.16813156,0.94083345,25.5188,0.4057093,8.84927,1.1115974,-9.009522,-1.1379168,-22.487347,-0.78359085,0.019837752,1.1014148,0.88390124,0.75746435,9.606765,0.47614047,9.269695,1.0295023,30.838764,0.4608293,801.4487,0.16981784,1282.0913,0.16188166,-63.699783,-1.2754493,1920.4958,0.10361947,1165.2087,0.2911563,-75.09386,-0.9353929,2943.154,0.066769466,914.6405,0.4243331,-76.863304,-0.8979725,-20.392784,-0.31681597,30.599346,0.24723963,0.05017597,0.41679448,-0.02670246,-0.40959457,0.18836813,0.80849075,28.923784,0.25071993,9.915718,0.9742729,-8.32444,-1.299003,-26.452492,-0.6443378,-13.288296,22.123652,0.056950696,-0.006831418,0.1468874,2.314815,2.843602,0.25166667,0.20803979,0.08,0.029439203,-26.89279,11,15,68,SPEAKER_00,896.833333,907.233333,897.62909375,905.76284375,3,2.176874999999768,2.176875,disengaged
36.057217,0.10098379,33.63818,36.21164,37.663998,4.025818,69.98055,43.514793,19.62378,12.034601,0.4180498,0.55946934,0.22292428,0.35401624,0.6063569,0.38343263,4.122104,2.7977111,2.6975598,1.3388379,0.13093835,0.8769755,26.994322,0.3019198,2.0327663,4.5566,-9.509313,-1.1484028,-15.924704,-1.0384992,0.014437789,2.1608968,0.9587393,0.60894156,9.243672,0.34522647,2.0944195,4.7699623,26.710981,0.33183745,768.44165,0.18980052,1353.9833,0.17003068,-62.43359,-1.4060403,1790.3281,0.11207061,1114.3372,0.23132831,-71.38515,-1.1091975,2878.3945,0.07929762,886.03406,0.36552653,-76.79389,-0.9846048,-15.745748,-0.40333068,27.025818,0.21949326,0.049706757,0.41788116,-0.02370109,-0.6633004,0.15613161,0.7745115,29.76026,0.20396383,1.871424,5.5360794,-10.2935095,-1.1187049,-19.504442,-0.83042043,-10.308058,20.779507,0.020649109,-0.0064457427,0.060277805,3.4161491,2.0376177,0.34076923,0.2557782,0.15363635,0.07583147,-28.367912,11,15,69,SPEAKER_00,907.266667,918.7,908.20971875,918.7,6,6.4571562500000255,6.4571875,engaged
36.7645,0.063781574,35.03996,36.20584,38.33422,3.294262,125.69896,140.53978,23.72346,15.61448,0.37006146,0.48702517,0.19187541,0.35865927,0.5387998,0.34692442,3.6397126,1.7231382,2.5452137,1.2123532,0.13568783,0.8154074,28.774858,0.2732006,4.9669967,2.1193402,-12.837689,-0.7891987,-10.112515,-1.5522147,0.018074796,1.2141272,1.0709634,0.62143874,8.93013,0.33938274,8.046626,1.380009,34.10212,0.26583344,789.3896,0.19283834,1340.7137,0.13949755,-80.2866,-1.1125584,1830.9274,0.116224036,1096.7465,0.2451192,-86.90116,-0.9231137,2980.3582,0.080680504,945.3427,0.28729078,-92.74929,-0.81766427,-17.532011,-0.44871202,29.984219,0.20307465,0.062491525,0.28107032,-0.02335305,-0.72914624,0.16823632,0.58939296,32.309513,0.13426626,6.855687,1.4921426,-12.723861,-0.8659403,-16.690535,-0.7684507,-8.818162,21.795507,0.027974095,-0.0015281524,0.081058964,3.9447734,3.187251,0.191875,0.14103274,0.114999995,0.14855254,-29.635027,11,15,70,SPEAKER_00,918.733333,928.966667,918.733333,927.19409375,6,5.085760749999963,5.08575,disengaged
32.636963,0.0013597531,32.59294,32.65339,32.67812,0.085178375,5.3430557,0.0,2.2982028,0.0,0.25817055,0.1550377,0.21376154,0.28006735,0.29291424,0.0791527,0.0,0.0,-0.007223688,0.0,0.050104775,0.3050356,33.580254,0.03470148,11.621121,0.059884302,-8.200963,-0.40232727,-12.236366,-0.24789742,0.018733378,0.8538982,0.5220806,0.30274227,6.8552213,0.21845411,-2.5669844,-0.44443777,35.339165,0.06709154,623.3751,0.2120786,1452.0559,0.044740874,-1.6459833,-3.1433794,1656.0925,0.0937785,1158.0431,0.117304966,-20.377974,-0.13227026,2820.6392,0.0872644,880.3174,0.19365275,-31.446136,-0.0818007,-19.686975,-0.0335036,31.928272,0.030326981,0.03623419,0.23230708,-0.03103653,-0.10916723,0.056355182,0.188212,33.087086,0.039663143,11.423035,0.074215576,-10.831547,-0.14854328,-13.833163,-0.15854983,0.0,0.0,0.0,0.0,0.0,0.0,12.5,0.07,0.0,0.0,0.0,-37.560493,11,15,71,SPEAKER_00,929.0,949.133333,929.25284375,929.40471875,1,0.1518750000000182,0.151875,engaged
36.307915,0.11011102,34.197018,35.887794,39.22857,5.0315514,165.6883,145.54213,67.03953,64.478165,0.43115214,0.36758438,0.2890365,0.42469132,0.57461005,0.28557354,5.262669,2.3333087,3.1851676,1.3885124,0.18923107,0.69539654,29.881338,0.34651333,7.713379,1.1291926,-12.084758,-0.9041376,-12.543189,-1.1655453,0.025664184,1.9463054,1.32721,0.64849657,8.641985,0.3981783,9.059164,0.84941304,36.626198,0.23291904,783.0419,0.23037717,1409.7001,0.1512378,-77.013596,-1.1228211,1800.1565,0.1337811,1275.5659,0.2839001,-82.92482,-0.9251327,2922.6443,0.0944965,1013.99805,0.26218677,-88.84627,-0.8191708,-18.597958,-0.34348938,32.711895,0.1975025,0.054637127,0.34126735,-0.023592046,-0.48693013,0.22167942,0.6330507,33.459686,0.18788856,10.692594,0.67742896,-10.7783985,-1.029982,-17.989302,-0.7313585,-7.455702,20.23761,0.03554045,-0.0047158627,0.12333513,5.058366,2.7888446,0.23428571,0.17823394,0.10428572,0.09484681,-26.705784,11,15,72,SPEAKER_00,949.166667,953.066667,949.30034375,953.066667,3,2.5850732499999367,2.5850625,disengaged
35.335793,0.07637006,34.375694,35.27501,37.874294,3.4986,138.10048,108.29978,19.485628,10.598982,0.3431246,0.4045256,0.23434946,0.33856297,0.47329667,0.23894721,3.0801787,1.3537832,2.631931,1.1320505,0.1155984,0.66354746,27.761162,0.39076558,3.9824433,2.2229767,-15.376462,-0.6746786,-8.3302555,-1.5445757,0.01976451,1.6414754,1.0470226,0.50082844,7.614985,0.45540375,11.344571,0.6371355,30.44159,1.2191631,776.46387,0.19354217,1445.5961,0.17002852,-61.499733,-1.3640512,1774.2941,0.11373367,1255.2657,0.2052904,-67.644966,-1.0942408,2954.8396,0.06465375,1050.2468,0.24679953,-76.49531,-0.89700234,-13.621588,-0.5758523,31.313135,0.2170756,0.06298107,0.29155496,-0.010782745,-1.8001542,0.13803343,0.5394437,33.152283,0.12786362,5.2747707,1.7383559,-15.535753,-0.6206757,-12.916849,-0.96279037,-7.537182,20.195992,0.04215359,0.011440298,0.08455878,4.2253523,3.649635,0.19399999,0.10983624,0.0725,0.03699662,-31.783144,11,15,73,SPEAKER_00,953.1,954.533333,953.1,954.533333,1,1.4333329999999478,1.4333125,engaged
36.87081,0.12971625,34.9044,36.753613,37.884624,2.9802246,114.93423,96.67772,35.853065,29.362146,0.3625183,0.4387283,0.23124409,0.3104513,0.5055488,0.2743047,4.2832303,2.9347222,2.7125425,1.5078148,0.1424547,0.8207356,24.132483,0.43009374,4.6996117,2.1501338,-12.476229,-0.9499618,-7.3020244,-1.8119029,0.023558822,1.8767846,1.274952,0.62213075,7.708618,0.45075196,8.983282,1.1805708,33.046524,0.2528923,776.0518,0.21743695,1381.2148,0.153904,-98.577614,-0.9366345,1804.7072,0.12196839,1171.8252,0.2155449,-102.87724,-0.81735927,2913.1167,0.08430727,1019.4344,0.33164176,-107.18603,-0.74238634,-16.776875,-0.5165764,30.60529,0.23247813,0.060287535,0.33058837,-0.017295241,-0.87261456,0.2000872,0.6071596,30.193932,0.21731113,6.552456,1.6533918,-11.87641,-1.111719,-13.695072,-0.8317515,-7.9176483,18.7522,0.03265141,-0.0009743444,0.07274315,4.369919,2.7579162,0.19222221,0.13081889,0.1616,0.1381211,-29.749578,11,15,74,SPEAKER_00,954.566667,967.133333,954.566667,966.07409375,5,9.853676749999636,9.8536875,disengaged
36.015686,0.08566991,34.431316,35.955467,37.98026,3.5489426,258.0082,328.92072,44.21861,60.318996,0.40088275,0.4143951,0.25244382,0.37178257,0.56173426,0.30929044,4.084874,1.9953607,2.9676926,1.7584658,0.1533301,0.7759585,24.54433,0.46511507,5.4388056,1.65497,-14.501337,-0.659775,-10.795325,-1.1751355,0.023368727,1.9496886,1.1594013,0.5861945,8.003279,0.40073374,6.0345807,1.648806,33.58682,0.27411464,771.1523,0.23251657,1398.224,0.1851744,-90.34571,-1.0105156,1786.9851,0.13228773,1165.5492,0.22201428,-91.118515,-0.91643935,2920.0483,0.07432497,944.6166,0.22803293,-97.35591,-0.80652934,-15.924974,-0.44851053,30.279097,0.259604,0.062245786,0.28557664,-0.021293052,-0.6136699,0.19954027,0.58454907,30.376535,0.23299836,6.6354976,1.4095994,-14.10715,-0.7471953,-15.740847,-0.7583396,-7.9187255,18.035406,0.037807744,-0.0060349945,0.08606222,3.8461537,2.4806201,0.238125,0.19013871,0.17615385,0.13539337,-28.617472,11,15,75,SPEAKER_00,967.166667,996.633333,988.53471875,996.633333,4,6.512364249999905,6.512375,engaged
35.66569,0.11323483,33.996315,36.031143,38.95713,4.9608154,111.644005,87.09703,32.4313,30.780346,0.3162931,0.4760867,0.19701783,0.28137314,0.40971217,0.21269433,3.2127326,2.1864307,2.3184838,1.2373028,0.13158262,0.8570625,23.321299,0.42745125,10.014571,0.9287422,-12.529932,-0.8431395,-2.3465345,-5.5324593,0.029543811,1.5918666,1.3825179,0.5764877,7.117452,0.5024972,11.703517,0.7496832,34.79484,0.2259588,745.67206,0.20660391,1420.0382,0.10129382,-111.54734,-0.8083626,1786.2606,0.10790342,1193.767,0.30522197,-109.20058,-0.75707394,2864.835,0.09523274,1038.3533,0.30629942,-114.018555,-0.6840603,-17.572636,-0.53042316,30.578156,0.25311697,0.055481866,0.34132808,-0.020688789,-0.6524181,0.19983245,0.58800125,28.329855,0.22803329,11.253569,0.9928137,-10.444597,-1.1653373,-9.129982,-1.2619013,-9.573638,20.735529,0.03539437,-0.0051875077,0.067533076,4.8192773,4.347826,0.108571425,0.043236416,0.09857142,0.14055285,-29.951216,11,15,76,SPEAKER_00,996.666667,998.633333,996.666667,998.633333,2,1.679791000000023,1.6798125,disengaged
36.428677,0.08062425,34.68521,36.097763,38.168724,3.4835129,178.18182,127.789406,101.809715,149.14769,0.38260016,0.4084877,0.23305418,0.3742675,0.5402603,0.30720615,4.105656,1.9390476,3.0138092,1.7761881,0.15746178,0.7376146,30.25546,0.35323155,7.0709643,1.6152874,-12.35789,-1.0544077,-10.486104,-1.3703749,0.028568015,1.8253293,1.2056425,0.73231,8.384291,0.4030916,4.5008855,1.9140022,31.652145,0.34364977,810.8457,0.18357234,1393.6414,0.16043144,-62.800175,-1.3112056,1838.4281,0.12598842,1251.4962,0.236878,-70.264015,-1.0301663,2965.4548,0.08345734,1012.976,0.31122714,-77.53005,-0.8743075,-15.740551,-0.6741665,32.351017,0.2515722,0.05083516,0.39260304,-0.017081436,-0.9591349,0.18634628,0.63897425,33.084064,0.22116385,8.177471,1.4449182,-11.948182,-1.1550317,-14.536439,-0.84433514,-7.0477543,21.974632,0.018215492,0.003118337,0.07774205,5.0179214,2.919708,0.24499999,0.1640122,0.099999994,0.05656854,-28.124933,11,15,77,SPEAKER_00,998.666667,1002.1,998.666667,1002.1,2,2.8089579999998477,2.809,engaged
37.50705,0.019663168,36.86762,37.238247,38.057293,1.1896744,6.060636,2.3682995,11.529056,1.9477227,0.38175642,0.43009531,0.21927983,0.34830508,0.54032975,0.32104993,5.477656,3.1687434,3.0003204,0.8503816,0.15745552,0.65631694,28.849277,0.22114697,4.334324,1.812695,-6.7490473,-1.7408046,-12.01576,-0.9413712,0.021522773,0.8769545,1.2141455,0.5555337,8.728597,0.2740651,0.3212889,45.505333,27.857529,0.38857046,736.8445,0.1884124,1414.5608,0.106004484,-109.84995,-0.83097315,1789.2953,0.116641976,1165.9532,0.15231666,-108.91846,-0.752461,2902.0278,0.08296926,963.8147,0.25426295,-113.04722,-0.6902289,-17.722775,-0.31221622,27.91226,0.22427583,0.047105633,0.57936764,-0.024280982,-0.45245266,0.19477749,0.53161806,31.50907,0.15532306,6.0887566,1.4106553,-8.191129,-1.4703783,-17.097761,-0.57046914,-12.455975,23.180277,0.02993737,-0.011814305,0.11890335,5.6,4.166667,0.116000004,0.07227724,0.103999995,0.07337575,-30.569084,11,15,78,SPEAKER_00,1002.133333,1003.4,1002.133333,1003.4,1,1.266666999999984,1.2666875,disengaged
36.430435,0.075040214,34.212997,36.62808,38.57483,4.3618317,68.90561,108.10804,25.238123,20.798513,0.36504632,0.7171632,0.15640484,0.2915084,0.5382722,0.38186735,4.7848406,3.937119,2.7113137,2.16736,0.112829745,1.2778432,26.314087,0.3523448,7.470195,1.2475765,-4.904584,-2.2178116,-18.73548,-1.0804123,0.015043299,1.9509969,0.83866566,0.8374394,10.21221,0.31450364,6.020951,1.4743962,31.09481,0.39815176,771.0767,0.19255309,1347.4434,0.1585927,-73.660774,-1.2232149,1843.2262,0.111195885,1094.9011,0.27584335,-83.12156,-0.9599274,2950.9497,0.068027094,823.57556,0.40903634,-86.55103,-0.89632654,-19.028004,-0.35056993,28.951761,0.2660907,0.053650167,0.40771675,-0.02943966,-0.5087844,0.14303294,1.1328669,29.260008,0.24256173,9.297031,1.017051,-5.57178,-2.1794574,-27.150204,-0.67123455,-9.842629,20.086555,0.018372718,-0.0045000827,0.052511256,2.1966152,1.984127,0.32799998,0.31266823,0.15563637,0.16055317,-28.316717,11,15,79,SPEAKER_00,1003.433333,1040.9,1003.433333,1040.9,9,27.780417000000284,27.7804375,engaged
39.38347,0.06230056,36.771236,39.061836,42.47779,5.7065544,282.23727,248.65874,5.1023836,12.172582,0.3129687,0.6774455,0.15414518,0.22294414,0.5163395,0.3621943,6.0062356,6.672247,0.758809,5.35203,0.111333646,1.5280889,10.639582,1.402706,7.774377,0.9599473,1.9943906,5.718785,-13.50802,-0.9019482,0.033239294,0.6652247,1.6803157,0.8856758,6.8242307,0.45987204,6.8207703,1.0278023,22.443691,0.6839773,748.7681,0.20063712,1364.1844,0.10615202,-170.23752,-0.38958886,1830.4104,0.13039267,1027.8438,0.31705087,-169.09914,-0.37882966,2859.0168,0.06885293,774.5834,0.24101298,-169.44643,-0.37344378,-16.25806,-0.16590844,25.073778,0.20425406,0.06999916,0.3586756,-0.023622148,-0.58895826,0.1605629,0.7672608,20.421679,0.31772548,10.394508,0.5466777,-1.0600451,-17.349789,-29.741627,-0.34717166,-4.972618,11.211113,0.028625796,-0.0018041893,0.07322038,3.2710283,1.923077,0.085,0.03640055,0.415,0.19805302,-32.27205,11,15,80,SPEAKER_00,1040.933333,1067.9,1040.933333,1058.92034375,5,2.1582607500004087,2.15825,disengaged
37.24793,0.09660943,34.590725,36.703487,39.713306,5.1225815,31.865202,35.268883,28.97493,20.059425,0.40283975,0.78390783,0.13433589,0.31661013,0.6463934,0.51205754,6.4165077,6.13304,3.382616,1.9588263,0.15825441,1.291689,26.180939,0.2933197,10.635609,1.064623,-0.15158857,-100.740875,-17.413565,-0.87055266,0.014315965,1.129466,0.96397746,0.87193817,10.323788,0.36774328,9.971658,0.9972377,32.28557,0.24041457,745.8533,0.21185726,1338.3613,0.14954852,-82.991684,-1.0956138,1883.9604,0.10212071,1068.3843,0.28908053,-92.242,-0.8821604,2920.5405,0.07880751,929.04736,0.35242072,-94.51024,-0.8423251,-20.671654,-0.3252889,29.410799,0.24634932,0.06467797,0.3069952,-0.028388433,-0.41830906,0.22681257,1.019747,29.572552,0.17857191,10.080635,1.2267166,0.94216156,18.947752,-23.80818,-0.6381259,-12.798971,21.57514,0.025953848,-0.011449715,0.045222197,2.9629629,1.4953271,0.41125,0.1982068,0.21,0.15405627,-26.016644,11,15,80,SPEAKER_01,1040.933333,1067.9,1058.78534375,1067.9,5,5.419031249999989,5.4190625,disengaged
37.321823,0.11551714,34.923107,37.052334,38.60943,3.6863213,450.25653,843.1029,37.0133,26.215853,0.22133134,0.68250555,0.097075686,0.16077815,0.33344775,0.23637207,3.9980078,4.024124,1.699233,1.2955022,0.06146282,1.0569179,24.453157,0.428733,11.092095,0.9003148,-2.28508,-4.4024477,-10.190424,-1.3802626,0.02112458,2.330659,0.8004639,0.87331057,11.131443,0.2785833,9.856467,0.7216094,35.20638,0.26438197,720.54846,0.22882871,1425.8708,0.15456556,-134.74066,-0.6579305,1785.1495,0.12905788,1171.5676,0.31282678,-134.19313,-0.6077242,2935.5884,0.07294822,892.318,0.32528627,-137.62689,-0.5609704,-21.063643,-0.27651092,33.7176,0.20442964,0.051712878,0.5155011,-0.020330431,-0.6640182,0.08473981,0.84686524,32.35136,0.18992533,13.800127,0.7117979,-3.54362,-3.54322,-18.294607,-0.7388413,-11.503123,20.640535,0.020185875,-0.0063302955,0.047166597,2.878366,1.4925374,0.25062498,0.2145189,0.37529412,0.348697,-33.5101,11,15,81,SPEAKER_00,1067.933333,1095.2,1072.0828437500002,1094.25659375,3,10.7831249999997,10.783125,engaged
49.749203,0.001386513,49.697826,49.740128,49.798763,0.10093689,0.05607605,0.0,0.0,0.0,0.21512869,0.28967056,0.17378546,0.19931853,0.24796857,0.07418311,0.9686571,0.33437037,0.85728806,0.0,0.07784074,0.6779269,18.233454,0.2374428,11.767198,0.77325404,-6.063345,-0.9683248,-16.100227,-0.46977884,0.03661935,0.17812042,2.4831738,0.13042058,8.078201,0.0858763,8.752931,0.10364954,0.2618917,4.8916674,911.0804,0.026849238,1538.973,0.023718238,-187.67473,-0.20263906,1898.0201,0.011697375,937.9482,0.053096313,-187.88176,-0.19923878,3091.5342,0.004332341,622.88275,0.019593693,-187.70982,-0.20213403,-17.801888,-0.05774588,25.07447,0.028175147,0.08015373,0.028371044,-0.032370523,-0.029822117,0.1786929,0.24363029,16.228733,0.031612724,13.070628,0.104202755,-1.7468365,-0.72958994,-22.15245,-0.068088114,-14.8219,24.166801,0.05886522,-0.017673612,0.07772713,2.2727273,2.5641026,0.02,0.0,0.17,0.08,-40.01118,11,15,81,SPEAKER_02,1067.933333,1095.2,1083.7772187500002,1084.23284375,1,0.4556249999998272,0.455625,engaged
36.25944,0.08053728,34.370712,36.553894,38.84321,4.472496,341.7688,452.69864,23.68426,31.823803,0.37830138,0.41618547,0.25031307,0.34884605,0.4878335,0.23752043,3.4433637,1.8982598,2.6886582,1.8684671,0.15635845,0.7962372,20.623238,0.53535694,3.5397236,2.716861,-12.574584,-0.85104275,-9.4406,-1.1722997,0.018281592,0.73713523,1.2320923,0.5067282,7.6462445,0.46650326,7.683572,0.9612105,28.45095,0.9990056,806.54333,0.19575103,1376.0027,0.1978036,-116.466675,-0.78280175,1826.0604,0.11267041,1194.0394,0.23267063,-118.91774,-0.7033596,2912.1428,0.083456956,977.01556,0.28869233,-122.755165,-0.64921737,-16.83474,-0.41224894,30.787457,0.24218522,0.067150496,0.26021308,-0.017255064,-0.9706376,0.21623527,0.5879424,27.338137,0.22151984,7.3905306,1.1347154,-14.246672,-0.8275423,-14.545127,-0.731531,-7.7093883,18.545279,0.043661203,-0.0038445455,0.10955391,4.651163,3.539823,0.12166667,0.067061335,0.15272726,0.16917396,-27.4107,11,15,82,SPEAKER_00,1095.233333,1100.033333,1095.233333,1100.033333,3,3.4500000000000455,3.45,disengaged
36.54821,0.07946952,35.265884,36.823452,38.06304,2.7971573,182.98944,224.32593,91.11976,204.79803,0.35272032,0.4396788,0.21385437,0.33514822,0.47393757,0.2600832,3.4541183,2.0040767,2.273922,1.4870768,0.13665415,0.7418802,26.648226,0.39120713,9.509525,1.1671203,-9.224053,-1.2371081,-12.287244,-1.0237273,0.019318251,1.2741053,1.1001437,0.6102749,8.701244,0.3786425,7.7659903,1.3119065,33.495304,0.2778844,758.2046,0.22679189,1381.8668,0.15807293,-85.18283,-1.0505837,1823.4406,0.13708085,1150.8622,0.25072065,-89.72207,-0.8904221,2948.063,0.08836957,989.9387,0.3006012,-95.10156,-0.7968943,-18.760931,-0.41290456,31.028831,0.23060048,0.059821844,0.28844294,-0.021468507,-0.6304733,0.16926408,0.60761935,31.345741,0.21620382,11.354818,0.9454426,-8.417019,-1.476845,-17.150837,-0.61964476,-9.476059,20.699684,0.034203403,-0.0025504972,0.08019359,3.011712,2.6845639,0.22791666,0.18284737,0.14095238,0.12835607,-29.775854,11,15,83,SPEAKER_00,1100.066667,1132.233333,1100.066667,1132.233333,8,17.94104100000027,17.9410625,engaged
36.450344,0.13712357,34.76809,35.632645,36.878006,2.1099167,422.2447,514.44574,151.97856,285.5741,0.3184074,0.46648163,0.19712934,0.28429773,0.4477697,0.25064036,3.423605,2.046665,2.780949,1.4585075,0.11452577,0.7335452,25.584557,0.40995777,5.0827436,2.4066868,-12.196179,-0.9763817,-7.718036,-1.5711786,0.021899518,1.0954342,1.2524812,0.5707292,7.31032,0.43116492,7.0924625,1.5056461,32.58189,0.33771363,769.5965,0.22096334,1369.8069,0.15136223,-96.312546,-0.94735277,1828.3849,0.13690259,1169.3619,0.32351276,-97.57055,-0.8522747,2947.8857,0.095329985,1053.8065,0.23955098,-102.816216,-0.76378053,-15.976269,-0.6285694,28.385798,0.28811824,0.054234605,0.40272647,-0.016842995,-0.97569567,0.15296891,0.5429938,30.96642,0.21514803,7.002272,1.8433099,-11.222342,-1.1357665,-12.027076,-0.9260257,-8.130465,20.355509,0.026301412,0.001295508,0.06364248,4.094488,3.1746032,0.173,0.14223573,0.11571428,0.082379565,-32.346893,11,15,84,SPEAKER_00,1132.266667,1139.8,1132.266667,1139.8,4,6.368957999999793,6.369,disengaged
38.582443,0.084354065,36.236454,37.421894,41.211395,4.9749413,136.52928,217.59448,21.581736,15.895829,0.41977483,0.64919764,0.22412449,0.33829257,0.5638604,0.33973593,3.9314053,3.0851908,3.1502576,2.191362,0.16080514,0.899033,25.407692,0.34873447,3.6272595,3.104493,-11.947361,-1.0238144,-10.917203,-1.2354585,0.019815886,0.9714801,1.1255193,0.66097915,8.731264,0.43831962,6.0103083,1.8576645,31.316042,0.28154495,799.9405,0.21828495,1317.5468,0.18541215,-83.19338,-1.066742,1835.4263,0.123968825,1157.9845,0.28023997,-89.483086,-0.8955852,2939.5176,0.08140706,951.4679,0.33489752,-95.68563,-0.7891739,-15.876862,-0.5104142,29.941221,0.24088289,0.056559708,0.40473664,-0.017765136,-0.81913453,0.21188313,0.7378018,28.831207,0.21835251,4.0511565,3.084012,-12.680823,-1.0716145,-16.517504,-0.7758334,-9.555905,19.31447,0.037267998,-0.0034142237,0.07616677,2.898551,3.0701756,0.19619046,0.15697971,0.1135,0.08131882,-27.463665,11,15,85,SPEAKER_00,1139.833333,1161.733333,1139.833333,1161.733333,3,6.914999999999964,6.915,engaged
38.516018,0.08979003,36.108585,38.39356,40.74809,4.6395035,53.883312,62.14015,25.256687,14.381565,0.47293645,0.5972457,0.20953207,0.39839074,0.74960214,0.54007006,5.972428,4.6191063,3.6079254,2.4772692,0.1844529,0.8648251,26.481195,0.33055377,1.9342732,5.231442,-14.8576565,-0.82480586,-15.686325,-1.2329301,0.02440118,1.5917987,0.9669043,0.7639124,9.65904,0.3888322,6.674857,1.350578,31.732553,0.4704062,790.32654,0.19213459,1359.4863,0.17096488,-72.78783,-1.2018591,1797.812,0.12519015,1168.5139,0.24796592,-78.92711,-0.99117446,2915.5479,0.08255413,957.70593,0.3487427,-85.92632,-0.8549292,-16.48038,-0.4201963,29.834229,0.25233483,0.05723292,0.3413047,-0.023835106,-0.6793126,0.23290731,0.6997444,29.452627,0.22042908,3.5429144,2.9200444,-16.363285,-0.81704026,-21.878862,-0.88131666,-8.460196,18.991283,0.03204408,-0.0037778642,0.08308717,3.2104638,2.3923447,0.27899998,0.24161747,0.123684205,0.11310034,-26.138617,11,15,86,SPEAKER_00,1161.766667,1178.1,1161.766667,1176.0159687500002,9,8.427426749999995,8.4274375,disengaged
39.463116,0.070472054,36.598877,39.60838,42.493988,5.895111,65.61427,67.695335,37.497402,20.558308,0.53271586,0.86705965,0.15791853,0.30258882,0.9390602,0.7811417,3.8757617,0.97254115,4.1740656,0.062498093,0.26554394,1.2300037,25.897291,0.21774906,-6.32437,-1.8564764,-8.929107,-1.2389064,-7.087895,-1.8085234,0.027476849,0.7317541,1.236933,0.36277184,6.6021695,0.5010729,8.06163,1.3927506,25.90603,0.3136808,818.1859,0.17598316,1238.7008,0.14223926,-92.71816,-0.98807454,1840.5812,0.09285311,994.53687,0.16526754,-94.31606,-0.9082825,2938.7412,0.06941886,950.3824,0.47485507,-99.67483,-0.8144923,-10.640011,-0.9458154,25.96814,0.3427561,0.053184114,0.4192752,-0.013079139,-0.89364874,0.41801473,0.87416035,25.636919,0.25012037,-5.0145555,-2.9175563,-11.481388,-1.2002728,-12.396913,-1.0333695,-6.571705,16.594137,0.025969684,-0.0029585504,0.07527021,1.369863,2.173913,0.26333332,0.16418147,0.17666666,0.14522015,-24.64987,11,15,87,SPEAKER_00,1178.133333,1180.7,1179.22221875,1180.7,1,1.4777812500001346,1.4778125,engaged
38.71823,0.03782197,37.628815,38.22797,40.441563,2.812748,16.932552,0.0,8.342154,12.945304,0.6595076,0.44917613,0.3422988,0.6784375,0.92228854,0.57998973,2.8059816,2.4007652,6.083664,1.9815226,0.2521432,0.7742495,27.214891,0.25105798,-0.2107915,-59.44803,-23.44511,-0.38208336,-28.360903,-0.5624186,0.0069431867,0.6115777,0.52480567,0.4891103,10.6750765,0.33151758,-1.0932288,-6.108281,34.82631,0.3106249,833.2316,0.15458314,1301.669,0.16255549,-49.127876,-1.7678193,1846.6063,0.11493255,1231.3193,0.25306195,-66.36386,-1.1284922,2994.8098,0.08538264,812.54224,0.29183266,-72.99468,-0.9716118,-14.692019,-0.57051224,31.097849,0.1982689,0.06356625,0.3241829,-0.03324479,-0.35472193,0.2675584,0.616015,27.935085,0.21321641,2.6319368,4.1815453,-27.08028,-0.28193346,-33.58806,-0.42964792,-4.902628,17.845665,0.031910423,-0.009884347,0.22695714,2.777778,2.9850748,0.24,0.099999994,0.14999999,0.0,-23.68909,11,15,88,SPEAKER_00,1180.733333,1181.466667,1180.733333,1181.466667,1,0.7333340000000135,0.7333125,disengaged
36.07024,0.10938185,34.667248,36.028976,39.266987,4.599739,88.829025,95.16705,107.322136,185.96196,0.34594107,0.45710087,0.20158577,0.3257494,0.45708224,0.25549647,3.0781958,1.6621681,2.3630555,1.5271055,0.107545,0.827293,27.307554,0.3275615,7.144171,1.5030535,-5.275687,-2.0238466,-12.8472805,-1.1879182,0.023062035,2.0215073,0.94931287,0.67790073,9.192986,0.40939227,5.106312,1.7826728,28.75764,0.32143044,783.19257,0.18997185,1320.0884,0.18273628,-82.66304,-1.0840436,1828.9308,0.11559227,1102.7937,0.25931966,-90.69083,-0.88662523,2923.1956,0.07418181,875.3609,0.44593385,-93.764015,-0.83405435,-17.267445,-0.37619805,28.534412,0.25256023,0.04754881,0.3837132,-0.021128828,-0.6327425,0.11788664,0.6979871,29.68318,0.262032,9.7823515,1.0999933,-5.643936,-2.0263107,-18.06905,-0.83320713,-10.964159,20.800642,0.028376115,-0.007372058,0.09149999,3.1705227,2.495697,0.24310344,0.24206157,0.14703703,0.14259018,-30.906448,11,15,89,SPEAKER_00,1181.5,1212.0,1181.5,1212.0,11,11.684374999999818,11.684375,engaged
35.2589,0.0,35.2589,35.2589,35.2589,0.0,0.0,0.0,0.0,0.0,0.23947464,0.3515684,0.1626404,0.20549417,0.31662947,0.15398908,4.3597994,0.0,-8.167471,0.0,0.13537626,0.50578475,35.404446,0.19908987,11.882131,0.61084735,-2.8736482,-0.99553615,-11.912064,-0.55781335,0.055007964,0.3851958,2.398078,0.20883049,8.026592,0.28938252,6.4632845,0.4748561,44.27481,0.07917174,600.75244,0.3334901,1482.8507,0.15993273,-14.391956,-0.42532203,1634.3578,0.12884238,1149.4583,0.081579536,-35.091328,-0.22778448,2952.1575,0.05300382,1091.6108,0.15347704,-48.319984,-0.054524627,-20.748827,-0.11499192,36.428566,0.16398539,0.053780157,0.16152915,-0.022772083,-0.1905075,0.11318026,0.34077704,39.57903,0.056537036,14.027498,0.36947846,-3.273984,-1.0017592,-11.437696,-0.31645748,0.0,0.0,0.0,0.0,0.0,11.111112,0.0,0.0,0.0,0.0,0.0,-33.585293,11,15,89,SPEAKER_01,1181.5,1212.0,1192.95846875,1193.66721875,2,0.10124999999993634,0.10125,engaged
38.951313,0.09156896,36.29135,38.96257,41.559116,5.267765,103.73745,253.6543,81.673035,232.09781,0.50924116,0.7304048,0.18832135,0.4006776,0.8131976,0.62487626,6.5311623,4.250641,4.1947536,2.836206,0.19127533,1.1514652,22.546783,0.46262193,2.9861639,4.1238284,-12.02602,-1.1091254,-23.064661,-0.81228924,0.016912282,1.5701799,0.91396797,0.83025485,10.101537,0.38794997,5.748546,1.7116157,29.567142,0.4314075,792.32263,0.18219861,1316.9772,0.16151904,-75.70604,-1.2085308,1835.1722,0.11674879,1102.4666,0.26981342,-82.84035,-0.97936535,2930.5815,0.070409104,837.95325,0.3934853,-87.280235,-0.89140046,-15.906129,-0.47147614,27.755447,0.26597708,0.057815533,0.37118083,-0.02723182,-0.6076348,0.24511233,0.938721,25.860626,0.29893312,2.9682522,4.517783,-14.431786,-0.95921636,-30.093403,-0.56249124,-7.898817,17.935501,0.025013352,-0.005822221,0.08757793,2.3522704,2.2279258,0.28776,0.24743514,0.14903225,0.15287703,-24.770899,11,15,90,SPEAKER_00,1212.033333,1951.3,1212.033333,1930.63221875,162,280.5913857500034,280.591375,disengaged
37.72131,0.07584366,35.553864,37.275707,39.954308,4.400444,47.19548,64.55451,86.47298,244.5282,0.44696546,0.70803976,0.17895636,0.35279632,0.6977808,0.51882446,5.0890446,2.782124,3.2671223,1.9636794,0.16457641,0.9773387,26.216522,0.4114371,3.976794,3.2017841,-7.3918843,-1.962693,-13.303645,-1.0989637,0.016207691,1.6121192,1.0014144,0.7201296,9.688675,0.35499263,6.8190007,1.3257322,29.095871,0.36020935,752.0295,0.21344095,1370.0115,0.14822762,-71.71943,-1.1932983,1792.5415,0.12507032,1125.2142,0.2526601,-77.43478,-0.99711823,2888.0334,0.078620955,908.64954,0.33682257,-82.959496,-0.8860406,-16.532621,-0.48376378,29.11895,0.27455914,0.05608746,0.3771343,-0.02033486,-0.7353876,0.20099358,0.7904689,29.793924,0.25964493,4.828492,2.7865202,-6.7727065,-2.3359783,-17.083912,-0.8411745,-8.258709,19.18497,0.023440951,-0.0033169633,0.08066394,2.313476,2.143064,0.31810808,0.27807093,0.1352857,0.1180765,-26.6522,11,15,90,SPEAKER_01,1212.033333,1951.3,1252.9659687500002,1944.35159375,36,34.593750000001364,34.59375,disengaged
38.78371,0.07413622,35.593597,41.1871,41.488297,5.894699,69.09909,0.0,-9.663391,0.0,0.13125543,0.36592576,0.09647432,0.11122167,0.16167434,0.065200016,1.0141871,0.5046814,0.08897379,0.53302145,0.024198228,0.75620663,22.815163,0.2978987,0.7719827,7.893161,-8.589189,-1.0282425,0.3658935,29.94821,0.032813933,0.47907498,1.5065225,0.46437728,8.797259,0.42331812,17.526556,0.32871318,33.92539,0.09528992,863.2981,0.09361882,1250.3544,0.12859233,-181.26013,-0.29781863,1842.5044,0.092297465,1323.6582,0.48778868,-182.7082,-0.2740199,2826.503,0.07191541,908.68835,0.32491893,-183.31682,-0.26442453,-14.710134,-0.3719941,28.212482,0.23277695,0.029221095,1.0753837,0.00018071797,72.66867,0.026185134,0.43578985,25.980867,0.22766468,3.8028069,1.354262,-0.006984281,-589.1004,-8.017554,-1.1193283,-9.582214,22.532196,0.025536336,0.00578857,0.023881163,2.3076923,1.6129032,0.055,0.005,0.545,0.525,-47.114773,11,15,90,SPEAKER_02,1212.033333,1951.3,1619.6934687500002,1936.2853437500005,9,1.3162500000005366,1.31625,disengaged
