Accuracy,Precision,Recall,F1 Score
0.6341463414634146,0.5652173913043478,0.7222222222222222,0.6341463414634146
