F0semitoneFrom27.5Hz_sma3nz_amean,F0semitoneFrom27.5Hz_sma3nz_stddevNorm,F0semitoneFrom27.5Hz_sma3nz_percentile20.0,F0semitoneFrom27.5Hz_sma3nz_percentile50.0,F0semitoneFrom27.5Hz_sma3nz_percentile80.0,F0semitoneFrom27.5Hz_sma3nz_pctlrange0-2,F0semitoneFrom27.5Hz_sma3nz_meanRisingSlope,F0semitoneFrom27.5Hz_sma3nz_stddevRisingSlope,F0semitoneFrom27.5Hz_sma3nz_meanFallingSlope,F0semitoneFrom27.5Hz_sma3nz_stddevFallingSlope,loudness_sma3_amean,loudness_sma3_stddevNorm,loudness_sma3_percentile20.0,loudness_sma3_percentile50.0,loudness_sma3_percentile80.0,loudness_sma3_pctlrange0-2,loudness_sma3_meanRisingSlope,loudness_sma3_stddevRisingSlope,loudness_sma3_meanFallingSlope,loudness_sma3_stddevFallingSlope,spectralFlux_sma3_amean,spectralFlux_sma3_stddevNorm,mfcc1_sma3_amean,mfcc1_sma3_stddevNorm,mfcc2_sma3_amean,mfcc2_sma3_stddevNorm,mfcc3_sma3_amean,mfcc3_sma3_stddevNorm,mfcc4_sma3_amean,mfcc4_sma3_stddevNorm,jitterLocal_sma3nz_amean,jitterLocal_sma3nz_stddevNorm,shimmerLocaldB_sma3nz_amean,shimmerLocaldB_sma3nz_stddevNorm,HNRdBACF_sma3nz_amean,HNRdBACF_sma3nz_stddevNorm,logRelF0-H1-H2_sma3nz_amean,logRelF0-H1-H2_sma3nz_stddevNorm,logRelF0-H1-A3_sma3nz_amean,logRelF0-H1-A3_sma3nz_stddevNorm,F1frequency_sma3nz_amean,F1frequency_sma3nz_stddevNorm,F1bandwidth_sma3nz_amean,F1bandwidth_sma3nz_stddevNorm,F1amplitudeLogRelF0_sma3nz_amean,F1amplitudeLogRelF0_sma3nz_stddevNorm,F2frequency_sma3nz_amean,F2frequency_sma3nz_stddevNorm,F2bandwidth_sma3nz_amean,F2bandwidth_sma3nz_stddevNorm,F2amplitudeLogRelF0_sma3nz_amean,F2amplitudeLogRelF0_sma3nz_stddevNorm,F3frequency_sma3nz_amean,F3frequency_sma3nz_stddevNorm,F3bandwidth_sma3nz_amean,F3bandwidth_sma3nz_stddevNorm,F3amplitudeLogRelF0_sma3nz_amean,F3amplitudeLogRelF0_sma3nz_stddevNorm,alphaRatioV_sma3nz_amean,alphaRatioV_sma3nz_stddevNorm,hammarbergIndexV_sma3nz_amean,hammarbergIndexV_sma3nz_stddevNorm,slopeV0-500_sma3nz_amean,slopeV0-500_sma3nz_stddevNorm,slopeV500-1500_sma3nz_amean,slopeV500-1500_sma3nz_stddevNorm,spectralFluxV_sma3nz_amean,spectralFluxV_sma3nz_stddevNorm,mfcc1V_sma3nz_amean,mfcc1V_sma3nz_stddevNorm,mfcc2V_sma3nz_amean,mfcc2V_sma3nz_stddevNorm,mfcc3V_sma3nz_amean,mfcc3V_sma3nz_stddevNorm,mfcc4V_sma3nz_amean,mfcc4V_sma3nz_stddevNorm,alphaRatioUV_sma3nz_amean,hammarbergIndexUV_sma3nz_amean,slopeUV0-500_sma3nz_amean,slopeUV500-1500_sma3nz_amean,spectralFluxUV_sma3nz_amean,loudnessPeaksPerSec,VoicedSegmentsPerSec,MeanVoicedSegmentLengthSec,StddevVoicedSegmentLengthSec,MeanUnvoicedSegmentLength,StddevUnvoicedSegmentLength,equivalentSoundLevel_dBp,participant,session,clip_id,speaker,engagement_start_time,engagement_end_time,speaker_start_time,speaker_end_time,num_segments,speech_duration,label
36.19381,0.093401685,34.43897,36.23608,38.061592,3.6226234,303.39688,684.5507,55.59052,105.4993,0.8805671,0.7345884,0.31235287,0.7268491,1.4355482,1.1231953,14.785769,7.7613726,9.653605,5.8438153,0.64644384,0.8784304,24.60466,0.7587292,12.278153,1.3185354,-2.814527,-5.8699584,-10.153049,-1.5201014,0.021968516,2.066837,1.2468157,0.75626117,8.731952,0.44637096,7.4174542,1.5484492,32.039707,0.37853256,749.831,0.25646016,1380.9894,0.16925277,-65.03397,-1.2470233,1816.5901,0.13228118,1203.0353,0.25211576,-72.85849,-0.97607565,2911.2183,0.082717724,1038.9792,0.28212106,-78.47239,-0.8586911,-18.959782,-0.5991707,33.212406,0.31456733,0.05886463,0.38395047,-0.020778328,-0.8566916,0.79669374,0.6974797,30.761566,0.41165647,11.137812,1.4165524,-3.5641527,-4.8148885,-14.192234,-0.9964839,-7.1415763,16.370872,0.038275354,0.005896257,0.21259326,3.6873157,2.7572625,0.26035714,0.20960817,0.09923077,0.09356471,-14.782482,9,3-2,0,SPEAKER_02,0.0,60.333333,1.76909375,60.333333,15,40.693614249999975,disengaged
42.079853,0.09047225,38.791885,42.81563,44.585274,5.7933884,150.92265,238.8074,29.413446,17.09643,0.66855234,0.5810273,0.22293589,0.68858325,1.0523648,0.8294289,7.9566483,4.770597,7.761713,6.502974,0.29258943,0.8042426,14.627272,1.1995193,5.8587832,1.8608036,-7.085502,-2.0490856,-33.392902,-0.6339954,0.016766045,1.8770844,0.91673815,1.1251653,11.665369,0.36651623,16.142483,0.72244525,26.117073,0.36670765,801.51764,0.21697184,1255.3553,0.21016234,-64.06556,-1.2510514,1944.4113,0.13185717,948.3295,0.3501887,-72.14774,-0.96113205,2913.295,0.07085876,951.95636,0.459106,-71.96639,-0.9672721,-17.153624,-0.47866195,24.851068,0.40725845,0.07078621,0.32494202,-0.028479557,-0.6259962,0.3391784,0.68588585,18.742,0.70337594,4.095622,2.6332104,-4.8089633,-3.0121694,-40.48817,-0.47304353,-6.4523153,14.627436,0.06901267,-0.008158973,0.151257,3.550296,2.7108433,0.26777777,0.19343548,0.089999996,0.04924429,-21.325548,9,3-2,0,SPEAKER_00,0.0,60.333333,4.755968750000001,13.328468750000004,5,3.3918750000000024,disengaged
36.054905,0.044076968,34.799675,36.186573,37.789345,2.9896698,54.264362,45.578373,5.01595,5.9002347,0.9810643,0.70992553,0.37078613,0.89329684,1.3752762,1.0044901,13.787794,8.135087,7.814741,2.3012848,0.731562,0.7498953,24.894829,0.69791174,10.255845,2.032137,-7.814565,-2.4660623,-9.94064,-1.4918928,0.017230127,0.92030656,1.0821724,0.82642114,8.767617,0.44671148,11.236065,1.0767517,33.856384,0.32678488,742.3405,0.25489402,1428.1401,0.1768103,-65.9379,-1.20987,1846.0449,0.12760647,1225.8672,0.19073437,-75.46123,-0.952084,2955.3616,0.08775347,1095.6248,0.29596075,-80.59956,-0.84275675,-20.72944,-0.67520094,35.956795,0.23933654,0.06359091,0.3676202,-0.02065033,-0.9018931,0.897144,0.5778574,30.372734,0.30966562,13.596799,1.501584,-4.734721,-4.1352797,-15.025889,-0.84281045,-5.3688188,21.82537,0.056393366,0.009926962,0.3485743,3.846154,3.49345,0.19999999,0.103198834,0.085,0.094295636,-13.671931,9,3-2,1,SPEAKER_02,60.366667,99.333333,60.366667,62.72159375,1,2.354926749999997,engaged
36.610847,0.1123814,34.37853,38.03329,39.814785,5.4362564,62.138317,52.009373,22.00936,16.72994,1.1318549,0.654689,0.48983088,1.0629551,1.583294,1.0934632,15.270085,9.583818,10.6308775,7.804706,1.032472,0.7007798,26.803146,0.35356984,3.6857195,4.101349,-3.9530718,-3.4173508,-14.547606,-1.018473,0.045968674,1.4705249,1.3231244,0.55274534,6.637233,0.58924073,0.985637,12.216957,23.760685,0.49230272,796.1105,0.21189375,1310.8196,0.17927633,-64.946205,-1.2723498,1899.9487,0.1294074,1016.6759,0.2092874,-69.82205,-1.0829473,2989.7664,0.09093532,928.6051,0.33684856,-74.64278,-0.96609795,-15.11621,-0.8347125,29.066103,0.302511,0.05351725,0.45451686,-0.024664579,-0.8243602,1.1735724,0.5812521,27.5029,0.2948628,2.4026816,6.98619,-4.474709,-3.1485245,-17.459105,-0.7488013,-13.940801,26.661657,0.031619955,0.000105677245,0.5308785,4.794521,2.8985507,0.24249999,0.17498215,0.064,0.059531506,-13.021774,9,3-2,3,SPEAKER_02,100.966667,115.7,114.02159375,115.7,2,1.4759062500000084,engaged
36.626724,0.06603262,34.914074,36.82444,38.712852,3.7987785,80.35094,84.56748,48.51141,48.348278,1.1005089,0.5728448,0.5207595,1.0456449,1.6327593,1.1119998,18.161325,12.6579275,9.349452,4.429211,0.81916344,0.79381984,29.60886,0.4190788,7.293203,1.9085488,-5.703714,-2.6769772,-14.64985,-0.77879906,0.02089208,1.8378577,1.1885417,0.6904081,8.852111,0.42681926,9.466009,1.319942,30.879755,0.36670196,778.4078,0.24184266,1349.2561,0.15354574,-38.936283,-1.6776022,1843.6769,0.13945997,1182.7477,0.29046875,-49.7215,-1.1516627,2928.8313,0.0940392,1045.3329,0.27801782,-56.256397,-0.96077156,-17.897797,-0.6101916,32.38745,0.23777774,0.06683112,0.29109466,-0.023601567,-0.76914716,0.8953578,0.6976137,31.47742,0.2992256,6.6920958,2.1741993,-6.6466,-2.315258,-15.92827,-0.6916215,-11.634193,20.839851,0.059173655,-0.0013397774,0.30820304,3.5794184,2.0408163,0.41444442,0.33226866,0.08166667,0.053670805,-12.504057,9,3-2,4,SPEAKER_02,115.733333,121.333333,115.733333,121.333333,4,4.4862500000000125,disengaged
36.48056,0.08455139,34.34733,36.21752,38.77652,4.4291916,105.68731,134.03319,30.039965,20.398787,0.955648,0.69686157,0.36692476,0.725719,1.6232939,1.2563691,15.648114,8.181698,9.243148,7.3553715,0.7175835,0.7922883,28.374063,0.56467134,9.003635,1.863768,-8.369941,-2.0421638,-9.68388,-1.6604936,0.02629484,1.4903557,1.278403,0.725036,8.293138,0.42967322,7.966414,1.4461347,33.679783,0.35332024,742.9843,0.27142158,1373.8644,0.15943782,-57.499413,-1.3255918,1800.3306,0.13021871,1235.1233,0.24428958,-66.06447,-1.0064481,2920.899,0.08521798,1046.3899,0.23975416,-73.54452,-0.84549433,-17.807135,-0.6690945,34.96909,0.25888777,0.060969204,0.38511488,-0.020289773,-0.8649066,0.83379525,0.6620536,32.27294,0.36534387,9.21251,1.7123474,-8.878316,-1.8972783,-12.14427,-1.2873505,-7.512977,20.485992,0.04757805,-0.00044268477,0.31259608,3.8216562,3.3816426,0.22095238,0.16650195,0.07333333,0.027728848,-14.354336,9,3-2,5,SPEAKER_02,121.366667,128.333333,121.366667,128.333333,2,6.291666000000006,engaged
36.88019,0.079714954,35.592567,36.60596,38.859676,3.267109,92.088135,163.17822,16.506447,16.719027,0.8835194,0.6242985,0.34202796,0.80621094,1.3357253,0.99369735,12.874929,5.452539,9.655935,4.7120233,0.680432,0.80798995,26.481672,0.5699971,10.710271,1.567798,-3.6352494,-4.4896564,-7.663191,-1.721747,0.020254707,1.718463,1.2657094,0.6940153,8.791548,0.51678824,9.0371475,1.0853204,30.818462,0.36804768,755.3341,0.2807206,1412.5834,0.21780683,-56.09789,-1.3266715,1820.2323,0.14845468,1245.4822,0.20557928,-64.9799,-1.0202147,2889.4602,0.095671475,1095.7319,0.27627954,-71.54633,-0.87053025,-18.460526,-0.69315666,35.160603,0.2508467,0.056465715,0.41111115,-0.017888486,-1.0913768,0.8071125,0.6699605,31.068735,0.3507935,9.728743,1.6298239,-4.8743525,-3.2024562,-11.269141,-1.0143951,-8.4841385,16.754797,0.037442327,0.002845834,0.25760287,5.1391864,2.6143792,0.29333332,0.19176084,0.06916666,0.05423073,-14.7899065,9,3-2,6,SPEAKER_02,128.366667,134.166667,128.366667,133.74846875,3,4.689926750000012,disengaged
36.326546,0.054545976,34.49113,36.69047,38.285122,3.793991,70.91053,64.92187,27.682947,21.209803,1.022524,0.5341798,0.5837991,0.8894803,1.4773817,0.8935826,13.735631,5.737761,12.462506,7.449366,0.742231,0.7628382,31.494404,0.40625772,6.628461,2.3532238,-6.7451057,-2.3347173,-9.644386,-1.2698897,0.016899219,0.9670424,1.2545344,0.77255476,8.465277,0.47926915,10.908743,1.0536767,33.464584,0.38025573,763.59436,0.23779352,1426.8612,0.18033357,-39.16086,-1.5854477,1764.7557,0.13341735,1237.7313,0.24209918,-49.799343,-1.1036553,2896.4785,0.077127956,1042.2556,0.26942748,-60.087723,-0.8409642,-17.718834,-0.7223739,34.857018,0.20954981,0.057573013,0.33512884,-0.016688192,-1.1621431,0.8431336,0.6758256,34.69664,0.24337158,7.3907332,2.0404735,-6.566856,-2.4449592,-12.261567,-0.86194617,-6.2712746,20.756222,0.042059958,0.0088267885,0.19233976,5.142857,2.9411767,0.28399998,0.30097175,0.056666665,0.03858612,-14.889744,9,3-2,7,SPEAKER_02,134.2,135.966667,134.2,135.966667,1,1.7666670000000124,engaged
44.67334,0.04265785,43.57404,45.03876,45.75101,2.1769714,68.684814,75.85407,54.3332,82.36811,1.0354186,0.51701957,0.47482568,1.1397821,1.5281415,1.0533159,8.186781,8.6621,11.631541,9.199151,0.31046987,0.726827,2.3709893,3.181786,-10.927309,-1.0738682,-21.054419,-0.615811,-26.003237,-0.5655657,0.01178374,1.5493945,1.0142506,0.79469824,9.906593,0.3322606,8.267853,1.7281045,18.417324,0.43402696,781.75397,0.32581332,1266.6233,0.15254536,-16.044384,-3.7654548,1838.1105,0.14729172,1140.366,0.32608247,-20.044744,-2.3649538,2763.5173,0.10194455,1051.0658,0.3401832,-23.792006,-1.9354827,-6.0200076,-1.4505557,15.947806,0.41366547,0.06185512,0.3453458,-0.002765662,-6.5172725,0.34018567,0.6327246,2.228437,3.4691737,-12.395996,-0.8999682,-23.715452,-0.42092204,-27.516376,-0.50798583,-5.766857,12.816432,0.024347948,0.02709335,0.007752702,2.0661159,0.84745765,1.095,0.105,0.14,0.0,-22.248877,9,3-2,9,SPEAKER_04,137.1,164.366667,139.84034375000002,144.16034375,2,2.4299999999999784,engaged
36.178528,0.060560938,35.066498,36.469566,37.52079,2.4542923,81.28247,62.98352,15.106112,19.535952,0.9396459,0.71587884,0.38166583,0.73076606,1.5135217,1.1318558,13.742673,5.8042846,9.906843,5.74221,0.71666306,0.8439795,29.069294,0.47229236,8.134595,2.014571,-5.458744,-3.3156993,-10.593892,-1.5046134,0.017692234,1.159316,1.2456298,0.6538312,8.641827,0.38221833,8.853168,1.3160803,34.307644,0.3464948,751.05255,0.26019534,1417.2415,0.15978314,-55.76028,-1.4281766,1822.5895,0.13716948,1222.4003,0.20421019,-64.23609,-1.0760933,2940.2534,0.083759606,1113.0763,0.28460744,-71.53151,-0.90866905,-18.222706,-0.63833475,34.16324,0.24069872,0.06811262,0.32847664,-0.021824736,-0.787092,0.85238385,0.71542805,32.227562,0.3259171,8.060107,1.9383664,-8.187474,-2.098907,-13.762737,-1.0784584,-9.636918,19.024323,0.04874024,-0.002869225,0.25984305,4.239766,2.2156572,0.344,0.34232146,0.10833333,0.11845066,-14.780275,9,3-2,9,SPEAKER_02,137.1,164.366667,156.76596875,164.27534375000002,3,6.851250000000022,engaged
37.40702,0.0632319,35.501694,36.65274,38.940773,3.4390793,162.51279,167.40712,31.733887,35.747227,0.9883027,0.62073153,0.43771753,0.890874,1.6499982,1.2122806,15.567524,8.926417,9.283013,3.6575222,0.7527125,0.70675755,26.923647,0.54038674,6.373476,2.4990077,-13.014706,-1.4225222,-16.070522,-0.7320308,0.026924904,1.724497,1.2835385,0.7014967,8.213566,0.4825727,5.061028,2.3376474,34.082176,0.40441686,776.52826,0.2746743,1376.0361,0.18041746,-61.72238,-1.3498155,1801.7213,0.15180379,1185.5638,0.20456615,-71.69914,-1.0266708,2944.3506,0.08552644,1058.5431,0.21007243,-79.76131,-0.8582165,-16.446512,-0.6397602,33.617702,0.24869996,0.070725776,0.31775346,-0.022265289,-0.8044853,0.9104578,0.55387396,30.34038,0.39239055,6.917016,1.9366112,-14.29047,-1.2179738,-18.902548,-0.5838323,-5.0829487,20.372377,0.055711474,0.001513616,0.32645178,4.347826,2.7272727,0.26,0.15832457,0.086666666,0.047842335,-15.309998,9,3-2,10,SPEAKER_02,164.4,167.266667,164.95034375,167.266667,1,2.3163232500000106,disengaged
36.716213,0.09278626,34.412773,36.3152,38.83326,4.4204865,176.38242,204.60825,67.43298,141.48863,0.8938834,0.7715538,0.288039,0.68828505,1.5320765,1.2440375,15.30865,7.558484,9.464293,4.98877,0.64117837,0.8853648,30.245174,0.5208512,12.677204,1.2364343,-5.529187,-2.758248,-11.891218,-1.3537016,0.022890892,1.5885017,1.1658783,0.7734558,9.152265,0.46548995,10.467836,1.0735021,36.738556,0.3092838,767.18463,0.24329883,1366.8341,0.1732609,-55.247105,-1.3376527,1828.096,0.12721981,1220.2885,0.21067145,-66.61912,-0.96340597,2941.6792,0.080820546,1055.9512,0.28693658,-73.416565,-0.8134333,-19.795439,-0.56933266,36.00928,0.28284368,0.061452515,0.3769509,-0.021458635,-0.85707045,0.74818975,0.75052315,33.726223,0.37794766,11.407329,1.3668889,-6.2682824,-2.494112,-14.245671,-1.0384171,-13.412105,23.218687,0.04730102,-0.0065464764,0.25585917,3.7716618,3.0769231,0.24866666,0.20684507,0.07130435,0.055584196,-13.574392,9,3-2,11,SPEAKER_02,167.3,200.633333,167.3,200.633333,5,9.826458000000002,engaged
38.109875,0.09372298,35.614845,38.72759,40.261368,4.6465225,326.85983,309.066,39.899906,51.334305,0.41209564,1.1894253,0.0073106578,0.16019116,0.8135631,0.8062525,8.219528,4.442212,4.4368176,3.6361735,0.20161407,1.5181766,15.12859,1.1719347,8.260281,1.1250943,-4.4843225,-3.6598854,-23.633108,-0.9110818,0.019480698,1.7033073,1.2159854,1.0004901,9.659672,0.42720085,5.6674194,2.342378,36.899193,0.32989934,775.6032,0.1999037,1339.1042,0.19938421,-109.54004,-0.90218186,1850.2336,0.091822006,1128.2069,0.34366122,-113.72723,-0.7686606,2977.5818,0.0591039,824.19836,0.27050096,-117.617065,-0.7091811,-21.493507,-0.41624376,32.38965,0.3204458,0.07044186,0.3398608,-0.041664973,-0.49350053,0.37642214,0.93860894,25.988146,0.41173592,7.3918843,1.3970996,-15.901077,-0.80375403,-39.404564,-0.3387871,-5.708109,13.109449,0.03443936,0.01330555,0.036132727,1.7199018,1.7326733,0.27071428,0.24075666,0.3618182,0.43802902,-21.946127,9,3-2,11,SPEAKER_00,167.3,200.633333,177.99471875,197.97471875,6,8.15062500000002,engaged
36.64473,0.09509664,34.760063,37.050053,38.732376,3.972313,92.42661,134.62329,45.34671,58.868896,0.80979097,0.7184307,0.29830837,0.6983216,1.2603317,0.9620234,12.307495,8.785112,8.066098,5.0563507,0.601662,0.89352584,28.6213,0.5729512,16.171822,0.8005438,-3.408814,-4.175801,-17.474478,-0.83521414,0.022146923,1.6301523,1.1137707,0.6707883,9.284535,0.3999061,7.673599,1.4181024,35.353725,0.2895738,771.5824,0.22393341,1360.9512,0.16312595,-56.631157,-1.3511164,1867.6769,0.123867214,1200.238,0.2668959,-69.149315,-0.94959176,2960.6973,0.07687741,1002.97845,0.3039926,-74.28734,-0.84225416,-21.830591,-0.41396713,35.107388,0.27183864,0.0637715,0.31823596,-0.030467747,-0.46057442,0.71895427,0.74719894,32.49565,0.39994785,15.540199,0.83685625,-4.3594027,-3.2959452,-20.933311,-0.6647816,-12.953274,22.013876,0.043821752,-0.0048407177,0.18288378,3.0828516,2.032914,0.37809524,0.28865233,0.096999995,0.08216447,-14.844514,9,3-2,13,SPEAKER_02,201.266667,219.3,202.07534375,219.3,5,10.390281249999958,engaged
36.867428,0.09703162,34.695515,36.802296,38.41959,3.7240753,101.45077,120.00039,37.280445,23.559652,0.7495648,0.6723711,0.2977284,0.69364667,1.1706699,0.8729415,11.978765,5.5829573,8.697901,4.4774218,0.5503145,0.87076765,22.974756,0.8918381,14.028322,0.945846,-0.6032153,-28.244434,-13.711908,-1.0704699,0.027736828,1.3644737,1.3483741,0.71467286,8.7557125,0.45621485,5.5144258,1.8110398,30.799692,0.3926658,780.2603,0.23686393,1365.2162,0.16402918,-71.36874,-1.1693938,1864.6003,0.13529523,1136.7744,0.24774128,-78.64386,-0.93817353,2957.3044,0.08868182,1056.386,0.37280774,-83.04234,-0.8489519,-19.553896,-0.5493655,32.646446,0.35403025,0.059018508,0.35679308,-0.024044678,-0.7148298,0.690881,0.6554661,30.350052,0.46311283,12.295395,1.0955273,-2.8209794,-5.8281865,-17.272984,-0.7951571,-5.757283,13.037403,0.041091364,0.00501567,0.20590363,4.108217,2.1169355,0.33095238,0.21734117,0.14764705,0.11992789,-16.072056,9,3-2,14,SPEAKER_02,219.333333,233.933333,219.333333,230.74596875,6,9.995135749999946,disengaged
46.03213,0.05028967,44.7347,46.7476,47.541763,2.807064,18.927057,11.211026,38.79922,22.58649,0.49439493,0.6909836,0.115679085,0.5332937,0.83351994,0.71784085,3.7574146,1.4318062,2.9347463,2.3900511,0.1664252,0.9621198,9.753787,1.6605895,-1.6837747,-9.278549,-8.336372,-1.5771865,-27.54687,-0.7961648,0.017221976,1.2800899,0.9497221,1.1451669,12.805468,0.2600861,13.497165,0.566857,16.642168,0.5641014,881.9698,0.12692174,1213.6017,0.18526976,-75.72112,-1.1411556,1948.4309,0.10293855,897.8865,0.36591202,-82.38593,-0.9477034,3009.1316,0.042566396,790.75055,0.36583498,-81.51638,-0.9610074,-16.373568,-0.54049134,23.978941,0.4545217,0.09379467,0.2755419,-0.012018511,-1.0635749,0.21461777,0.69013464,17.426905,0.5012625,-2.7964098,-5.141346,-8.417158,-1.7270956,-38.311184,-0.35789603,5.1667805,4.0292225,0.043089796,0.022874085,0.042930957,3.196347,1.8779343,0.3575,0.17151895,0.21,0.24055491,-25.484789,9,3-2,14,SPEAKER_03,219.333333,233.933333,231.72471875,233.933333,1,2.2086142500000108,disengaged
43.745182,0.08675526,41.953796,44.187313,46.367466,4.4136696,43.438465,31.458717,472.48062,765.88574,0.5404604,0.66324985,0.22527145,0.5032049,0.77158046,0.546309,8.1574335,4.690696,4.930869,2.8588772,0.19953816,0.82336354,12.166299,0.9954589,2.7630265,5.20646,9.052286,1.8157136,-33.45388,-0.54913485,0.014459674,1.7202535,0.89709234,0.7383736,11.721934,0.31904057,13.658847,0.5594478,11.179501,1.0844673,853.2744,0.16634211,1214.0398,0.22666599,-49.068344,-1.3382725,1990.3486,0.10388672,743.29517,0.5720931,-54.11639,-1.060111,2935.6838,0.06606747,862.2111,0.301478,-48.996845,-1.2092445,-13.507861,-0.58599573,19.824236,0.52630603,0.07614953,0.2929399,-0.011611948,-1.0845765,0.22048894,0.7332995,13.355899,0.7296741,1.6239033,9.14042,8.956298,1.9068825,-37.281464,-0.43737322,-4.220544,12.740373,0.054729953,0.007576261,0.08164032,4.0,1.6194332,0.52,0.34659052,0.089999996,0.068033606,-24.219118,9,3-2,15,SPEAKER_03,233.966667,266.1,233.966667,239.23409375000003,2,5.014301750000044,engaged
37.692833,0.11332753,34.56982,36.935295,39.782475,5.212654,155.01346,161.19188,70.25259,60.130447,0.6381866,0.84103197,0.17189535,0.50177246,1.0361488,0.8642534,11.243251,6.781176,7.8331885,4.91183,0.3640277,1.1747801,16.433273,1.1815544,8.904081,1.7110064,-4.5268316,-3.5558288,-16.13353,-1.1738579,0.020831969,1.4092683,1.3441253,0.8089386,8.243987,0.47028196,8.10993,1.449381,27.75702,0.40844876,752.8914,0.24631554,1337.0367,0.16487911,-84.69486,-1.0736419,1829.8287,0.14178097,1122.3695,0.29609987,-89.96302,-0.8938113,2857.8647,0.08832569,960.7443,0.31310126,-92.8979,-0.8394016,-14.538154,-0.69786847,26.061962,0.4201417,0.05863844,0.3941984,-0.02255767,-0.80261165,0.48595905,0.92619276,24.873135,0.55350447,6.2536116,2.449223,-6.124712,-2.867333,-23.141638,-0.74112725,-4.1490836,10.881349,0.038476024,0.0050410964,0.16470613,3.6944273,3.2663317,0.18211538,0.16028023,0.109591834,0.10062985,-20.255404,9,3-2,15,SPEAKER_02,233.966667,266.1,239.47034375,265.22159375,9,15.980625000000003,engaged
47.633137,0.055542927,44.78496,47.8548,50.108868,5.323906,28.228456,19.392065,1.8276792,11.094927,0.62354267,0.59001195,0.21010785,0.6994936,0.89920473,0.68909687,5.7697973,2.8828683,2.879529,0.7868449,0.20442213,0.87593603,11.615584,1.8170303,-5.5887756,-2.080142,-21.413366,-0.5684313,-28.10331,-0.7670143,0.01337927,1.52518,0.5191667,0.9621507,14.837944,0.29554772,11.8549185,0.64423287,26.179241,0.56871957,881.9431,0.14137216,1157.4948,0.14524582,-51.22927,-1.4556092,1904.7054,0.09898885,1016.83716,0.36292228,-61.277107,-1.0886251,3016.2068,0.04879436,721.4648,0.26341918,-68.86682,-0.9118072,-17.283905,-0.3504005,30.955305,0.2745501,0.09656444,0.22661206,-0.0168885,-0.87162584,0.25669554,0.6580618,21.96649,0.36709917,-8.173701,-1.3219621,-22.966177,-0.54947925,-36.507027,-0.4385767,12.101602,-3.750076,0.038447708,0.023959123,0.019449107,2.919708,0.7575758,1.06,0.0,0.22999999,0.0,-21.155577,9,3-2,16,SPEAKER_02,266.133333,270.9,266.38596875,267.76971875000004,1,1.3837500000000205,disengaged
42.174923,0.0989659,40.366093,43.5453,44.593597,4.2275047,73.56811,49.733974,33.014008,24.49761,0.5269119,0.9994481,0.10660227,0.37225866,0.822228,0.71562576,9.467183,4.755415,5.7118735,4.2395406,0.23629119,1.006713,20.13428,0.48673764,5.5451026,2.4551504,2.6403253,8.386661,-27.874176,-0.6393619,0.033531204,1.6524442,1.0930007,0.8117783,11.770616,0.31758168,11.396126,0.81472135,22.0314,0.5868542,869.2136,0.16094506,1310.6019,0.20641318,-57.077515,-1.2214155,1939.435,0.11271756,978.18225,0.39285415,-62.982967,-0.990237,2916.5647,0.06247746,827.7634,0.28141397,-63.444202,-0.97577155,-16.059666,-0.6448833,27.442251,0.33354083,0.07038044,0.28505203,-0.013546781,-1.212232,0.28348368,0.8579247,20.381184,0.4407645,3.7184327,3.5215378,2.0243685,11.467942,-32.446186,-0.50979275,-16.413301,26.077282,0.04320589,0.0006941728,0.06557609,3.0,2.5773196,0.306,0.17647663,0.061999995,0.04261455,-22.432762,9,3-2,17,SPEAKER_02,270.933333,273.866667,271.54971875,273.866667,2,2.0131982500000163,engaged
39.077168,0.11088806,36.001534,39.94572,43.096825,7.095291,57.23949,34.454865,79.36373,54.08618,0.30191588,0.78251004,0.12573016,0.24764276,0.47092748,0.34519732,2.7830086,0.97663754,2.8317583,1.304483,0.09506845,0.90965056,17.78826,1.1783842,12.313726,1.0997875,1.8323452,9.467433,-17.532747,-1.0045547,0.027090995,1.3072188,1.1067082,1.1130022,10.893426,0.3694743,13.06029,0.4927419,26.563398,0.477538,832.9737,0.20411657,1338.23,0.1324931,-77.30816,-1.0479327,1901.0573,0.13100909,1086.4559,0.322296,-81.76248,-0.9083195,2913.4612,0.062330462,1018.3164,0.35721937,-84.265755,-0.8504095,-18.43108,-0.56359446,30.749996,0.34838724,0.062351093,0.28918305,-0.015363304,-1.0204694,0.12363289,0.70922875,25.918837,0.45401946,10.597505,1.4023669,-0.7249215,-27.05106,-21.343128,-0.8276155,0.5743686,6.816522,0.03881969,0.013647839,0.03178017,2.7522936,2.3584907,0.29,0.18471599,0.11399999,0.046733286,-30.317163,9,3-2,18,SPEAKER_02,273.9,289.066667,274.19909375000003,289.066667,2,2.1944482499999367,disengaged
37.765457,0.12885854,34.722797,36.8088,41.97527,7.252472,241.70161,426.79147,11.142181,28.596043,0.5558946,0.92403185,0.16135971,0.36343095,0.88999903,0.7286393,10.542033,6.880966,8.338152,6.2464647,0.31255692,1.1709718,19.83329,0.99411714,10.751537,1.4877893,-1.2784493,-13.2805195,-14.638782,-1.082982,0.017067488,1.2700651,1.2463363,0.78752214,9.200677,0.45125973,8.002166,1.4191695,29.84949,0.3659033,770.62354,0.21976599,1344.0165,0.15078107,-74.62467,-1.1622813,1857.3234,0.1158954,1107.5679,0.28342164,-81.58769,-0.9407313,2912.3093,0.07345666,974.0508,0.31409937,-85.53714,-0.85934895,-17.409084,-0.64089614,29.268951,0.42758745,0.05729342,0.38726783,-0.021470826,-0.7319349,0.39496964,0.98684233,27.135098,0.5220163,8.819655,1.8711625,-2.763018,-6.485513,-19.226433,-0.77594346,-5.1214914,12.041769,0.03688376,0.001612225,0.13720872,3.2679741,2.5191677,0.26434782,0.26678154,0.11727273,0.07142586,-20.310852,9,3-2,19,SPEAKER_02,289.1,314.733333,289.1,314.733333,7,9.197082999999964,engaged
42.08358,0.06531589,41.18489,42.17427,43.142685,1.9577942,54.06036,53.537663,40.555363,30.642881,0.17748977,0.51202804,0.10311732,0.15758617,0.2613043,0.15818697,1.1128635,0.40241614,1.2321316,0.5523562,0.056935873,0.6696433,29.304934,0.28045037,10.684629,0.87034875,-4.3873434,-2.5367227,-25.730825,-0.39233583,0.020194246,1.2226104,1.0899314,0.7741163,11.729818,0.2573183,20.280155,0.46213496,35.066994,0.2758145,814.28314,0.17026791,1337.9028,0.1473197,-38.620705,-1.3646636,1926.6183,0.094710216,1097.7534,0.25557205,-50.969822,-0.8594107,3008.8323,0.060038324,895.8003,0.2966456,-55.409306,-0.7556687,-24.880024,-0.2723353,36.52537,0.23835072,0.05161673,0.283556,-0.024901414,-0.5227843,0.06153949,0.60350704,30.681274,0.17474382,10.338846,0.9192389,-5.0676727,-2.2461245,-27.261736,-0.33106115,-12.185219,21.857107,0.045777105,0.008936664,0.016634727,2.9339855,1.2406949,0.72999996,0.40904766,0.0725,0.0481534,-36.022213,9,3-2,19,SPEAKER_00,289.1,314.733333,299.00534375,304.69221875,4,4.100624999999923,engaged
35.95746,0.09632531,34.20111,36.0918,37.843796,3.642685,591.9804,507.543,46.810787,58.018837,0.8629471,0.74565196,0.28716505,0.72254133,1.4171407,1.1299757,13.906457,7.4820023,8.447373,4.962473,0.5155001,0.9359698,24.11908,0.77797043,11.544223,1.4392538,-4.4520197,-3.6405709,-11.505841,-1.4339777,0.019089349,1.5544834,1.0748718,0.7761079,9.15953,0.4179473,5.0682735,2.167518,30.857565,0.37598896,763.86346,0.22289073,1340.5565,0.17892997,-62.616055,-1.3113261,1844.2318,0.124061786,1163.1008,0.24787182,-72.66038,-0.98752546,2927.8455,0.079509854,1020.03,0.3665706,-77.565636,-0.8817258,-16.786364,-0.6975625,30.907017,0.37773326,0.05863391,0.34426305,-0.024832392,-0.63527364,0.64316803,0.7470447,30.678045,0.46563345,9.684156,1.7222687,-5.7748427,-2.86968,-17.203773,-0.77771354,-8.066532,16.556831,0.031719852,0.0075360676,0.1549856,2.9871979,2.8694406,0.2485,0.21806592,0.08263157,0.05446796,-15.403198,9,3-2,20,SPEAKER_02,314.766667,323.2,314.766667,323.2,3,7.049582999999984,disengaged
35.43138,0.0470077,33.732674,35.24595,36.80637,3.0736961,94.99621,170.10988,42.615036,63.54811,0.7346125,0.7756667,0.2507778,0.56568867,1.158567,0.9077891,10.496885,10.380983,7.73088,5.01932,0.42975485,0.9814999,20.868069,1.1826562,12.082899,1.4711773,-5.118362,-3.9102278,-7.1692705,-2.1912098,0.01827363,1.1552603,1.0676328,0.81815463,8.598417,0.44769153,8.324134,1.3101332,37.4588,0.33719334,709.66736,0.25570735,1428.0668,0.13776496,-69.383286,-1.2511281,1780.3429,0.13539161,1237.5321,0.15796863,-77.826126,-0.9979057,2927.6746,0.08950876,1146.4948,0.26584795,-85.49912,-0.8423813,-17.630043,-0.80299366,35.852406,0.24431221,0.05754279,0.37451294,-0.016993137,-1.3659629,0.58496845,0.723418,34.03957,0.3725868,9.404075,2.0518098,-9.704921,-1.9481729,-12.352317,-1.152137,2.661198,0.9120494,0.022019092,0.008559946,0.08548526,3.448276,1.5625,0.445,0.23167865,0.175,0.080156095,-18.418756,9,3-2,21,SPEAKER_02,323.233333,343.766667,323.233333,325.85346875000005,1,2.6201357500000313,engaged
40.65211,0.09764163,38.79249,40.153206,42.164112,3.371624,784.5474,1031.4565,179.3788,262.23672,0.7925987,0.6974084,0.18521959,0.8351486,1.3392605,1.1540408,5.7516494,2.554268,5.2731786,2.8523822,0.24625893,0.75965995,17.710121,0.94751495,0.7024579,19.98516,-15.400173,-1.3061835,-28.151667,-0.5870172,0.011348718,1.5067401,0.7844057,1.2146784,11.467196,0.3906631,8.396223,1.5707222,32.990044,0.3658733,750.00165,0.21152522,1425.3312,0.16390194,-64.76605,-1.3964511,1753.0326,0.107384816,1207.6039,0.23977515,-66.186035,-1.1807654,2870.3135,0.08011588,951.80396,0.43076387,-72.148476,-1.0079764,-14.497083,-0.6638302,28.42324,0.35114387,0.06040202,0.36691105,-0.027020952,-0.7213071,0.29533097,0.5622757,22.955654,0.52064717,-1.5380977,-8.767748,-21.707054,-0.8868097,-33.326214,-0.44139972,-3.0123658,9.192274,0.04814182,-8.083958e-05,0.118910976,1.7441862,2.6706233,0.26555556,0.21234725,0.098749995,0.051584277,-19.440271,9,3-2,21,SPEAKER_00,323.233333,343.766667,327.57471875000005,337.71659375,6,3.459374999999966,engaged
41.348705,0.05985406,39.580948,42.491272,43.092422,3.5114746,30.451332,14.328524,25.40922,32.761925,0.19467598,0.83869857,0.046173215,0.17366704,0.3373568,0.2911836,4.212409,2.1237779,1.7355571,0.99098444,0.064499155,1.0086814,22.772532,0.46961573,13.774655,0.60479635,7.673202,1.2745315,-27.771463,-0.76540184,0.018495623,0.7861164,0.9968422,0.7507879,11.629315,0.25329396,18.969881,0.39896432,28.338736,0.24913578,796.5577,0.14106248,1194.1289,0.14502722,-68.825455,-1.1229948,2024.9637,0.0800106,897.3231,0.3095537,-78.10412,-0.85152525,2916.8857,0.05149026,903.6832,0.42593902,-75.55815,-0.90210927,-23.110613,-0.24983296,31.289335,0.2692678,0.057126906,0.36169568,-0.02905121,-0.49267197,0.08217704,0.8033648,26.075283,0.28381488,12.381861,0.6907446,6.682387,1.57723,-37.207027,-0.42019898,-13.7891035,23.254333,0.014544107,0.020490272,0.006945014,2.9126215,2.0,0.37,0.21965882,0.14333333,0.10873004,-34.84105,9,3-2,22,SPEAKER_01,343.8,363.833333,347.89221875000004,349.96784375000004,1,2.0756250000000023,disengaged
47.8232,0.089064315,44.818436,47.242317,50.348923,5.530487,29.300127,11.128828,25.715221,17.424799,0.58947647,0.81134075,0.12997799,0.535955,0.94403046,0.81405246,6.672761,3.4257393,4.274882,3.1704674,0.23137152,1.1270397,13.446279,0.93083376,-2.698111,-4.73047,-17.287624,-0.8957895,-34.521214,-0.46475682,0.017807776,1.5165315,0.75605935,0.8318017,13.346974,0.29073253,14.382428,0.47741237,25.246191,0.49851272,857.1161,0.19271478,1249.6202,0.20616247,-68.83032,-1.2731582,1890.7769,0.12234438,1056.7462,0.36267743,-70.4309,-1.0319823,2982.6223,0.078094535,935.3544,0.38969612,-75.09518,-0.92812353,-14.853252,-0.47329888,27.389383,0.33780506,0.0763572,0.4379256,-0.01397901,-0.9898841,0.29115117,0.92811376,15.956875,0.7380814,-6.1672177,-1.9948446,-22.419018,-0.6350465,-38.43705,-0.32063568,-7.018813,14.2315235,0.05073672,0.0006556772,0.055488788,3.0710173,2.1359222,0.34090906,0.26647374,0.1311111,0.07578397,-21.004038,9,3-2,22,SPEAKER_02,343.8,363.833333,349.96784375000004,363.833333,6,5.225489249999839,disengaged
37.515034,0.12472142,34.84459,37.029034,39.77879,4.9342003,244.70486,499.3928,101.85393,141.46492,0.7593842,0.7195193,0.2641533,0.6530154,1.1959082,0.9317549,12.476306,7.776751,8.134185,4.729792,0.50312096,1.0315768,25.616583,0.65324885,8.290538,1.8250031,-5.5411024,-3.148279,-19.337313,-0.96253204,0.022868177,1.5249757,1.1724368,0.8651878,9.427263,0.45380542,9.828173,1.188274,33.198326,0.3364189,769.1624,0.24055456,1372.1597,0.17630191,-61.261284,-1.3171397,1857.9445,0.13431251,1157.766,0.28095594,-69.58792,-1.009779,2945.1523,0.08566441,1031.0571,0.2880126,-75.01587,-0.8906716,-18.90275,-0.5392215,32.316536,0.29324535,0.069315866,0.3271834,-0.025779093,-0.6860939,0.59400415,0.8618116,31.066242,0.3266643,6.852516,2.189571,-6.9727683,-2.5187385,-23.690966,-0.7008785,-7.998174,16.989574,0.051464364,0.0013525278,0.22244231,2.982377,2.4003623,0.30735847,0.24662362,0.10545455,0.098221794,-16.719526,9,3-2,23,SPEAKER_02,363.866667,442.333333,363.866667,398.8378437500001,14,22.14617675000011,engaged
45.951687,0.047312267,44.078842,45.383827,47.298866,3.220024,15.4033375,5.2754936,10.73967,2.9277892,0.40128872,0.78148067,0.0875047,0.32773447,0.6751855,0.5876808,6.56605,3.6780145,2.63355,0.95576197,0.12256411,0.9682595,13.391943,1.1190366,0.64633495,20.47823,-17.159443,-0.605908,-27.448502,-0.73519593,0.014431608,0.886496,0.9404008,0.950969,12.605586,0.2841627,14.608909,0.6648945,27.152647,0.3497306,828.00903,0.20622605,1253.8458,0.13375545,-95.8967,-0.98011464,1807.7362,0.12828748,1165.7811,0.382351,-96.60167,-0.86530244,2918.1594,0.075275205,783.018,0.3225713,-100.280685,-0.79916596,-13.502993,-0.5882407,26.074749,0.38558742,0.07737079,0.35031325,-0.011220114,-1.3981668,0.1806137,0.672568,19.621267,0.5040284,-5.6595864,-1.9250896,-19.296045,-0.5458535,-38.17691,-0.40989566,-3.5827947,13.791548,0.026550382,0.00947739,0.036787745,3.3333335,2.2988505,0.25,0.09721111,0.22333333,0.096724115,-26.697062,9,3-2,23,SPEAKER_00,363.866667,442.333333,440.1478437500001,442.333333,2,1.8142392499999005,engaged
47.478054,0.09212485,42.868465,47.335922,52.181324,9.312859,33.684933,10.269041,70.242065,15.858257,0.7431295,0.76275885,0.32346064,0.5678732,1.1110568,0.78759617,3.9514828,2.5810704,6.6101227,2.8792284,0.41125032,1.0159564,10.695081,1.613596,-2.9449198,-4.158172,-19.069304,-0.8065633,-37.418934,-0.548835,0.034104783,2.4987767,0.9086086,1.0563194,12.254104,0.30526087,16.887129,0.512386,25.035923,0.3485946,853.6982,0.20346257,1226.3301,0.15027623,-59.583466,-1.3351952,1940.793,0.13509494,1016.3388,0.29823688,-61.699043,-1.0689213,2980.3796,0.06716175,902.51666,0.3303333,-65.75783,-0.9713768,-15.517473,-0.48731142,28.638517,0.32120425,0.077108756,0.3583605,-0.02321984,-0.5701298,0.513071,0.82654357,16.293365,0.5173982,-4.724309,-2.6029105,-21.693174,-0.687211,-45.044296,-0.3282252,4.7659826,3.457839,0.04772498,0.011958176,0.0646525,2.7586207,2.1582735,0.3633333,0.028674418,0.08,0.049665544,-19.61553,9,3-2,25,SPEAKER_00,443.166667,459.4,443.42159375000006,445.98659375000005,2,1.4681250000000432,engaged
35.505417,0.03357899,34.244347,35.68141,36.49618,2.2518349,43.206245,48.916656,19.056019,7.580993,0.45557216,0.6421557,0.15098128,0.4122682,0.71818304,0.56720173,8.845406,4.5407805,5.3908916,2.2406847,0.30519953,0.98076254,24.899874,0.78988737,18.71759,0.62987137,-2.4428344,-5.1591864,-5.122531,-2.549328,0.019089865,1.120761,1.4102708,0.65441316,8.808297,0.34154415,10.002834,0.91727495,40.00266,0.2163373,753.9772,0.22559394,1451.6151,0.15438327,-69.90709,-1.1617587,1809.8341,0.10592118,1273.1439,0.2954824,-80.82707,-0.87684166,2960.225,0.080196284,1043.6901,0.28366846,-87.4315,-0.7617339,-23.84931,-0.37063232,36.107407,0.2940341,0.061117623,0.33256856,-0.023489213,-0.5491655,0.38447344,0.7823174,32.49771,0.40410337,20.668215,0.5039371,-1.6683515,-7.804992,-8.744263,-1.3282491,-6.5165424,16.949173,0.03437607,0.0065362263,0.12735899,5.755396,2.5641026,0.27142856,0.17739612,0.09571428,0.056279186,-22.091648,9,3-2,26,SPEAKER_02,459.433333,463.9,461.10659375,463.9,1,2.7934062499999754,disengaged
36.226147,0.030221097,35.33796,36.28904,36.805103,1.467144,14.945454,7.1866355,8.45866,5.7321734,0.6422833,0.5036674,0.35532913,0.6119067,0.91478896,0.5594598,8.489811,4.198439,4.5492144,2.9509237,0.40639135,0.7187396,30.115513,0.6475774,21.254025,0.50107485,5.5451913,2.3977864,-12.843916,-0.9237407,0.013912793,0.7459578,1.2051711,0.854935,10.481729,0.29488367,12.7912855,0.6543358,40.09431,0.16694464,729.43195,0.22274654,1416.842,0.1678541,-38.449284,-1.5245615,1884.5159,0.117879584,1133.3207,0.26308995,-56.55229,-0.8647583,2975.8918,0.07732074,1083.5065,0.21359803,-60.684673,-0.7702887,-26.17929,-0.29687914,35.920593,0.25341222,0.065957785,0.27161577,-0.030498011,-0.4042339,0.44082305,0.6585156,35.16486,0.33105856,20.018309,0.4954746,5.4664645,2.5475147,-15.603226,-0.64112705,-1.6619819,5.759891,0.049223833,-0.00066216977,0.24461,5.027933,1.7241379,0.50333333,0.32704058,0.053333335,0.028674418,-17.028072,9,3-2,27,SPEAKER_02,463.933333,465.733333,463.933333,465.733333,1,1.8000000000000114,engaged
36.454746,0.09509609,34.71176,36.061344,37.12965,2.4178886,76.01408,122.66971,48.448215,78.214775,0.623504,0.6615263,0.25506723,0.55325365,0.9352397,0.68017244,10.457215,5.8251224,6.348062,3.1370687,0.4174638,0.8688477,29.632042,0.60326993,17.246712,0.737922,1.3571588,9.287491,-8.4442215,-1.7373201,0.018390395,0.9595967,1.1870102,0.73238593,9.409086,0.412036,10.987454,0.7927808,37.322674,0.27049223,744.58936,0.2411942,1397.6018,0.16076824,-49.06066,-1.3802319,1846.6823,0.1195653,1183.6499,0.259148,-62.25245,-0.9418393,2954.3447,0.08637114,1098.2698,0.26411834,-68.236626,-0.8127739,-22.84033,-0.47071233,34.781796,0.3594132,0.06184733,0.3781206,-0.023181954,-0.7010584,0.468074,0.78250545,33.09841,0.4555102,16.868616,0.72386885,1.624157,7.896986,-11.131187,-1.2311509,-11.244468,19.877794,0.044597235,0.00015681602,0.19256058,4.2857146,2.5641026,0.31437498,0.25209045,0.0725,0.024195384,-16.978363,9,3-2,30,SPEAKER_02,468.0,476.033333,468.0,475.78784375,4,6.31971875000005,disengaged
39.378754,0.093147255,36.297333,40.198074,42.418568,6.121235,136.67607,151.8731,-32.853703,63.071682,0.43920815,0.9709572,0.098655716,0.35198155,0.6647704,0.5661147,7.7395773,5.1598744,4.576559,3.9859977,0.15814915,1.1123166,17.5284,0.8758794,3.0474083,4.2521977,1.0696886,16.56973,-27.411743,-0.777178,0.021381974,1.9314976,1.0302978,0.8762521,9.853713,0.34866846,8.388117,1.1037396,25.541502,0.3344895,782.6933,0.21763098,1363.9377,0.18976502,-66.928535,-1.2903881,1891.4467,0.14235866,1050.7051,0.3886837,-73.00575,-1.0369467,2880.0342,0.07732053,950.7436,0.3701489,-73.90988,-1.0117964,-15.03907,-0.54350954,23.461212,0.3707363,0.057229582,0.37017202,-0.027045434,-0.54481703,0.20245382,0.89591223,22.279045,0.49577275,0.03792703,359.3836,-2.1685896,-8.610188,-35.41374,-0.43435916,-7.269098,14.177146,0.030242637,0.005203139,0.041327544,3.047619,2.3121388,0.30416664,0.13750505,0.13,0.09757049,-26.217024,9,3-2,31,SPEAKER_03,476.066667,518.366667,477.62721875000005,483.97221875,3,5.2650000000001,engaged
40.46188,0.11605762,37.56954,40.19247,43.31268,5.743141,123.479485,240.80864,213.38454,568.558,0.4799617,1.0190073,0.09856582,0.2921466,0.8672662,0.76870036,9.200966,5.9683332,4.393227,3.4130578,0.23694181,1.5644081,17.410358,0.9508035,6.08645,2.10241,-3.635132,-4.9096966,-26.615387,-0.78687245,0.026313124,2.1924531,1.0809759,0.91039646,10.224821,0.37461343,12.21668,0.8815121,29.502943,0.41758135,791.2819,0.19658972,1309.4254,0.17850608,-78.3282,-1.1188673,1913.2051,0.12586124,1007.9288,0.34440684,-83.30326,-0.9154479,2943.9988,0.074885026,920.8132,0.3408371,-85.357735,-0.8753835,-18.810936,-0.47627607,28.923283,0.34994698,0.060363594,0.40022054,-0.029741708,-0.6208304,0.3013265,1.1737901,23.752441,0.4645912,5.982453,2.2036347,-5.4023795,-3.5102713,-34.2494,-0.5380713,-5.2331457,13.512189,0.040453933,0.0007402389,0.06913887,1.9066733,2.6170106,0.2509615,0.20736681,0.12644444,0.113766916,-22.070608,9,3-2,31,SPEAKER_02,476.066667,518.366667,483.97221875,518.366667,16,19.949448249999705,engaged
36.186466,0.08686985,34.682014,36.097713,38.072872,3.3908577,56.49367,52.130577,29.502964,22.667406,1.008925,0.6612851,0.39683077,0.9080445,1.6048841,1.2080534,14.354714,7.4527946,8.625992,4.1056514,0.65838504,0.8071266,28.153046,0.50593436,6.4147043,2.5695846,-7.302759,-2.2500777,-12.820585,-1.0198092,0.022354575,1.5432931,1.1560471,0.69384724,8.281469,0.45462558,7.892105,1.4246359,31.236341,0.38226092,768.1206,0.24281771,1361.4109,0.17184117,-46.161903,-1.5941179,1833.0642,0.13562313,1134.1626,0.25019032,-55.741806,-1.1627998,2930.083,0.09579717,1055.3221,0.31795812,-62.94108,-0.9712697,-16.117435,-0.72726023,31.151463,0.30336833,0.065598086,0.30806747,-0.020527838,-0.84145683,0.7623337,0.6848127,31.525051,0.33396426,5.2792654,3.1668482,-7.84835,-2.0864575,-14.723438,-0.8304192,-8.985628,18.965527,0.05250888,-0.00055998995,0.1945419,3.5750766,2.1582735,0.37095237,0.31575915,0.08388889,0.062905475,-14.597252,9,3-2,32,SPEAKER_02,518.4,534.766667,518.4,529.7878437500001,4,9.80159375000028,disengaged
41.407833,0.08086057,39.191948,41.90223,44.026207,4.834259,77.73371,54.50661,21.109537,12.315563,0.72322935,0.57710886,0.34925374,0.71589476,0.89897007,0.54971635,7.836936,4.079781,7.234121,5.5123534,0.31902152,1.0176319,15.427845,0.78402233,-0.9187945,-12.203972,-0.16189618,-130.93288,-31.408007,-0.5157075,0.02273041,1.2504487,0.93792766,0.5512231,9.555566,0.3677994,5.745627,1.2006166,16.468224,0.866331,804.43036,0.28722236,1277.5044,0.20185386,-43.865276,-1.4425125,1885.8702,0.16268486,888.19714,0.430138,-44.516308,-1.2062545,2875.6047,0.08191477,984.9721,0.3781172,-46.082645,-1.1393341,-10.862101,-0.5564363,22.099197,0.33682573,0.06144342,0.30272248,-0.013105814,-1.2015562,0.35135582,0.97269464,16.913765,0.6329943,-1.449876,-7.4045963,0.5993396,37.462803,-34.441856,-0.42525008,-8.449159,16.208893,0.05177432,0.00023374417,0.13809057,2.9629629,2.3255816,0.37,0.18018508,0.065,0.005,-22.247593,9,3-2,32,SPEAKER_03,518.4,534.766667,529.9734687499999,534.0234687500001,2,1.3668750000001637,disengaged
39.28984,0.11418763,35.50961,39.556698,43.131786,7.622177,105.05547,158.82857,25.70535,13.893083,0.50105476,0.67865485,0.18416888,0.4677589,0.74936163,0.56519276,6.9279704,5.2745543,4.5068226,1.7962372,0.19075097,0.8844469,19.80188,0.65210205,2.7528832,5.1586747,-2.391734,-7.6486583,-27.822584,-0.6237986,0.022163216,1.8094981,1.0729263,0.7730899,8.966196,0.40353456,6.6608973,1.6382457,21.865252,0.62256944,784.89386,0.24824421,1334.178,0.22553335,-59.107143,-1.3737204,1833.7692,0.14670765,1004.163,0.37701127,-62.42856,-1.1305176,2880.0168,0.079845525,894.0168,0.37567022,-64.3499,-1.0757799,-12.627967,-0.6012031,22.472652,0.44787425,0.066003196,0.335258,-0.017587576,-0.99415445,0.21266559,0.7565957,20.469831,0.60022247,0.8262972,16.559444,-2.74822,-6.731102,-32.234695,-0.48405907,-11.169057,20.825638,0.047189955,-0.005180997,0.1272879,3.4562213,2.5700936,0.29,0.15374123,0.08399999,0.10160709,-26.44259,9,3-2,33,SPEAKER_01,534.8,617.266667,534.8,540.3515937500001,2,4.353468750000047,engaged
45.109898,0.0870661,41.486588,44.528313,48.6433,7.1567116,27.67918,16.011078,93.85611,46.010384,0.4367613,0.63661844,0.2259483,0.41845834,0.55962884,0.33368054,6.619144,3.8977866,4.604711,4.739953,0.21322037,1.5855708,18.768217,1.0938715,9.6588,0.5857731,-15.528408,-0.65642434,-41.142117,-0.41332322,0.01636324,1.1416273,0.80727404,1.0904925,13.8475485,0.299856,17.466368,0.3853705,35.722115,0.37485203,831.95135,0.1720792,1267.9087,0.17065339,-57.93992,-1.3171217,1936.6454,0.09595931,1125.9032,0.24727124,-75.58893,-0.7998903,3034.3682,0.065703966,853.7787,0.31769004,-76.607025,-0.78128433,-23.453545,-0.2566291,35.822964,0.20755547,0.081318706,0.30477357,-0.028220076,-0.53167105,0.2578384,1.4188514,26.949852,0.32775873,9.703092,0.6007599,-17.943539,-0.55600995,-47.746536,-0.24748455,0.7901931,6.467882,0.050199162,-0.0006450764,0.06435809,2.0761247,2.1126761,0.36666667,0.31721005,0.125,0.10828204,-22.215935,9,3-2,33,SPEAKER_00,534.8,617.266667,544.50284375,553.24409375,5,2.9025000000001455,engaged
36.33798,0.062095623,35.04901,36.6168,37.77957,2.7305603,105.10215,132.64986,18.394127,20.175238,0.7850707,0.6951312,0.3407265,0.6202552,1.1868837,0.8461572,13.1598425,8.083548,8.253755,3.5905929,0.59557885,0.89286625,29.995764,0.4467051,13.050887,1.1134907,-4.36336,-3.1458764,-12.831221,-1.2009557,0.01679398,1.24335,1.209223,0.7144698,9.494879,0.32481828,9.097496,1.259907,36.66059,0.28258356,744.97156,0.26903716,1393.6891,0.13980146,-64.01417,-1.2564101,1802.709,0.14410403,1240.0815,0.21888952,-73.51798,-0.9501886,2922.3218,0.08334918,984.2352,0.23339131,-79.21593,-0.8373883,-20.627169,-0.43826947,35.485264,0.25320956,0.06568159,0.3484584,-0.025685696,-0.54631937,0.70781666,0.76031405,33.27289,0.30813265,13.815189,0.941186,-6.348372,-2.0076354,-16.632252,-0.8714152,-12.28071,20.559788,0.03887101,-0.008808627,0.22516005,3.8745387,2.238806,0.3275,0.33311972,0.10909091,0.071662664,-15.718767,9,3-2,33,SPEAKER_02,534.8,617.266667,610.5009687500001,617.266667,4,5.432573250000019,engaged
35.83765,0.023124179,35.067093,35.656624,36.43698,1.3698883,64.43808,40.79114,6.636463,3.2326179,0.656517,0.76812065,0.23781987,0.49780092,1.0432023,0.80538243,13.110736,6.7227483,9.717769,6.7053795,0.4510216,0.89959174,23.95351,0.872011,14.967244,1.1367555,-3.60285,-4.3186555,-16.218002,-0.58837384,0.015492648,0.9264857,1.4630829,0.7272731,8.037441,0.4213893,8.145444,0.94857675,38.198914,0.19696033,721.90967,0.2648442,1444.2042,0.18225846,-76.89428,-1.1356881,1762.0496,0.1311271,1336.312,0.21562316,-85.46372,-0.8939891,2882.8223,0.08829215,1029.743,0.21325137,-90.84708,-0.797205,-18.068933,-0.517802,32.40381,0.28710395,0.07381956,0.2953253,-0.02388958,-0.5797027,0.6002875,0.6762207,33.561127,0.37247503,9.813406,1.4177332,-6.5732017,-2.124617,-19.862694,-0.42379728,-3.6893158,10.960101,0.043499514,-0.0033588735,0.1945161,4.8,4.2735043,0.146,0.070028566,0.0875,0.024874683,-19.448734,9,3-2,34,SPEAKER_02,617.3,618.566667,617.3,618.566667,1,1.2666670000000977,disengaged
36.47978,0.124965385,34.590534,36.517746,38.207577,3.6170425,531.0474,792.6124,18.753817,11.938932,0.7999987,0.7153397,0.26354066,0.6753929,1.3262017,1.062661,12.916525,6.9426913,7.6182923,2.948324,0.5704768,0.8505237,25.522272,0.8047888,11.593029,1.350915,-2.7402842,-6.2324204,-12.113809,-1.1049143,0.02645286,1.9941452,1.3125217,0.6734232,8.409923,0.48085386,6.32501,1.6827348,32.008614,0.3744431,772.55096,0.24133652,1357.6759,0.1643305,-60.169975,-1.3054007,1839.266,0.1379336,1171.7335,0.22547689,-68.42362,-1.0165163,2932.4136,0.08843789,1069.5413,0.33980876,-74.121796,-0.8797953,-18.563717,-0.70481086,32.51169,0.39839652,0.06269155,0.31115744,-0.021829203,-0.8111101,0.6979171,0.6773908,30.848438,0.49470684,9.7746,1.6229787,-4.120191,-4.265892,-15.478731,-0.74953574,-7.2637224,15.549635,0.044984695,0.0026798004,0.15570366,3.8120568,2.5846703,0.2889655,0.21983291,0.09208333,0.06843362,-15.634457,9,3-2,35,SPEAKER_02,618.6,638.066667,619.2422187500001,638.066667,5,11.298198249999814,engaged
37.30412,0.095043436,35.36177,37.319214,39.132046,3.770275,270.8615,520.70984,47.471844,44.635574,0.6760936,0.7938487,0.15209864,0.575244,1.1169177,0.9648191,11.505256,6.3007636,6.705976,4.133906,0.39334822,1.0471513,23.91606,0.73202175,12.084812,1.1268277,0.020983513,715.38043,-19.004074,-1.0288743,0.019620566,1.5134957,1.104226,0.88935274,10.074727,0.39028978,11.106671,0.94682944,33.72162,0.35814282,759.8933,0.25363326,1385.084,0.1936261,-75.92801,-1.1260254,1873.4833,0.13637635,1180.2131,0.3256939,-82.34108,-0.9047044,2938.7124,0.08116541,1037.5233,0.3692307,-85.211075,-0.84958917,-20.793385,-0.50595134,32.14972,0.3558021,0.062836416,0.37591526,-0.028231367,-0.6172318,0.5155348,0.793752,30.21096,0.43893704,11.8960495,1.1807109,-0.8427209,-19.108313,-23.137571,-0.83892184,-9.071677,16.13376,0.046364166,-0.00048424018,0.11075315,2.9663436,2.4613624,0.27511626,0.18428205,0.1465625,0.18690921,-17.559345,9,3-2,37,SPEAKER_02,639.9,697.2,641.53409375,697.2,14,17.54528124999979,engaged
38.799305,0.12356902,35.69261,39.29127,43.012054,7.3194427,111.37136,119.767944,65.87377,78.60262,0.38381812,0.7461093,0.100496165,0.3629603,0.6190107,0.5185145,6.429038,3.1606288,4.640374,2.7556796,0.14085369,0.906256,18.182764,0.83135027,12.012027,1.0115091,2.6377475,5.546267,-26.6191,-0.68893224,0.028175961,1.9362533,1.091726,0.9283824,10.431772,0.3963745,12.77493,0.7677582,27.196213,0.38715127,764.39087,0.2172672,1317.2725,0.15381819,-74.648926,-1.1079888,1905.4425,0.12927766,1038.2631,0.35229057,-80.62354,-0.9055157,2907.747,0.06645927,917.30084,0.34148613,-81.22954,-0.89119095,-18.34585,-0.44942626,27.422314,0.3353024,0.06562383,0.3168016,-0.024273679,-0.64337856,0.17948532,0.6848366,23.58769,0.46750653,11.326193,1.1360334,2.7036548,5.7474794,-32.680153,-0.51545763,-6.1938963,13.259551,0.038685713,0.0052303923,0.045011632,3.5856574,2.3986294,0.28785715,0.21673481,0.12297297,0.11035238,-27.09022,9,3-2,37,SPEAKER_03,639.9,697.2,650.0390937500001,685.7634687500001,11,17.58375000000001,engaged
37.65724,0.09506617,35.43087,37.591824,40.081947,4.6510773,115.80129,222.0478,24.740377,19.199293,0.4361232,0.84516674,0.11116406,0.34044525,0.76222944,0.65106535,5.6926684,2.6114595,5.15807,2.7266407,0.1643591,1.0386547,20.522343,0.8420276,14.885445,0.9671331,-0.9961827,-12.905119,-19.659246,-0.8858212,0.02175658,1.5788242,0.98017895,0.8618346,10.512081,0.33133012,10.191559,1.0230767,33.67092,0.26856893,721.5735,0.25909382,1402.3273,0.16035113,-72.30099,-1.1848075,1818.3251,0.12870143,1156.7551,0.24352324,-79.35367,-0.94246507,2904.249,0.07557164,966.39606,0.29161838,-82.86664,-0.8739331,-21.010424,-0.40003777,31.489706,0.30626762,0.062348664,0.31555432,-0.025943687,-0.44357458,0.21473333,0.8028359,28.189838,0.37705573,13.875131,1.1594268,-1.619345,-8.054711,-24.998838,-0.6548075,-7.5781536,13.718139,0.028644022,0.005399048,0.03911141,2.9494383,0.9900991,0.71428573,0.4070752,0.21,0.1839686,-25.643665,9,3-2,37,SPEAKER_01,639.9,697.2,659.0334687500001,667.97721875,2,7.138124999999945,engaged
37.188824,0.041214228,36.2992,36.9925,38.411236,2.1120377,33.18395,20.33134,101.811356,139.76859,0.8924005,0.70253766,0.27476472,0.765043,1.5973701,1.3226054,9.385457,4.6785197,11.244183,4.769602,0.6770252,0.69358325,28.958332,0.3858679,13.354452,1.0193206,-1.4148766,-13.131106,-12.808602,-0.8127866,0.028805884,1.1448522,1.5512774,0.9190422,9.53973,0.40748662,6.350357,1.3448101,28.237413,0.3166584,839.9364,0.18397805,1273.1656,0.16750592,-34.51602,-1.3569652,1920.931,0.1206782,1036.294,0.22350982,-48.084885,-0.84173435,3021.6785,0.076844536,951.3799,0.22694011,-53.175426,-0.7116082,-21.683073,-0.41178626,36.696552,0.2262507,0.045124527,0.39917585,-0.02461323,-0.52405536,0.77311647,0.5754578,31.807863,0.26104078,13.637465,1.0542918,-2.6225064,-6.4765816,-13.66319,-0.7928475,-11.6439295,23.188591,0.04285156,-0.0002628137,0.11455394,3.6363635,2.8846154,0.31,0.18239151,0.03,0.01,-12.997159,9,3-2,38,SPEAKER_02,697.233333,699.833333,697.233333,698.35221875,1,1.118885750000004,disengaged
40.10193,0.06934162,38.230526,40.702255,42.825905,4.595379,44.74019,32.852695,18.211433,4.53814,0.67695475,0.8168644,0.2859619,0.5256661,0.9922223,0.70626044,14.333613,9.141924,7.2640395,6.8260927,0.3081562,0.87257206,14.102884,0.7594183,14.108706,0.8748895,17.760334,0.8172518,-36.50767,-0.41133735,0.017671803,0.9961833,1.1771325,0.6513956,10.247297,0.32925606,15.074366,0.49353257,17.333157,0.5705156,715.2396,0.26509157,1258.2932,0.13876383,-57.765823,-1.2687352,1923.7488,0.10904608,755.4125,0.6756238,-63.532475,-0.9648276,2836.8306,0.08404302,885.657,0.3178085,-57.081097,-1.1188724,-13.828029,-0.5136031,19.058979,0.39150447,0.048413824,0.4535042,-0.026365854,-0.3942221,0.3384593,0.8249144,13.8418255,0.7358968,13.236647,0.7806456,19.636087,0.6695626,-40.75329,-0.32223132,-15.579273,21.828917,0.038849186,-0.010252811,0.14237714,5.084746,3.539823,0.22,0.11113055,0.06,0.008164966,-22.100044,9,3-2,38,SPEAKER_03,697.233333,699.833333,698.63909375,699.833333,1,1.1942392500000096,disengaged
38.39507,0.13109463,35.20768,38.663567,41.46981,6.2621307,202.5185,262.4519,263.03842,825.8666,0.46959385,0.7298152,0.1405967,0.3982718,0.7970106,0.6564139,7.2542105,3.500115,5.492629,3.7999368,0.15795226,0.9060454,20.547438,0.72024465,6.378459,2.2954156,0.068383805,257.35782,-27.382374,-0.65782374,0.024882944,2.3686695,1.071643,0.9250694,10.007762,0.3989927,8.2614765,1.224617,26.88784,0.3829837,748.3823,0.22890548,1325.014,0.18095796,-53.81996,-1.4773885,1853.3899,0.12792893,1046.1097,0.3523816,-62.888504,-1.0909623,2870.5498,0.072308674,887.72284,0.38397762,-64.49931,-1.0451775,-16.344622,-0.5830203,25.900589,0.41663316,0.06615199,0.35546014,-0.02622966,-0.672151,0.18545154,0.7709993,24.264082,0.47061563,4.559707,3.0687563,-1.0436978,-17.62762,-32.176655,-0.50218415,-7.5401907,14.537424,0.03770913,0.00041806983,0.05970809,3.619303,2.3553164,0.324,0.23078994,0.0878125,0.08458481,-26.33418,9,3-2,39,SPEAKER_03,699.866667,736.433333,699.866667,732.38909375,8,14.938676750000013,engaged
39.68566,0.08948896,36.7753,39.97508,41.31819,4.5428925,116.81107,123.63622,76.79752,132.96097,0.42294273,0.9817093,0.03490101,0.30407962,0.73890674,0.7040057,8.942888,6.85479,5.0989604,5.271072,0.17569107,1.4144864,16.37335,1.1331,9.855748,1.4527324,-1.8389018,-6.862756,-21.07683,-0.9626942,0.018022709,2.4129932,0.9689201,0.9662756,11.144693,0.36755103,14.272595,0.7975931,30.5331,0.3657247,753.99976,0.24194643,1340.8529,0.17251244,-86.87918,-1.031072,1892.3494,0.12543263,1094.8402,0.3182273,-91.47406,-0.8641143,2931.1963,0.077737354,921.6861,0.34944415,-92.28002,-0.8503955,-20.07658,-0.4843875,29.350336,0.35857335,0.06723021,0.32915294,-0.02757338,-0.7447997,0.24859872,1.043982,25.655752,0.44164738,6.811249,2.1335413,-2.61072,-5.0573053,-30.818651,-0.5899711,-4.968567,11.36922,0.041360524,0.010347331,0.045922674,2.646503,2.374169,0.25959998,0.2038721,0.16666666,0.14929464,-22.571253,9,3-2,39,SPEAKER_02,699.866667,736.433333,703.53284375,735.46034375,12,10.597500000000082,engaged
37.721085,0.105956234,35.356716,36.947704,39.21016,3.8534431,227.1671,438.41315,52.584522,66.76378,0.5858487,0.7814768,0.15366414,0.52273333,0.95549405,0.80182993,11.2976885,6.168881,8.681922,5.6890883,0.38867325,0.9952181,22.539083,0.7563322,10.1625,1.5401793,-0.38734668,-41.831974,-13.565769,-1.1202298,0.026138032,1.7942035,1.4751451,0.8198279,8.7638855,0.48817262,8.371664,1.2177361,30.586567,0.3824193,755.4996,0.26804534,1412.5581,0.18525168,-80.39768,-1.0689199,1824.6604,0.13558598,1216.4171,0.2958504,-85.94502,-0.88643515,2869.4824,0.09018139,1029.0282,0.32405463,-89.29069,-0.8225514,-18.250774,-0.60551304,30.231245,0.3824074,0.057138857,0.44720602,-0.021818167,-0.8555788,0.50484943,0.75006264,28.8385,0.45147437,9.261771,1.681576,-0.78307873,-22.279871,-17.101448,-0.8609277,-7.5497975,14.621893,0.037214305,0.0026071556,0.15397051,4.4128647,3.078078,0.20878047,0.17108257,0.10051282,0.086586215,-18.60346,9,3-2,40,SPEAKER_02,736.466667,753.366667,736.89471875,753.2465937500001,8,13.381875000000036,disengaged
47.54564,0.03957432,45.463505,48.123592,49.503796,4.040291,6.661856,2.7816625,23.706654,0.21584986,1.4142548,0.34628198,1.1444578,1.5525638,1.7066994,0.56224155,6.1630855,1.6529788,1.9307073,2.7580996,0.48815432,0.49389696,16.606964,0.6321049,-20.896357,-0.66597897,-31.379932,-0.30174935,-20.030552,-0.87795305,0.016344788,1.2623264,0.8512112,0.7626798,11.530843,0.45564958,1.7040261,4.246065,21.03913,0.5134405,844.93713,0.27584085,1416.0583,0.16432852,-7.1431293,-2.179439,1734.0212,0.14143707,1325.8644,0.21146992,-9.899802,-2.3885412,2861.4656,0.076372944,931.4422,0.2893128,-25.903507,-0.67717487,-5.2350097,-2.4954312,27.67638,0.39768845,0.08790789,0.21391745,0.005400296,3.9047208,0.48030576,0.50261635,16.339258,0.65611064,-20.349268,-0.6942479,-31.214348,-0.31050217,-20.151655,-0.8980674,0.0,0.0,0.0,0.0,0.0,2.4390244,0.862069,1.15,0.0,0.0,0.0,-15.519112,9,3-2,40,SPEAKER_04,736.466667,753.366667,750.4622187500001,751.7109687500001,1,1.2487499999999727,disengaged
40.04575,0.100941084,37.695408,40.964275,43.25346,5.558052,68.842834,88.525894,57.038086,26.233932,0.67799145,0.80212903,0.21543077,0.581947,1.0669706,0.85153985,9.061712,6.7280645,6.100156,5.338434,0.48984832,1.3493085,20.961622,0.569578,-0.71314764,-19.759985,-9.658084,-1.8461953,-19.164568,-0.8293238,0.021698456,1.6530908,1.1204046,0.74838907,8.992467,0.41203025,4.214964,2.449101,25.355577,0.43425694,793.7279,0.21879776,1344.0034,0.16414429,-62.248695,-1.3606039,1837.6205,0.13146019,1220.7886,0.32970262,-65.16482,-1.1431719,2882.4695,0.084825344,988.18463,0.34208253,-69.95892,-1.0248839,-12.679692,-0.90709406,25.938015,0.3682328,0.056079157,0.3413579,-0.012181102,-1.8590794,0.5160533,1.2757816,22.496382,0.4638587,-2.1558363,-7.195611,-13.953194,-1.236165,-22.059734,-0.66698945,-6.8926764,17.532398,0.039602257,0.008777891,0.34405723,2.754821,2.5352113,0.28666666,0.18879735,0.099999994,0.06595453,-17.236597,9,3-2,41,SPEAKER_02,753.4,765.4,754.9678437500002,765.4,8,3.6484062499997663,engaged
36.966473,0.07026217,34.970375,37.548134,38.72723,3.756855,53.619396,64.18351,65.771515,76.86321,1.0824915,0.5575474,0.46857768,1.0472189,1.6173494,1.1487718,19.048155,12.752189,8.781305,4.395036,0.70091367,0.8068552,29.236778,0.52941567,4.9711847,2.4914784,-6.8715043,-2.018723,-18.403452,-0.65648997,0.02380691,1.9061092,1.1000093,0.94100195,9.270096,0.45223173,8.44802,1.3753223,32.812904,0.28671306,812.44165,0.17438197,1313.5045,0.18016835,-55.511776,-1.4570913,1915.5526,0.108753964,1113.6102,0.24707997,-64.810936,-1.1008092,3011.8342,0.08007255,1030.3591,0.3076485,-71.372116,-0.94857866,-17.680332,-0.5644805,31.496958,0.26475582,0.07088306,0.25442705,-0.025399473,-0.71281064,0.8116355,0.676519,32.887177,0.21319942,3.5132616,3.7881389,-9.636432,-1.2830455,-20.090353,-0.63265294,-10.588353,17.669542,0.05203583,-0.013199918,0.36752605,3.7656906,2.145923,0.35,0.20832665,0.122499995,0.08257572,-12.945804,9,3-2,42,SPEAKER_02,765.433333,768.966667,765.433333,768.966667,3,2.4027090000000726,disengaged
36.368935,0.092177846,34.57331,36.550842,38.12366,3.5503502,307.2733,358.6719,90.623985,120.76109,0.8671558,0.71392393,0.28464067,0.7154817,1.3679714,1.0833308,13.089385,6.126696,8.008408,5.8113384,0.5753531,0.9028901,24.996313,0.81602824,7.0396404,2.2622502,-7.6139855,-2.0205119,-12.883107,-1.0519103,0.01669807,1.2240754,1.1547463,0.69684917,8.742337,0.3860449,5.807252,1.863907,30.51154,0.4091514,753.42175,0.25001836,1359.0427,0.16300902,-61.396202,-1.3391343,1810.1095,0.13322891,1248.1407,0.22090536,-69.11025,-1.0468827,2889.9612,0.08319257,1074.0675,0.31983456,-75.71519,-0.89953035,-14.648419,-0.8436483,31.91517,0.33351752,0.060324866,0.3557208,-0.01894344,-0.95100117,0.7039063,0.74882483,31.29658,0.36362892,5.6199694,2.9516633,-10.1364155,-1.5315105,-14.966859,-0.8341241,-3.5130935,11.75434,0.046756305,-0.0015510635,0.21147561,3.460838,2.578269,0.28142855,0.21067432,0.09230769,0.060783833,-16.448795,9,3-2,45,SPEAKER_02,770.733333,790.433333,770.733333,790.433333,3,5.508124999999723,engaged
36.77686,0.09131761,34.84856,36.57437,38.728912,3.880352,119.532295,146.49402,152.76357,400.36606,0.8540593,0.7322738,0.2751958,0.71932495,1.3860636,1.1108677,13.173441,7.537898,8.146768,5.125513,0.5450073,0.87085974,27.3672,0.57733476,8.995937,1.7400053,-3.9019365,-4.229183,-15.500104,-0.963198,0.018969404,1.5282621,1.1844012,0.7901549,8.9872055,0.4471348,5.1313286,2.240857,30.289978,0.3914784,779.9981,0.23520814,1328.449,0.1692533,-59.158253,-1.3471212,1853.4497,0.13362525,1159.5742,0.245469,-69.083885,-1.0209818,2940.2646,0.08448396,1019.1479,0.32925442,-74.54679,-0.89878523,-16.549562,-0.68261737,31.625088,0.3161631,0.06120482,0.32843378,-0.022256825,-0.8020257,0.648959,0.71650726,31.029453,0.3629449,6.88864,2.2239034,-6.2608647,-2.6747587,-18.563005,-0.75334144,-12.282622,20.294283,0.049407706,-0.007822094,0.2209453,3.5778177,2.3788152,0.31037733,0.19707254,0.10173913,0.086030945,-15.321764,9,3-2,47,SPEAKER_02,791.166667,837.266667,791.166667,836.8115937500002,13,22.374301750000086,engaged
42.007946,0.13913044,37.66013,41.831013,48.227047,10.566917,106.84186,121.38699,130.70529,210.85466,0.40283093,0.6687332,0.16830108,0.3150916,0.6939414,0.52564037,6.1420593,3.6291666,3.0720718,1.4146609,0.1620046,1.1594088,14.887154,1.0216647,4.8504157,2.320561,-0.51858115,-33.008385,-35.8371,-0.48232412,0.037554573,1.7851515,1.2695262,0.8872854,9.35882,0.55507696,9.364688,0.9561786,17.453575,0.7555286,815.20154,0.18792495,1244.9109,0.15536231,-60.154396,-1.2856855,1938.7318,0.119380295,905.9756,0.43761677,-67.851616,-0.9886955,2908.9224,0.072748505,862.4194,0.3125063,-65.97178,-1.0295342,-14.971009,-0.6736157,23.060781,0.5278386,0.07336392,0.3544759,-0.02624128,-0.637541,0.19991295,0.99788123,17.888966,0.67977136,4.1143813,2.7561111,-0.14835064,-118.68708,-40.057564,-0.40987176,-5.348502,13.650145,0.049686596,-0.0049839704,0.03962038,3.4722226,2.8169017,0.26583335,0.17104864,0.06307692,0.03560134,-27.032377,9,3-2,47,SPEAKER_01,791.166667,837.266667,806.2847187500001,813.1865937500002,5,4.336875000000191,engaged
36.507446,0.101570204,35.210567,36.708282,38.0755,2.864933,373.52298,552.6666,31.43815,28.77348,0.8290273,0.668287,0.303559,0.77496815,1.2790196,0.9754606,11.852335,5.8310356,8.741107,4.3198996,0.53005534,0.77750194,27.65538,0.596713,11.884167,1.1735872,-1.8104428,-8.832956,-16.339077,-1.0517232,0.025337087,2.385613,1.102505,0.73813426,9.478799,0.3870985,5.967359,1.9795381,32.650307,0.3888783,726.3767,0.259433,1376.3683,0.16677879,-53.21648,-1.4372553,1822.0852,0.13865243,1161.6901,0.25505605,-63.30945,-1.0342836,2926.9832,0.08144926,1020.5097,0.27931875,-68.485725,-0.9093514,-19.631681,-0.53958297,32.9767,0.33936018,0.06261888,0.33637458,-0.025535064,-0.644855,0.61998063,0.6325341,31.47329,0.40988934,10.602812,1.3391192,-3.3233454,-4.9101458,-19.851063,-0.7896118,-11.016658,18.764692,0.03603036,-0.0018932914,0.18308952,3.9702232,1.9933555,0.3945833,0.34072202,0.090434775,0.07153462,-16.26095,9,3-2,48,SPEAKER_02,837.3,853.766667,837.3,850.21034375,3,12.100343750000093,disengaged
43.308384,0.05461686,41.991066,43.700672,45.256805,3.2657394,47.35017,49.853405,28.65413,15.025523,0.55657226,0.6941255,0.15152845,0.5616261,0.8766263,0.7250979,8.084104,4.090622,6.305808,3.5812497,0.24430656,0.853613,10.324232,0.9927071,8.8659,1.2122263,12.388449,1.1040275,-38.776733,-0.5070147,0.021365711,1.3152188,1.0361134,0.7948583,11.494311,0.34111667,15.660882,0.44907966,12.089508,0.6974173,875.2971,0.1781802,1175.6489,0.15637161,-73.77476,-1.0618424,2052.941,0.08428784,672.90106,0.5950243,-79.53103,-0.8935371,2958.4302,0.053634375,924.39777,0.34703356,-73.50455,-1.0192276,-14.17642,-0.49990997,20.197279,0.41925254,0.07394764,0.2790732,-0.019178372,-0.76112807,0.28820738,0.6849531,11.872045,0.71477973,7.4741936,1.3976973,13.177857,1.005335,-45.739967,-0.34967336,-8.384455,13.889465,0.054904085,-0.0033884048,0.12660192,3.97351,2.3648648,0.29714283,0.19644804,0.12166667,0.09889668,-24.52558,9,3-2,48,SPEAKER_03,837.3,853.766667,850.4297187500001,853.766667,2,3.0331982499998276,disengaged
38.89257,0.09497072,36.210594,39.269596,41.68272,5.472126,139.13998,222.7917,111.616165,130.27464,0.5767259,0.804475,0.16231419,0.461977,0.9720458,0.8097316,8.875545,5.342903,6.6234694,4.9377303,0.23480928,0.9883383,19.954552,0.6400844,7.51632,1.8280752,3.559585,4.72843,-32.01734,-0.5791613,0.021567695,2.028994,1.0239276,0.84224695,9.8519945,0.4167383,10.320771,1.160585,24.544392,0.48286194,739.5247,0.23062287,1367.221,0.18205272,-59.26009,-1.3356919,1850.1414,0.13117883,1051.8053,0.3896715,-65.56853,-1.0588791,2866.0364,0.07717744,896.9461,0.3584933,-65.372154,-1.0628155,-15.544103,-0.54420125,24.55478,0.43635234,0.0678645,0.3241199,-0.028020537,-0.60103863,0.27962902,0.8502301,22.15,0.49145603,5.1688914,2.7338543,1.8847041,8.976915,-36.200237,-0.46893483,-11.726147,18.478565,0.04796404,-0.010750366,0.085291915,3.1698112,2.4260805,0.309375,0.29270226,0.09068966,0.085134014,-23.861774,9,3-2,49,SPEAKER_03,853.8,892.366667,853.8,883.0322187500001,11,13.268468750000238,engaged
39.64513,0.12219009,36.582405,39.65341,42.64903,6.0666237,98.97964,86.006325,60.885162,58.39273,0.49699146,0.73404694,0.15052907,0.44729358,0.81237286,0.6618438,7.822315,4.248048,6.3839154,3.5330167,0.19919285,0.95449626,22.461329,0.5411787,2.0893934,5.42845,-5.043561,-3.023762,-28.44726,-0.6624013,0.028084673,2.0663803,1.0615401,0.8565514,10.177492,0.38342842,9.179101,1.0742705,27.144789,0.39852256,707.5162,0.25103095,1371.8983,0.1739096,-61.444626,-1.3652382,1774.2695,0.13416392,1035.9111,0.33195466,-65.443794,-1.1084409,2857.7012,0.078185335,910.5002,0.3821663,-69.855064,-1.0050768,-15.417139,-0.39937675,25.738184,0.31218717,0.06922747,0.29215425,-0.027275952,-0.56679016,0.22814839,0.7869824,24.563934,0.40591264,0.8125517,14.222129,-6.242799,-2.5285702,-33.185654,-0.5296747,-9.87769,19.552612,0.051137973,-0.0055012326,0.110509485,3.5343037,2.507837,0.29291666,0.19656378,0.08826087,0.05418584,-25.378473,9,3-2,49,SPEAKER_01,853.8,892.366667,862.2590937500001,892.366667,11,9.638198249999732,engaged
40.607246,0.08115624,39.42338,41.174515,42.643295,3.2199135,148.58746,134.32896,673.2259,829.56464,0.55632174,0.81333846,0.08065176,0.4565832,1.0125504,0.9318986,8.626827,3.75978,3.5479746,1.4029813,0.18565248,0.9105211,16.251818,0.75835854,-3.1687663,-4.3783345,-13.93387,-1.1543766,-30.928616,-0.67681295,0.009557699,0.7618418,1.180976,0.8328867,10.02229,0.38815075,4.772149,2.406922,27.093065,0.38248414,782.4539,0.2358876,1339.2787,0.17197652,-57.540188,-1.545245,1795.5006,0.14129998,1263.8612,0.34834966,-62.381283,-1.238323,2853.6562,0.07508579,879.00385,0.41129678,-67.35581,-1.097928,-11.232158,-0.65686125,23.800766,0.3229717,0.05469943,0.3830925,-0.019286158,-0.9074802,0.23555766,0.71413386,20.663189,0.41212955,-5.836661,-2.224645,-18.89827,-0.7520606,-37.93214,-0.5248783,-5.3001814,13.04169,0.044743326,0.0080365455,0.030954938,3.1645572,2.631579,0.275,0.0887412,0.11666667,0.07408703,-25.487614,9,3-2,50,SPEAKER_01,892.4,894.433333,892.4,894.433333,2,1.5945829999999432,disengaged
35.849777,0.1111513,32.144184,36.90194,38.593246,6.4490623,212.67232,139.86488,23.293518,20.718096,0.46791658,0.6531517,0.14462887,0.4249389,0.7917368,0.6471079,6.0525193,3.1096158,2.8122718,1.4231906,0.12735577,0.6998995,24.477427,0.39598778,4.138213,3.8948152,3.2115407,5.712544,-28.87917,-0.6007485,0.032806538,2.1333,1.0482883,0.84120846,8.497505,0.4614629,2.377197,3.1879785,25.09094,0.3303944,774.57587,0.17328605,1291.7784,0.11814099,-28.480055,-2.2552729,1876.3351,0.12390894,1017.6265,0.3332096,-43.72656,-1.3160818,2897.171,0.07247606,809.9114,0.38161892,-45.802353,-1.2439579,-14.575507,-0.5422902,23.521214,0.32363343,0.06618313,0.29101455,-0.02952159,-0.5625817,0.14444205,0.59228873,25.46039,0.32082295,2.3567188,7.085034,0.7100486,26.16234,-33.01985,-0.45404392,-12.954595,21.289413,0.036394212,-0.0021488362,0.026738033,2.1097047,1.7316017,0.49499997,0.10331989,0.086666666,0.00942809,-28.9918,9,3-2,51,SPEAKER_01,894.466667,899.633333,894.466667,898.03409375,2,2.386176750000118,engaged
42.549778,0.07775848,40.403492,42.839993,44.73113,4.3276367,145.35014,211.81769,117.16553,95.17162,0.52288944,0.7379234,0.15663335,0.43179405,0.9343393,0.7777059,7.523489,3.2369401,4.299917,2.6000533,0.19641647,0.80592644,11.460022,1.6600708,2.5821528,5.6130514,-6.1735435,-2.8382955,-30.443624,-0.5684404,0.028550677,2.1749675,1.2925857,0.7822138,9.496625,0.43947515,11.011207,0.82490337,23.782444,0.49374068,792.49976,0.21393038,1296.7263,0.16276482,-61.14044,-1.3521657,1839.2454,0.12421308,969.7597,0.35863277,-67.16785,-1.0500929,2932.223,0.07146192,771.82806,0.40590042,-67.97002,-1.0293565,-12.419022,-0.76510805,23.489609,0.48973832,0.069615826,0.27645025,-0.019176664,-1.0507498,0.24348052,0.61131054,18.051004,0.7109876,-0.094088666,-150.32953,-6.4711103,-2.9750378,-35.777878,-0.380684,2.7110271,4.5386825,0.05015099,0.007158105,0.040332515,3.2934132,2.4390244,0.30374998,0.10427578,0.09714285,0.108458586,-25.779476,9,3-2,52,SPEAKER_01,899.666667,912.733333,900.70034375,912.733333,3,3.3592392499999733,disengaged
42.91198,0.08088128,42.107807,43.95339,44.940502,2.832695,31.368998,22.91572,25.076372,16.194433,0.4998991,0.6691903,0.19560917,0.4722619,0.78887963,0.5932705,6.2074313,3.0730197,4.203753,2.8573172,0.14380579,0.82762027,17.44166,0.5902146,0.8411487,19.240074,-3.5166194,-4.8157496,-32.17502,-0.53011346,0.019236846,2.0263913,0.7964826,0.887723,12.305687,0.27722222,11.682849,0.7024444,20.909357,0.4625407,836.01514,0.1444477,1255.0582,0.15909141,-42.110863,-1.5765406,1917.8008,0.10864792,960.6788,0.431151,-52.71387,-1.111266,2930.4956,0.05017895,780.6768,0.4220267,-52.446804,-1.1122237,-14.342647,-0.5452206,23.672789,0.3892542,0.06944245,0.2646496,-0.013068732,-1.2028228,0.16270764,0.71839094,19.163677,0.4540961,-0.79907596,-20.545286,-3.6956015,-4.815709,-36.45465,-0.37460762,-7.7873597,16.2423,0.03710802,0.015204639,0.032448523,3.3381712,1.317716,0.6422222,0.30629608,0.12428571,0.12981935,-27.043478,9,3-2,52,SPEAKER_03,899.666667,912.733333,901.96596875,910.03221875,2,6.9018749999999045,disengaged
39.11596,0.09487998,36.77011,39.619984,41.723816,4.953705,149.35107,247.3221,156.56609,490.83875,0.4713109,0.95751363,0.06619408,0.3424923,0.84581244,0.7796184,9.483348,5.84731,5.5915813,3.8126066,0.181161,1.09237,14.331436,1.3399563,8.181973,1.4894168,2.5117075,5.916935,-19.834652,-1.007992,0.0226539,2.225157,1.092422,0.9579561,9.793319,0.41412267,13.182516,0.8428469,26.685774,0.3774152,744.92993,0.23829141,1327.4581,0.17629606,-87.73387,-1.0288031,1839.0881,0.12689249,1024.0303,0.35874814,-88.19494,-0.92436683,2878.9373,0.06793138,895.538,0.35250223,-89.79485,-0.89291614,-15.792359,-0.5174512,25.717165,0.38452733,0.0662699,0.30455005,-0.024750562,-0.6733598,0.2582416,0.7629692,23.150848,0.47962368,4.75235,2.6639223,-0.23861906,-67.882996,-29.801434,-0.52984375,-4.035523,10.826629,0.026588114,0.0145796,0.04368663,2.5104604,1.8363065,0.34114283,0.25842127,0.20612903,0.26908058,-24.611984,9,3-2,53,SPEAKER_01,912.766667,983.7,912.766667,972.70596875,19,19.135551749999877,engaged
41.056637,0.12090486,37.167645,40.660717,44.435715,7.26807,49.80785,27.073727,215.45366,314.87018,0.5850278,0.64663124,0.16897655,0.6302667,0.8898474,0.72087085,6.867948,2.926531,5.2891345,4.9108424,0.20937623,0.9015699,16.244232,0.987204,2.683532,4.8750124,-0.47818214,-39.358093,-30.776241,-0.65683895,0.01860579,1.8342406,0.85219306,1.075231,10.902172,0.38470772,11.057489,0.98606735,23.657711,0.54863346,787.353,0.22239752,1238.9489,0.19737345,-60.05165,-1.360899,1897.5721,0.13582055,930.18304,0.3751449,-66.54677,-1.0692858,2910.7554,0.06409569,840.28125,0.4982768,-66.84388,-1.0597565,-13.469871,-0.62874633,23.062723,0.47731513,0.068795204,0.3001076,-0.021300424,-0.71379954,0.24377339,0.74382913,20.40608,0.5975153,0.7622025,17.166391,-2.2803621,-8.783623,-37.540638,-0.45083296,-5.3043385,12.833545,0.035585042,0.003185062,0.09204428,3.1250002,1.981352,0.37764704,0.4079724,0.12,0.15227169,-24.998808,9,3-2,53,SPEAKER_03,912.766667,983.7,923.83596875,983.15159375,6,8.656875000000127,engaged
36.989746,0.121550955,34.60117,36.638855,38.716606,4.1154366,133.82298,118.533295,109.751495,129.22571,0.802292,0.75111866,0.25802445,0.68486774,1.2886226,1.0305982,13.932907,7.6538,8.542075,5.4877634,0.6097683,0.9322419,24.773312,0.6823603,11.261209,1.3794408,-2.8204563,-6.223264,-13.479738,-1.2232174,0.028484356,1.5004764,1.3442372,0.6689457,8.300435,0.48090345,8.896567,1.2633243,32.70411,0.36670846,747.543,0.27194163,1365.3417,0.19260474,-64.99185,-1.2493786,1819.5665,0.1399476,1183.7148,0.2544898,-72.64073,-0.9837785,2922.0198,0.085943915,1019.44037,0.32878515,-77.8331,-0.8703375,-18.641386,-0.63969404,32.853157,0.30731538,0.06187733,0.35215604,-0.023085175,-0.81032133,0.75678474,0.7435522,29.823301,0.42611262,10.47997,1.5014943,-4.3626866,-4.0977173,-17.249674,-0.8978469,-8.721461,18.459257,0.040129453,0.0037860887,0.16694875,3.4482758,2.6695528,0.26972973,0.2017422,0.106206894,0.111954845,-16.025879,9,3-2,53,SPEAKER_02,912.766667,983.7,929.05034375,983.7,9,13.930281250000007,engaged
35.691883,0.091239445,34.26575,35.719776,37.96348,3.697731,175.52507,163.10107,41.092087,47.960773,0.61108017,0.7517833,0.18385361,0.51525664,1.020934,0.83708036,9.901615,5.889275,8.311759,4.648158,0.39337888,0.95631754,25.366573,0.85014534,16.930317,0.83310026,-1.8023129,-8.1796255,-10.975372,-1.6392274,0.01663019,1.3056006,1.1972064,0.7530624,9.911392,0.27965006,12.599182,0.6943047,40.13473,0.21426384,741.28937,0.2737321,1433.098,0.14432521,-77.33928,-1.1083124,1847.4276,0.13989013,1251.5216,0.21517643,-86.06901,-0.86996406,2951.3687,0.09431426,1092.2592,0.2943387,-90.91397,-0.78538686,-22.023045,-0.36683133,35.583057,0.27323928,0.06501075,0.3302219,-0.026997445,-0.5795832,0.50938195,0.7260039,35.530285,0.29903144,14.577479,0.82169724,-2.2589922,-6.5429525,-17.093735,-0.9072465,-5.67138,12.626959,0.031312052,0.0010144984,0.17018047,4.0669856,2.4390244,0.271,0.19274075,0.14625,0.09707439,-18.859728,9,3-2,54,SPEAKER_02,983.733333,989.4,983.733333,989.04096875,3,4.1938857500000495,disengaged
36.756485,0.1109798,34.549362,36.63581,38.29431,3.7449493,141.59404,138.78407,139.62123,345.15845,0.6615421,0.85985005,0.16157717,0.50464207,1.1027069,0.94112974,12.578239,7.5614076,8.506152,6.023029,0.46457663,1.0300014,21.193039,1.005427,11.396969,1.3377545,-4.2037296,-3.8992622,-11.053588,-1.5045742,0.02292396,1.705197,1.354586,0.744359,8.4416,0.47321033,9.224644,1.2661223,33.310123,0.35698134,755.9537,0.24339977,1379.9945,0.16445747,-82.69328,-1.0712924,1840.6667,0.1333487,1187.8652,0.24562693,-88.9517,-0.8817815,2929.0156,0.0869556,1059.3099,0.28311422,-93.40347,-0.7974582,-18.5954,-0.6375253,32.978806,0.32925692,0.06375755,0.361097,-0.022507697,-0.85140204,0.64298284,0.75570476,30.643606,0.42983764,10.90271,1.417233,-4.944566,-3.461331,-16.855934,-0.8891868,-4.0620904,13.566815,0.039707202,0.009539879,0.130357,3.3462036,2.5773196,0.24399999,0.21552263,0.13106383,0.11532994,-17.045183,9,3-2,55,SPEAKER_02,989.433333,1119.133333,989.64846875,1118.6747187500002,24,38.86312500000156,engaged
42.9053,0.083877675,42.023792,44.03691,45.113007,3.0892143,425.93997,370.5462,82.24298,96.09552,0.302871,0.95442295,0.051142205,0.19192187,0.55345494,0.5023127,4.887331,3.1828644,5.135762,4.7944503,0.11104915,1.2465376,10.782822,1.3456641,1.2208925,12.511442,-9.681265,-1.6815573,-12.830598,-1.3798194,0.03897867,1.3834686,1.5773193,0.8053546,8.346894,0.44425142,7.173974,1.6573719,20.645418,0.5125243,841.63257,0.19553658,1361.4153,0.18372917,-90.93014,-1.0148761,1839.5103,0.12867409,1125.4716,0.26575074,-91.22255,-0.920217,2810.2322,0.06985137,941.8163,0.34902325,-94.01894,-0.8659888,-9.682076,-0.97233015,22.727348,0.32977384,0.06496448,0.27325153,-0.005768399,-3.8024957,0.1557788,0.98212934,16.847816,0.6015781,-4.0202074,-4.078118,-15.25596,-1.1710229,-19.50736,-0.82087547,-6.3147144,14.755553,0.041704014,0.010699241,0.04938332,3.1390135,3.211009,0.17857143,0.1220572,0.12666667,0.06073622,-32.18343,9,3-2,55,SPEAKER_00,989.433333,1119.133333,1006.89471875,1081.29659375,6,2.2443750000001046,engaged
38.92931,0.11443791,35.51857,38.804626,42.65588,7.13731,71.78407,62.01675,91.843025,152.02818,0.42246,0.91629213,0.09993645,0.32530662,0.6676551,0.5677187,7.673906,7.4081955,4.5591207,3.1806674,0.16474168,1.1679016,20.33893,0.73712265,7.343699,1.9418037,-0.6377755,-27.753185,-25.125559,-0.7588822,0.02423791,2.392321,1.1925632,0.8478815,9.777811,0.3589252,9.324943,1.1798826,27.91203,0.39033332,753.2589,0.23471335,1351.4799,0.17823337,-64.31413,-1.2717535,1839.0072,0.13425739,1079.1997,0.3544639,-70.12914,-1.009245,2901.5205,0.06925837,929.98883,0.42881367,-72.718796,-0.9496105,-15.969533,-0.5958909,27.322737,0.3869178,0.06040439,0.37414926,-0.02042145,-0.828879,0.20347649,1.0047328,24.419834,0.46842644,6.122813,2.456849,-2.8231015,-6.4414873,-30.101488,-0.6011174,-7.3077855,16.196634,0.03656251,0.00525003,0.048342194,2.8653297,2.7602072,0.26333332,0.21290973,0.08355556,0.051257756,-26.16826,9,3-2,55,SPEAKER_01,989.433333,1119.133333,1035.19409375,1110.9122187500002,14,17.465624999999818,engaged
39.475063,0.09426809,37.101982,40.07998,42.1064,5.0044174,54.3291,42.660374,69.60384,69.85141,0.5644973,0.86170626,0.1934968,0.44614458,0.8491877,0.6556909,7.586845,4.5502286,5.268441,2.7340288,0.23013406,1.060167,17.434456,0.9578381,9.215515,1.5358222,0.54924387,32.868176,-27.967907,-0.74954593,0.018354695,1.4357892,1.1150244,0.9222125,10.279793,0.35177705,10.397344,0.9068948,26.77827,0.4963013,765.4842,0.24774401,1335.319,0.18277612,-66.935196,-1.218312,1855.7899,0.13358527,1101.3209,0.3617232,-72.71748,-0.975599,2889.7153,0.074816875,900.7808,0.35691005,-73.34252,-0.9548272,-15.457182,-0.7026293,25.973967,0.4633565,0.05761249,0.362415,-0.024026535,-0.73114604,0.27443433,0.93647754,22.23673,0.55947405,7.332885,2.0391529,-1.1929785,-15.753381,-33.515957,-0.57760584,-5.0240903,12.784094,0.043287776,0.00039821502,0.08967027,3.1488552,2.8790786,0.24966666,0.2773744,0.09199999,0.058923677,-22.68517,9,3-2,55,SPEAKER_03,989.433333,1119.133333,1040.96534375,1106.49096875,8,10.496250000000146,engaged
36.326385,0.10693533,34.77602,36.246193,37.921,3.1449814,214.61932,192.46304,128.54332,196.20428,0.90330994,0.7972783,0.3305021,0.6447467,1.4842751,1.1537731,15.9245205,5.2099075,8.648792,3.1573675,0.7103838,0.9792483,25.937973,0.80887514,9.548068,1.6766129,-5.0110703,-3.3550014,-11.73031,-1.3068374,0.02562406,1.1816472,1.4216335,0.71844536,7.3961353,0.57760745,6.2625837,1.7926172,33.095104,0.35341248,712.71783,0.26883948,1382.9532,0.17482147,-54.14132,-1.3874005,1770.3467,0.14568566,1105.5321,0.23597585,-61.533173,-1.0834429,2906.5251,0.082752004,1007.2102,0.2516963,-68.57931,-0.899103,-18.074972,-0.6313404,32.188644,0.33437264,0.06864469,0.28582925,-0.023653753,-0.7763586,0.8583397,0.8302193,31.88704,0.44499013,7.2813835,2.1792154,-6.1171236,-2.734073,-16.264389,-0.82495254,-3.6152604,11.004903,0.03250339,0.00864954,0.12855828,3.082192,2.8268552,0.275,0.17923447,0.065714285,0.037361987,-15.607828,9,3-2,56,SPEAKER_02,1119.166667,1122.166667,1119.2315937500002,1122.166667,1,2.935073249999732,disengaged
36.784275,0.10863512,34.63766,36.84303,38.28801,3.6503487,235.87108,147.325,36.559383,15.329368,0.7646458,0.6527713,0.36328477,0.7008514,1.0685221,0.7052373,10.760276,8.312615,7.403084,3.6564028,0.5510025,0.9527963,23.38962,0.84685457,9.976516,1.5627826,-9.543598,-1.7668734,-7.843646,-2.02229,0.027111633,1.9537171,1.4108905,0.6420078,8.186849,0.46977344,2.184263,4.734815,26.801666,0.48281926,772.92,0.21710876,1371.2573,0.1607792,-77.25259,-1.0967591,1824.6542,0.12599963,1170.3042,0.21316089,-82.42861,-0.92278814,2926.7908,0.084512234,1061.7379,0.31754968,-88.08465,-0.8146837,-16.004402,-0.7972079,32.619133,0.36713743,0.057618134,0.3560591,-0.018339586,-1.1957756,0.70575327,0.78253996,29.528418,0.47418368,8.754348,1.887868,-9.292189,-1.7711467,-12.540543,-1.0793473,-7.675607,18.339586,0.038707927,0.005149519,0.19787726,3.8022816,3.5019457,0.18555555,0.11156573,0.091249995,0.034072533,-16.069223,9,3-2,57,SPEAKER_02,1122.2,1125.2,1122.2,1125.2,2,2.645625000000109,engaged
37.031487,0.050389316,35.950047,37.051167,38.064438,2.1143913,141.3715,160.31767,116.90156,56.270927,0.9676836,0.51886934,0.4937864,0.894936,1.4453067,0.95152026,11.626374,4.5879903,9.389209,4.3406224,0.65042424,0.6396755,28.319473,0.4356226,7.484044,1.9331298,-4.376571,-4.3959465,-20.8542,-0.81151205,0.018746566,1.7232522,1.1348586,0.6190492,9.132148,0.32785952,4.8417177,2.359837,29.41473,0.37828773,783.182,0.20572758,1321.7855,0.19890593,-48.66135,-1.5061457,1869.1995,0.1429894,1155.3676,0.46032023,-59.244854,-1.0938274,2927.9602,0.07182891,997.736,0.30671713,-65.04011,-0.94626594,-17.505825,-0.5365798,31.176725,0.27948576,0.07093262,0.22167733,-0.02919529,-0.5109594,0.69243777,0.5471921,30.665846,0.320161,8.04661,1.713541,-5.020793,-3.673328,-25.905449,-0.5054723,-7.5221515,25.203241,0.04031749,0.0011895245,0.4188983,4.347826,2.0408163,0.39,0.26290682,0.12666667,0.07586537,-16.403051,9,3-2,58,SPEAKER_02,1125.233333,1128.4,1125.233333,1128.4,2,2.542292000000316,disengaged
37.91215,0.106269784,34.89319,38.418457,40.695423,5.8022346,99.87944,96.10625,45.30039,30.229633,0.39957854,0.86273074,0.10833716,0.29596093,0.6613786,0.55304146,6.3680286,2.8688035,4.560227,2.0898542,0.20945504,1.1818664,26.216177,0.4815897,11.958799,0.9279522,2.3224578,6.552617,-24.556013,-0.8171294,0.023433251,1.1065862,1.3085283,0.8600141,9.275729,0.44649768,11.519195,0.9682884,31.29476,0.36180666,700.3479,0.26078454,1398.2014,0.20049939,-75.12477,-1.0614837,1809.2648,0.14519443,1132.4113,0.29270518,-79.63982,-0.8645869,2894.1267,0.07079252,928.5145,0.36278164,-81.880226,-0.82192194,-20.625755,-0.42949364,32.037525,0.3339767,0.061210588,0.35229847,-0.027322335,-0.5423914,0.2559664,1.0647379,28.7531,0.3842096,12.238444,0.957459,2.3305109,6.474945,-28.300304,-0.6653807,-14.286531,24.423553,0.045072038,-0.008125311,0.08300617,4.206501,4.255319,0.15954545,0.15987147,0.06666666,0.03559026,-22.038486,9,3-2,59,SPEAKER_02,1128.433333,1166.866667,1128.433333,1141.0340937500002,4,5.243260750000445,engaged
40.921185,0.12490521,36.842476,41.004642,44.60945,7.7669754,242.16429,400.40012,153.40987,196.86432,0.4828837,0.84114724,0.1654687,0.350669,0.77045465,0.60498595,6.3457713,4.914665,3.9540167,3.5012226,0.18834521,1.0941443,18.42761,0.84209603,6.97932,1.972935,-3.6135845,-6.431715,-32.307743,-0.5299843,0.023086194,1.9848485,1.0621529,0.8864322,10.325104,0.37951714,10.510946,1.0804694,23.898893,0.5326753,794.3611,0.2213407,1366.8756,0.19604263,-41.790287,-1.5730408,1869.127,0.14007549,1049.8855,0.43734044,-51.01782,-1.0760599,2903.19,0.07563193,879.1506,0.37323707,-52.86967,-1.0219051,-14.263903,-0.65181196,25.673662,0.45046136,0.06734854,0.33819392,-0.019372916,-0.8481228,0.20535381,1.0390824,20.249514,0.6739053,6.5662603,2.0276308,-2.6530957,-8.7998085,-35.889576,-0.4226796,-5.051657,15.593738,0.045467608,0.0056497413,0.08144435,2.8862479,2.2260275,0.38,0.32177395,0.06,0.03714835,-23.597397,9,3-2,59,SPEAKER_03,1128.433333,1166.866667,1131.93846875,1150.50096875,4,5.906250000000227,engaged
39.730663,0.13637814,35.47427,39.812805,42.0294,6.55513,41.703922,37.068718,770.70825,1044.7305,0.8184088,0.8049292,0.18520579,0.7691195,1.3615537,1.1763479,8.226004,3.380225,10.824192,4.228416,0.477484,1.0589231,23.670738,0.39401263,1.6382823,10.601202,-5.1882567,-4.9115157,-32.687347,-0.6076978,0.013439896,0.72097826,1.0405316,0.67112285,9.010858,0.29038224,5.1637444,2.0422463,25.95005,0.44093946,749.48096,0.2472472,1364.3722,0.18523851,-38.74759,-1.7332962,1776.6235,0.117444724,1031.9142,0.24835111,-45.714874,-1.2261522,2932.6606,0.051417235,805.8271,0.3844419,-49.494164,-1.0692741,-15.493575,-0.5924237,27.202166,0.3236765,0.051207606,0.35090667,-0.024011139,-0.5936355,0.5357229,0.92828286,23.776735,0.41006944,-0.33512574,-49.695107,-8.488037,-2.8585453,-36.24412,-0.48531458,-17.355768,27.647833,0.051392265,-0.016716976,0.28974748,4.7244096,2.4793391,0.34666666,0.31478387,0.06,0.01,-20.4588,9,3-2,59,SPEAKER_01,1128.433333,1166.866667,1141.0340937500002,1143.00846875,2,1.2825000000000273,engaged
41.14223,0.059120875,39.452747,42.482533,42.75978,3.3070335,228.9012,0.0,54.79121,44.44846,0.89411694,0.9501247,0.115565956,0.59205174,1.4258072,1.3102412,13.282004,14.667557,3.7879863,1.0038877,0.35705015,1.5920048,4.50608,5.30931,-6.327546,-1.9932916,-20.73402,-0.89151466,-24.102688,-0.75983304,0.02173899,1.9698018,0.7278799,0.9779093,9.935748,0.51700944,-2.7404327,-2.021918,25.700972,0.43836477,824.92346,0.16083334,1349.9646,0.13552903,-89.77627,-1.1168714,1703.9923,0.07733498,1202.7572,0.15818857,-94.38225,-0.9776969,2841.2322,0.07628274,931.87964,0.38230935,-101.51508,-0.8505929,-5.1450124,-0.945765,23.951426,0.37401876,0.049834795,0.27240333,-0.008922427,-1.4590805,0.6139883,1.0950314,19.041525,0.6134652,-11.841313,-0.6897376,-30.91864,-0.31056035,-36.063545,-0.31623662,10.506023,-0.9159986,0.03499231,0.01836661,0.06211911,1.7699115,0.92592597,0.59999996,0.0,0.225,0.035,-16.280323,9,3-2,59,SPEAKER_04,1128.433333,1166.866667,1165.0640937500002,1166.866667,2,1.1444482499996411,engaged
39.564354,0.14666355,36.167915,38.61677,42.178722,6.010807,103.87735,130.1595,407.69635,710.63086,0.4677005,1.0084654,0.061905038,0.2812762,0.8716162,0.80971116,10.022317,5.7947564,6.2718077,4.487536,0.29604328,1.425158,15.351532,1.2695489,11.115679,1.4391575,-1.1475221,-13.748199,-20.174303,-1.1498681,0.021174883,1.4561638,1.144639,0.88658375,9.834347,0.44454733,9.769133,0.86083853,31.161667,0.318927,812.2425,0.19986579,1340.2653,0.17950574,-99.29264,-0.9034953,1894.6805,0.10503955,1162.4916,0.2596717,-101.93853,-0.78019214,2945.4753,0.0746606,904.52155,0.34610894,-102.86968,-0.763872,-19.721071,-0.53137976,30.391552,0.3871372,0.062262543,0.36804253,-0.030447979,-0.6089681,0.4490392,1.071714,25.272762,0.5105018,8.773597,1.8714209,-4.155601,-4.352774,-30.701382,-0.68853945,-5.029273,12.421844,0.045988325,0.0049448614,0.08490207,2.930403,2.793296,0.19999999,0.12987173,0.1576923,0.12692541,-18.923561,9,3-2,61,SPEAKER_02,1170.5,1187.233333,1174.0584687500002,1187.233333,6,5.479864249999991,engaged
39.472622,0.1078518,35.62241,40.02746,43.363697,7.741287,380.94962,536.60565,37.944626,44.70376,0.2692806,0.65793407,0.123841666,0.23677418,0.41361448,0.2897728,4.3905554,1.5261993,3.1742008,1.5740045,0.07841411,0.7777032,19.864166,0.6668403,10.349423,1.2010695,9.30127,1.5729775,-30.417051,-0.6599272,0.016205657,1.0547051,1.0388782,0.748401,10.866277,0.28807586,15.562392,0.8400915,25.17436,0.44404957,759.64954,0.23358862,1297.1217,0.1675156,-46.123123,-1.5054442,1907.0219,0.11874233,937.9971,0.4326783,-57.424706,-1.0164777,2899.2915,0.0797419,854.3493,0.42782983,-55.165485,-1.0773238,-17.969612,-0.41604614,26.200453,0.37459013,0.062590346,0.33911592,-0.0264662,-0.5602118,0.08810729,0.69282293,21.946589,0.44817168,9.583355,1.3192487,7.5432606,1.9197713,-34.322598,-0.5618952,-7.4712615,14.558453,0.03964594,-0.0053703277,0.03255782,4.0462427,2.647059,0.3077778,0.29123408,0.07333333,0.044221662,-33.41504,9,3-2,61,SPEAKER_03,1170.5,1187.233333,1178.6822187500002,1182.15846875,1,3.4762499999999363,engaged
36.779648,0.07547885,35.298332,36.473064,38.052135,2.7538033,116.268745,149.41196,19.815262,22.579021,0.74201465,0.760888,0.26782998,0.6362675,1.1017256,0.83389556,9.901,5.491338,7.19131,3.7288551,0.47913572,0.79699016,27.93787,0.5917978,13.830754,1.21551,-2.0634148,-8.219008,-16.030502,-1.0273389,0.018845875,1.7800791,1.1319829,0.6448988,9.426061,0.32864845,9.572865,1.1678795,35.421715,0.29604894,729.28894,0.24600367,1410.6998,0.17323345,-55.632504,-1.366319,1820.1172,0.12872973,1207.4298,0.2411149,-65.87196,-0.99799764,2923.5051,0.075514615,1036.6575,0.25552735,-71.41954,-0.8690532,-20.458029,-0.551882,34.43031,0.29401174,0.06411789,0.3232716,-0.02499706,-0.67612034,0.56275445,0.66424084,31.97803,0.39280006,12.302498,1.4016807,-2.8869696,-6.159821,-19.821323,-0.7517727,-11.807457,20.296244,0.041451946,-0.00025600087,0.17130405,3.3126295,2.289282,0.33772728,0.274109,0.09388889,0.07326807,-17.537388,9,3-2,62,SPEAKER_02,1187.266667,1205.233333,1187.266667,1199.6747187500002,5,9.674301749999586,disengaged
40.776463,0.10849458,38.0955,41.58083,44.74811,6.652611,135.04675,209.85957,34.115192,26.562616,0.632683,0.89794666,0.21477753,0.425873,0.9793723,0.7645948,8.833182,5.2646685,3.2503574,2.4353814,0.2435464,1.3307606,18.532991,0.77309966,3.0747724,4.370186,-10.392887,-2.0709393,-27.647175,-0.69971657,0.020862684,1.5363681,0.96900344,0.7454939,9.814613,0.37360433,10.6976795,0.9613512,24.671888,0.5568589,822.0402,0.17212288,1259.5087,0.1826158,-37.230183,-1.749649,1882.3583,0.11743358,1080.4937,0.3804985,-48.08186,-1.1922616,2922.7756,0.05329597,849.17267,0.31987983,-50.570103,-1.1144013,-12.713315,-0.842826,26.249819,0.40739265,0.059163474,0.38909838,-0.01876064,-1.0619097,0.27078044,1.2486447,20.435535,0.6405251,2.1994765,6.0217957,-8.839782,-2.4810507,-31.647455,-0.5636098,-6.2230077,15.571557,0.054420296,0.004377769,0.07811588,2.586207,1.7543861,0.48666668,0.44705206,0.12333333,0.118133634,-23.742739,9,3-2,62,SPEAKER_03,1187.266667,1205.233333,1199.1009687500002,1205.0072187500002,4,3.4931249999999636,disengaged
38.890324,0.10116487,35.86089,39.886036,41.631466,5.7705765,117.15028,141.81479,45.42283,25.168972,0.29306328,0.66553193,0.107120745,0.27342993,0.44821382,0.34109306,4.5773854,2.0555856,4.8473506,2.915417,0.1312062,0.8911392,19.991066,0.59887403,14.251648,0.7064487,11.333069,1.1474843,-18.431128,-0.9663802,0.030752344,1.2836325,1.5328214,0.7877301,10.440106,0.3933253,16.451077,0.46008027,24.920311,0.43304005,800.34674,0.25464323,1375.522,0.16293654,-75.58931,-1.0055283,1949.189,0.115907945,990.0155,0.34352842,-80.11106,-0.84510374,2917.3333,0.065957464,961.7969,0.32638887,-77.99179,-0.88739,-19.785051,-0.38712648,27.411715,0.35227707,0.054763164,0.48932567,-0.01840425,-0.9708867,0.13643701,0.6925936,21.68487,0.515017,13.067314,0.8441605,13.58671,1.0133412,-22.72179,-0.783916,-14.152552,22.923494,0.035020776,-0.0025798415,0.12825307,5.5970154,3.8167942,0.181,0.105588816,0.06666666,0.048074014,-29.34471,9,3-2,63,SPEAKER_03,1205.266667,1215.333333,1205.266667,1214.9972187500002,2,2.6936767500001224,engaged
35.716072,0.08274926,34.69307,36.011215,36.68852,1.9954491,266.80286,187.4651,103.43595,139.54907,0.5460411,0.60841686,0.23301187,0.52782553,0.85673463,0.6237228,7.9755745,5.0598035,6.829921,3.5444121,0.286317,0.78097844,23.82356,0.82353044,17.814844,0.813809,1.2207357,11.791383,-10.730862,-1.3209995,0.016733008,1.5931277,1.2298236,0.7855018,9.580092,0.34018818,10.709246,0.9335162,36.569263,0.27782884,687.98,0.25790352,1442.3228,0.15671067,-59.333603,-1.3689452,1787.33,0.12238851,1214.4749,0.2808141,-71.27593,-0.9784708,2861.6257,0.07853996,1030.7241,0.24465784,-75.681175,-0.8803137,-20.407969,-0.51766485,31.894587,0.36585775,0.061337266,0.32797503,-0.021763,-0.7042984,0.34079152,0.6142698,30.94277,0.4016637,15.376386,0.8656068,1.4004451,11.078378,-14.986215,-0.80006254,-4.107564,9.783248,0.022091608,0.00825974,0.094216414,5.142857,1.9267823,0.384,0.35418075,0.12,0.058118653,-21.673946,9,3-2,63,SPEAKER_02,1205.266667,1215.333333,1207.1165937500002,1215.333333,2,5.263614249999819,engaged
36.48918,0.09846822,34.751434,36.569122,38.239975,3.4885406,386.71906,778.84436,30.895931,20.570694,0.7190461,0.69154674,0.26277262,0.62243104,1.1298692,0.8670966,10.703662,5.8324,8.415379,4.6802363,0.45429036,0.888502,25.331997,0.78471273,12.957808,1.1942737,-2.2083504,-6.9913673,-15.053167,-0.99221426,0.022416929,1.7211426,1.2704687,0.8173128,9.2884445,0.41549322,8.706084,1.2897332,33.914463,0.3335961,751.7778,0.25717473,1390.4628,0.17411241,-66.76143,-1.257827,1828.8495,0.13148141,1215.619,0.23917389,-75.88037,-0.960837,2917.4934,0.083586834,1031.7168,0.25559083,-80.5088,-0.8634761,-19.033648,-0.61629325,33.029575,0.3636609,0.06022201,0.38179407,-0.023828989,-0.6740021,0.5438851,0.7317212,31.731503,0.42805427,10.701458,1.4526778,-3.4466991,-4.709995,-19.463219,-0.69741017,-7.879466,15.611217,0.03127195,0.0010136263,0.2094356,3.4275408,2.4140012,0.29325,0.28385195,0.10891891,0.062158637,-16.90298,9,3-2,64,SPEAKER_02,1215.366667,1237.8,1215.366667,1234.47096875,7,16.640551750000213,disengaged
38.58309,0.094941705,36.267265,38.22884,41.34481,5.077545,52.58534,56.072906,70.09468,68.868355,0.36846006,0.64841497,0.15319136,0.3330948,0.570451,0.41725966,3.259543,1.2648935,2.9760418,1.0473031,0.1057199,0.80457455,16.542917,1.0572703,6.6870556,1.8958688,1.530952,11.130568,-18.421803,-1.2080796,0.021152863,1.0426561,1.1214894,0.6718676,8.668515,0.44442952,4.8909454,1.8675283,20.817627,0.4561689,828.63293,0.17041185,1276.0706,0.15356159,-58.596188,-1.2975036,1902.0927,0.103820935,1001.8533,0.40411925,-66.667946,-1.0218714,2916.2969,0.08035968,939.89435,0.3722825,-69.41426,-0.9639416,-15.1951685,-0.59679335,26.381937,0.40573716,0.04641917,0.64898056,-0.021641247,-0.76986706,0.12006869,0.70876,22.835222,0.5337034,6.269541,2.0849857,1.0302632,16.69676,-21.286793,-1.01334,-0.9409452,7.889015,0.034013554,-2.2991742e-06,0.071072824,3.1390135,2.7522936,0.27166665,0.26238754,0.08399999,0.01356466,-29.02539,9,3-2,65,SPEAKER_01,1237.833333,1286.9,1237.833333,1240.07346875,1,2.240135750000036,engaged
46.59062,0.09521798,42.830826,45.75153,48.43083,5.6000023,23.696936,6.433824,46.042465,10.1175585,0.72639716,0.90010935,0.16767114,0.5220816,1.2068224,1.0391512,9.240129,5.615436,3.207505,1.4297621,0.351593,1.2227898,9.913348,1.9336065,-0.4069778,-41.567467,-20.309267,-0.81491834,-31.17021,-0.552126,0.01790404,0.91837126,0.9510938,1.02974,11.890627,0.32983857,15.623072,0.5751323,31.636698,0.3509328,815.51385,0.21632487,1281.5804,0.24449466,-75.77495,-1.2067804,1857.0367,0.12699568,1088.6492,0.2420901,-77.679306,-1.0046328,2952.313,0.056058813,936.0724,0.48284078,-82.80989,-0.8807489,-15.427621,-0.62119794,28.127125,0.3545518,0.071803465,0.33516,-0.016625648,-1.1437285,0.48879454,0.93317544,17.64551,0.59308803,-5.4236197,-3.253477,-26.301062,-0.56976855,-39.034283,-0.33591533,-1.3992002,8.106732,0.045943864,0.0058551626,0.062199425,1.5873016,2.1739132,0.315,0.18741664,0.098,0.046647616,-18.706533,9,3-2,65,SPEAKER_00,1237.833333,1286.9,1268.1197187500002,1270.02659375,1,1.9068749999999,engaged
46.11425,0.105352476,42.281704,44.862103,51.82148,9.539776,31.908087,8.897772,81.41379,61.834263,0.2593001,0.8303449,0.06950534,0.20076942,0.45869476,0.38918942,4.264497,2.0197146,1.855287,1.8045312,0.10199901,1.1189028,9.899337,1.9231937,1.3020513,11.842247,-7.6159215,-2.2110057,-26.188612,-0.66379684,0.030318892,0.7727448,1.4223907,0.61132133,9.0330305,0.4324873,18.253733,0.5215166,25.554464,0.56498355,833.81396,0.20103219,1340.3063,0.21735644,-101.09222,-0.8961456,1895.0427,0.12963526,985.7934,0.3485936,-96.07759,-0.848459,2957.4277,0.064135626,838.12494,0.25809193,-99.01625,-0.7953515,-16.0463,-0.5601197,28.337713,0.3409933,0.06449033,0.28358018,-0.016481444,-1.2258557,0.14771907,0.78088224,20.851774,0.4093109,-2.4437099,-7.201773,-12.711569,-1.358397,-32.5967,-0.47876772,-0.31017086,6.933694,0.0428914,0.008569666,0.034352865,3.0487804,2.4767802,0.235,0.08046739,0.1311111,0.095387444,-32.808258,9,3-2,66,SPEAKER_00,1286.933333,1328.6,1287.6947187500002,1292.0147187500002,2,3.290625000000091,disengaged
42.51404,0.14825496,40.32119,42.784103,46.218483,5.897293,207.15346,231.72928,23.622663,11.440314,0.20222329,0.5369561,0.107239805,0.19350511,0.28857568,0.18133587,2.821593,1.3385916,0.95511943,1.0105264,0.05959347,0.75311285,15.962806,1.0165201,9.314107,1.0023898,1.7562946,8.703584,-30.940031,-0.6028954,0.02472946,1.1660639,1.3303789,0.7413333,8.706546,0.5596678,17.046764,0.7150304,25.30001,0.6596833,776.3947,0.2418093,1296.0254,0.1802811,-83.39215,-1.0244237,1916.5948,0.112311594,1017.4438,0.40743506,-81.90526,-0.8640026,2915.39,0.07334792,926.3672,0.31485656,-80.58972,-0.8822068,-17.38056,-0.68806034,28.08115,0.4384221,0.057788216,0.4625277,-0.022984123,-0.97501034,0.067921154,0.5950834,19.336489,0.81574607,10.063356,0.9483174,-0.58517754,-23.892492,-35.241703,-0.4867117,-5.8110366,14.619829,0.034162186,0.0010858937,0.03429682,4.142012,3.9156628,0.17076923,0.15968534,0.07636363,0.053644065,-36.41442,9,3-2,66,SPEAKER_04,1286.933333,1328.6,1293.11159375,1326.32159375,4,3.3918749999998,disengaged
36.195713,0.085984245,34.559746,36.20922,38.07769,3.5179443,165.51959,248.80833,55.853123,81.42006,0.6285664,0.71171564,0.23631632,0.547537,0.985285,0.74896866,11.409863,6.2080727,7.449973,4.8082275,0.46289065,0.9750793,26.028162,0.73900974,15.309936,0.9391109,-2.9038756,-5.2485085,-10.812028,-1.3244275,0.020876817,1.4571292,1.2926916,0.7077035,8.77337,0.3989374,7.962162,1.4394609,35.085297,0.3268722,765.3936,0.26196912,1388.267,0.1810598,-73.919205,-1.1320157,1851.3416,0.14352852,1186.5333,0.23578197,-81.56733,-0.9067802,2968.4165,0.08704164,1096.3522,0.2994803,-87.500435,-0.7971269,-20.587421,-0.51431984,34.64739,0.28345174,0.059487812,0.31782535,-0.023873786,-0.67173886,0.59012663,0.774317,32.81583,0.371625,14.395306,1.0205531,-3.9092243,-4.0189967,-15.433652,-0.78856635,-9.304733,17.682247,0.03944454,0.00054041913,0.16873921,4.0296054,2.3121388,0.29607144,0.23135221,0.112068966,0.10515602,-17.71267,9,3-2,67,SPEAKER_02,1328.633333,1369.466667,1331.36721875,1369.466667,8,12.17944824999995,engaged
36.248615,0.08006188,34.67885,36.388145,37.72384,3.0449905,153.41797,190.26836,15.366225,8.041198,0.8328767,0.7011124,0.28300315,0.70483285,1.333921,1.0509179,12.958852,6.236663,9.305834,5.4456544,0.58943975,0.85308486,27.128597,0.66855925,15.773307,1.0146952,-0.9619619,-16.323887,-10.199736,-1.4650002,0.02011701,1.8588527,1.1951602,0.7676847,9.279465,0.3679401,12.061452,0.80450577,36.48143,0.28082636,734.31573,0.26308435,1424.1694,0.160719,-62.35193,-1.2647338,1821.4633,0.13154006,1213.5294,0.22916603,-72.07521,-0.9599291,2916.6226,0.08539239,1117.6453,0.30471426,-77.77846,-0.84021664,-20.176565,-0.52757156,33.560482,0.31847998,0.06605484,0.3327796,-0.021715958,-0.72477245,0.71286577,0.6936904,32.672867,0.37446502,13.264819,1.178296,-2.543923,-6.150735,-14.407581,-0.8488165,-11.778874,19.330484,0.0384488,-8.852868e-05,0.21862975,4.0517244,2.857143,0.25484848,0.20096919,0.08888889,0.069938235,-14.93736,9,3-2,68,SPEAKER_02,1369.5,1385.9,1369.5,1383.40971875,5,11.614718750000293,disengaged
43.126804,0.09011112,38.268738,44.575115,46.38417,8.115433,28.317535,15.161714,19.19261,13.489802,0.78284013,0.58209026,0.44488811,0.7179588,1.2345529,0.78966475,8.963028,4.6288137,1.1317503,4.4502077,0.35972258,0.8587436,25.376255,0.28410977,0.17108874,63.70094,-17.12578,-0.894355,-35.809235,-0.49261844,0.01974834,1.4711736,0.87339,1.2979002,12.740399,0.31871733,15.150008,0.60069895,33.938736,0.22495243,793.11,0.24781887,1257.8358,0.24156633,-35.844456,-1.7009945,1861.3766,0.13637437,1080.7609,0.3300093,-45.352386,-1.1246717,2991.204,0.049493477,861.0352,0.2901541,-52.803364,-0.8984339,-19.077456,-0.24583603,33.534004,0.17907245,0.08385939,0.30938718,-0.021515936,-0.8258662,0.36752152,0.7577362,25.314215,0.28113717,-0.24462925,-44.57222,-18.313427,-0.81143415,-39.03275,-0.3942474,-15.903684,29.012835,0.032051384,-0.0030373735,0.10672433,4.3209877,1.9354839,0.45333332,0.29488227,0.07,0.03,-18.853605,9,3-2,69,SPEAKER_00,1385.933333,1404.233333,1386.2953437500005,1394.61471875,5,1.6368749999994634,engaged
37.825077,0.115891576,33.77167,37.58481,40.116127,6.3444557,28.962753,21.555727,12.341428,10.94199,1.0682191,0.54549426,0.444617,1.1305288,1.6431749,1.1985579,11.019263,5.129477,6.8516283,2.7032068,0.680743,0.8456767,25.443575,0.7728504,1.6516541,9.785472,-14.389161,-1.141715,-15.97007,-1.1052588,0.014393857,0.963725,0.94138557,0.56211406,9.059875,0.41945606,7.425717,1.4967529,32.006794,0.39295727,735.77606,0.2706129,1337.2346,0.1584641,-40.69106,-1.7540237,1737.9735,0.16078565,1231.3706,0.23038688,-49.637802,-1.2654299,2858.7268,0.099079944,1063.6947,0.3220512,-59.992508,-0.9619773,-13.897406,-0.7726166,31.95807,0.29072618,0.05495241,0.4744365,-0.019999355,-1.0252984,0.8010229,0.70366865,31.422142,0.37538856,0.66048557,24.67251,-16.038822,-1.0560436,-19.773615,-0.8155884,6.296416,4.0074563,0.036771033,0.019191375,0.080986895,4.0816326,1.6736403,0.4975,0.21844621,0.11,0.05715476,-14.743541,9,3-2,69,SPEAKER_02,1385.933333,1404.233333,1394.0240937500002,1404.233333,3,2.4636142499996367,engaged
41.893215,0.06736486,39.944252,41.626396,44.06677,4.1225166,27.590029,22.840128,262.6834,448.79712,0.62206906,0.71742696,0.29008278,0.52844614,0.8588592,0.56877637,5.841282,1.9635171,2.0828874,1.1107779,0.1993724,0.92087835,15.992368,0.586884,-1.8130034,-8.929256,-2.2654026,-9.933296,-35.747566,-0.36063755,0.019939646,2.0623884,0.9301283,0.63101804,9.591833,0.44556448,13.714099,0.6310236,21.40062,0.67873687,795.14935,0.24094908,1256.1526,0.17521225,-25.837059,-2.1463952,1896.8026,0.1192247,952.6656,0.4815893,-35.432873,-1.2893809,2867.748,0.067793205,910.8273,0.3656349,-34.188526,-1.3192708,-10.896052,-0.7053975,20.555477,0.5065214,0.060251396,0.33276397,-0.023273407,-0.7053672,0.21156849,0.88493085,15.941405,0.5614817,-2.5555513,-6.510621,-3.3598995,-6.8886967,-37.56934,-0.31000996,-11.194632,18.129112,0.06253606,-0.013970478,0.08598335,2.4456522,1.3774105,0.66199994,0.48321426,0.044,0.020591259,-21.6671,9,3-2,69,SPEAKER_03,1385.933333,1404.233333,1396.9265937500002,1401.24659375,2,3.6956250000000637,engaged
37.165752,0.124594145,34.595173,35.443504,38.394207,3.799034,124.62659,28.015713,116.359764,107.57108,1.0053496,0.90289885,0.26479372,0.7440296,1.5058521,1.2410583,10.166301,3.4667757,7.1619244,2.7798142,0.64753157,0.93447393,22.238337,0.8635732,2.660734,7.5879426,-12.020749,-1.377263,-12.45088,-1.2084619,0.02629979,1.3529338,1.1374505,0.57111686,8.117991,0.47320446,9.392315,1.817061,29.75467,0.49313164,815.54205,0.24490601,1366.5712,0.16596335,-48.402397,-1.7136824,1854.1385,0.12103352,1200.0057,0.24465913,-58.792046,-1.2485148,2978.1045,0.07167723,1004.15814,0.33048317,-65.26248,-1.0783448,-10.383674,-1.5087959,31.699123,0.28909168,0.05317147,0.48973516,-0.008210753,-2.3240654,0.7635821,0.79238397,25.671227,0.6273466,0.4784782,44.86753,-12.76163,-1.3259981,-16.541628,-0.702516,-5.3398576,17.902578,0.03196945,0.0073525524,0.30977398,3.2520325,3.3333335,0.2225,0.16060433,0.07666666,0.045704365,-13.662372,9,3-2,70,SPEAKER_02,1404.266667,1407.033333,1404.266667,1407.033333,2,2.4797909999999774,disengaged
38.874,0.10933769,36.54297,39.70056,41.676765,5.1337967,174.0302,204.01161,61.537586,84.872635,0.3685779,0.91568124,0.05520904,0.33632338,0.58514446,0.5299354,5.9438267,5.236939,3.659516,3.7683036,0.14574112,1.6995814,19.92171,0.97960216,9.352315,1.1706531,-5.399626,-2.4455059,-27.978785,-0.73120385,0.018909646,2.1907718,0.8782829,1.0836523,11.449859,0.36464882,13.71109,0.80411154,38.385796,0.26475888,756.1819,0.19409157,1305.6273,0.15476055,-81.815125,-1.1218804,1898.6968,0.114437856,1138.3018,0.27598408,-90.97227,-0.860963,2966.2524,0.06801316,930.0544,0.3072882,-93.21273,-0.82087475,-22.841494,-0.37910056,34.353317,0.2639034,0.067690104,0.32374433,-0.03493181,-0.5261474,0.20313792,1.3887603,30.22462,0.3242259,9.5083,1.170852,-10.303042,-1.1704229,-36.931946,-0.4771047,-3.27742,10.230859,0.04325704,0.007531415,0.039763436,1.8399534,1.8426441,0.3426984,0.25467193,0.18783332,0.19518444,-24.782383,9,3-2,71,SPEAKER_02,1407.066667,1469.266667,1407.066667,1468.8140937500002,19,34.25805175000119,engaged
36.40022,0.07555817,34.748413,37.14575,38.281773,3.5333595,230.43906,400.27197,28.071035,33.24379,0.72899735,0.6340693,0.29712486,0.6983447,1.0589004,0.7617755,8.078116,4.842555,8.6723,4.0033636,0.4961936,0.77623963,32.45308,0.46213546,15.616295,0.7722685,-2.6722686,-5.3428726,-15.688529,-1.1223484,0.019047644,1.9090017,1.078472,0.7595162,10.125787,0.3406953,7.8978143,1.4014546,36.650955,0.28208187,792.57794,0.2144928,1380.1824,0.19954728,-47.04271,-1.4261668,1902.575,0.12178869,1213.8823,0.22538961,-62.61799,-0.91158295,3005.0222,0.071838155,1020.3503,0.22941709,-68.16336,-0.79455125,-23.076786,-0.39120078,37.930607,0.21253893,0.059613723,0.34268507,-0.028458219,-0.5628294,0.5632397,0.66405475,36.19548,0.27304652,15.324496,0.7209677,-3.0992637,-4.575985,-18.69496,-0.8759647,-12.369461,21.336477,0.03696631,0.0008833059,0.16553783,4.293629,1.6759777,0.49416667,0.22830747,0.096999995,0.051000003,-16.069702,9,3-2,72,SPEAKER_02,1469.3,1477.8,1469.3540937500002,1477.57221875,3,7.239374999999882,disengaged
36.71718,0.08940492,34.86963,36.718044,38.54601,3.6763802,173.99426,174.24911,57.597668,118.840256,0.7660393,0.7146691,0.25763154,0.6728403,1.2215424,0.9639108,12.415909,7.1990604,7.7760367,4.434341,0.5083933,0.9141656,26.323856,0.66146106,11.011875,1.4393632,-4.2467957,-3.6780758,-14.685427,-1.1749063,0.022016287,1.6474189,1.2123919,0.7008771,8.84941,0.44272232,6.6208677,1.8763239,31.285748,0.39348623,761.995,0.2382098,1361.3308,0.18001807,-61.10122,-1.2984216,1846.5328,0.1412771,1146.7993,0.28826326,-69.40656,-1.0083752,2935.8262,0.08754521,1064.4993,0.29702768,-75.34772,-0.87987345,-17.79967,-0.6278118,32.449642,0.33238494,0.061579008,0.34238768,-0.022617772,-0.7630124,0.60979867,0.757572,31.255184,0.3930787,8.938459,1.7583884,-5.4595733,-2.9421766,-18.332916,-0.8683771,-9.888258,18.351877,0.04509982,0.0012891481,0.18510541,3.3354993,2.5590978,0.28788134,0.21067226,0.08888889,0.08330372,-16.885098,9,3-2,73,SPEAKER_02,1477.833333,1544.1,1477.833333,1544.1,21,46.185416999999234,engaged
35.195076,0.09511747,33.886745,35.570107,37.397095,3.5103493,260.44534,433.8214,23.52583,18.54004,0.7490521,0.70308447,0.26187518,0.6554679,1.1281661,0.8662909,11.774201,5.3399615,7.0316854,3.5251968,0.44313166,0.84846884,28.935461,0.5448538,8.565165,2.0965362,-7.082031,-2.3197591,-8.30767,-1.5399997,0.024911638,1.819021,1.1958629,0.6745369,8.249315,0.41677544,7.7296786,1.7402943,32.27969,0.39808488,748.5045,0.2871772,1383.4331,0.15510714,-55.191933,-1.4202466,1796.4432,0.1513823,1232.512,0.2619464,-65.552704,-1.0680826,2923.801,0.099105746,1106.2697,0.2975392,-74.223526,-0.87348944,-15.521968,-0.7607261,33.048134,0.25085327,0.058780752,0.3705496,-0.013587867,-1.2440821,0.52102387,0.7094321,33.74824,0.30180123,6.393298,2.6206026,-7.8556213,-2.2308652,-11.143892,-0.9723654,-10.429856,20.567167,0.03714168,0.0033444578,0.21672796,4.032258,3.265306,0.225,0.13986601,0.08,0.054772258,-17.84832,9,3-2,74,SPEAKER_02,1544.133333,1550.766667,1544.133333,1549.1053437500002,1,4.972010750000209,disengaged
35.76521,0.12743677,34.36556,36.18009,37.48549,3.1199303,261.19516,321.92105,27.282827,27.349556,0.6982793,0.6710663,0.27843624,0.62794495,1.0510786,0.7726423,12.629657,6.125869,8.527039,4.170378,0.556048,0.8135326,28.471657,0.6653018,19.433804,0.68182385,3.1478634,4.3699017,-15.725482,-0.9760727,0.02167362,1.0622879,1.2274938,0.6000529,8.929616,0.40472174,15.326519,0.6426731,40.54797,0.25084057,734.9141,0.26146472,1421.8163,0.17422308,-74.108986,-1.1408061,1848.1913,0.13406065,1258.7357,0.26847982,-83.12245,-0.86596954,2958.5076,0.08549363,1054.0492,0.2464164,-87.036995,-0.7924953,-22.811811,-0.43368682,36.229664,0.30492422,0.075674124,0.27410266,-0.027622646,-0.5478648,0.685371,0.6464329,34.091675,0.4080323,17.931475,0.6758957,1.3828838,10.51439,-21.169361,-0.59689,-13.951213,22.198187,0.05039798,-0.004899604,0.25423968,4.247104,2.7290447,0.25,0.22019471,0.11818182,0.06421812,-16.473852,9,3-2,76,SPEAKER_02,1564.033333,1569.933333,1564.033333,1569.933333,3,5.191250000000082,disengaged
36.99136,0.12234376,34.97065,36.83481,38.276855,3.3062057,567.1956,1039.9674,129.24275,198.49875,0.73733956,0.75178045,0.24177003,0.6250415,1.1860292,0.94425917,12.664819,8.17666,7.5179915,4.229039,0.5177678,0.917493,27.307898,0.6440722,10.203465,1.649831,-2.112074,-7.9836135,-14.948933,-1.0026392,0.02247268,1.3383356,1.306169,0.71860975,8.683744,0.46215257,8.743511,1.3315996,33.308216,0.37724373,754.45905,0.2557516,1389.8086,0.16532034,-69.640625,-1.1929834,1826.522,0.14289632,1207.1484,0.24847731,-76.46937,-0.95425034,2930.247,0.08649927,1051.4098,0.3300852,-81.67852,-0.84516174,-18.960518,-0.6229964,33.588886,0.3362669,0.06584055,0.3263825,-0.021994632,-0.79003865,0.632381,0.7441003,32.242466,0.40143597,9.662923,1.731872,-3.7169676,-4.537638,-18.296364,-0.7505002,-9.527569,18.781412,0.047110718,0.001250939,0.21022353,3.285908,2.4779363,0.28465754,0.2910919,0.11015385,0.10614205,-17.020027,9,3-2,77,SPEAKER_02,1569.966667,1651.066667,1569.966667,1651.066667,18,29.529999999999745,engaged
41.7447,0.0989239,38.272568,40.772717,46.412575,8.140007,46.619186,28.549603,57.610596,64.94463,0.6997548,0.9941036,0.06947943,0.4146393,1.4756694,1.4061899,9.087428,8.285305,5.1539407,2.5177743,0.33236668,1.1009715,19.704233,0.5596225,5.792541,2.9717488,-11.609458,-1.551939,-25.048944,-0.72914207,0.019062318,1.6077994,1.0118457,0.8683419,10.787014,0.27138513,9.775842,0.957768,31.008247,0.30004716,845.0603,0.24877882,1400.0151,0.24434562,-65.987015,-1.309214,1838.7622,0.1484866,1252.504,0.23127939,-70.84362,-1.048727,2950.0986,0.07551,933.6226,0.3639332,-76.4685,-0.9216092,-14.07846,-0.7627406,28.545458,0.36499152,0.0735565,0.32860348,-0.010744739,-1.8007028,0.4482612,0.8299002,21.136732,0.4662189,1.1953954,14.967853,-16.570559,-1.1069266,-31.992126,-0.5000565,-13.76616,22.84787,0.030458951,0.005542444,0.02692246,2.777778,2.3696682,0.304,0.21265933,0.12,0.041833,-19.993385,9,3-2,77,SPEAKER_00,1569.966667,1651.066667,1634.3240937500002,1637.4290937500002,2,2.176875000000109,engaged
42.192894,0.107986175,38.47498,41.823845,45.684803,7.2098236,103.74763,104.863884,35.647354,24.928171,0.34292406,0.9206905,0.097641006,0.25407952,0.52906084,0.43141985,4.6135464,2.5015292,3.1729422,2.598226,0.1370407,1.4169787,17.030563,0.71119434,3.6257675,3.7762027,1.4487215,16.326065,-28.215168,-0.66086954,0.026281139,1.3089393,1.1630348,0.72888803,10.036534,0.38255623,15.402474,0.7111472,22.399595,0.58109444,793.749,0.24468403,1330.6267,0.18508917,-63.379868,-1.2179317,1890.4176,0.11736695,1078.3297,0.46271566,-65.41303,-1.0013177,2890.6582,0.07781516,970.8415,0.3808826,-64.94566,-1.0014229,-15.248547,-0.56181645,25.813915,0.39176148,0.065279126,0.38880938,-0.018112317,-0.964824,0.16827412,1.238772,19.778837,0.49336544,2.796272,5.108429,-0.7898639,-31.641315,-32.79999,-0.53228134,-6.946808,15.141578,0.048406653,0.005710554,0.025009623,3.038674,3.064067,0.24772727,0.29477158,0.0775,0.039449334,-25.202095,9,3-2,77,SPEAKER_03,1569.966667,1651.066667,1638.08721875,1645.66409375,2,7.256249999999682,engaged
35.95425,0.08403943,34.067284,35.50844,38.433643,4.3663597,302.28018,524.27496,39.99714,40.824356,0.93127733,0.71120334,0.33813798,0.7822696,1.456373,1.118235,16.695696,10.438406,9.728395,8.448605,0.62045264,0.8666975,27.98025,0.5444186,5.6941504,3.032622,-9.743108,-1.7602417,-11.21877,-1.2838798,0.026974667,1.7263749,1.2545197,0.680134,7.908486,0.5238749,6.595216,2.0002694,30.104548,0.43648714,782.65137,0.22992313,1355.0164,0.1629561,-51.679127,-1.5054426,1833.536,0.12809142,1185.3921,0.22020994,-61.125534,-1.1245995,2936.9058,0.08438086,1029.4478,0.2441257,-68.11365,-0.9512635,-15.7161255,-0.7725547,32.994488,0.24141616,0.06116566,0.340146,-0.01908236,-0.9820387,0.7215355,0.7509811,31.921177,0.30706033,5.0167356,3.4076154,-10.301892,-1.678817,-13.767113,-0.9574707,-8.68625,20.968983,0.04687541,-0.0015772571,0.25495866,3.6792455,2.3696682,0.32479998,0.28165394,0.086363636,0.08824271,-14.9556265,9,3-2,78,SPEAKER_02,1651.1,1664.533333,1651.1,1663.4672187500005,5,10.612218750000693,disengaged
45.39855,0.08528643,42.93341,45.140762,46.942192,4.0087814,61.508934,58.037292,44.287457,36.46148,0.4965894,0.57875186,0.27533033,0.47571397,0.6809542,0.40562388,5.040019,2.9818318,3.78012,3.7791646,0.20194334,1.015369,11.725499,0.7740452,-3.8959327,-3.1924644,8.434509,2.7071779,-40.93751,-0.47194397,0.024986167,1.323761,1.1648817,0.49799985,8.539533,0.44304058,16.521832,0.65004086,10.863964,1.2942939,836.5873,0.23887023,1316.6847,0.25251696,-47.576317,-1.3823894,1956.9398,0.10201721,777.82635,0.61718726,-50.06665,-1.1021953,2906.0215,0.07615122,1004.309,0.3204077,-44.963593,-1.2714627,-9.173386,-0.7834909,17.454388,0.5753252,0.0715061,0.35374823,-0.016232792,-1.0141742,0.21182822,0.89467365,12.190878,0.71609396,-4.110747,-3.0388236,8.883631,2.6867359,-43.791595,-0.38812855,-6.4176617,13.914479,0.0463524,-0.00072946673,0.14338851,3.1021898,2.037037,0.41636363,0.3865764,0.06,0.050596442,-27.152218,9,3-2,80,SPEAKER_03,1665.466667,1671.866667,1665.49221875,1671.866667,3,5.496948250000287,disengaged
41.679043,0.10774194,40.440945,42.00628,42.80141,2.360466,491.64325,311.76743,660.1403,651.9156,0.27916718,0.81900847,0.11912513,0.19605905,0.41391265,0.29478753,2.5187323,1.4862202,-1.1015118,2.6109676,0.15625921,1.3225431,15.5766945,0.98239315,2.2129562,5.3379297,-2.5537658,-6.8825984,-27.486334,-0.52928054,0.02546028,0.6886121,1.5821486,0.5355466,8.406954,0.35721186,9.905032,1.1726253,20.911894,0.5763632,774.819,0.18853392,1280.365,0.1272369,-91.57455,-0.9664658,1884.6868,0.0997225,876.2093,0.22979864,-87.66235,-0.87999415,2910.585,0.058738712,969.57983,0.45790946,-89.317566,-0.84657204,-16.115578,-0.50134116,25.965393,0.4031374,0.055475973,0.37188807,-0.022097645,-0.8925867,0.12540616,1.085987,21.559519,0.4989145,2.5526474,4.8634286,3.7897599,4.7889757,-28.417763,-0.4043557,-2.825121,10.013476,0.04241613,7.253957e-05,0.039301623,2.542373,3.960396,0.155,0.121757954,0.0775,0.04602988,-28.433403,9,3-2,81,SPEAKER_03,1671.9,1674.533333,1671.9,1674.533333,3,1.1989580000004025,engaged
41.992,0.06239198,40.203636,41.792744,43.1583,2.9546623,26.109175,26.71464,25.612804,15.895299,0.46074677,0.90757513,0.09743201,0.3622439,0.7426878,0.6452558,6.198988,3.3218749,2.8240523,1.4983214,0.18206732,1.1265535,10.256633,1.010502,1.5489893,9.983449,4.7868733,4.685501,-34.79183,-0.4828734,0.026675694,1.0640651,1.4434053,0.58598614,7.3299637,0.49062774,9.136924,1.421984,13.08595,1.1106517,807.7719,0.26332766,1282.7609,0.17701896,-76.68507,-1.1408374,1900.653,0.12472301,918.28973,0.5308553,-73.348274,-1.0586298,2853.9768,0.0724557,998.70636,0.3451919,-70.48476,-1.1192635,-9.358686,-0.76627064,17.850132,0.49950027,0.056304134,0.4597858,-0.018721273,-0.99196965,0.24053456,0.89422834,12.092664,0.8560379,0.6681693,24.176834,4.00242,6.073733,-41.23334,-0.29583538,-5.698416,13.634747,0.016687188,0.004676555,0.035402864,2.3866348,1.9323672,0.36124998,0.2538916,0.13374999,0.09873418,-27.19009,9,3-2,82,SPEAKER_03,1674.566667,1680.966667,1674.566667,1680.966667,4,4.2062499999999545,disengaged
40.656574,0.06965869,38.821003,40.403294,42.79121,3.9702072,144.68857,164.8418,63.02934,101.15789,0.42119074,0.64788413,0.20157565,0.3711151,0.6573778,0.45580214,4.9457583,2.816652,2.4774344,0.92429024,0.12688348,0.76576644,15.00336,0.6365287,-7.297163,-2.6506538,1.0532862,18.363667,-26.04345,-0.6611083,0.021303102,1.9631085,1.1738006,0.59496605,8.078207,0.42273998,7.746375,1.7791859,16.695044,0.6620513,728.3193,0.2835906,1297.474,0.17306365,-57.264854,-1.41921,1804.7247,0.1178908,939.53094,0.41764686,-53.533413,-1.3315,2793.2566,0.08985612,920.1904,0.33497024,-53.98021,-1.300131,-9.33279,-0.8086582,17.936356,0.4492992,0.049702603,0.4305816,-0.018364677,-1.1650835,0.13625446,0.7302154,16.585506,0.52381843,-6.8156486,-2.707598,1.1797831,16.734425,-28.282864,-0.5512006,-3.1407442,9.370455,0.0469534,-0.0078471685,0.09506103,2.8225806,2.03666,0.383,0.32887834,0.107499994,0.078062475,-31.610434,9,3-2,83,SPEAKER_03,1681.0,1710.666667,1681.0,1685.9784687500005,1,4.978468750000502,engaged
41.88487,0.110169895,39.137337,42.39057,45.33188,6.194542,123.06033,174.91333,126.501114,190.31415,0.4281906,0.8279722,0.1267905,0.35334966,0.6615345,0.534744,6.438952,5.706014,4.1190457,3.3308194,0.17277174,1.293665,16.18224,0.8015018,-1.6840231,-8.53562,-3.978095,-4.5823298,-28.117691,-0.6727687,0.023607178,1.3053938,1.2321607,0.70280045,8.440922,0.5022313,11.216128,1.2072462,22.332462,0.5011908,768.78827,0.25848043,1270.3668,0.18379453,-79.87493,-1.1271127,1830.6761,0.13037358,1047.7542,0.33429316,-76.82978,-1.0291604,2844.053,0.08349762,889.38763,0.30662605,-79.263626,-0.9757497,-12.58641,-0.7055941,23.049448,0.43977413,0.06422417,0.3926326,-0.018297521,-1.0505122,0.1959685,1.0998844,19.28098,0.51216036,-3.8082469,-3.9053016,-7.231072,-2.2142951,-30.899637,-0.5949329,-5.765307,13.449749,0.05474119,-0.00927802,0.12296652,2.6254826,2.635659,0.25264704,0.2358253,0.1128125,0.074171856,-27.127483,9,3-2,83,SPEAKER_02,1681.0,1710.666667,1687.10909375,1709.46846875,13,12.9599999999989,engaged
39.81011,0.1295715,35.53311,40.291504,43.643456,8.110344,143.21727,111.98486,37.68362,29.85004,0.48347747,0.8546163,0.10537458,0.413279,0.8456271,0.74025255,8.608794,5.024798,7.369635,7.0163317,0.27080306,1.4488069,13.425851,1.6724465,8.945777,1.4419556,-5.6402483,-3.102513,-17.955183,-1.3614088,0.03564177,2.160694,1.1940436,1.0187641,10.053757,0.44634074,10.028961,0.98853755,26.485384,0.45594752,815.90204,0.19804952,1324.1036,0.18372896,-95.58991,-0.9524659,1911.4114,0.11097797,1096.2954,0.35791475,-99.026794,-0.81726605,2927.403,0.07076826,978.5089,0.31302896,-100.00948,-0.80241615,-18.8991,-0.4506154,28.539358,0.42638543,0.06263441,0.3903741,-0.027168468,-0.61563826,0.37446886,1.1306732,23.88705,0.5588018,6.349237,2.2246363,-4.0179224,-5.1929,-29.659803,-0.7335576,-1.4388877,8.131675,0.04595372,0.008098639,0.11315908,2.8846154,1.9464719,0.29749998,0.27842188,0.22142856,0.14376852,-19.706903,9,3-2,85,SPEAKER_02,1713.033333,1738.4,1714.29471875,1738.4,5,4.1759062500000255,engaged
40.158672,0.076106444,37.64619,40.316772,42.603333,4.957142,62.177246,75.97401,36.452488,27.336142,0.4175463,0.9572493,0.05040981,0.24038057,0.8066278,0.756218,7.1994624,2.6130812,3.8929503,2.111772,0.15144433,1.0463648,19.06838,0.8673639,2.4851165,5.731789,-7.693092,-2.1673455,-20.276182,-0.9112601,0.017737392,1.3369172,1.2526737,0.8738256,9.647091,0.42166027,11.056428,1.0484719,30.483467,0.3573277,657.11053,0.32386804,1344.5697,0.14367865,-91.02225,-1.0127141,1743.5521,0.1515173,1160.8182,0.29117578,-80.96923,-0.9998155,2798.3384,0.10554131,1144.5043,0.3680131,-85.87742,-0.9046692,-11.713038,-0.68733597,26.933552,0.38669205,0.062573515,0.28305408,-0.021047805,-0.71796334,0.21336222,0.7284355,25.706196,0.35858357,-2.749069,-4.811529,-11.789578,-1.4831089,-27.098309,-0.6621657,-6.2158365,13.114269,0.0476353,0.0019861497,0.030581813,2.6070764,2.4436092,0.2646154,0.14372064,0.12461538,0.11112123,-26.521961,9,3-2,85,SPEAKER_01,1713.033333,1738.4,1718.1253437500002,1729.6847187500002,5,5.383124999999836,engaged
37.380844,0.11387551,34.485313,36.66282,38.78032,4.295006,251.45233,265.4124,44.663322,49.73105,0.64078856,0.78512067,0.21814469,0.53369206,0.9654173,0.7472726,11.465038,6.1181664,7.4846625,3.93718,0.38273814,1.0275922,22.167477,0.8356086,10.6917925,1.3706347,1.9956926,8.770731,-14.3419,-1.2112795,0.022542128,1.4497721,1.334603,0.69651574,8.576573,0.4281788,9.548217,1.076556,29.639328,0.47639894,786.64655,0.2189261,1354.094,0.17056538,-72.041595,-1.1411642,1884.9912,0.1208745,1144.6249,0.3200633,-80.006004,-0.907428,2925.5403,0.07580035,1002.48096,0.33714852,-82.37623,-0.8577971,-17.188866,-0.6236998,29.228992,0.41185793,0.060279366,0.40240034,-0.02032827,-0.86388594,0.4655797,0.84945476,27.938143,0.5413562,9.4197445,1.4680418,1.4972833,11.932102,-18.839178,-0.8829448,-7.528179,15.6591215,0.03805877,0.0019804507,0.18781169,3.7261698,3.1358886,0.21722221,0.14684859,0.096,0.08769645,-19.282953,9,3-2,86,SPEAKER_02,1738.433333,1766.166667,1738.433333,1766.166667,8,11.550209000000223,disengaged
42.090786,0.09639915,39.481194,43.044807,44.729248,5.2480545,226.1889,328.27032,49.68004,45.90048,0.6030182,0.811651,0.18020374,0.4969557,0.94846,0.76825625,8.614557,3.965891,5.911529,3.9790611,0.275564,1.5352632,17.048975,0.59959495,-2.44533,-6.1612983,-2.8686092,-6.31377,-33.820206,-0.5600234,0.02391482,1.4582704,1.1140484,0.8048016,9.51763,0.45745787,9.0145645,1.290009,19.364092,0.5144975,837.9355,0.1794928,1241.0881,0.1809556,-42.610695,-1.677102,1932.0383,0.11185523,934.0544,0.43400207,-52.138268,-1.2052048,2912.9358,0.06445755,871.26373,0.34091648,-52.130096,-1.2035646,-11.704474,-0.71396595,21.925669,0.42825693,0.06880267,0.4053876,-0.017787913,-0.8979246,0.31074423,1.4326527,18.201635,0.5191674,-4.5003276,-3.27499,-4.9542503,-3.6198852,-37.93575,-0.42545652,-9.917965,18.046715,0.040373754,0.0031990316,0.10515795,2.8846154,1.8137848,0.45266664,0.41658077,0.103636354,0.08477485,-20.902988,9,3-2,86,SPEAKER_03,1738.433333,1766.166667,1754.2715937500002,1765.45971875,5,8.336249999999836,disengaged
35.865993,0.16264588,33.730152,35.22103,36.818657,3.0885048,203.54434,144.9351,306.19977,947.01697,0.6143656,0.93126625,0.14496095,0.46107426,0.99560106,0.8506401,12.181507,6.641996,8.31884,7.4719605,0.41602442,1.1731236,21.282745,1.0642763,13.379334,1.2073106,-2.5727222,-6.2990775,-9.768223,-1.7685534,0.02523235,2.2153795,1.3593254,0.70650893,7.6751833,0.5055842,12.370057,0.76389706,34.972843,0.39575857,726.1833,0.26556286,1402.9945,0.16451672,-82.11411,-1.0974259,1809.2089,0.13957413,1204.6565,0.24276166,-87.42619,-0.90922874,2892.2783,0.08345368,1046.3102,0.2774712,-91.528946,-0.8245336,-17.910875,-0.7103616,32.328,0.39440736,0.06416538,0.37825423,-0.01943376,-1.0166378,0.57813454,0.88594794,30.637192,0.53533036,11.259408,1.4822427,-2.5287347,-7.094784,-15.941589,-1.0096244,-5.473566,13.210657,0.031056257,0.009554323,0.1146352,2.9863484,2.7420738,0.2284375,0.19524199,0.1337037,0.10801742,-19.209627,9,3-2,87,SPEAKER_02,1766.2,1792.1,1766.2,1790.1815937500005,6,11.730343750000202,engaged
37.734947,0.09296741,35.978405,37.00509,40.032677,4.0542717,50.346622,29.50568,37.84833,30.462149,0.20847355,0.5957206,0.08654667,0.21964341,0.32268623,0.23613957,3.6801631,1.443407,1.8686771,0.80623305,0.061071154,0.7238449,19.394587,0.6753279,13.11205,0.8668428,14.401448,0.9046308,-24.644041,-0.858006,0.040031787,2.3944035,1.1496655,0.6947007,9.0850935,0.30573365,16.02402,0.35622832,28.373083,0.32614085,697.35065,0.22971714,1358.0497,0.17206538,-57.15015,-1.3606238,1878.562,0.11850677,1003.66833,0.4764372,-68.75293,-0.9831838,2863.3423,0.06728902,908.71515,0.40895322,-66.41169,-1.0366143,-19.21165,-0.32427037,26.091656,0.2954672,0.06841099,0.35068318,-0.02550271,-0.67570686,0.07306235,0.5639356,23.407722,0.3580996,12.386518,0.99492466,15.35232,0.84729904,-32.161167,-0.55613464,-10.932854,18.135729,0.02442292,0.007117366,0.02725248,5.263158,2.1621623,0.35,0.115542196,0.0925,0.03699662,-36.795998,9,3-2,87,SPEAKER_03,1766.2,1792.1,1790.1815937500005,1792.1,1,1.918406249999407,engaged
38.1606,0.094714984,36.300877,37.71812,38.821346,2.5204697,143.33553,128.49385,25.29074,18.876585,1.0315797,0.5859332,0.49886143,0.9519498,1.5008968,1.0020354,13.307485,7.402958,10.003073,5.146135,0.6882982,0.70549995,26.52626,0.5492142,3.4757419,4.954317,-7.763192,-2.0759575,-15.968204,-0.83736414,0.028457362,2.1902885,1.1748403,0.67321473,9.021021,0.46944854,6.888959,1.609851,29.724903,0.3722388,800.77496,0.22856629,1332.7745,0.18667486,-47.461582,-1.5026803,1871.5035,0.13702805,1113.8235,0.2768498,-56.238945,-1.1177497,2962.4175,0.08733714,1026.4363,0.2818242,-63.152027,-0.93981594,-15.817664,-0.75443435,30.548979,0.35264117,0.065318204,0.29507846,-0.020854509,-0.8442199,0.7813068,0.5912393,29.085794,0.40323913,3.326371,5.199104,-8.172732,-1.9615705,-18.608873,-0.6476475,-6.249281,19.801775,0.044413645,0.0043509235,0.24977152,4.069264,2.0017407,0.4047826,0.35611275,0.08399999,0.07193052,-14.461803,9,3-2,88,SPEAKER_02,1792.133333,1806.033333,1792.9659687500002,1806.033333,5,11.565489250001065,disengaged
40.83617,0.16189834,34.89863,41.260128,47.099556,12.200928,426.955,698.1479,75.2332,118.58985,1.0556084,0.86265945,0.34312513,0.8528436,1.5052817,1.1621566,8.596455,3.8130522,7.520984,3.8651109,0.5405571,0.93949705,16.287678,1.1397617,5.846292,2.4220717,-0.1180551,-118.01062,-30.749487,-0.70960796,0.031241098,1.8458331,1.0293968,0.8970042,9.918713,0.487227,10.661941,0.94027513,22.15887,0.7324028,840.0443,0.21784914,1289.6978,0.18667153,-65.10198,-1.2221768,1911.3712,0.122944325,937.14026,0.38001534,-70.29907,-1.0191625,2949.0273,0.07325301,945.06903,0.3274675,-71.608864,-0.9905147,-16.155884,-0.5784058,25.58849,0.4891084,0.07818133,0.31201667,-0.025124906,-0.57624006,0.61040044,0.81007445,18.619347,0.923258,5.1769934,2.9490395,-1.5417928,-8.462589,-33.117138,-0.65924406,-7.694179,15.909619,0.060569476,-0.012809102,0.358579,2.6258206,2.660754,0.27166665,0.21415856,0.101,0.077775314,-15.579763,9,3-2,89,SPEAKER_02,1806.066667,1836.166667,1806.066667,1836.11534375,5,4.584301750000122,engaged
45.247475,0.078304246,42.04872,44.45021,48.736183,6.687462,204.6883,363.9079,37.128853,34.16369,1.9233047,0.8280693,0.53900635,0.92603725,3.4850218,2.9460154,25.43138,16.88647,12.787109,8.246686,0.8994771,1.1144772,5.617872,1.6980213,-6.68297,-1.6753278,0.053163137,214.84131,-44.439987,-0.3404135,0.011857035,1.1605836,0.7945395,1.0444611,10.719314,0.3442288,7.4767084,1.0539023,8.175724,1.267882,913.6567,0.20251729,1127.3025,0.21079364,-23.40448,-1.9072828,2029.7683,0.10138301,793.2409,0.5076805,-30.075308,-1.3069614,2917.626,0.06801249,954.1429,0.40607634,-24.868105,-1.6338187,-7.668882,-0.8854175,13.150062,0.6642924,0.07565244,0.30818546,-0.020849448,-0.6394874,0.90777326,1.1073606,5.3426924,1.8153167,-7.4682446,-1.4721531,-0.17053014,-67.83165,-45.016796,-0.33094487,-11.478071,17.617537,0.07330772,-0.037855793,1.0269493,1.7948718,0.78125,1.2033334,0.21791944,0.056666665,0.044969123,-11.122108,9,3-2,89,SPEAKER_00,1806.066667,1836.166667,1810.1447187500005,1817.14784375,3,3.914999999999054,engaged
39.877987,0.11299186,36.08396,39.48263,43.287514,7.2035522,63.78268,73.93128,86.7715,140.24603,0.550502,0.87610555,0.095627114,0.46315604,0.90443933,0.8088122,8.2458935,5.331711,4.04009,2.240633,0.21597813,1.0975546,14.860489,1.1435703,6.9213023,2.1489577,0.6570065,26.978628,-24.512945,-0.8335292,0.014654731,1.6270487,0.9417213,0.941941,10.427589,0.4108349,9.401894,1.136579,24.494902,0.5374141,745.5905,0.28380233,1338.6664,0.18472204,-83.31381,-1.0701008,1820.9291,0.13539197,1074.3094,0.3606035,-83.50428,-0.9486959,2854.2622,0.078225754,902.7458,0.40386823,-84.54636,-0.92420244,-14.498517,-0.69262755,24.207218,0.47774103,0.067431256,0.32517442,-0.022304105,-0.84292,0.29031643,0.8534452,20.02297,0.68277556,3.7318895,4.1464467,-1.1843461,-15.846183,-33.791428,-0.48447573,-4.878057,12.405729,0.040856134,0.008261629,0.0655256,2.4640658,2.1671827,0.3004762,0.21061082,0.14,0.117918454,-23.285156,9,3-2,89,SPEAKER_03,1806.066667,1836.166667,1819.45971875,1831.9472187500005,6,9.753750000000537,engaged
37.83935,0.13238055,34.946953,36.87326,38.43652,3.4895668,263.88287,215.92258,32.506264,28.355627,0.69857365,0.71798027,0.25408426,0.59091246,1.040826,0.78674173,10.510166,6.073783,7.0201783,4.1838536,0.4868479,0.86059076,23.468842,0.7860407,14.3227625,0.97494227,-0.14445004,-112.52867,-12.802661,-1.260009,0.02317932,1.3052557,1.3354028,0.6655777,9.304219,0.40653682,10.756631,1.0308388,30.700619,0.4531644,758.73755,0.27821764,1393.0142,0.15863183,-66.60223,-1.1668717,1852.9722,0.1512865,1150.4655,0.2659976,-73.65152,-0.91683185,2929.499,0.087834165,1075.841,0.29426286,-77.63772,-0.8341245,-20.040916,-0.5404803,32.234203,0.37882283,0.060299158,0.42027724,-0.021899177,-0.72635704,0.58034515,0.7168161,28.586012,0.48655564,12.993043,1.0721031,-0.12847792,-129.32874,-16.226683,-0.9466395,-8.3279,15.484996,0.034276135,-0.00061057723,0.17791651,3.837472,3.0681818,0.23740739,0.1938994,0.08181818,0.07107207,-16.973057,9,3-2,90,SPEAKER_02,1836.2,1847.4,1836.48659375,1847.4,4,8.871531249999862,disengaged
45.145306,0.20280087,37.210056,48.483475,53.430817,16.22076,122.4598,174.67,319.59467,418.07294,0.9416119,0.7683536,0.1927592,0.90704215,1.4743553,1.2815962,8.433528,4.8322515,6.28895,2.419499,0.5618642,0.9853202,14.097109,0.8885067,-2.9714386,-5.6625524,-9.741937,-1.2202853,-35.93825,-0.5043177,0.042282667,2.072297,1.0703876,0.78360397,9.859832,0.4916593,9.649935,0.9490854,15.3354645,0.9183005,914.03986,0.12784562,1156.1749,0.15669875,-72.41582,-1.1972705,2077.1743,0.08513977,783.73956,0.4665313,-73.51483,-1.0098025,3023.1746,0.05908287,989.81354,0.3326045,-73.104324,-1.0210127,-13.939828,-0.44903174,22.365568,0.34655556,0.07948985,0.3053805,-0.035008147,-0.6060649,0.68481153,0.7464715,15.349672,0.618674,-6.31448,-2.571835,-11.397496,-0.9428164,-42.05332,-0.32530203,-8.633025,17.283913,0.05709461,-0.012461363,0.26347062,3.3536587,2.4767802,0.285,0.16552946,0.114285715,0.058028843,-16.25559,9,3-2,91,SPEAKER_02,1847.433333,1860.966667,1847.433333,1859.74034375,6,3.2957607499999995,engaged
41.703835,0.04867909,40.270004,42.268127,43.18679,2.9167862,53.405262,52.613197,12.661011,21.661455,0.46395707,0.6187796,0.21092418,0.4193542,0.67954266,0.46861848,5.404314,3.0200205,4.430583,1.9204043,0.13347107,0.62502337,8.293788,1.3757893,4.244525,2.6959364,14.184994,1.2075474,-38.39619,-0.4403481,0.017715132,1.2479929,1.2074534,0.79282075,9.606593,0.3498251,15.0425005,0.5144835,14.526725,0.67640454,755.06146,0.2220525,1346.9844,0.18454333,-46.05155,-1.478654,1890.2097,0.095305525,782.2422,0.4859872,-50.387115,-1.1057235,2848.9373,0.05828472,922.0189,0.37656695,-44.246178,-1.3023432,-10.641517,-0.61576736,16.01409,0.532422,0.059625965,0.25272208,-0.023637753,-0.5871919,0.15177995,0.5110712,10.20543,0.93608725,4.2385654,2.687359,12.987157,1.2922415,-41.842754,-0.3516417,3.6917784,0.5522081,0.03814487,-0.0022185897,0.030841393,4.048583,2.074689,0.408,0.2264862,0.086666666,0.0518545,-29.770376,9,3-2,91,SPEAKER_03,1847.433333,1860.966667,1848.55221875,1851.03284375,1,2.480624999999918,engaged
43.198822,0.12756835,38.923992,43.10303,45.715332,6.79134,75.46486,32.21643,102.10982,134.05832,0.7277074,0.9260517,0.18577087,0.53284,1.155705,0.9699341,7.5304856,4.362069,7.20397,3.6546755,0.3404296,1.0630984,15.029634,0.7497485,0.90401244,19.551659,-10.069305,-2.4804845,-36.66661,-0.5458176,0.033064004,1.7862829,1.0692476,0.8113096,10.244253,0.37006867,8.912143,1.426629,20.983068,0.64985925,845.21313,0.19275026,1210.4948,0.13933264,-51.012924,-1.5504923,1977.2609,0.091623835,955.67896,0.43382722,-61.641567,-1.0707896,2966.3228,0.06383115,895.8481,0.32209852,-60.45573,-1.0876102,-11.709119,-0.92587984,24.795366,0.3657493,0.06565705,0.32302833,-0.022139179,-1.0424689,0.38638934,0.99044377,15.839955,0.7176311,-0.22552612,-78.41101,-10.696479,-2.1992667,-41.840523,-0.4517882,-6.716368,19.942663,0.048123267,0.00085947604,0.17589599,3.2178218,3.0075188,0.25583333,0.160388,0.066,0.029393874,-18.598028,9,3-2,92,SPEAKER_02,1861.0,1891.9,1861.25909375,1869.3422187500005,6,4.050000000000182,disengaged
42.166157,0.15158406,38.382927,42.460873,44.24102,5.8580933,198.28621,108.9526,262.96463,255.22841,0.48473027,0.47637612,0.29056147,0.43801343,0.7531769,0.46261546,2.6551075,1.3422164,3.2652836,1.2379752,0.21009214,0.8193045,21.696413,0.37233758,-8.266211,-2.270872,-15.818684,-1.1341097,-33.32551,-0.49303526,0.027881984,1.4804145,0.99284756,0.74604005,9.509202,0.47342473,13.809989,0.7494696,28.518635,0.43533367,836.1144,0.15746956,1251.6537,0.1439591,-41.65709,-1.7915205,1930.9729,0.08960796,1023.0663,0.3605221,-52.148685,-1.1595733,2950.091,0.053159304,875.028,0.32623532,-55.279858,-1.0752941,-16.26348,-0.49877563,29.589039,0.27638805,0.05618289,0.30913603,-0.027488945,-0.6747648,0.22030775,0.82242435,23.240282,0.3445893,-3.493913,-4.399414,-13.365017,-1.3714079,-39.382828,-0.29622844,-0.24185525,22.08099,0.041740134,0.012984389,0.2157216,3.7313435,2.34375,0.35,0.29223278,0.056666665,0.016996732,-27.224794,9,3-2,92,SPEAKER_00,1861.0,1891.9,1863.97596875,1880.76659375,4,1.3500000000008185,disengaged
42.421368,0.11139269,38.775894,42.875362,45.928745,7.152851,69.0625,89.97674,31.893206,26.418753,0.6116325,0.80860525,0.15335105,0.50384074,0.9926659,0.8393148,10.354019,6.2157216,6.6357126,2.987014,0.27258044,0.9789365,13.865845,0.9023979,2.1829927,6.271833,3.8442595,4.3388214,-35.302937,-0.6112473,0.023620509,1.4299004,1.1369071,0.7446279,9.507064,0.36215365,14.460487,0.7032161,17.758703,0.75813425,811.0312,0.19042547,1263.5728,0.22555366,-52.51423,-1.4594604,1950.9679,0.08708428,787.2804,0.49861464,-60.89135,-1.0886824,2927.2205,0.060025357,883.8044,0.34082577,-57.434975,-1.1817472,-13.228249,-0.5982021,19.762249,0.48111752,0.07071323,0.30881968,-0.02572773,-0.58650917,0.32409695,0.81062865,15.721527,0.71408165,-0.49262926,-26.023914,3.6248355,4.5955443,-41.317142,-0.44669983,-7.6248703,13.850115,0.04756238,0.0009911521,0.070761494,3.7145653,1.9646367,0.3995,0.31614038,0.09833333,0.072667435,-23.750034,9,3-2,92,SPEAKER_03,1861.0,1891.9,1874.45534375,1889.91284375,6,10.243125000000191,disengaged
41.633343,0.09277916,39.3327,41.825474,43.7573,4.4246025,124.36311,111.96388,127.35383,140.84879,0.91806203,0.73292464,0.23589233,0.8439677,1.4189526,1.1830603,6.554547,1.7799091,8.908077,3.6481643,0.35302836,0.7638587,14.590997,0.696806,-5.29013,-3.076586,-2.648825,-7.2285895,-37.591152,-0.46048862,0.025812235,2.0529602,1.004538,0.9834827,9.990745,0.36387467,11.855809,1.0495676,20.596823,0.52882445,689.67554,0.29236367,1284.9321,0.1751827,-51.288555,-1.5692878,1810.4054,0.13985969,951.46484,0.39478672,-49.711147,-1.3057798,2780.8652,0.082184546,957.94574,0.4222268,-49.345364,-1.3038895,-10.487019,-0.7848076,20.417213,0.4266352,0.06377811,0.33837566,-0.025231222,-0.75161445,0.38894448,0.60654986,15.198819,0.59737945,-7.52485,-2.185152,-4.0958915,-4.858659,-41.421257,-0.3416903,-11.260878,19.338394,0.059285183,-0.012482547,0.22702356,2.8806586,2.5210085,0.31833333,0.33780745,0.055,0.023629079,-20.767384,9,3-2,93,SPEAKER_03,1891.933333,1903.433333,1892.59596875,1895.97096875,3,2.4468750000005457,engaged
38.408985,0.057673775,36.41572,38.352795,40.423317,4.007595,65.38404,123.05308,17.831635,5.813846,0.6020227,0.73034495,0.22542718,0.48167643,0.9673823,0.74195516,9.464715,5.305231,5.1186604,2.565327,0.37512386,0.9416592,20.243696,0.8793695,14.63341,1.0955079,-0.6666481,-22.21387,-18.642212,-0.9818098,0.0151562,0.7627676,1.1990281,0.7290904,10.018096,0.37692297,13.785614,0.67871135,33.939392,0.30373952,780.74445,0.21696942,1344.4575,0.15849431,-79.56344,-1.0314114,1897.3141,0.10075836,1109.8271,0.24928734,-84.80177,-0.83178616,2959.5625,0.069263294,1017.71875,0.29199123,-86.56446,-0.80018854,-21.198494,-0.51092565,31.789877,0.3879153,0.0600094,0.31341308,-0.026197283,-0.6014913,0.46702215,0.78170705,26.088207,0.49669892,17.169851,0.8562975,0.20136335,70.57753,-21.852346,-0.74955875,-1.7848625,12.062461,0.044366334,0.0027061773,0.13227685,2.972973,2.4725275,0.2777778,0.29731306,0.10666667,0.07287736,-17.062387,9,3-2,93,SPEAKER_02,1891.933333,1903.433333,1894.97534375,1903.433333,6,3.716114249999009,engaged
38.544872,0.11501618,35.7089,37.074642,42.72144,7.012539,109.55196,163.34363,59.054256,93.44631,0.9300486,0.7022808,0.36177522,0.7864932,1.4970409,1.1352656,10.631817,6.8060675,7.4843454,3.7440178,0.50161797,0.7405689,21.905441,0.7734459,5.7050695,3.3397098,-2.085009,-8.110075,-19.00858,-0.9045086,0.023542559,1.4996307,1.0701544,0.694721,9.084603,0.41329005,8.712956,1.3178746,26.95362,0.5646377,779.4616,0.24994491,1340.5343,0.18918121,-50.427948,-1.4796103,1866.6653,0.13777073,1090.503,0.3100331,-58.296825,-1.120442,2899.596,0.08490382,1028.3262,0.30741355,-61.647415,-1.0317694,-15.667089,-0.7437963,27.538143,0.4709772,0.062198337,0.34354007,-0.02107404,-0.75198144,0.5702309,0.63503796,25.057907,0.57764065,4.8876715,3.9567833,-2.364023,-7.53229,-22.760479,-0.70162964,-7.1058464,16.045883,0.042924896,0.0030610973,0.2119656,3.0852995,1.8231542,0.438,0.26490754,0.103529416,0.0654344,-17.735722,9,3-2,94,SPEAKER_02,1903.466667,1919.633333,1903.466667,1914.4997187500005,1,11.033051750000595,disengaged
43.250717,0.062153332,42.439407,44.173683,44.97292,2.533512,16.25649,11.495291,19.006609,16.006681,0.60590297,0.9110708,0.1778237,0.44484627,0.8548237,0.67700005,10.437734,5.938487,6.5427775,4.629377,0.22749993,1.0219252,11.062421,0.9703638,3.31466,4.1395836,6.6758685,2.6314597,-33.72481,-0.5429189,0.016249152,0.93726563,1.2182641,0.70184654,10.227214,0.39848185,11.556813,0.78444743,11.5825205,0.94064826,841.293,0.18878156,1243.4762,0.17857781,-37.688713,-1.5436517,1948.985,0.1033009,768.10406,0.5086345,-45.97683,-1.0595593,2904.1182,0.06966144,891.52966,0.43227565,-40.625263,-1.2353692,-11.884061,-0.72426385,19.51908,0.4719908,0.06605227,0.3122181,-0.0130355,-1.2306113,0.2454551,0.9644287,11.584818,0.87410355,2.1769953,6.1420507,7.0133357,2.5486426,-37.273342,-0.4364098,-7.60576,15.057482,0.0447584,0.008563162,0.103212826,4.304636,2.027027,0.4333333,0.41623977,0.045999996,0.011999999,-24.895338,9,3-2,94,SPEAKER_03,1903.466667,1919.633333,1916.4572187500005,1919.49471875,1,3.0374999999994543,disengaged
41.262825,0.113263994,39.37521,41.45121,44.20638,4.831169,93.196976,101.175415,116.46018,112.86693,0.46492147,0.6810823,0.17046607,0.41029537,0.73977184,0.5693058,6.800592,4.815575,4.222444,2.1563706,0.17701803,0.86260927,17.684845,0.73415095,5.153475,2.7176323,2.589226,7.256986,-33.62804,-0.59091556,0.031056307,1.6208621,1.1333399,0.8032332,9.76351,0.4054129,13.390295,0.7570191,23.071817,0.50168717,814.67535,0.20751964,1286.783,0.16649447,-48.059605,-1.4200528,1929.3407,0.107533574,932.7097,0.3722249,-55.234543,-1.0833706,2933.8577,0.06962351,886.1045,0.42519432,-55.10829,-1.0861846,-16.800764,-0.48393196,25.6286,0.38907987,0.06770552,0.39572704,-0.022495558,-0.72947365,0.18978952,0.8209135,19.470512,0.5259467,4.848144,2.9196754,1.9186883,9.734902,-36.082733,-0.5340625,-8.544238,17.594885,0.05610296,-0.0065624476,0.119643345,3.7924154,2.0283976,0.406,0.32894373,0.09142857,0.0804325,-26.299086,9,3-2,95,SPEAKER_03,1919.666667,1940.0,1920.37221875,1930.68284375,6,5.028749999999263,engaged
42.037983,0.1415357,37.37318,43.34444,46.19689,8.823711,144.59734,114.14421,74.83945,62.32656,0.35522458,0.57782847,0.1240163,0.36805108,0.48877567,0.3647594,4.8171067,2.9057608,2.2493873,1.7621754,0.1354454,0.7581376,20.889292,0.3208124,-3.9557893,-3.330754,-4.152523,-5.567621,-29.99322,-0.5357417,0.047000896,1.6921171,1.4588543,0.8337348,8.2301035,0.62274957,8.971835,1.1781019,21.620628,0.42378658,790.83417,0.19774488,1297.9624,0.2021299,-35.772076,-1.7287519,1872.7789,0.11785714,1052.7563,0.4139101,-45.16501,-1.1470869,2882.3079,0.060672443,863.9091,0.2780372,-47.606926,-1.0567548,-13.584702,-0.63220537,26.003862,0.32949543,0.07218457,0.26949772,-0.014229321,-1.357212,0.15193096,0.67631906,22.179897,0.27513373,-4.0620904,-3.3586993,-6.705396,-3.3164523,-32.33139,-0.4554367,-7.961047,18.57541,0.051348604,-0.0011780425,0.059043434,3.3557048,2.8169014,0.305,0.12298374,0.06,0.04,-31.552534,9,3-2,95,SPEAKER_02,1919.666667,1940.0,1932.0834687500003,1937.82096875,2,1.5018749999996999,engaged
43.30222,0.09075757,40.43048,43.60325,46.446075,6.0155945,52.45812,68.89458,45.55738,32.432568,0.91279876,0.7742485,0.29629415,0.78424644,1.2634702,0.967176,9.889391,4.556984,7.6342597,5.3813562,0.43067485,1.3492321,12.622688,0.8327767,-4.4079785,-2.5132537,-8.777605,-1.6028093,-45.21114,-0.40790668,0.015574827,1.2629135,0.91557115,0.848137,10.061246,0.3830303,13.459975,0.806189,22.083994,0.49126124,819.72894,0.17147358,1211.1807,0.19498181,-46.469208,-1.7081555,1925.1278,0.11886115,885.66815,0.45348197,-56.354683,-1.2115369,2935.577,0.055880755,861.0897,0.36568344,-56.325813,-1.2093222,-10.379326,-0.6160299,18.843124,0.44088227,0.075364314,0.28758892,-0.021593861,-0.79153746,0.50350356,1.2396256,12.931098,0.7003149,-6.797163,-1.5759265,-10.307045,-1.3284397,-49.34052,-0.32196745,-7.7791953,15.332919,0.05416456,-0.02002899,0.1584589,2.444988,2.238806,0.34777778,0.30907667,0.08625,0.05313603,-18.083199,9,3-2,96,SPEAKER_02,1940.033333,1946.933333,1940.13284375,1946.39346875,5,4.1006250000007185,disengaged
42.727894,0.12136136,39.505405,42.292637,46.497448,6.9920425,71.96078,52.38548,57.392666,48.023254,0.7139562,0.920319,0.11449087,0.49452367,1.2967153,1.1822244,8.897807,3.5307,8.529824,7.194976,0.31414068,1.123953,11.915411,1.3256059,-2.2649767,-6.2404537,-5.523912,-3.3658862,-27.110527,-0.85468537,0.024371825,1.480456,1.029585,0.80737245,9.786074,0.46923307,11.328631,1.0043148,20.864916,0.5616926,860.8476,0.18982403,1219.1952,0.19816169,-65.780975,-1.3465031,1931.7961,0.10037818,921.9333,0.4991093,-71.81285,-1.0975672,2931.0383,0.06627595,859.2029,0.2968978,-72.80494,-1.0757898,-11.676809,-0.7142508,21.596409,0.4109786,0.06879469,0.41161898,-0.024582883,-0.7310467,0.41858497,0.8697263,17.12068,0.5945575,-7.3679423,-1.7469187,-8.49461,-2.2455766,-36.266273,-0.5171156,-4.2898874,11.492301,0.037134472,0.006939803,0.057568714,2.5145068,1.9569473,0.35599998,0.22725317,0.16875,0.13769871,-21.109562,9,3-2,97,SPEAKER_02,1946.966667,1961.2,1947.06846875,1961.2,5,5.187781250000171,engaged
44.660748,0.09378166,41.194656,43.54993,48.57876,7.384102,63.21397,64.14692,46.329006,37.912388,0.90246385,0.6207062,0.38778037,0.86533326,1.3250304,0.9372501,8.834675,5.0707755,8.086135,12.635439,0.37282017,1.0740575,15.720666,0.7273719,-2.3957279,-4.451214,-17.088434,-1.0188828,-45.07003,-0.37181747,0.019042818,1.6208185,0.8098947,0.9331419,12.313368,0.3461414,11.645296,0.93831456,24.259779,0.67950124,829.75995,0.2295356,1264.157,0.21179193,-46.11335,-1.6936686,1913.3658,0.15798263,1027.8088,0.43292007,-53.63132,-1.197895,2953.6987,0.06927201,898.1722,0.33381727,-56.192684,-1.1173643,-13.058122,-0.5408077,25.755362,0.37319297,0.06607342,0.41225997,-0.026494345,-0.5752891,0.41883907,0.9482922,17.332869,0.55176806,-3.7092488,-2.8141537,-19.793661,-0.8496598,-49.267372,-0.27087405,-5.4311876,14.346949,0.05326222,-0.008378102,0.1564291,2.0442932,1.5463918,0.5288889,0.4548124,0.09777778,0.088163696,-17.485617,9,3-2,98,SPEAKER_02,1961.233333,1974.2,1961.233333,1968.38159375,3,5.8826357500001905,disengaged
44.561577,0.091478966,41.505535,44.500263,48.44655,6.9410133,23.788012,11.388799,31.216963,19.608566,0.6620356,0.60285777,0.28493848,0.6187732,1.0495334,0.7645949,7.5427423,3.6771474,4.825272,2.712218,0.26887646,0.98921394,11.389464,0.7793695,2.8301935,3.3610613,3.4492056,5.4253416,-44.80201,-0.38135514,0.015341276,1.4599034,0.8887837,0.90009797,11.66234,0.35946757,13.208348,0.7246211,12.9486475,1.0754005,800.41364,0.2401211,1289.7748,0.24211544,-41.178566,-1.5080286,1959.0001,0.13090678,797.15564,0.55780077,-48.889862,-1.0620062,2913.6035,0.07045642,891.7469,0.2793486,-43.61112,-1.2266873,-12.914431,-0.51728207,19.767021,0.46151403,0.08355448,0.3104556,-0.026861265,-0.55608433,0.29573765,0.914518,12.31766,0.68929076,1.8183898,5.2262807,2.2264593,8.647696,-48.46152,-0.2919088,-8.849672,14.7353,0.066336274,-0.003528637,0.09717029,3.3185842,1.7937219,0.48375,0.2999974,0.06,0.04174754,-21.471912,9,3-2,98,SPEAKER_03,1961.233333,1974.2,1968.38159375,1974.2,4,4.535906249999698,disengaged
39.917793,0.2150362,32.3955,40.41037,47.407715,15.012215,59.230015,36.72842,-40.50419,129.17914,0.64476657,0.99920416,0.26138568,0.5488165,0.7805004,0.51911473,10.403486,7.658467,-1.5628666,3.5107985,0.33124644,1.6903182,12.95372,1.281268,-0.12884426,-67.79197,-0.7515687,-22.348816,-40.735462,-0.37802905,0.031844463,1.7169163,0.9781612,0.7653648,8.108192,0.6550529,6.685559,1.740235,18.642311,0.83572876,816.80554,0.2167298,1208.6187,0.17926812,-50.48808,-1.5776123,1915.8734,0.10930773,889.47296,0.40387645,-59.66454,-1.1663724,2954.3164,0.06344297,841.1881,0.33125523,-59.432594,-1.1691636,-12.313472,-0.797446,19.430447,0.60757744,0.07727222,0.2698426,-0.025710844,-0.79973996,0.38229883,1.6465179,16.247957,0.8642371,-0.754307,-12.325912,-2.0899897,-8.577619,-41.874336,-0.33409175,-0.42308015,6.286172,0.06959634,-0.009403297,0.14741889,2.3809526,2.955665,0.255,0.3045625,0.06333333,0.022110831,-18.424517,9,3-2,99,SPEAKER_03,1974.233333,1980.3,1974.233333,1976.86971875,2,2.1132607499998812,engaged
36.740185,0.112969875,34.02367,38.69052,39.75809,5.734421,86.07295,116.49352,88.20225,80.00309,0.7255535,0.67672,0.26223603,0.5883974,1.23378,0.971544,12.651044,6.354281,8.960454,3.8906398,0.68285584,0.87432027,29.217064,0.43592188,16.060492,0.72787035,1.8341658,8.011291,-13.285634,-0.76824343,0.0425746,2.0832756,1.4383212,0.6102766,9.580741,0.32606855,11.848081,0.8216428,35.094402,0.2777318,753.5121,0.24823533,1443.8468,0.1676829,-60.608147,-1.2514433,1875.3607,0.12057669,1129.0408,0.22768596,-67.668365,-0.9621529,2959.7847,0.08904919,1081.8274,0.20240133,-72.17989,-0.86571777,-23.167736,-0.32833168,34.660492,0.21124057,0.06287033,0.28296217,-0.02909143,-0.45365003,0.8395517,0.686134,32.772793,0.26284266,13.325398,0.8542858,0.74686646,17.88076,-14.943842,-0.6349316,-18.017416,25.672268,0.055025246,-0.016617855,0.23379138,4.929578,2.919708,0.26,0.14882876,0.08,0.016329931,-15.37507,9,3-2,99,SPEAKER_02,1974.233333,1980.3,1978.84409375,1980.27846875,1,1.4343750000000455,engaged
39.93004,0.15812725,35.754467,37.77266,45.20896,9.454494,145.58565,181.3998,277.43454,751.2242,1.065954,0.8926677,0.27596888,0.84605765,1.5955294,1.3195605,14.5785,10.60344,12.054384,11.200674,0.7643107,1.0318158,21.22008,0.8709362,10.127638,1.5312362,-4.9433928,-3.4122033,-21.010353,-0.9104496,0.023800576,1.3303243,1.1398268,0.727698,9.098567,0.43548578,10.355707,1.0581781,28.82382,0.6249384,801.5206,0.2580333,1337.5588,0.21323971,-69.46613,-1.1988418,1872.409,0.13342163,1157.8213,0.33202544,-73.974915,-0.9720222,2950.6538,0.08268935,1014.2833,0.2994373,-77.78107,-0.8989944,-17.101772,-0.63075703,30.38719,0.4351623,0.066421404,0.38303995,-0.026281072,-0.5820834,0.95449543,0.8233306,25.440125,0.63654226,8.856643,1.8281504,-4.325459,-4.0731688,-26.945618,-0.59882003,-7.1459594,17.825962,0.03854517,0.0027528463,0.24091245,2.918288,1.9607843,0.3695,0.33690467,0.12578946,0.1204516,-13.73951,9,3-2,100,SPEAKER_02,1980.333333,1994.0,1980.61596875,1991.38221875,2,10.293750000000045,disengaged
39.104034,0.088714175,37.08297,38.735954,40.708412,3.6254425,42.25607,21.383156,53.095634,22.68485,0.39765662,0.7417472,0.13005403,0.36139438,0.62521124,0.4951572,7.960818,7.1569133,3.4981914,3.2896328,0.1522506,0.92531633,17.360144,0.68113357,6.5499096,2.0689776,12.642885,1.4776347,-35.613087,-0.5094007,0.021933662,1.3380742,1.3319112,0.6521646,9.282776,0.2704021,11.919771,1.0294361,22.476023,0.40190217,682.9402,0.2512373,1288.5956,0.14266574,-54.748505,-1.4282438,1864.7091,0.12125529,859.6282,0.5554096,-61.7248,-1.0911623,2801.8457,0.08497212,931.7574,0.4397702,-59.659992,-1.1446085,-14.268145,-0.47418088,20.8251,0.46936446,0.070721366,0.36284113,-0.02973388,-0.47738236,0.17515671,0.663996,19.628277,0.5324486,5.0479703,2.867596,13.364501,1.4595586,-41.433323,-0.3437402,-7.9645987,14.133835,0.030336829,0.010530788,0.019173784,4.8128343,2.777778,0.276,0.07914543,0.082499996,0.058470078,-28.26776,9,3-2,101,SPEAKER_03,1994.033333,2002.533333,1994.033333,1996.41096875,4,1.8882607499997448,engaged
46.15579,0.07331968,43.250275,46.396713,48.43007,5.1797943,43.865948,13.676108,99.48769,129.2545,0.34507468,0.7026441,0.09378732,0.3066205,0.58125526,0.48746794,7.7313385,5.5963707,4.3659883,1.3090246,0.17686166,0.8617732,20.828379,0.50608915,6.8823104,1.7367643,2.2554529,5.7522035,-29.275703,-0.70149386,0.022698272,0.79400086,1.3148206,0.9909155,11.840968,0.32424414,16.116959,0.5582227,17.519966,0.68645775,852.5603,0.18854718,1216.198,0.17305513,-77.67223,-0.9684876,1951.165,0.112195306,929.1784,0.48661894,-78.94548,-0.863262,2947.9207,0.06432842,965.7473,0.30584213,-79.4132,-0.8574281,-19.897438,-0.35142916,29.26586,0.3427463,0.093749136,0.24927057,-0.023336247,-0.66676235,0.23664106,0.6438575,22.626371,0.3477791,2.2034624,5.1002417,-1.0965402,-12.009766,-38.396923,-0.36860728,-14.863162,22.025925,0.046023976,-0.002730283,0.057891645,5.1282053,3.6697247,0.19,0.080622576,0.08,0.07118052,-26.703365,9,3-2,101,SPEAKER_01,1994.033333,2002.533333,1995.97221875,1998.3009687500005,4,1.1812500000016826,engaged
47.16767,0.1283478,42.63947,46.40255,53.960354,11.320885,236.54852,457.34256,41.86136,40.739677,1.0321437,0.82991683,0.31631953,0.7602107,1.6684128,1.3520932,10.609103,9.114194,5.4317436,3.629975,0.5130774,1.2443846,9.229878,1.225314,-2.6905491,-5.6561756,-9.564839,-2.1056597,-43.781258,-0.45921895,0.018810933,1.4856409,0.85497123,0.7551325,11.140685,0.40269858,13.43811,0.79348296,15.906214,0.7828523,877.4346,0.19580829,1179.1759,0.19208293,-40.536926,-1.6937492,2001.172,0.11161759,904.609,0.45399234,-48.090675,-1.16955,2948.8984,0.06485116,873.40393,0.4260185,-46.036377,-1.2191787,-10.940249,-0.75793815,20.69646,0.39128026,0.057199948,0.4977512,-0.023458736,-0.78888404,0.56418735,1.1737583,9.333717,1.1395462,-4.443736,-3.3333347,-10.830552,-1.8956801,-46.288445,-0.40002045,-8.460472,14.674102,0.05830599,-0.014338146,0.13377859,2.238806,1.5023475,0.5725,0.5803717,0.09583333,0.07170057,-15.479061,9,3-2,102,SPEAKER_02,2002.566667,2037.833333,2003.66721875,2035.03784375,7,10.732499999999163,disengaged
43.028103,0.07037292,41.626938,43.950153,44.788185,3.1612473,69.13522,83.456024,1.5971088,16.958408,0.61665773,0.6064576,0.24148786,0.6239414,0.9422445,0.70075667,9.291706,4.798917,7.3399725,3.3873625,0.19648357,0.8006856,10.270991,1.039687,-0.25834364,-46.281845,7.557385,2.3743489,-36.674343,-0.45391518,0.021376854,1.6380715,0.99802023,0.6352648,9.45559,0.37994307,13.090639,0.723539,13.25123,0.8448753,784.7034,0.23078825,1310.8453,0.17920144,-50.900055,-1.402236,1890.2578,0.10732036,814.10333,0.48741665,-54.613335,-1.1086925,2875.8953,0.07560399,926.9271,0.39574814,-49.5794,-1.2566574,-8.596586,-0.83292925,16.172367,0.57223403,0.06264235,0.26508948,-0.014498018,-1.0611223,0.21595274,0.7650119,11.410873,0.8126821,-1.8299353,-6.368858,6.3881845,2.8058531,-40.12481,-0.39204046,-2.4578962,8.735931,0.054817334,-0.01166008,0.119651705,4.316547,2.9411764,0.27375,0.24884419,0.061666664,0.038042374,-26.46128,9,3-2,102,SPEAKER_03,2002.566667,2037.833333,2035.03784375,2037.833333,1,2.795489249999946,disengaged
40.655518,0.12494012,38.235394,41.355957,44.494026,6.2586327,89.05823,154.15318,89.98415,109.34036,0.55779886,0.64118624,0.18883371,0.5419094,0.85818845,0.66935474,6.492715,3.182356,6.149667,3.1680052,0.19279362,0.74054265,15.735053,0.92412674,7.1129665,1.7873392,5.0554895,3.3333135,-36.825607,-0.48998085,0.021338537,1.3070457,1.0706091,0.9020476,10.532208,0.3376282,12.261698,0.5779785,19.393362,0.60120904,837.50244,0.17758727,1273.0635,0.16394424,-45.443005,-1.4005092,1963.2952,0.11130905,897.00073,0.47297853,-53.67566,-1.041543,2934.682,0.06745344,807.2358,0.30530432,-51.35381,-1.107035,-15.931934,-0.45236427,23.381824,0.38611448,0.06711672,0.31795734,-0.022507533,-0.8450332,0.2148288,0.65325654,18.095861,0.5195626,5.859853,2.1914759,5.7907176,3.0444772,-40.05485,-0.41927806,-3.4107873,9.8077135,0.055993788,-0.0025753146,0.06337362,4.056795,1.8480493,0.45777777,0.39874187,0.08,0.071514234,-25.304184,9,3-2,103,SPEAKER_03,2037.866667,2050.033333,2039.40846875,2046.93471875,4,4.944375000000036,engaged
36.88333,0.1407441,34.23529,37.76587,38.982178,4.746887,215.12001,195.88799,32.51437,21.596954,0.6923722,0.73929644,0.21976596,0.554411,1.0584905,0.83872455,9.817952,5.9226427,6.4631953,3.0035577,0.39120746,0.864605,23.667551,0.8547194,8.884715,1.7693778,2.1475348,7.569629,-16.421335,-0.8905735,0.022087738,2.0967152,1.0777422,0.79454786,9.913212,0.40618622,9.554575,1.3302437,30.866173,0.41296062,757.7122,0.25456646,1388.1294,0.16606508,-69.18866,-1.1909032,1838.1173,0.1355355,1235.3805,0.28736612,-76.250175,-0.95821124,2913.36,0.089191996,998.5787,0.26495984,-80.609085,-0.8700709,-19.403126,-0.57259506,33.011448,0.31468314,0.0590052,0.3711172,-0.020365441,-0.69477713,0.48002905,0.6650288,31.417309,0.35519022,7.8799224,2.1292899,-0.03150587,-520.67426,-17.825502,-0.8226666,-2.1469173,10.941967,0.041547477,0.00068138406,0.1714582,3.6789298,1.7006804,0.422,0.536,0.12,0.066583276,-18.133022,9,3-2,103,SPEAKER_02,2037.866667,2050.033333,2044.97721875,2049.90471875,5,3.003750000000764,engaged
40.756332,0.14473388,36.238617,40.54327,44.44586,8.207245,394.2379,664.39764,128.17455,194.66936,0.76819474,0.9724202,0.19880378,0.6204458,1.1111495,0.91234577,14.345134,12.830813,9.317901,10.089761,0.47597,1.351675,19.253538,0.8467693,5.1572733,3.0719795,-2.1304908,-8.391241,-25.673702,-0.77553946,0.02839828,2.1464205,1.2481931,0.7763272,9.027835,0.48799327,10.865264,0.8646997,25.836048,0.551824,809.21936,0.23374581,1311.8777,0.2339196,-68.10995,-1.221861,1888.7815,0.12920061,1073.3877,0.35590425,-72.73172,-0.9941797,2934.4033,0.075871885,947.9159,0.35884467,-74.6879,-0.95078707,-14.462224,-0.7777044,26.136694,0.5010367,0.06256916,0.36739758,-0.019864907,-0.8567793,0.51787806,1.1148825,21.642548,0.70164305,4.112751,3.9377646,-2.5509973,-7.4691005,-30.425768,-0.6276625,-8.442276,17.6215,0.04217163,-0.0040656077,0.36456195,2.7089336,2.7745667,0.25645834,0.21790181,0.09022727,0.09205947,-17.648394,9,3-2,104,SPEAKER_02,2050.066667,2097.066667,2050.44471875,2093.4590937500006,11,17.364375000002838,disengaged
41.90922,0.047060013,40.01937,41.713097,43.851902,3.832531,25.600433,1.334561,20.48197,5.366678,0.5577323,0.82890546,0.045774303,0.5182364,1.0418066,0.9960323,6.070867,4.563182,3.8641543,1.0820328,0.19628617,0.92583734,2.8856547,5.0221214,17.627054,0.7814623,6.619812,2.3125017,-27.038273,-1.0278375,0.0120677445,1.7758865,0.75580186,1.1459581,11.561832,0.27107862,16.659847,0.4198169,14.277668,0.6167456,858.1075,0.16876571,1285.8536,0.13678402,-92.82454,-0.906179,2068.6873,0.10092518,706.7782,0.52845776,-94.84861,-0.8240125,2946.9414,0.06367736,872.03955,0.23408142,-89.52058,-0.9190332,-13.374639,-0.51764286,18.58813,0.43161517,0.06416587,0.29830667,-0.023773456,-0.7134894,0.29551405,0.5022244,9.7206955,0.9688607,10.979952,1.0966603,13.446751,1.0126815,-43.835632,-0.45405194,-3.9706724,9.811481,0.03435738,0.009442349,0.030400857,2.0833335,2.1505377,0.285,0.1622498,0.21,0.24097027,-23.473236,9,3-2,104,SPEAKER_03,2050.066667,2097.066667,2095.1297187500004,2097.066667,1,1.9369482499996593,disengaged
38.40103,0.10952448,35.914272,39.53071,41.19085,5.276577,139.8976,123.67465,73.06556,88.444046,0.5412955,0.8400694,0.094498254,0.4696394,0.9292004,0.83470213,7.8810353,4.1226025,5.1874294,3.1072783,0.17337157,0.9983231,14.656134,1.2437774,5.6082935,2.8394186,0.26249918,56.866596,-25.325916,-0.8480925,0.025974277,2.6640277,0.9210552,1.0387406,10.332809,0.40864474,7.252556,1.491608,24.431591,0.4998273,731.5206,0.24840528,1325.4633,0.1569368,-73.2464,-1.2072302,1841.7063,0.13759044,1057.0608,0.36376482,-76.13174,-1.0242987,2858.721,0.08908154,939.6678,0.4156553,-77.843346,-0.9855216,-15.429434,-0.6447343,24.19889,0.46011648,0.058474917,0.31378096,-0.028518625,-0.61383986,0.2267667,0.7523536,22.399755,0.5446552,2.4430869,6.726086,-1.7505114,-8.835472,-33.52567,-0.54924726,-0.604275,6.476706,0.03349029,0.007852227,0.04788368,2.7891715,2.0593083,0.33159998,0.21796659,0.13708332,0.120812505,-25.052248,9,3-2,105,SPEAKER_03,2097.1,2117.366667,2097.1,2111.7009687500004,4,12.20471875000112,engaged
35.99446,0.08190411,34.234756,35.83833,38.47752,4.2427635,125.38153,118.43571,14.444715,7.0723715,0.5795052,0.7049452,0.14354932,0.564654,0.9097893,0.76624,12.125113,8.05686,5.894684,4.7686677,0.43360624,0.90130746,31.27568,0.45475212,14.815644,0.75312096,2.0668044,7.2591653,-13.348228,-1.1024536,0.025024278,1.7394812,1.2576923,0.726616,9.733808,0.28743404,13.483506,0.6842061,39.853313,0.2753045,711.7698,0.32434162,1438.9393,0.17917225,-63.549763,-1.2372191,1803.1915,0.17161497,1249.0087,0.22469129,-73.28479,-0.9255914,2923.2725,0.10045499,1143.7762,0.30591944,-79.10136,-0.8115094,-22.498209,-0.4119303,37.627308,0.2564783,0.0645126,0.33435377,-0.023933982,-0.62128514,0.5329028,0.7246131,36.259632,0.3073692,15.619404,0.76081806,1.0462749,15.921586,-17.120192,-0.7765947,-13.389006,21.207552,0.02241131,0.0060899244,0.1274876,4.074074,2.6515152,0.27857143,0.2230585,0.11,0.050596442,-19.47387,9,3-2,105,SPEAKER_02,2097.1,2117.366667,2114.43471875,2117.366667,2,2.7125732500003323,engaged
36.358944,0.06393391,34.547,36.67413,38.192528,3.645527,156.60588,183.13977,11.441127,10.59886,0.56547505,0.49859762,0.26397005,0.6219081,0.79085207,0.52688205,9.100181,4.4635024,6.437973,3.72135,0.33581147,0.7734156,32.253654,0.28426468,16.980173,0.55706453,1.6378589,7.9815817,-11.9151325,-1.1524163,0.017592466,0.8285347,1.1910774,0.69432086,10.486909,0.24259235,12.92988,0.5320041,35.986973,0.23374026,779.7122,0.24030598,1417.0691,0.14331074,-42.132824,-1.3926889,1889.3016,0.12805277,1226.299,0.24453941,-55.791233,-0.900015,2977.979,0.06681683,1032.7148,0.28307155,-60.70489,-0.7885714,-23.14292,-0.2892836,36.76215,0.19858544,0.04991006,0.42162773,-0.02384859,-0.5570026,0.35553664,0.6569586,33.25481,0.25277638,17.194921,0.5543056,1.9704715,6.778204,-13.52541,-0.98037094,-15.46185,26.53532,0.02674998,-0.0010113267,0.22643743,4.761905,1.9417477,0.445,0.24431878,0.09666667,0.018856179,-20.127695,9,3-2,106,SPEAKER_02,2117.4,2120.566667,2117.4,2120.566667,1,3.1666669999999613,disengaged
35.531128,0.02512479,34.933907,35.91543,36.150024,1.2161179,59.28629,32.418243,2.197115,7.7457104,0.45843557,0.7469614,0.077682525,0.42380896,0.81889665,0.74121416,7.796604,2.7358596,6.444943,4.063196,0.2931475,0.94449574,25.63796,0.720554,15.327364,0.72849274,4.2352276,2.8548942,-8.226161,-1.5936023,0.015177517,0.6782495,1.3062019,0.87523115,9.847595,0.28338718,12.880751,0.5290604,38.568417,0.20947069,751.97565,0.28931046,1469.4761,0.19734628,-84.86261,-0.9974433,1830.0853,0.1659187,1241.955,0.19494379,-90.00253,-0.8341639,2996.7126,0.089723244,1186.2366,0.26077318,-96.01463,-0.7350095,-20.060123,-0.47418088,35.732166,0.3238904,0.059245266,0.37195167,-0.02051747,-0.54981446,0.38746336,0.642515,36.09556,0.31770948,15.841718,0.69026685,3.1779685,4.4241633,-13.07621,-0.8894033,-9.036478,16.333817,0.032120828,0.015016579,0.10272282,4.761905,3.0303032,0.21,0.13589211,0.099999994,0.050990194,-22.115654,9,3-2,107,SPEAKER_02,2120.6,2122.0,2120.6,2122.0,2,1.0625000000004547,engaged
36.510723,0.104393564,35.063435,35.84,37.053856,1.9904213,81.2772,28.90095,26.966936,3.2512283,0.48818722,0.61658376,0.15634227,0.47278437,0.7555824,0.5992401,4.801394,1.3738384,3.1637747,1.8565911,0.23149027,0.8257916,23.773104,0.9018627,22.46452,0.40679583,9.818903,1.4262279,-8.581441,-1.6576893,0.0129429195,1.2092729,0.839431,0.93862295,11.243361,0.30407795,13.775185,0.5764959,37.35983,0.43463135,734.6299,0.26176086,1498.2773,0.20500158,-88.149414,-0.9454646,1875.5363,0.13388604,1224.2277,0.3091965,-94.46059,-0.7636508,2950.5237,0.08416218,1117.2183,0.19260107,-95.58635,-0.7305134,-24.135784,-0.5741883,36.120197,0.44296688,0.058280107,0.42781743,-0.02237377,-0.69643325,0.28055596,0.6435737,31.71153,0.6121231,24.126291,0.34983984,9.627348,1.531872,-11.5410385,-1.2554302,-8.882372,14.235839,0.01965116,-9.7010095e-05,0.111757986,3.0567687,3.1390135,0.20285715,0.19695644,0.13,0.1558204,-20.639921,9,3-2,108,SPEAKER_02,2122.033333,2124.333333,2122.033333,2124.333333,1,2.300000000000182,disengaged
36.423977,0.11012212,33.979248,36.79419,38.276646,4.2973976,590.2077,502.84882,32.928047,26.409044,0.5403563,0.8332515,0.16246009,0.3980092,0.9007958,0.7383357,10.230464,4.9954433,6.38921,4.2271423,0.38243857,0.9752507,25.3911,0.78101426,15.829614,0.7978886,0.8589609,17.35384,-9.655698,-1.8264059,0.02669252,1.5752934,1.3884858,0.7698548,9.185868,0.42392355,10.185265,1.0089537,36.096947,0.35239273,798.29364,0.22966243,1358.8936,0.1814676,-74.05286,-1.0996307,1887.1306,0.123925775,1208.9862,0.2224546,-84.37232,-0.8319215,2972.807,0.072651535,1086.4135,0.3032793,-88.29353,-0.7646684,-22.191694,-0.4982392,36.37275,0.3362239,0.053965796,0.4111891,-0.02182676,-0.869313,0.49573836,0.7518745,32.18708,0.45649996,15.779851,0.81045896,-0.8141018,-18.781305,-14.286716,-1.1715071,-11.492662,20.694847,0.031086506,0.0062091164,0.13242164,3.3980584,3.2786887,0.206,0.14589037,0.09117647,0.08407855,-17.901337,9,3-2,109,SPEAKER_02,2124.366667,2156.733333,2124.366667,2156.733333,5,6.193541000000096,engaged
40.15371,0.0917415,38.16612,40.295155,42.690495,4.524376,96.78217,106.98513,93.513374,144.7061,0.6082322,0.7851032,0.15688032,0.49570286,1.0240259,0.8671456,8.592961,4.9469624,6.171402,3.0094986,0.21437488,0.982499,11.663108,1.6381173,1.5060341,10.510314,-5.405508,-3.5074975,-25.540146,-0.7061445,0.019696346,2.2237608,1.0950583,0.8062735,9.976407,0.39097843,7.406585,1.4092914,22.494072,0.55783975,759.86884,0.23721872,1353.7029,0.16286322,-63.89944,-1.3265247,1810.6748,0.14078319,1027.1584,0.35815075,-64.9794,-1.1598115,2845.5786,0.09324855,933.94336,0.37145352,-68.72285,-1.0547587,-11.049998,-0.844554,21.822845,0.47153434,0.059215896,0.3050103,-0.018344603,-0.9749627,0.26761878,0.7968383,18.541822,0.63812375,-2.2643483,-6.976184,-7.230386,-2.7112422,-31.053722,-0.5087044,2.8853853,2.9319744,0.042239822,0.0034207297,0.05720303,3.4729316,2.3638234,0.30826086,0.19741045,0.09863636,0.073502965,-24.67821,9,3-2,109,SPEAKER_03,2124.366667,2156.733333,2131.3434687500003,2152.11659375,3,9.804374999999709,engaged
39.029846,0.11141513,35.904835,38.96109,40.897766,4.9929314,565.91974,877.6811,45.68809,22.186916,0.64866555,0.7461327,0.17567879,0.56956017,1.1091027,0.93342394,8.239066,3.1587446,6.0445967,1.2862552,0.25858685,0.9306053,11.549148,1.7450169,2.9268134,5.8002114,-2.8857212,-6.6247196,-28.765236,-0.6272228,0.015558891,1.2524421,1.017144,0.7342704,8.626601,0.47326672,4.542099,2.8004806,22.672354,0.58139884,715.34985,0.26204312,1399.525,0.22143076,-70.35113,-1.2814639,1744.4503,0.14942478,1107.8586,0.30647328,-68.65016,-1.1722022,2809.217,0.088709876,930.33203,0.36666885,-72.63358,-1.0706841,-9.158616,-1.1630048,20.3784,0.5943824,0.0649654,0.32673976,-0.018872535,-1.1200887,0.29216573,0.6351078,16.837439,0.9036489,-1.0974042,-16.511686,-5.7484894,-3.4342272,-31.07154,-0.4778307,-5.3879237,12.116653,0.049195066,-0.008806615,0.19028017,3.3112583,2.3569024,0.29285714,0.1661079,0.111428574,0.086094394,-23.046215,9,3-2,109,SPEAKER_01,2124.366667,2156.733333,2137.23284375,2141.92409375,3,3.037499999999909,engaged
36.46635,0.09711021,34.354477,36.079178,37.992687,3.6382103,126.009445,148.67366,15.558305,19.131834,0.60567236,0.8387053,0.17935073,0.5068499,0.9004268,0.7210761,10.686832,5.137406,8.024454,6.0008807,0.39812145,0.93735033,25.932514,0.6559414,16.177082,0.8216155,2.1818612,5.833889,-8.703047,-1.8247476,0.022962382,1.0613664,1.3594296,0.7676041,9.315629,0.35706094,13.0710945,0.8587807,36.06966,0.3709433,749.0881,0.23975807,1416.843,0.19205984,-65.97835,-1.1954618,1861.807,0.11398786,1224.938,0.29350814,-76.78477,-0.89104223,2923.7637,0.08142962,1102.1544,0.30419388,-80.03174,-0.82995987,-22.341955,-0.4251811,33.76219,0.309989,0.06073848,0.38716164,-0.023642957,-0.70765793,0.49686256,0.7490987,31.686745,0.41347495,14.830418,0.92668545,1.7707319,7.629188,-13.454921,-1.0991383,-11.104814,18.630636,0.035292063,0.008914854,0.12000881,4.1322317,2.638889,0.2731579,0.17256738,0.099999994,0.091104336,-18.202585,9,3-2,110,SPEAKER_02,2156.766667,2164.3,2156.9765937500006,2164.3,2,7.272781249999753,disengaged
35.477108,0.084168464,34.32383,35.699734,37.82054,3.4967117,249.45154,292.76562,48.527317,83.52185,0.5695061,0.86841345,0.12173211,0.5001816,0.9134011,0.791669,9.9408865,6.4684205,7.774634,4.434784,0.38903412,1.0548536,25.517849,0.7695338,14.95711,0.9917806,0.2238815,65.17458,-8.88288,-1.6524245,0.026336463,2.0599587,1.3087198,0.8166758,8.804462,0.39738378,9.372555,1.3009845,35.714924,0.33542496,756.9898,0.24646086,1395.8862,0.15832071,-80.36531,-1.0733166,1835.7745,0.13635756,1235.9026,0.23696509,-90.05295,-0.8509376,2926.1704,0.08015306,1098.7008,0.29437733,-95.48708,-0.75649303,-19.630758,-0.6315812,35.23819,0.29324484,0.058486328,0.37265623,-0.01915564,-0.95411515,0.51814425,0.8171329,34.382908,0.36429504,11.592524,1.2998863,-2.1063242,-7.8041286,-13.795958,-0.92715526,-10.330557,17.812634,0.038212486,0.007351043,0.1552467,3.833866,3.2258065,0.1925,0.13239619,0.107777774,0.13878661,-18.25629,9,3-2,111,SPEAKER_02,2164.333333,2171.1,2164.333333,2171.1,3,6.277291999999761,engaged
35.77965,0.12595424,35.079582,36.916145,38.177322,3.0977402,111.50022,123.873276,54.024326,47.106747,0.60762143,0.7153854,0.21577896,0.49605113,0.9946827,0.7789038,9.795829,5.663614,6.883541,2.9920459,0.43989465,0.8557176,28.603165,0.4449431,13.122613,0.9550078,4.25048,3.7382262,-12.228175,-1.1853875,0.031194566,1.6957818,1.3479553,0.65505654,8.548174,0.4595643,7.8888526,1.5015292,31.888136,0.31439826,774.0777,0.24699502,1358.5264,0.1625172,-57.844433,-1.2955312,1865.1445,0.13533758,1114.097,0.2539075,-68.51077,-0.9558347,2936.858,0.08040549,1008.58234,0.29250896,-72.968376,-0.8609619,-21.770056,-0.41799074,33.63834,0.2767688,0.0560464,0.39151865,-0.022020916,-0.69321686,0.52231896,0.72423685,31.090555,0.3282913,13.4744625,0.89682144,4.090856,4.004263,-15.677457,-0.87615037,-13.573397,25.167969,0.038349975,0.003322369,0.17098646,5.0,2.5352113,0.29999998,0.18991226,0.072222225,0.027397396,-17.475096,9,3-2,112,SPEAKER_02,2171.133333,2177.9,2171.133333,2176.2478437500004,3,3.612635749999299,disengaged
38.381107,0.13740379,35.04359,39.06224,41.008034,5.964443,137.03522,117.71494,279.97675,807.8418,0.37269744,0.795248,0.10784128,0.28961772,0.59720826,0.48936698,5.552786,3.13783,4.1445203,1.9312124,0.12501843,0.9859798,16.15844,1.099388,8.370789,1.4684092,0.898969,18.538872,-23.523565,-0.8715706,0.022012752,1.7178326,1.0779362,0.8234305,9.498602,0.4323557,10.860015,0.9668365,27.357794,0.38396,731.53735,0.24568033,1366.4423,0.17021577,-70.551704,-1.2044475,1820.6482,0.13405395,1047.8481,0.36168474,-74.98139,-1.0008,2884.0225,0.07509107,920.8961,0.36987686,-77.68529,-0.94287425,-15.420035,-0.58974826,25.55736,0.41776043,0.061203834,0.36136776,-0.021023577,-0.9256219,0.15001048,0.83327043,21.684336,0.5916416,7.3099685,1.7132761,0.35919785,50.06431,-28.407745,-0.69090587,-4.557091,12.612717,0.0440143,0.0043446007,0.06411833,4.0037246,2.4321797,0.28538463,0.20707174,0.10074074,0.064974405,-28.77496,9,3-2,113,SPEAKER_03,2177.933333,2201.8,2177.933333,2198.3203437500006,5,10.751385750000736,engaged
37.134506,0.15028936,34.558174,36.19284,38.839687,4.281513,105.452324,159.88084,78.17787,93.85789,0.830914,1.0109006,0.19144946,0.5656835,1.2945797,1.1031303,10.561985,5.5057807,5.8975234,3.2412233,0.4952345,1.1459936,22.015434,0.9384692,8.886917,2.1557877,-4.2398953,-4.5932555,-8.897129,-1.8421763,0.022401234,1.8570508,1.1221325,0.82106876,8.944873,0.417026,8.026271,1.7619776,30.021194,0.48789716,741.79944,0.26336014,1385.0374,0.19436088,-71.315056,-1.2175616,1799.0924,0.13577484,1220.6217,0.27680564,-76.97823,-0.99571884,2885.4932,0.088172235,1022.2195,0.31723237,-82.49054,-0.87927127,-14.813844,-0.89577395,31.310925,0.3574734,0.054459773,0.41321957,-0.014123767,-1.2621282,0.6469888,0.9297186,29.759022,0.47199848,4.1521316,4.5169067,-4.944807,-4.2410307,-14.436367,-1.0166892,-6.719825,14.919987,0.03179748,0.007228782,0.13911794,2.3602483,2.503129,0.274,0.1975196,0.114999995,0.118801884,-15.555725,9,3-2,113,SPEAKER_02,2177.933333,2201.8,2183.28471875,2201.8,3,8.069656249999753,engaged
36.968384,0.09264207,35.56329,37.008137,38.31079,2.7475014,380.01346,511.32047,72.953606,83.22718,0.66293,0.67973655,0.2812645,0.6088098,0.9370325,0.65576804,10.745356,5.2581496,7.419673,4.1275,0.48414335,0.85202736,25.935911,0.7720643,14.208459,0.8731445,5.65234,2.4873016,-16.14267,-0.900244,0.028947044,1.608604,1.3799492,0.7268361,9.826383,0.34004584,10.200246,1.0646389,33.327988,0.29567948,775.1113,0.22230166,1408.2943,0.20700087,-65.68157,-1.1851522,1894.3064,0.13077085,1236.2566,0.2297551,-77.85296,-0.8494106,2933.8562,0.07621552,1036.8229,0.3193744,-79.91463,-0.80952924,-22.5104,-0.39337865,34.45214,0.29439834,0.057865653,0.42295876,-0.025190517,-0.5857,0.5971128,0.6857492,33.382805,0.37761265,13.427339,0.7754614,3.6086013,3.6355386,-19.540071,-0.71031183,-3.082397,9.568393,0.03352772,0.0052372105,0.16624908,4.679803,2.75,0.26454544,0.19759296,0.086,0.06873136,-17.083574,9,3-2,114,SPEAKER_02,2201.833333,2206.333333,2201.833333,2206.333333,2,4.078125,disengaged
36.642136,0.14612274,34.487297,36.702877,38.134098,3.646801,164.79546,144.26561,536.7356,1090.3892,0.7384792,0.7510204,0.2392723,0.62667143,1.219333,0.98006076,11.285908,6.5029635,9.271521,5.0733166,0.48097894,0.88035244,25.375011,0.6808979,10.84378,1.5066167,-1.5226173,-11.897923,-14.919588,-1.0945734,0.025197316,1.7499552,1.2471523,0.6884945,8.497419,0.4590077,10.300888,1.185948,33.553486,0.5116907,749.9042,0.25820947,1419.8159,0.19263488,-69.000755,-1.222553,1811.2094,0.14109772,1253.2046,0.24859554,-75.301125,-0.98764914,2908.3533,0.089863405,1080.2864,0.31666282,-80.38347,-0.87588924,-17.88984,-0.6455138,32.407425,0.36569685,0.06444769,0.35881442,-0.02232152,-0.69746953,0.59254265,0.70055026,30.380787,0.44764277,9.832017,1.7058814,-5.0128093,-3.5392246,-19.545944,-0.7601705,-10.857582,18.925354,0.037213553,0.0010266295,0.17482837,3.3661742,2.6424444,0.2653125,0.24704479,0.105,0.08982125,-18.021696,9,3-2,115,SPEAKER_02,2206.366667,2221.833333,2206.366667,2221.833333,6,12.192916000000878,engaged
33.166767,0.1834164,27.33184,34.893433,37.282516,9.950676,162.072,106.68286,85.43135,84.865135,0.6111851,0.6684981,0.28344226,0.49466863,0.94143915,0.6579969,7.715586,2.4681144,6.3387146,3.8574529,0.41376156,0.75427157,26.35369,0.6603077,16.615084,0.7360717,1.7052085,9.95296,-10.003718,-1.1573434,0.034894213,1.9865379,1.4415505,0.55794024,7.092255,0.48200363,15.528499,0.40128016,35.66942,0.35639372,757.5819,0.25430402,1390.2386,0.18336715,-67.947525,-1.2135181,1842.5063,0.14920406,1234.5841,0.32757613,-75.008514,-0.96998245,2908.7036,0.0984594,1034.2261,0.2368966,-79.81232,-0.8675498,-19.931576,-0.58653444,34.73695,0.3086038,0.05433791,0.40183574,-0.01787332,-0.8630542,0.5077631,0.6253866,31.980324,0.45901296,16.969542,0.7082947,1.0595194,16.911503,-11.530322,-1.1112256,-5.2827525,13.4413805,0.024623612,0.0015085536,0.19411367,5.882353,2.7027028,0.2625,0.16422164,0.0875,0.07790218,-19.457146,9,3-2,116,SPEAKER_02,2221.866667,2224.333333,2221.866667,2223.88596875,2,1.5468017500002134,disengaged
36.44351,0.101827554,34.656708,36.56421,38.37581,3.719101,152.66946,180.7753,67.48798,120.0637,0.71381617,0.78114134,0.20599085,0.6090392,1.128251,0.9222601,13.065693,8.358027,8.04608,5.3557634,0.49494737,0.96852225,25.938526,0.6866098,13.092237,1.1380442,0.51500946,32.05144,-12.995752,-1.3209355,0.023138363,1.6667949,1.2446265,0.76505685,9.116597,0.41070583,10.756225,1.1162345,33.9425,0.34874234,769.59033,0.23474155,1385.9641,0.18772192,-63.78834,-1.2446959,1862.9656,0.12268949,1169.3716,0.27305928,-74.07193,-0.9322336,2940.216,0.07895289,1034.6224,0.29040217,-77.965416,-0.85296506,-20.564678,-0.5059525,33.271366,0.32865357,0.06227922,0.37466884,-0.023380008,-0.74535114,0.59420323,0.8096538,31.508596,0.40058577,11.795293,1.2562121,0.123714246,139.6765,-17.577805,-0.8861607,-9.226849,17.447273,0.039693628,0.0034167892,0.20016594,3.3491836,2.7530534,0.26338345,0.2508628,0.09221239,0.07426018,-16.300707,9,3-2,117,SPEAKER_02,2224.366667,2340.466667,2224.44284375,2308.58159375,28,48.38062499999933,engaged
43.781403,0.13688144,39.90954,42.02671,50.534668,10.62513,77.6511,45.040924,681.933,702.8196,0.49566686,0.8064118,0.1263911,0.34814733,0.9186695,0.7922784,6.845133,3.1314592,5.1004734,1.9666176,0.23037924,1.1334428,3.4966125,6.3928175,10.452492,1.2594354,-8.867156,-1.157537,-25.628485,-0.92981964,0.027248954,1.6461065,1.1142567,0.99455607,10.830311,0.43253076,16.682306,0.9131841,25.62926,0.5598586,853.7177,0.1387874,1175.6984,0.15859783,-111.32605,-0.8325578,2006.0475,0.084554866,808.5759,0.37949884,-114.417625,-0.7328058,3012.067,0.055004135,908.32166,0.31360984,-115.47939,-0.7157616,-17.99202,-0.34749034,25.725569,0.3862148,0.07987725,0.26752323,-0.03645929,-0.47337118,0.3858162,0.6687876,18.127644,0.56468767,2.17631,5.3969946,-10.276014,-0.8957154,-43.141666,-0.32839516,0.9745993,3.9270425,0.04857508,-0.00049685314,0.08594481,3.0898876,2.5641026,0.18444444,0.1628299,0.2075,0.162769,-23.625195,9,3-2,117,SPEAKER_00,2224.366667,2340.466667,2229.4715937500005,2315.0615937500006,4,3.577499999999418,engaged
39.92665,0.202025,32.272198,38.2152,48.96632,16.694122,75.98741,64.042404,57.264748,51.03236,0.7475683,0.89529043,0.18516968,0.43255153,1.4823914,1.2972217,6.0170674,3.0756767,3.601057,1.9999806,0.33679557,1.5619556,20.85259,0.70908767,-3.8676374,-4.164116,-9.768284,-1.6260725,-23.96996,-0.58882916,0.01937409,1.9501252,0.98870474,0.76358974,9.25058,0.45641235,4.8466763,2.104808,22.802652,0.45953295,789.40894,0.25997436,1276.8472,0.2015656,-29.716694,-2.0675778,1802.2101,0.1467121,1023.6659,0.30756268,-38.34385,-1.4491867,2890.9448,0.0720309,910.7609,0.30087644,-46.685642,-1.1263771,-11.219599,-0.74462575,24.49078,0.4380145,0.072927736,0.46899655,-0.018331362,-0.8090589,0.37605157,1.4544015,21.948748,0.635494,-6.3276167,-2.3724594,-12.304847,-1.2055432,-27.463278,-0.4075374,-7.8718514,17.483698,0.031546865,0.011602759,0.08425771,2.9325514,2.0895524,0.41285712,0.37583107,0.051666662,0.030776974,-18.783617,9,3-2,117,SPEAKER_01,2224.366667,2340.466667,2258.0915937500004,2265.97221875,4,3.425625000000764,engaged
46.55545,0.124502875,41.26611,44.63898,53.547718,12.281609,59.9706,20.519512,683.2173,483.42874,1.5144907,0.75213677,0.39709616,1.3544817,2.7628589,2.3657627,9.073822,3.7836785,13.4114685,3.7976623,1.0998397,0.92483485,10.138286,0.88713145,-12.589943,-1.3832899,-11.722896,-1.6033483,-29.931665,-0.61359006,0.02486913,1.7198826,0.62946975,0.87267405,9.949975,0.40733886,14.85411,1.1321999,18.220404,0.5227587,883.88153,0.20598854,1153.1443,0.14361657,-99.01051,-0.97179496,1988.0214,0.10858132,1078.9814,0.3389951,-88.23354,-0.9777962,2923.6904,0.061063506,971.9603,0.30439204,-90.268936,-0.93455905,-0.42215556,-26.268213,21.944738,0.35646507,0.050219968,0.421474,-0.0060645947,-4.318738,1.6144234,0.57477796,9.629229,0.440478,-18.257004,-1.0301018,-17.690311,-1.1482347,-29.856901,-0.58507746,-7.5961924,19.170578,0.039411798,-0.021757513,0.4060749,1.8181818,1.904762,0.315,0.175,0.12333333,0.07586537,-13.563613,9,3-2,119,SPEAKER_00,2342.9,2345.366667,2342.9,2344.01909375,1,1.1190937500000473,engaged
39.596733,0.16776441,36.63185,39.959793,40.51761,3.8857574,74.28048,36.92242,202.445,212.81302,0.8401083,0.9224244,0.16541292,0.66352093,1.4714763,1.3060634,17.47326,7.231712,10.036028,4.6669292,0.6200378,1.06064,15.185817,0.95060307,8.34765,2.1156828,-4.3698115,-3.3808806,-21.844458,-1.3206986,0.021342035,1.6630802,1.1281149,0.58007944,7.794907,0.3902429,5.652144,2.8669367,21.010946,0.6621496,660.92786,0.3199611,1354.5826,0.1525043,-84.229935,-1.1194764,1738.6337,0.18901126,1005.9784,0.3514887,-72.640335,-1.0413579,2786.196,0.10576569,829.13995,0.30092502,-74.455696,-0.99092615,-15.788499,-0.5446825,24.62552,0.2875673,0.050891712,0.56232107,-0.034409862,-0.56398433,0.841299,0.8122529,20.893621,0.49021423,5.736335,3.134551,-3.3486505,-4.6208115,-31.662394,-0.7817792,-9.417376,17.466421,0.004568987,-0.011727885,0.13549812,3.2786884,3.448276,0.19749999,0.102072276,0.125,0.105,-17.130106,9,3-2,121,SPEAKER_02,2350.933333,2374.466667,2362.34534375,2374.466667,2,1.2369482499993865,engaged
36.41213,0.11300927,34.439693,35.855507,37.925907,3.4862137,794.58014,1373.4126,82.302216,74.15339,0.5682117,0.8358431,0.15552595,0.4578495,0.9506321,0.7951062,11.226662,8.626882,7.6968513,5.5430465,0.35997197,1.1449329,25.125751,0.72928697,13.230586,1.0149983,1.5257336,9.396291,-7.307416,-1.8158903,0.026261415,1.5747813,1.2822902,0.7610031,9.105697,0.40336335,11.98688,0.84347194,33.771328,0.3061235,772.9142,0.2542566,1381.0264,0.17179924,-76.358635,-1.1014073,1861.4375,0.12647222,1176.6696,0.24215668,-84.227806,-0.8837332,2924.6677,0.08971942,1066.4698,0.24167441,-88.05982,-0.80706626,-20.294203,-0.53398734,32.147686,0.35515156,0.05704704,0.39284357,-0.017079463,-0.97077954,0.45516178,0.93302643,31.28882,0.4138536,12.370007,1.1472781,2.331188,6.758729,-10.155944,-1.2898237,-9.086454,17.650145,0.03509195,0.006432394,0.15386464,3.4346104,2.7962718,0.23714285,0.22920448,0.09952381,0.08654622,-18.130238,9,3-2,122,SPEAKER_02,2374.5,2383.2,2374.5,2383.2,6,7.5862499999993815,disengaged
34.86774,0.11954092,33.91084,35.173203,37.548386,3.6375465,178.77037,112.219986,41.780533,28.037245,0.5413173,0.7885227,0.1680069,0.40337512,0.92051345,0.75250655,11.574059,4.111615,6.788686,4.26622,0.37763694,0.8663242,27.570665,0.57905006,16.13236,1.1088941,2.1437523,8.310927,-7.7273455,-2.0149515,0.03024409,1.0393213,1.4218484,0.6077294,7.166799,0.50530773,11.61423,0.9090342,35.39754,0.26856923,719.52295,0.2672358,1376.8499,0.14732967,-63.077366,-1.2932094,1771.6073,0.12557568,1223.2961,0.21765868,-75.52997,-0.9222834,2862.3682,0.07611359,967.32025,0.2827379,-80.04978,-0.83182925,-20.401133,-0.5568228,34.25307,0.27403343,0.049850356,0.48965925,-0.013398218,-1.1659789,0.4557737,0.72681475,32.13429,0.380648,15.294491,1.1392705,2.3215504,7.8259773,-9.7273,-1.5293338,-14.875809,21.024393,0.034545925,-0.008931111,0.11920241,4.9751244,3.0769231,0.23166665,0.16567203,0.105,0.09013878,-20.676924,9,3-2,123,SPEAKER_02,2383.233333,2385.766667,2383.233333,2385.766667,2,2.027083999999377,engaged
34.684196,0.09174744,33.867867,34.893353,36.487274,2.6194077,255.85957,348.88794,25.821823,28.172428,0.5418054,0.74040246,0.21537475,0.4266897,0.8324763,0.61710155,9.275417,4.317447,6.736822,4.143706,0.31575626,0.94989073,26.474974,0.6722876,12.4484625,1.2035235,3.5682054,4.7968917,-5.608011,-2.9757147,0.01769604,1.2265053,1.1592613,0.641856,8.710505,0.34712517,13.461568,0.70865715,34.679913,0.37865156,768.1972,0.26430446,1419.3374,0.19836333,-62.172203,-1.2786965,1826.2844,0.12614603,1264.0934,0.29929996,-73.79818,-0.9560214,2896.3015,0.075805396,1028.2603,0.34378105,-78.51252,-0.8589533,-19.082582,-0.605858,33.18552,0.3134153,0.052728765,0.3622224,-0.013966222,-1.259507,0.39151442,0.7615022,32.890545,0.36545977,12.612296,1.1694862,2.0277517,8.74811,-10.382098,-1.4180326,-6.5627494,15.353065,0.026625235,0.010649434,0.114368655,4.0462427,2.9411767,0.24299999,0.1914184,0.08444445,0.041928805,-21.214973,9,3-2,124,SPEAKER_02,2385.8,2391.466667,2385.8,2389.81784375,2,3.47784374999992,disengaged
39.38185,0.13351777,34.5192,40.346607,43.736576,9.217377,69.51874,35.712536,33.333496,0.0,0.5741083,0.9925589,0.23499712,0.34732866,0.6925661,0.45756897,11.125656,8.098688,-0.717751,4.3172545,0.22051208,1.2599996,27.315643,0.41200677,-3.6588538,-3.4506493,-7.383325,-2.0600078,-21.671518,-0.82287407,0.016986169,0.6228543,1.226291,0.7123299,9.197506,0.3737259,6.3790326,1.2755041,26.065727,0.38059866,791.9746,0.22613345,1394.615,0.14587799,-14.599488,-1.7301582,1857.6342,0.15150745,1170.0135,0.30475354,-27.883339,-0.7338066,2853.9888,0.11058844,1161.3185,0.273013,-33.223164,-0.5760382,-14.751978,-0.47241914,27.427134,0.346382,0.05483276,0.3603778,-0.017031733,-0.75046057,0.19106571,1.2417985,28.584705,0.35100254,-2.9994526,-4.0283523,-8.039879,-1.8965546,-20.726965,-0.7971557,-22.581347,30.437183,0.0014214483,0.0037922729,0.03792133,2.5641026,1.8018018,0.53499997,0.42499998,0.0,0.0,-24.11497,9,3-2,125,SPEAKER_02,2391.5,2400.633333,2394.03659375,2398.96409375,2,1.1812499999996362,engaged
48.64683,0.05791957,47.329792,48.949593,50.548843,3.2190514,69.43801,51.83041,39.06016,15.626572,0.6188602,0.74906313,0.08064955,0.6381463,1.0007886,0.920139,7.286564,3.7317262,3.6580148,2.3025177,0.3381396,1.0103647,8.774745,1.4791049,1.9214557,5.806916,-12.040926,-1.6285616,-38.0633,-0.5228789,0.021966318,1.1647956,0.9126635,0.7761713,11.843972,0.4298776,15.6015415,0.64895755,19.056643,0.7670081,892.9255,0.1581551,1226.3746,0.20420928,-69.35734,-1.1548076,1946.9261,0.10605127,1042.6062,0.28355497,-77.06228,-0.89939797,2974.1265,0.05857909,841.7787,0.49856138,-77.30692,-0.8970407,-14.920909,-0.45081168,27.466415,0.32515553,0.093003586,0.2917972,-0.023173572,-0.55115634,0.44712988,0.7559083,13.494337,0.7374986,1.1669483,9.905449,-19.42898,-0.8630047,-47.57605,-0.23864557,2.6782637,3.4598498,0.035952263,0.017302265,0.050851393,2.2099447,1.1363636,0.655,0.42499998,0.13333333,0.09672413,-20.639452,9,3-2,125,SPEAKER_00,2391.5,2400.633333,2398.66034375,2400.633333,2,1.8211142500008464,engaged
44.34932,0.1953525,37.05626,47.207073,50.82161,13.76535,370.3394,355.48462,103.40544,81.40115,0.7486003,0.5746484,0.3113277,0.7672539,1.2154741,0.90414643,8.854556,3.3861961,5.722928,3.1313279,0.41793615,0.6757908,14.151779,0.7483484,4.082553,3.5090837,-17.758883,-0.8799117,-35.535378,-0.33884588,0.0352572,1.2460307,1.1670641,0.9425043,10.871549,0.4637433,5.616459,3.0087838,21.807411,0.64413476,841.6971,0.23402065,1347.2753,0.23766738,-68.458565,-1.27293,1922.4633,0.12562677,1203.1982,0.19078979,-70.39886,-1.033661,2931.3552,0.06507981,975.50256,0.41499576,-73.676865,-0.9612991,-16.653059,-0.5153726,30.279505,0.22488473,0.091112845,0.3095099,-0.023122637,-0.9436326,0.44951916,0.6305566,15.914103,0.5521793,0.095768884,150.95393,-20.003357,-0.8051048,-36.70878,-0.30203852,-13.689684,20.887375,0.087436244,-0.020806413,0.2826473,3.9106145,2.3529413,0.31,0.24647515,0.095,0.09552486,-19.963623,9,3-2,127,SPEAKER_00,2401.5,2413.066667,2401.5,2405.52846875,5,1.8009687499998108,engaged
47.744434,0.0817297,43.760036,49.522034,50.351444,6.591408,222.21198,256.44336,83.20429,79.729065,0.68182147,0.7974719,0.21442696,0.41350004,1.2309923,1.0165653,11.18836,11.486204,6.038263,2.9057844,0.44360366,1.0764995,11.062636,1.0365572,-0.6651676,-26.870628,-16.538532,-0.96896315,-44.003086,-0.37159383,0.033282492,1.0686302,1.5238918,0.47970283,8.162465,0.43975848,18.631086,0.5181293,23.36884,0.56833655,873.63696,0.20074497,1168.5975,0.15955737,-41.215267,-1.6622034,2007.2471,0.1150933,1016.75,0.2851066,-53.617992,-1.0675418,2932.7427,0.06527792,840.51965,0.30334082,-52.99551,-1.0676078,-12.845984,-0.762354,24.597311,0.35656512,0.08103294,0.31574658,-0.023712417,-1.2119179,0.5227798,0.9522306,10.006712,1.0718021,-4.0826383,-4.4372206,-20.255892,-0.7146374,-45.650204,-0.36770508,-11.6773405,18.56678,0.05286833,-0.019574216,0.15484239,5.185185,3.8759692,0.21,0.26275465,0.065,0.005,-20.775274,9,3-2,127,SPEAKER_04,2401.5,2413.066667,2405.05596875,2412.58221875,6,1.366875000001528,engaged
34.79776,0.10390935,34.08441,35.458076,36.705715,2.6213036,348.1848,453.70023,56.916336,28.333138,0.69308215,0.7701258,0.2802709,0.55271566,1.0064456,0.7261747,10.766618,7.7547917,7.53346,4.9366755,0.4447967,0.8888652,25.98389,0.6530539,12.340025,1.3648621,-3.0496008,-5.987575,-4.6508646,-3.0248792,0.028165437,1.1632285,1.3097445,0.6613098,7.4458785,0.46183693,10.783802,1.0093331,33.588375,0.35489708,729.54803,0.27116016,1425.8157,0.15000874,-59.978,-1.3371718,1823.7211,0.1312146,1202.1725,0.21825123,-68.88397,-1.0123372,2912.1716,0.09433122,1099.6816,0.2786319,-74.64064,-0.8877967,-17.293005,-0.7537858,31.628584,0.31078798,0.064052105,0.3130172,-0.016439036,-0.9516415,0.52763975,0.75908464,30.690758,0.38801455,11.684468,1.4675527,-2.7464213,-6.920563,-8.119752,-1.4771304,-9.746462,19.181229,0.047806017,0.0012721337,0.17273718,3.846154,3.2397408,0.22399999,0.19666553,0.06785714,0.039853044,-19.188478,9,3-2,129,SPEAKER_02,2419.833333,2425.0,2419.833333,2425.0,2,4.6941670000005615,engaged
36.32859,0.1132441,34.380093,35.381996,38.106766,3.7266731,738.5961,503.451,13.444612,12.124109,0.68950534,0.6933902,0.26504013,0.6103677,1.0838795,0.8188393,15.123433,12.396506,8.265344,5.404632,0.3972531,1.0240186,20.531466,1.257706,8.729435,1.4583619,-8.063989,-1.694018,-8.020307,-1.752996,0.020314012,1.2351274,1.2172624,0.73267186,8.492928,0.54608166,9.503928,0.9836112,34.516663,0.3610934,802.2684,0.22184609,1363.3201,0.17518154,-71.38203,-1.210788,1825.3572,0.126208,1276.7761,0.27415428,-78.44802,-0.9843582,2949.3801,0.084902175,1063.2695,0.27458182,-85.04126,-0.84943223,-15.876233,-0.75765675,33.8776,0.3225524,0.05722575,0.36100355,-0.016273476,-1.1528946,0.5272667,0.80764824,31.37669,0.45084903,9.492133,1.2327503,-9.684352,-1.4632119,-13.314266,-0.9426573,3.9316657,8.2497225,0.03241342,0.021572964,0.10490081,4.4210525,1.9148937,0.3588889,0.33097312,0.14333333,0.14696938,-16.277924,9,3-2,130,SPEAKER_02,2425.033333,2444.966667,2425.033333,2429.7947187500004,1,4.7613857500005,disengaged
42.548775,0.10736075,38.394005,43.198715,47.03323,8.639225,23.637375,14.255046,26.261877,0.0,0.45180362,0.5930306,0.16430923,0.46161854,0.71826077,0.5539515,5.4212112,3.7185163,3.7651458,1.4314178,0.17880405,0.66426075,20.978762,0.7543594,6.940373,1.4700258,-6.657698,-1.4148124,-35.3684,-0.601403,0.017815713,1.5138246,0.7787119,0.67577,11.958306,0.28673172,13.778986,0.8337821,27.001802,0.41581652,843.6442,0.14724763,1241.7141,0.1583185,-60.184116,-1.3244586,1970.6123,0.08623596,1081.5428,0.23471873,-74.669044,-0.88601375,2924.8044,0.054652873,801.3661,0.34017837,-71.84726,-0.94612384,-19.34941,-0.44141674,28.676973,0.4063741,0.07976982,0.28648973,-0.026992895,-0.6511114,0.21784334,0.48041025,23.425667,0.56759536,3.4115307,2.744077,-7.353432,-1.3278248,-43.95358,-0.3793715,-10.006684,17.55861,0.05043373,0.0021867203,0.07245898,3.125,2.4590163,0.29999998,0.21400934,0.0625,0.039607447,-25.40213,9,3-2,130,SPEAKER_00,2425.033333,2444.966667,2430.84096875,2432.1403437500003,1,1.2993750000005093,disengaged
35.66164,0.09447611,33.311108,35.41684,38.670692,5.359585,102.98497,140.75966,54.549202,64.76463,0.43288538,0.8125725,0.10423143,0.32945007,0.7320818,0.62785035,6.7228966,3.2064934,4.263485,2.5968761,0.16896413,1.1294874,25.47611,0.61650497,13.971077,0.9150349,3.183992,4.9711967,-21.833033,-0.8114182,0.021299772,1.815577,1.0598526,0.9817374,9.580858,0.33248428,6.705341,1.376534,34.251186,0.2842687,676.7922,0.24441297,1392.1631,0.13391224,-59.480103,-1.3641183,1789.684,0.13455102,1106.7941,0.25741917,-70.25249,-1.0126936,2885.887,0.07354639,979.70026,0.33220068,-74.48084,-0.9183607,-20.709326,-0.43997946,31.08677,0.3338458,0.06406112,0.32595104,-0.030758327,-0.5240793,0.2068825,0.96636873,30.791765,0.335052,13.644436,1.0329912,1.9282883,8.575663,-25.959768,-0.638184,-9.375794,16.826462,0.03168717,-0.0013091639,0.05258637,2.9792747,1.9582245,0.37666667,0.27248648,0.12846154,0.08847826,-25.813284,9,3-2,130,SPEAKER_01,2425.033333,2444.966667,2433.76034375,2444.966667,5,7.73007325000026,disengaged
41.158936,0.16950622,36.93995,40.673264,47.722317,10.782368,120.21506,140.32208,100.16318,64.025795,0.6228447,0.90725976,0.08645272,0.4739648,1.1163253,1.0298725,7.647206,4.8468447,4.7478986,1.763024,0.21480724,1.0191126,15.668904,0.98109597,3.1072683,5.7429247,-1.9077644,-8.849564,-25.366516,-0.7471714,0.0240184,2.0858848,0.9461731,0.9794665,10.608896,0.41046682,9.397889,1.1051841,23.564676,0.50583714,799.3913,0.24676237,1291.8584,0.1764185,-69.77136,-1.2251544,1860.0984,0.120363384,1039.5953,0.27835304,-71.83586,-1.0535471,2900.3396,0.07365899,891.509,0.44880044,-74.53182,-0.9913028,-13.55125,-0.7251331,23.914526,0.44309774,0.07173294,0.36298674,-0.017105961,-1.2146083,0.27997443,0.7855578,19.456987,0.60239,-0.3941467,-45.93919,-4.0790462,-4.4589863,-31.806782,-0.52702624,-6.707845,13.529883,0.036244456,0.005566229,0.040939767,2.4564996,2.0597322,0.3455,0.2621159,0.12578946,0.0914397,-21.551708,9,3-2,131,SPEAKER_01,2445.0,2523.166667,2445.0,2468.64096875,9,9.786593750001884,engaged
45.362015,0.13027915,40.3864,41.51796,52.060295,11.673897,41.118874,22.233545,-6.910097,8.28098,0.5381496,0.6676305,0.08976385,0.5895735,0.84565574,0.7558919,3.6996138,1.8950319,4.008915,1.0905131,0.18237616,0.7680597,24.424835,0.39676058,-3.0096571,-4.3318214,-20.331505,-0.6438038,-36.82999,-0.4236673,0.012112982,0.88150495,0.63251764,0.83582187,14.10291,0.16575547,14.938007,0.4220922,36.32586,0.20860896,771.01117,0.2975015,1361.9519,0.18944015,-76.38595,-1.1464776,1750.4156,0.19157608,1190.8339,0.21337306,-69.02524,-1.0550429,2970.727,0.075381935,1051.2722,0.5087751,-79.9447,-0.82919395,-16.342073,-0.33983028,34.893356,0.18131843,0.063944384,0.32855976,-0.024211543,-0.5383298,0.23136358,0.5309939,27.358099,0.22679095,-5.1314726,-2.2744493,-25.387802,-0.34287122,-44.126568,-0.19378537,-9.926071,20.614483,0.049566068,-0.008171111,0.06571534,2.6086957,1.8181818,0.405,0.095,0.08,0.008164966,-23.38071,9,3-2,131,SPEAKER_00,2445.0,2523.166667,2457.13221875,2480.62221875,3,1.164375000000291,engaged
39.52423,0.1498915,35.017033,39.508286,44.52473,9.507698,109.00544,111.572845,116.54956,150.67807,0.46108767,1.0373702,0.09635011,0.3304896,0.71815085,0.6218007,8.623636,5.0858893,5.684677,4.95556,0.19003864,1.4541458,14.987392,1.2275181,4.2515144,3.1486561,-3.143798,-4.9090695,-24.572561,-0.8646845,0.026743619,2.0564585,1.1065601,0.86506027,9.360795,0.4697939,9.817478,1.0386714,25.690586,0.44579607,771.57166,0.2177429,1321.7261,0.17335272,-83.77712,-1.0890836,1849.1005,0.12184333,1069.8914,0.3602797,-88.064514,-0.9195145,2887.1626,0.07532819,895.4381,0.3446445,-89.92513,-0.8824536,-15.687807,-0.5588449,26.119623,0.4005856,0.064858966,0.38457388,-0.023281794,-0.7069827,0.2487354,1.2111313,22.633862,0.4872541,1.5646352,8.759813,-4.716914,-3.5635512,-32.35067,-0.5583157,-3.5796819,10.8465805,0.040624164,8.4025196e-05,0.083077334,2.57222,2.4990084,0.2463492,0.18468593,0.14310345,0.13571276,-24.06965,9,3-2,131,SPEAKER_02,2445.0,2523.166667,2469.38346875,2523.166667,25,25.28132325000024,engaged
42.35379,0.08125881,39.86055,41.529263,45.488564,5.6280136,212.59138,237.69019,85.75943,112.75879,0.8799596,0.8264751,0.22133763,0.7875758,1.3193446,1.098007,8.048906,4.9711623,10.523017,3.0697925,0.3734213,0.9459508,10.036936,1.0681928,-0.8799216,-19.08042,-7.099551,-1.7474213,-30.480955,-0.535938,0.021571955,1.4334724,1.1713507,0.7248732,9.276231,0.41331863,11.828091,0.7043678,21.271454,0.47573805,723.7821,0.28194478,1364.1371,0.15329976,-60.8102,-1.3535383,1817.0482,0.11623635,986.68665,0.26132673,-55.57208,-1.2369745,2825.7363,0.07291261,964.1856,0.38650703,-56.601658,-1.2050946,-11.296959,-0.63247746,18.936209,0.441348,0.060971923,0.3584141,-0.024817897,-0.70764375,0.4451723,0.8146708,11.114135,0.9517447,-3.1926336,-5.5899506,-7.8327246,-1.5272384,-33.683483,-0.43490854,-7.443158,14.849193,0.043070123,-0.011155806,0.13094866,3.030303,3.1111112,0.24714284,0.15144205,0.065,0.04924429,-20.980787,9,3-2,131,SPEAKER_03,2445.0,2523.166667,2490.6797187500006,2493.22784375,2,2.3287499999996726,engaged
36.228607,0.06548326,34.12353,36.31077,37.98006,3.8565292,76.1037,111.6459,26.309494,19.119226,0.6924795,0.5697514,0.3068968,0.72608435,0.9879701,0.6810733,11.876679,8.213252,8.447893,4.510682,0.47209486,0.79417443,30.609577,0.3716278,15.479093,0.5674717,5.2429376,3.6482382,-17.547508,-0.86610854,0.01931895,0.79927266,1.2915398,0.77916557,9.813515,0.24188861,15.063309,0.55893195,36.83251,0.2762185,716.4354,0.2732187,1476.8206,0.18107933,-49.280212,-1.3735746,1854.7645,0.13548794,1201.1616,0.29203862,-61.178562,-0.945386,2886.104,0.08863804,1074.8059,0.29473168,-64.79569,-0.8621203,-21.484537,-0.35094234,33.806965,0.28769884,0.065399826,0.3586195,-0.024326356,-0.64173573,0.5361424,0.698375,32.335186,0.31300366,15.414046,0.5675754,6.2625217,3.2877197,-20.57981,-0.6983257,-16.379421,26.200396,0.04483209,-0.0014769308,0.17265198,4.379562,2.238806,0.36666667,0.13707256,0.089999996,0.05338539,-18.48202,9,3-2,132,SPEAKER_02,2523.2,2526.866667,2523.2,2526.866667,3,2.755416999999852,disengaged
35.523167,0.088429116,34.22782,35.98702,37.49904,3.2712173,61.592747,63.410835,36.45424,23.976746,0.5806722,0.8843874,0.1652505,0.45543563,0.8196231,0.65437263,11.762037,6.5709085,6.952329,4.2959013,0.40688986,1.1982685,19.624266,1.1078311,14.8784895,1.1467015,-5.6075807,-3.0787306,-7.0234885,-2.419463,0.030186018,2.2882843,1.2753594,0.6409864,7.40974,0.5034958,11.946567,0.91369313,37.17188,0.2870628,724.1894,0.2629348,1461.0314,0.18863167,-103.824745,-0.89049625,1792.4293,0.14600563,1242.983,0.29230455,-107.17891,-0.7806274,2919.3506,0.09121863,1083.064,0.23653714,-112.10885,-0.7038827,-18.911535,-0.5389671,33.672882,0.2975354,0.070272215,0.32708794,-0.022090228,-0.7845424,0.6382087,0.83529496,32.120213,0.37498057,12.833896,1.1886315,-7.210563,-2.6061044,-16.739677,-0.805724,-6.4659066,16.174347,0.03671045,0.008593174,0.14943807,2.5641026,2.7888446,0.18214284,0.123414434,0.16615385,0.18718721,-19.782982,9,3-2,133,SPEAKER_02,2526.9,2533.1,2526.9,2532.64784375,2,5.0897187499999745,engaged
36.838654,0.14319815,34.34197,37.2153,40.578754,6.236786,157.01512,169.88095,27.689196,16.424126,0.8222311,0.6434721,0.3648724,0.7148809,1.2431947,0.8783223,12.047982,6.9598947,8.652923,6.125081,0.54505616,0.8959681,25.787169,0.59515554,9.342284,1.6540045,-5.8800583,-3.0152748,-15.59776,-0.9095035,0.034173805,1.9155072,1.3623269,0.73259544,8.239178,0.4148825,5.965334,1.8100661,31.44918,0.32578224,792.94965,0.23550068,1388.1917,0.16848773,-54.281235,-1.3943448,1844.4147,0.1282505,1171.6635,0.27319428,-63.202526,-1.0555987,2961.526,0.07983176,1015.3376,0.2865652,-69.653755,-0.90561134,-18.035595,-0.54283947,32.81149,0.29166803,0.05702807,0.36905578,-0.021679813,-0.70252144,0.63244575,0.7749818,29.341942,0.35266882,8.88948,1.8031218,-7.024887,-2.5117311,-18.164833,-0.7062739,-8.106562,16.830688,0.04526801,-0.004087604,0.22374351,3.7701976,2.536232,0.3042857,0.21592705,0.103333324,0.07571878,-16.867132,9,3-2,134,SPEAKER_02,2533.133333,2548.0,2533.133333,2539.33034375,2,5.58951074999959,disengaged
43.123653,0.10020584,39.818054,44.67013,46.475677,6.6576233,218.24078,351.74878,28.779768,20.596151,0.5129816,0.5493295,0.29282162,0.4553184,0.65937483,0.36655322,4.176752,3.4344492,4.1088886,1.8830903,0.18522412,0.7396515,18.400755,0.6596589,-3.542322,-4.578557,-4.1142044,-5.3487954,-33.080532,-0.29694885,0.01631208,1.2627634,1.0175577,0.7670437,10.419285,0.37149572,8.293244,1.22923,20.604101,0.7181887,840.0944,0.21170464,1283.0858,0.152356,-34.376575,-1.817853,1900.2009,0.13053241,942.4171,0.40138316,-42.478195,-1.2577056,2940.0344,0.06493231,944.4093,0.38286427,-46.51493,-1.0948526,-10.058275,-0.67630994,23.836733,0.31371796,0.074443206,0.27264005,-0.005998721,-2.5788538,0.19974133,0.7027685,18.035116,0.6271375,-5.0884666,-3.245731,-4.948035,-4.663434,-34.279366,-0.2858056,-10.92098,18.217644,0.07524533,-0.00834988,0.106583476,3.6363635,1.8867925,0.46249998,0.14618053,0.06666666,0.036817867,-27.220554,9,3-2,134,SPEAKER_01,2533.133333,2548.0,2543.7009687500004,2545.91159375,1,2.210624999999709,disengaged
40.77168,0.098394915,37.89001,39.03335,44.09118,6.201168,49.36501,24.577347,58.619877,58.569786,0.9120631,0.76696944,0.18712687,0.85001576,1.4546745,1.2675476,9.565533,7.993159,9.2488165,7.882021,0.5321177,0.9760146,20.02881,0.7564809,0.3038297,53.800617,-7.622798,-1.8977194,-24.148678,-0.84157676,0.029856997,1.7749091,0.8982931,0.93841004,10.252084,0.39198875,6.043466,2.0682976,26.307684,0.42812458,775.2844,0.22978225,1326.1548,0.18243724,-69.23951,-1.2376235,1847.013,0.14049684,1111.7108,0.2681216,-73.38739,-1.036227,2901.84,0.08874289,945.2444,0.29127362,-77.46394,-0.9478631,-15.768934,-0.64152384,29.241695,0.3456411,0.066602625,0.34650657,-0.021684155,-0.88981515,0.67178535,0.73737365,25.572565,0.4483159,-2.4324272,-6.716786,-10.580175,-1.2792286,-30.37242,-0.53805983,-7.311279,15.809084,0.02780905,0.003328847,0.14450899,2.5,1.9774011,0.35714287,0.28217086,0.176,0.11603448,-16.727087,9,3-2,135,SPEAKER_02,2548.033333,2566.466667,2561.0653437500005,2566.466667,4,3.612573249999059,engaged
37.591385,0.07080768,35.94133,37.577988,38.57512,2.633789,154.99355,247.15715,17.663477,24.51646,0.9159326,0.680526,0.3221924,0.80016947,1.5970073,1.2748148,11.667564,6.368072,6.830931,2.683266,0.5173419,0.8169378,25.787148,0.528225,6.288402,2.5822506,-11.144795,-1.6581866,-12.657132,-1.1397803,0.018691624,1.2181165,1.0314339,0.7622653,9.77928,0.43913335,4.6806526,2.8065434,28.665373,0.49929425,824.1232,0.21889114,1342.9866,0.16931579,-66.48825,-1.2411753,1848.0391,0.13101101,1219.0133,0.2514203,-71.95137,-1.0325743,2950.7058,0.08234831,1046.3462,0.26668966,-78.654785,-0.88968384,-15.202665,-0.76466537,32.5054,0.33108938,0.061193507,0.30121788,-0.01653925,-0.98427045,0.6250154,0.672693,29.538483,0.36563012,4.631907,3.515655,-13.038662,-1.3844104,-16.225689,-0.81355464,-9.870155,22.177736,0.042061012,0.0049865204,0.22230478,3.2719836,2.0703933,0.348,0.23064259,0.12666667,0.095452145,-14.209365,9,3-2,136,SPEAKER_02,2566.5,2571.966667,2566.5,2571.966667,3,4.909792000000834,disengaged
36.32527,0.04808702,34.84768,36.360344,37.862732,3.0150528,22.790789,9.649153,14.402081,12.240826,0.8779017,0.6258497,0.38504404,0.7943055,1.2971686,0.9121246,14.378757,8.642696,7.334099,4.5118656,0.58750594,0.81785166,27.7899,0.55045605,6.027208,2.843378,-12.347017,-1.3961252,-11.399209,-1.3314753,0.015092833,0.71145946,1.2025864,0.6280093,8.2759495,0.42069554,4.12136,2.8792248,32.218903,0.41958085,739.8037,0.24634,1398.2421,0.13149594,-49.194267,-1.5535408,1804.1298,0.14406423,1157.2268,0.21190074,-58.75425,-1.150288,2929.7612,0.07892619,1084.936,0.30145168,-67.95154,-0.92598635,-16.248856,-0.7030629,32.97173,0.27402917,0.066782646,0.2979315,-0.020667482,-0.881202,0.6784934,0.7154926,31.330957,0.36413765,7.5073757,2.2332864,-10.838668,-1.633174,-15.2649555,-0.8250425,-2.7881064,21.627394,0.046577074,0.012972311,0.19981728,4.8,1.897019,0.41714287,0.27232933,0.10666667,0.1245882,-16.961874,9,3-2,137,SPEAKER_02,2572.0,2576.233333,2572.0,2576.233333,2,3.7608329999993657,engaged
36.656666,0.077207156,36.5406,36.89711,37.891266,1.350666,194.03912,223.61804,26.1006,11.528534,0.877682,0.6108035,0.42093605,0.7175589,1.365974,0.9450379,12.402902,9.484504,10.078223,2.0064158,0.62428325,0.7688923,29.481836,0.42701766,5.8409405,2.5860052,-8.867678,-2.0726438,-16.259632,-0.8159526,0.022766389,0.8859887,1.3198138,0.55601144,7.924779,0.4113544,0.867423,11.23914,28.28773,0.30071193,793.17584,0.22414343,1338.7461,0.15990795,-51.532036,-1.3958175,1824.4417,0.1300633,1114.9377,0.21082777,-60.311092,-1.0783621,2946.5986,0.07210954,973.70825,0.26809886,-67.47995,-0.8975748,-15.019377,-0.5378125,30.831158,0.2905457,0.06825523,0.21865618,-0.020247512,-0.7125003,0.6670009,0.7119852,29.467426,0.39529476,3.216674,4.4529843,-12.563685,-1.359693,-18.043728,-0.70518804,-17.538074,30.076927,0.06313462,-0.017680442,0.33638337,5.035971,3.7593987,0.204,0.11774548,0.07,0.050990194,-16.995241,9,3-2,138,SPEAKER_02,2576.266667,2577.666667,2576.266667,2577.666667,1,1.400000000000091,disengaged
41.0276,0.056923393,39.4676,40.81002,42.63277,3.1651688,149.70932,148.0554,19.244282,16.750378,0.46213892,0.6165371,0.17508644,0.47638065,0.7049708,0.52988434,4.431897,1.9795629,3.774782,1.248712,0.13672338,0.74958646,12.939469,1.0392278,2.9857373,4.4392905,-1.0867994,-23.236542,-35.46763,-0.641066,0.012807582,1.1225652,1.0339901,0.8517325,9.454891,0.41068453,7.7819014,1.1986538,20.703798,0.6212724,734.7411,0.28076386,1335.9338,0.1712862,-66.84484,-1.3483058,1824.6017,0.16541003,916.1249,0.46263206,-65.782814,-1.1672969,2837.593,0.08661584,934.4452,0.37021187,-66.183914,-1.1510428,-10.101627,-0.6021268,19.87629,0.5250498,0.057212565,0.3060477,-0.02810438,-0.5452808,0.16545357,0.59047127,16.047327,0.6510215,-1.2020386,-10.145618,-6.294043,-3.8009295,-43.480766,-0.4120114,-6.390438,11.76335,0.049575016,-0.00659837,0.06664541,3.3057854,2.1097047,0.342,0.32823166,0.09166667,0.059837744,-28.733501,9,3-2,140,SPEAKER_03,2578.6,2582.666667,2579.94846875,2582.666667,2,2.4313232500003323,disengaged
42.797928,0.0942681,40.86442,42.209873,45.418118,4.5536957,27.218327,27.585833,73.88964,55.960377,0.39539608,0.8253225,0.12630711,0.33022684,0.61466724,0.4883601,5.563703,2.6351345,2.750563,1.3179039,0.1391204,1.153639,16.757906,0.6818366,0.10465869,122.87485,-2.0717359,-9.494025,-31.530708,-0.6017405,0.016869837,1.1405731,1.1058236,0.69301224,10.280497,0.3497855,13.251784,0.7871621,21.625063,0.5569061,775.8748,0.23141798,1306.283,0.19569714,-55.083637,-1.4085821,1869.9573,0.12655136,965.6379,0.42946294,-59.60013,-1.104374,2871.7334,0.07631549,948.3062,0.38405293,-59.59647,-1.0999669,-13.481057,-0.5798475,23.4712,0.42257497,0.06285882,0.40724933,-0.019484779,-0.8887597,0.16560571,1.0152613,18.701044,0.4995669,-1.1938163,-11.135313,-2.893957,-7.1495957,-36.886898,-0.41797486,-7.676663,17.032589,0.033901658,0.004224122,0.030818306,2.5723474,2.1001616,0.3753846,0.36243019,0.09086957,0.0820876,-27.118029,9,3-2,141,SPEAKER_03,2582.7,2611.533333,2582.7,2597.97096875,6,12.452843750000284,engaged
36.34891,0.05839428,34.746124,36.43697,38.098682,3.3525581,151.94473,181.8955,20.694012,19.704796,0.9158203,0.60211426,0.40282753,0.8148926,1.4066082,1.0037807,11.814935,6.097367,7.906338,3.8420553,0.5859011,0.8024901,27.719973,0.57080704,4.543518,3.503349,-14.147219,-1.1362551,-9.499354,-1.4271094,0.022056574,2.257614,1.0871513,0.7054835,8.787504,0.4759657,6.5817466,1.7248648,32.657112,0.36318305,767.02466,0.24008782,1392.7518,0.19644201,-53.235493,-1.4716264,1801.0159,0.14517702,1224.0262,0.23470548,-61.996033,-1.1100456,2921.9822,0.0810005,1049.1194,0.25268704,-71.12825,-0.8973151,-15.869344,-0.70461136,34.17121,0.25822204,0.06393596,0.30077323,-0.01722633,-1.0168761,0.6801702,0.6819374,32.560368,0.30959904,7.019112,2.1668322,-12.632179,-1.2481034,-13.248228,-0.8919971,-0.2530856,18.907574,0.04173753,0.013642466,0.24731852,3.8500507,1.832994,0.4222222,0.32686314,0.113749996,0.10734728,-15.5046015,9,3-2,141,SPEAKER_02,2582.7,2611.533333,2600.1309687500006,2611.533333,4,9.883614249999027,engaged
36.295147,0.060952112,34.855988,36.03732,38.430153,3.5741653,132.93556,166.93002,11.330645,9.916956,1.065146,0.5251001,0.59233046,0.9810643,1.6063324,1.014002,11.549266,7.6869063,9.161038,5.10498,0.6753391,0.7562248,30.160757,0.46472052,4.522214,3.3394847,-10.908592,-1.4298958,-14.648177,-0.7757055,0.018080866,2.3474872,1.0340087,0.66698205,9.538929,0.33711395,4.028812,2.6072083,30.980143,0.3752668,792.30316,0.21112722,1397.0901,0.18084942,-33.862396,-1.9272032,1857.7317,0.12430548,1183.17,0.2040151,-47.51523,-1.2171543,2965.0486,0.07684093,1120.6757,0.31176302,-56.589264,-0.94977576,-15.68827,-0.7170046,32.910744,0.22717336,0.0651543,0.25687855,-0.021352792,-0.744304,0.7438743,0.654052,33.421825,0.22708525,3.5226164,4.3723745,-11.155973,-1.3489559,-16.309649,-0.62055326,-4.541417,16.777706,0.05093952,0.009281638,0.3122984,4.074074,1.5151516,0.565,0.28517538,0.074999996,0.061846584,-14.630511,9,3-2,142,SPEAKER_02,2611.566667,2614.766667,2611.566667,2614.766667,2,2.710624999999709,disengaged
40.762234,0.14700162,36.395668,38.53233,46.335796,9.940128,73.63639,68.02058,46.83482,34.27189,0.9383517,0.91320944,0.21367376,0.7253524,1.4504055,1.2367318,13.139751,7.3913345,7.659313,5.4615517,0.5858,1.0693158,16.355745,0.97703934,1.3714541,11.402575,-4.590041,-3.1957536,-21.039751,-0.9737486,0.022690618,1.3246341,1.1863625,0.861289,9.070134,0.4344091,8.480103,1.4263833,22.36575,0.5944907,824.61084,0.21117112,1269.5785,0.18760678,-87.4653,-1.0367093,1910.2478,0.117129505,1068.7549,0.36990502,-89.68886,-0.90761864,2893.8018,0.078526065,945.5406,0.3426212,-91.060684,-0.880934,-14.479869,-0.7327184,25.18446,0.42466685,0.059978977,0.40635577,-0.023427231,-0.7627002,0.78726524,0.79475564,21.199432,0.65436727,0.31350556,55.456356,-4.216076,-3.6262197,-27.427849,-0.67786485,-5.3444695,14.555136,0.04010838,0.00017416982,0.23157819,2.7631578,2.785146,0.2152381,0.1792476,0.1336842,0.14654659,-15.8689575,9,3-2,143,SPEAKER_02,2614.8,2632.266667,2614.8,2632.266667,5,7.611666999998761,engaged
39.874256,0.07305754,38.899796,40.458145,42.196877,3.297081,36.058407,30.874859,109.50364,124.46075,0.40700072,0.6544677,0.1447892,0.38016558,0.6555283,0.5107391,4.4952965,0.6977052,2.8661432,1.7198572,0.14747494,0.829383,20.740005,0.5953592,-3.3685923,-4.093904,-9.209527,-1.8113668,-22.48355,-0.8257189,0.023990516,1.2012631,1.1599344,0.6878679,8.525032,0.44949755,3.9946914,2.2811375,28.539331,0.38525394,781.4297,0.22483973,1399.4983,0.1867498,-64.00257,-1.4008952,1763.7637,0.11432002,1161.3022,0.2563982,-66.45816,-1.1920661,2879.1577,0.08278419,950.93805,0.3367609,-73.22716,-1.0241073,-14.177352,-0.47682753,26.555628,0.33514103,0.0550658,0.35338032,-0.021005938,-0.73351336,0.17993265,0.6679195,25.024214,0.31221595,-6.3119636,-2.2335553,-15.896876,-0.88369,-26.287792,-0.716722,-7.132688,13.764569,0.043690547,-0.007888165,0.067927495,2.8880866,1.8382353,0.38799998,0.13717143,0.16749999,0.107790306,-30.06676,9,3-2,143,SPEAKER_01,2614.8,2632.266667,2616.97221875,2619.7565937500003,1,2.784375000000182,engaged
37.098446,0.12251191,34.655388,36.572693,38.346313,3.6909256,335.131,470.95444,287.14948,799.8242,0.7922303,0.6677255,0.3035178,0.691178,1.2288636,0.9253458,10.906097,5.941102,8.427546,4.3647766,0.49706626,0.83602256,24.035538,0.7301179,10.565094,1.5195478,-2.9207659,-6.0123196,-13.127413,-1.3370368,0.02592309,1.599267,1.2407409,0.6873962,8.6224375,0.41186717,8.980066,1.169343,30.314552,0.41902816,771.3684,0.24056745,1351.1349,0.17968783,-59.882732,-1.2974098,1848.8374,0.14329974,1168.1327,0.32539582,-67.31165,-1.0210292,2925.0642,0.084215395,1081.6155,0.33763164,-72.51011,-0.89996624,-16.746988,-0.6565203,30.544361,0.37588188,0.06218202,0.35785145,-0.01943926,-0.9480713,0.5915352,0.6948771,28.94722,0.42989796,9.440649,1.6708491,-4.153784,-4.2610016,-17.568672,-0.9111143,-7.751716,17.5738,0.034553315,0.0067198803,0.19239607,3.9420757,2.588997,0.2890625,0.256909,0.08962963,0.06500607,-17.577549,9,3-2,144,SPEAKER_02,2632.3,2648.4,2632.3,2647.2459687500004,5,12.448468749999847,disengaged
37.819298,0.12143585,34.44144,37.352493,40.42485,5.98341,249.70755,453.97424,48.5638,55.774773,0.63623047,0.87235206,0.13847116,0.47642756,1.0688665,0.93039536,10.781265,5.9293,7.359631,4.6262736,0.34949958,1.1672264,18.038944,1.1113312,6.9840093,2.3033946,-3.6481133,-4.7570252,-18.223043,-1.1843148,0.025842033,1.9652482,1.1819363,0.8078336,8.839894,0.48188123,8.2093525,1.3827683,28.389902,0.43701258,795.3536,0.20512697,1328.2233,0.19445135,-75.33488,-1.1583778,1884.9226,0.1315045,1085.1683,0.33518052,-82.10481,-0.9578392,2941.7708,0.07534633,978.4574,0.33873814,-85.55373,-0.8875561,-15.699209,-0.73150927,28.56435,0.422517,0.060449146,0.36062112,-0.022592582,-0.90537083,0.46850666,0.9139301,25.926805,0.5505831,6.4076715,2.620018,-5.189788,-3.4768085,-24.172382,-0.8768006,-1.6653755,10.13225,0.042215336,0.010314436,0.10216739,2.9948528,2.3932426,0.27450982,0.21723135,0.14488372,0.15442875,-19.439098,9,3-2,145,SPEAKER_02,2648.433333,2701.0,2650.28346875,2700.72284375,14,21.380624999998417,engaged
40.50689,0.08456229,37.648853,40.21466,44.096256,6.447403,62.1999,71.37655,27.578299,17.49486,0.34237066,0.7779095,0.1102136,0.28317422,0.51432335,0.40410975,4.646738,2.1688564,3.1537735,1.6953188,0.11536556,1.337255,10.16944,1.4567668,6.819266,1.8071598,7.4157114,2.4841332,-30.399456,-0.68053466,0.016608149,1.2758086,1.1730192,0.73399824,8.905657,0.37972623,12.7672615,0.78194845,18.660126,0.66905385,753.35376,0.23835453,1286.4517,0.15997982,-79.89832,-1.112977,1932.7357,0.10212478,855.0786,0.5627724,-80.37416,-0.96824527,2874.6638,0.07182471,958.013,0.3952975,-77.05922,-1.0404141,-12.077515,-0.5529916,18.059877,0.5086014,0.06650299,0.35594484,-0.025901722,-0.5924503,0.14898093,1.1514124,14.834139,0.70718455,4.1434374,2.926104,10.94518,1.7255071,-39.961792,-0.3909302,-3.4217424,10.354194,0.046408065,0.0012896355,0.047366552,3.4,2.6262627,0.25153846,0.20395496,0.1175,0.084963225,-30.636936,9,3-2,145,SPEAKER_03,2648.433333,2701.0,2650.36784375,2675.42721875,3,5.011874999999691,engaged
36.91955,0.050665848,35.86914,36.97448,38.231747,2.362606,102.6759,125.05808,35.989967,41.695015,0.7653732,0.55857307,0.39838737,0.70691866,1.0923464,0.69395906,9.368013,5.3913436,6.1679354,2.3559124,0.5393741,0.7613652,29.185425,0.5620708,20.589151,0.6745518,2.648201,5.2700167,-17.076824,-0.91324145,0.024145762,2.800424,0.95561403,0.6633106,10.084994,0.33945206,7.713444,1.3639375,33.997707,0.30357054,770.68134,0.22312292,1363.9153,0.13915366,-52.22916,-1.3203853,1906.8898,0.11828032,1174.0875,0.29362133,-65.9325,-0.8926921,2987.5354,0.07240195,1008.4758,0.28811738,-69.119896,-0.82406235,-23.110624,-0.39586478,34.84177,0.28025508,0.063784346,0.3040245,-0.028604934,-0.49463576,0.5979414,0.69673944,31.970493,0.3858286,18.832169,0.7602811,1.6318889,8.688247,-20.491467,-0.67133063,-18.203308,25.500406,0.040136993,-0.0070145777,0.2671189,3.617571,2.0997376,0.385,0.2791505,0.095,0.06291529,-16.074253,9,3-2,146,SPEAKER_02,2701.033333,2706.3,2701.95471875,2706.3,2,3.889656250000371,disengaged
36.66372,0.09136479,34.427895,36.751854,38.280373,3.852478,624.96106,1017.8076,20.709034,19.072086,0.6710699,0.750403,0.21003245,0.5957531,1.1036013,0.8935689,10.896516,5.848934,6.6380153,3.9283528,0.4225869,0.9716433,20.368912,1.0353088,11.74118,1.206707,-3.9160993,-4.2825994,-11.862445,-1.195629,0.020394875,1.3164339,1.2542999,0.7005472,8.306396,0.469007,5.660574,1.8009673,31.209553,0.3493603,785.1783,0.21738696,1362.6962,0.1902589,-85.81689,-1.0521705,1853.9204,0.1335344,1127.1814,0.2683411,-92.03121,-0.8752491,2947.95,0.08460875,1024.3539,0.28510195,-97.20379,-0.7836521,-16.744295,-0.58893317,29.704884,0.37483394,0.067652926,0.28553176,-0.023022318,-0.66622806,0.6069064,0.6734086,29.705431,0.4768805,9.636193,1.4967827,-7.41211,-2.1810262,-18.071049,-0.67406946,-5.2134547,13.41621,0.03676706,0.010395855,0.12213901,3.1712472,2.7659576,0.21615385,0.2096898,0.15285714,0.13530011,-18.718342,9,3-2,147,SPEAKER_02,2706.333333,2716.666667,2706.333333,2716.666667,4,9.472708999999668,engaged
33.792007,0.055548236,31.552704,33.949867,36.05768,4.5049744,122.401794,77.20112,10.356627,6.136527,0.67136323,0.7661886,0.17161553,0.5382115,1.2182412,1.0466257,16.681414,4.231577,5.701803,1.6012715,0.38562283,0.89877874,24.05071,0.5621881,7.1196103,2.601557,-5.8793144,-2.928763,-4.7240715,-2.9261448,0.028483074,1.4930546,1.5714089,0.83370626,4.995491,0.78611654,10.901526,0.8188043,28.318913,0.3717185,678.3376,0.29824206,1407.251,0.17206493,-70.34021,-1.1966753,1676.6929,0.18245281,1123.4117,0.2198171,-71.62265,-1.1133398,2809.3364,0.09451519,1079.0469,0.2467031,-80.84297,-0.9068939,-9.671647,-1.1649597,29.122742,0.2806573,0.055218954,0.4243551,-0.0076602693,-2.502926,0.516521,0.6439907,30.151073,0.25955755,3.6913626,4.6202617,-9.257683,-2.111,-8.30092,-1.7428675,-5.4386077,14.1499605,0.021811945,0.013275382,0.06610062,1.9417477,4.2105265,0.155,0.06946222,0.08,0.045460604,-20.81036,9,3-2,148,SPEAKER_02,2716.7,2718.266667,2716.7,2718.266667,2,1.0435419999994338,disengaged
38.302742,0.1356209,34.997223,38.33323,41.722816,6.7255936,166.40002,181.05212,121.4784,179.8597,0.46427274,0.88244236,0.13175267,0.37566748,0.6943345,0.56258184,8.755119,6.7283344,5.7058835,4.302866,0.25027502,1.3862404,22.713732,0.7400058,9.411263,1.3712739,-1.9817408,-7.222871,-22.026796,-0.89052,0.024035843,2.0446668,1.0718778,0.8860723,10.148873,0.45496324,11.099696,1.0243168,31.88641,0.3459692,782.0579,0.20400885,1289.2767,0.17076558,-72.96534,-1.1841636,1907.4551,0.11555949,1070.1027,0.30987355,-81.55877,-0.92605096,2955.0537,0.07568361,957.87054,0.32878292,-84.40072,-0.8686276,-20.273712,-0.47541332,31.587536,0.33132643,0.06398079,0.35277903,-0.02781062,-0.6417441,0.32371396,1.1892939,28.704597,0.38876754,8.456387,1.5735619,-4.067673,-3.5867772,-27.643042,-0.64028865,-9.115927,17.258083,0.0462218,0.00055977947,0.08395869,2.2637591,2.4131474,0.2787931,0.22546564,0.12950979,0.13551916,-20.586012,9,3-2,149,SPEAKER_02,2718.3,2860.066667,2718.3,2827.35284375,28,48.1678437499977,engaged
40.218594,0.12224543,36.43872,39.481552,42.59111,6.1523895,43.6462,46.677605,39.65531,55.004284,0.3029474,0.71177065,0.13678855,0.25791824,0.45340556,0.316617,4.8689365,2.3274825,2.7955177,1.6522952,0.10990084,1.4225652,19.664865,0.6121206,8.223847,1.6731828,7.4604354,2.5908647,-33.186035,-0.51405615,0.02012271,1.6551834,1.1172699,0.7529442,10.246291,0.3520288,13.389037,0.7561057,23.863827,0.4383841,762.7545,0.22994557,1322.1846,0.15752845,-48.4113,-1.4197321,1925.0708,0.12476799,956.3601,0.45349973,-57.59,-1.0297736,2881.606,0.070671044,903.61505,0.31609097,-56.237972,-1.0594647,-17.125711,-0.40612245,25.263828,0.35059717,0.06047537,0.34690362,-0.027091041,-0.55856365,0.12640476,1.3174014,21.804743,0.47623032,7.3955216,1.8810822,7.325643,2.7620418,-36.40451,-0.4223324,-8.971244,16.591217,0.03443016,0.00017428811,0.02726593,3.828484,1.8547142,0.4425,0.37427986,0.06846154,0.04849206,-28.676613,9,3-2,149,SPEAKER_03,2718.3,2860.066667,2721.95159375,2728.9715937500005,2,6.547500000000582,engaged
42.660484,0.12899745,38.668465,41.91649,46.962727,8.294262,86.975845,37.722134,363.8632,574.17065,0.26861063,1.0210316,0.054899182,0.17998777,0.40374997,0.3488508,5.089803,3.0138032,2.1208746,1.4079971,0.11870925,1.6077722,10.13509,2.009517,12.098979,0.72993565,-0.99565405,-12.5830765,-26.884186,-0.85621583,0.033496603,1.5168872,0.92836374,1.0261374,10.551662,0.41318813,19.102945,0.46081123,31.634306,0.38434222,768.53687,0.17611031,1264.2831,0.14550602,-116.463295,-0.7869434,1964.0562,0.10232826,982.95026,0.29742506,-120.84181,-0.66343933,2943.894,0.0688886,966.0269,0.38628638,-118.60515,-0.6829327,-21.484243,-0.4235356,29.318954,0.3805203,0.07689278,0.35349807,-0.039235506,-0.43911704,0.2146229,1.0942664,22.040176,0.5840375,8.82332,1.03918,-5.4930506,-1.8965135,-43.472168,-0.38187432,-5.083961,11.672608,0.034798406,0.00027053934,0.029623788,2.360515,2.386117,0.19454546,0.1118736,0.20272727,0.096868314,-28.35796,9,3-2,149,SPEAKER_00,2718.3,2860.066667,2740.37909375,2853.01971875,6,4.674375000000055,engaged
37.997437,0.11958207,35.19029,37.67936,39.533737,4.3434486,137.23541,135.43248,85.85504,124.1854,1.0006765,0.672019,0.40155676,0.83031535,1.663182,1.2616253,13.231036,5.949907,7.2159605,3.6208146,0.6414705,0.83797854,26.295717,0.59561634,3.1362107,6.148487,-7.8283954,-2.020402,-15.793602,-0.95633805,0.02828507,2.374752,1.0881908,0.73538303,8.473163,0.4379472,6.809373,1.7696291,29.725613,0.38773826,780.2498,0.252974,1327.5096,0.23412801,-62.392494,-1.3566301,1849.8558,0.14470579,1145.853,0.24233373,-70.17794,-1.0576284,2914.7458,0.08518022,1044.4153,0.39288104,-75.47996,-0.943916,-14.607064,-0.6787784,29.890348,0.3330701,0.06498027,0.25462812,-0.021503199,-0.70659196,0.7815718,0.6737149,30.0021,0.41645786,0.8908109,18.739347,-10.161112,-1.3465981,-20.805092,-0.6725629,-8.933539,20.076212,0.04266493,0.00055905327,0.26842183,3.0991738,1.8828453,0.38555557,0.4298607,0.12555555,0.06601533,-15.45354,9,3-2,150,SPEAKER_02,2860.1,2865.7,2860.1,2865.32159375,2,4.850343749999865,disengaged
36.991684,0.05128487,36.0015,37.31465,38.52381,2.5223122,199.84685,120.15673,10.138772,1.1782308,1.0531253,0.57803816,0.51322335,0.9944446,1.6558751,1.1426518,12.043262,6.332846,8.041648,5.8112745,0.74803245,0.6428128,30.231087,0.24606752,7.431044,1.8864127,-0.45934168,-42.825924,-21.804354,-0.6497455,0.020513259,2.0324404,1.1237276,0.5443837,9.098099,0.3531557,4.607743,1.6228096,28.0088,0.32912013,767.6111,0.21221277,1404.0747,0.16547288,-54.859222,-1.3980854,1815.8727,0.14536645,1156.9343,0.20939675,-63.36477,-1.0910053,2871.81,0.08142768,887.9957,0.28839013,-67.38113,-0.97509694,-17.874676,-0.6264655,32.050835,0.27706409,0.07400411,0.22551894,-0.026487133,-0.534294,0.90511113,0.47560102,32.003983,0.17289391,5.8464594,2.645653,-4.966816,-3.9446685,-23.213982,-0.5625994,-19.77904,29.91565,0.07456575,-0.018457709,0.30501312,3.968254,1.6528927,0.47,0.35999998,0.07333333,0.032998316,-13.634238,9,3-2,151,SPEAKER_02,2865.733333,2867.1,2865.8278437500003,2867.1,1,1.2721562499996253,engaged
36.6926,0.15615854,34.270077,36.16582,37.618233,3.348156,365.79282,321.65915,219.26387,255.04756,0.64446425,0.78139627,0.21244703,0.49512795,1.1039381,0.89149106,11.522007,4.707993,6.8700347,2.4056604,0.437236,0.9306185,20.937004,1.0810598,10.85511,1.4499139,-1.5165886,-10.483534,-8.853201,-1.7720416,0.030423183,1.8910993,1.5178615,0.69021773,7.31791,0.55524904,9.062687,1.0795804,31.403774,0.4176998,778.69696,0.24520731,1361.4077,0.19234005,-70.70364,-1.1956444,1849.1152,0.12123936,1169.5424,0.2507264,-76.19821,-0.98188686,2918.0288,0.07468381,1071.7822,0.2572517,-81.886055,-0.86498636,-16.444084,-0.8125857,29.21844,0.49383467,0.060836688,0.37847394,-0.017666453,-1.2649243,0.5767757,0.70884067,27.68082,0.6434808,9.67292,1.6929516,-2.0704045,-8.518711,-14.43606,-0.93704665,-3.473514,11.576805,0.035356667,0.012468467,0.11365791,3.804348,3.3240998,0.20416665,0.15168269,0.07666666,0.057203345,-18.83414,9,3-2,152,SPEAKER_02,2867.133333,2871.5,2867.32971875,2871.5,2,3.6977812499999345,disengaged
36.840424,0.049455114,35.242897,37.207657,38.25539,3.0124931,88.19584,106.29102,20.879425,9.632863,0.6381171,0.6407218,0.2800962,0.5894848,0.9230112,0.642915,9.945371,10.907443,10.987181,6.8021894,0.48199472,0.78590286,25.331263,0.742748,13.8702135,1.0293554,3.2531266,4.3833385,-12.3446665,-1.1692196,0.020938477,0.9571478,1.4130106,0.7263258,9.273055,0.4268933,8.9896145,1.3661109,32.719833,0.3458456,790.8815,0.21624494,1335.6025,0.15951012,-65.45237,-1.1978805,1922.5823,0.11913704,1101.5432,0.24844147,-77.06063,-0.87344575,3007.4858,0.079680175,1089.4768,0.33237976,-80.45623,-0.8056593,-23.57617,-0.4608987,35.74593,0.29192048,0.05142397,0.42340624,-0.025242465,-0.63706666,0.5997657,0.5748382,32.735394,0.32479775,14.306808,0.968866,4.3883963,3.2335403,-16.03215,-0.81899345,-6.3592343,13.968283,0.04630068,-0.0014149998,0.18721344,4.060914,2.1052632,0.35,0.06284902,0.081999995,0.016,-16.345203,9,3-2,153,SPEAKER_02,2871.533333,2874.2,2871.533333,2873.52284375,1,1.9895107500001359,engaged
42.618317,0.12301421,37.230553,44.183533,47.07671,9.846157,102.964195,123.1526,35.608402,20.25589,1.0565329,0.68814814,0.29929903,1.0471826,1.7436507,1.4443517,11.786664,5.356562,6.0738287,3.5092018,0.5405051,0.87631625,17.283817,0.7290265,0.12137087,110.29906,-9.677797,-1.6264284,-39.656094,-0.50823975,0.01812753,1.7462375,1.0274737,1.0212111,10.502549,0.42872024,7.2665334,1.3351729,22.701527,0.68089306,843.0636,0.23945989,1252.2714,0.19809781,-43.497005,-1.579579,1867.9148,0.15366688,1091.0077,0.3542739,-51.861275,-1.1541011,2926.0095,0.06951408,875.34753,0.43148264,-54.39468,-1.0720282,-11.906516,-0.51773876,22.677977,0.4235335,0.07853374,0.3608545,-0.016799405,-1.1908325,0.6138619,0.76838565,16.99601,0.73627615,-2.6163514,-4.939883,-11.952519,-1.2928004,-43.772404,-0.41608924,-14.2590475,22.322083,0.05652715,-0.0066711274,0.23956275,3.6290321,3.3057854,0.24374999,0.22214508,0.051666662,0.02409472,-16.22875,9,3-2,154,SPEAKER_02,2874.233333,2878.5,2874.233333,2878.5,3,2.4947919999995065,disengaged
36.65147,0.13789526,33.87778,35.04612,39.457325,5.579544,290.9898,358.1692,-0.13314565,34.546627,0.8547967,0.7641815,0.24022269,0.6324317,1.5574558,1.3172331,12.534691,7.7407103,7.835532,3.6410804,0.5558434,0.9510032,22.859795,0.9674137,8.643945,1.9017978,-7.717533,-1.9872082,-11.654547,-1.3025104,0.02070476,1.9506752,1.1837603,0.6546392,7.981783,0.5748493,10.672379,0.94735366,30.774014,0.41122308,770.75726,0.24350706,1346.8549,0.15874043,-65.614655,-1.2772962,1838.1963,0.14914092,1208.5864,0.22913232,-71.87932,-1.0223033,2921.0117,0.102818936,1057.8235,0.2783401,-77.35964,-0.8957705,-14.782295,-0.8472788,30.909433,0.3940212,0.057620402,0.3244679,-0.017514195,-1.11463,0.71140736,0.720446,29.561121,0.52099633,6.856606,2.500085,-8.87678,-1.7875484,-15.795009,-0.79424846,-4.622254,13.923146,0.04308482,0.004586505,0.1574784,3.5490606,3.1645572,0.22266667,0.20141056,0.083076924,0.064615384,-15.476842,9,3-2,156,SPEAKER_02,2880.633333,2914.3,2880.633333,2899.8984687500006,3,4.8032607500003905,disengaged
40.823063,0.08540848,38.266502,41.55042,43.578484,5.311981,140.65807,246.5596,31.842552,26.356306,0.29332367,0.8057297,0.08870949,0.25904655,0.43965596,0.3509465,4.223329,2.7701693,2.6544807,1.5369071,0.1027727,1.0774596,20.293022,0.7456617,5.919665,2.030506,-0.6640915,-23.846634,-25.713982,-0.7252013,0.02019687,1.6785364,1.1489958,0.85972327,10.69974,0.3313285,11.258103,0.7464269,25.777866,0.39405528,817.7146,0.19522077,1306.0775,0.16404788,-71.94043,-1.1396706,1915.1913,0.12827961,1054.7456,0.3345369,-77.07651,-0.94008267,2918.5542,0.07232974,934.6314,0.37765187,-78.45149,-0.91206086,-16.876955,-0.45524943,28.211035,0.31516317,0.06013563,0.3602197,-0.017335499,-0.9707644,0.12768854,0.92381626,24.745502,0.41524205,4.6979165,2.6560535,-2.342148,-7.122318,-32.268917,-0.51865757,-6.815681,16.158157,0.038519736,0.013483462,0.036891617,3.3918128,2.591284,0.27045453,0.18266903,0.105,0.085994184,-31.02082,9,3-2,156,SPEAKER_01,2880.633333,2914.3,2887.49534375,2914.3,5,8.562781250000626,disengaged
40.186005,0.03554074,39.357018,40.78739,41.07885,1.7218323,2.4937303,7.1786194,16.220278,9.724929,0.20081201,0.8719138,0.05099016,0.14590836,0.33666077,0.2856706,3.6051757,1.4982074,1.7970644,1.2806953,0.07022784,0.89485645,21.861927,0.37308583,8.979852,1.4109101,3.2355716,6.068085,-21.319975,-0.8151527,0.023899341,0.77319497,1.871151,0.5982382,9.00858,0.40723607,13.173077,0.7782798,26.133038,0.44132417,796.79767,0.23166312,1362.4773,0.13327372,-66.53795,-1.1786454,1898.7518,0.11499557,1149.514,0.42056534,-71.56374,-0.87017614,2882.474,0.08656417,1068.1226,0.35270044,-72.47087,-0.8637596,-17.497377,-0.4043405,28.548208,0.3398527,0.051698547,0.30215612,-0.014632332,-1.3981321,0.08277566,0.7963808,23.116182,0.3602261,8.6313095,1.5387667,3.393923,5.735722,-24.847792,-0.7454502,-13.35109,24.802603,0.02521864,0.0088360105,0.02517921,5.2173915,5.4545455,0.13,0.060277138,0.056666665,0.01699673,-35.74485,9,3-2,156,SPEAKER_03,2880.633333,2914.3,2886.3815937500003,2890.02659375,2,1.1643749999993815,disengaged
39.55343,0.12564468,37.264168,39.554794,42.751,5.4868317,201.47368,301.46796,35.772694,25.463177,0.44537544,0.8046621,0.14214402,0.37806973,0.6809464,0.5388024,6.869017,6.445983,5.1239343,2.9067683,0.16657093,0.97679555,21.179577,0.7733756,3.188174,3.9816844,-9.225671,-2.1391375,-27.348091,-0.68782234,0.024903947,2.4741502,1.1343145,0.8061885,9.74068,0.38842762,10.7252655,0.98445195,32.318485,0.27650458,727.6518,0.2660819,1394.3507,0.16698235,-50.79482,-1.5873228,1749.7902,0.13497928,1169.792,0.31904158,-57.83282,-1.1908948,2884.5933,0.075267434,939.92365,0.38605228,-64.33023,-1.0145483,-14.500279,-0.50451064,28.472078,0.29030383,0.06301816,0.36241424,-0.020321032,-0.8199503,0.19808291,0.83865666,25.04801,0.4200107,0.7962205,15.702803,-11.87746,-1.7039473,-32.603916,-0.48975506,-5.9614663,15.648111,0.039622616,0.0010708142,0.047182348,3.2367973,2.0654044,0.3775,0.36398545,0.09545455,0.057265513,-26.532366,9,3-2,157,SPEAKER_01,2914.333333,2943.633333,2914.333333,2938.96409375,4,5.882635749998826,engaged
37.818398,0.10261476,35.178757,38.26208,39.9435,4.764744,107.37917,76.53801,24.191628,7.2204995,0.33577967,0.71763515,0.11318813,0.28106567,0.57650167,0.46331352,6.537463,3.1804562,3.9037967,2.0842266,0.11327514,0.8290059,17.014849,1.0000889,11.791811,1.0698956,4.240903,3.8104296,-22.625078,-0.7160627,0.021282986,1.2863072,1.2790555,0.8726945,9.692486,0.37181067,10.599152,0.91905564,27.645311,0.3881393,733.9766,0.22101733,1349.5894,0.15341377,-71.7722,-1.1530764,1810.8203,0.11548593,993.50287,0.37046182,-76.61605,-0.97023875,2882.0479,0.07030385,827.7537,0.29075924,-79.94721,-0.89565164,-15.299953,-0.6093072,25.764128,0.43883744,0.06025451,0.3178112,-0.020252796,-0.7648801,0.14187881,0.65113986,21.115107,0.66058534,10.025498,1.2771639,3.4300241,5.086641,-27.044727,-0.52334327,-7.969451,14.871748,0.04010352,0.00036638844,0.042633604,4.6838408,3.3254156,0.20428571,0.215032,0.0875,0.060707636,-30.462801,9,3-2,157,SPEAKER_03,2914.333333,2943.633333,2938.96409375,2943.633333,2,4.281114250000883,engaged
41.595127,0.12079326,38.057938,40.89507,46.49255,8.434612,45.00082,23.097893,138.69785,182.4766,0.47638986,0.79039276,0.11438245,0.38564315,0.8886129,0.7742305,5.5454993,4.014583,3.7108965,2.738417,0.18469931,1.1101487,17.9165,0.8728771,2.751727,4.9301567,-8.567529,-1.5588675,-30.956846,-0.5483713,0.027966585,2.122471,0.9741589,0.9382728,11.040474,0.41224208,12.297545,0.6951803,28.36144,0.4784466,754.2499,0.25794914,1355.987,0.19626664,-87.2573,-1.0600731,1816.5061,0.13511105,1092.7799,0.34952286,-83.3243,-0.97922516,2901.5208,0.0747547,967.06244,0.40773392,-86.63953,-0.9136104,-16.71437,-0.40318787,27.274506,0.3518876,0.07978634,0.3123661,-0.026217788,-0.5402214,0.25380427,0.85175526,22.449306,0.5064396,-1.0716193,-12.80319,-12.310817,-1.0530908,-37.28064,-0.37887603,-8.506903,16.714296,0.055204812,-0.005076528,0.048169963,3.0048077,2.0581114,0.3117647,0.2405199,0.17466667,0.15178347,-24.289907,9,3-2,157,SPEAKER_02,2914.333333,2943.633333,2918.2753437500005,2933.02409375,7,8.336249999998927,engaged
37.600025,0.08304815,36.509014,38.402992,39.802383,3.2933693,138.36894,134.24573,37.702854,35.008194,0.42215163,0.94180274,0.024734672,0.30820632,0.7517916,0.7270569,6.0144486,1.9382062,1.7703378,1.7609706,0.12174922,0.99631953,13.492478,1.3480883,-0.63891155,-27.133953,1.4044795,11.583332,-15.117951,-0.9020821,0.016104063,1.4204348,1.118606,0.90333587,9.0955925,0.35301432,4.167099,2.633345,20.260128,0.5344003,691.4964,0.26205847,1428.8303,0.18706433,-91.4547,-1.0401311,1710.0812,0.116838016,1106.3882,0.2761593,-88.16289,-1.0031147,2777.2126,0.1058174,943.66254,0.4397244,-92.68398,-0.9123983,-9.463837,-0.8731938,22.55916,0.37005955,0.055416208,0.348224,-0.010478611,-1.5054079,0.18285535,0.65613693,23.900717,0.40444,-7.4944377,-2.4241486,-4.368641,-3.6543121,-20.890541,-0.5772954,-0.47019342,5.584608,0.03795839,0.020056808,0.026807703,2.739726,2.3364487,0.25,0.13928388,0.19999999,0.18027756,-28.41178,9,3-2,158,SPEAKER_03,2943.666667,2945.866667,2943.666667,2945.866667,1,2.199999999999818,disengaged
38.515068,0.13955954,34.70054,37.859398,43.0266,8.326061,107.83741,99.692696,439.65222,1023.0807,0.34024873,0.8400636,0.07508556,0.26296756,0.6273624,0.5522768,5.1140676,2.166,3.0722272,1.9330075,0.10953581,0.98847204,13.439703,1.1967353,7.029445,1.8203363,5.9736867,2.409247,-25.38973,-0.90236956,0.030924996,1.9221276,1.350541,0.8528213,8.11597,0.47285512,10.51242,1.0034707,20.791187,0.533818,756.51715,0.21727012,1284.0328,0.19537547,-78.61081,-1.1252428,1892.439,0.12142299,969.60077,0.45925525,-84.95388,-0.91891485,2859.3298,0.07719293,853.00055,0.3599318,-83.04165,-0.95362335,-13.976524,-0.6286252,21.698584,0.5018782,0.06649135,0.3605455,-0.02260239,-0.7439772,0.1499706,0.71881664,19.675962,0.62591964,4.756495,2.7736754,6.3090014,2.3055575,-35.241528,-0.56407523,-4.3038263,10.512605,0.030546296,0.012119389,0.02680825,3.4431138,2.5641026,0.25117648,0.10526618,0.11764705,0.08320982,-31.309082,9,3-2,159,SPEAKER_03,2945.9,2965.0,2945.9,2965.0,4,6.696875000000091,engaged
39.20269,0.1054424,35.779484,39.969727,42.51198,6.7324944,98.24287,106.85898,270.1688,649.5746,0.4201208,0.7656713,0.1019098,0.36382094,0.7101068,0.608197,6.3138356,2.51499,4.1839375,2.3179655,0.1476237,0.92007965,16.862104,0.87933964,2.573721,5.2887297,2.8534968,5.1585097,-22.833273,-0.8577468,0.027708255,1.5521921,1.2145323,0.8849969,8.725651,0.43092343,6.64068,1.4711024,20.953896,0.5711784,739.2516,0.27450433,1301.9694,0.17546919,-80.80884,-1.1018034,1789.684,0.122810334,1011.0009,0.33913767,-79.287315,-0.9996021,2829.0908,0.09382652,947.30725,0.41323808,-81.05252,-0.962166,-12.240033,-0.5485321,21.67656,0.45683256,0.055934075,0.3745211,-0.01648958,-0.9356698,0.1889157,0.73427874,19.847294,0.67116874,-1.0344988,-13.828298,1.2690458,11.503827,-28.27894,-0.6380841,-9.428346,16.351963,0.042309795,-0.0039138314,0.06514554,3.7950664,2.6819925,0.24499999,0.16194135,0.10785714,0.13649587,-29.33179,9,3-2,159,SPEAKER_01,2945.9,2965.0,2952.0253437500005,2962.3359687500006,4,5.281875000000582,engaged
39.97259,0.050077353,38.987415,40.191242,41.170048,2.1826324,15.018502,3.6939254,49.471268,59.830368,1.852806,0.41285366,1.2403678,1.9198122,2.5974731,1.3571054,17.088507,14.890445,10.240338,6.5021133,0.6745722,0.7237543,18.421955,0.36591017,-13.02711,-0.6242226,-27.543398,-0.43372363,-40.0388,-0.31807208,0.007641197,1.5001608,0.6298576,0.96807075,11.973572,0.24843124,1.4526418,6.9407287,28.57297,0.3135515,758.635,0.31132868,1447.3242,0.17077903,-10.441014,-5.9376464,1693.6962,0.13554655,1172.5558,0.18559274,-18.816875,-2.6556802,2911.4768,0.07605767,913.0188,0.3597507,-32.93827,-1.3799978,-8.03981,-0.7539322,22.400211,0.21249667,0.051222205,0.30602357,-0.022326594,-0.48123187,0.739935,0.6452216,18.685806,0.29575318,-14.270353,-0.48027676,-28.940367,-0.39245033,-43.028385,-0.20000657,-2.3326104,16.246832,0.019660007,0.017017724,0.13650371,3.468208,1.1976048,0.765,0.695,0.11,0.0,-12.967391,9,3-2,160,SPEAKER_03,2965.033333,2969.833333,2965.033333,2967.0272187500004,2,1.7407607500003905,disengaged
37.608505,0.08363959,35.808098,37.447853,39.255207,3.4471092,118.29947,141.12704,13.749031,50.892437,1.5160657,0.8088419,0.55245835,1.0895401,2.5828795,2.0304213,11.024,6.3348594,7.021419,3.0281851,0.7766401,0.77348924,19.845032,0.74837965,-4.5685477,-4.0887294,-16.155752,-0.82160145,-14.920202,-1.1657228,0.022600485,2.1391532,1.0131674,0.8605444,8.570528,0.3711994,4.8302474,1.9536308,24.056961,0.5320321,754.8805,0.28525785,1272.4097,0.15337679,-42.276073,-1.7697839,1785.3807,0.15643689,1155.5624,0.2437603,-44.49328,-1.533469,2826.622,0.09678851,956.599,0.2886079,-53.100327,-1.1881851,-6.669869,-2.1330845,26.558744,0.3693352,0.05698431,0.35089526,-0.007816744,-3.2964606,0.8925572,0.6705733,20.87938,0.67086846,-6.4062943,-3.0230582,-17.965601,-0.7496849,-19.081951,-0.8135766,-6.818473,20.444763,0.036831528,0.002709902,0.35366753,2.6666667,3.181818,0.25,0.30133036,0.049999997,0.025166115,-13.387207,9,3-2,160,SPEAKER_02,2965.033333,2969.833333,2967.24659375,2969.5078437500006,1,2.261250000000473,disengaged
36.03418,0.10141698,34.244007,36.71498,38.794075,4.550068,273.31268,224.47903,19.515537,14.679698,0.9008319,0.5994503,0.40023765,0.8259236,1.3149961,0.91475844,12.674613,7.840576,6.631355,2.7479682,0.554049,0.69740707,30.908981,0.3594109,6.9200416,2.3447418,-6.7237263,-2.1866999,-13.62711,-0.9051263,0.02295258,1.6259905,1.1513557,0.65931356,8.847312,0.4972505,5.994005,2.2974997,31.470148,0.38930753,769.8913,0.22497986,1362.9047,0.20351402,-49.531956,-1.4978912,1860.7196,0.14351447,1154.5568,0.19867691,-61.360054,-1.0650967,2950.081,0.08720004,1043.2302,0.2730808,-67.20427,-0.92727023,-17.416275,-0.55866635,33.831764,0.28888687,0.056995854,0.28804007,-0.023031708,-0.68465316,0.6204828,0.6234435,33.779472,0.23851646,6.6584845,2.3853076,-7.244294,-1.8171717,-16.996284,-0.6287748,-7.5222692,24.386787,0.038677637,0.0038525003,0.30465302,3.3210332,1.509434,0.5275,0.5618885,0.1125,0.08042854,-16.439632,9,3-2,161,SPEAKER_02,2969.866667,2973.8,2970.14909375,2973.8,3,2.722781250000935,engaged
35.089462,0.107807405,34.291374,36.35165,38.011417,3.7200432,72.066536,63.156937,13.362541,13.609366,1.1025766,0.49574476,0.61608434,1.089635,1.5989306,0.98284626,10.270591,2.8889756,6.9215527,3.2158298,0.64964277,0.6043712,32.52361,0.34377998,2.319006,5.4263926,-12.735121,-1.1740634,-21.864878,-0.7600034,0.019714665,1.417824,1.1172107,0.653621,8.495175,0.44287303,1.979174,6.24196,31.74292,0.35699138,748.9799,0.20169133,1425.0985,0.13604373,-27.296263,-2.2473364,1792.8743,0.13866076,1237.2295,0.16823342,-40.637627,-1.3358542,2867.3452,0.09775338,1137.8003,0.46578535,-50.221405,-1.0072453,-15.496327,-0.6445086,34.21275,0.1951526,0.06611647,0.3053546,-0.021269666,-0.9586528,0.68718016,0.53441244,34.85549,0.1757567,2.7267802,4.7606034,-12.523225,-1.2340398,-21.466808,-0.7234299,-4.3364406,16.287977,0.05203932,-0.0015643017,0.5058236,5.3691273,2.097902,0.4133333,0.36554375,0.07,0.01,-15.649818,9,3-2,162,SPEAKER_02,2973.833333,2975.333333,2973.833333,2975.333333,1,1.5,disengaged
37.3067,0.09860449,34.992573,37.08851,38.598827,3.6062546,314.50458,591.92676,41.943348,65.57216,0.69044685,0.77494943,0.19474491,0.61746776,1.0751808,0.8804358,11.966902,7.1167817,7.1527967,4.494833,0.47997224,0.99676776,26.009441,0.6618196,12.541889,1.2134523,0.21213545,73.14022,-13.422479,-1.3313496,0.023230033,1.4533057,1.2067169,0.7519769,9.449789,0.42205098,8.975288,1.3148978,31.813696,0.3889402,781.9904,0.23721871,1349.6742,0.18390705,-66.84559,-1.1901239,1890.6863,0.12895983,1124.2445,0.2721126,-75.69354,-0.9157635,2957.8423,0.08254941,1038.7692,0.27923703,-79.38164,-0.8393097,-21.238718,-0.51318806,33.620815,0.33922344,0.06025956,0.38256067,-0.024197198,-0.7054505,0.5893658,0.81438315,31.401796,0.3941156,11.916046,1.3352339,0.11584943,138.20264,-17.989265,-0.91876054,-9.555435,17.82336,0.03731859,0.0071733464,0.15770778,3.2649963,2.586535,0.27970588,0.21084544,0.10175439,0.10463173,-16.798273,9,3-2,163,SPEAKER_02,2975.366667,3004.7,2975.366667,3004.23659375,7,26.355551749998995,engaged
35.1199,0.065521486,33.220055,35.34614,37.318966,4.0989113,290.26526,6.4022064,30.129272,38.518997,0.5522912,0.5649573,0.3031242,0.5682137,0.8667785,0.5636543,5.601303,2.5032067,4.3477693,2.3320975,0.32957047,0.7553831,31.506495,0.44475004,19.948647,0.5669313,5.4417806,2.8583007,-13.816938,-1.1857327,0.026667627,2.044252,1.0429034,0.93161833,10.420827,0.24606311,14.335594,0.5651188,43.219254,0.21116053,707.6917,0.3084228,1420.6489,0.15302132,-75.76197,-1.1307076,1908.3296,0.11599427,1283.7571,0.20882893,-88.5175,-0.7831418,2955.0042,0.08694768,1130.0381,0.24198286,-91.65875,-0.7321163,-27.28297,-0.21744141,39.972008,0.17783307,0.058075923,0.36231083,-0.03191951,-0.31726238,0.38245478,0.6240577,38.6429,0.19355012,21.90709,0.42566663,4.4514947,3.246804,-16.442614,-1.0261749,-11.416691,16.990112,0.039426964,0.00018894995,0.1880899,4.9180326,3.448276,0.1925,0.17239127,0.099999994,0.080415584,-20.137556,9,3-2,164,SPEAKER_02,3004.733333,3006.166667,3004.9284687500003,3006.166667,1,1.2381982499996411,disengaged
36.22116,0.094533294,34.511967,36.241043,38.168808,3.6568413,333.6164,376.88885,26.314114,25.333681,0.62407964,0.8507431,0.1766457,0.5108901,0.9639451,0.7872994,10.410065,5.2447505,8.082163,5.7688107,0.3983176,0.9633938,24.475235,0.73984915,12.265692,1.2060424,-0.48314044,-32.997097,-9.451315,-1.6815746,0.024274841,1.7279508,1.3152127,0.7447268,8.823956,0.36832792,8.188683,1.578087,32.24069,0.39938745,773.2225,0.24080712,1352.8036,0.18307123,-77.17193,-1.1059567,1844.1085,0.12387063,1177.1608,0.29366383,-85.30585,-0.8896123,2930.0269,0.07846642,1045.6309,0.2925604,-90.29429,-0.79951173,-18.861498,-0.5726684,32.948364,0.3249204,0.05683736,0.38762513,-0.018629795,-0.94544524,0.5278943,0.721171,31.894966,0.3924305,10.143278,1.5509342,-1.8999531,-8.958131,-13.273125,-1.1239648,-9.270693,17.596127,0.0358524,0.006479561,0.13248247,3.8239539,2.7516294,0.23605262,0.18844989,0.111666664,0.10701764,-18.722582,9,3-2,165,SPEAKER_02,3006.2,3035.733333,3006.2,3035.733333,7,13.873333000001367,engaged
40.418495,0.100802235,36.82674,40.890057,43.616936,6.7901955,138.0636,128.65376,50.23787,42.256084,0.5293716,0.8156853,0.1365566,0.4234537,0.8644932,0.7279366,9.317207,5.3987722,3.8919346,2.1797903,0.1954949,1.0904986,16.37632,0.70322216,3.7313907,3.554139,2.99508,5.778954,-31.761147,-0.6729927,0.024375778,2.2279494,1.031912,0.9491455,10.142672,0.3728368,9.753441,0.96335185,20.005045,0.518163,781.363,0.20129733,1292.679,0.1656928,-53.39373,-1.4366506,1896.1375,0.11598499,911.90094,0.48379076,-60.396748,-1.1008111,2891.1067,0.066580504,861.9741,0.40102482,-60.032288,-1.1101559,-13.957343,-0.49993795,22.744137,0.40484393,0.06868921,0.31150445,-0.024924062,-0.71047294,0.23118319,0.94383574,19.163834,0.4557426,1.3576602,9.474164,2.3342066,7.76127,-37.732582,-0.48965904,-8.120748,14.649436,0.04495827,0.0037817357,0.06538894,2.6785715,2.4169185,0.321875,0.22946183,0.087692305,0.06985192,-25.14224,9,3-2,165,SPEAKER_03,3006.2,3035.733333,3008.33721875,3017.97284375,6,6.7331250000002,engaged
36.55445,0.12549771,34.166363,36.75663,38.82002,4.653656,133.46495,125.37963,62.05737,68.11954,0.5604914,0.7243423,0.18806045,0.49755538,0.8443783,0.65631783,9.7551155,5.9639363,6.890526,3.9312437,0.34931457,0.98852223,26.29126,0.66359824,11.456673,1.2708161,-1.7541077,-9.126029,-14.531459,-1.1715833,0.023292426,1.4064678,1.2854383,0.7918646,8.815446,0.45203617,11.518695,1.0246485,34.9417,0.31568444,758.5522,0.25425836,1397.185,0.18092005,-61.492332,-1.2948828,1828.3845,0.13922524,1190.7817,0.27191058,-70.02721,-0.9820506,2944.9749,0.07834438,1045.1565,0.29611143,-75.92382,-0.86003286,-19.415745,-0.50907356,33.15353,0.32932955,0.060104147,0.35302603,-0.02144577,-0.8062726,0.42670232,0.8435199,31.649775,0.40952265,9.81777,1.4808074,-2.8782682,-5.811542,-18.481876,-0.8619371,-9.581196,18.466717,0.03274649,0.0038550813,0.11705671,4.3848963,3.3128836,0.2188889,0.1465235,0.07041667,0.04227679,-19.428122,9,3-2,166,SPEAKER_02,3035.766667,3044.733333,3035.766667,3044.733333,3,8.224166000000878,disengaged
37.59009,0.14735672,34.44377,36.957207,40.808773,6.3650017,244.7365,437.7862,106.34407,134.24426,0.7078519,0.9127548,0.20475617,0.5550437,1.0797949,0.87503874,11.064554,7.8300557,6.63935,4.1805363,0.40095353,1.103754,21.043013,0.9154627,7.454858,2.1735744,-3.3718204,-4.672785,-17.334713,-1.1003723,0.024353728,1.8178506,1.1163213,0.7888583,9.029097,0.4527189,7.399831,1.6451429,29.149914,0.42946148,789.25366,0.23348977,1316.9215,0.17467473,-72.945854,-1.1930052,1865.005,0.13257548,1118.0592,0.29482102,-79.30156,-0.9744004,2930.8936,0.08339446,993.7106,0.32117254,-83.49358,-0.8911628,-16.958954,-0.5907553,30.199804,0.37292707,0.06420711,0.36870524,-0.022079831,-0.76289237,0.51370674,0.90203035,27.586702,0.48727253,6.0701857,2.7726834,-5.3855333,-3.0192463,-22.582457,-0.7572933,-5.998425,14.603128,0.04205734,0.0031877405,0.14330369,2.4023473,2.239354,0.30163935,0.3149873,0.14102803,0.13523214,-18.25801,9,3-2,167,SPEAKER_02,3044.766667,3162.433333,3044.766667,3161.5115937500004,30,54.54367674999685,engaged
42.733917,0.1848638,37.613235,42.89469,50.251904,12.638668,245.30847,392.36984,430.07224,642.8906,0.6670273,0.671341,0.3241507,0.543709,0.99531376,0.6711631,7.894182,3.831631,2.8181756,2.0559835,0.2910077,0.89456964,16.177391,0.83863294,1.0220108,9.111045,-11.307764,-0.86546344,-46.81234,-0.44362456,0.035658784,1.5687962,1.145514,0.5481133,7.6813574,0.5388167,12.273674,0.85928,21.522446,0.63222677,842.0104,0.18245721,1235.9595,0.17058241,-40.21979,-1.7954601,1913.2878,0.11313334,1113.5016,0.35541165,-53.881306,-1.1190189,2924.91,0.06497195,750.01263,0.36387715,-51.76662,-1.1797199,-13.419551,-0.7086313,21.938448,0.61454666,0.07429031,0.30484393,-0.037841722,-0.39954796,0.3154981,0.81762403,16.424051,0.8164215,1.6420578,5.1894917,-12.241345,-0.7250846,-51.678356,-0.32530412,-7.570711,16.230564,0.051757425,-0.010484361,0.18700479,2.431611,2.5236595,0.32,0.21604396,0.068333335,0.03131382,-24.208467,9,3-2,167,SPEAKER_04,3044.766667,3162.433333,3091.27784375,3143.4215937500003,4,3.3075000000008004,engaged
39.73325,0.17464788,34.575504,37.429928,47.71832,13.142815,53.6838,48.96771,79.96866,76.43665,0.41319948,0.80536586,0.10930565,0.32442355,0.7128359,0.6035303,6.346017,4.4816175,4.095696,1.7879757,0.15793031,1.290369,16.801785,1.1834687,4.433922,3.341403,-1.7314885,-10.146546,-20.616137,-0.9671997,0.029055012,2.3636928,1.2323484,0.8215606,9.402695,0.51349115,6.1828227,1.6022625,23.72819,0.6099162,758.69366,0.2743463,1340.4934,0.21124062,-72.01579,-1.1934972,1793.0613,0.14550349,1093.7141,0.30938083,-74.29521,-1.0304765,2872.6199,0.08634084,939.69165,0.38455322,-78.08545,-0.94451207,-14.075443,-0.7303968,25.38638,0.47926888,0.06383087,0.50876045,-0.014719995,-1.2213048,0.19912764,1.1237581,22.636726,0.6397296,1.4218503,10.703618,-4.0360255,-4.5080357,-26.656328,-0.680895,-4.3835387,12.089498,0.03399931,0.001984604,0.0588381,3.393665,2.502844,0.27636364,0.2001941,0.111999996,0.08280096,-26.851091,9,3-2,167,SPEAKER_01,3044.766667,3162.433333,3110.5997187500006,3145.4297187500006,6,8.859375,engaged
34.92964,0.11799188,33.600517,36.481632,37.04194,3.4414215,33.327045,23.952967,92.21308,75.71137,0.5873715,0.6779214,0.2335437,0.48825312,0.8586391,0.6250954,7.1437926,3.5285172,8.889282,5.3165593,0.36559853,0.7559439,29.996323,0.4915162,18.69184,0.80421054,2.6090415,6.4828076,-7.180578,-2.4424808,0.025407327,2.165435,1.4430563,0.6870728,9.023237,0.31317306,11.518356,0.9579036,36.290363,0.23581277,698.7894,0.23907952,1496.3906,0.15140224,-45.14516,-1.4893261,1794.3018,0.123744845,1261.6566,0.24923684,-59.724987,-0.9656176,2860.5605,0.065836966,1067.2919,0.26041874,-64.03221,-0.8604111,-23.49398,-0.36904237,34.76274,0.23935151,0.06627581,0.2999136,-0.022742324,-0.59231645,0.42339253,0.65809107,33.762806,0.33366278,16.663958,0.90966827,2.473857,7.335442,-11.534449,-1.3677545,-16.129253,24.569511,0.03624609,0.000904443,0.13216059,5.291005,3.2967033,0.24333334,0.2657484,0.041999996,0.020396078,-20.866062,9,3-2,171,SPEAKER_02,3173.233333,3180.8,3178.2009687500004,3180.5128437500007,2,1.906875000000582,engaged
35.82669,0.104155906,34.382046,35.900085,38.164177,3.7821312,100.86904,120.33525,47.433388,51.68634,0.72591895,0.7032737,0.2855264,0.63829225,1.0523144,0.766788,11.5681715,7.1418247,7.2685537,4.553321,0.48573512,0.8650222,27.401335,0.67919046,15.428304,1.0194955,-0.27526972,-59.008358,-10.4582205,-1.6080654,0.020849172,1.3726606,1.1655854,0.76944196,9.329073,0.38648626,9.27393,1.5762806,34.33782,0.3912697,758.63275,0.24928257,1380.5219,0.1755638,-60.821465,-1.2818682,1858.0582,0.13176702,1157.3997,0.26830652,-72.40951,-0.93817925,2953.7239,0.084285825,1031.3412,0.28537825,-77.66601,-0.83518475,-21.169876,-0.44562525,34.685154,0.2932661,0.061251514,0.37001345,-0.02200739,-0.7120636,0.56560344,0.7314413,33.05628,0.35387734,14.599218,1.0685375,-0.024625214,-690.1794,-14.680495,-1.0103472,-8.777936,17.942137,0.045911558,0.0032577761,0.24114624,3.6379771,2.5869758,0.2848276,0.19983824,0.086666666,0.07164728,-17.053902,9,3-2,172,SPEAKER_02,3180.833333,3216.666667,3180.95159375,3195.2784687500007,6,11.2893750000012,disengaged
37.106384,0.066814624,35.011677,37.641556,38.869392,3.8577156,100.47334,96.30929,53.151176,52.326786,0.9621659,0.63678175,0.37132636,0.90324706,1.375326,1.0039997,16.639317,10.022387,8.373595,3.684175,0.764298,0.9093441,27.00113,0.48094386,3.854513,3.6807978,-0.36331537,-45.03878,-12.707021,-1.1654639,0.025906434,1.3657912,1.3915254,0.7872427,8.927852,0.377425,5.3966026,2.4609952,28.889635,0.41096434,815.944,0.14930329,1286.6824,0.14082268,-80.83814,-1.1294035,1921.6716,0.096633494,1028.3217,0.27680987,-87.581406,-0.93379515,2994.207,0.08024218,966.66626,0.2768888,-92.726585,-0.8380284,-18.50424,-0.5504499,30.391748,0.2988121,0.06159182,0.36336538,-0.02566781,-0.70167005,1.0072578,0.68531626,32.294453,0.19435793,3.111448,4.78652,-4.5806227,-3.3575263,-18.3391,-0.6559127,-8.270435,18.506304,0.025006855,-0.00043156956,0.35055584,3.2352943,2.1084337,0.2957143,0.25297412,0.18333334,0.17326921,-14.531559,9,3-2,173,SPEAKER_02,3216.7,3224.5,3220.0509687500007,3224.5,3,3.4196562499982974,engaged
36.311867,0.087219305,34.33376,36.08398,38.732353,4.398594,44.309254,25.28239,12.338572,3.0066352,0.7693397,0.5660529,0.41661534,0.6640017,1.1440187,0.7274033,11.900282,8.647766,8.311428,3.3621383,0.58510536,0.7702916,34.278877,0.27957883,15.080885,0.8222743,1.04809,15.797602,-14.708909,-0.8229075,0.028253894,1.59094,1.2648841,0.70480174,8.882336,0.4012252,9.643995,1.4004463,35.09851,0.2909385,781.0271,0.2306779,1377.4213,0.16107047,-36.82194,-1.4865576,1885.5684,0.11303425,1218.2191,0.22131445,-52.84008,-0.89701504,2971.063,0.074943736,1021.49115,0.25168255,-58.167492,-0.77541435,-22.260601,-0.44562873,38.348324,0.22343431,0.05538331,0.33596784,-0.024827143,-0.5823331,0.5955736,0.754161,34.312267,0.2844769,16.248598,0.72156215,0.434156,38.917297,-15.613247,-0.74821746,-21.04825,31.105072,0.057376802,-0.017362254,0.47494623,3.9647577,2.2522523,0.38799998,0.31745234,0.0475,0.031124748,-15.206748,9,3-2,174,SPEAKER_02,3224.533333,3227.666667,3224.533333,3227.666667,3,2.289584000000559,disengaged
36.395878,0.11028546,34.729805,36.43956,37.92976,3.199955,354.6495,517.3396,48.502186,94.59645,0.6508254,0.7754262,0.21491984,0.5564471,1.0170953,0.8021755,12.028536,6.737145,6.9814487,3.9469817,0.48770198,1.0107582,25.845854,0.7303241,11.812126,1.3166865,-0.44370583,-38.98381,-11.081285,-1.4218259,0.02780749,1.4900546,1.3476506,0.68935347,8.20266,0.46991166,8.369773,1.4579722,33.02981,0.38289884,756.76117,0.25424767,1374.6238,0.18991992,-70.04652,-1.1764688,1850.5801,0.13611887,1153.3776,0.24458614,-77.8833,-0.92909265,2939.2974,0.0875186,1043.8896,0.30281118,-82.683716,-0.8311867,-19.910633,-0.6211565,33.116608,0.34371126,0.060265128,0.35877776,-0.021045106,-0.9434155,0.5940766,0.82440424,31.76243,0.42049554,11.379606,1.3877947,-0.5299256,-32.459133,-15.753822,-0.90326613,-8.97312,19.672386,0.03630517,0.008010167,0.216818,3.206751,3.0508473,0.22666666,0.18669641,0.089999996,0.10905846,-18.05588,9,3-2,175,SPEAKER_02,3227.7,3292.3,3227.7,3292.3,8,11.865625000001273,engaged
36.29318,0.10713935,34.279205,35.837185,37.668232,3.3890266,275.2685,473.82312,38.54541,27.217747,0.89130867,0.68585503,0.36722633,0.7069679,1.4312375,1.0640111,13.841776,7.292871,9.041564,4.1017437,0.57659763,0.8329555,27.081854,0.5359479,9.186991,1.8576329,-2.9304962,-6.1003065,-10.155821,-1.4506204,0.022331845,1.144268,1.2774062,0.76099443,8.227228,0.490309,10.520754,1.0482838,31.282602,0.37538862,783.39636,0.22824496,1363.2225,0.14599043,-60.983532,-1.2861414,1864.8024,0.12550136,1129.0098,0.23468412,-68.89597,-1.009438,2960.189,0.08523439,1018.09467,0.30761322,-74.28781,-0.88884944,-17.499289,-0.69112575,31.001839,0.32865387,0.06545511,0.32037494,-0.01860868,-0.8597899,0.6627434,0.71972775,30.17241,0.37582153,8.649177,2.0124538,-3.6243367,-5.085236,-13.22997,-1.0027758,-11.309055,22.578646,0.047092177,-0.0033346943,0.32546693,3.7037036,3.2490976,0.22444445,0.20636778,0.07347826,0.040712,-15.936102,9,3-2,176,SPEAKER_02,3292.333333,3304.033333,3292.333333,3301.97909375,4,8.380135750001045,disengaged
36.23311,0.07999876,34.746174,36.124012,37.082867,2.3366928,125.32847,140.75499,20.842764,15.064532,0.78964776,0.7259347,0.33303192,0.61684823,1.2678317,0.9347998,13.297306,7.348417,8.435372,3.715086,0.5112377,0.91812885,24.240288,0.74459285,4.972325,3.5114956,-7.3704467,-2.3717828,-8.8229475,-1.6434412,0.020041944,1.3564689,1.2486937,0.6586083,7.9233294,0.44944784,10.140801,1.1227167,31.513306,0.37645954,739.4531,0.25953,1418.4501,0.16535468,-77.53606,-1.1437395,1791.1189,0.12873325,1217.933,0.23355494,-82.54975,-0.9685967,2876.9631,0.09486736,1111.2583,0.2762416,-88.71899,-0.8467199,-14.969293,-0.8718672,30.647058,0.33541515,0.06829043,0.30030558,-0.0133861005,-1.3338673,0.6463785,0.7538806,30.063118,0.36840388,4.844882,3.857212,-10.244932,-1.6421962,-11.668212,-1.1833658,-6.9417887,16.785759,0.052581955,0.00011037038,0.23798567,3.9716313,2.8612304,0.2235,0.22235724,0.106,0.07269113,-18.479774,9,3-2,177,SPEAKER_02,3304.066667,3317.933333,3305.35409375,3317.933333,4,7.061114250000173,engaged
35.453552,0.121479385,34.340775,35.77396,38.731644,4.390869,136.84758,99.511955,35.624504,26.191824,0.7863366,0.7709328,0.29914078,0.62956595,1.094125,0.7949842,8.934238,4.9577117,8.019485,4.131315,0.49396393,0.99905676,27.562532,0.6088529,12.750782,1.3048475,-1.0206066,-16.714794,-8.900146,-1.4579018,0.028286116,1.7739158,1.1607143,0.7101973,8.871998,0.36892816,9.587872,1.4505506,32.69062,0.39175785,752.45044,0.22859286,1390.1686,0.1416535,-53.85168,-1.41526,1841.84,0.117909715,1212.8812,0.23702392,-65.830215,-1.0027595,2935.407,0.08471984,1079.186,0.3665751,-70.819786,-0.8922949,-19.291687,-0.5686966,33.302555,0.2898771,0.0595606,0.34172654,-0.019561112,-0.67947894,0.5919849,0.86865354,32.532276,0.35295066,11.505529,1.3882446,-1.3421029,-13.093475,-12.603074,-0.81023175,-8.848621,16.4567,0.047131047,0.004500192,0.14526375,3.286385,2.1428573,0.3611111,0.25692388,0.11,0.031167747,-16.906876,9,3-2,178,SPEAKER_02,3317.966667,3502.3,3317.966667,3322.7353437500005,2,4.279301750000286,disengaged
35.364956,0.11021753,34.028236,35.430115,37.153225,3.1249886,212.15654,223.4068,44.018375,43.95516,0.5943568,0.77387214,0.21283188,0.4987325,0.8964324,0.68360054,11.86147,8.528042,8.072693,5.1976533,0.36233017,0.9745587,26.181932,0.6922573,13.523378,1.0289725,-3.2981644,-4.65041,-7.5123696,-1.9360796,0.024997093,1.5719128,1.2236326,0.7185082,8.248181,0.43345183,10.598379,1.1171772,34.82427,0.33216912,782.81177,0.23993857,1361.5258,0.1562587,-67.11379,-1.2285343,1865.0835,0.12913501,1156.6511,0.23026645,-76.98831,-0.9475323,2967.519,0.08754477,1058.9536,0.21946652,-82.4145,-0.8399848,-19.0817,-0.5700225,32.89279,0.31948292,0.060498912,0.33472893,-0.018168025,-0.88879704,0.45064858,0.79570526,32.18938,0.37010026,12.908984,1.1330945,-3.893343,-4.1185365,-10.962124,-1.2105142,-9.170148,18.038677,0.043353997,0.0004623696,0.13921374,4.024768,2.7216175,0.256,0.22637767,0.099062495,0.061051175,-20.11431,9,3-2,180,SPEAKER_02,3505.3,3658.9,3505.3,3520.7128437500005,6,12.93221874999972,disengaged
17.74556,0.28728285,13.902192,14.13783,25.892925,11.990733,232.77475,111.71942,189.50824,68.541855,0.02960994,0.1662607,0.025535084,0.028930133,0.033592813,0.008057728,0.1458906,0.04835092,0.13686009,0.07111411,0.009343145,0.477855,22.45822,0.12767619,20.23626,0.18072711,23.862621,0.15913808,23.810638,0.20937952,0.12211765,1.2178907,1.6107337,0.56272477,2.096484,1.4457164,51.180466,0.8917733,38.152954,0.24132717,1075.3761,0.14000088,1356.499,0.18107483,-129.42244,-0.58160585,2051.3625,0.096182615,1354.3936,0.30028978,-129.70564,-0.57356906,3101.807,0.07084201,1151.3802,0.25942862,-131.94458,-0.5455814,-28.586254,-0.07758843,40.953392,0.055718627,-0.06078732,-0.16416638,0.019121682,0.29527783,0.009688512,0.43223345,23.943317,0.081777535,21.481604,0.14086393,25.777718,0.11561288,25.369297,0.18249223,-25.333296,37.23607,-0.055495627,0.0207748,0.009207036,6.2972293,4.846939,0.075789474,0.03014278,0.09714285,0.05791149,-55.037094,9,3-2,180,SPEAKER_04,3505.3,3658.9,3566.05596875,3570.03846875,1,3.9825000000000728,disengaged
35.60473,0.12570323,33.97638,35.696903,37.12099,3.1446114,387.96487,482.46555,66.158516,55.109325,0.77874154,0.74437165,0.2697573,0.61943495,1.2496569,0.97989964,12.540631,7.332524,9.157643,4.6367984,0.48059192,0.89491844,25.21857,0.697269,6.9854264,2.4682715,-8.690525,-2.0026484,-7.6161036,-1.9455699,0.026977057,1.5173767,1.2131057,0.6787011,7.4907584,0.5256997,7.6427383,1.6714176,29.484581,0.42220113,776.8059,0.25544676,1365.1517,0.16507189,-59.26985,-1.3714914,1841.7418,0.14394142,1187.6918,0.27904618,-65.44663,-1.0937679,2917.692,0.0935827,1057.3342,0.25289223,-71.85511,-0.94105583,-14.017469,-0.88726264,30.120405,0.32782158,0.06261325,0.31901622,-0.014377603,-1.1745757,0.5731433,0.74810827,29.510986,0.42587575,5.8754816,3.0309026,-9.146598,-1.9767581,-10.79329,-1.2050166,-8.494251,20.050802,0.043680757,0.002600241,0.18616092,4.024145,3.2388663,0.2246875,0.21376073,0.07034483,0.043587618,-18.422539,9,3-2,183,SPEAKER_02,3667.533333,3698.2,3686.37471875,3698.2,5,9.952156250000826,engaged
37.791626,0.12998992,34.834255,36.679493,39.682358,4.8481026,252.46533,384.7811,59.83313,60.406742,0.543367,0.808266,0.15730208,0.4443028,0.85344744,0.69614536,9.394379,6.059026,6.6837997,4.081049,0.32729053,1.1252835,23.764677,0.8075583,11.187567,1.3783346,-6.1304407,-2.5600858,-12.50855,-1.3745651,0.023083083,1.8244469,1.133847,0.7796218,9.406856,0.44694102,10.63258,1.1050471,34.301857,0.33892322,786.2334,0.21089564,1353.2017,0.18239753,-76.029175,-1.1391476,1862.4774,0.12602949,1179.1484,0.30080557,-85.20846,-0.89016396,2963.12,0.07548582,1035.4078,0.28600416,-90.36865,-0.79465264,-18.828518,-0.5736488,33.843647,0.3193001,0.06079111,0.35766694,-0.019467238,-0.89756644,0.43298593,0.9019319,31.181494,0.41700664,10.250966,1.5090214,-7.463293,-2.223722,-18.628603,-0.8539327,-6.652913,16.758614,0.035670396,0.00825308,0.1050417,3.4404707,2.4058104,0.2745283,0.2269034,0.13574468,0.11903414,-19.53262,9,3-2,184,SPEAKER_02,3698.233333,4290.6,3698.233333,4290.6,12,22.109791999997924,disengaged
42.897644,0.16838413,37.535324,43.15484,48.689438,11.154114,168.67755,152.19762,296.56656,548.286,0.26106998,0.8578627,0.07090073,0.21024173,0.39835653,0.3274558,3.8662808,1.7357281,2.2133906,1.2847084,0.1053824,1.1271093,18.547514,1.0057275,6.461035,1.6254021,-6.249214,-2.3606114,-22.844921,-0.7262282,0.041839175,1.8027433,1.180051,0.84170777,10.143921,0.49949974,15.425308,0.823921,30.554333,0.47348386,823.014,0.18840258,1213.2117,0.19811176,-97.19503,-0.93635195,1912.9911,0.10437899,1010.62305,0.2969578,-102.413086,-0.76973313,2978.75,0.0699718,915.04376,0.35348734,-104.93819,-0.7278675,-19.061033,-0.61811835,31.446121,0.41716516,0.072511934,0.3389296,-0.023800625,-0.7334232,0.14054877,0.89506483,25.268085,0.5808646,5.195472,2.0368059,-11.253612,-1.3519485,-30.631529,-0.43379468,-7.3634734,16.221552,0.05019601,-0.0014236252,0.05640694,2.9107983,2.843602,0.19366667,0.1346225,0.13333333,0.09396216,-30.529997,9,3-2,184,SPEAKER_00,3698.233333,4290.6,4173.52221875,4224.06284375,14,10.665000000004511,disengaged
37.397453,0.10084525,35.021793,37.284424,38.92068,3.8988876,205.6765,274.40527,85.00244,124.22794,0.71234655,0.74290025,0.25589103,0.605102,1.1026127,0.8467217,11.122142,7.129493,7.8469663,5.57527,0.47504455,0.9804031,24.884945,0.6914005,8.144201,1.9402226,-6.594919,-2.448165,-12.919149,-1.2496203,0.025139255,1.7945611,1.1868981,0.72069573,8.985066,0.4465598,5.66784,2.3353734,28.8721,0.44629624,779.78625,0.23518883,1342.8198,0.18551205,-69.504486,-1.2008425,1852.9706,0.14106658,1154.0825,0.27305868,-75.637955,-0.9820528,2945.0215,0.08724785,1036.2758,0.28672972,-81.36878,-0.86368674,-16.356647,-0.7386881,32.240925,0.3263055,0.057714533,0.3765488,-0.018620154,-0.9899989,0.58598447,0.80120486,29.831549,0.40531188,7.97146,2.0253487,-7.654731,-2.1427407,-16.696657,-0.9056226,-7.111573,18.767414,0.043703824,0.0040612016,0.18764931,3.264605,2.629639,0.2653271,0.23872052,0.10648936,0.10308749,-16.979412,9,3-2,185,SPEAKER_02,4290.633333,4377.566667,4290.633333,4377.25409375,22,40.75451074999819,engaged
38.697327,0.11804503,34.903534,38.53682,42.878277,7.974743,196.62936,262.8472,61.846203,88.86753,0.64661115,0.728447,0.21248624,0.56887275,1.0099118,0.7974255,10.854639,7.106616,6.7908196,4.321955,0.3519208,1.0626887,21.33274,0.85103196,6.7899413,2.2020538,-4.5810304,-3.214475,-22.980236,-0.89260316,0.022624336,2.56565,1.0242847,0.840019,10.154801,0.4264209,11.97128,0.9899248,29.401054,0.39452213,769.1444,0.22811688,1330.5981,0.17863715,-61.293316,-1.3385133,1879.5785,0.13625418,1059.3087,0.3448063,-69.63834,-1.0304923,2922.187,0.079756446,970.2271,0.3403511,-72.84648,-0.9586873,-18.102722,-0.48336104,29.535048,0.33744904,0.061006594,0.32779077,-0.025380576,-0.63577944,0.42224956,0.89929396,26.880938,0.4407224,5.654574,2.6646588,-5.615743,-2.6578991,-27.49065,-0.71433324,-5.570744,12.61615,0.047487184,-0.0022898363,0.14018244,2.8060524,2.479339,0.29377776,0.29255417,0.106756754,0.113365084,-19.256056,9,3-2,187,SPEAKER_02,4380.433333,4462.566667,4380.433333,4462.566667,21,36.36833399999796,engaged
44.0616,0.12054772,39.784504,43.39317,49.21428,9.429775,111.47733,202.13545,55.880615,95.536194,0.49495497,0.94739825,0.12625048,0.34230936,0.7771338,0.6508833,7.465571,6.216219,4.9370275,4.5392075,0.20733826,1.1556133,17.464647,0.771413,-1.7464921,-9.55323,-9.371197,-1.7581618,-22.42992,-0.6950187,0.022181613,1.4291596,1.1944945,0.7345204,10.190469,0.34578377,13.622293,0.7353006,24.824627,0.569874,800.4008,0.2481351,1305.7214,0.21721707,-66.78272,-1.2505748,1834.5322,0.12708127,1039.4786,0.32134625,-65.5724,-1.1005328,2873.8645,0.07825377,939.78204,0.31891626,-69.9666,-0.99382883,-13.078732,-0.7257669,25.807352,0.36686411,0.062887676,0.35585725,-0.013954996,-1.240053,0.25351506,0.99470705,19.60099,0.59511375,-4.715446,-3.474268,-11.638125,-1.4301041,-26.753422,-0.50687397,-7.993509,17.021505,0.042642884,0.0032460866,0.058429495,2.7533462,1.9164431,0.3906,0.4208012,0.122888885,0.1292134,-24.157753,9,3-2,188,SPEAKER_02,4462.6,4535.366667,4462.6,4534.22534375,20,26.164093749998756,disengaged
38.753696,0.10346324,34.737232,39.375713,42.727947,7.990715,27.171087,7.067206,26.013895,22.296476,0.11725889,0.74388474,0.0377374,0.09495001,0.1997708,0.1620334,2.3273835,1.469831,1.5241115,1.1271669,0.04358447,1.0690372,19.799486,0.5992789,13.990461,0.48345175,-1.2637867,-8.050679,-11.167605,-1.1674064,0.031055724,0.8572151,1.6656594,0.587534,8.932522,0.35509935,13.896681,0.6221109,31.588882,0.2880355,749.19946,0.2439546,1366.8436,0.1607589,-118.66609,-0.72359526,1843.5187,0.122581325,1104.6823,0.16665189,-119.88421,-0.63720644,2914.4988,0.06685565,901.94507,0.24322754,-121.36458,-0.61865413,-22.619474,-0.2750055,33.444645,0.20402555,0.05680136,0.4755972,-0.018727476,-0.7689426,0.06844224,0.75364494,27.028234,0.29641166,15.011474,0.46173233,-1.6117588,-6.054977,-16.7961,-0.6381856,-12.387647,21.261385,0.034345992,0.0044620116,0.02096013,4.5070424,4.297994,0.103999995,0.066312395,0.11571428,0.09186281,-39.158325,9,3-2,188,SPEAKER_04,4462.6,4535.366667,4517.31659375,4523.104718750001,3,3.5606250000018917,disengaged
